選舉名稱,屆期,縣市,鄉鎮市區,村里,選區,號次,候選人,政黨,得票數,當選註記
2016年區域立委選舉,2016,臺北市,松山區,莊敬里,臺北市第03選區,1,高士恩,大愛憲改聯盟,9,
2016年區域立委選舉,2016,臺北市,松山區,莊敬里,臺北市第03選區,2,潘建志,無黨籍及未經政黨推薦,1030,
2016年區域立委選舉,2016,臺北市,松山區,莊敬里,臺北市第03選區,3,林新凱,台灣獨立黨,13,
2016年區域立委選舉,2016,臺北市,松山區,莊敬里,臺北市第03選區,4,趙燕傑,無黨籍及未經政黨推薦,5,
2016年區域立委選舉,2016,臺北市,松山區,莊敬里,臺北市第03選區,5,邱正浩,和平鴿聯盟黨,14,
2016年區域立委選舉,2016,臺北市,松山區,莊敬里,臺北市第03選區,6,陳科引,無黨籍及未經政黨推薦,27,
2016年區域立委選舉,2016,臺北市,松山區,莊敬里,臺北市第03選區,7,李晏榕,綠黨社會民主黨聯盟,360,
2016年區域立委選舉,2016,臺北市,松山區,莊敬里,臺北市第03選區,8,李成嶽,軍公教聯盟黨,13,
2016年區域立委選舉,2016,臺北市,松山區,莊敬里,臺北市第03選區,9,黃麗香,無黨籍及未經政黨推薦,6,
2016年區域立委選舉,2016,臺北市,松山區,莊敬里,臺北市第03選區,10,蔣萬安,中國國民黨,1579,*
2016年區域立委選舉,2016,臺北市,松山區,東榮里,臺北市第03選區,1,高士恩,大愛憲改聯盟,10,
2016年區域立委選舉,2016,臺北市,松山區,東榮里,臺北市第03選區,2,潘建志,無黨籍及未經政黨推薦,1698,
2016年區域立委選舉,2016,臺北市,松山區,東榮里,臺北市第03選區,3,林新凱,台灣獨立黨,14,
2016年區域立委選舉,2016,臺北市,松山區,東榮里,臺北市第03選區,4,趙燕傑,無黨籍及未經政黨推薦,10,
2016年區域立委選舉,2016,臺北市,松山區,東榮里,臺北市第03選區,5,邱正浩,和平鴿聯盟黨,5,
2016年區域立委選舉,2016,臺北市,松山區,東榮里,臺北市第03選區,6,陳科引,無黨籍及未經政黨推薦,38,
2016年區域立委選舉,2016,臺北市,松山區,東榮里,臺北市第03選區,7,李晏榕,綠黨社會民主黨聯盟,556,
2016年區域立委選舉,2016,臺北市,松山區,東榮里,臺北市第03選區,8,李成嶽,軍公教聯盟黨,23,
2016年區域立委選舉,2016,臺北市,松山區,東榮里,臺北市第03選區,9,黃麗香,無黨籍及未經政黨推薦,6,
2016年區域立委選舉,2016,臺北市,松山區,東榮里,臺北市第03選區,10,蔣萬安,中國國民黨,2130,*
2016年區域立委選舉,2016,臺北市,松山區,三民里,臺北市第03選區,1,高士恩,大愛憲改聯盟,9,
2016年區域立委選舉,2016,臺北市,松山區,三民里,臺北市第03選區,2,潘建志,無黨籍及未經政黨推薦,1358,
2016年區域立委選舉,2016,臺北市,松山區,三民里,臺北市第03選區,3,林新凱,台灣獨立黨,8,
2016年區域立委選舉,2016,臺北市,松山區,三民里,臺北市第03選區,4,趙燕傑,無黨籍及未經政黨推薦,4,
2016年區域立委選舉,2016,臺北市,松山區,三民里,臺北市第03選區,5,邱正浩,和平鴿聯盟黨,9,
2016年區域立委選舉,2016,臺北市,松山區,三民里,臺北市第03選區,6,陳科引,無黨籍及未經政黨推薦,34,
2016年區域立委選舉,2016,臺北市,松山區,三民里,臺北市第03選區,7,李晏榕,綠黨社會民主黨聯盟,432,
2016年區域立委選舉,2016,臺北市,松山區,三民里,臺北市第03選區,8,李成嶽,軍公教聯盟黨,8,
2016年區域立委選舉,2016,臺北市,松山區,三民里,臺北市第03選區,9,黃麗香,無黨籍及未經政黨推薦,13,
2016年區域立委選舉,2016,臺北市,松山區,三民里,臺北市第03選區,10,蔣萬安,中國國民黨,1982,*
2016年區域立委選舉,2016,臺北市,松山區,新益里,臺北市第03選區,1,高士恩,大愛憲改聯盟,9,
2016年區域立委選舉,2016,臺北市,松山區,新益里,臺北市第03選區,2,潘建志,無黨籍及未經政黨推薦,1103,
2016年區域立委選舉,2016,臺北市,松山區,新益里,臺北市第03選區,3,林新凱,台灣獨立黨,4,
2016年區域立委選舉,2016,臺北市,松山區,新益里,臺北市第03選區,4,趙燕傑,無黨籍及未經政黨推薦,5,
2016年區域立委選舉,2016,臺北市,松山區,新益里,臺北市第03選區,5,邱正浩,和平鴿聯盟黨,5,
2016年區域立委選舉,2016,臺北市,松山區,新益里,臺北市第03選區,6,陳科引,無黨籍及未經政黨推薦,16,
2016年區域立委選舉,2016,臺北市,松山區,新益里,臺北市第03選區,7,李晏榕,綠黨社會民主黨聯盟,358,
2016年區域立委選舉,2016,臺北市,松山區,新益里,臺北市第03選區,8,李成嶽,軍公教聯盟黨,7,
2016年區域立委選舉,2016,臺北市,松山區,新益里,臺北市第03選區,9,黃麗香,無黨籍及未經政黨推薦,8,
2016年區域立委選舉,2016,臺北市,松山區,新益里,臺北市第03選區,10,蔣萬安,中國國民黨,1292,*
2016年區域立委選舉,2016,臺北市,松山區,富錦里,臺北市第03選區,1,高士恩,大愛憲改聯盟,6,
2016年區域立委選舉,2016,臺北市,松山區,富錦里,臺北市第03選區,2,潘建志,無黨籍及未經政黨推薦,1026,
2016年區域立委選舉,2016,臺北市,松山區,富錦里,臺北市第03選區,3,林新凱,台灣獨立黨,7,
2016年區域立委選舉,2016,臺北市,松山區,富錦里,臺北市第03選區,4,趙燕傑,無黨籍及未經政黨推薦,4,
2016年區域立委選舉,2016,臺北市,松山區,富錦里,臺北市第03選區,5,邱正浩,和平鴿聯盟黨,7,
2016年區域立委選舉,2016,臺北市,松山區,富錦里,臺北市第03選區,6,陳科引,無黨籍及未經政黨推薦,18,
2016年區域立委選舉,2016,臺北市,松山區,富錦里,臺北市第03選區,7,李晏榕,綠黨社會民主黨聯盟,341,
2016年區域立委選舉,2016,臺北市,松山區,富錦里,臺北市第03選區,8,李成嶽,軍公教聯盟黨,13,
2016年區域立委選舉,2016,臺北市,松山區,富錦里,臺北市第03選區,9,黃麗香,無黨籍及未經政黨推薦,3,
2016年區域立委選舉,2016,臺北市,松山區,富錦里,臺北市第03選區,10,蔣萬安,中國國民黨,1484,*
2016年區域立委選舉,2016,臺北市,松山區,新東里,臺北市第03選區,1,高士恩,大愛憲改聯盟,4,
2016年區域立委選舉,2016,臺北市,松山區,新東里,臺北市第03選區,2,潘建志,無黨籍及未經政黨推薦,1054,
2016年區域立委選舉,2016,臺北市,松山區,新東里,臺北市第03選區,3,林新凱,台灣獨立黨,14,
2016年區域立委選舉,2016,臺北市,松山區,新東里,臺北市第03選區,4,趙燕傑,無黨籍及未經政黨推薦,3,
2016年區域立委選舉,2016,臺北市,松山區,新東里,臺北市第03選區,5,邱正浩,和平鴿聯盟黨,3,
2016年區域立委選舉,2016,臺北市,松山區,新東里,臺北市第03選區,6,陳科引,無黨籍及未經政黨推薦,29,
2016年區域立委選舉,2016,臺北市,松山區,新東里,臺北市第03選區,7,李晏榕,綠黨社會民主黨聯盟,352,
2016年區域立委選舉,2016,臺北市,松山區,新東里,臺北市第03選區,8,李成嶽,軍公教聯盟黨,14,
2016年區域立委選舉,2016,臺北市,松山區,新東里,臺北市第03選區,9,黃麗香,無黨籍及未經政黨推薦,10,
2016年區域立委選舉,2016,臺北市,松山區,新東里,臺北市第03選區,10,蔣萬安,中國國民黨,1362,*
2016年區域立委選舉,2016,臺北市,松山區,富泰里,臺北市第03選區,1,高士恩,大愛憲改聯盟,2,
2016年區域立委選舉,2016,臺北市,松山區,富泰里,臺北市第03選區,2,潘建志,無黨籍及未經政黨推薦,775,
2016年區域立委選舉,2016,臺北市,松山區,富泰里,臺北市第03選區,3,林新凱,台灣獨立黨,9,
2016年區域立委選舉,2016,臺北市,松山區,富泰里,臺北市第03選區,4,趙燕傑,無黨籍及未經政黨推薦,3,
2016年區域立委選舉,2016,臺北市,松山區,富泰里,臺北市第03選區,5,邱正浩,和平鴿聯盟黨,3,
2016年區域立委選舉,2016,臺北市,松山區,富泰里,臺北市第03選區,6,陳科引,無黨籍及未經政黨推薦,24,
2016年區域立委選舉,2016,臺北市,松山區,富泰里,臺北市第03選區,7,李晏榕,綠黨社會民主黨聯盟,306,
2016年區域立委選舉,2016,臺北市,松山區,富泰里,臺北市第03選區,8,李成嶽,軍公教聯盟黨,4,
2016年區域立委選舉,2016,臺北市,松山區,富泰里,臺北市第03選區,9,黃麗香,無黨籍及未經政黨推薦,6,
2016年區域立委選舉,2016,臺北市,松山區,富泰里,臺北市第03選區,10,蔣萬安,中國國民黨,1426,*
2016年區域立委選舉,2016,臺北市,松山區,介壽里,臺北市第03選區,1,高士恩,大愛憲改聯盟,6,
2016年區域立委選舉,2016,臺北市,松山區,介壽里,臺北市第03選區,2,潘建志,無黨籍及未經政黨推薦,965,
2016年區域立委選舉,2016,臺北市,松山區,介壽里,臺北市第03選區,3,林新凱,台灣獨立黨,10,
2016年區域立委選舉,2016,臺北市,松山區,介壽里,臺北市第03選區,4,趙燕傑,無黨籍及未經政黨推薦,4,
2016年區域立委選舉,2016,臺北市,松山區,介壽里,臺北市第03選區,5,邱正浩,和平鴿聯盟黨,6,
2016年區域立委選舉,2016,臺北市,松山區,介壽里,臺北市第03選區,6,陳科引,無黨籍及未經政黨推薦,17,
2016年區域立委選舉,2016,臺北市,松山區,介壽里,臺北市第03選區,7,李晏榕,綠黨社會民主黨聯盟,346,
2016年區域立委選舉,2016,臺北市,松山區,介壽里,臺北市第03選區,8,李成嶽,軍公教聯盟黨,14,
2016年區域立委選舉,2016,臺北市,松山區,介壽里,臺北市第03選區,9,黃麗香,無黨籍及未經政黨推薦,3,
2016年區域立委選舉,2016,臺北市,松山區,介壽里,臺北市第03選區,10,蔣萬安,中國國民黨,1116,*
2016年區域立委選舉,2016,臺北市,松山區,精忠里,臺北市第03選區,1,高士恩,大愛憲改聯盟,4,
2016年區域立委選舉,2016,臺北市,松山區,精忠里,臺北市第03選區,2,潘建志,無黨籍及未經政黨推薦,822,
2016年區域立委選舉,2016,臺北市,松山區,精忠里,臺北市第03選區,3,林新凱,台灣獨立黨,8,
2016年區域立委選舉,2016,臺北市,松山區,精忠里,臺北市第03選區,4,趙燕傑,無黨籍及未經政黨推薦,4,
2016年區域立委選舉,2016,臺北市,松山區,精忠里,臺北市第03選區,5,邱正浩,和平鴿聯盟黨,4,
2016年區域立委選舉,2016,臺北市,松山區,精忠里,臺北市第03選區,6,陳科引,無黨籍及未經政黨推薦,11,
2016年區域立委選舉,2016,臺北市,松山區,精忠里,臺北市第03選區,7,李晏榕,綠黨社會民主黨聯盟,274,
2016年區域立委選舉,2016,臺北市,松山區,精忠里,臺北市第03選區,8,李成嶽,軍公教聯盟黨,17,
2016年區域立委選舉,2016,臺北市,松山區,精忠里,臺北市第03選區,9,黃麗香,無黨籍及未經政黨推薦,7,
2016年區域立委選舉,2016,臺北市,松山區,精忠里,臺北市第03選區,10,蔣萬安,中國國民黨,1241,*
2016年區域立委選舉,2016,臺北市,松山區,東光里,臺北市第03選區,1,高士恩,大愛憲改聯盟,8,
2016年區域立委選舉,2016,臺北市,松山區,東光里,臺北市第03選區,2,潘建志,無黨籍及未經政黨推薦,1427,
2016年區域立委選舉,2016,臺北市,松山區,東光里,臺北市第03選區,3,林新凱,台灣獨立黨,17,
2016年區域立委選舉,2016,臺北市,松山區,東光里,臺北市第03選區,4,趙燕傑,無黨籍及未經政黨推薦,8,
2016年區域立委選舉,2016,臺北市,松山區,東光里,臺北市第03選區,5,邱正浩,和平鴿聯盟黨,15,
2016年區域立委選舉,2016,臺北市,松山區,東光里,臺北市第03選區,6,陳科引,無黨籍及未經政黨推薦,24,
2016年區域立委選舉,2016,臺北市,松山區,東光里,臺北市第03選區,7,李晏榕,綠黨社會民主黨聯盟,446,
2016年區域立委選舉,2016,臺北市,松山區,東光里,臺北市第03選區,8,李成嶽,軍公教聯盟黨,21,
2016年區域立委選舉,2016,臺北市,松山區,東光里,臺北市第03選區,9,黃麗香,無黨籍及未經政黨推薦,22,
2016年區域立委選舉,2016,臺北市,松山區,東光里,臺北市第03選區,10,蔣萬安,中國國民黨,2117,*
2016年區域立委選舉,2016,臺北市,松山區,龍田里,臺北市第03選區,1,高士恩,大愛憲改聯盟,14,
2016年區域立委選舉,2016,臺北市,松山區,龍田里,臺北市第03選區,2,潘建志,無黨籍及未經政黨推薦,1326,
2016年區域立委選舉,2016,臺北市,松山區,龍田里,臺北市第03選區,3,林新凱,台灣獨立黨,21,
2016年區域立委選舉,2016,臺北市,松山區,龍田里,臺北市第03選區,4,趙燕傑,無黨籍及未經政黨推薦,12,
2016年區域立委選舉,2016,臺北市,松山區,龍田里,臺北市第03選區,5,邱正浩,和平鴿聯盟黨,5,
2016年區域立委選舉,2016,臺北市,松山區,龍田里,臺北市第03選區,6,陳科引,無黨籍及未經政黨推薦,29,
2016年區域立委選舉,2016,臺北市,松山區,龍田里,臺北市第03選區,7,李晏榕,綠黨社會民主黨聯盟,572,
2016年區域立委選舉,2016,臺北市,松山區,龍田里,臺北市第03選區,8,李成嶽,軍公教聯盟黨,33,
2016年區域立委選舉,2016,臺北市,松山區,龍田里,臺北市第03選區,9,黃麗香,無黨籍及未經政黨推薦,11,
2016年區域立委選舉,2016,臺北市,松山區,龍田里,臺北市第03選區,10,蔣萬安,中國國民黨,3381,*
2016年區域立委選舉,2016,臺北市,松山區,東昌里,臺北市第03選區,1,高士恩,大愛憲改聯盟,3,
2016年區域立委選舉,2016,臺北市,松山區,東昌里,臺北市第03選區,2,潘建志,無黨籍及未經政黨推薦,608,
2016年區域立委選舉,2016,臺北市,松山區,東昌里,臺北市第03選區,3,林新凱,台灣獨立黨,5,
2016年區域立委選舉,2016,臺北市,松山區,東昌里,臺北市第03選區,4,趙燕傑,無黨籍及未經政黨推薦,1,
2016年區域立委選舉,2016,臺北市,松山區,東昌里,臺北市第03選區,5,邱正浩,和平鴿聯盟黨,2,
2016年區域立委選舉,2016,臺北市,松山區,東昌里,臺北市第03選區,6,陳科引,無黨籍及未經政黨推薦,7,
2016年區域立委選舉,2016,臺北市,松山區,東昌里,臺北市第03選區,7,李晏榕,綠黨社會民主黨聯盟,191,
2016年區域立委選舉,2016,臺北市,松山區,東昌里,臺北市第03選區,8,李成嶽,軍公教聯盟黨,4,
2016年區域立委選舉,2016,臺北市,松山區,東昌里,臺北市第03選區,9,黃麗香,無黨籍及未經政黨推薦,6,
2016年區域立委選舉,2016,臺北市,松山區,東昌里,臺北市第03選區,10,蔣萬安,中國國民黨,686,*
2016年區域立委選舉,2016,臺北市,松山區,東勢里,臺北市第03選區,1,高士恩,大愛憲改聯盟,1,
2016年區域立委選舉,2016,臺北市,松山區,東勢里,臺北市第03選區,2,潘建志,無黨籍及未經政黨推薦,927,
2016年區域立委選舉,2016,臺北市,松山區,東勢里,臺北市第03選區,3,林新凱,台灣獨立黨,14,
2016年區域立委選舉,2016,臺北市,松山區,東勢里,臺北市第03選區,4,趙燕傑,無黨籍及未經政黨推薦,1,
2016年區域立委選舉,2016,臺北市,松山區,東勢里,臺北市第03選區,5,邱正浩,和平鴿聯盟黨,4,
2016年區域立委選舉,2016,臺北市,松山區,東勢里,臺北市第03選區,6,陳科引,無黨籍及未經政黨推薦,11,
2016年區域立委選舉,2016,臺北市,松山區,東勢里,臺北市第03選區,7,李晏榕,綠黨社會民主黨聯盟,351,
2016年區域立委選舉,2016,臺北市,松山區,東勢里,臺北市第03選區,8,李成嶽,軍公教聯盟黨,13,
2016年區域立委選舉,2016,臺北市,松山區,東勢里,臺北市第03選區,9,黃麗香,無黨籍及未經政黨推薦,6,
2016年區域立委選舉,2016,臺北市,松山區,東勢里,臺北市第03選區,10,蔣萬安,中國國民黨,1102,*
2016年區域立委選舉,2016,臺北市,松山區,中華里,臺北市第03選區,1,高士恩,大愛憲改聯盟,7,
2016年區域立委選舉,2016,臺北市,松山區,中華里,臺北市第03選區,2,潘建志,無黨籍及未經政黨推薦,1233,
2016年區域立委選舉,2016,臺北市,松山區,中華里,臺北市第03選區,3,林新凱,台灣獨立黨,9,
2016年區域立委選舉,2016,臺北市,松山區,中華里,臺北市第03選區,4,趙燕傑,無黨籍及未經政黨推薦,8,
2016年區域立委選舉,2016,臺北市,松山區,中華里,臺北市第03選區,5,邱正浩,和平鴿聯盟黨,10,
2016年區域立委選舉,2016,臺北市,松山區,中華里,臺北市第03選區,6,陳科引,無黨籍及未經政黨推薦,23,
2016年區域立委選舉,2016,臺北市,松山區,中華里,臺北市第03選區,7,李晏榕,綠黨社會民主黨聯盟,415,
2016年區域立委選舉,2016,臺北市,松山區,中華里,臺北市第03選區,8,李成嶽,軍公教聯盟黨,16,
2016年區域立委選舉,2016,臺北市,松山區,中華里,臺北市第03選區,9,黃麗香,無黨籍及未經政黨推薦,6,
2016年區域立委選舉,2016,臺北市,松山區,中華里,臺北市第03選區,10,蔣萬安,中國國民黨,1758,*
2016年區域立委選舉,2016,臺北市,松山區,民有里,臺北市第03選區,1,高士恩,大愛憲改聯盟,3,
2016年區域立委選舉,2016,臺北市,松山區,民有里,臺北市第03選區,2,潘建志,無黨籍及未經政黨推薦,2041,
2016年區域立委選舉,2016,臺北市,松山區,民有里,臺北市第03選區,3,林新凱,台灣獨立黨,16,
2016年區域立委選舉,2016,臺北市,松山區,民有里,臺北市第03選區,4,趙燕傑,無黨籍及未經政黨推薦,8,
2016年區域立委選舉,2016,臺北市,松山區,民有里,臺北市第03選區,5,邱正浩,和平鴿聯盟黨,10,
2016年區域立委選舉,2016,臺北市,松山區,民有里,臺北市第03選區,6,陳科引,無黨籍及未經政黨推薦,34,
2016年區域立委選舉,2016,臺北市,松山區,民有里,臺北市第03選區,7,李晏榕,綠黨社會民主黨聯盟,573,
2016年區域立委選舉,2016,臺北市,松山區,民有里,臺北市第03選區,8,李成嶽,軍公教聯盟黨,25,
2016年區域立委選舉,2016,臺北市,松山區,民有里,臺北市第03選區,9,黃麗香,無黨籍及未經政黨推薦,10,
2016年區域立委選舉,2016,臺北市,松山區,民有里,臺北市第03選區,10,蔣萬安,中國國民黨,2312,*
2016年區域立委選舉,2016,臺北市,松山區,民福里,臺北市第03選區,1,高士恩,大愛憲改聯盟,7,
2016年區域立委選舉,2016,臺北市,松山區,民福里,臺北市第03選區,2,潘建志,無黨籍及未經政黨推薦,1257,
2016年區域立委選舉,2016,臺北市,松山區,民福里,臺北市第03選區,3,林新凱,台灣獨立黨,18,
2016年區域立委選舉,2016,臺北市,松山區,民福里,臺北市第03選區,4,趙燕傑,無黨籍及未經政黨推薦,5,
2016年區域立委選舉,2016,臺北市,松山區,民福里,臺北市第03選區,5,邱正浩,和平鴿聯盟黨,12,
2016年區域立委選舉,2016,臺北市,松山區,民福里,臺北市第03選區,6,陳科引,無黨籍及未經政黨推薦,33,
2016年區域立委選舉,2016,臺北市,松山區,民福里,臺北市第03選區,7,李晏榕,綠黨社會民主黨聯盟,373,
2016年區域立委選舉,2016,臺北市,松山區,民福里,臺北市第03選區,8,李成嶽,軍公教聯盟黨,15,
2016年區域立委選舉,2016,臺北市,松山區,民福里,臺北市第03選區,9,黃麗香,無黨籍及未經政黨推薦,5,
2016年區域立委選舉,2016,臺北市,松山區,民福里,臺北市第03選區,10,蔣萬安,中國國民黨,2117,*
2016年區域立委選舉,2016,臺北市,松山區,慈祐里,臺北市第07選區,1,林文傑,無黨籍及未經政黨推薦,32,
2016年區域立委選舉,2016,臺北市,松山區,慈祐里,臺北市第07選區,2,呂欣潔,綠黨社會民主黨聯盟,547,
2016年區域立委選舉,2016,臺北市,松山區,慈祐里,臺北市第07選區,3,詹益正,無黨籍及未經政黨推薦,14,
2016年區域立委選舉,2016,臺北市,松山區,慈祐里,臺北市第07選區,4,蘇承英,和平鴿聯盟黨,21,
2016年區域立委選舉,2016,臺北市,松山區,慈祐里,臺北市第07選區,5,范揚律,大愛憲改聯盟,6,
2016年區域立委選舉,2016,臺北市,松山區,慈祐里,臺北市第07選區,6,林芷芬,台灣獨立黨,18,
2016年區域立委選舉,2016,臺北市,松山區,慈祐里,臺北市第07選區,7,費鴻泰,中國國民黨,1362,*
2016年區域立委選舉,2016,臺北市,松山區,慈祐里,臺北市第07選區,8,楊實秋,無黨籍及未經政黨推薦,1826,
2016年區域立委選舉,2016,臺北市,松山區,安平里,臺北市第03選區,1,高士恩,大愛憲改聯盟,17,
2016年區域立委選舉,2016,臺北市,松山區,安平里,臺北市第03選區,2,潘建志,無黨籍及未經政黨推薦,2047,
2016年區域立委選舉,2016,臺北市,松山區,安平里,臺北市第03選區,3,林新凱,台灣獨立黨,19,
2016年區域立委選舉,2016,臺北市,松山區,安平里,臺北市第03選區,4,趙燕傑,無黨籍及未經政黨推薦,9,
2016年區域立委選舉,2016,臺北市,松山區,安平里,臺北市第03選區,5,邱正浩,和平鴿聯盟黨,14,
2016年區域立委選舉,2016,臺北市,松山區,安平里,臺北市第03選區,6,陳科引,無黨籍及未經政黨推薦,38,
2016年區域立委選舉,2016,臺北市,松山區,安平里,臺北市第03選區,7,李晏榕,綠黨社會民主黨聯盟,577,
2016年區域立委選舉,2016,臺北市,松山區,安平里,臺北市第03選區,8,李成嶽,軍公教聯盟黨,29,
2016年區域立委選舉,2016,臺北市,松山區,安平里,臺北市第03選區,9,黃麗香,無黨籍及未經政黨推薦,22,
2016年區域立委選舉,2016,臺北市,松山區,安平里,臺北市第03選區,10,蔣萬安,中國國民黨,2070,*
2016年區域立委選舉,2016,臺北市,松山區,鵬程里,臺北市第03選區,1,高士恩,大愛憲改聯盟,8,
2016年區域立委選舉,2016,臺北市,松山區,鵬程里,臺北市第03選區,2,潘建志,無黨籍及未經政黨推薦,935,
2016年區域立委選舉,2016,臺北市,松山區,鵬程里,臺北市第03選區,3,林新凱,台灣獨立黨,12,
2016年區域立委選舉,2016,臺北市,松山區,鵬程里,臺北市第03選區,4,趙燕傑,無黨籍及未經政黨推薦,9,
2016年區域立委選舉,2016,臺北市,松山區,鵬程里,臺北市第03選區,5,邱正浩,和平鴿聯盟黨,6,
2016年區域立委選舉,2016,臺北市,松山區,鵬程里,臺北市第03選區,6,陳科引,無黨籍及未經政黨推薦,15,
2016年區域立委選舉,2016,臺北市,松山區,鵬程里,臺北市第03選區,7,李晏榕,綠黨社會民主黨聯盟,346,
2016年區域立委選舉,2016,臺北市,松山區,鵬程里,臺北市第03選區,8,李成嶽,軍公教聯盟黨,19,
2016年區域立委選舉,2016,臺北市,松山區,鵬程里,臺北市第03選區,9,黃麗香,無黨籍及未經政黨推薦,9,
2016年區域立委選舉,2016,臺北市,松山區,鵬程里,臺北市第03選區,10,蔣萬安,中國國民黨,1802,*
2016年區域立委選舉,2016,臺北市,松山區,自強里,臺北市第03選區,1,高士恩,大愛憲改聯盟,14,
2016年區域立委選舉,2016,臺北市,松山區,自強里,臺北市第03選區,2,潘建志,無黨籍及未經政黨推薦,986,
2016年區域立委選舉,2016,臺北市,松山區,自強里,臺北市第03選區,3,林新凱,台灣獨立黨,10,
2016年區域立委選舉,2016,臺北市,松山區,自強里,臺北市第03選區,4,趙燕傑,無黨籍及未經政黨推薦,5,
2016年區域立委選舉,2016,臺北市,松山區,自強里,臺北市第03選區,5,邱正浩,和平鴿聯盟黨,9,
2016年區域立委選舉,2016,臺北市,松山區,自強里,臺北市第03選區,6,陳科引,無黨籍及未經政黨推薦,29,
2016年區域立委選舉,2016,臺北市,松山區,自強里,臺北市第03選區,7,李晏榕,綠黨社會民主黨聯盟,468,
2016年區域立委選舉,2016,臺北市,松山區,自強里,臺北市第03選區,8,李成嶽,軍公教聯盟黨,25,
2016年區域立委選舉,2016,臺北市,松山區,自強里,臺北市第03選區,9,黃麗香,無黨籍及未經政黨推薦,22,
2016年區域立委選舉,2016,臺北市,松山區,自強里,臺北市第03選區,10,蔣萬安,中國國民黨,3994,*
2016年區域立委選舉,2016,臺北市,松山區,吉祥里,臺北市第07選區,1,林文傑,無黨籍及未經政黨推薦,26,
2016年區域立委選舉,2016,臺北市,松山區,吉祥里,臺北市第07選區,2,呂欣潔,綠黨社會民主黨聯盟,496,
2016年區域立委選舉,2016,臺北市,松山區,吉祥里,臺北市第07選區,3,詹益正,無黨籍及未經政黨推薦,26,
2016年區域立委選舉,2016,臺北市,松山區,吉祥里,臺北市第07選區,4,蘇承英,和平鴿聯盟黨,10,
2016年區域立委選舉,2016,臺北市,松山區,吉祥里,臺北市第07選區,5,范揚律,大愛憲改聯盟,11,
2016年區域立委選舉,2016,臺北市,松山區,吉祥里,臺北市第07選區,6,林芷芬,台灣獨立黨,9,
2016年區域立委選舉,2016,臺北市,松山區,吉祥里,臺北市第07選區,7,費鴻泰,中國國民黨,2113,*
2016年區域立委選舉,2016,臺北市,松山區,吉祥里,臺北市第07選區,8,楊實秋,無黨籍及未經政黨推薦,2059,
2016年區域立委選舉,2016,臺北市,松山區,新聚里,臺北市第07選區,1,林文傑,無黨籍及未經政黨推薦,28,
2016年區域立委選舉,2016,臺北市,松山區,新聚里,臺北市第07選區,2,呂欣潔,綠黨社會民主黨聯盟,532,
2016年區域立委選舉,2016,臺北市,松山區,新聚里,臺北市第07選區,3,詹益正,無黨籍及未經政黨推薦,23,
2016年區域立委選舉,2016,臺北市,松山區,新聚里,臺北市第07選區,4,蘇承英,和平鴿聯盟黨,21,
2016年區域立委選舉,2016,臺北市,松山區,新聚里,臺北市第07選區,5,范揚律,大愛憲改聯盟,6,
2016年區域立委選舉,2016,臺北市,松山區,新聚里,臺北市第07選區,6,林芷芬,台灣獨立黨,20,
2016年區域立委選舉,2016,臺北市,松山區,新聚里,臺北市第07選區,7,費鴻泰,中國國民黨,1880,*
2016年區域立委選舉,2016,臺北市,松山區,新聚里,臺北市第07選區,8,楊實秋,無黨籍及未經政黨推薦,2035,
2016年區域立委選舉,2016,臺北市,松山區,復盛里,臺北市第07選區,1,林文傑,無黨籍及未經政黨推薦,22,
2016年區域立委選舉,2016,臺北市,松山區,復盛里,臺北市第07選區,2,呂欣潔,綠黨社會民主黨聯盟,383,
2016年區域立委選舉,2016,臺北市,松山區,復盛里,臺北市第07選區,3,詹益正,無黨籍及未經政黨推薦,12,
2016年區域立委選舉,2016,臺北市,松山區,復盛里,臺北市第07選區,4,蘇承英,和平鴿聯盟黨,11,
2016年區域立委選舉,2016,臺北市,松山區,復盛里,臺北市第07選區,5,范揚律,大愛憲改聯盟,7,
2016年區域立委選舉,2016,臺北市,松山區,復盛里,臺北市第07選區,6,林芷芬,台灣獨立黨,11,
2016年區域立委選舉,2016,臺北市,松山區,復盛里,臺北市第07選區,7,費鴻泰,中國國民黨,1782,*
2016年區域立委選舉,2016,臺北市,松山區,復盛里,臺北市第07選區,8,楊實秋,無黨籍及未經政黨推薦,1560,
2016年區域立委選舉,2016,臺北市,松山區,中正里,臺北市第07選區,1,林文傑,無黨籍及未經政黨推薦,38,
2016年區域立委選舉,2016,臺北市,松山區,中正里,臺北市第07選區,2,呂欣潔,綠黨社會民主黨聯盟,625,
2016年區域立委選舉,2016,臺北市,松山區,中正里,臺北市第07選區,3,詹益正,無黨籍及未經政黨推薦,19,
2016年區域立委選舉,2016,臺北市,松山區,中正里,臺北市第07選區,4,蘇承英,和平鴿聯盟黨,16,
2016年區域立委選舉,2016,臺北市,松山區,中正里,臺北市第07選區,5,范揚律,大愛憲改聯盟,7,
2016年區域立委選舉,2016,臺北市,松山區,中正里,臺北市第07選區,6,林芷芬,台灣獨立黨,19,
2016年區域立委選舉,2016,臺北市,松山區,中正里,臺北市第07選區,7,費鴻泰,中國國民黨,1954,*
2016年區域立委選舉,2016,臺北市,松山區,中正里,臺北市第07選區,8,楊實秋,無黨籍及未經政黨推薦,2356,
2016年區域立委選舉,2016,臺北市,松山區,中崙里,臺北市第07選區,1,林文傑,無黨籍及未經政黨推薦,9,
2016年區域立委選舉,2016,臺北市,松山區,中崙里,臺北市第07選區,2,呂欣潔,綠黨社會民主黨聯盟,239,
2016年區域立委選舉,2016,臺北市,松山區,中崙里,臺北市第07選區,3,詹益正,無黨籍及未經政黨推薦,14,
2016年區域立委選舉,2016,臺北市,松山區,中崙里,臺北市第07選區,4,蘇承英,和平鴿聯盟黨,15,
2016年區域立委選舉,2016,臺北市,松山區,中崙里,臺北市第07選區,5,范揚律,大愛憲改聯盟,1,
2016年區域立委選舉,2016,臺北市,松山區,中崙里,臺北市第07選區,6,林芷芬,台灣獨立黨,12,
2016年區域立委選舉,2016,臺北市,松山區,中崙里,臺北市第07選區,7,費鴻泰,中國國民黨,1010,*
2016年區域立委選舉,2016,臺北市,松山區,中崙里,臺北市第07選區,8,楊實秋,無黨籍及未經政黨推薦,972,
2016年區域立委選舉,2016,臺北市,松山區,美仁里,臺北市第07選區,1,林文傑,無黨籍及未經政黨推薦,7,
2016年區域立委選舉,2016,臺北市,松山區,美仁里,臺北市第07選區,2,呂欣潔,綠黨社會民主黨聯盟,209,
2016年區域立委選舉,2016,臺北市,松山區,美仁里,臺北市第07選區,3,詹益正,無黨籍及未經政黨推薦,8,
2016年區域立委選舉,2016,臺北市,松山區,美仁里,臺北市第07選區,4,蘇承英,和平鴿聯盟黨,5,
2016年區域立委選舉,2016,臺北市,松山區,美仁里,臺北市第07選區,5,范揚律,大愛憲改聯盟,2,
2016年區域立委選舉,2016,臺北市,松山區,美仁里,臺北市第07選區,6,林芷芬,台灣獨立黨,6,
2016年區域立委選舉,2016,臺北市,松山區,美仁里,臺北市第07選區,7,費鴻泰,中國國民黨,827,*
2016年區域立委選舉,2016,臺北市,松山區,美仁里,臺北市第07選區,8,楊實秋,無黨籍及未經政黨推薦,895,
2016年區域立委選舉,2016,臺北市,松山區,吉仁里,臺北市第07選區,1,林文傑,無黨籍及未經政黨推薦,9,
2016年區域立委選舉,2016,臺北市,松山區,吉仁里,臺北市第07選區,2,呂欣潔,綠黨社會民主黨聯盟,236,
2016年區域立委選舉,2016,臺北市,松山區,吉仁里,臺北市第07選區,3,詹益正,無黨籍及未經政黨推薦,7,
2016年區域立委選舉,2016,臺北市,松山區,吉仁里,臺北市第07選區,4,蘇承英,和平鴿聯盟黨,7,
2016年區域立委選舉,2016,臺北市,松山區,吉仁里,臺北市第07選區,5,范揚律,大愛憲改聯盟,3,
2016年區域立委選舉,2016,臺北市,松山區,吉仁里,臺北市第07選區,6,林芷芬,台灣獨立黨,13,
2016年區域立委選舉,2016,臺北市,松山區,吉仁里,臺北市第07選區,7,費鴻泰,中國國民黨,965,*
2016年區域立委選舉,2016,臺北市,松山區,吉仁里,臺北市第07選區,8,楊實秋,無黨籍及未經政黨推薦,957,
2016年區域立委選舉,2016,臺北市,松山區,敦化里,臺北市第07選區,1,林文傑,無黨籍及未經政黨推薦,22,
2016年區域立委選舉,2016,臺北市,松山區,敦化里,臺北市第07選區,2,呂欣潔,綠黨社會民主黨聯盟,453,
2016年區域立委選舉,2016,臺北市,松山區,敦化里,臺北市第07選區,3,詹益正,無黨籍及未經政黨推薦,11,
2016年區域立委選舉,2016,臺北市,松山區,敦化里,臺北市第07選區,4,蘇承英,和平鴿聯盟黨,23,
2016年區域立委選舉,2016,臺北市,松山區,敦化里,臺北市第07選區,5,范揚律,大愛憲改聯盟,4,
2016年區域立委選舉,2016,臺北市,松山區,敦化里,臺北市第07選區,6,林芷芬,台灣獨立黨,17,
2016年區域立委選舉,2016,臺北市,松山區,敦化里,臺北市第07選區,7,費鴻泰,中國國民黨,1657,*
2016年區域立委選舉,2016,臺北市,松山區,敦化里,臺北市第07選區,8,楊實秋,無黨籍及未經政黨推薦,1811,
2016年區域立委選舉,2016,臺北市,松山區,復源里,臺北市第07選區,1,林文傑,無黨籍及未經政黨推薦,8,
2016年區域立委選舉,2016,臺北市,松山區,復源里,臺北市第07選區,2,呂欣潔,綠黨社會民主黨聯盟,177,
2016年區域立委選舉,2016,臺北市,松山區,復源里,臺北市第07選區,3,詹益正,無黨籍及未經政黨推薦,9,
2016年區域立委選舉,2016,臺北市,松山區,復源里,臺北市第07選區,4,蘇承英,和平鴿聯盟黨,5,
2016年區域立委選舉,2016,臺北市,松山區,復源里,臺北市第07選區,5,范揚律,大愛憲改聯盟,7,
2016年區域立委選舉,2016,臺北市,松山區,復源里,臺北市第07選區,6,林芷芬,台灣獨立黨,2,
2016年區域立委選舉,2016,臺北市,松山區,復源里,臺北市第07選區,7,費鴻泰,中國國民黨,859,*
2016年區域立委選舉,2016,臺北市,松山區,復源里,臺北市第07選區,8,楊實秋,無黨籍及未經政黨推薦,744,
2016年區域立委選舉,2016,臺北市,松山區,復建里,臺北市第07選區,1,林文傑,無黨籍及未經政黨推薦,23,
2016年區域立委選舉,2016,臺北市,松山區,復建里,臺北市第07選區,2,呂欣潔,綠黨社會民主黨聯盟,271,
2016年區域立委選舉,2016,臺北市,松山區,復建里,臺北市第07選區,3,詹益正,無黨籍及未經政黨推薦,8,
2016年區域立委選舉,2016,臺北市,松山區,復建里,臺北市第07選區,4,蘇承英,和平鴿聯盟黨,8,
2016年區域立委選舉,2016,臺北市,松山區,復建里,臺北市第07選區,5,范揚律,大愛憲改聯盟,0,
2016年區域立委選舉,2016,臺北市,松山區,復建里,臺北市第07選區,6,林芷芬,台灣獨立黨,10,
2016年區域立委選舉,2016,臺北市,松山區,復建里,臺北市第07選區,7,費鴻泰,中國國民黨,1171,*
2016年區域立委選舉,2016,臺北市,松山區,復建里,臺北市第07選區,8,楊實秋,無黨籍及未經政黨推薦,984,
2016年區域立委選舉,2016,臺北市,松山區,復勢里,臺北市第07選區,1,林文傑,無黨籍及未經政黨推薦,22,
2016年區域立委選舉,2016,臺北市,松山區,復勢里,臺北市第07選區,2,呂欣潔,綠黨社會民主黨聯盟,387,
2016年區域立委選舉,2016,臺北市,松山區,復勢里,臺北市第07選區,3,詹益正,無黨籍及未經政黨推薦,8,
2016年區域立委選舉,2016,臺北市,松山區,復勢里,臺北市第07選區,4,蘇承英,和平鴿聯盟黨,11,
2016年區域立委選舉,2016,臺北市,松山區,復勢里,臺北市第07選區,5,范揚律,大愛憲改聯盟,3,
2016年區域立委選舉,2016,臺北市,松山區,復勢里,臺北市第07選區,6,林芷芬,台灣獨立黨,11,
2016年區域立委選舉,2016,臺北市,松山區,復勢里,臺北市第07選區,7,費鴻泰,中國國民黨,1389,*
2016年區域立委選舉,2016,臺北市,松山區,復勢里,臺北市第07選區,8,楊實秋,無黨籍及未經政黨推薦,1654,
2016年區域立委選舉,2016,臺北市,松山區,福成里,臺北市第07選區,1,林文傑,無黨籍及未經政黨推薦,9,
2016年區域立委選舉,2016,臺北市,松山區,福成里,臺北市第07選區,2,呂欣潔,綠黨社會民主黨聯盟,176,
2016年區域立委選舉,2016,臺北市,松山區,福成里,臺北市第07選區,3,詹益正,無黨籍及未經政黨推薦,4,
2016年區域立委選舉,2016,臺北市,松山區,福成里,臺北市第07選區,4,蘇承英,和平鴿聯盟黨,1,
2016年區域立委選舉,2016,臺北市,松山區,福成里,臺北市第07選區,5,范揚律,大愛憲改聯盟,3,
2016年區域立委選舉,2016,臺北市,松山區,福成里,臺北市第07選區,6,林芷芬,台灣獨立黨,13,
2016年區域立委選舉,2016,臺北市,松山區,福成里,臺北市第07選區,7,費鴻泰,中國國民黨,580,*
2016年區域立委選舉,2016,臺北市,松山區,福成里,臺北市第07選區,8,楊實秋,無黨籍及未經政黨推薦,709,
2016年區域立委選舉,2016,臺北市,松山區,松基里,臺北市第03選區,1,高士恩,大愛憲改聯盟,6,
2016年區域立委選舉,2016,臺北市,松山區,松基里,臺北市第03選區,2,潘建志,無黨籍及未經政黨推薦,788,
2016年區域立委選舉,2016,臺北市,松山區,松基里,臺北市第03選區,3,林新凱,台灣獨立黨,12,
2016年區域立委選舉,2016,臺北市,松山區,松基里,臺北市第03選區,4,趙燕傑,無黨籍及未經政黨推薦,3,
2016年區域立委選舉,2016,臺北市,松山區,松基里,臺北市第03選區,5,邱正浩,和平鴿聯盟黨,3,
2016年區域立委選舉,2016,臺北市,松山區,松基里,臺北市第03選區,6,陳科引,無黨籍及未經政黨推薦,15,
2016年區域立委選舉,2016,臺北市,松山區,松基里,臺北市第03選區,7,李晏榕,綠黨社會民主黨聯盟,291,
2016年區域立委選舉,2016,臺北市,松山區,松基里,臺北市第03選區,8,李成嶽,軍公教聯盟黨,5,
2016年區域立委選舉,2016,臺北市,松山區,松基里,臺北市第03選區,9,黃麗香,無黨籍及未經政黨推薦,5,
2016年區域立委選舉,2016,臺北市,松山區,松基里,臺北市第03選區,10,蔣萬安,中國國民黨,917,*
2016年區域立委選舉,2016,臺北市,信義區,西村里,臺北市第07選區,1,林文傑,無黨籍及未經政黨推薦,10,
2016年區域立委選舉,2016,臺北市,信義區,西村里,臺北市第07選區,2,呂欣潔,綠黨社會民主黨聯盟,202,
2016年區域立委選舉,2016,臺北市,信義區,西村里,臺北市第07選區,3,詹益正,無黨籍及未經政黨推薦,19,
2016年區域立委選舉,2016,臺北市,信義區,西村里,臺北市第07選區,4,蘇承英,和平鴿聯盟黨,5,
2016年區域立委選舉,2016,臺北市,信義區,西村里,臺北市第07選區,5,范揚律,大愛憲改聯盟,3,
2016年區域立委選舉,2016,臺北市,信義區,西村里,臺北市第07選區,6,林芷芬,台灣獨立黨,5,
2016年區域立委選舉,2016,臺北市,信義區,西村里,臺北市第07選區,7,費鴻泰,中國國民黨,1682,*
2016年區域立委選舉,2016,臺北市,信義區,西村里,臺北市第07選區,8,楊實秋,無黨籍及未經政黨推薦,794,
2016年區域立委選舉,2016,臺北市,信義區,正和里,臺北市第07選區,1,林文傑,無黨籍及未經政黨推薦,14,
2016年區域立委選舉,2016,臺北市,信義區,正和里,臺北市第07選區,2,呂欣潔,綠黨社會民主黨聯盟,249,
2016年區域立委選舉,2016,臺北市,信義區,正和里,臺北市第07選區,3,詹益正,無黨籍及未經政黨推薦,22,
2016年區域立委選舉,2016,臺北市,信義區,正和里,臺北市第07選區,4,蘇承英,和平鴿聯盟黨,9,
2016年區域立委選舉,2016,臺北市,信義區,正和里,臺北市第07選區,5,范揚律,大愛憲改聯盟,3,
2016年區域立委選舉,2016,臺北市,信義區,正和里,臺北市第07選區,6,林芷芬,台灣獨立黨,10,
2016年區域立委選舉,2016,臺北市,信義區,正和里,臺北市第07選區,7,費鴻泰,中國國民黨,1414,*
2016年區域立委選舉,2016,臺北市,信義區,正和里,臺北市第07選區,8,楊實秋,無黨籍及未經政黨推薦,948,
2016年區域立委選舉,2016,臺北市,信義區,興隆里,臺北市第07選區,1,林文傑,無黨籍及未經政黨推薦,9,
2016年區域立委選舉,2016,臺北市,信義區,興隆里,臺北市第07選區,2,呂欣潔,綠黨社會民主黨聯盟,158,
2016年區域立委選舉,2016,臺北市,信義區,興隆里,臺北市第07選區,3,詹益正,無黨籍及未經政黨推薦,1,
2016年區域立委選舉,2016,臺北市,信義區,興隆里,臺北市第07選區,4,蘇承英,和平鴿聯盟黨,8,
2016年區域立委選舉,2016,臺北市,信義區,興隆里,臺北市第07選區,5,范揚律,大愛憲改聯盟,0,
2016年區域立委選舉,2016,臺北市,信義區,興隆里,臺北市第07選區,6,林芷芬,台灣獨立黨,9,
2016年區域立委選舉,2016,臺北市,信義區,興隆里,臺北市第07選區,7,費鴻泰,中國國民黨,715,*
2016年區域立委選舉,2016,臺北市,信義區,興隆里,臺北市第07選區,8,楊實秋,無黨籍及未經政黨推薦,597,
2016年區域立委選舉,2016,臺北市,信義區,中興里,臺北市第07選區,1,林文傑,無黨籍及未經政黨推薦,12,
2016年區域立委選舉,2016,臺北市,信義區,中興里,臺北市第07選區,2,呂欣潔,綠黨社會民主黨聯盟,195,
2016年區域立委選舉,2016,臺北市,信義區,中興里,臺北市第07選區,3,詹益正,無黨籍及未經政黨推薦,16,
2016年區域立委選舉,2016,臺北市,信義區,中興里,臺北市第07選區,4,蘇承英,和平鴿聯盟黨,6,
2016年區域立委選舉,2016,臺北市,信義區,中興里,臺北市第07選區,5,范揚律,大愛憲改聯盟,3,
2016年區域立委選舉,2016,臺北市,信義區,中興里,臺北市第07選區,6,林芷芬,台灣獨立黨,6,
2016年區域立委選舉,2016,臺北市,信義區,中興里,臺北市第07選區,7,費鴻泰,中國國民黨,846,*
2016年區域立委選舉,2016,臺北市,信義區,中興里,臺北市第07選區,8,楊實秋,無黨籍及未經政黨推薦,762,
2016年區域立委選舉,2016,臺北市,信義區,新仁里,臺北市第07選區,1,林文傑,無黨籍及未經政黨推薦,8,
2016年區域立委選舉,2016,臺北市,信義區,新仁里,臺北市第07選區,2,呂欣潔,綠黨社會民主黨聯盟,162,
2016年區域立委選舉,2016,臺北市,信義區,新仁里,臺北市第07選區,3,詹益正,無黨籍及未經政黨推薦,6,
2016年區域立委選舉,2016,臺北市,信義區,新仁里,臺北市第07選區,4,蘇承英,和平鴿聯盟黨,11,
2016年區域立委選舉,2016,臺北市,信義區,新仁里,臺北市第07選區,5,范揚律,大愛憲改聯盟,3,
2016年區域立委選舉,2016,臺北市,信義區,新仁里,臺北市第07選區,6,林芷芬,台灣獨立黨,6,
2016年區域立委選舉,2016,臺北市,信義區,新仁里,臺北市第07選區,7,費鴻泰,中國國民黨,969,*
2016年區域立委選舉,2016,臺北市,信義區,新仁里,臺北市第07選區,8,楊實秋,無黨籍及未經政黨推薦,771,
2016年區域立委選舉,2016,臺北市,信義區,興雅里,臺北市第07選區,1,林文傑,無黨籍及未經政黨推薦,18,
2016年區域立委選舉,2016,臺北市,信義區,興雅里,臺北市第07選區,2,呂欣潔,綠黨社會民主黨聯盟,347,
2016年區域立委選舉,2016,臺北市,信義區,興雅里,臺北市第07選區,3,詹益正,無黨籍及未經政黨推薦,14,
2016年區域立委選舉,2016,臺北市,信義區,興雅里,臺北市第07選區,4,蘇承英,和平鴿聯盟黨,14,
2016年區域立委選舉,2016,臺北市,信義區,興雅里,臺北市第07選區,5,范揚律,大愛憲改聯盟,7,
2016年區域立委選舉,2016,臺北市,信義區,興雅里,臺北市第07選區,6,林芷芬,台灣獨立黨,13,
2016年區域立委選舉,2016,臺北市,信義區,興雅里,臺北市第07選區,7,費鴻泰,中國國民黨,1467,*
2016年區域立委選舉,2016,臺北市,信義區,興雅里,臺北市第07選區,8,楊實秋,無黨籍及未經政黨推薦,1436,
2016年區域立委選舉,2016,臺北市,信義區,敦厚里,臺北市第07選區,1,林文傑,無黨籍及未經政黨推薦,17,
2016年區域立委選舉,2016,臺北市,信義區,敦厚里,臺北市第07選區,2,呂欣潔,綠黨社會民主黨聯盟,344,
2016年區域立委選舉,2016,臺北市,信義區,敦厚里,臺北市第07選區,3,詹益正,無黨籍及未經政黨推薦,17,
2016年區域立委選舉,2016,臺北市,信義區,敦厚里,臺北市第07選區,4,蘇承英,和平鴿聯盟黨,12,
2016年區域立委選舉,2016,臺北市,信義區,敦厚里,臺北市第07選區,5,范揚律,大愛憲改聯盟,10,
2016年區域立委選舉,2016,臺北市,信義區,敦厚里,臺北市第07選區,6,林芷芬,台灣獨立黨,7,
2016年區域立委選舉,2016,臺北市,信義區,敦厚里,臺北市第07選區,7,費鴻泰,中國國民黨,1335,*
2016年區域立委選舉,2016,臺北市,信義區,敦厚里,臺北市第07選區,8,楊實秋,無黨籍及未經政黨推薦,1182,
2016年區域立委選舉,2016,臺北市,信義區,廣居里,臺北市第07選區,1,林文傑,無黨籍及未經政黨推薦,14,
2016年區域立委選舉,2016,臺北市,信義區,廣居里,臺北市第07選區,2,呂欣潔,綠黨社會民主黨聯盟,531,
2016年區域立委選舉,2016,臺北市,信義區,廣居里,臺北市第07選區,3,詹益正,無黨籍及未經政黨推薦,5,
2016年區域立委選舉,2016,臺北市,信義區,廣居里,臺北市第07選區,4,蘇承英,和平鴿聯盟黨,14,
2016年區域立委選舉,2016,臺北市,信義區,廣居里,臺北市第07選區,5,范揚律,大愛憲改聯盟,3,
2016年區域立委選舉,2016,臺北市,信義區,廣居里,臺北市第07選區,6,林芷芬,台灣獨立黨,11,
2016年區域立委選舉,2016,臺北市,信義區,廣居里,臺北市第07選區,7,費鴻泰,中國國民黨,2055,*
2016年區域立委選舉,2016,臺北市,信義區,廣居里,臺北市第07選區,8,楊實秋,無黨籍及未經政黨推薦,1833,
2016年區域立委選舉,2016,臺北市,信義區,安康里,臺北市第07選區,1,林文傑,無黨籍及未經政黨推薦,16,
2016年區域立委選舉,2016,臺北市,信義區,安康里,臺北市第07選區,2,呂欣潔,綠黨社會民主黨聯盟,550,
2016年區域立委選舉,2016,臺北市,信義區,安康里,臺北市第07選區,3,詹益正,無黨籍及未經政黨推薦,20,
2016年區域立委選舉,2016,臺北市,信義區,安康里,臺北市第07選區,4,蘇承英,和平鴿聯盟黨,17,
2016年區域立委選舉,2016,臺北市,信義區,安康里,臺北市第07選區,5,范揚律,大愛憲改聯盟,7,
2016年區域立委選舉,2016,臺北市,信義區,安康里,臺北市第07選區,6,林芷芬,台灣獨立黨,12,
2016年區域立委選舉,2016,臺北市,信義區,安康里,臺北市第07選區,7,費鴻泰,中國國民黨,2438,*
2016年區域立委選舉,2016,臺北市,信義區,安康里,臺北市第07選區,8,楊實秋,無黨籍及未經政黨推薦,2348,
2016年區域立委選舉,2016,臺北市,信義區,六藝里,臺北市第07選區,1,林文傑,無黨籍及未經政黨推薦,9,
2016年區域立委選舉,2016,臺北市,信義區,六藝里,臺北市第07選區,2,呂欣潔,綠黨社會民主黨聯盟,298,
2016年區域立委選舉,2016,臺北市,信義區,六藝里,臺北市第07選區,3,詹益正,無黨籍及未經政黨推薦,13,
2016年區域立委選舉,2016,臺北市,信義區,六藝里,臺北市第07選區,4,蘇承英,和平鴿聯盟黨,10,
2016年區域立委選舉,2016,臺北市,信義區,六藝里,臺北市第07選區,5,范揚律,大愛憲改聯盟,3,
2016年區域立委選舉,2016,臺北市,信義區,六藝里,臺北市第07選區,6,林芷芬,台灣獨立黨,11,
2016年區域立委選舉,2016,臺北市,信義區,六藝里,臺北市第07選區,7,費鴻泰,中國國民黨,888,*
2016年區域立委選舉,2016,臺北市,信義區,六藝里,臺北市第07選區,8,楊實秋,無黨籍及未經政黨推薦,930,
2016年區域立委選舉,2016,臺北市,信義區,雅祥里,臺北市第07選區,1,林文傑,無黨籍及未經政黨推薦,20,
2016年區域立委選舉,2016,臺北市,信義區,雅祥里,臺北市第07選區,2,呂欣潔,綠黨社會民主黨聯盟,355,
2016年區域立委選舉,2016,臺北市,信義區,雅祥里,臺北市第07選區,3,詹益正,無黨籍及未經政黨推薦,14,
2016年區域立委選舉,2016,臺北市,信義區,雅祥里,臺北市第07選區,4,蘇承英,和平鴿聯盟黨,33,
2016年區域立委選舉,2016,臺北市,信義區,雅祥里,臺北市第07選區,5,范揚律,大愛憲改聯盟,1,
2016年區域立委選舉,2016,臺北市,信義區,雅祥里,臺北市第07選區,6,林芷芬,台灣獨立黨,9,
2016年區域立委選舉,2016,臺北市,信義區,雅祥里,臺北市第07選區,7,費鴻泰,中國國民黨,1097,*
2016年區域立委選舉,2016,臺北市,信義區,雅祥里,臺北市第07選區,8,楊實秋,無黨籍及未經政黨推薦,1295,
2016年區域立委選舉,2016,臺北市,信義區,五常里,臺北市第07選區,1,林文傑,無黨籍及未經政黨推薦,16,
2016年區域立委選舉,2016,臺北市,信義區,五常里,臺北市第07選區,2,呂欣潔,綠黨社會民主黨聯盟,250,
2016年區域立委選舉,2016,臺北市,信義區,五常里,臺北市第07選區,3,詹益正,無黨籍及未經政黨推薦,11,
2016年區域立委選舉,2016,臺北市,信義區,五常里,臺北市第07選區,4,蘇承英,和平鴿聯盟黨,7,
2016年區域立委選舉,2016,臺北市,信義區,五常里,臺北市第07選區,5,范揚律,大愛憲改聯盟,5,
2016年區域立委選舉,2016,臺北市,信義區,五常里,臺北市第07選區,6,林芷芬,台灣獨立黨,7,
2016年區域立委選舉,2016,臺北市,信義區,五常里,臺北市第07選區,7,費鴻泰,中國國民黨,933,*
2016年區域立委選舉,2016,臺北市,信義區,五常里,臺北市第07選區,8,楊實秋,無黨籍及未經政黨推薦,931,
2016年區域立委選舉,2016,臺北市,信義區,五全里,臺北市第07選區,1,林文傑,無黨籍及未經政黨推薦,24,
2016年區域立委選舉,2016,臺北市,信義區,五全里,臺北市第07選區,2,呂欣潔,綠黨社會民主黨聯盟,354,
2016年區域立委選舉,2016,臺北市,信義區,五全里,臺北市第07選區,3,詹益正,無黨籍及未經政黨推薦,12,
2016年區域立委選舉,2016,臺北市,信義區,五全里,臺北市第07選區,4,蘇承英,和平鴿聯盟黨,14,
2016年區域立委選舉,2016,臺北市,信義區,五全里,臺北市第07選區,5,范揚律,大愛憲改聯盟,3,
2016年區域立委選舉,2016,臺北市,信義區,五全里,臺北市第07選區,6,林芷芬,台灣獨立黨,6,
2016年區域立委選舉,2016,臺北市,信義區,五全里,臺北市第07選區,7,費鴻泰,中國國民黨,1197,*
2016年區域立委選舉,2016,臺北市,信義區,五全里,臺北市第07選區,8,楊實秋,無黨籍及未經政黨推薦,1504,
2016年區域立委選舉,2016,臺北市,信義區,永吉里,臺北市第07選區,1,林文傑,無黨籍及未經政黨推薦,21,
2016年區域立委選舉,2016,臺北市,信義區,永吉里,臺北市第07選區,2,呂欣潔,綠黨社會民主黨聯盟,302,
2016年區域立委選舉,2016,臺北市,信義區,永吉里,臺北市第07選區,3,詹益正,無黨籍及未經政黨推薦,13,
2016年區域立委選舉,2016,臺北市,信義區,永吉里,臺北市第07選區,4,蘇承英,和平鴿聯盟黨,14,
2016年區域立委選舉,2016,臺北市,信義區,永吉里,臺北市第07選區,5,范揚律,大愛憲改聯盟,3,
2016年區域立委選舉,2016,臺北市,信義區,永吉里,臺北市第07選區,6,林芷芬,台灣獨立黨,8,
2016年區域立委選舉,2016,臺北市,信義區,永吉里,臺北市第07選區,7,費鴻泰,中國國民黨,751,*
2016年區域立委選舉,2016,臺北市,信義區,永吉里,臺北市第07選區,8,楊實秋,無黨籍及未經政黨推薦,1196,
2016年區域立委選舉,2016,臺北市,信義區,長春里,臺北市第07選區,1,林文傑,無黨籍及未經政黨推薦,16,
2016年區域立委選舉,2016,臺北市,信義區,長春里,臺北市第07選區,2,呂欣潔,綠黨社會民主黨聯盟,329,
2016年區域立委選舉,2016,臺北市,信義區,長春里,臺北市第07選區,3,詹益正,無黨籍及未經政黨推薦,6,
2016年區域立委選舉,2016,臺北市,信義區,長春里,臺北市第07選區,4,蘇承英,和平鴿聯盟黨,18,
2016年區域立委選舉,2016,臺北市,信義區,長春里,臺北市第07選區,5,范揚律,大愛憲改聯盟,2,
2016年區域立委選舉,2016,臺北市,信義區,長春里,臺北市第07選區,6,林芷芬,台灣獨立黨,5,
2016年區域立委選舉,2016,臺北市,信義區,長春里,臺北市第07選區,7,費鴻泰,中國國民黨,984,*
2016年區域立委選舉,2016,臺北市,信義區,長春里,臺北市第07選區,8,楊實秋,無黨籍及未經政黨推薦,1067,
2016年區域立委選舉,2016,臺北市,信義區,四育里,臺北市第07選區,1,林文傑,無黨籍及未經政黨推薦,26,
2016年區域立委選舉,2016,臺北市,信義區,四育里,臺北市第07選區,2,呂欣潔,綠黨社會民主黨聯盟,382,
2016年區域立委選舉,2016,臺北市,信義區,四育里,臺北市第07選區,3,詹益正,無黨籍及未經政黨推薦,8,
2016年區域立委選舉,2016,臺北市,信義區,四育里,臺北市第07選區,4,蘇承英,和平鴿聯盟黨,19,
2016年區域立委選舉,2016,臺北市,信義區,四育里,臺北市第07選區,5,范揚律,大愛憲改聯盟,8,
2016年區域立委選舉,2016,臺北市,信義區,四育里,臺北市第07選區,6,林芷芬,台灣獨立黨,11,
2016年區域立委選舉,2016,臺北市,信義區,四育里,臺北市第07選區,7,費鴻泰,中國國民黨,1311,*
2016年區域立委選舉,2016,臺北市,信義區,四育里,臺北市第07選區,8,楊實秋,無黨籍及未經政黨推薦,1626,
2016年區域立委選舉,2016,臺北市,信義區,四維里,臺北市第07選區,1,林文傑,無黨籍及未經政黨推薦,15,
2016年區域立委選舉,2016,臺北市,信義區,四維里,臺北市第07選區,2,呂欣潔,綠黨社會民主黨聯盟,309,
2016年區域立委選舉,2016,臺北市,信義區,四維里,臺北市第07選區,3,詹益正,無黨籍及未經政黨推薦,5,
2016年區域立委選舉,2016,臺北市,信義區,四維里,臺北市第07選區,4,蘇承英,和平鴿聯盟黨,12,
2016年區域立委選舉,2016,臺北市,信義區,四維里,臺北市第07選區,5,范揚律,大愛憲改聯盟,3,
2016年區域立委選舉,2016,臺北市,信義區,四維里,臺北市第07選區,6,林芷芬,台灣獨立黨,7,
2016年區域立委選舉,2016,臺北市,信義區,四維里,臺北市第07選區,7,費鴻泰,中國國民黨,1402,*
2016年區域立委選舉,2016,臺北市,信義區,四維里,臺北市第07選區,8,楊實秋,無黨籍及未經政黨推薦,1383,
2016年區域立委選舉,2016,臺北市,信義區,永春里,臺北市第07選區,1,林文傑,無黨籍及未經政黨推薦,26,
2016年區域立委選舉,2016,臺北市,信義區,永春里,臺北市第07選區,2,呂欣潔,綠黨社會民主黨聯盟,298,
2016年區域立委選舉,2016,臺北市,信義區,永春里,臺北市第07選區,3,詹益正,無黨籍及未經政黨推薦,12,
2016年區域立委選舉,2016,臺北市,信義區,永春里,臺北市第07選區,4,蘇承英,和平鴿聯盟黨,17,
2016年區域立委選舉,2016,臺北市,信義區,永春里,臺北市第07選區,5,范揚律,大愛憲改聯盟,7,
2016年區域立委選舉,2016,臺北市,信義區,永春里,臺北市第07選區,6,林芷芬,台灣獨立黨,16,
2016年區域立委選舉,2016,臺北市,信義區,永春里,臺北市第07選區,7,費鴻泰,中國國民黨,1121,*
2016年區域立委選舉,2016,臺北市,信義區,永春里,臺北市第07選區,8,楊實秋,無黨籍及未經政黨推薦,1348,
2016年區域立委選舉,2016,臺北市,信義區,富台里,臺北市第07選區,1,林文傑,無黨籍及未經政黨推薦,21,
2016年區域立委選舉,2016,臺北市,信義區,富台里,臺北市第07選區,2,呂欣潔,綠黨社會民主黨聯盟,269,
2016年區域立委選舉,2016,臺北市,信義區,富台里,臺北市第07選區,3,詹益正,無黨籍及未經政黨推薦,17,
2016年區域立委選舉,2016,臺北市,信義區,富台里,臺北市第07選區,4,蘇承英,和平鴿聯盟黨,7,
2016年區域立委選舉,2016,臺北市,信義區,富台里,臺北市第07選區,5,范揚律,大愛憲改聯盟,3,
2016年區域立委選舉,2016,臺北市,信義區,富台里,臺北市第07選區,6,林芷芬,台灣獨立黨,9,
2016年區域立委選舉,2016,臺北市,信義區,富台里,臺北市第07選區,7,費鴻泰,中國國民黨,1336,*
2016年區域立委選舉,2016,臺北市,信義區,富台里,臺北市第07選區,8,楊實秋,無黨籍及未經政黨推薦,736,
2016年區域立委選舉,2016,臺北市,信義區,國業里,臺北市第07選區,1,林文傑,無黨籍及未經政黨推薦,14,
2016年區域立委選舉,2016,臺北市,信義區,國業里,臺北市第07選區,2,呂欣潔,綠黨社會民主黨聯盟,469,
2016年區域立委選舉,2016,臺北市,信義區,國業里,臺北市第07選區,3,詹益正,無黨籍及未經政黨推薦,16,
2016年區域立委選舉,2016,臺北市,信義區,國業里,臺北市第07選區,4,蘇承英,和平鴿聯盟黨,20,
2016年區域立委選舉,2016,臺北市,信義區,國業里,臺北市第07選區,5,范揚律,大愛憲改聯盟,6,
2016年區域立委選舉,2016,臺北市,信義區,國業里,臺北市第07選區,6,林芷芬,台灣獨立黨,11,
2016年區域立委選舉,2016,臺北市,信義區,國業里,臺北市第07選區,7,費鴻泰,中國國民黨,1838,*
2016年區域立委選舉,2016,臺北市,信義區,國業里,臺北市第07選區,8,楊實秋,無黨籍及未經政黨推薦,1727,
2016年區域立委選舉,2016,臺北市,信義區,松隆里,臺北市第07選區,1,林文傑,無黨籍及未經政黨推薦,11,
2016年區域立委選舉,2016,臺北市,信義區,松隆里,臺北市第07選區,2,呂欣潔,綠黨社會民主黨聯盟,141,
2016年區域立委選舉,2016,臺北市,信義區,松隆里,臺北市第07選區,3,詹益正,無黨籍及未經政黨推薦,7,
2016年區域立委選舉,2016,臺北市,信義區,松隆里,臺北市第07選區,4,蘇承英,和平鴿聯盟黨,4,
2016年區域立委選舉,2016,臺北市,信義區,松隆里,臺北市第07選區,5,范揚律,大愛憲改聯盟,2,
2016年區域立委選舉,2016,臺北市,信義區,松隆里,臺北市第07選區,6,林芷芬,台灣獨立黨,8,
2016年區域立委選舉,2016,臺北市,信義區,松隆里,臺北市第07選區,7,費鴻泰,中國國民黨,558,*
2016年區域立委選舉,2016,臺北市,信義區,松隆里,臺北市第07選區,8,楊實秋,無黨籍及未經政黨推薦,510,
2016年區域立委選舉,2016,臺北市,信義區,松友里,臺北市第07選區,1,林文傑,無黨籍及未經政黨推薦,16,
2016年區域立委選舉,2016,臺北市,信義區,松友里,臺北市第07選區,2,呂欣潔,綠黨社會民主黨聯盟,444,
2016年區域立委選舉,2016,臺北市,信義區,松友里,臺北市第07選區,3,詹益正,無黨籍及未經政黨推薦,7,
2016年區域立委選舉,2016,臺北市,信義區,松友里,臺北市第07選區,4,蘇承英,和平鴿聯盟黨,19,
2016年區域立委選舉,2016,臺北市,信義區,松友里,臺北市第07選區,5,范揚律,大愛憲改聯盟,4,
2016年區域立委選舉,2016,臺北市,信義區,松友里,臺北市第07選區,6,林芷芬,台灣獨立黨,11,
2016年區域立委選舉,2016,臺北市,信義區,松友里,臺北市第07選區,7,費鴻泰,中國國民黨,1724,*
2016年區域立委選舉,2016,臺北市,信義區,松友里,臺北市第07選區,8,楊實秋,無黨籍及未經政黨推薦,1504,
2016年區域立委選舉,2016,臺北市,信義區,松光里,臺北市第07選區,1,林文傑,無黨籍及未經政黨推薦,16,
2016年區域立委選舉,2016,臺北市,信義區,松光里,臺北市第07選區,2,呂欣潔,綠黨社會民主黨聯盟,281,
2016年區域立委選舉,2016,臺北市,信義區,松光里,臺北市第07選區,3,詹益正,無黨籍及未經政黨推薦,12,
2016年區域立委選舉,2016,臺北市,信義區,松光里,臺北市第07選區,4,蘇承英,和平鴿聯盟黨,7,
2016年區域立委選舉,2016,臺北市,信義區,松光里,臺北市第07選區,5,范揚律,大愛憲改聯盟,7,
2016年區域立委選舉,2016,臺北市,信義區,松光里,臺北市第07選區,6,林芷芬,台灣獨立黨,9,
2016年區域立委選舉,2016,臺北市,信義區,松光里,臺北市第07選區,7,費鴻泰,中國國民黨,1184,*
2016年區域立委選舉,2016,臺北市,信義區,松光里,臺北市第07選區,8,楊實秋,無黨籍及未經政黨推薦,1357,
2016年區域立委選舉,2016,臺北市,信義區,中坡里,臺北市第07選區,1,林文傑,無黨籍及未經政黨推薦,19,
2016年區域立委選舉,2016,臺北市,信義區,中坡里,臺北市第07選區,2,呂欣潔,綠黨社會民主黨聯盟,289,
2016年區域立委選舉,2016,臺北市,信義區,中坡里,臺北市第07選區,3,詹益正,無黨籍及未經政黨推薦,5,
2016年區域立委選舉,2016,臺北市,信義區,中坡里,臺北市第07選區,4,蘇承英,和平鴿聯盟黨,11,
2016年區域立委選舉,2016,臺北市,信義區,中坡里,臺北市第07選區,5,范揚律,大愛憲改聯盟,5,
2016年區域立委選舉,2016,臺北市,信義區,中坡里,臺北市第07選區,6,林芷芬,台灣獨立黨,10,
2016年區域立委選舉,2016,臺北市,信義區,中坡里,臺北市第07選區,7,費鴻泰,中國國民黨,1143,*
2016年區域立委選舉,2016,臺北市,信義區,中坡里,臺北市第07選區,8,楊實秋,無黨籍及未經政黨推薦,1169,
2016年區域立委選舉,2016,臺北市,信義區,中行里,臺北市第07選區,1,林文傑,無黨籍及未經政黨推薦,36,
2016年區域立委選舉,2016,臺北市,信義區,中行里,臺北市第07選區,2,呂欣潔,綠黨社會民主黨聯盟,589,
2016年區域立委選舉,2016,臺北市,信義區,中行里,臺北市第07選區,3,詹益正,無黨籍及未經政黨推薦,22,
2016年區域立委選舉,2016,臺北市,信義區,中行里,臺北市第07選區,4,蘇承英,和平鴿聯盟黨,32,
2016年區域立委選舉,2016,臺北市,信義區,中行里,臺北市第07選區,5,范揚律,大愛憲改聯盟,6,
2016年區域立委選舉,2016,臺北市,信義區,中行里,臺北市第07選區,6,林芷芬,台灣獨立黨,22,
2016年區域立委選舉,2016,臺北市,信義區,中行里,臺北市第07選區,7,費鴻泰,中國國民黨,1843,*
2016年區域立委選舉,2016,臺北市,信義區,中行里,臺北市第07選區,8,楊實秋,無黨籍及未經政黨推薦,2099,
2016年區域立委選舉,2016,臺北市,信義區,大道里,臺北市第07選區,1,林文傑,無黨籍及未經政黨推薦,31,
2016年區域立委選舉,2016,臺北市,信義區,大道里,臺北市第07選區,2,呂欣潔,綠黨社會民主黨聯盟,396,
2016年區域立委選舉,2016,臺北市,信義區,大道里,臺北市第07選區,3,詹益正,無黨籍及未經政黨推薦,13,
2016年區域立委選舉,2016,臺北市,信義區,大道里,臺北市第07選區,4,蘇承英,和平鴿聯盟黨,14,
2016年區域立委選舉,2016,臺北市,信義區,大道里,臺北市第07選區,5,范揚律,大愛憲改聯盟,5,
2016年區域立委選舉,2016,臺北市,信義區,大道里,臺北市第07選區,6,林芷芬,台灣獨立黨,13,
2016年區域立委選舉,2016,臺北市,信義區,大道里,臺北市第07選區,7,費鴻泰,中國國民黨,1527,*
2016年區域立委選舉,2016,臺北市,信義區,大道里,臺北市第07選區,8,楊實秋,無黨籍及未經政黨推薦,1741,
2016年區域立委選舉,2016,臺北市,信義區,大仁里,臺北市第07選區,1,林文傑,無黨籍及未經政黨推薦,23,
2016年區域立委選舉,2016,臺北市,信義區,大仁里,臺北市第07選區,2,呂欣潔,綠黨社會民主黨聯盟,248,
2016年區域立委選舉,2016,臺北市,信義區,大仁里,臺北市第07選區,3,詹益正,無黨籍及未經政黨推薦,12,
2016年區域立委選舉,2016,臺北市,信義區,大仁里,臺北市第07選區,4,蘇承英,和平鴿聯盟黨,8,
2016年區域立委選舉,2016,臺北市,信義區,大仁里,臺北市第07選區,5,范揚律,大愛憲改聯盟,1,
2016年區域立委選舉,2016,臺北市,信義區,大仁里,臺北市第07選區,6,林芷芬,台灣獨立黨,9,
2016年區域立委選舉,2016,臺北市,信義區,大仁里,臺北市第07選區,7,費鴻泰,中國國民黨,1063,*
2016年區域立委選舉,2016,臺北市,信義區,大仁里,臺北市第07選區,8,楊實秋,無黨籍及未經政黨推薦,1047,
2016年區域立委選舉,2016,臺北市,信義區,景新里,臺北市第07選區,1,林文傑,無黨籍及未經政黨推薦,23,
2016年區域立委選舉,2016,臺北市,信義區,景新里,臺北市第07選區,2,呂欣潔,綠黨社會民主黨聯盟,289,
2016年區域立委選舉,2016,臺北市,信義區,景新里,臺北市第07選區,3,詹益正,無黨籍及未經政黨推薦,8,
2016年區域立委選舉,2016,臺北市,信義區,景新里,臺北市第07選區,4,蘇承英,和平鴿聯盟黨,13,
2016年區域立委選舉,2016,臺北市,信義區,景新里,臺北市第07選區,5,范揚律,大愛憲改聯盟,6,
2016年區域立委選舉,2016,臺北市,信義區,景新里,臺北市第07選區,6,林芷芬,台灣獨立黨,6,
2016年區域立委選舉,2016,臺北市,信義區,景新里,臺北市第07選區,7,費鴻泰,中國國民黨,1414,*
2016年區域立委選舉,2016,臺北市,信義區,景新里,臺北市第07選區,8,楊實秋,無黨籍及未經政黨推薦,1123,
2016年區域立委選舉,2016,臺北市,信義區,惠安里,臺北市第07選區,1,林文傑,無黨籍及未經政黨推薦,21,
2016年區域立委選舉,2016,臺北市,信義區,惠安里,臺北市第07選區,2,呂欣潔,綠黨社會民主黨聯盟,344,
2016年區域立委選舉,2016,臺北市,信義區,惠安里,臺北市第07選區,3,詹益正,無黨籍及未經政黨推薦,11,
2016年區域立委選舉,2016,臺北市,信義區,惠安里,臺北市第07選區,4,蘇承英,和平鴿聯盟黨,24,
2016年區域立委選舉,2016,臺北市,信義區,惠安里,臺北市第07選區,5,范揚律,大愛憲改聯盟,6,
2016年區域立委選舉,2016,臺北市,信義區,惠安里,臺北市第07選區,6,林芷芬,台灣獨立黨,15,
2016年區域立委選舉,2016,臺北市,信義區,惠安里,臺北市第07選區,7,費鴻泰,中國國民黨,2000,*
2016年區域立委選舉,2016,臺北市,信義區,惠安里,臺北市第07選區,8,楊實秋,無黨籍及未經政黨推薦,1370,
2016年區域立委選舉,2016,臺北市,信義區,三張里,臺北市第07選區,1,林文傑,無黨籍及未經政黨推薦,34,
2016年區域立委選舉,2016,臺北市,信義區,三張里,臺北市第07選區,2,呂欣潔,綠黨社會民主黨聯盟,472,
2016年區域立委選舉,2016,臺北市,信義區,三張里,臺北市第07選區,3,詹益正,無黨籍及未經政黨推薦,15,
2016年區域立委選舉,2016,臺北市,信義區,三張里,臺北市第07選區,4,蘇承英,和平鴿聯盟黨,17,
2016年區域立委選舉,2016,臺北市,信義區,三張里,臺北市第07選區,5,范揚律,大愛憲改聯盟,9,
2016年區域立委選舉,2016,臺北市,信義區,三張里,臺北市第07選區,6,林芷芬,台灣獨立黨,16,
2016年區域立委選舉,2016,臺北市,信義區,三張里,臺北市第07選區,7,費鴻泰,中國國民黨,2568,*
2016年區域立委選舉,2016,臺北市,信義區,三張里,臺北市第07選區,8,楊實秋,無黨籍及未經政黨推薦,2031,
2016年區域立委選舉,2016,臺北市,信義區,三犁里,臺北市第07選區,1,林文傑,無黨籍及未經政黨推薦,19,
2016年區域立委選舉,2016,臺北市,信義區,三犁里,臺北市第07選區,2,呂欣潔,綠黨社會民主黨聯盟,270,
2016年區域立委選舉,2016,臺北市,信義區,三犁里,臺北市第07選區,3,詹益正,無黨籍及未經政黨推薦,9,
2016年區域立委選舉,2016,臺北市,信義區,三犁里,臺北市第07選區,4,蘇承英,和平鴿聯盟黨,11,
2016年區域立委選舉,2016,臺北市,信義區,三犁里,臺北市第07選區,5,范揚律,大愛憲改聯盟,1,
2016年區域立委選舉,2016,臺北市,信義區,三犁里,臺北市第07選區,6,林芷芬,台灣獨立黨,8,
2016年區域立委選舉,2016,臺北市,信義區,三犁里,臺北市第07選區,7,費鴻泰,中國國民黨,1472,*
2016年區域立委選舉,2016,臺北市,信義區,三犁里,臺北市第07選區,8,楊實秋,無黨籍及未經政黨推薦,1174,
2016年區域立委選舉,2016,臺北市,信義區,六合里,臺北市第07選區,1,林文傑,無黨籍及未經政黨推薦,19,
2016年區域立委選舉,2016,臺北市,信義區,六合里,臺北市第07選區,2,呂欣潔,綠黨社會民主黨聯盟,392,
2016年區域立委選舉,2016,臺北市,信義區,六合里,臺北市第07選區,3,詹益正,無黨籍及未經政黨推薦,10,
2016年區域立委選舉,2016,臺北市,信義區,六合里,臺北市第07選區,4,蘇承英,和平鴿聯盟黨,18,
2016年區域立委選舉,2016,臺北市,信義區,六合里,臺北市第07選區,5,范揚律,大愛憲改聯盟,3,
2016年區域立委選舉,2016,臺北市,信義區,六合里,臺北市第07選區,6,林芷芬,台灣獨立黨,12,
2016年區域立委選舉,2016,臺北市,信義區,六合里,臺北市第07選區,7,費鴻泰,中國國民黨,2057,*
2016年區域立委選舉,2016,臺北市,信義區,六合里,臺北市第07選區,8,楊實秋,無黨籍及未經政黨推薦,1316,
2016年區域立委選舉,2016,臺北市,信義區,泰和里,臺北市第07選區,1,林文傑,無黨籍及未經政黨推薦,44,
2016年區域立委選舉,2016,臺北市,信義區,泰和里,臺北市第07選區,2,呂欣潔,綠黨社會民主黨聯盟,447,
2016年區域立委選舉,2016,臺北市,信義區,泰和里,臺北市第07選區,3,詹益正,無黨籍及未經政黨推薦,8,
2016年區域立委選舉,2016,臺北市,信義區,泰和里,臺北市第07選區,4,蘇承英,和平鴿聯盟黨,17,
2016年區域立委選舉,2016,臺北市,信義區,泰和里,臺北市第07選區,5,范揚律,大愛憲改聯盟,5,
2016年區域立委選舉,2016,臺北市,信義區,泰和里,臺北市第07選區,6,林芷芬,台灣獨立黨,12,
2016年區域立委選舉,2016,臺北市,信義區,泰和里,臺北市第07選區,7,費鴻泰,中國國民黨,2062,*
2016年區域立委選舉,2016,臺北市,信義區,泰和里,臺北市第07選區,8,楊實秋,無黨籍及未經政黨推薦,1735,
2016年區域立委選舉,2016,臺北市,信義區,景聯里,臺北市第07選區,1,林文傑,無黨籍及未經政黨推薦,20,
2016年區域立委選舉,2016,臺北市,信義區,景聯里,臺北市第07選區,2,呂欣潔,綠黨社會民主黨聯盟,259,
2016年區域立委選舉,2016,臺北市,信義區,景聯里,臺北市第07選區,3,詹益正,無黨籍及未經政黨推薦,11,
2016年區域立委選舉,2016,臺北市,信義區,景聯里,臺北市第07選區,4,蘇承英,和平鴿聯盟黨,10,
2016年區域立委選舉,2016,臺北市,信義區,景聯里,臺北市第07選區,5,范揚律,大愛憲改聯盟,2,
2016年區域立委選舉,2016,臺北市,信義區,景聯里,臺北市第07選區,6,林芷芬,台灣獨立黨,12,
2016年區域立委選舉,2016,臺北市,信義區,景聯里,臺北市第07選區,7,費鴻泰,中國國民黨,1286,*
2016年區域立委選舉,2016,臺北市,信義區,景聯里,臺北市第07選區,8,楊實秋,無黨籍及未經政黨推薦,1153,
2016年區域立委選舉,2016,臺北市,信義區,景勤里,臺北市第07選區,1,林文傑,無黨籍及未經政黨推薦,24,
2016年區域立委選舉,2016,臺北市,信義區,景勤里,臺北市第07選區,2,呂欣潔,綠黨社會民主黨聯盟,190,
2016年區域立委選舉,2016,臺北市,信義區,景勤里,臺北市第07選區,3,詹益正,無黨籍及未經政黨推薦,9,
2016年區域立委選舉,2016,臺北市,信義區,景勤里,臺北市第07選區,4,蘇承英,和平鴿聯盟黨,4,
2016年區域立委選舉,2016,臺北市,信義區,景勤里,臺北市第07選區,5,范揚律,大愛憲改聯盟,5,
2016年區域立委選舉,2016,臺北市,信義區,景勤里,臺北市第07選區,6,林芷芬,台灣獨立黨,8,
2016年區域立委選舉,2016,臺北市,信義區,景勤里,臺北市第07選區,7,費鴻泰,中國國民黨,1157,*
2016年區域立委選舉,2016,臺北市,信義區,景勤里,臺北市第07選區,8,楊實秋,無黨籍及未經政黨推薦,966,
2016年區域立委選舉,2016,臺北市,信義區,雙和里,臺北市第07選區,1,林文傑,無黨籍及未經政黨推薦,20,
2016年區域立委選舉,2016,臺北市,信義區,雙和里,臺北市第07選區,2,呂欣潔,綠黨社會民主黨聯盟,378,
2016年區域立委選舉,2016,臺北市,信義區,雙和里,臺北市第07選區,3,詹益正,無黨籍及未經政黨推薦,9,
2016年區域立委選舉,2016,臺北市,信義區,雙和里,臺北市第07選區,4,蘇承英,和平鴿聯盟黨,13,
2016年區域立委選舉,2016,臺北市,信義區,雙和里,臺北市第07選區,5,范揚律,大愛憲改聯盟,2,
2016年區域立委選舉,2016,臺北市,信義區,雙和里,臺北市第07選區,6,林芷芬,台灣獨立黨,15,
2016年區域立委選舉,2016,臺北市,信義區,雙和里,臺北市第07選區,7,費鴻泰,中國國民黨,2106,*
2016年區域立委選舉,2016,臺北市,信義區,雙和里,臺北市第07選區,8,楊實秋,無黨籍及未經政黨推薦,1690,
2016年區域立委選舉,2016,臺北市,信義區,嘉興里,臺北市第07選區,1,林文傑,無黨籍及未經政黨推薦,16,
2016年區域立委選舉,2016,臺北市,信義區,嘉興里,臺北市第07選區,2,呂欣潔,綠黨社會民主黨聯盟,193,
2016年區域立委選舉,2016,臺北市,信義區,嘉興里,臺北市第07選區,3,詹益正,無黨籍及未經政黨推薦,9,
2016年區域立委選舉,2016,臺北市,信義區,嘉興里,臺北市第07選區,4,蘇承英,和平鴿聯盟黨,7,
2016年區域立委選舉,2016,臺北市,信義區,嘉興里,臺北市第07選區,5,范揚律,大愛憲改聯盟,3,
2016年區域立委選舉,2016,臺北市,信義區,嘉興里,臺北市第07選區,6,林芷芬,台灣獨立黨,6,
2016年區域立委選舉,2016,臺北市,信義區,嘉興里,臺北市第07選區,7,費鴻泰,中國國民黨,771,*
2016年區域立委選舉,2016,臺北市,信義區,嘉興里,臺北市第07選區,8,楊實秋,無黨籍及未經政黨推薦,856,
2016年區域立委選舉,2016,臺北市,信義區,黎順里,臺北市第07選區,1,林文傑,無黨籍及未經政黨推薦,18,
2016年區域立委選舉,2016,臺北市,信義區,黎順里,臺北市第07選區,2,呂欣潔,綠黨社會民主黨聯盟,249,
2016年區域立委選舉,2016,臺北市,信義區,黎順里,臺北市第07選區,3,詹益正,無黨籍及未經政黨推薦,9,
2016年區域立委選舉,2016,臺北市,信義區,黎順里,臺北市第07選區,4,蘇承英,和平鴿聯盟黨,5,
2016年區域立委選舉,2016,臺北市,信義區,黎順里,臺北市第07選區,5,范揚律,大愛憲改聯盟,5,
2016年區域立委選舉,2016,臺北市,信義區,黎順里,臺北市第07選區,6,林芷芬,台灣獨立黨,14,
2016年區域立委選舉,2016,臺北市,信義區,黎順里,臺北市第07選區,7,費鴻泰,中國國民黨,1109,*
2016年區域立委選舉,2016,臺北市,信義區,黎順里,臺北市第07選區,8,楊實秋,無黨籍及未經政黨推薦,934,
2016年區域立委選舉,2016,臺北市,信義區,黎平里,臺北市第07選區,1,林文傑,無黨籍及未經政黨推薦,35,
2016年區域立委選舉,2016,臺北市,信義區,黎平里,臺北市第07選區,2,呂欣潔,綠黨社會民主黨聯盟,408,
2016年區域立委選舉,2016,臺北市,信義區,黎平里,臺北市第07選區,3,詹益正,無黨籍及未經政黨推薦,19,
2016年區域立委選舉,2016,臺北市,信義區,黎平里,臺北市第07選區,4,蘇承英,和平鴿聯盟黨,16,
2016年區域立委選舉,2016,臺北市,信義區,黎平里,臺北市第07選區,5,范揚律,大愛憲改聯盟,5,
2016年區域立委選舉,2016,臺北市,信義區,黎平里,臺北市第07選區,6,林芷芬,台灣獨立黨,20,
2016年區域立委選舉,2016,臺北市,信義區,黎平里,臺北市第07選區,7,費鴻泰,中國國民黨,1904,*
2016年區域立委選舉,2016,臺北市,信義區,黎平里,臺北市第07選區,8,楊實秋,無黨籍及未經政黨推薦,1678,
2016年區域立委選舉,2016,臺北市,信義區,黎忠里,臺北市第07選區,1,林文傑,無黨籍及未經政黨推薦,21,
2016年區域立委選舉,2016,臺北市,信義區,黎忠里,臺北市第07選區,2,呂欣潔,綠黨社會民主黨聯盟,295,
2016年區域立委選舉,2016,臺北市,信義區,黎忠里,臺北市第07選區,3,詹益正,無黨籍及未經政黨推薦,6,
2016年區域立委選舉,2016,臺北市,信義區,黎忠里,臺北市第07選區,4,蘇承英,和平鴿聯盟黨,12,
2016年區域立委選舉,2016,臺北市,信義區,黎忠里,臺北市第07選區,5,范揚律,大愛憲改聯盟,3,
2016年區域立委選舉,2016,臺北市,信義區,黎忠里,臺北市第07選區,6,林芷芬,台灣獨立黨,16,
2016年區域立委選舉,2016,臺北市,信義區,黎忠里,臺北市第07選區,7,費鴻泰,中國國民黨,1365,*
2016年區域立委選舉,2016,臺北市,信義區,黎忠里,臺北市第07選區,8,楊實秋,無黨籍及未經政黨推薦,1127,
2016年區域立委選舉,2016,臺北市,信義區,黎安里,臺北市第07選區,1,林文傑,無黨籍及未經政黨推薦,16,
2016年區域立委選舉,2016,臺北市,信義區,黎安里,臺北市第07選區,2,呂欣潔,綠黨社會民主黨聯盟,89,
2016年區域立委選舉,2016,臺北市,信義區,黎安里,臺北市第07選區,3,詹益正,無黨籍及未經政黨推薦,4,
2016年區域立委選舉,2016,臺北市,信義區,黎安里,臺北市第07選區,4,蘇承英,和平鴿聯盟黨,6,
2016年區域立委選舉,2016,臺北市,信義區,黎安里,臺北市第07選區,5,范揚律,大愛憲改聯盟,3,
2016年區域立委選舉,2016,臺北市,信義區,黎安里,臺北市第07選區,6,林芷芬,台灣獨立黨,6,
2016年區域立委選舉,2016,臺北市,信義區,黎安里,臺北市第07選區,7,費鴻泰,中國國民黨,814,*
2016年區域立委選舉,2016,臺北市,信義區,黎安里,臺北市第07選區,8,楊實秋,無黨籍及未經政黨推薦,326,
2016年區域立委選舉,2016,臺北市,大安區,德安里,臺北市第06選區,1,陳家宏,樹黨,27,
2016年區域立委選舉,2016,臺北市,大安區,德安里,臺北市第06選區,2,范雲,綠黨社會民主黨聯盟,1008,
2016年區域立委選舉,2016,臺北市,大安區,德安里,臺北市第06選區,3,龎維良,無黨籍及未經政黨推薦,33,
2016年區域立委選舉,2016,臺北市,大安區,德安里,臺北市第06選區,4,趙衍慶,無黨籍及未經政黨推薦,53,
2016年區域立委選舉,2016,臺北市,大安區,德安里,臺北市第06選區,5,林珍妤,台灣獨立黨,24,
2016年區域立委選舉,2016,臺北市,大安區,德安里,臺北市第06選區,6,周芳如,無黨籍及未經政黨推薦,73,
2016年區域立委選舉,2016,臺北市,大安區,德安里,臺北市第06選區,7,蔣慰慈,無黨籍及未經政黨推薦,3,
2016年區域立委選舉,2016,臺北市,大安區,德安里,臺北市第06選區,8,鄭村棋,人民民主陣線,119,
2016年區域立委選舉,2016,臺北市,大安區,德安里,臺北市第06選區,9,曾獻瑩,信心希望聯盟,96,
2016年區域立委選舉,2016,臺北市,大安區,德安里,臺北市第06選區,10,蔣乃辛,中國國民黨,1388,*
2016年區域立委選舉,2016,臺北市,大安區,德安里,臺北市第06選區,11,古文發,大愛憲改聯盟,3,
2016年區域立委選舉,2016,臺北市,大安區,德安里,臺北市第06選區,12,吳旭智,民國黨,130,
2016年區域立委選舉,2016,臺北市,大安區,仁慈里,臺北市第06選區,1,陳家宏,樹黨,48,
2016年區域立委選舉,2016,臺北市,大安區,仁慈里,臺北市第06選區,2,范雲,綠黨社會民主黨聯盟,1161,
2016年區域立委選舉,2016,臺北市,大安區,仁慈里,臺北市第06選區,3,龎維良,無黨籍及未經政黨推薦,30,
2016年區域立委選舉,2016,臺北市,大安區,仁慈里,臺北市第06選區,4,趙衍慶,無黨籍及未經政黨推薦,69,
2016年區域立委選舉,2016,臺北市,大安區,仁慈里,臺北市第06選區,5,林珍妤,台灣獨立黨,23,
2016年區域立委選舉,2016,臺北市,大安區,仁慈里,臺北市第06選區,6,周芳如,無黨籍及未經政黨推薦,83,
2016年區域立委選舉,2016,臺北市,大安區,仁慈里,臺北市第06選區,7,蔣慰慈,無黨籍及未經政黨推薦,3,
2016年區域立委選舉,2016,臺北市,大安區,仁慈里,臺北市第06選區,8,鄭村棋,人民民主陣線,114,
2016年區域立委選舉,2016,臺北市,大安區,仁慈里,臺北市第06選區,9,曾獻瑩,信心希望聯盟,60,
2016年區域立委選舉,2016,臺北市,大安區,仁慈里,臺北市第06選區,10,蔣乃辛,中國國民黨,1177,*
2016年區域立委選舉,2016,臺北市,大安區,仁慈里,臺北市第06選區,11,古文發,大愛憲改聯盟,6,
2016年區域立委選舉,2016,臺北市,大安區,仁慈里,臺北市第06選區,12,吳旭智,民國黨,112,
2016年區域立委選舉,2016,臺北市,大安區,和安里,臺北市第06選區,1,陳家宏,樹黨,35,
2016年區域立委選舉,2016,臺北市,大安區,和安里,臺北市第06選區,2,范雲,綠黨社會民主黨聯盟,1214,
2016年區域立委選舉,2016,臺北市,大安區,和安里,臺北市第06選區,3,龎維良,無黨籍及未經政黨推薦,48,
2016年區域立委選舉,2016,臺北市,大安區,和安里,臺北市第06選區,4,趙衍慶,無黨籍及未經政黨推薦,86,
2016年區域立委選舉,2016,臺北市,大安區,和安里,臺北市第06選區,5,林珍妤,台灣獨立黨,35,
2016年區域立委選舉,2016,臺北市,大安區,和安里,臺北市第06選區,6,周芳如,無黨籍及未經政黨推薦,80,
2016年區域立委選舉,2016,臺北市,大安區,和安里,臺北市第06選區,7,蔣慰慈,無黨籍及未經政黨推薦,9,
2016年區域立委選舉,2016,臺北市,大安區,和安里,臺北市第06選區,8,鄭村棋,人民民主陣線,103,
2016年區域立委選舉,2016,臺北市,大安區,和安里,臺北市第06選區,9,曾獻瑩,信心希望聯盟,94,
2016年區域立委選舉,2016,臺北市,大安區,和安里,臺北市第06選區,10,蔣乃辛,中國國民黨,1766,*
2016年區域立委選舉,2016,臺北市,大安區,和安里,臺北市第06選區,11,古文發,大愛憲改聯盟,5,
2016年區域立委選舉,2016,臺北市,大安區,和安里,臺北市第06選區,12,吳旭智,民國黨,135,
2016年區域立委選舉,2016,臺北市,大安區,民炤里,臺北市第06選區,1,陳家宏,樹黨,48,
2016年區域立委選舉,2016,臺北市,大安區,民炤里,臺北市第06選區,2,范雲,綠黨社會民主黨聯盟,1748,
2016年區域立委選舉,2016,臺北市,大安區,民炤里,臺北市第06選區,3,龎維良,無黨籍及未經政黨推薦,61,
2016年區域立委選舉,2016,臺北市,大安區,民炤里,臺北市第06選區,4,趙衍慶,無黨籍及未經政黨推薦,81,
2016年區域立委選舉,2016,臺北市,大安區,民炤里,臺北市第06選區,5,林珍妤,台灣獨立黨,28,
2016年區域立委選舉,2016,臺北市,大安區,民炤里,臺北市第06選區,6,周芳如,無黨籍及未經政黨推薦,109,
2016年區域立委選舉,2016,臺北市,大安區,民炤里,臺北市第06選區,7,蔣慰慈,無黨籍及未經政黨推薦,8,
2016年區域立委選舉,2016,臺北市,大安區,民炤里,臺北市第06選區,8,鄭村棋,人民民主陣線,130,
2016年區域立委選舉,2016,臺北市,大安區,民炤里,臺北市第06選區,9,曾獻瑩,信心希望聯盟,127,
2016年區域立委選舉,2016,臺北市,大安區,民炤里,臺北市第06選區,10,蔣乃辛,中國國民黨,1805,*
2016年區域立委選舉,2016,臺北市,大安區,民炤里,臺北市第06選區,11,古文發,大愛憲改聯盟,9,
2016年區域立委選舉,2016,臺北市,大安區,民炤里,臺北市第06選區,12,吳旭智,民國黨,155,
2016年區域立委選舉,2016,臺北市,大安區,仁愛里,臺北市第06選區,1,陳家宏,樹黨,37,
2016年區域立委選舉,2016,臺北市,大安區,仁愛里,臺北市第06選區,2,范雲,綠黨社會民主黨聯盟,1008,
2016年區域立委選舉,2016,臺北市,大安區,仁愛里,臺北市第06選區,3,龎維良,無黨籍及未經政黨推薦,28,
2016年區域立委選舉,2016,臺北市,大安區,仁愛里,臺北市第06選區,4,趙衍慶,無黨籍及未經政黨推薦,36,
2016年區域立委選舉,2016,臺北市,大安區,仁愛里,臺北市第06選區,5,林珍妤,台灣獨立黨,23,
2016年區域立委選舉,2016,臺北市,大安區,仁愛里,臺北市第06選區,6,周芳如,無黨籍及未經政黨推薦,71,
2016年區域立委選舉,2016,臺北市,大安區,仁愛里,臺北市第06選區,7,蔣慰慈,無黨籍及未經政黨推薦,12,
2016年區域立委選舉,2016,臺北市,大安區,仁愛里,臺北市第06選區,8,鄭村棋,人民民主陣線,101,
2016年區域立委選舉,2016,臺北市,大安區,仁愛里,臺北市第06選區,9,曾獻瑩,信心希望聯盟,59,
2016年區域立委選舉,2016,臺北市,大安區,仁愛里,臺北市第06選區,10,蔣乃辛,中國國民黨,1238,*
2016年區域立委選舉,2016,臺北市,大安區,仁愛里,臺北市第06選區,11,古文發,大愛憲改聯盟,6,
2016年區域立委選舉,2016,臺北市,大安區,仁愛里,臺北市第06選區,12,吳旭智,民國黨,87,
2016年區域立委選舉,2016,臺北市,大安區,義村里,臺北市第06選區,1,陳家宏,樹黨,50,
2016年區域立委選舉,2016,臺北市,大安區,義村里,臺北市第06選區,2,范雲,綠黨社會民主黨聯盟,901,
2016年區域立委選舉,2016,臺北市,大安區,義村里,臺北市第06選區,3,龎維良,無黨籍及未經政黨推薦,54,
2016年區域立委選舉,2016,臺北市,大安區,義村里,臺北市第06選區,4,趙衍慶,無黨籍及未經政黨推薦,83,
2016年區域立委選舉,2016,臺北市,大安區,義村里,臺北市第06選區,5,林珍妤,台灣獨立黨,25,
2016年區域立委選舉,2016,臺北市,大安區,義村里,臺北市第06選區,6,周芳如,無黨籍及未經政黨推薦,73,
2016年區域立委選舉,2016,臺北市,大安區,義村里,臺北市第06選區,7,蔣慰慈,無黨籍及未經政黨推薦,12,
2016年區域立委選舉,2016,臺北市,大安區,義村里,臺北市第06選區,8,鄭村棋,人民民主陣線,113,
2016年區域立委選舉,2016,臺北市,大安區,義村里,臺北市第06選區,9,曾獻瑩,信心希望聯盟,70,
2016年區域立委選舉,2016,臺北市,大安區,義村里,臺北市第06選區,10,蔣乃辛,中國國民黨,1851,*
2016年區域立委選舉,2016,臺北市,大安區,義村里,臺北市第06選區,11,古文發,大愛憲改聯盟,4,
2016年區域立委選舉,2016,臺北市,大安區,義村里,臺北市第06選區,12,吳旭智,民國黨,120,
2016年區域立委選舉,2016,臺北市,大安區,民輝里,臺北市第06選區,1,陳家宏,樹黨,37,
2016年區域立委選舉,2016,臺北市,大安區,民輝里,臺北市第06選區,2,范雲,綠黨社會民主黨聯盟,1521,
2016年區域立委選舉,2016,臺北市,大安區,民輝里,臺北市第06選區,3,龎維良,無黨籍及未經政黨推薦,40,
2016年區域立委選舉,2016,臺北市,大安區,民輝里,臺北市第06選區,4,趙衍慶,無黨籍及未經政黨推薦,75,
2016年區域立委選舉,2016,臺北市,大安區,民輝里,臺北市第06選區,5,林珍妤,台灣獨立黨,31,
2016年區域立委選舉,2016,臺北市,大安區,民輝里,臺北市第06選區,6,周芳如,無黨籍及未經政黨推薦,105,
2016年區域立委選舉,2016,臺北市,大安區,民輝里,臺北市第06選區,7,蔣慰慈,無黨籍及未經政黨推薦,7,
2016年區域立委選舉,2016,臺北市,大安區,民輝里,臺北市第06選區,8,鄭村棋,人民民主陣線,100,
2016年區域立委選舉,2016,臺北市,大安區,民輝里,臺北市第06選區,9,曾獻瑩,信心希望聯盟,132,
2016年區域立委選舉,2016,臺北市,大安區,民輝里,臺北市第06選區,10,蔣乃辛,中國國民黨,1572,*
2016年區域立委選舉,2016,臺北市,大安區,民輝里,臺北市第06選區,11,古文發,大愛憲改聯盟,0,
2016年區域立委選舉,2016,臺北市,大安區,民輝里,臺北市第06選區,12,吳旭智,民國黨,115,
2016年區域立委選舉,2016,臺北市,大安區,昌隆里,臺北市第06選區,1,陳家宏,樹黨,17,
2016年區域立委選舉,2016,臺北市,大安區,昌隆里,臺北市第06選區,2,范雲,綠黨社會民主黨聯盟,705,
2016年區域立委選舉,2016,臺北市,大安區,昌隆里,臺北市第06選區,3,龎維良,無黨籍及未經政黨推薦,13,
2016年區域立委選舉,2016,臺北市,大安區,昌隆里,臺北市第06選區,4,趙衍慶,無黨籍及未經政黨推薦,31,
2016年區域立委選舉,2016,臺北市,大安區,昌隆里,臺北市第06選區,5,林珍妤,台灣獨立黨,21,
2016年區域立委選舉,2016,臺北市,大安區,昌隆里,臺北市第06選區,6,周芳如,無黨籍及未經政黨推薦,66,
2016年區域立委選舉,2016,臺北市,大安區,昌隆里,臺北市第06選區,7,蔣慰慈,無黨籍及未經政黨推薦,1,
2016年區域立委選舉,2016,臺北市,大安區,昌隆里,臺北市第06選區,8,鄭村棋,人民民主陣線,44,
2016年區域立委選舉,2016,臺北市,大安區,昌隆里,臺北市第06選區,9,曾獻瑩,信心希望聯盟,35,
2016年區域立委選舉,2016,臺北市,大安區,昌隆里,臺北市第06選區,10,蔣乃辛,中國國民黨,765,*
2016年區域立委選舉,2016,臺北市,大安區,昌隆里,臺北市第06選區,11,古文發,大愛憲改聯盟,1,
2016年區域立委選舉,2016,臺北市,大安區,昌隆里,臺北市第06選區,12,吳旭智,民國黨,43,
2016年區域立委選舉,2016,臺北市,大安區,誠安里,臺北市第06選區,1,陳家宏,樹黨,21,
2016年區域立委選舉,2016,臺北市,大安區,誠安里,臺北市第06選區,2,范雲,綠黨社會民主黨聯盟,905,
2016年區域立委選舉,2016,臺北市,大安區,誠安里,臺北市第06選區,3,龎維良,無黨籍及未經政黨推薦,27,
2016年區域立委選舉,2016,臺北市,大安區,誠安里,臺北市第06選區,4,趙衍慶,無黨籍及未經政黨推薦,47,
2016年區域立委選舉,2016,臺北市,大安區,誠安里,臺北市第06選區,5,林珍妤,台灣獨立黨,22,
2016年區域立委選舉,2016,臺北市,大安區,誠安里,臺北市第06選區,6,周芳如,無黨籍及未經政黨推薦,77,
2016年區域立委選舉,2016,臺北市,大安區,誠安里,臺北市第06選區,7,蔣慰慈,無黨籍及未經政黨推薦,6,
2016年區域立委選舉,2016,臺北市,大安區,誠安里,臺北市第06選區,8,鄭村棋,人民民主陣線,72,
2016年區域立委選舉,2016,臺北市,大安區,誠安里,臺北市第06選區,9,曾獻瑩,信心希望聯盟,54,
2016年區域立委選舉,2016,臺北市,大安區,誠安里,臺北市第06選區,10,蔣乃辛,中國國民黨,1040,*
2016年區域立委選舉,2016,臺北市,大安區,誠安里,臺北市第06選區,11,古文發,大愛憲改聯盟,0,
2016年區域立委選舉,2016,臺北市,大安區,誠安里,臺北市第06選區,12,吳旭智,民國黨,81,
2016年區域立委選舉,2016,臺北市,大安區,光武里,臺北市第06選區,1,陳家宏,樹黨,56,
2016年區域立委選舉,2016,臺北市,大安區,光武里,臺北市第06選區,2,范雲,綠黨社會民主黨聯盟,1480,
2016年區域立委選舉,2016,臺北市,大安區,光武里,臺北市第06選區,3,龎維良,無黨籍及未經政黨推薦,50,
2016年區域立委選舉,2016,臺北市,大安區,光武里,臺北市第06選區,4,趙衍慶,無黨籍及未經政黨推薦,102,
2016年區域立委選舉,2016,臺北市,大安區,光武里,臺北市第06選區,5,林珍妤,台灣獨立黨,25,
2016年區域立委選舉,2016,臺北市,大安區,光武里,臺北市第06選區,6,周芳如,無黨籍及未經政黨推薦,140,
2016年區域立委選舉,2016,臺北市,大安區,光武里,臺北市第06選區,7,蔣慰慈,無黨籍及未經政黨推薦,5,
2016年區域立委選舉,2016,臺北市,大安區,光武里,臺北市第06選區,8,鄭村棋,人民民主陣線,149,
2016年區域立委選舉,2016,臺北市,大安區,光武里,臺北市第06選區,9,曾獻瑩,信心希望聯盟,99,
2016年區域立委選舉,2016,臺北市,大安區,光武里,臺北市第06選區,10,蔣乃辛,中國國民黨,1790,*
2016年區域立委選舉,2016,臺北市,大安區,光武里,臺北市第06選區,11,古文發,大愛憲改聯盟,5,
2016年區域立委選舉,2016,臺北市,大安區,光武里,臺北市第06選區,12,吳旭智,民國黨,132,
2016年區域立委選舉,2016,臺北市,大安區,龍坡里,臺北市第06選區,1,陳家宏,樹黨,34,
2016年區域立委選舉,2016,臺北市,大安區,龍坡里,臺北市第06選區,2,范雲,綠黨社會民主黨聯盟,1139,
2016年區域立委選舉,2016,臺北市,大安區,龍坡里,臺北市第06選區,3,龎維良,無黨籍及未經政黨推薦,147,
2016年區域立委選舉,2016,臺北市,大安區,龍坡里,臺北市第06選區,4,趙衍慶,無黨籍及未經政黨推薦,54,
2016年區域立委選舉,2016,臺北市,大安區,龍坡里,臺北市第06選區,5,林珍妤,台灣獨立黨,21,
2016年區域立委選舉,2016,臺北市,大安區,龍坡里,臺北市第06選區,6,周芳如,無黨籍及未經政黨推薦,63,
2016年區域立委選舉,2016,臺北市,大安區,龍坡里,臺北市第06選區,7,蔣慰慈,無黨籍及未經政黨推薦,6,
2016年區域立委選舉,2016,臺北市,大安區,龍坡里,臺北市第06選區,8,鄭村棋,人民民主陣線,69,
2016年區域立委選舉,2016,臺北市,大安區,龍坡里,臺北市第06選區,9,曾獻瑩,信心希望聯盟,141,
2016年區域立委選舉,2016,臺北市,大安區,龍坡里,臺北市第06選區,10,蔣乃辛,中國國民黨,1409,*
2016年區域立委選舉,2016,臺北市,大安區,龍坡里,臺北市第06選區,11,古文發,大愛憲改聯盟,2,
2016年區域立委選舉,2016,臺北市,大安區,龍坡里,臺北市第06選區,12,吳旭智,民國黨,91,
2016年區域立委選舉,2016,臺北市,大安區,龍泉里,臺北市第06選區,1,陳家宏,樹黨,20,
2016年區域立委選舉,2016,臺北市,大安區,龍泉里,臺北市第06選區,2,范雲,綠黨社會民主黨聯盟,947,
2016年區域立委選舉,2016,臺北市,大安區,龍泉里,臺北市第06選區,3,龎維良,無黨籍及未經政黨推薦,315,
2016年區域立委選舉,2016,臺北市,大安區,龍泉里,臺北市第06選區,4,趙衍慶,無黨籍及未經政黨推薦,43,
2016年區域立委選舉,2016,臺北市,大安區,龍泉里,臺北市第06選區,5,林珍妤,台灣獨立黨,17,
2016年區域立委選舉,2016,臺北市,大安區,龍泉里,臺北市第06選區,6,周芳如,無黨籍及未經政黨推薦,40,
2016年區域立委選舉,2016,臺北市,大安區,龍泉里,臺北市第06選區,7,蔣慰慈,無黨籍及未經政黨推薦,1,
2016年區域立委選舉,2016,臺北市,大安區,龍泉里,臺北市第06選區,8,鄭村棋,人民民主陣線,65,
2016年區域立委選舉,2016,臺北市,大安區,龍泉里,臺北市第06選區,9,曾獻瑩,信心希望聯盟,75,
2016年區域立委選舉,2016,臺北市,大安區,龍泉里,臺北市第06選區,10,蔣乃辛,中國國民黨,1014,*
2016年區域立委選舉,2016,臺北市,大安區,龍泉里,臺北市第06選區,11,古文發,大愛憲改聯盟,2,
2016年區域立委選舉,2016,臺北市,大安區,龍泉里,臺北市第06選區,12,吳旭智,民國黨,82,
2016年區域立委選舉,2016,臺北市,大安區,古風里,臺北市第06選區,1,陳家宏,樹黨,26,
2016年區域立委選舉,2016,臺北市,大安區,古風里,臺北市第06選區,2,范雲,綠黨社會民主黨聯盟,842,
2016年區域立委選舉,2016,臺北市,大安區,古風里,臺北市第06選區,3,龎維良,無黨籍及未經政黨推薦,99,
2016年區域立委選舉,2016,臺北市,大安區,古風里,臺北市第06選區,4,趙衍慶,無黨籍及未經政黨推薦,41,
2016年區域立委選舉,2016,臺北市,大安區,古風里,臺北市第06選區,5,林珍妤,台灣獨立黨,25,
2016年區域立委選舉,2016,臺北市,大安區,古風里,臺北市第06選區,6,周芳如,無黨籍及未經政黨推薦,52,
2016年區域立委選舉,2016,臺北市,大安區,古風里,臺北市第06選區,7,蔣慰慈,無黨籍及未經政黨推薦,4,
2016年區域立委選舉,2016,臺北市,大安區,古風里,臺北市第06選區,8,鄭村棋,人民民主陣線,47,
2016年區域立委選舉,2016,臺北市,大安區,古風里,臺北市第06選區,9,曾獻瑩,信心希望聯盟,68,
2016年區域立委選舉,2016,臺北市,大安區,古風里,臺北市第06選區,10,蔣乃辛,中國國民黨,1026,*
2016年區域立委選舉,2016,臺北市,大安區,古風里,臺北市第06選區,11,古文發,大愛憲改聯盟,0,
2016年區域立委選舉,2016,臺北市,大安區,古風里,臺北市第06選區,12,吳旭智,民國黨,139,
2016年區域立委選舉,2016,臺北市,大安區,古莊里,臺北市第06選區,1,陳家宏,樹黨,53,
2016年區域立委選舉,2016,臺北市,大安區,古莊里,臺北市第06選區,2,范雲,綠黨社會民主黨聯盟,1351,
2016年區域立委選舉,2016,臺北市,大安區,古莊里,臺北市第06選區,3,龎維良,無黨籍及未經政黨推薦,110,
2016年區域立委選舉,2016,臺北市,大安區,古莊里,臺北市第06選區,4,趙衍慶,無黨籍及未經政黨推薦,82,
2016年區域立委選舉,2016,臺北市,大安區,古莊里,臺北市第06選區,5,林珍妤,台灣獨立黨,36,
2016年區域立委選舉,2016,臺北市,大安區,古莊里,臺北市第06選區,6,周芳如,無黨籍及未經政黨推薦,116,
2016年區域立委選舉,2016,臺北市,大安區,古莊里,臺北市第06選區,7,蔣慰慈,無黨籍及未經政黨推薦,4,
2016年區域立委選舉,2016,臺北市,大安區,古莊里,臺北市第06選區,8,鄭村棋,人民民主陣線,141,
2016年區域立委選舉,2016,臺北市,大安區,古莊里,臺北市第06選區,9,曾獻瑩,信心希望聯盟,143,
2016年區域立委選舉,2016,臺北市,大安區,古莊里,臺北市第06選區,10,蔣乃辛,中國國民黨,1647,*
2016年區域立委選舉,2016,臺北市,大安區,古莊里,臺北市第06選區,11,古文發,大愛憲改聯盟,4,
2016年區域立委選舉,2016,臺北市,大安區,古莊里,臺北市第06選區,12,吳旭智,民國黨,139,
2016年區域立委選舉,2016,臺北市,大安區,龍安里,臺北市第06選區,1,陳家宏,樹黨,52,
2016年區域立委選舉,2016,臺北市,大安區,龍安里,臺北市第06選區,2,范雲,綠黨社會民主黨聯盟,1305,
2016年區域立委選舉,2016,臺北市,大安區,龍安里,臺北市第06選區,3,龎維良,無黨籍及未經政黨推薦,92,
2016年區域立委選舉,2016,臺北市,大安區,龍安里,臺北市第06選區,4,趙衍慶,無黨籍及未經政黨推薦,53,
2016年區域立委選舉,2016,臺北市,大安區,龍安里,臺北市第06選區,5,林珍妤,台灣獨立黨,25,
2016年區域立委選舉,2016,臺北市,大安區,龍安里,臺北市第06選區,6,周芳如,無黨籍及未經政黨推薦,74,
2016年區域立委選舉,2016,臺北市,大安區,龍安里,臺北市第06選區,7,蔣慰慈,無黨籍及未經政黨推薦,8,
2016年區域立委選舉,2016,臺北市,大安區,龍安里,臺北市第06選區,8,鄭村棋,人民民主陣線,110,
2016年區域立委選舉,2016,臺北市,大安區,龍安里,臺北市第06選區,9,曾獻瑩,信心希望聯盟,119,
2016年區域立委選舉,2016,臺北市,大安區,龍安里,臺北市第06選區,10,蔣乃辛,中國國民黨,1519,*
2016年區域立委選舉,2016,臺北市,大安區,龍安里,臺北市第06選區,11,古文發,大愛憲改聯盟,2,
2016年區域立委選舉,2016,臺北市,大安區,龍安里,臺北市第06選區,12,吳旭智,民國黨,82,
2016年區域立委選舉,2016,臺北市,大安區,錦安里,臺北市第06選區,1,陳家宏,樹黨,40,
2016年區域立委選舉,2016,臺北市,大安區,錦安里,臺北市第06選區,2,范雲,綠黨社會民主黨聯盟,1143,
2016年區域立委選舉,2016,臺北市,大安區,錦安里,臺北市第06選區,3,龎維良,無黨籍及未經政黨推薦,73,
2016年區域立委選舉,2016,臺北市,大安區,錦安里,臺北市第06選區,4,趙衍慶,無黨籍及未經政黨推薦,51,
2016年區域立委選舉,2016,臺北市,大安區,錦安里,臺北市第06選區,5,林珍妤,台灣獨立黨,23,
2016年區域立委選舉,2016,臺北市,大安區,錦安里,臺北市第06選區,6,周芳如,無黨籍及未經政黨推薦,73,
2016年區域立委選舉,2016,臺北市,大安區,錦安里,臺北市第06選區,7,蔣慰慈,無黨籍及未經政黨推薦,5,
2016年區域立委選舉,2016,臺北市,大安區,錦安里,臺北市第06選區,8,鄭村棋,人民民主陣線,90,
2016年區域立委選舉,2016,臺北市,大安區,錦安里,臺北市第06選區,9,曾獻瑩,信心希望聯盟,108,
2016年區域立委選舉,2016,臺北市,大安區,錦安里,臺北市第06選區,10,蔣乃辛,中國國民黨,1440,*
2016年區域立委選舉,2016,臺北市,大安區,錦安里,臺北市第06選區,11,古文發,大愛憲改聯盟,4,
2016年區域立委選舉,2016,臺北市,大安區,錦安里,臺北市第06選區,12,吳旭智,民國黨,76,
2016年區域立委選舉,2016,臺北市,大安區,福住里,臺北市第06選區,1,陳家宏,樹黨,51,
2016年區域立委選舉,2016,臺北市,大安區,福住里,臺北市第06選區,2,范雲,綠黨社會民主黨聯盟,1175,
2016年區域立委選舉,2016,臺北市,大安區,福住里,臺北市第06選區,3,龎維良,無黨籍及未經政黨推薦,52,
2016年區域立委選舉,2016,臺北市,大安區,福住里,臺北市第06選區,4,趙衍慶,無黨籍及未經政黨推薦,60,
2016年區域立委選舉,2016,臺北市,大安區,福住里,臺北市第06選區,5,林珍妤,台灣獨立黨,25,
2016年區域立委選舉,2016,臺北市,大安區,福住里,臺北市第06選區,6,周芳如,無黨籍及未經政黨推薦,98,
2016年區域立委選舉,2016,臺北市,大安區,福住里,臺北市第06選區,7,蔣慰慈,無黨籍及未經政黨推薦,4,
2016年區域立委選舉,2016,臺北市,大安區,福住里,臺北市第06選區,8,鄭村棋,人民民主陣線,119,
2016年區域立委選舉,2016,臺北市,大安區,福住里,臺北市第06選區,9,曾獻瑩,信心希望聯盟,106,
2016年區域立委選舉,2016,臺北市,大安區,福住里,臺北市第06選區,10,蔣乃辛,中國國民黨,1499,*
2016年區域立委選舉,2016,臺北市,大安區,福住里,臺北市第06選區,11,古文發,大愛憲改聯盟,5,
2016年區域立委選舉,2016,臺北市,大安區,福住里,臺北市第06選區,12,吳旭智,民國黨,71,
2016年區域立委選舉,2016,臺北市,大安區,永康里,臺北市第06選區,1,陳家宏,樹黨,23,
2016年區域立委選舉,2016,臺北市,大安區,永康里,臺北市第06選區,2,范雲,綠黨社會民主黨聯盟,691,
2016年區域立委選舉,2016,臺北市,大安區,永康里,臺北市第06選區,3,龎維良,無黨籍及未經政黨推薦,21,
2016年區域立委選舉,2016,臺北市,大安區,永康里,臺北市第06選區,4,趙衍慶,無黨籍及未經政黨推薦,44,
2016年區域立委選舉,2016,臺北市,大安區,永康里,臺北市第06選區,5,林珍妤,台灣獨立黨,18,
2016年區域立委選舉,2016,臺北市,大安區,永康里,臺北市第06選區,6,周芳如,無黨籍及未經政黨推薦,46,
2016年區域立委選舉,2016,臺北市,大安區,永康里,臺北市第06選區,7,蔣慰慈,無黨籍及未經政黨推薦,6,
2016年區域立委選舉,2016,臺北市,大安區,永康里,臺北市第06選區,8,鄭村棋,人民民主陣線,65,
2016年區域立委選舉,2016,臺北市,大安區,永康里,臺北市第06選區,9,曾獻瑩,信心希望聯盟,59,
2016年區域立委選舉,2016,臺北市,大安區,永康里,臺北市第06選區,10,蔣乃辛,中國國民黨,926,*
2016年區域立委選舉,2016,臺北市,大安區,永康里,臺北市第06選區,11,古文發,大愛憲改聯盟,1,
2016年區域立委選舉,2016,臺北市,大安區,永康里,臺北市第06選區,12,吳旭智,民國黨,66,
2016年區域立委選舉,2016,臺北市,大安區,光明里,臺北市第06選區,1,陳家宏,樹黨,16,
2016年區域立委選舉,2016,臺北市,大安區,光明里,臺北市第06選區,2,范雲,綠黨社會民主黨聯盟,662,
2016年區域立委選舉,2016,臺北市,大安區,光明里,臺北市第06選區,3,龎維良,無黨籍及未經政黨推薦,37,
2016年區域立委選舉,2016,臺北市,大安區,光明里,臺北市第06選區,4,趙衍慶,無黨籍及未經政黨推薦,36,
2016年區域立委選舉,2016,臺北市,大安區,光明里,臺北市第06選區,5,林珍妤,台灣獨立黨,17,
2016年區域立委選舉,2016,臺北市,大安區,光明里,臺北市第06選區,6,周芳如,無黨籍及未經政黨推薦,103,
2016年區域立委選舉,2016,臺北市,大安區,光明里,臺北市第06選區,7,蔣慰慈,無黨籍及未經政黨推薦,2,
2016年區域立委選舉,2016,臺北市,大安區,光明里,臺北市第06選區,8,鄭村棋,人民民主陣線,63,
2016年區域立委選舉,2016,臺北市,大安區,光明里,臺北市第06選區,9,曾獻瑩,信心希望聯盟,50,
2016年區域立委選舉,2016,臺北市,大安區,光明里,臺北市第06選區,10,蔣乃辛,中國國民黨,794,*
2016年區域立委選舉,2016,臺北市,大安區,光明里,臺北市第06選區,11,古文發,大愛憲改聯盟,2,
2016年區域立委選舉,2016,臺北市,大安區,光明里,臺北市第06選區,12,吳旭智,民國黨,71,
2016年區域立委選舉,2016,臺北市,大安區,錦泰里,臺北市第06選區,1,陳家宏,樹黨,25,
2016年區域立委選舉,2016,臺北市,大安區,錦泰里,臺北市第06選區,2,范雲,綠黨社會民主黨聯盟,618,
2016年區域立委選舉,2016,臺北市,大安區,錦泰里,臺北市第06選區,3,龎維良,無黨籍及未經政黨推薦,37,
2016年區域立委選舉,2016,臺北市,大安區,錦泰里,臺北市第06選區,4,趙衍慶,無黨籍及未經政黨推薦,46,
2016年區域立委選舉,2016,臺北市,大安區,錦泰里,臺北市第06選區,5,林珍妤,台灣獨立黨,14,
2016年區域立委選舉,2016,臺北市,大安區,錦泰里,臺北市第06選區,6,周芳如,無黨籍及未經政黨推薦,53,
2016年區域立委選舉,2016,臺北市,大安區,錦泰里,臺北市第06選區,7,蔣慰慈,無黨籍及未經政黨推薦,2,
2016年區域立委選舉,2016,臺北市,大安區,錦泰里,臺北市第06選區,8,鄭村棋,人民民主陣線,53,
2016年區域立委選舉,2016,臺北市,大安區,錦泰里,臺北市第06選區,9,曾獻瑩,信心希望聯盟,56,
2016年區域立委選舉,2016,臺北市,大安區,錦泰里,臺北市第06選區,10,蔣乃辛,中國國民黨,900,*
2016年區域立委選舉,2016,臺北市,大安區,錦泰里,臺北市第06選區,11,古文發,大愛憲改聯盟,0,
2016年區域立委選舉,2016,臺北市,大安區,錦泰里,臺北市第06選區,12,吳旭智,民國黨,55,
2016年區域立委選舉,2016,臺北市,大安區,錦華里,臺北市第06選區,1,陳家宏,樹黨,36,
2016年區域立委選舉,2016,臺北市,大安區,錦華里,臺北市第06選區,2,范雲,綠黨社會民主黨聯盟,1015,
2016年區域立委選舉,2016,臺北市,大安區,錦華里,臺北市第06選區,3,龎維良,無黨籍及未經政黨推薦,43,
2016年區域立委選舉,2016,臺北市,大安區,錦華里,臺北市第06選區,4,趙衍慶,無黨籍及未經政黨推薦,69,
2016年區域立委選舉,2016,臺北市,大安區,錦華里,臺北市第06選區,5,林珍妤,台灣獨立黨,35,
2016年區域立委選舉,2016,臺北市,大安區,錦華里,臺北市第06選區,6,周芳如,無黨籍及未經政黨推薦,102,
2016年區域立委選舉,2016,臺北市,大安區,錦華里,臺北市第06選區,7,蔣慰慈,無黨籍及未經政黨推薦,5,
2016年區域立委選舉,2016,臺北市,大安區,錦華里,臺北市第06選區,8,鄭村棋,人民民主陣線,109,
2016年區域立委選舉,2016,臺北市,大安區,錦華里,臺北市第06選區,9,曾獻瑩,信心希望聯盟,88,
2016年區域立委選舉,2016,臺北市,大安區,錦華里,臺北市第06選區,10,蔣乃辛,中國國民黨,1436,*
2016年區域立委選舉,2016,臺北市,大安區,錦華里,臺北市第06選區,11,古文發,大愛憲改聯盟,1,
2016年區域立委選舉,2016,臺北市,大安區,錦華里,臺北市第06選區,12,吳旭智,民國黨,107,
2016年區域立委選舉,2016,臺北市,大安區,龍圖里,臺北市第06選區,1,陳家宏,樹黨,50,
2016年區域立委選舉,2016,臺北市,大安區,龍圖里,臺北市第06選區,2,范雲,綠黨社會民主黨聯盟,1263,
2016年區域立委選舉,2016,臺北市,大安區,龍圖里,臺北市第06選區,3,龎維良,無黨籍及未經政黨推薦,54,
2016年區域立委選舉,2016,臺北市,大安區,龍圖里,臺北市第06選區,4,趙衍慶,無黨籍及未經政黨推薦,70,
2016年區域立委選舉,2016,臺北市,大安區,龍圖里,臺北市第06選區,5,林珍妤,台灣獨立黨,33,
2016年區域立委選舉,2016,臺北市,大安區,龍圖里,臺北市第06選區,6,周芳如,無黨籍及未經政黨推薦,83,
2016年區域立委選舉,2016,臺北市,大安區,龍圖里,臺北市第06選區,7,蔣慰慈,無黨籍及未經政黨推薦,4,
2016年區域立委選舉,2016,臺北市,大安區,龍圖里,臺北市第06選區,8,鄭村棋,人民民主陣線,112,
2016年區域立委選舉,2016,臺北市,大安區,龍圖里,臺北市第06選區,9,曾獻瑩,信心希望聯盟,104,
2016年區域立委選舉,2016,臺北市,大安區,龍圖里,臺北市第06選區,10,蔣乃辛,中國國民黨,1717,*
2016年區域立委選舉,2016,臺北市,大安區,龍圖里,臺北市第06選區,11,古文發,大愛憲改聯盟,2,
2016年區域立委選舉,2016,臺北市,大安區,龍圖里,臺北市第06選區,12,吳旭智,民國黨,203,
2016年區域立委選舉,2016,臺北市,大安區,新龍里,臺北市第06選區,1,陳家宏,樹黨,37,
2016年區域立委選舉,2016,臺北市,大安區,新龍里,臺北市第06選區,2,范雲,綠黨社會民主黨聯盟,968,
2016年區域立委選舉,2016,臺北市,大安區,新龍里,臺北市第06選區,3,龎維良,無黨籍及未經政黨推薦,56,
2016年區域立委選舉,2016,臺北市,大安區,新龍里,臺北市第06選區,4,趙衍慶,無黨籍及未經政黨推薦,78,
2016年區域立委選舉,2016,臺北市,大安區,新龍里,臺北市第06選區,5,林珍妤,台灣獨立黨,22,
2016年區域立委選舉,2016,臺北市,大安區,新龍里,臺北市第06選區,6,周芳如,無黨籍及未經政黨推薦,66,
2016年區域立委選舉,2016,臺北市,大安區,新龍里,臺北市第06選區,7,蔣慰慈,無黨籍及未經政黨推薦,5,
2016年區域立委選舉,2016,臺北市,大安區,新龍里,臺北市第06選區,8,鄭村棋,人民民主陣線,101,
2016年區域立委選舉,2016,臺北市,大安區,新龍里,臺北市第06選區,9,曾獻瑩,信心希望聯盟,152,
2016年區域立委選舉,2016,臺北市,大安區,新龍里,臺北市第06選區,10,蔣乃辛,中國國民黨,1978,*
2016年區域立委選舉,2016,臺北市,大安區,新龍里,臺北市第06選區,11,古文發,大愛憲改聯盟,5,
2016年區域立委選舉,2016,臺北市,大安區,新龍里,臺北市第06選區,12,吳旭智,民國黨,241,
2016年區域立委選舉,2016,臺北市,大安區,龍陣里,臺北市第06選區,1,陳家宏,樹黨,33,
2016年區域立委選舉,2016,臺北市,大安區,龍陣里,臺北市第06選區,2,范雲,綠黨社會民主黨聯盟,741,
2016年區域立委選舉,2016,臺北市,大安區,龍陣里,臺北市第06選區,3,龎維良,無黨籍及未經政黨推薦,27,
2016年區域立委選舉,2016,臺北市,大安區,龍陣里,臺北市第06選區,4,趙衍慶,無黨籍及未經政黨推薦,33,
2016年區域立委選舉,2016,臺北市,大安區,龍陣里,臺北市第06選區,5,林珍妤,台灣獨立黨,18,
2016年區域立委選舉,2016,臺北市,大安區,龍陣里,臺北市第06選區,6,周芳如,無黨籍及未經政黨推薦,49,
2016年區域立委選舉,2016,臺北市,大安區,龍陣里,臺北市第06選區,7,蔣慰慈,無黨籍及未經政黨推薦,3,
2016年區域立委選舉,2016,臺北市,大安區,龍陣里,臺北市第06選區,8,鄭村棋,人民民主陣線,43,
2016年區域立委選舉,2016,臺北市,大安區,龍陣里,臺北市第06選區,9,曾獻瑩,信心希望聯盟,57,
2016年區域立委選舉,2016,臺北市,大安區,龍陣里,臺北市第06選區,10,蔣乃辛,中國國民黨,919,*
2016年區域立委選舉,2016,臺北市,大安區,龍陣里,臺北市第06選區,11,古文發,大愛憲改聯盟,0,
2016年區域立委選舉,2016,臺北市,大安區,龍陣里,臺北市第06選區,12,吳旭智,民國黨,125,
2016年區域立委選舉,2016,臺北市,大安區,龍雲里,臺北市第06選區,1,陳家宏,樹黨,34,
2016年區域立委選舉,2016,臺北市,大安區,龍雲里,臺北市第06選區,2,范雲,綠黨社會民主黨聯盟,985,
2016年區域立委選舉,2016,臺北市,大安區,龍雲里,臺北市第06選區,3,龎維良,無黨籍及未經政黨推薦,38,
2016年區域立委選舉,2016,臺北市,大安區,龍雲里,臺北市第06選區,4,趙衍慶,無黨籍及未經政黨推薦,46,
2016年區域立委選舉,2016,臺北市,大安區,龍雲里,臺北市第06選區,5,林珍妤,台灣獨立黨,27,
2016年區域立委選舉,2016,臺北市,大安區,龍雲里,臺北市第06選區,6,周芳如,無黨籍及未經政黨推薦,68,
2016年區域立委選舉,2016,臺北市,大安區,龍雲里,臺北市第06選區,7,蔣慰慈,無黨籍及未經政黨推薦,3,
2016年區域立委選舉,2016,臺北市,大安區,龍雲里,臺北市第06選區,8,鄭村棋,人民民主陣線,73,
2016年區域立委選舉,2016,臺北市,大安區,龍雲里,臺北市第06選區,9,曾獻瑩,信心希望聯盟,76,
2016年區域立委選舉,2016,臺北市,大安區,龍雲里,臺北市第06選區,10,蔣乃辛,中國國民黨,1209,*
2016年區域立委選舉,2016,臺北市,大安區,龍雲里,臺北市第06選區,11,古文發,大愛憲改聯盟,2,
2016年區域立委選舉,2016,臺北市,大安區,龍雲里,臺北市第06選區,12,吳旭智,民國黨,131,
2016年區域立委選舉,2016,臺北市,大安區,龍生里,臺北市第06選區,1,陳家宏,樹黨,46,
2016年區域立委選舉,2016,臺北市,大安區,龍生里,臺北市第06選區,2,范雲,綠黨社會民主黨聯盟,1197,
2016年區域立委選舉,2016,臺北市,大安區,龍生里,臺北市第06選區,3,龎維良,無黨籍及未經政黨推薦,86,
2016年區域立委選舉,2016,臺北市,大安區,龍生里,臺北市第06選區,4,趙衍慶,無黨籍及未經政黨推薦,64,
2016年區域立委選舉,2016,臺北市,大安區,龍生里,臺北市第06選區,5,林珍妤,台灣獨立黨,17,
2016年區域立委選舉,2016,臺北市,大安區,龍生里,臺北市第06選區,6,周芳如,無黨籍及未經政黨推薦,85,
2016年區域立委選舉,2016,臺北市,大安區,龍生里,臺北市第06選區,7,蔣慰慈,無黨籍及未經政黨推薦,2,
2016年區域立委選舉,2016,臺北市,大安區,龍生里,臺北市第06選區,8,鄭村棋,人民民主陣線,108,
2016年區域立委選舉,2016,臺北市,大安區,龍生里,臺北市第06選區,9,曾獻瑩,信心希望聯盟,146,
2016年區域立委選舉,2016,臺北市,大安區,龍生里,臺北市第06選區,10,蔣乃辛,中國國民黨,1663,*
2016年區域立委選舉,2016,臺北市,大安區,龍生里,臺北市第06選區,11,古文發,大愛憲改聯盟,6,
2016年區域立委選舉,2016,臺北市,大安區,龍生里,臺北市第06選區,12,吳旭智,民國黨,176,
2016年區域立委選舉,2016,臺北市,大安區,住安里,臺北市第06選區,1,陳家宏,樹黨,31,
2016年區域立委選舉,2016,臺北市,大安區,住安里,臺北市第06選區,2,范雲,綠黨社會民主黨聯盟,936,
2016年區域立委選舉,2016,臺北市,大安區,住安里,臺北市第06選區,3,龎維良,無黨籍及未經政黨推薦,35,
2016年區域立委選舉,2016,臺北市,大安區,住安里,臺北市第06選區,4,趙衍慶,無黨籍及未經政黨推薦,56,
2016年區域立委選舉,2016,臺北市,大安區,住安里,臺北市第06選區,5,林珍妤,台灣獨立黨,27,
2016年區域立委選舉,2016,臺北市,大安區,住安里,臺北市第06選區,6,周芳如,無黨籍及未經政黨推薦,94,
2016年區域立委選舉,2016,臺北市,大安區,住安里,臺北市第06選區,7,蔣慰慈,無黨籍及未經政黨推薦,7,
2016年區域立委選舉,2016,臺北市,大安區,住安里,臺北市第06選區,8,鄭村棋,人民民主陣線,91,
2016年區域立委選舉,2016,臺北市,大安區,住安里,臺北市第06選區,9,曾獻瑩,信心希望聯盟,73,
2016年區域立委選舉,2016,臺北市,大安區,住安里,臺北市第06選區,10,蔣乃辛,中國國民黨,1309,*
2016年區域立委選舉,2016,臺北市,大安區,住安里,臺北市第06選區,11,古文發,大愛憲改聯盟,6,
2016年區域立委選舉,2016,臺北市,大安區,住安里,臺北市第06選區,12,吳旭智,民國黨,128,
2016年區域立委選舉,2016,臺北市,大安區,義安里,臺北市第06選區,1,陳家宏,樹黨,34,
2016年區域立委選舉,2016,臺北市,大安區,義安里,臺北市第06選區,2,范雲,綠黨社會民主黨聯盟,952,
2016年區域立委選舉,2016,臺北市,大安區,義安里,臺北市第06選區,3,龎維良,無黨籍及未經政黨推薦,31,
2016年區域立委選舉,2016,臺北市,大安區,義安里,臺北市第06選區,4,趙衍慶,無黨籍及未經政黨推薦,57,
2016年區域立委選舉,2016,臺北市,大安區,義安里,臺北市第06選區,5,林珍妤,台灣獨立黨,23,
2016年區域立委選舉,2016,臺北市,大安區,義安里,臺北市第06選區,6,周芳如,無黨籍及未經政黨推薦,57,
2016年區域立委選舉,2016,臺北市,大安區,義安里,臺北市第06選區,7,蔣慰慈,無黨籍及未經政黨推薦,2,
2016年區域立委選舉,2016,臺北市,大安區,義安里,臺北市第06選區,8,鄭村棋,人民民主陣線,99,
2016年區域立委選舉,2016,臺北市,大安區,義安里,臺北市第06選區,9,曾獻瑩,信心希望聯盟,73,
2016年區域立委選舉,2016,臺北市,大安區,義安里,臺北市第06選區,10,蔣乃辛,中國國民黨,1424,*
2016年區域立委選舉,2016,臺北市,大安區,義安里,臺北市第06選區,11,古文發,大愛憲改聯盟,4,
2016年區域立委選舉,2016,臺北市,大安區,義安里,臺北市第06選區,12,吳旭智,民國黨,101,
2016年區域立委選舉,2016,臺北市,大安區,通化里,臺北市第06選區,1,陳家宏,樹黨,48,
2016年區域立委選舉,2016,臺北市,大安區,通化里,臺北市第06選區,2,范雲,綠黨社會民主黨聯盟,1393,
2016年區域立委選舉,2016,臺北市,大安區,通化里,臺北市第06選區,3,龎維良,無黨籍及未經政黨推薦,67,
2016年區域立委選舉,2016,臺北市,大安區,通化里,臺北市第06選區,4,趙衍慶,無黨籍及未經政黨推薦,70,
2016年區域立委選舉,2016,臺北市,大安區,通化里,臺北市第06選區,5,林珍妤,台灣獨立黨,36,
2016年區域立委選舉,2016,臺北市,大安區,通化里,臺北市第06選區,6,周芳如,無黨籍及未經政黨推薦,100,
2016年區域立委選舉,2016,臺北市,大安區,通化里,臺北市第06選區,7,蔣慰慈,無黨籍及未經政黨推薦,5,
2016年區域立委選舉,2016,臺北市,大安區,通化里,臺北市第06選區,8,鄭村棋,人民民主陣線,109,
2016年區域立委選舉,2016,臺北市,大安區,通化里,臺北市第06選區,9,曾獻瑩,信心希望聯盟,70,
2016年區域立委選舉,2016,臺北市,大安區,通化里,臺北市第06選區,10,蔣乃辛,中國國民黨,1426,*
2016年區域立委選舉,2016,臺北市,大安區,通化里,臺北市第06選區,11,古文發,大愛憲改聯盟,8,
2016年區域立委選舉,2016,臺北市,大安區,通化里,臺北市第06選區,12,吳旭智,民國黨,152,
2016年區域立委選舉,2016,臺北市,大安區,通安里,臺北市第06選區,1,陳家宏,樹黨,33,
2016年區域立委選舉,2016,臺北市,大安區,通安里,臺北市第06選區,2,范雲,綠黨社會民主黨聯盟,1224,
2016年區域立委選舉,2016,臺北市,大安區,通安里,臺北市第06選區,3,龎維良,無黨籍及未經政黨推薦,55,
2016年區域立委選舉,2016,臺北市,大安區,通安里,臺北市第06選區,4,趙衍慶,無黨籍及未經政黨推薦,66,
2016年區域立委選舉,2016,臺北市,大安區,通安里,臺北市第06選區,5,林珍妤,台灣獨立黨,25,
2016年區域立委選舉,2016,臺北市,大安區,通安里,臺北市第06選區,6,周芳如,無黨籍及未經政黨推薦,85,
2016年區域立委選舉,2016,臺北市,大安區,通安里,臺北市第06選區,7,蔣慰慈,無黨籍及未經政黨推薦,3,
2016年區域立委選舉,2016,臺北市,大安區,通安里,臺北市第06選區,8,鄭村棋,人民民主陣線,104,
2016年區域立委選舉,2016,臺北市,大安區,通安里,臺北市第06選區,9,曾獻瑩,信心希望聯盟,79,
2016年區域立委選舉,2016,臺北市,大安區,通安里,臺北市第06選區,10,蔣乃辛,中國國民黨,1409,*
2016年區域立委選舉,2016,臺北市,大安區,通安里,臺北市第06選區,11,古文發,大愛憲改聯盟,2,
2016年區域立委選舉,2016,臺北市,大安區,通安里,臺北市第06選區,12,吳旭智,民國黨,127,
2016年區域立委選舉,2016,臺北市,大安區,臨江里,臺北市第06選區,1,陳家宏,樹黨,24,
2016年區域立委選舉,2016,臺北市,大安區,臨江里,臺北市第06選區,2,范雲,綠黨社會民主黨聯盟,821,
2016年區域立委選舉,2016,臺北市,大安區,臨江里,臺北市第06選區,3,龎維良,無黨籍及未經政黨推薦,50,
2016年區域立委選舉,2016,臺北市,大安區,臨江里,臺北市第06選區,4,趙衍慶,無黨籍及未經政黨推薦,42,
2016年區域立委選舉,2016,臺北市,大安區,臨江里,臺北市第06選區,5,林珍妤,台灣獨立黨,19,
2016年區域立委選舉,2016,臺北市,大安區,臨江里,臺北市第06選區,6,周芳如,無黨籍及未經政黨推薦,69,
2016年區域立委選舉,2016,臺北市,大安區,臨江里,臺北市第06選區,7,蔣慰慈,無黨籍及未經政黨推薦,4,
2016年區域立委選舉,2016,臺北市,大安區,臨江里,臺北市第06選區,8,鄭村棋,人民民主陣線,69,
2016年區域立委選舉,2016,臺北市,大安區,臨江里,臺北市第06選區,9,曾獻瑩,信心希望聯盟,68,
2016年區域立委選舉,2016,臺北市,大安區,臨江里,臺北市第06選區,10,蔣乃辛,中國國民黨,1174,*
2016年區域立委選舉,2016,臺北市,大安區,臨江里,臺北市第06選區,11,古文發,大愛憲改聯盟,6,
2016年區域立委選舉,2016,臺北市,大安區,臨江里,臺北市第06選區,12,吳旭智,民國黨,71,
2016年區域立委選舉,2016,臺北市,大安區,法治里,臺北市第06選區,1,陳家宏,樹黨,22,
2016年區域立委選舉,2016,臺北市,大安區,法治里,臺北市第06選區,2,范雲,綠黨社會民主黨聯盟,834,
2016年區域立委選舉,2016,臺北市,大安區,法治里,臺北市第06選區,3,龎維良,無黨籍及未經政黨推薦,40,
2016年區域立委選舉,2016,臺北市,大安區,法治里,臺北市第06選區,4,趙衍慶,無黨籍及未經政黨推薦,61,
2016年區域立委選舉,2016,臺北市,大安區,法治里,臺北市第06選區,5,林珍妤,台灣獨立黨,23,
2016年區域立委選舉,2016,臺北市,大安區,法治里,臺北市第06選區,6,周芳如,無黨籍及未經政黨推薦,52,
2016年區域立委選舉,2016,臺北市,大安區,法治里,臺北市第06選區,7,蔣慰慈,無黨籍及未經政黨推薦,5,
2016年區域立委選舉,2016,臺北市,大安區,法治里,臺北市第06選區,8,鄭村棋,人民民主陣線,57,
2016年區域立委選舉,2016,臺北市,大安區,法治里,臺北市第06選區,9,曾獻瑩,信心希望聯盟,70,
2016年區域立委選舉,2016,臺北市,大安區,法治里,臺北市第06選區,10,蔣乃辛,中國國民黨,1263,*
2016年區域立委選舉,2016,臺北市,大安區,法治里,臺北市第06選區,11,古文發,大愛憲改聯盟,3,
2016年區域立委選舉,2016,臺北市,大安區,法治里,臺北市第06選區,12,吳旭智,民國黨,57,
2016年區域立委選舉,2016,臺北市,大安區,全安里,臺北市第06選區,1,陳家宏,樹黨,23,
2016年區域立委選舉,2016,臺北市,大安區,全安里,臺北市第06選區,2,范雲,綠黨社會民主黨聯盟,865,
2016年區域立委選舉,2016,臺北市,大安區,全安里,臺北市第06選區,3,龎維良,無黨籍及未經政黨推薦,40,
2016年區域立委選舉,2016,臺北市,大安區,全安里,臺北市第06選區,4,趙衍慶,無黨籍及未經政黨推薦,42,
2016年區域立委選舉,2016,臺北市,大安區,全安里,臺北市第06選區,5,林珍妤,台灣獨立黨,24,
2016年區域立委選舉,2016,臺北市,大安區,全安里,臺北市第06選區,6,周芳如,無黨籍及未經政黨推薦,75,
2016年區域立委選舉,2016,臺北市,大安區,全安里,臺北市第06選區,7,蔣慰慈,無黨籍及未經政黨推薦,3,
2016年區域立委選舉,2016,臺北市,大安區,全安里,臺北市第06選區,8,鄭村棋,人民民主陣線,52,
2016年區域立委選舉,2016,臺北市,大安區,全安里,臺北市第06選區,9,曾獻瑩,信心希望聯盟,52,
2016年區域立委選舉,2016,臺北市,大安區,全安里,臺北市第06選區,10,蔣乃辛,中國國民黨,1139,*
2016年區域立委選舉,2016,臺北市,大安區,全安里,臺北市第06選區,11,古文發,大愛憲改聯盟,3,
2016年區域立委選舉,2016,臺北市,大安區,全安里,臺北市第06選區,12,吳旭智,民國黨,89,
2016年區域立委選舉,2016,臺北市,大安區,群賢里,臺北市第06選區,1,陳家宏,樹黨,28,
2016年區域立委選舉,2016,臺北市,大安區,群賢里,臺北市第06選區,2,范雲,綠黨社會民主黨聯盟,1070,
2016年區域立委選舉,2016,臺北市,大安區,群賢里,臺北市第06選區,3,龎維良,無黨籍及未經政黨推薦,45,
2016年區域立委選舉,2016,臺北市,大安區,群賢里,臺北市第06選區,4,趙衍慶,無黨籍及未經政黨推薦,96,
2016年區域立委選舉,2016,臺北市,大安區,群賢里,臺北市第06選區,5,林珍妤,台灣獨立黨,23,
2016年區域立委選舉,2016,臺北市,大安區,群賢里,臺北市第06選區,6,周芳如,無黨籍及未經政黨推薦,67,
2016年區域立委選舉,2016,臺北市,大安區,群賢里,臺北市第06選區,7,蔣慰慈,無黨籍及未經政黨推薦,7,
2016年區域立委選舉,2016,臺北市,大安區,群賢里,臺北市第06選區,8,鄭村棋,人民民主陣線,93,
2016年區域立委選舉,2016,臺北市,大安區,群賢里,臺北市第06選區,9,曾獻瑩,信心希望聯盟,83,
2016年區域立委選舉,2016,臺北市,大安區,群賢里,臺北市第06選區,10,蔣乃辛,中國國民黨,1702,*
2016年區域立委選舉,2016,臺北市,大安區,群賢里,臺北市第06選區,11,古文發,大愛憲改聯盟,3,
2016年區域立委選舉,2016,臺北市,大安區,群賢里,臺北市第06選區,12,吳旭智,民國黨,92,
2016年區域立委選舉,2016,臺北市,大安區,群英里,臺北市第06選區,1,陳家宏,樹黨,53,
2016年區域立委選舉,2016,臺北市,大安區,群英里,臺北市第06選區,2,范雲,綠黨社會民主黨聯盟,959,
2016年區域立委選舉,2016,臺北市,大安區,群英里,臺北市第06選區,3,龎維良,無黨籍及未經政黨推薦,49,
2016年區域立委選舉,2016,臺北市,大安區,群英里,臺北市第06選區,4,趙衍慶,無黨籍及未經政黨推薦,91,
2016年區域立委選舉,2016,臺北市,大安區,群英里,臺北市第06選區,5,林珍妤,台灣獨立黨,21,
2016年區域立委選舉,2016,臺北市,大安區,群英里,臺北市第06選區,6,周芳如,無黨籍及未經政黨推薦,70,
2016年區域立委選舉,2016,臺北市,大安區,群英里,臺北市第06選區,7,蔣慰慈,無黨籍及未經政黨推薦,8,
2016年區域立委選舉,2016,臺北市,大安區,群英里,臺北市第06選區,8,鄭村棋,人民民主陣線,108,
2016年區域立委選舉,2016,臺北市,大安區,群英里,臺北市第06選區,9,曾獻瑩,信心希望聯盟,143,
2016年區域立委選舉,2016,臺北市,大安區,群英里,臺北市第06選區,10,蔣乃辛,中國國民黨,2434,*
2016年區域立委選舉,2016,臺北市,大安區,群英里,臺北市第06選區,11,古文發,大愛憲改聯盟,5,
2016年區域立委選舉,2016,臺北市,大安區,群英里,臺北市第06選區,12,吳旭智,民國黨,139,
2016年區域立委選舉,2016,臺北市,大安區,虎嘯里,臺北市第06選區,1,陳家宏,樹黨,29,
2016年區域立委選舉,2016,臺北市,大安區,虎嘯里,臺北市第06選區,2,范雲,綠黨社會民主黨聯盟,725,
2016年區域立委選舉,2016,臺北市,大安區,虎嘯里,臺北市第06選區,3,龎維良,無黨籍及未經政黨推薦,31,
2016年區域立委選舉,2016,臺北市,大安區,虎嘯里,臺北市第06選區,4,趙衍慶,無黨籍及未經政黨推薦,35,
2016年區域立委選舉,2016,臺北市,大安區,虎嘯里,臺北市第06選區,5,林珍妤,台灣獨立黨,27,
2016年區域立委選舉,2016,臺北市,大安區,虎嘯里,臺北市第06選區,6,周芳如,無黨籍及未經政黨推薦,46,
2016年區域立委選舉,2016,臺北市,大安區,虎嘯里,臺北市第06選區,7,蔣慰慈,無黨籍及未經政黨推薦,3,
2016年區域立委選舉,2016,臺北市,大安區,虎嘯里,臺北市第06選區,8,鄭村棋,人民民主陣線,81,
2016年區域立委選舉,2016,臺北市,大安區,虎嘯里,臺北市第06選區,9,曾獻瑩,信心希望聯盟,79,
2016年區域立委選舉,2016,臺北市,大安區,虎嘯里,臺北市第06選區,10,蔣乃辛,中國國民黨,971,*
2016年區域立委選舉,2016,臺北市,大安區,虎嘯里,臺北市第06選區,11,古文發,大愛憲改聯盟,2,
2016年區域立委選舉,2016,臺北市,大安區,虎嘯里,臺北市第06選區,12,吳旭智,民國黨,85,
2016年區域立委選舉,2016,臺北市,大安區,臥龍里,臺北市第06選區,1,陳家宏,樹黨,6,
2016年區域立委選舉,2016,臺北市,大安區,臥龍里,臺北市第06選區,2,范雲,綠黨社會民主黨聯盟,330,
2016年區域立委選舉,2016,臺北市,大安區,臥龍里,臺北市第06選區,3,龎維良,無黨籍及未經政黨推薦,24,
2016年區域立委選舉,2016,臺北市,大安區,臥龍里,臺北市第06選區,4,趙衍慶,無黨籍及未經政黨推薦,16,
2016年區域立委選舉,2016,臺北市,大安區,臥龍里,臺北市第06選區,5,林珍妤,台灣獨立黨,3,
2016年區域立委選舉,2016,臺北市,大安區,臥龍里,臺北市第06選區,6,周芳如,無黨籍及未經政黨推薦,26,
2016年區域立委選舉,2016,臺北市,大安區,臥龍里,臺北市第06選區,7,蔣慰慈,無黨籍及未經政黨推薦,6,
2016年區域立委選舉,2016,臺北市,大安區,臥龍里,臺北市第06選區,8,鄭村棋,人民民主陣線,33,
2016年區域立委選舉,2016,臺北市,大安區,臥龍里,臺北市第06選區,9,曾獻瑩,信心希望聯盟,17,
2016年區域立委選舉,2016,臺北市,大安區,臥龍里,臺北市第06選區,10,蔣乃辛,中國國民黨,564,*
2016年區域立委選舉,2016,臺北市,大安區,臥龍里,臺北市第06選區,11,古文發,大愛憲改聯盟,1,
2016年區域立委選舉,2016,臺北市,大安區,臥龍里,臺北市第06選區,12,吳旭智,民國黨,49,
2016年區域立委選舉,2016,臺北市,大安區,龍淵里,臺北市第06選區,1,陳家宏,樹黨,73,
2016年區域立委選舉,2016,臺北市,大安區,龍淵里,臺北市第06選區,2,范雲,綠黨社會民主黨聯盟,1836,
2016年區域立委選舉,2016,臺北市,大安區,龍淵里,臺北市第06選區,3,龎維良,無黨籍及未經政黨推薦,86,
2016年區域立委選舉,2016,臺北市,大安區,龍淵里,臺北市第06選區,4,趙衍慶,無黨籍及未經政黨推薦,109,
2016年區域立委選舉,2016,臺北市,大安區,龍淵里,臺北市第06選區,5,林珍妤,台灣獨立黨,33,
2016年區域立委選舉,2016,臺北市,大安區,龍淵里,臺北市第06選區,6,周芳如,無黨籍及未經政黨推薦,151,
2016年區域立委選舉,2016,臺北市,大安區,龍淵里,臺北市第06選區,7,蔣慰慈,無黨籍及未經政黨推薦,2,
2016年區域立委選舉,2016,臺北市,大安區,龍淵里,臺北市第06選區,8,鄭村棋,人民民主陣線,127,
2016年區域立委選舉,2016,臺北市,大安區,龍淵里,臺北市第06選區,9,曾獻瑩,信心希望聯盟,162,
2016年區域立委選舉,2016,臺北市,大安區,龍淵里,臺北市第06選區,10,蔣乃辛,中國國民黨,2309,*
2016年區域立委選舉,2016,臺北市,大安區,龍淵里,臺北市第06選區,11,古文發,大愛憲改聯盟,5,
2016年區域立委選舉,2016,臺北市,大安區,龍淵里,臺北市第06選區,12,吳旭智,民國黨,180,
2016年區域立委選舉,2016,臺北市,大安區,龍門里,臺北市第06選區,1,陳家宏,樹黨,23,
2016年區域立委選舉,2016,臺北市,大安區,龍門里,臺北市第06選區,2,范雲,綠黨社會民主黨聯盟,946,
2016年區域立委選舉,2016,臺北市,大安區,龍門里,臺北市第06選區,3,龎維良,無黨籍及未經政黨推薦,49,
2016年區域立委選舉,2016,臺北市,大安區,龍門里,臺北市第06選區,4,趙衍慶,無黨籍及未經政黨推薦,42,
2016年區域立委選舉,2016,臺北市,大安區,龍門里,臺北市第06選區,5,林珍妤,台灣獨立黨,17,
2016年區域立委選舉,2016,臺北市,大安區,龍門里,臺北市第06選區,6,周芳如,無黨籍及未經政黨推薦,46,
2016年區域立委選舉,2016,臺北市,大安區,龍門里,臺北市第06選區,7,蔣慰慈,無黨籍及未經政黨推薦,2,
2016年區域立委選舉,2016,臺北市,大安區,龍門里,臺北市第06選區,8,鄭村棋,人民民主陣線,57,
2016年區域立委選舉,2016,臺北市,大安區,龍門里,臺北市第06選區,9,曾獻瑩,信心希望聯盟,128,
2016年區域立委選舉,2016,臺北市,大安區,龍門里,臺北市第06選區,10,蔣乃辛,中國國民黨,983,*
2016年區域立委選舉,2016,臺北市,大安區,龍門里,臺北市第06選區,11,古文發,大愛憲改聯盟,3,
2016年區域立委選舉,2016,臺北市,大安區,龍門里,臺北市第06選區,12,吳旭智,民國黨,67,
2016年區域立委選舉,2016,臺北市,大安區,大學里,臺北市第06選區,1,陳家宏,樹黨,73,
2016年區域立委選舉,2016,臺北市,大安區,大學里,臺北市第06選區,2,范雲,綠黨社會民主黨聯盟,1757,
2016年區域立委選舉,2016,臺北市,大安區,大學里,臺北市第06選區,3,龎維良,無黨籍及未經政黨推薦,93,
2016年區域立委選舉,2016,臺北市,大安區,大學里,臺北市第06選區,4,趙衍慶,無黨籍及未經政黨推薦,70,
2016年區域立委選舉,2016,臺北市,大安區,大學里,臺北市第06選區,5,林珍妤,台灣獨立黨,41,
2016年區域立委選舉,2016,臺北市,大安區,大學里,臺北市第06選區,6,周芳如,無黨籍及未經政黨推薦,75,
2016年區域立委選舉,2016,臺北市,大安區,大學里,臺北市第06選區,7,蔣慰慈,無黨籍及未經政黨推薦,4,
2016年區域立委選舉,2016,臺北市,大安區,大學里,臺北市第06選區,8,鄭村棋,人民民主陣線,135,
2016年區域立委選舉,2016,臺北市,大安區,大學里,臺北市第06選區,9,曾獻瑩,信心希望聯盟,314,
2016年區域立委選舉,2016,臺北市,大安區,大學里,臺北市第06選區,10,蔣乃辛,中國國民黨,1959,*
2016年區域立委選舉,2016,臺北市,大安區,大學里,臺北市第06選區,11,古文發,大愛憲改聯盟,4,
2016年區域立委選舉,2016,臺北市,大安區,大學里,臺北市第06選區,12,吳旭智,民國黨,229,
2016年區域立委選舉,2016,臺北市,大安區,芳和里,臺北市第06選區,1,陳家宏,樹黨,40,
2016年區域立委選舉,2016,臺北市,大安區,芳和里,臺北市第06選區,2,范雲,綠黨社會民主黨聯盟,1128,
2016年區域立委選舉,2016,臺北市,大安區,芳和里,臺北市第06選區,3,龎維良,無黨籍及未經政黨推薦,77,
2016年區域立委選舉,2016,臺北市,大安區,芳和里,臺北市第06選區,4,趙衍慶,無黨籍及未經政黨推薦,62,
2016年區域立委選舉,2016,臺北市,大安區,芳和里,臺北市第06選區,5,林珍妤,台灣獨立黨,25,
2016年區域立委選舉,2016,臺北市,大安區,芳和里,臺北市第06選區,6,周芳如,無黨籍及未經政黨推薦,77,
2016年區域立委選舉,2016,臺北市,大安區,芳和里,臺北市第06選區,7,蔣慰慈,無黨籍及未經政黨推薦,8,
2016年區域立委選舉,2016,臺北市,大安區,芳和里,臺北市第06選區,8,鄭村棋,人民民主陣線,75,
2016年區域立委選舉,2016,臺北市,大安區,芳和里,臺北市第06選區,9,曾獻瑩,信心希望聯盟,74,
2016年區域立委選舉,2016,臺北市,大安區,芳和里,臺北市第06選區,10,蔣乃辛,中國國民黨,1551,*
2016年區域立委選舉,2016,臺北市,大安區,芳和里,臺北市第06選區,11,古文發,大愛憲改聯盟,2,
2016年區域立委選舉,2016,臺北市,大安區,芳和里,臺北市第06選區,12,吳旭智,民國黨,121,
2016年區域立委選舉,2016,臺北市,大安區,黎元里,臺北市第06選區,1,陳家宏,樹黨,38,
2016年區域立委選舉,2016,臺北市,大安區,黎元里,臺北市第06選區,2,范雲,綠黨社會民主黨聯盟,1109,
2016年區域立委選舉,2016,臺北市,大安區,黎元里,臺北市第06選區,3,龎維良,無黨籍及未經政黨推薦,63,
2016年區域立委選舉,2016,臺北市,大安區,黎元里,臺北市第06選區,4,趙衍慶,無黨籍及未經政黨推薦,76,
2016年區域立委選舉,2016,臺北市,大安區,黎元里,臺北市第06選區,5,林珍妤,台灣獨立黨,25,
2016年區域立委選舉,2016,臺北市,大安區,黎元里,臺北市第06選區,6,周芳如,無黨籍及未經政黨推薦,95,
2016年區域立委選舉,2016,臺北市,大安區,黎元里,臺北市第06選區,7,蔣慰慈,無黨籍及未經政黨推薦,5,
2016年區域立委選舉,2016,臺北市,大安區,黎元里,臺北市第06選區,8,鄭村棋,人民民主陣線,79,
2016年區域立委選舉,2016,臺北市,大安區,黎元里,臺北市第06選區,9,曾獻瑩,信心希望聯盟,72,
2016年區域立委選舉,2016,臺北市,大安區,黎元里,臺北市第06選區,10,蔣乃辛,中國國民黨,1372,*
2016年區域立委選舉,2016,臺北市,大安區,黎元里,臺北市第06選區,11,古文發,大愛憲改聯盟,4,
2016年區域立委選舉,2016,臺北市,大安區,黎元里,臺北市第06選區,12,吳旭智,民國黨,165,
2016年區域立委選舉,2016,臺北市,大安區,黎孝里,臺北市第06選區,1,陳家宏,樹黨,52,
2016年區域立委選舉,2016,臺北市,大安區,黎孝里,臺北市第06選區,2,范雲,綠黨社會民主黨聯盟,1592,
2016年區域立委選舉,2016,臺北市,大安區,黎孝里,臺北市第06選區,3,龎維良,無黨籍及未經政黨推薦,74,
2016年區域立委選舉,2016,臺北市,大安區,黎孝里,臺北市第06選區,4,趙衍慶,無黨籍及未經政黨推薦,92,
2016年區域立委選舉,2016,臺北市,大安區,黎孝里,臺北市第06選區,5,林珍妤,台灣獨立黨,33,
2016年區域立委選舉,2016,臺北市,大安區,黎孝里,臺北市第06選區,6,周芳如,無黨籍及未經政黨推薦,118,
2016年區域立委選舉,2016,臺北市,大安區,黎孝里,臺北市第06選區,7,蔣慰慈,無黨籍及未經政黨推薦,5,
2016年區域立委選舉,2016,臺北市,大安區,黎孝里,臺北市第06選區,8,鄭村棋,人民民主陣線,114,
2016年區域立委選舉,2016,臺北市,大安區,黎孝里,臺北市第06選區,9,曾獻瑩,信心希望聯盟,112,
2016年區域立委選舉,2016,臺北市,大安區,黎孝里,臺北市第06選區,10,蔣乃辛,中國國民黨,2159,*
2016年區域立委選舉,2016,臺北市,大安區,黎孝里,臺北市第06選區,11,古文發,大愛憲改聯盟,6,
2016年區域立委選舉,2016,臺北市,大安區,黎孝里,臺北市第06選區,12,吳旭智,民國黨,177,
2016年區域立委選舉,2016,臺北市,大安區,黎和里,臺北市第06選區,1,陳家宏,樹黨,39,
2016年區域立委選舉,2016,臺北市,大安區,黎和里,臺北市第06選區,2,范雲,綠黨社會民主黨聯盟,909,
2016年區域立委選舉,2016,臺北市,大安區,黎和里,臺北市第06選區,3,龎維良,無黨籍及未經政黨推薦,45,
2016年區域立委選舉,2016,臺北市,大安區,黎和里,臺北市第06選區,4,趙衍慶,無黨籍及未經政黨推薦,43,
2016年區域立委選舉,2016,臺北市,大安區,黎和里,臺北市第06選區,5,林珍妤,台灣獨立黨,32,
2016年區域立委選舉,2016,臺北市,大安區,黎和里,臺北市第06選區,6,周芳如,無黨籍及未經政黨推薦,71,
2016年區域立委選舉,2016,臺北市,大安區,黎和里,臺北市第06選區,7,蔣慰慈,無黨籍及未經政黨推薦,7,
2016年區域立委選舉,2016,臺北市,大安區,黎和里,臺北市第06選區,8,鄭村棋,人民民主陣線,79,
2016年區域立委選舉,2016,臺北市,大安區,黎和里,臺北市第06選區,9,曾獻瑩,信心希望聯盟,69,
2016年區域立委選舉,2016,臺北市,大安區,黎和里,臺北市第06選區,10,蔣乃辛,中國國民黨,1362,*
2016年區域立委選舉,2016,臺北市,大安區,黎和里,臺北市第06選區,11,古文發,大愛憲改聯盟,6,
2016年區域立委選舉,2016,臺北市,大安區,黎和里,臺北市第06選區,12,吳旭智,民國黨,109,
2016年區域立委選舉,2016,臺北市,大安區,建安里,臺北市第06選區,1,陳家宏,樹黨,25,
2016年區域立委選舉,2016,臺北市,大安區,建安里,臺北市第06選區,2,范雲,綠黨社會民主黨聯盟,923,
2016年區域立委選舉,2016,臺北市,大安區,建安里,臺北市第06選區,3,龎維良,無黨籍及未經政黨推薦,42,
2016年區域立委選舉,2016,臺北市,大安區,建安里,臺北市第06選區,4,趙衍慶,無黨籍及未經政黨推薦,55,
2016年區域立委選舉,2016,臺北市,大安區,建安里,臺北市第06選區,5,林珍妤,台灣獨立黨,16,
2016年區域立委選舉,2016,臺北市,大安區,建安里,臺北市第06選區,6,周芳如,無黨籍及未經政黨推薦,53,
2016年區域立委選舉,2016,臺北市,大安區,建安里,臺北市第06選區,7,蔣慰慈,無黨籍及未經政黨推薦,8,
2016年區域立委選舉,2016,臺北市,大安區,建安里,臺北市第06選區,8,鄭村棋,人民民主陣線,81,
2016年區域立委選舉,2016,臺北市,大安區,建安里,臺北市第06選區,9,曾獻瑩,信心希望聯盟,71,
2016年區域立委選舉,2016,臺北市,大安區,建安里,臺北市第06選區,10,蔣乃辛,中國國民黨,1263,*
2016年區域立委選舉,2016,臺北市,大安區,建安里,臺北市第06選區,11,古文發,大愛憲改聯盟,2,
2016年區域立委選舉,2016,臺北市,大安區,建安里,臺北市第06選區,12,吳旭智,民國黨,72,
2016年區域立委選舉,2016,臺北市,大安區,建倫里,臺北市第06選區,1,陳家宏,樹黨,45,
2016年區域立委選舉,2016,臺北市,大安區,建倫里,臺北市第06選區,2,范雲,綠黨社會民主黨聯盟,1192,
2016年區域立委選舉,2016,臺北市,大安區,建倫里,臺北市第06選區,3,龎維良,無黨籍及未經政黨推薦,30,
2016年區域立委選舉,2016,臺北市,大安區,建倫里,臺北市第06選區,4,趙衍慶,無黨籍及未經政黨推薦,63,
2016年區域立委選舉,2016,臺北市,大安區,建倫里,臺北市第06選區,5,林珍妤,台灣獨立黨,31,
2016年區域立委選舉,2016,臺北市,大安區,建倫里,臺北市第06選區,6,周芳如,無黨籍及未經政黨推薦,74,
2016年區域立委選舉,2016,臺北市,大安區,建倫里,臺北市第06選區,7,蔣慰慈,無黨籍及未經政黨推薦,2,
2016年區域立委選舉,2016,臺北市,大安區,建倫里,臺北市第06選區,8,鄭村棋,人民民主陣線,119,
2016年區域立委選舉,2016,臺北市,大安區,建倫里,臺北市第06選區,9,曾獻瑩,信心希望聯盟,91,
2016年區域立委選舉,2016,臺北市,大安區,建倫里,臺北市第06選區,10,蔣乃辛,中國國民黨,1507,*
2016年區域立委選舉,2016,臺北市,大安區,建倫里,臺北市第06選區,11,古文發,大愛憲改聯盟,4,
2016年區域立委選舉,2016,臺北市,大安區,建倫里,臺北市第06選區,12,吳旭智,民國黨,70,
2016年區域立委選舉,2016,臺北市,大安區,敦安里,臺北市第06選區,1,陳家宏,樹黨,52,
2016年區域立委選舉,2016,臺北市,大安區,敦安里,臺北市第06選區,2,范雲,綠黨社會民主黨聯盟,1268,
2016年區域立委選舉,2016,臺北市,大安區,敦安里,臺北市第06選區,3,龎維良,無黨籍及未經政黨推薦,51,
2016年區域立委選舉,2016,臺北市,大安區,敦安里,臺北市第06選區,4,趙衍慶,無黨籍及未經政黨推薦,57,
2016年區域立委選舉,2016,臺北市,大安區,敦安里,臺北市第06選區,5,林珍妤,台灣獨立黨,24,
2016年區域立委選舉,2016,臺北市,大安區,敦安里,臺北市第06選區,6,周芳如,無黨籍及未經政黨推薦,88,
2016年區域立委選舉,2016,臺北市,大安區,敦安里,臺北市第06選區,7,蔣慰慈,無黨籍及未經政黨推薦,7,
2016年區域立委選舉,2016,臺北市,大安區,敦安里,臺北市第06選區,8,鄭村棋,人民民主陣線,115,
2016年區域立委選舉,2016,臺北市,大安區,敦安里,臺北市第06選區,9,曾獻瑩,信心希望聯盟,98,
2016年區域立委選舉,2016,臺北市,大安區,敦安里,臺北市第06選區,10,蔣乃辛,中國國民黨,1368,*
2016年區域立委選舉,2016,臺北市,大安區,敦安里,臺北市第06選區,11,古文發,大愛憲改聯盟,3,
2016年區域立委選舉,2016,臺北市,大安區,敦安里,臺北市第06選區,12,吳旭智,民國黨,114,
2016年區域立委選舉,2016,臺北市,大安區,正聲里,臺北市第06選區,1,陳家宏,樹黨,37,
2016年區域立委選舉,2016,臺北市,大安區,正聲里,臺北市第06選區,2,范雲,綠黨社會民主黨聯盟,914,
2016年區域立委選舉,2016,臺北市,大安區,正聲里,臺北市第06選區,3,龎維良,無黨籍及未經政黨推薦,26,
2016年區域立委選舉,2016,臺北市,大安區,正聲里,臺北市第06選區,4,趙衍慶,無黨籍及未經政黨推薦,54,
2016年區域立委選舉,2016,臺北市,大安區,正聲里,臺北市第06選區,5,林珍妤,台灣獨立黨,24,
2016年區域立委選舉,2016,臺北市,大安區,正聲里,臺北市第06選區,6,周芳如,無黨籍及未經政黨推薦,72,
2016年區域立委選舉,2016,臺北市,大安區,正聲里,臺北市第06選區,7,蔣慰慈,無黨籍及未經政黨推薦,5,
2016年區域立委選舉,2016,臺北市,大安區,正聲里,臺北市第06選區,8,鄭村棋,人民民主陣線,101,
2016年區域立委選舉,2016,臺北市,大安區,正聲里,臺北市第06選區,9,曾獻瑩,信心希望聯盟,74,
2016年區域立委選舉,2016,臺北市,大安區,正聲里,臺北市第06選區,10,蔣乃辛,中國國民黨,1203,*
2016年區域立委選舉,2016,臺北市,大安區,正聲里,臺北市第06選區,11,古文發,大愛憲改聯盟,3,
2016年區域立委選舉,2016,臺北市,大安區,正聲里,臺北市第06選區,12,吳旭智,民國黨,63,
2016年區域立委選舉,2016,臺北市,大安區,敦煌里,臺北市第06選區,1,陳家宏,樹黨,40,
2016年區域立委選舉,2016,臺北市,大安區,敦煌里,臺北市第06選區,2,范雲,綠黨社會民主黨聯盟,1256,
2016年區域立委選舉,2016,臺北市,大安區,敦煌里,臺北市第06選區,3,龎維良,無黨籍及未經政黨推薦,47,
2016年區域立委選舉,2016,臺北市,大安區,敦煌里,臺北市第06選區,4,趙衍慶,無黨籍及未經政黨推薦,81,
2016年區域立委選舉,2016,臺北市,大安區,敦煌里,臺北市第06選區,5,林珍妤,台灣獨立黨,24,
2016年區域立委選舉,2016,臺北市,大安區,敦煌里,臺北市第06選區,6,周芳如,無黨籍及未經政黨推薦,82,
2016年區域立委選舉,2016,臺北市,大安區,敦煌里,臺北市第06選區,7,蔣慰慈,無黨籍及未經政黨推薦,4,
2016年區域立委選舉,2016,臺北市,大安區,敦煌里,臺北市第06選區,8,鄭村棋,人民民主陣線,101,
2016年區域立委選舉,2016,臺北市,大安區,敦煌里,臺北市第06選區,9,曾獻瑩,信心希望聯盟,83,
2016年區域立委選舉,2016,臺北市,大安區,敦煌里,臺北市第06選區,10,蔣乃辛,中國國民黨,1456,*
2016年區域立委選舉,2016,臺北市,大安區,敦煌里,臺北市第06選區,11,古文發,大愛憲改聯盟,8,
2016年區域立委選舉,2016,臺北市,大安區,敦煌里,臺北市第06選區,12,吳旭智,民國黨,120,
2016年區域立委選舉,2016,臺北市,大安區,華聲里,臺北市第06選區,1,陳家宏,樹黨,46,
2016年區域立委選舉,2016,臺北市,大安區,華聲里,臺北市第06選區,2,范雲,綠黨社會民主黨聯盟,817,
2016年區域立委選舉,2016,臺北市,大安區,華聲里,臺北市第06選區,3,龎維良,無黨籍及未經政黨推薦,26,
2016年區域立委選舉,2016,臺北市,大安區,華聲里,臺北市第06選區,4,趙衍慶,無黨籍及未經政黨推薦,56,
2016年區域立委選舉,2016,臺北市,大安區,華聲里,臺北市第06選區,5,林珍妤,台灣獨立黨,20,
2016年區域立委選舉,2016,臺北市,大安區,華聲里,臺北市第06選區,6,周芳如,無黨籍及未經政黨推薦,82,
2016年區域立委選舉,2016,臺北市,大安區,華聲里,臺北市第06選區,7,蔣慰慈,無黨籍及未經政黨推薦,6,
2016年區域立委選舉,2016,臺北市,大安區,華聲里,臺北市第06選區,8,鄭村棋,人民民主陣線,94,
2016年區域立委選舉,2016,臺北市,大安區,華聲里,臺北市第06選區,9,曾獻瑩,信心希望聯盟,55,
2016年區域立委選舉,2016,臺北市,大安區,華聲里,臺北市第06選區,10,蔣乃辛,中國國民黨,1060,*
2016年區域立委選舉,2016,臺北市,大安區,華聲里,臺北市第06選區,11,古文發,大愛憲改聯盟,7,
2016年區域立委選舉,2016,臺北市,大安區,華聲里,臺北市第06選區,12,吳旭智,民國黨,66,
2016年區域立委選舉,2016,臺北市,大安區,車層里,臺北市第06選區,1,陳家宏,樹黨,42,
2016年區域立委選舉,2016,臺北市,大安區,車層里,臺北市第06選區,2,范雲,綠黨社會民主黨聯盟,1350,
2016年區域立委選舉,2016,臺北市,大安區,車層里,臺北市第06選區,3,龎維良,無黨籍及未經政黨推薦,53,
2016年區域立委選舉,2016,臺北市,大安區,車層里,臺北市第06選區,4,趙衍慶,無黨籍及未經政黨推薦,75,
2016年區域立委選舉,2016,臺北市,大安區,車層里,臺北市第06選區,5,林珍妤,台灣獨立黨,28,
2016年區域立委選舉,2016,臺北市,大安區,車層里,臺北市第06選區,6,周芳如,無黨籍及未經政黨推薦,87,
2016年區域立委選舉,2016,臺北市,大安區,車層里,臺北市第06選區,7,蔣慰慈,無黨籍及未經政黨推薦,5,
2016年區域立委選舉,2016,臺北市,大安區,車層里,臺北市第06選區,8,鄭村棋,人民民主陣線,128,
2016年區域立委選舉,2016,臺北市,大安區,車層里,臺北市第06選區,9,曾獻瑩,信心希望聯盟,80,
2016年區域立委選舉,2016,臺北市,大安區,車層里,臺北市第06選區,10,蔣乃辛,中國國民黨,1452,*
2016年區域立委選舉,2016,臺北市,大安區,車層里,臺北市第06選區,11,古文發,大愛憲改聯盟,3,
2016年區域立委選舉,2016,臺北市,大安區,車層里,臺北市第06選區,12,吳旭智,民國黨,99,
2016年區域立委選舉,2016,臺北市,大安區,光信里,臺北市第06選區,1,陳家宏,樹黨,55,
2016年區域立委選舉,2016,臺北市,大安區,光信里,臺北市第06選區,2,范雲,綠黨社會民主黨聯盟,1531,
2016年區域立委選舉,2016,臺北市,大安區,光信里,臺北市第06選區,3,龎維良,無黨籍及未經政黨推薦,49,
2016年區域立委選舉,2016,臺北市,大安區,光信里,臺北市第06選區,4,趙衍慶,無黨籍及未經政黨推薦,86,
2016年區域立委選舉,2016,臺北市,大安區,光信里,臺北市第06選區,5,林珍妤,台灣獨立黨,53,
2016年區域立委選舉,2016,臺北市,大安區,光信里,臺北市第06選區,6,周芳如,無黨籍及未經政黨推薦,128,
2016年區域立委選舉,2016,臺北市,大安區,光信里,臺北市第06選區,7,蔣慰慈,無黨籍及未經政黨推薦,15,
2016年區域立委選舉,2016,臺北市,大安區,光信里,臺北市第06選區,8,鄭村棋,人民民主陣線,185,
2016年區域立委選舉,2016,臺北市,大安區,光信里,臺北市第06選區,9,曾獻瑩,信心希望聯盟,125,
2016年區域立委選舉,2016,臺北市,大安區,光信里,臺北市第06選區,10,蔣乃辛,中國國民黨,1857,*
2016年區域立委選舉,2016,臺北市,大安區,光信里,臺北市第06選區,11,古文發,大愛憲改聯盟,3,
2016年區域立委選舉,2016,臺北市,大安區,光信里,臺北市第06選區,12,吳旭智,民國黨,167,
2016年區域立委選舉,2016,臺北市,大安區,學府里,臺北市第06選區,1,陳家宏,樹黨,23,
2016年區域立委選舉,2016,臺北市,大安區,學府里,臺北市第06選區,2,范雲,綠黨社會民主黨聯盟,436,
2016年區域立委選舉,2016,臺北市,大安區,學府里,臺北市第06選區,3,龎維良,無黨籍及未經政黨推薦,14,
2016年區域立委選舉,2016,臺北市,大安區,學府里,臺北市第06選區,4,趙衍慶,無黨籍及未經政黨推薦,26,
2016年區域立委選舉,2016,臺北市,大安區,學府里,臺北市第06選區,5,林珍妤,台灣獨立黨,21,
2016年區域立委選舉,2016,臺北市,大安區,學府里,臺北市第06選區,6,周芳如,無黨籍及未經政黨推薦,32,
2016年區域立委選舉,2016,臺北市,大安區,學府里,臺北市第06選區,7,蔣慰慈,無黨籍及未經政黨推薦,3,
2016年區域立委選舉,2016,臺北市,大安區,學府里,臺北市第06選區,8,鄭村棋,人民民主陣線,28,
2016年區域立委選舉,2016,臺北市,大安區,學府里,臺北市第06選區,9,曾獻瑩,信心希望聯盟,37,
2016年區域立委選舉,2016,臺北市,大安區,學府里,臺北市第06選區,10,蔣乃辛,中國國民黨,851,*
2016年區域立委選舉,2016,臺北市,大安區,學府里,臺北市第06選區,11,古文發,大愛憲改聯盟,1,
2016年區域立委選舉,2016,臺北市,大安區,學府里,臺北市第06選區,12,吳旭智,民國黨,88,
2016年區域立委選舉,2016,臺北市,中山區,正守里,臺北市第03選區,1,高士恩,大愛憲改聯盟,10,
2016年區域立委選舉,2016,臺北市,中山區,正守里,臺北市第03選區,2,潘建志,無黨籍及未經政黨推薦,768,
2016年區域立委選舉,2016,臺北市,中山區,正守里,臺北市第03選區,3,林新凱,台灣獨立黨,7,
2016年區域立委選舉,2016,臺北市,中山區,正守里,臺北市第03選區,4,趙燕傑,無黨籍及未經政黨推薦,2,
2016年區域立委選舉,2016,臺北市,中山區,正守里,臺北市第03選區,5,邱正浩,和平鴿聯盟黨,10,
2016年區域立委選舉,2016,臺北市,中山區,正守里,臺北市第03選區,6,陳科引,無黨籍及未經政黨推薦,19,
2016年區域立委選舉,2016,臺北市,中山區,正守里,臺北市第03選區,7,李晏榕,綠黨社會民主黨聯盟,228,
2016年區域立委選舉,2016,臺北市,中山區,正守里,臺北市第03選區,8,李成嶽,軍公教聯盟黨,2,
2016年區域立委選舉,2016,臺北市,中山區,正守里,臺北市第03選區,9,黃麗香,無黨籍及未經政黨推薦,4,
2016年區域立委選舉,2016,臺北市,中山區,正守里,臺北市第03選區,10,蔣萬安,中國國民黨,778,*
2016年區域立委選舉,2016,臺北市,中山區,正義里,臺北市第03選區,1,高士恩,大愛憲改聯盟,10,
2016年區域立委選舉,2016,臺北市,中山區,正義里,臺北市第03選區,2,潘建志,無黨籍及未經政黨推薦,993,
2016年區域立委選舉,2016,臺北市,中山區,正義里,臺北市第03選區,3,林新凱,台灣獨立黨,11,
2016年區域立委選舉,2016,臺北市,中山區,正義里,臺北市第03選區,4,趙燕傑,無黨籍及未經政黨推薦,10,
2016年區域立委選舉,2016,臺北市,中山區,正義里,臺北市第03選區,5,邱正浩,和平鴿聯盟黨,8,
2016年區域立委選舉,2016,臺北市,中山區,正義里,臺北市第03選區,6,陳科引,無黨籍及未經政黨推薦,28,
2016年區域立委選舉,2016,臺北市,中山區,正義里,臺北市第03選區,7,李晏榕,綠黨社會民主黨聯盟,391,
2016年區域立委選舉,2016,臺北市,中山區,正義里,臺北市第03選區,8,李成嶽,軍公教聯盟黨,7,
2016年區域立委選舉,2016,臺北市,中山區,正義里,臺北市第03選區,9,黃麗香,無黨籍及未經政黨推薦,16,
2016年區域立委選舉,2016,臺北市,中山區,正義里,臺北市第03選區,10,蔣萬安,中國國民黨,1196,*
2016年區域立委選舉,2016,臺北市,中山區,正得里,臺北市第03選區,1,高士恩,大愛憲改聯盟,5,
2016年區域立委選舉,2016,臺北市,中山區,正得里,臺北市第03選區,2,潘建志,無黨籍及未經政黨推薦,781,
2016年區域立委選舉,2016,臺北市,中山區,正得里,臺北市第03選區,3,林新凱,台灣獨立黨,12,
2016年區域立委選舉,2016,臺北市,中山區,正得里,臺北市第03選區,4,趙燕傑,無黨籍及未經政黨推薦,7,
2016年區域立委選舉,2016,臺北市,中山區,正得里,臺北市第03選區,5,邱正浩,和平鴿聯盟黨,5,
2016年區域立委選舉,2016,臺北市,中山區,正得里,臺北市第03選區,6,陳科引,無黨籍及未經政黨推薦,17,
2016年區域立委選舉,2016,臺北市,中山區,正得里,臺北市第03選區,7,李晏榕,綠黨社會民主黨聯盟,235,
2016年區域立委選舉,2016,臺北市,中山區,正得里,臺北市第03選區,8,李成嶽,軍公教聯盟黨,6,
2016年區域立委選舉,2016,臺北市,中山區,正得里,臺北市第03選區,9,黃麗香,無黨籍及未經政黨推薦,3,
2016年區域立委選舉,2016,臺北市,中山區,正得里,臺北市第03選區,10,蔣萬安,中國國民黨,928,*
2016年區域立委選舉,2016,臺北市,中山區,民安里,臺北市第03選區,1,高士恩,大愛憲改聯盟,7,
2016年區域立委選舉,2016,臺北市,中山區,民安里,臺北市第03選區,2,潘建志,無黨籍及未經政黨推薦,1195,
2016年區域立委選舉,2016,臺北市,中山區,民安里,臺北市第03選區,3,林新凱,台灣獨立黨,15,
2016年區域立委選舉,2016,臺北市,中山區,民安里,臺北市第03選區,4,趙燕傑,無黨籍及未經政黨推薦,6,
2016年區域立委選舉,2016,臺北市,中山區,民安里,臺北市第03選區,5,邱正浩,和平鴿聯盟黨,12,
2016年區域立委選舉,2016,臺北市,中山區,民安里,臺北市第03選區,6,陳科引,無黨籍及未經政黨推薦,21,
2016年區域立委選舉,2016,臺北市,中山區,民安里,臺北市第03選區,7,李晏榕,綠黨社會民主黨聯盟,346,
2016年區域立委選舉,2016,臺北市,中山區,民安里,臺北市第03選區,8,李成嶽,軍公教聯盟黨,7,
2016年區域立委選舉,2016,臺北市,中山區,民安里,臺北市第03選區,9,黃麗香,無黨籍及未經政黨推薦,13,
2016年區域立委選舉,2016,臺北市,中山區,民安里,臺北市第03選區,10,蔣萬安,中國國民黨,1013,*
2016年區域立委選舉,2016,臺北市,中山區,康樂里,臺北市第03選區,1,高士恩,大愛憲改聯盟,8,
2016年區域立委選舉,2016,臺北市,中山區,康樂里,臺北市第03選區,2,潘建志,無黨籍及未經政黨推薦,516,
2016年區域立委選舉,2016,臺北市,中山區,康樂里,臺北市第03選區,3,林新凱,台灣獨立黨,16,
2016年區域立委選舉,2016,臺北市,中山區,康樂里,臺北市第03選區,4,趙燕傑,無黨籍及未經政黨推薦,0,
2016年區域立委選舉,2016,臺北市,中山區,康樂里,臺北市第03選區,5,邱正浩,和平鴿聯盟黨,6,
2016年區域立委選舉,2016,臺北市,中山區,康樂里,臺北市第03選區,6,陳科引,無黨籍及未經政黨推薦,11,
2016年區域立委選舉,2016,臺北市,中山區,康樂里,臺北市第03選區,7,李晏榕,綠黨社會民主黨聯盟,175,
2016年區域立委選舉,2016,臺北市,中山區,康樂里,臺北市第03選區,8,李成嶽,軍公教聯盟黨,5,
2016年區域立委選舉,2016,臺北市,中山區,康樂里,臺北市第03選區,9,黃麗香,無黨籍及未經政黨推薦,19,
2016年區域立委選舉,2016,臺北市,中山區,康樂里,臺北市第03選區,10,蔣萬安,中國國民黨,647,*
2016年區域立委選舉,2016,臺北市,中山區,中山里,臺北市第03選區,1,高士恩,大愛憲改聯盟,29,
2016年區域立委選舉,2016,臺北市,中山區,中山里,臺北市第03選區,2,潘建志,無黨籍及未經政黨推薦,1333,
2016年區域立委選舉,2016,臺北市,中山區,中山里,臺北市第03選區,3,林新凱,台灣獨立黨,21,
2016年區域立委選舉,2016,臺北市,中山區,中山里,臺北市第03選區,4,趙燕傑,無黨籍及未經政黨推薦,8,
2016年區域立委選舉,2016,臺北市,中山區,中山里,臺北市第03選區,5,邱正浩,和平鴿聯盟黨,13,
2016年區域立委選舉,2016,臺北市,中山區,中山里,臺北市第03選區,6,陳科引,無黨籍及未經政黨推薦,26,
2016年區域立委選舉,2016,臺北市,中山區,中山里,臺北市第03選區,7,李晏榕,綠黨社會民主黨聯盟,518,
2016年區域立委選舉,2016,臺北市,中山區,中山里,臺北市第03選區,8,李成嶽,軍公教聯盟黨,13,
2016年區域立委選舉,2016,臺北市,中山區,中山里,臺北市第03選區,9,黃麗香,無黨籍及未經政黨推薦,13,
2016年區域立委選舉,2016,臺北市,中山區,中山里,臺北市第03選區,10,蔣萬安,中國國民黨,1411,*
2016年區域立委選舉,2016,臺北市,中山區,聚盛里,臺北市第03選區,1,高士恩,大愛憲改聯盟,8,
2016年區域立委選舉,2016,臺北市,中山區,聚盛里,臺北市第03選區,2,潘建志,無黨籍及未經政黨推薦,812,
2016年區域立委選舉,2016,臺北市,中山區,聚盛里,臺北市第03選區,3,林新凱,台灣獨立黨,19,
2016年區域立委選舉,2016,臺北市,中山區,聚盛里,臺北市第03選區,4,趙燕傑,無黨籍及未經政黨推薦,9,
2016年區域立委選舉,2016,臺北市,中山區,聚盛里,臺北市第03選區,5,邱正浩,和平鴿聯盟黨,9,
2016年區域立委選舉,2016,臺北市,中山區,聚盛里,臺北市第03選區,6,陳科引,無黨籍及未經政黨推薦,18,
2016年區域立委選舉,2016,臺北市,中山區,聚盛里,臺北市第03選區,7,李晏榕,綠黨社會民主黨聯盟,292,
2016年區域立委選舉,2016,臺北市,中山區,聚盛里,臺北市第03選區,8,李成嶽,軍公教聯盟黨,14,
2016年區域立委選舉,2016,臺北市,中山區,聚盛里,臺北市第03選區,9,黃麗香,無黨籍及未經政黨推薦,19,
2016年區域立委選舉,2016,臺北市,中山區,聚盛里,臺北市第03選區,10,蔣萬安,中國國民黨,1014,*
2016年區域立委選舉,2016,臺北市,中山區,集英里,臺北市第03選區,1,高士恩,大愛憲改聯盟,19,
2016年區域立委選舉,2016,臺北市,中山區,集英里,臺北市第03選區,2,潘建志,無黨籍及未經政黨推薦,1721,
2016年區域立委選舉,2016,臺北市,中山區,集英里,臺北市第03選區,3,林新凱,台灣獨立黨,20,
2016年區域立委選舉,2016,臺北市,中山區,集英里,臺北市第03選區,4,趙燕傑,無黨籍及未經政黨推薦,11,
2016年區域立委選舉,2016,臺北市,中山區,集英里,臺北市第03選區,5,邱正浩,和平鴿聯盟黨,12,
2016年區域立委選舉,2016,臺北市,中山區,集英里,臺北市第03選區,6,陳科引,無黨籍及未經政黨推薦,29,
2016年區域立委選舉,2016,臺北市,中山區,集英里,臺北市第03選區,7,李晏榕,綠黨社會民主黨聯盟,568,
2016年區域立委選舉,2016,臺北市,中山區,集英里,臺北市第03選區,8,李成嶽,軍公教聯盟黨,17,
2016年區域立委選舉,2016,臺北市,中山區,集英里,臺北市第03選區,9,黃麗香,無黨籍及未經政黨推薦,27,
2016年區域立委選舉,2016,臺北市,中山區,集英里,臺北市第03選區,10,蔣萬安,中國國民黨,1432,*
2016年區域立委選舉,2016,臺北市,中山區,聚葉里,臺北市第03選區,1,高士恩,大愛憲改聯盟,8,
2016年區域立委選舉,2016,臺北市,中山區,聚葉里,臺北市第03選區,2,潘建志,無黨籍及未經政黨推薦,889,
2016年區域立委選舉,2016,臺北市,中山區,聚葉里,臺北市第03選區,3,林新凱,台灣獨立黨,16,
2016年區域立委選舉,2016,臺北市,中山區,聚葉里,臺北市第03選區,4,趙燕傑,無黨籍及未經政黨推薦,4,
2016年區域立委選舉,2016,臺北市,中山區,聚葉里,臺北市第03選區,5,邱正浩,和平鴿聯盟黨,3,
2016年區域立委選舉,2016,臺北市,中山區,聚葉里,臺北市第03選區,6,陳科引,無黨籍及未經政黨推薦,11,
2016年區域立委選舉,2016,臺北市,中山區,聚葉里,臺北市第03選區,7,李晏榕,綠黨社會民主黨聯盟,272,
2016年區域立委選舉,2016,臺北市,中山區,聚葉里,臺北市第03選區,8,李成嶽,軍公教聯盟黨,12,
2016年區域立委選舉,2016,臺北市,中山區,聚葉里,臺北市第03選區,9,黃麗香,無黨籍及未經政黨推薦,24,
2016年區域立委選舉,2016,臺北市,中山區,聚葉里,臺北市第03選區,10,蔣萬安,中國國民黨,872,*
2016年區域立委選舉,2016,臺北市,中山區,恆安里,臺北市第03選區,1,高士恩,大愛憲改聯盟,9,
2016年區域立委選舉,2016,臺北市,中山區,恆安里,臺北市第03選區,2,潘建志,無黨籍及未經政黨推薦,971,
2016年區域立委選舉,2016,臺北市,中山區,恆安里,臺北市第03選區,3,林新凱,台灣獨立黨,18,
2016年區域立委選舉,2016,臺北市,中山區,恆安里,臺北市第03選區,4,趙燕傑,無黨籍及未經政黨推薦,7,
2016年區域立委選舉,2016,臺北市,中山區,恆安里,臺北市第03選區,5,邱正浩,和平鴿聯盟黨,6,
2016年區域立委選舉,2016,臺北市,中山區,恆安里,臺北市第03選區,6,陳科引,無黨籍及未經政黨推薦,14,
2016年區域立委選舉,2016,臺北市,中山區,恆安里,臺北市第03選區,7,李晏榕,綠黨社會民主黨聯盟,325,
2016年區域立委選舉,2016,臺北市,中山區,恆安里,臺北市第03選區,8,李成嶽,軍公教聯盟黨,6,
2016年區域立委選舉,2016,臺北市,中山區,恆安里,臺北市第03選區,9,黃麗香,無黨籍及未經政黨推薦,15,
2016年區域立委選舉,2016,臺北市,中山區,恆安里,臺北市第03選區,10,蔣萬安,中國國民黨,1100,*
2016年區域立委選舉,2016,臺北市,中山區,晴光里,臺北市第03選區,1,高士恩,大愛憲改聯盟,5,
2016年區域立委選舉,2016,臺北市,中山區,晴光里,臺北市第03選區,2,潘建志,無黨籍及未經政黨推薦,1075,
2016年區域立委選舉,2016,臺北市,中山區,晴光里,臺北市第03選區,3,林新凱,台灣獨立黨,17,
2016年區域立委選舉,2016,臺北市,中山區,晴光里,臺北市第03選區,4,趙燕傑,無黨籍及未經政黨推薦,7,
2016年區域立委選舉,2016,臺北市,中山區,晴光里,臺北市第03選區,5,邱正浩,和平鴿聯盟黨,11,
2016年區域立委選舉,2016,臺北市,中山區,晴光里,臺北市第03選區,6,陳科引,無黨籍及未經政黨推薦,19,
2016年區域立委選舉,2016,臺北市,中山區,晴光里,臺北市第03選區,7,李晏榕,綠黨社會民主黨聯盟,373,
2016年區域立委選舉,2016,臺北市,中山區,晴光里,臺北市第03選區,8,李成嶽,軍公教聯盟黨,5,
2016年區域立委選舉,2016,臺北市,中山區,晴光里,臺北市第03選區,9,黃麗香,無黨籍及未經政黨推薦,7,
2016年區域立委選舉,2016,臺北市,中山區,晴光里,臺北市第03選區,10,蔣萬安,中國國民黨,1254,*
2016年區域立委選舉,2016,臺北市,中山區,圓山里,臺北市第03選區,1,高士恩,大愛憲改聯盟,5,
2016年區域立委選舉,2016,臺北市,中山區,圓山里,臺北市第03選區,2,潘建志,無黨籍及未經政黨推薦,972,
2016年區域立委選舉,2016,臺北市,中山區,圓山里,臺北市第03選區,3,林新凱,台灣獨立黨,11,
2016年區域立委選舉,2016,臺北市,中山區,圓山里,臺北市第03選區,4,趙燕傑,無黨籍及未經政黨推薦,5,
2016年區域立委選舉,2016,臺北市,中山區,圓山里,臺北市第03選區,5,邱正浩,和平鴿聯盟黨,3,
2016年區域立委選舉,2016,臺北市,中山區,圓山里,臺北市第03選區,6,陳科引,無黨籍及未經政黨推薦,17,
2016年區域立委選舉,2016,臺北市,中山區,圓山里,臺北市第03選區,7,李晏榕,綠黨社會民主黨聯盟,314,
2016年區域立委選舉,2016,臺北市,中山區,圓山里,臺北市第03選區,8,李成嶽,軍公教聯盟黨,13,
2016年區域立委選舉,2016,臺北市,中山區,圓山里,臺北市第03選區,9,黃麗香,無黨籍及未經政黨推薦,16,
2016年區域立委選舉,2016,臺北市,中山區,圓山里,臺北市第03選區,10,蔣萬安,中國國民黨,964,*
2016年區域立委選舉,2016,臺北市,中山區,劍潭里,臺北市第03選區,1,高士恩,大愛憲改聯盟,8,
2016年區域立委選舉,2016,臺北市,中山區,劍潭里,臺北市第03選區,2,潘建志,無黨籍及未經政黨推薦,336,
2016年區域立委選舉,2016,臺北市,中山區,劍潭里,臺北市第03選區,3,林新凱,台灣獨立黨,4,
2016年區域立委選舉,2016,臺北市,中山區,劍潭里,臺北市第03選區,4,趙燕傑,無黨籍及未經政黨推薦,5,
2016年區域立委選舉,2016,臺北市,中山區,劍潭里,臺北市第03選區,5,邱正浩,和平鴿聯盟黨,4,
2016年區域立委選舉,2016,臺北市,中山區,劍潭里,臺北市第03選區,6,陳科引,無黨籍及未經政黨推薦,10,
2016年區域立委選舉,2016,臺北市,中山區,劍潭里,臺北市第03選區,7,李晏榕,綠黨社會民主黨聯盟,153,
2016年區域立委選舉,2016,臺北市,中山區,劍潭里,臺北市第03選區,8,李成嶽,軍公教聯盟黨,9,
2016年區域立委選舉,2016,臺北市,中山區,劍潭里,臺北市第03選區,9,黃麗香,無黨籍及未經政黨推薦,9,
2016年區域立委選舉,2016,臺北市,中山區,劍潭里,臺北市第03選區,10,蔣萬安,中國國民黨,1600,*
2016年區域立委選舉,2016,臺北市,中山區,大直里,臺北市第03選區,1,高士恩,大愛憲改聯盟,10,
2016年區域立委選舉,2016,臺北市,中山區,大直里,臺北市第03選區,2,潘建志,無黨籍及未經政黨推薦,1951,
2016年區域立委選舉,2016,臺北市,中山區,大直里,臺北市第03選區,3,林新凱,台灣獨立黨,9,
2016年區域立委選舉,2016,臺北市,中山區,大直里,臺北市第03選區,4,趙燕傑,無黨籍及未經政黨推薦,6,
2016年區域立委選舉,2016,臺北市,中山區,大直里,臺北市第03選區,5,邱正浩,和平鴿聯盟黨,7,
2016年區域立委選舉,2016,臺北市,中山區,大直里,臺北市第03選區,6,陳科引,無黨籍及未經政黨推薦,47,
2016年區域立委選舉,2016,臺北市,中山區,大直里,臺北市第03選區,7,李晏榕,綠黨社會民主黨聯盟,691,
2016年區域立委選舉,2016,臺北市,中山區,大直里,臺北市第03選區,8,李成嶽,軍公教聯盟黨,24,
2016年區域立委選舉,2016,臺北市,中山區,大直里,臺北市第03選區,9,黃麗香,無黨籍及未經政黨推薦,10,
2016年區域立委選舉,2016,臺北市,中山區,大直里,臺北市第03選區,10,蔣萬安,中國國民黨,2669,*
2016年區域立委選舉,2016,臺北市,中山區,成功里,臺北市第03選區,1,高士恩,大愛憲改聯盟,11,
2016年區域立委選舉,2016,臺北市,中山區,成功里,臺北市第03選區,2,潘建志,無黨籍及未經政黨推薦,1286,
2016年區域立委選舉,2016,臺北市,中山區,成功里,臺北市第03選區,3,林新凱,台灣獨立黨,11,
2016年區域立委選舉,2016,臺北市,中山區,成功里,臺北市第03選區,4,趙燕傑,無黨籍及未經政黨推薦,3,
2016年區域立委選舉,2016,臺北市,中山區,成功里,臺北市第03選區,5,邱正浩,和平鴿聯盟黨,7,
2016年區域立委選舉,2016,臺北市,中山區,成功里,臺北市第03選區,6,陳科引,無黨籍及未經政黨推薦,11,
2016年區域立委選舉,2016,臺北市,中山區,成功里,臺北市第03選區,7,李晏榕,綠黨社會民主黨聯盟,519,
2016年區域立委選舉,2016,臺北市,中山區,成功里,臺北市第03選區,8,李成嶽,軍公教聯盟黨,7,
2016年區域立委選舉,2016,臺北市,中山區,成功里,臺北市第03選區,9,黃麗香,無黨籍及未經政黨推薦,4,
2016年區域立委選舉,2016,臺北市,中山區,成功里,臺北市第03選區,10,蔣萬安,中國國民黨,1547,*
2016年區域立委選舉,2016,臺北市,中山區,永安里,臺北市第03選區,1,高士恩,大愛憲改聯盟,8,
2016年區域立委選舉,2016,臺北市,中山區,永安里,臺北市第03選區,2,潘建志,無黨籍及未經政黨推薦,1999,
2016年區域立委選舉,2016,臺北市,中山區,永安里,臺北市第03選區,3,林新凱,台灣獨立黨,10,
2016年區域立委選舉,2016,臺北市,中山區,永安里,臺北市第03選區,4,趙燕傑,無黨籍及未經政黨推薦,4,
2016年區域立委選舉,2016,臺北市,中山區,永安里,臺北市第03選區,5,邱正浩,和平鴿聯盟黨,6,
2016年區域立委選舉,2016,臺北市,中山區,永安里,臺北市第03選區,6,陳科引,無黨籍及未經政黨推薦,21,
2016年區域立委選舉,2016,臺北市,中山區,永安里,臺北市第03選區,7,李晏榕,綠黨社會民主黨聯盟,720,
2016年區域立委選舉,2016,臺北市,中山區,永安里,臺北市第03選區,8,李成嶽,軍公教聯盟黨,23,
2016年區域立委選舉,2016,臺北市,中山區,永安里,臺北市第03選區,9,黃麗香,無黨籍及未經政黨推薦,13,
2016年區域立委選舉,2016,臺北市,中山區,永安里,臺北市第03選區,10,蔣萬安,中國國民黨,2401,*
2016年區域立委選舉,2016,臺北市,中山區,大佳里,臺北市第03選區,1,高士恩,大愛憲改聯盟,2,
2016年區域立委選舉,2016,臺北市,中山區,大佳里,臺北市第03選區,2,潘建志,無黨籍及未經政黨推薦,334,
2016年區域立委選舉,2016,臺北市,中山區,大佳里,臺北市第03選區,3,林新凱,台灣獨立黨,4,
2016年區域立委選舉,2016,臺北市,中山區,大佳里,臺北市第03選區,4,趙燕傑,無黨籍及未經政黨推薦,1,
2016年區域立委選舉,2016,臺北市,中山區,大佳里,臺北市第03選區,5,邱正浩,和平鴿聯盟黨,2,
2016年區域立委選舉,2016,臺北市,中山區,大佳里,臺北市第03選區,6,陳科引,無黨籍及未經政黨推薦,2,
2016年區域立委選舉,2016,臺北市,中山區,大佳里,臺北市第03選區,7,李晏榕,綠黨社會民主黨聯盟,81,
2016年區域立委選舉,2016,臺北市,中山區,大佳里,臺北市第03選區,8,李成嶽,軍公教聯盟黨,0,
2016年區域立委選舉,2016,臺北市,中山區,大佳里,臺北市第03選區,9,黃麗香,無黨籍及未經政黨推薦,1,
2016年區域立委選舉,2016,臺北市,中山區,大佳里,臺北市第03選區,10,蔣萬安,中國國民黨,190,*
2016年區域立委選舉,2016,臺北市,中山區,新喜里,臺北市第03選區,1,高士恩,大愛憲改聯盟,11,
2016年區域立委選舉,2016,臺北市,中山區,新喜里,臺北市第03選區,2,潘建志,無黨籍及未經政黨推薦,1392,
2016年區域立委選舉,2016,臺北市,中山區,新喜里,臺北市第03選區,3,林新凱,台灣獨立黨,13,
2016年區域立委選舉,2016,臺北市,中山區,新喜里,臺北市第03選區,4,趙燕傑,無黨籍及未經政黨推薦,3,
2016年區域立委選舉,2016,臺北市,中山區,新喜里,臺北市第03選區,5,邱正浩,和平鴿聯盟黨,11,
2016年區域立委選舉,2016,臺北市,中山區,新喜里,臺北市第03選區,6,陳科引,無黨籍及未經政黨推薦,27,
2016年區域立委選舉,2016,臺北市,中山區,新喜里,臺北市第03選區,7,李晏榕,綠黨社會民主黨聯盟,400,
2016年區域立委選舉,2016,臺北市,中山區,新喜里,臺北市第03選區,8,李成嶽,軍公教聯盟黨,10,
2016年區域立委選舉,2016,臺北市,中山區,新喜里,臺北市第03選區,9,黃麗香,無黨籍及未經政黨推薦,3,
2016年區域立委選舉,2016,臺北市,中山區,新喜里,臺北市第03選區,10,蔣萬安,中國國民黨,1206,*
2016年區域立委選舉,2016,臺北市,中山區,新庄里,臺北市第03選區,1,高士恩,大愛憲改聯盟,11,
2016年區域立委選舉,2016,臺北市,中山區,新庄里,臺北市第03選區,2,潘建志,無黨籍及未經政黨推薦,1289,
2016年區域立委選舉,2016,臺北市,中山區,新庄里,臺北市第03選區,3,林新凱,台灣獨立黨,10,
2016年區域立委選舉,2016,臺北市,中山區,新庄里,臺北市第03選區,4,趙燕傑,無黨籍及未經政黨推薦,6,
2016年區域立委選舉,2016,臺北市,中山區,新庄里,臺北市第03選區,5,邱正浩,和平鴿聯盟黨,12,
2016年區域立委選舉,2016,臺北市,中山區,新庄里,臺北市第03選區,6,陳科引,無黨籍及未經政黨推薦,19,
2016年區域立委選舉,2016,臺北市,中山區,新庄里,臺北市第03選區,7,李晏榕,綠黨社會民主黨聯盟,374,
2016年區域立委選舉,2016,臺北市,中山區,新庄里,臺北市第03選區,8,李成嶽,軍公教聯盟黨,10,
2016年區域立委選舉,2016,臺北市,中山區,新庄里,臺北市第03選區,9,黃麗香,無黨籍及未經政黨推薦,8,
2016年區域立委選舉,2016,臺北市,中山區,新庄里,臺北市第03選區,10,蔣萬安,中國國民黨,1153,*
2016年區域立委選舉,2016,臺北市,中山區,新福里,臺北市第03選區,1,高士恩,大愛憲改聯盟,14,
2016年區域立委選舉,2016,臺北市,中山區,新福里,臺北市第03選區,2,潘建志,無黨籍及未經政黨推薦,1445,
2016年區域立委選舉,2016,臺北市,中山區,新福里,臺北市第03選區,3,林新凱,台灣獨立黨,18,
2016年區域立委選舉,2016,臺北市,中山區,新福里,臺北市第03選區,4,趙燕傑,無黨籍及未經政黨推薦,6,
2016年區域立委選舉,2016,臺北市,中山區,新福里,臺北市第03選區,5,邱正浩,和平鴿聯盟黨,4,
2016年區域立委選舉,2016,臺北市,中山區,新福里,臺北市第03選區,6,陳科引,無黨籍及未經政黨推薦,27,
2016年區域立委選舉,2016,臺北市,中山區,新福里,臺北市第03選區,7,李晏榕,綠黨社會民主黨聯盟,335,
2016年區域立委選舉,2016,臺北市,中山區,新福里,臺北市第03選區,8,李成嶽,軍公教聯盟黨,7,
2016年區域立委選舉,2016,臺北市,中山區,新福里,臺北市第03選區,9,黃麗香,無黨籍及未經政黨推薦,9,
2016年區域立委選舉,2016,臺北市,中山區,新福里,臺北市第03選區,10,蔣萬安,中國國民黨,1032,*
2016年區域立委選舉,2016,臺北市,中山區,松江里,臺北市第03選區,1,高士恩,大愛憲改聯盟,10,
2016年區域立委選舉,2016,臺北市,中山區,松江里,臺北市第03選區,2,潘建志,無黨籍及未經政黨推薦,1760,
2016年區域立委選舉,2016,臺北市,中山區,松江里,臺北市第03選區,3,林新凱,台灣獨立黨,23,
2016年區域立委選舉,2016,臺北市,中山區,松江里,臺北市第03選區,4,趙燕傑,無黨籍及未經政黨推薦,10,
2016年區域立委選舉,2016,臺北市,中山區,松江里,臺北市第03選區,5,邱正浩,和平鴿聯盟黨,6,
2016年區域立委選舉,2016,臺北市,中山區,松江里,臺北市第03選區,6,陳科引,無黨籍及未經政黨推薦,40,
2016年區域立委選舉,2016,臺北市,中山區,松江里,臺北市第03選區,7,李晏榕,綠黨社會民主黨聯盟,425,
2016年區域立委選舉,2016,臺北市,中山區,松江里,臺北市第03選區,8,李成嶽,軍公教聯盟黨,9,
2016年區域立委選舉,2016,臺北市,中山區,松江里,臺北市第03選區,9,黃麗香,無黨籍及未經政黨推薦,9,
2016年區域立委選舉,2016,臺北市,中山區,松江里,臺北市第03選區,10,蔣萬安,中國國民黨,1542,*
2016年區域立委選舉,2016,臺北市,中山區,新生里,臺北市第03選區,1,高士恩,大愛憲改聯盟,7,
2016年區域立委選舉,2016,臺北市,中山區,新生里,臺北市第03選區,2,潘建志,無黨籍及未經政黨推薦,1375,
2016年區域立委選舉,2016,臺北市,中山區,新生里,臺北市第03選區,3,林新凱,台灣獨立黨,12,
2016年區域立委選舉,2016,臺北市,中山區,新生里,臺北市第03選區,4,趙燕傑,無黨籍及未經政黨推薦,7,
2016年區域立委選舉,2016,臺北市,中山區,新生里,臺北市第03選區,5,邱正浩,和平鴿聯盟黨,9,
2016年區域立委選舉,2016,臺北市,中山區,新生里,臺北市第03選區,6,陳科引,無黨籍及未經政黨推薦,16,
2016年區域立委選舉,2016,臺北市,中山區,新生里,臺北市第03選區,7,李晏榕,綠黨社會民主黨聯盟,353,
2016年區域立委選舉,2016,臺北市,中山區,新生里,臺北市第03選區,8,李成嶽,軍公教聯盟黨,6,
2016年區域立委選舉,2016,臺北市,中山區,新生里,臺北市第03選區,9,黃麗香,無黨籍及未經政黨推薦,6,
2016年區域立委選舉,2016,臺北市,中山區,新生里,臺北市第03選區,10,蔣萬安,中國國民黨,1110,*
2016年區域立委選舉,2016,臺北市,中山區,中庄里,臺北市第03選區,1,高士恩,大愛憲改聯盟,17,
2016年區域立委選舉,2016,臺北市,中山區,中庄里,臺北市第03選區,2,潘建志,無黨籍及未經政黨推薦,1305,
2016年區域立委選舉,2016,臺北市,中山區,中庄里,臺北市第03選區,3,林新凱,台灣獨立黨,14,
2016年區域立委選舉,2016,臺北市,中山區,中庄里,臺北市第03選區,4,趙燕傑,無黨籍及未經政黨推薦,4,
2016年區域立委選舉,2016,臺北市,中山區,中庄里,臺北市第03選區,5,邱正浩,和平鴿聯盟黨,10,
2016年區域立委選舉,2016,臺北市,中山區,中庄里,臺北市第03選區,6,陳科引,無黨籍及未經政黨推薦,29,
2016年區域立委選舉,2016,臺北市,中山區,中庄里,臺北市第03選區,7,李晏榕,綠黨社會民主黨聯盟,425,
2016年區域立委選舉,2016,臺北市,中山區,中庄里,臺北市第03選區,8,李成嶽,軍公教聯盟黨,8,
2016年區域立委選舉,2016,臺北市,中山區,中庄里,臺北市第03選區,9,黃麗香,無黨籍及未經政黨推薦,12,
2016年區域立委選舉,2016,臺北市,中山區,中庄里,臺北市第03選區,10,蔣萬安,中國國民黨,1163,*
2016年區域立委選舉,2016,臺北市,中山區,行政里,臺北市第03選區,1,高士恩,大愛憲改聯盟,11,
2016年區域立委選舉,2016,臺北市,中山區,行政里,臺北市第03選區,2,潘建志,無黨籍及未經政黨推薦,1434,
2016年區域立委選舉,2016,臺北市,中山區,行政里,臺北市第03選區,3,林新凱,台灣獨立黨,18,
2016年區域立委選舉,2016,臺北市,中山區,行政里,臺北市第03選區,4,趙燕傑,無黨籍及未經政黨推薦,4,
2016年區域立委選舉,2016,臺北市,中山區,行政里,臺北市第03選區,5,邱正浩,和平鴿聯盟黨,14,
2016年區域立委選舉,2016,臺北市,中山區,行政里,臺北市第03選區,6,陳科引,無黨籍及未經政黨推薦,27,
2016年區域立委選舉,2016,臺北市,中山區,行政里,臺北市第03選區,7,李晏榕,綠黨社會民主黨聯盟,417,
2016年區域立委選舉,2016,臺北市,中山區,行政里,臺北市第03選區,8,李成嶽,軍公教聯盟黨,6,
2016年區域立委選舉,2016,臺北市,中山區,行政里,臺北市第03選區,9,黃麗香,無黨籍及未經政黨推薦,11,
2016年區域立委選舉,2016,臺北市,中山區,行政里,臺北市第03選區,10,蔣萬安,中國國民黨,1486,*
2016年區域立委選舉,2016,臺北市,中山區,行仁里,臺北市第03選區,1,高士恩,大愛憲改聯盟,18,
2016年區域立委選舉,2016,臺北市,中山區,行仁里,臺北市第03選區,2,潘建志,無黨籍及未經政黨推薦,2212,
2016年區域立委選舉,2016,臺北市,中山區,行仁里,臺北市第03選區,3,林新凱,台灣獨立黨,14,
2016年區域立委選舉,2016,臺北市,中山區,行仁里,臺北市第03選區,4,趙燕傑,無黨籍及未經政黨推薦,8,
2016年區域立委選舉,2016,臺北市,中山區,行仁里,臺北市第03選區,5,邱正浩,和平鴿聯盟黨,7,
2016年區域立委選舉,2016,臺北市,中山區,行仁里,臺北市第03選區,6,陳科引,無黨籍及未經政黨推薦,36,
2016年區域立委選舉,2016,臺北市,中山區,行仁里,臺北市第03選區,7,李晏榕,綠黨社會民主黨聯盟,565,
2016年區域立委選舉,2016,臺北市,中山區,行仁里,臺北市第03選區,8,李成嶽,軍公教聯盟黨,10,
2016年區域立委選舉,2016,臺北市,中山區,行仁里,臺北市第03選區,9,黃麗香,無黨籍及未經政黨推薦,18,
2016年區域立委選舉,2016,臺北市,中山區,行仁里,臺北市第03選區,10,蔣萬安,中國國民黨,1836,*
2016年區域立委選舉,2016,臺北市,中山區,行孝里,臺北市第03選區,1,高士恩,大愛憲改聯盟,12,
2016年區域立委選舉,2016,臺北市,中山區,行孝里,臺北市第03選區,2,潘建志,無黨籍及未經政黨推薦,1064,
2016年區域立委選舉,2016,臺北市,中山區,行孝里,臺北市第03選區,3,林新凱,台灣獨立黨,6,
2016年區域立委選舉,2016,臺北市,中山區,行孝里,臺北市第03選區,4,趙燕傑,無黨籍及未經政黨推薦,3,
2016年區域立委選舉,2016,臺北市,中山區,行孝里,臺北市第03選區,5,邱正浩,和平鴿聯盟黨,2,
2016年區域立委選舉,2016,臺北市,中山區,行孝里,臺北市第03選區,6,陳科引,無黨籍及未經政黨推薦,19,
2016年區域立委選舉,2016,臺北市,中山區,行孝里,臺北市第03選區,7,李晏榕,綠黨社會民主黨聯盟,310,
2016年區域立委選舉,2016,臺北市,中山區,行孝里,臺北市第03選區,8,李成嶽,軍公教聯盟黨,11,
2016年區域立委選舉,2016,臺北市,中山區,行孝里,臺北市第03選區,9,黃麗香,無黨籍及未經政黨推薦,3,
2016年區域立委選舉,2016,臺北市,中山區,行孝里,臺北市第03選區,10,蔣萬安,中國國民黨,887,*
2016年區域立委選舉,2016,臺北市,中山區,下埤里,臺北市第03選區,1,高士恩,大愛憲改聯盟,10,
2016年區域立委選舉,2016,臺北市,中山區,下埤里,臺北市第03選區,2,潘建志,無黨籍及未經政黨推薦,1995,
2016年區域立委選舉,2016,臺北市,中山區,下埤里,臺北市第03選區,3,林新凱,台灣獨立黨,24,
2016年區域立委選舉,2016,臺北市,中山區,下埤里,臺北市第03選區,4,趙燕傑,無黨籍及未經政黨推薦,8,
2016年區域立委選舉,2016,臺北市,中山區,下埤里,臺北市第03選區,5,邱正浩,和平鴿聯盟黨,7,
2016年區域立委選舉,2016,臺北市,中山區,下埤里,臺北市第03選區,6,陳科引,無黨籍及未經政黨推薦,33,
2016年區域立委選舉,2016,臺北市,中山區,下埤里,臺北市第03選區,7,李晏榕,綠黨社會民主黨聯盟,583,
2016年區域立委選舉,2016,臺北市,中山區,下埤里,臺北市第03選區,8,李成嶽,軍公教聯盟黨,11,
2016年區域立委選舉,2016,臺北市,中山區,下埤里,臺北市第03選區,9,黃麗香,無黨籍及未經政黨推薦,10,
2016年區域立委選舉,2016,臺北市,中山區,下埤里,臺北市第03選區,10,蔣萬安,中國國民黨,1809,*
2016年區域立委選舉,2016,臺北市,中山區,江寧里,臺北市第03選區,1,高士恩,大愛憲改聯盟,9,
2016年區域立委選舉,2016,臺北市,中山區,江寧里,臺北市第03選區,2,潘建志,無黨籍及未經政黨推薦,1613,
2016年區域立委選舉,2016,臺北市,中山區,江寧里,臺北市第03選區,3,林新凱,台灣獨立黨,14,
2016年區域立委選舉,2016,臺北市,中山區,江寧里,臺北市第03選區,4,趙燕傑,無黨籍及未經政黨推薦,10,
2016年區域立委選舉,2016,臺北市,中山區,江寧里,臺北市第03選區,5,邱正浩,和平鴿聯盟黨,11,
2016年區域立委選舉,2016,臺北市,中山區,江寧里,臺北市第03選區,6,陳科引,無黨籍及未經政黨推薦,20,
2016年區域立委選舉,2016,臺北市,中山區,江寧里,臺北市第03選區,7,李晏榕,綠黨社會民主黨聯盟,489,
2016年區域立委選舉,2016,臺北市,中山區,江寧里,臺北市第03選區,8,李成嶽,軍公教聯盟黨,4,
2016年區域立委選舉,2016,臺北市,中山區,江寧里,臺北市第03選區,9,黃麗香,無黨籍及未經政黨推薦,13,
2016年區域立委選舉,2016,臺北市,中山區,江寧里,臺北市第03選區,10,蔣萬安,中國國民黨,1764,*
2016年區域立委選舉,2016,臺北市,中山區,江山里,臺北市第03選區,1,高士恩,大愛憲改聯盟,16,
2016年區域立委選舉,2016,臺北市,中山區,江山里,臺北市第03選區,2,潘建志,無黨籍及未經政黨推薦,2039,
2016年區域立委選舉,2016,臺北市,中山區,江山里,臺北市第03選區,3,林新凱,台灣獨立黨,13,
2016年區域立委選舉,2016,臺北市,中山區,江山里,臺北市第03選區,4,趙燕傑,無黨籍及未經政黨推薦,8,
2016年區域立委選舉,2016,臺北市,中山區,江山里,臺北市第03選區,5,邱正浩,和平鴿聯盟黨,12,
2016年區域立委選舉,2016,臺北市,中山區,江山里,臺北市第03選區,6,陳科引,無黨籍及未經政黨推薦,36,
2016年區域立委選舉,2016,臺北市,中山區,江山里,臺北市第03選區,7,李晏榕,綠黨社會民主黨聯盟,530,
2016年區域立委選舉,2016,臺北市,中山區,江山里,臺北市第03選區,8,李成嶽,軍公教聯盟黨,20,
2016年區域立委選舉,2016,臺北市,中山區,江山里,臺北市第03選區,9,黃麗香,無黨籍及未經政黨推薦,6,
2016年區域立委選舉,2016,臺北市,中山區,江山里,臺北市第03選區,10,蔣萬安,中國國民黨,1739,*
2016年區域立委選舉,2016,臺北市,中山區,中吉里,臺北市第03選區,1,高士恩,大愛憲改聯盟,10,
2016年區域立委選舉,2016,臺北市,中山區,中吉里,臺北市第03選區,2,潘建志,無黨籍及未經政黨推薦,1513,
2016年區域立委選舉,2016,臺北市,中山區,中吉里,臺北市第03選區,3,林新凱,台灣獨立黨,15,
2016年區域立委選舉,2016,臺北市,中山區,中吉里,臺北市第03選區,4,趙燕傑,無黨籍及未經政黨推薦,5,
2016年區域立委選舉,2016,臺北市,中山區,中吉里,臺北市第03選區,5,邱正浩,和平鴿聯盟黨,9,
2016年區域立委選舉,2016,臺北市,中山區,中吉里,臺北市第03選區,6,陳科引,無黨籍及未經政黨推薦,33,
2016年區域立委選舉,2016,臺北市,中山區,中吉里,臺北市第03選區,7,李晏榕,綠黨社會民主黨聯盟,403,
2016年區域立委選舉,2016,臺北市,中山區,中吉里,臺北市第03選區,8,李成嶽,軍公教聯盟黨,5,
2016年區域立委選舉,2016,臺北市,中山區,中吉里,臺北市第03選區,9,黃麗香,無黨籍及未經政黨推薦,15,
2016年區域立委選舉,2016,臺北市,中山區,中吉里,臺北市第03選區,10,蔣萬安,中國國民黨,1164,*
2016年區域立委選舉,2016,臺北市,中山區,中原里,臺北市第03選區,1,高士恩,大愛憲改聯盟,8,
2016年區域立委選舉,2016,臺北市,中山區,中原里,臺北市第03選區,2,潘建志,無黨籍及未經政黨推薦,1327,
2016年區域立委選舉,2016,臺北市,中山區,中原里,臺北市第03選區,3,林新凱,台灣獨立黨,5,
2016年區域立委選舉,2016,臺北市,中山區,中原里,臺北市第03選區,4,趙燕傑,無黨籍及未經政黨推薦,4,
2016年區域立委選舉,2016,臺北市,中山區,中原里,臺北市第03選區,5,邱正浩,和平鴿聯盟黨,2,
2016年區域立委選舉,2016,臺北市,中山區,中原里,臺北市第03選區,6,陳科引,無黨籍及未經政黨推薦,26,
2016年區域立委選舉,2016,臺北市,中山區,中原里,臺北市第03選區,7,李晏榕,綠黨社會民主黨聯盟,378,
2016年區域立委選舉,2016,臺北市,中山區,中原里,臺北市第03選區,8,李成嶽,軍公教聯盟黨,9,
2016年區域立委選舉,2016,臺北市,中山區,中原里,臺北市第03選區,9,黃麗香,無黨籍及未經政黨推薦,10,
2016年區域立委選舉,2016,臺北市,中山區,中原里,臺北市第03選區,10,蔣萬安,中國國民黨,1164,*
2016年區域立委選舉,2016,臺北市,中山區,興亞里,臺北市第03選區,1,高士恩,大愛憲改聯盟,8,
2016年區域立委選舉,2016,臺北市,中山區,興亞里,臺北市第03選區,2,潘建志,無黨籍及未經政黨推薦,1276,
2016年區域立委選舉,2016,臺北市,中山區,興亞里,臺北市第03選區,3,林新凱,台灣獨立黨,12,
2016年區域立委選舉,2016,臺北市,中山區,興亞里,臺北市第03選區,4,趙燕傑,無黨籍及未經政黨推薦,8,
2016年區域立委選舉,2016,臺北市,中山區,興亞里,臺北市第03選區,5,邱正浩,和平鴿聯盟黨,7,
2016年區域立委選舉,2016,臺北市,中山區,興亞里,臺北市第03選區,6,陳科引,無黨籍及未經政黨推薦,25,
2016年區域立委選舉,2016,臺北市,中山區,興亞里,臺北市第03選區,7,李晏榕,綠黨社會民主黨聯盟,385,
2016年區域立委選舉,2016,臺北市,中山區,興亞里,臺北市第03選區,8,李成嶽,軍公教聯盟黨,20,
2016年區域立委選舉,2016,臺北市,中山區,興亞里,臺北市第03選區,9,黃麗香,無黨籍及未經政黨推薦,15,
2016年區域立委選舉,2016,臺北市,中山區,興亞里,臺北市第03選區,10,蔣萬安,中國國民黨,1286,*
2016年區域立委選舉,2016,臺北市,中山區,中央里,臺北市第03選區,1,高士恩,大愛憲改聯盟,5,
2016年區域立委選舉,2016,臺北市,中山區,中央里,臺北市第03選區,2,潘建志,無黨籍及未經政黨推薦,826,
2016年區域立委選舉,2016,臺北市,中山區,中央里,臺北市第03選區,3,林新凱,台灣獨立黨,8,
2016年區域立委選舉,2016,臺北市,中山區,中央里,臺北市第03選區,4,趙燕傑,無黨籍及未經政黨推薦,8,
2016年區域立委選舉,2016,臺北市,中山區,中央里,臺北市第03選區,5,邱正浩,和平鴿聯盟黨,6,
2016年區域立委選舉,2016,臺北市,中山區,中央里,臺北市第03選區,6,陳科引,無黨籍及未經政黨推薦,46,
2016年區域立委選舉,2016,臺北市,中山區,中央里,臺北市第03選區,7,李晏榕,綠黨社會民主黨聯盟,222,
2016年區域立委選舉,2016,臺北市,中山區,中央里,臺北市第03選區,8,李成嶽,軍公教聯盟黨,6,
2016年區域立委選舉,2016,臺北市,中山區,中央里,臺北市第03選區,9,黃麗香,無黨籍及未經政黨推薦,6,
2016年區域立委選舉,2016,臺北市,中山區,中央里,臺北市第03選區,10,蔣萬安,中國國民黨,889,*
2016年區域立委選舉,2016,臺北市,中山區,朱馥里,臺北市第03選區,1,高士恩,大愛憲改聯盟,9,
2016年區域立委選舉,2016,臺北市,中山區,朱馥里,臺北市第03選區,2,潘建志,無黨籍及未經政黨推薦,1264,
2016年區域立委選舉,2016,臺北市,中山區,朱馥里,臺北市第03選區,3,林新凱,台灣獨立黨,11,
2016年區域立委選舉,2016,臺北市,中山區,朱馥里,臺北市第03選區,4,趙燕傑,無黨籍及未經政黨推薦,6,
2016年區域立委選舉,2016,臺北市,中山區,朱馥里,臺北市第03選區,5,邱正浩,和平鴿聯盟黨,10,
2016年區域立委選舉,2016,臺北市,中山區,朱馥里,臺北市第03選區,6,陳科引,無黨籍及未經政黨推薦,34,
2016年區域立委選舉,2016,臺北市,中山區,朱馥里,臺北市第03選區,7,李晏榕,綠黨社會民主黨聯盟,435,
2016年區域立委選舉,2016,臺北市,中山區,朱馥里,臺北市第03選區,8,李成嶽,軍公教聯盟黨,12,
2016年區域立委選舉,2016,臺北市,中山區,朱馥里,臺北市第03選區,9,黃麗香,無黨籍及未經政黨推薦,10,
2016年區域立委選舉,2016,臺北市,中山區,朱馥里,臺北市第03選區,10,蔣萬安,中國國民黨,1492,*
2016年區域立委選舉,2016,臺北市,中山區,龍洲里,臺北市第03選區,1,高士恩,大愛憲改聯盟,2,
2016年區域立委選舉,2016,臺北市,中山區,龍洲里,臺北市第03選區,2,潘建志,無黨籍及未經政黨推薦,685,
2016年區域立委選舉,2016,臺北市,中山區,龍洲里,臺北市第03選區,3,林新凱,台灣獨立黨,6,
2016年區域立委選舉,2016,臺北市,中山區,龍洲里,臺北市第03選區,4,趙燕傑,無黨籍及未經政黨推薦,7,
2016年區域立委選舉,2016,臺北市,中山區,龍洲里,臺北市第03選區,5,邱正浩,和平鴿聯盟黨,3,
2016年區域立委選舉,2016,臺北市,中山區,龍洲里,臺北市第03選區,6,陳科引,無黨籍及未經政黨推薦,16,
2016年區域立委選舉,2016,臺北市,中山區,龍洲里,臺北市第03選區,7,李晏榕,綠黨社會民主黨聯盟,263,
2016年區域立委選舉,2016,臺北市,中山區,龍洲里,臺北市第03選區,8,李成嶽,軍公教聯盟黨,14,
2016年區域立委選舉,2016,臺北市,中山區,龍洲里,臺北市第03選區,9,黃麗香,無黨籍及未經政黨推薦,11,
2016年區域立委選舉,2016,臺北市,中山區,龍洲里,臺北市第03選區,10,蔣萬安,中國國民黨,2020,*
2016年區域立委選舉,2016,臺北市,中山區,朱園里,臺北市第03選區,1,高士恩,大愛憲改聯盟,7,
2016年區域立委選舉,2016,臺北市,中山區,朱園里,臺北市第03選區,2,潘建志,無黨籍及未經政黨推薦,1064,
2016年區域立委選舉,2016,臺北市,中山區,朱園里,臺北市第03選區,3,林新凱,台灣獨立黨,16,
2016年區域立委選舉,2016,臺北市,中山區,朱園里,臺北市第03選區,4,趙燕傑,無黨籍及未經政黨推薦,5,
2016年區域立委選舉,2016,臺北市,中山區,朱園里,臺北市第03選區,5,邱正浩,和平鴿聯盟黨,6,
2016年區域立委選舉,2016,臺北市,中山區,朱園里,臺北市第03選區,6,陳科引,無黨籍及未經政黨推薦,23,
2016年區域立委選舉,2016,臺北市,中山區,朱園里,臺北市第03選區,7,李晏榕,綠黨社會民主黨聯盟,373,
2016年區域立委選舉,2016,臺北市,中山區,朱園里,臺北市第03選區,8,李成嶽,軍公教聯盟黨,10,
2016年區域立委選舉,2016,臺北市,中山區,朱園里,臺北市第03選區,9,黃麗香,無黨籍及未經政黨推薦,6,
2016年區域立委選舉,2016,臺北市,中山區,朱園里,臺北市第03選區,10,蔣萬安,中國國民黨,978,*
2016年區域立委選舉,2016,臺北市,中山區,埤頭里,臺北市第03選區,1,高士恩,大愛憲改聯盟,12,
2016年區域立委選舉,2016,臺北市,中山區,埤頭里,臺北市第03選區,2,潘建志,無黨籍及未經政黨推薦,786,
2016年區域立委選舉,2016,臺北市,中山區,埤頭里,臺北市第03選區,3,林新凱,台灣獨立黨,9,
2016年區域立委選舉,2016,臺北市,中山區,埤頭里,臺北市第03選區,4,趙燕傑,無黨籍及未經政黨推薦,4,
2016年區域立委選舉,2016,臺北市,中山區,埤頭里,臺北市第03選區,5,邱正浩,和平鴿聯盟黨,6,
2016年區域立委選舉,2016,臺北市,中山區,埤頭里,臺北市第03選區,6,陳科引,無黨籍及未經政黨推薦,12,
2016年區域立委選舉,2016,臺北市,中山區,埤頭里,臺北市第03選區,7,李晏榕,綠黨社會民主黨聯盟,246,
2016年區域立委選舉,2016,臺北市,中山區,埤頭里,臺北市第03選區,8,李成嶽,軍公教聯盟黨,3,
2016年區域立委選舉,2016,臺北市,中山區,埤頭里,臺北市第03選區,9,黃麗香,無黨籍及未經政黨推薦,6,
2016年區域立委選舉,2016,臺北市,中山區,埤頭里,臺北市第03選區,10,蔣萬安,中國國民黨,884,*
2016年區域立委選舉,2016,臺北市,中山區,朱崙里,臺北市第03選區,1,高士恩,大愛憲改聯盟,8,
2016年區域立委選舉,2016,臺北市,中山區,朱崙里,臺北市第03選區,2,潘建志,無黨籍及未經政黨推薦,630,
2016年區域立委選舉,2016,臺北市,中山區,朱崙里,臺北市第03選區,3,林新凱,台灣獨立黨,7,
2016年區域立委選舉,2016,臺北市,中山區,朱崙里,臺北市第03選區,4,趙燕傑,無黨籍及未經政黨推薦,2,
2016年區域立委選舉,2016,臺北市,中山區,朱崙里,臺北市第03選區,5,邱正浩,和平鴿聯盟黨,2,
2016年區域立委選舉,2016,臺北市,中山區,朱崙里,臺北市第03選區,6,陳科引,無黨籍及未經政黨推薦,15,
2016年區域立委選舉,2016,臺北市,中山區,朱崙里,臺北市第03選區,7,李晏榕,綠黨社會民主黨聯盟,222,
2016年區域立委選舉,2016,臺北市,中山區,朱崙里,臺北市第03選區,8,李成嶽,軍公教聯盟黨,10,
2016年區域立委選舉,2016,臺北市,中山區,朱崙里,臺北市第03選區,9,黃麗香,無黨籍及未經政黨推薦,4,
2016年區域立委選舉,2016,臺北市,中山區,朱崙里,臺北市第03選區,10,蔣萬安,中國國民黨,701,*
2016年區域立委選舉,2016,臺北市,中山區,力行里,臺北市第03選區,1,高士恩,大愛憲改聯盟,6,
2016年區域立委選舉,2016,臺北市,中山區,力行里,臺北市第03選區,2,潘建志,無黨籍及未經政黨推薦,1444,
2016年區域立委選舉,2016,臺北市,中山區,力行里,臺北市第03選區,3,林新凱,台灣獨立黨,17,
2016年區域立委選舉,2016,臺北市,中山區,力行里,臺北市第03選區,4,趙燕傑,無黨籍及未經政黨推薦,5,
2016年區域立委選舉,2016,臺北市,中山區,力行里,臺北市第03選區,5,邱正浩,和平鴿聯盟黨,8,
2016年區域立委選舉,2016,臺北市,中山區,力行里,臺北市第03選區,6,陳科引,無黨籍及未經政黨推薦,35,
2016年區域立委選舉,2016,臺北市,中山區,力行里,臺北市第03選區,7,李晏榕,綠黨社會民主黨聯盟,461,
2016年區域立委選舉,2016,臺北市,中山區,力行里,臺北市第03選區,8,李成嶽,軍公教聯盟黨,6,
2016年區域立委選舉,2016,臺北市,中山區,力行里,臺北市第03選區,9,黃麗香,無黨籍及未經政黨推薦,5,
2016年區域立委選舉,2016,臺北市,中山區,力行里,臺北市第03選區,10,蔣萬安,中國國民黨,1370,*
2016年區域立委選舉,2016,臺北市,中山區,復華里,臺北市第03選區,1,高士恩,大愛憲改聯盟,5,
2016年區域立委選舉,2016,臺北市,中山區,復華里,臺北市第03選區,2,潘建志,無黨籍及未經政黨推薦,919,
2016年區域立委選舉,2016,臺北市,中山區,復華里,臺北市第03選區,3,林新凱,台灣獨立黨,12,
2016年區域立委選舉,2016,臺北市,中山區,復華里,臺北市第03選區,4,趙燕傑,無黨籍及未經政黨推薦,5,
2016年區域立委選舉,2016,臺北市,中山區,復華里,臺北市第03選區,5,邱正浩,和平鴿聯盟黨,2,
2016年區域立委選舉,2016,臺北市,中山區,復華里,臺北市第03選區,6,陳科引,無黨籍及未經政黨推薦,18,
2016年區域立委選舉,2016,臺北市,中山區,復華里,臺北市第03選區,7,李晏榕,綠黨社會民主黨聯盟,284,
2016年區域立委選舉,2016,臺北市,中山區,復華里,臺北市第03選區,8,李成嶽,軍公教聯盟黨,8,
2016年區域立委選舉,2016,臺北市,中山區,復華里,臺北市第03選區,9,黃麗香,無黨籍及未經政黨推薦,2,
2016年區域立委選舉,2016,臺北市,中山區,復華里,臺北市第03選區,10,蔣萬安,中國國民黨,1354,*
2016年區域立委選舉,2016,臺北市,中山區,金泰里,臺北市第03選區,1,高士恩,大愛憲改聯盟,4,
2016年區域立委選舉,2016,臺北市,中山區,金泰里,臺北市第03選區,2,潘建志,無黨籍及未經政黨推薦,1363,
2016年區域立委選舉,2016,臺北市,中山區,金泰里,臺北市第03選區,3,林新凱,台灣獨立黨,32,
2016年區域立委選舉,2016,臺北市,中山區,金泰里,臺北市第03選區,4,趙燕傑,無黨籍及未經政黨推薦,9,
2016年區域立委選舉,2016,臺北市,中山區,金泰里,臺北市第03選區,5,邱正浩,和平鴿聯盟黨,10,
2016年區域立委選舉,2016,臺北市,中山區,金泰里,臺北市第03選區,6,陳科引,無黨籍及未經政黨推薦,34,
2016年區域立委選舉,2016,臺北市,中山區,金泰里,臺北市第03選區,7,李晏榕,綠黨社會民主黨聯盟,513,
2016年區域立委選舉,2016,臺北市,中山區,金泰里,臺北市第03選區,8,李成嶽,軍公教聯盟黨,13,
2016年區域立委選舉,2016,臺北市,中山區,金泰里,臺北市第03選區,9,黃麗香,無黨籍及未經政黨推薦,9,
2016年區域立委選舉,2016,臺北市,中山區,金泰里,臺北市第03選區,10,蔣萬安,中國國民黨,1887,*
2016年區域立委選舉,2016,臺北市,中山區,北安里,臺北市第03選區,1,高士恩,大愛憲改聯盟,2,
2016年區域立委選舉,2016,臺北市,中山區,北安里,臺北市第03選區,2,潘建志,無黨籍及未經政黨推薦,439,
2016年區域立委選舉,2016,臺北市,中山區,北安里,臺北市第03選區,3,林新凱,台灣獨立黨,4,
2016年區域立委選舉,2016,臺北市,中山區,北安里,臺北市第03選區,4,趙燕傑,無黨籍及未經政黨推薦,1,
2016年區域立委選舉,2016,臺北市,中山區,北安里,臺北市第03選區,5,邱正浩,和平鴿聯盟黨,4,
2016年區域立委選舉,2016,臺北市,中山區,北安里,臺北市第03選區,6,陳科引,無黨籍及未經政黨推薦,9,
2016年區域立委選舉,2016,臺北市,中山區,北安里,臺北市第03選區,7,李晏榕,綠黨社會民主黨聯盟,186,
2016年區域立委選舉,2016,臺北市,中山區,北安里,臺北市第03選區,8,李成嶽,軍公教聯盟黨,5,
2016年區域立委選舉,2016,臺北市,中山區,北安里,臺北市第03選區,9,黃麗香,無黨籍及未經政黨推薦,1,
2016年區域立委選舉,2016,臺北市,中山區,北安里,臺北市第03選區,10,蔣萬安,中國國民黨,873,*
2016年區域立委選舉,2016,臺北市,中正區,水源里,臺北市第08選區,1,李慶元,無黨籍及未經政黨推薦,663,
2016年區域立委選舉,2016,臺北市,中正區,水源里,臺北市第08選區,2,賴樹聲,無黨籍及未經政黨推薦,8,
2016年區域立委選舉,2016,臺北市,中正區,水源里,臺北市第08選區,3,苗博雅,綠黨社會民主黨聯盟,222,
2016年區域立委選舉,2016,臺北市,中正區,水源里,臺北市第08選區,4,賴士葆,中國國民黨,717,*
2016年區域立委選舉,2016,臺北市,中正區,水源里,臺北市第08選區,5,陳如聖,台灣工黨,7,
2016年區域立委選舉,2016,臺北市,中正區,水源里,臺北市第08選區,6,方景鈞,無黨籍及未經政黨推薦,15,
2016年區域立委選舉,2016,臺北市,中正區,富水里,臺北市第08選區,1,李慶元,無黨籍及未經政黨推薦,344,
2016年區域立委選舉,2016,臺北市,中正區,富水里,臺北市第08選區,2,賴樹聲,無黨籍及未經政黨推薦,17,
2016年區域立委選舉,2016,臺北市,中正區,富水里,臺北市第08選區,3,苗博雅,綠黨社會民主黨聯盟,167,
2016年區域立委選舉,2016,臺北市,中正區,富水里,臺北市第08選區,4,賴士葆,中國國民黨,776,*
2016年區域立委選舉,2016,臺北市,中正區,富水里,臺北市第08選區,5,陳如聖,台灣工黨,7,
2016年區域立委選舉,2016,臺北市,中正區,富水里,臺北市第08選區,6,方景鈞,無黨籍及未經政黨推薦,13,
2016年區域立委選舉,2016,臺北市,中正區,文盛里,臺北市第08選區,1,李慶元,無黨籍及未經政黨推薦,597,
2016年區域立委選舉,2016,臺北市,中正區,文盛里,臺北市第08選區,2,賴樹聲,無黨籍及未經政黨推薦,20,
2016年區域立委選舉,2016,臺北市,中正區,文盛里,臺北市第08選區,3,苗博雅,綠黨社會民主黨聯盟,202,
2016年區域立委選舉,2016,臺北市,中正區,文盛里,臺北市第08選區,4,賴士葆,中國國民黨,700,*
2016年區域立委選舉,2016,臺北市,中正區,文盛里,臺北市第08選區,5,陳如聖,台灣工黨,6,
2016年區域立委選舉,2016,臺北市,中正區,文盛里,臺北市第08選區,6,方景鈞,無黨籍及未經政黨推薦,13,
2016年區域立委選舉,2016,臺北市,中正區,林興里,臺北市第08選區,1,李慶元,無黨籍及未經政黨推薦,856,
2016年區域立委選舉,2016,臺北市,中正區,林興里,臺北市第08選區,2,賴樹聲,無黨籍及未經政黨推薦,22,
2016年區域立委選舉,2016,臺北市,中正區,林興里,臺北市第08選區,3,苗博雅,綠黨社會民主黨聯盟,288,
2016年區域立委選舉,2016,臺北市,中正區,林興里,臺北市第08選區,4,賴士葆,中國國民黨,1285,*
2016年區域立委選舉,2016,臺北市,中正區,林興里,臺北市第08選區,5,陳如聖,台灣工黨,19,
2016年區域立委選舉,2016,臺北市,中正區,林興里,臺北市第08選區,6,方景鈞,無黨籍及未經政黨推薦,19,
2016年區域立委選舉,2016,臺北市,中正區,河堤里,臺北市第08選區,1,李慶元,無黨籍及未經政黨推薦,931,
2016年區域立委選舉,2016,臺北市,中正區,河堤里,臺北市第08選區,2,賴樹聲,無黨籍及未經政黨推薦,24,
2016年區域立委選舉,2016,臺北市,中正區,河堤里,臺北市第08選區,3,苗博雅,綠黨社會民主黨聯盟,348,
2016年區域立委選舉,2016,臺北市,中正區,河堤里,臺北市第08選區,4,賴士葆,中國國民黨,1358,*
2016年區域立委選舉,2016,臺北市,中正區,河堤里,臺北市第08選區,5,陳如聖,台灣工黨,19,
2016年區域立委選舉,2016,臺北市,中正區,河堤里,臺北市第08選區,6,方景鈞,無黨籍及未經政黨推薦,29,
2016年區域立委選舉,2016,臺北市,中正區,頂東里,臺北市第08選區,1,李慶元,無黨籍及未經政黨推薦,1337,
2016年區域立委選舉,2016,臺北市,中正區,頂東里,臺北市第08選區,2,賴樹聲,無黨籍及未經政黨推薦,31,
2016年區域立委選舉,2016,臺北市,中正區,頂東里,臺北市第08選區,3,苗博雅,綠黨社會民主黨聯盟,492,
2016年區域立委選舉,2016,臺北市,中正區,頂東里,臺北市第08選區,4,賴士葆,中國國民黨,1708,*
2016年區域立委選舉,2016,臺北市,中正區,頂東里,臺北市第08選區,5,陳如聖,台灣工黨,16,
2016年區域立委選舉,2016,臺北市,中正區,頂東里,臺北市第08選區,6,方景鈞,無黨籍及未經政黨推薦,31,
2016年區域立委選舉,2016,臺北市,中正區,網溪里,臺北市第08選區,1,李慶元,無黨籍及未經政黨推薦,1204,
2016年區域立委選舉,2016,臺北市,中正區,網溪里,臺北市第08選區,2,賴樹聲,無黨籍及未經政黨推薦,27,
2016年區域立委選舉,2016,臺北市,中正區,網溪里,臺北市第08選區,3,苗博雅,綠黨社會民主黨聯盟,452,
2016年區域立委選舉,2016,臺北市,中正區,網溪里,臺北市第08選區,4,賴士葆,中國國民黨,1647,*
2016年區域立委選舉,2016,臺北市,中正區,網溪里,臺北市第08選區,5,陳如聖,台灣工黨,16,
2016年區域立委選舉,2016,臺北市,中正區,網溪里,臺北市第08選區,6,方景鈞,無黨籍及未經政黨推薦,32,
2016年區域立委選舉,2016,臺北市,中正區,板溪里,臺北市第08選區,1,李慶元,無黨籍及未經政黨推薦,765,
2016年區域立委選舉,2016,臺北市,中正區,板溪里,臺北市第08選區,2,賴樹聲,無黨籍及未經政黨推薦,20,
2016年區域立委選舉,2016,臺北市,中正區,板溪里,臺北市第08選區,3,苗博雅,綠黨社會民主黨聯盟,245,
2016年區域立委選舉,2016,臺北市,中正區,板溪里,臺北市第08選區,4,賴士葆,中國國民黨,917,*
2016年區域立委選舉,2016,臺北市,中正區,板溪里,臺北市第08選區,5,陳如聖,台灣工黨,9,
2016年區域立委選舉,2016,臺北市,中正區,板溪里,臺北市第08選區,6,方景鈞,無黨籍及未經政黨推薦,5,
2016年區域立委選舉,2016,臺北市,中正區,螢圃里,臺北市第08選區,1,李慶元,無黨籍及未經政黨推薦,1161,
2016年區域立委選舉,2016,臺北市,中正區,螢圃里,臺北市第08選區,2,賴樹聲,無黨籍及未經政黨推薦,17,
2016年區域立委選舉,2016,臺北市,中正區,螢圃里,臺北市第08選區,3,苗博雅,綠黨社會民主黨聯盟,394,
2016年區域立委選舉,2016,臺北市,中正區,螢圃里,臺北市第08選區,4,賴士葆,中國國民黨,1566,*
2016年區域立委選舉,2016,臺北市,中正區,螢圃里,臺北市第08選區,5,陳如聖,台灣工黨,19,
2016年區域立委選舉,2016,臺北市,中正區,螢圃里,臺北市第08選區,6,方景鈞,無黨籍及未經政黨推薦,21,
2016年區域立委選舉,2016,臺北市,中正區,螢雪里,臺北市第08選區,1,李慶元,無黨籍及未經政黨推薦,954,
2016年區域立委選舉,2016,臺北市,中正區,螢雪里,臺北市第08選區,2,賴樹聲,無黨籍及未經政黨推薦,23,
2016年區域立委選舉,2016,臺北市,中正區,螢雪里,臺北市第08選區,3,苗博雅,綠黨社會民主黨聯盟,379,
2016年區域立委選舉,2016,臺北市,中正區,螢雪里,臺北市第08選區,4,賴士葆,中國國民黨,1250,*
2016年區域立委選舉,2016,臺北市,中正區,螢雪里,臺北市第08選區,5,陳如聖,台灣工黨,22,
2016年區域立委選舉,2016,臺北市,中正區,螢雪里,臺北市第08選區,6,方景鈞,無黨籍及未經政黨推薦,31,
2016年區域立委選舉,2016,臺北市,中正區,永功里,臺北市第05選區,1,林郁方,中國國民黨,1552,
2016年區域立委選舉,2016,臺北市,中正區,永功里,臺北市第05選區,2,李家幸,台灣獨立黨,26,
2016年區域立委選舉,2016,臺北市,中正區,永功里,臺北市第05選區,3,黃福卿,無黨籍及未經政黨推薦,12,
2016年區域立委選舉,2016,臺北市,中正區,永功里,臺北市第05選區,4,洪顯政,大愛憲改聯盟,8,
2016年區域立委選舉,2016,臺北市,中正區,永功里,臺北市第05選區,5,龔偉綸,無黨籍及未經政黨推薦,19,
2016年區域立委選舉,2016,臺北市,中正區,永功里,臺北市第05選區,6,林昶佐,時代力量,1782,*
2016年區域立委選舉,2016,臺北市,中正區,永功里,臺北市第05選區,7,尤瑞敏,樹黨,92,
2016年區域立委選舉,2016,臺北市,中正區,永昌里,臺北市第05選區,1,林郁方,中國國民黨,1446,
2016年區域立委選舉,2016,臺北市,中正區,永昌里,臺北市第05選區,2,李家幸,台灣獨立黨,21,
2016年區域立委選舉,2016,臺北市,中正區,永昌里,臺北市第05選區,3,黃福卿,無黨籍及未經政黨推薦,9,
2016年區域立委選舉,2016,臺北市,中正區,永昌里,臺北市第05選區,4,洪顯政,大愛憲改聯盟,11,
2016年區域立委選舉,2016,臺北市,中正區,永昌里,臺北市第05選區,5,龔偉綸,無黨籍及未經政黨推薦,37,
2016年區域立委選舉,2016,臺北市,中正區,永昌里,臺北市第05選區,6,林昶佐,時代力量,1462,*
2016年區域立委選舉,2016,臺北市,中正區,永昌里,臺北市第05選區,7,尤瑞敏,樹黨,77,
2016年區域立委選舉,2016,臺北市,中正區,龍興里,臺北市第05選區,1,林郁方,中國國民黨,990,
2016年區域立委選舉,2016,臺北市,中正區,龍興里,臺北市第05選區,2,李家幸,台灣獨立黨,7,
2016年區域立委選舉,2016,臺北市,中正區,龍興里,臺北市第05選區,3,黃福卿,無黨籍及未經政黨推薦,3,
2016年區域立委選舉,2016,臺北市,中正區,龍興里,臺北市第05選區,4,洪顯政,大愛憲改聯盟,7,
2016年區域立委選舉,2016,臺北市,中正區,龍興里,臺北市第05選區,5,龔偉綸,無黨籍及未經政黨推薦,16,
2016年區域立委選舉,2016,臺北市,中正區,龍興里,臺北市第05選區,6,林昶佐,時代力量,1022,*
2016年區域立委選舉,2016,臺北市,中正區,龍興里,臺北市第05選區,7,尤瑞敏,樹黨,62,
2016年區域立委選舉,2016,臺北市,中正區,忠勤里,臺北市第05選區,1,林郁方,中國國民黨,1880,
2016年區域立委選舉,2016,臺北市,中正區,忠勤里,臺北市第05選區,2,李家幸,台灣獨立黨,24,
2016年區域立委選舉,2016,臺北市,中正區,忠勤里,臺北市第05選區,3,黃福卿,無黨籍及未經政黨推薦,13,
2016年區域立委選舉,2016,臺北市,中正區,忠勤里,臺北市第05選區,4,洪顯政,大愛憲改聯盟,11,
2016年區域立委選舉,2016,臺北市,中正區,忠勤里,臺北市第05選區,5,龔偉綸,無黨籍及未經政黨推薦,42,
2016年區域立委選舉,2016,臺北市,中正區,忠勤里,臺北市第05選區,6,林昶佐,時代力量,1665,*
2016年區域立委選舉,2016,臺北市,中正區,忠勤里,臺北市第05選區,7,尤瑞敏,樹黨,119,
2016年區域立委選舉,2016,臺北市,中正區,廈安里,臺北市第05選區,1,林郁方,中國國民黨,1001,
2016年區域立委選舉,2016,臺北市,中正區,廈安里,臺北市第05選區,2,李家幸,台灣獨立黨,8,
2016年區域立委選舉,2016,臺北市,中正區,廈安里,臺北市第05選區,3,黃福卿,無黨籍及未經政黨推薦,6,
2016年區域立委選舉,2016,臺北市,中正區,廈安里,臺北市第05選區,4,洪顯政,大愛憲改聯盟,5,
2016年區域立委選舉,2016,臺北市,中正區,廈安里,臺北市第05選區,5,龔偉綸,無黨籍及未經政黨推薦,18,
2016年區域立委選舉,2016,臺北市,中正區,廈安里,臺北市第05選區,6,林昶佐,時代力量,1093,*
2016年區域立委選舉,2016,臺北市,中正區,廈安里,臺北市第05選區,7,尤瑞敏,樹黨,79,
2016年區域立委選舉,2016,臺北市,中正區,愛國里,臺北市第05選區,1,林郁方,中國國民黨,842,
2016年區域立委選舉,2016,臺北市,中正區,愛國里,臺北市第05選區,2,李家幸,台灣獨立黨,7,
2016年區域立委選舉,2016,臺北市,中正區,愛國里,臺北市第05選區,3,黃福卿,無黨籍及未經政黨推薦,8,
2016年區域立委選舉,2016,臺北市,中正區,愛國里,臺北市第05選區,4,洪顯政,大愛憲改聯盟,7,
2016年區域立委選舉,2016,臺北市,中正區,愛國里,臺北市第05選區,5,龔偉綸,無黨籍及未經政黨推薦,8,
2016年區域立委選舉,2016,臺北市,中正區,愛國里,臺北市第05選區,6,林昶佐,時代力量,852,*
2016年區域立委選舉,2016,臺北市,中正區,愛國里,臺北市第05選區,7,尤瑞敏,樹黨,39,
2016年區域立委選舉,2016,臺北市,中正區,南門里,臺北市第05選區,1,林郁方,中國國民黨,884,
2016年區域立委選舉,2016,臺北市,中正區,南門里,臺北市第05選區,2,李家幸,台灣獨立黨,3,
2016年區域立委選舉,2016,臺北市,中正區,南門里,臺北市第05選區,3,黃福卿,無黨籍及未經政黨推薦,6,
2016年區域立委選舉,2016,臺北市,中正區,南門里,臺北市第05選區,4,洪顯政,大愛憲改聯盟,7,
2016年區域立委選舉,2016,臺北市,中正區,南門里,臺北市第05選區,5,龔偉綸,無黨籍及未經政黨推薦,12,
2016年區域立委選舉,2016,臺北市,中正區,南門里,臺北市第05選區,6,林昶佐,時代力量,608,*
2016年區域立委選舉,2016,臺北市,中正區,南門里,臺北市第05選區,7,尤瑞敏,樹黨,46,
2016年區域立委選舉,2016,臺北市,中正區,龍光里,臺北市第05選區,1,林郁方,中國國民黨,956,
2016年區域立委選舉,2016,臺北市,中正區,龍光里,臺北市第05選區,2,李家幸,台灣獨立黨,3,
2016年區域立委選舉,2016,臺北市,中正區,龍光里,臺北市第05選區,3,黃福卿,無黨籍及未經政黨推薦,5,
2016年區域立委選舉,2016,臺北市,中正區,龍光里,臺北市第05選區,4,洪顯政,大愛憲改聯盟,4,
2016年區域立委選舉,2016,臺北市,中正區,龍光里,臺北市第05選區,5,龔偉綸,無黨籍及未經政黨推薦,18,
2016年區域立委選舉,2016,臺北市,中正區,龍光里,臺北市第05選區,6,林昶佐,時代力量,806,*
2016年區域立委選舉,2016,臺北市,中正區,龍光里,臺北市第05選區,7,尤瑞敏,樹黨,54,
2016年區域立委選舉,2016,臺北市,中正區,南福里,臺北市第05選區,1,林郁方,中國國民黨,2709,
2016年區域立委選舉,2016,臺北市,中正區,南福里,臺北市第05選區,2,李家幸,台灣獨立黨,30,
2016年區域立委選舉,2016,臺北市,中正區,南福里,臺北市第05選區,3,黃福卿,無黨籍及未經政黨推薦,23,
2016年區域立委選舉,2016,臺北市,中正區,南福里,臺北市第05選區,4,洪顯政,大愛憲改聯盟,22,
2016年區域立委選舉,2016,臺北市,中正區,南福里,臺北市第05選區,5,龔偉綸,無黨籍及未經政黨推薦,51,
2016年區域立委選舉,2016,臺北市,中正區,南福里,臺北市第05選區,6,林昶佐,時代力量,2499,*
2016年區域立委選舉,2016,臺北市,中正區,南福里,臺北市第05選區,7,尤瑞敏,樹黨,150,
2016年區域立委選舉,2016,臺北市,中正區,龍福里,臺北市第05選區,1,林郁方,中國國民黨,1636,
2016年區域立委選舉,2016,臺北市,中正區,龍福里,臺北市第05選區,2,李家幸,台灣獨立黨,19,
2016年區域立委選舉,2016,臺北市,中正區,龍福里,臺北市第05選區,3,黃福卿,無黨籍及未經政黨推薦,20,
2016年區域立委選舉,2016,臺北市,中正區,龍福里,臺北市第05選區,4,洪顯政,大愛憲改聯盟,7,
2016年區域立委選舉,2016,臺北市,中正區,龍福里,臺北市第05選區,5,龔偉綸,無黨籍及未經政黨推薦,31,
2016年區域立委選舉,2016,臺北市,中正區,龍福里,臺北市第05選區,6,林昶佐,時代力量,1518,*
2016年區域立委選舉,2016,臺北市,中正區,龍福里,臺北市第05選區,7,尤瑞敏,樹黨,89,
2016年區域立委選舉,2016,臺北市,中正區,新營里,臺北市第05選區,1,林郁方,中國國民黨,2624,
2016年區域立委選舉,2016,臺北市,中正區,新營里,臺北市第05選區,2,李家幸,台灣獨立黨,24,
2016年區域立委選舉,2016,臺北市,中正區,新營里,臺北市第05選區,3,黃福卿,無黨籍及未經政黨推薦,15,
2016年區域立委選舉,2016,臺北市,中正區,新營里,臺北市第05選區,4,洪顯政,大愛憲改聯盟,11,
2016年區域立委選舉,2016,臺北市,中正區,新營里,臺北市第05選區,5,龔偉綸,無黨籍及未經政黨推薦,49,
2016年區域立委選舉,2016,臺北市,中正區,新營里,臺北市第05選區,6,林昶佐,時代力量,1881,*
2016年區域立委選舉,2016,臺北市,中正區,新營里,臺北市第05選區,7,尤瑞敏,樹黨,133,
2016年區域立委選舉,2016,臺北市,中正區,建國里,臺北市第05選區,1,林郁方,中國國民黨,402,
2016年區域立委選舉,2016,臺北市,中正區,建國里,臺北市第05選區,2,李家幸,台灣獨立黨,2,
2016年區域立委選舉,2016,臺北市,中正區,建國里,臺北市第05選區,3,黃福卿,無黨籍及未經政黨推薦,3,
2016年區域立委選舉,2016,臺北市,中正區,建國里,臺北市第05選區,4,洪顯政,大愛憲改聯盟,2,
2016年區域立委選舉,2016,臺北市,中正區,建國里,臺北市第05選區,5,龔偉綸,無黨籍及未經政黨推薦,11,
2016年區域立委選舉,2016,臺北市,中正區,建國里,臺北市第05選區,6,林昶佐,時代力量,330,*
2016年區域立委選舉,2016,臺北市,中正區,建國里,臺北市第05選區,7,尤瑞敏,樹黨,21,
2016年區域立委選舉,2016,臺北市,中正區,光復里,臺北市第05選區,1,林郁方,中國國民黨,942,
2016年區域立委選舉,2016,臺北市,中正區,光復里,臺北市第05選區,2,李家幸,台灣獨立黨,12,
2016年區域立委選舉,2016,臺北市,中正區,光復里,臺北市第05選區,3,黃福卿,無黨籍及未經政黨推薦,9,
2016年區域立委選舉,2016,臺北市,中正區,光復里,臺北市第05選區,4,洪顯政,大愛憲改聯盟,10,
2016年區域立委選舉,2016,臺北市,中正區,光復里,臺北市第05選區,5,龔偉綸,無黨籍及未經政黨推薦,20,
2016年區域立委選舉,2016,臺北市,中正區,光復里,臺北市第05選區,6,林昶佐,時代力量,943,*
2016年區域立委選舉,2016,臺北市,中正區,光復里,臺北市第05選區,7,尤瑞敏,樹黨,43,
2016年區域立委選舉,2016,臺北市,中正區,黎明里,臺北市第05選區,1,林郁方,中國國民黨,862,
2016年區域立委選舉,2016,臺北市,中正區,黎明里,臺北市第05選區,2,李家幸,台灣獨立黨,10,
2016年區域立委選舉,2016,臺北市,中正區,黎明里,臺北市第05選區,3,黃福卿,無黨籍及未經政黨推薦,11,
2016年區域立委選舉,2016,臺北市,中正區,黎明里,臺北市第05選區,4,洪顯政,大愛憲改聯盟,6,
2016年區域立委選舉,2016,臺北市,中正區,黎明里,臺北市第05選區,5,龔偉綸,無黨籍及未經政黨推薦,17,
2016年區域立委選舉,2016,臺北市,中正區,黎明里,臺北市第05選區,6,林昶佐,時代力量,682,*
2016年區域立委選舉,2016,臺北市,中正區,黎明里,臺北市第05選區,7,尤瑞敏,樹黨,36,
2016年區域立委選舉,2016,臺北市,中正區,梅花里,臺北市第05選區,1,林郁方,中國國民黨,850,
2016年區域立委選舉,2016,臺北市,中正區,梅花里,臺北市第05選區,2,李家幸,台灣獨立黨,14,
2016年區域立委選舉,2016,臺北市,中正區,梅花里,臺北市第05選區,3,黃福卿,無黨籍及未經政黨推薦,5,
2016年區域立委選舉,2016,臺北市,中正區,梅花里,臺北市第05選區,4,洪顯政,大愛憲改聯盟,11,
2016年區域立委選舉,2016,臺北市,中正區,梅花里,臺北市第05選區,5,龔偉綸,無黨籍及未經政黨推薦,16,
2016年區域立委選舉,2016,臺北市,中正區,梅花里,臺北市第05選區,6,林昶佐,時代力量,881,*
2016年區域立委選舉,2016,臺北市,中正區,梅花里,臺北市第05選區,7,尤瑞敏,樹黨,41,
2016年區域立委選舉,2016,臺北市,中正區,幸福里,臺北市第05選區,1,林郁方,中國國民黨,1214,
2016年區域立委選舉,2016,臺北市,中正區,幸福里,臺北市第05選區,2,李家幸,台灣獨立黨,14,
2016年區域立委選舉,2016,臺北市,中正區,幸福里,臺北市第05選區,3,黃福卿,無黨籍及未經政黨推薦,9,
2016年區域立委選舉,2016,臺北市,中正區,幸福里,臺北市第05選區,4,洪顯政,大愛憲改聯盟,6,
2016年區域立委選舉,2016,臺北市,中正區,幸福里,臺北市第05選區,5,龔偉綸,無黨籍及未經政黨推薦,31,
2016年區域立委選舉,2016,臺北市,中正區,幸福里,臺北市第05選區,6,林昶佐,時代力量,1163,*
2016年區域立委選舉,2016,臺北市,中正區,幸福里,臺北市第05選區,7,尤瑞敏,樹黨,47,
2016年區域立委選舉,2016,臺北市,中正區,幸市里,臺北市第05選區,1,林郁方,中國國民黨,1271,
2016年區域立委選舉,2016,臺北市,中正區,幸市里,臺北市第05選區,2,李家幸,台灣獨立黨,10,
2016年區域立委選舉,2016,臺北市,中正區,幸市里,臺北市第05選區,3,黃福卿,無黨籍及未經政黨推薦,6,
2016年區域立委選舉,2016,臺北市,中正區,幸市里,臺北市第05選區,4,洪顯政,大愛憲改聯盟,11,
2016年區域立委選舉,2016,臺北市,中正區,幸市里,臺北市第05選區,5,龔偉綸,無黨籍及未經政黨推薦,17,
2016年區域立委選舉,2016,臺北市,中正區,幸市里,臺北市第05選區,6,林昶佐,時代力量,1302,*
2016年區域立委選舉,2016,臺北市,中正區,幸市里,臺北市第05選區,7,尤瑞敏,樹黨,54,
2016年區域立委選舉,2016,臺北市,中正區,東門里,臺北市第05選區,1,林郁方,中國國民黨,1216,
2016年區域立委選舉,2016,臺北市,中正區,東門里,臺北市第05選區,2,李家幸,台灣獨立黨,8,
2016年區域立委選舉,2016,臺北市,中正區,東門里,臺北市第05選區,3,黃福卿,無黨籍及未經政黨推薦,9,
2016年區域立委選舉,2016,臺北市,中正區,東門里,臺北市第05選區,4,洪顯政,大愛憲改聯盟,7,
2016年區域立委選舉,2016,臺北市,中正區,東門里,臺北市第05選區,5,龔偉綸,無黨籍及未經政黨推薦,25,
2016年區域立委選舉,2016,臺北市,中正區,東門里,臺北市第05選區,6,林昶佐,時代力量,893,*
2016年區域立委選舉,2016,臺北市,中正區,東門里,臺北市第05選區,7,尤瑞敏,樹黨,63,
2016年區域立委選舉,2016,臺北市,中正區,文北里,臺北市第05選區,1,林郁方,中國國民黨,1443,
2016年區域立委選舉,2016,臺北市,中正區,文北里,臺北市第05選區,2,李家幸,台灣獨立黨,17,
2016年區域立委選舉,2016,臺北市,中正區,文北里,臺北市第05選區,3,黃福卿,無黨籍及未經政黨推薦,13,
2016年區域立委選舉,2016,臺北市,中正區,文北里,臺北市第05選區,4,洪顯政,大愛憲改聯盟,11,
2016年區域立委選舉,2016,臺北市,中正區,文北里,臺北市第05選區,5,龔偉綸,無黨籍及未經政黨推薦,30,
2016年區域立委選舉,2016,臺北市,中正區,文北里,臺北市第05選區,6,林昶佐,時代力量,1439,*
2016年區域立委選舉,2016,臺北市,中正區,文北里,臺北市第05選區,7,尤瑞敏,樹黨,87,
2016年區域立委選舉,2016,臺北市,中正區,文祥里,臺北市第05選區,1,林郁方,中國國民黨,2037,
2016年區域立委選舉,2016,臺北市,中正區,文祥里,臺北市第05選區,2,李家幸,台灣獨立黨,25,
2016年區域立委選舉,2016,臺北市,中正區,文祥里,臺北市第05選區,3,黃福卿,無黨籍及未經政黨推薦,12,
2016年區域立委選舉,2016,臺北市,中正區,文祥里,臺北市第05選區,4,洪顯政,大愛憲改聯盟,10,
2016年區域立委選舉,2016,臺北市,中正區,文祥里,臺北市第05選區,5,龔偉綸,無黨籍及未經政黨推薦,40,
2016年區域立委選舉,2016,臺北市,中正區,文祥里,臺北市第05選區,6,林昶佐,時代力量,1957,*
2016年區域立委選舉,2016,臺北市,中正區,文祥里,臺北市第05選區,7,尤瑞敏,樹黨,117,
2016年區域立委選舉,2016,臺北市,中正區,三愛里,臺北市第05選區,1,林郁方,中國國民黨,2201,
2016年區域立委選舉,2016,臺北市,中正區,三愛里,臺北市第05選區,2,李家幸,台灣獨立黨,20,
2016年區域立委選舉,2016,臺北市,中正區,三愛里,臺北市第05選區,3,黃福卿,無黨籍及未經政黨推薦,26,
2016年區域立委選舉,2016,臺北市,中正區,三愛里,臺北市第05選區,4,洪顯政,大愛憲改聯盟,21,
2016年區域立委選舉,2016,臺北市,中正區,三愛里,臺北市第05選區,5,龔偉綸,無黨籍及未經政黨推薦,55,
2016年區域立委選舉,2016,臺北市,中正區,三愛里,臺北市第05選區,6,林昶佐,時代力量,2165,*
2016年區域立委選舉,2016,臺北市,中正區,三愛里,臺北市第05選區,7,尤瑞敏,樹黨,135,
2016年區域立委選舉,2016,臺北市,大同區,玉泉里,臺北市第02選區,1,王銘宗,無黨籍及未經政黨推薦,14,
2016年區域立委選舉,2016,臺北市,大同區,玉泉里,臺北市第02選區,2,陳民乾,台灣獨立黨,8,
2016年區域立委選舉,2016,臺北市,大同區,玉泉里,臺北市第02選區,3,吳俊德,信心希望聯盟,30,
2016年區域立委選舉,2016,臺北市,大同區,玉泉里,臺北市第02選區,4,林幸蓉,健保免費連線,14,
2016年區域立委選舉,2016,臺北市,大同區,玉泉里,臺北市第02選區,5,潘懷宗,新黨,637,
2016年區域立委選舉,2016,臺北市,大同區,玉泉里,臺北市第02選區,6,姚文智,民主進步黨,981,*
2016年區域立委選舉,2016,臺北市,大同區,玉泉里,臺北市第02選區,7,陳建斌,自由台灣黨,8,
2016年區域立委選舉,2016,臺北市,大同區,建明里,臺北市第02選區,1,王銘宗,無黨籍及未經政黨推薦,14,
2016年區域立委選舉,2016,臺北市,大同區,建明里,臺北市第02選區,2,陳民乾,台灣獨立黨,8,
2016年區域立委選舉,2016,臺北市,大同區,建明里,臺北市第02選區,3,吳俊德,信心希望聯盟,40,
2016年區域立委選舉,2016,臺北市,大同區,建明里,臺北市第02選區,4,林幸蓉,健保免費連線,29,
2016年區域立委選舉,2016,臺北市,大同區,建明里,臺北市第02選區,5,潘懷宗,新黨,656,
2016年區域立委選舉,2016,臺北市,大同區,建明里,臺北市第02選區,6,姚文智,民主進步黨,1190,*
2016年區域立委選舉,2016,臺北市,大同區,建明里,臺北市第02選區,7,陳建斌,自由台灣黨,3,
2016年區域立委選舉,2016,臺北市,大同區,建功里,臺北市第02選區,1,王銘宗,無黨籍及未經政黨推薦,18,
2016年區域立委選舉,2016,臺北市,大同區,建功里,臺北市第02選區,2,陳民乾,台灣獨立黨,11,
2016年區域立委選舉,2016,臺北市,大同區,建功里,臺北市第02選區,3,吳俊德,信心希望聯盟,62,
2016年區域立委選舉,2016,臺北市,大同區,建功里,臺北市第02選區,4,林幸蓉,健保免費連線,34,
2016年區域立委選舉,2016,臺北市,大同區,建功里,臺北市第02選區,5,潘懷宗,新黨,899,
2016年區域立委選舉,2016,臺北市,大同區,建功里,臺北市第02選區,6,姚文智,民主進步黨,1557,*
2016年區域立委選舉,2016,臺北市,大同區,建功里,臺北市第02選區,7,陳建斌,自由台灣黨,9,
2016年區域立委選舉,2016,臺北市,大同區,建泰里,臺北市第02選區,1,王銘宗,無黨籍及未經政黨推薦,11,
2016年區域立委選舉,2016,臺北市,大同區,建泰里,臺北市第02選區,2,陳民乾,台灣獨立黨,7,
2016年區域立委選舉,2016,臺北市,大同區,建泰里,臺北市第02選區,3,吳俊德,信心希望聯盟,41,
2016年區域立委選舉,2016,臺北市,大同區,建泰里,臺北市第02選區,4,林幸蓉,健保免費連線,17,
2016年區域立委選舉,2016,臺北市,大同區,建泰里,臺北市第02選區,5,潘懷宗,新黨,713,
2016年區域立委選舉,2016,臺北市,大同區,建泰里,臺北市第02選區,6,姚文智,民主進步黨,1341,*
2016年區域立委選舉,2016,臺北市,大同區,建泰里,臺北市第02選區,7,陳建斌,自由台灣黨,6,
2016年區域立委選舉,2016,臺北市,大同區,永樂里,臺北市第02選區,1,王銘宗,無黨籍及未經政黨推薦,16,
2016年區域立委選舉,2016,臺北市,大同區,永樂里,臺北市第02選區,2,陳民乾,台灣獨立黨,14,
2016年區域立委選舉,2016,臺北市,大同區,永樂里,臺北市第02選區,3,吳俊德,信心希望聯盟,49,
2016年區域立委選舉,2016,臺北市,大同區,永樂里,臺北市第02選區,4,林幸蓉,健保免費連線,27,
2016年區域立委選舉,2016,臺北市,大同區,永樂里,臺北市第02選區,5,潘懷宗,新黨,1016,
2016年區域立委選舉,2016,臺北市,大同區,永樂里,臺北市第02選區,6,姚文智,民主進步黨,1935,*
2016年區域立委選舉,2016,臺北市,大同區,永樂里,臺北市第02選區,7,陳建斌,自由台灣黨,8,
2016年區域立委選舉,2016,臺北市,大同區,朝陽里,臺北市第02選區,1,王銘宗,無黨籍及未經政黨推薦,16,
2016年區域立委選舉,2016,臺北市,大同區,朝陽里,臺北市第02選區,2,陳民乾,台灣獨立黨,15,
2016年區域立委選舉,2016,臺北市,大同區,朝陽里,臺北市第02選區,3,吳俊德,信心希望聯盟,44,
2016年區域立委選舉,2016,臺北市,大同區,朝陽里,臺北市第02選區,4,林幸蓉,健保免費連線,38,
2016年區域立委選舉,2016,臺北市,大同區,朝陽里,臺北市第02選區,5,潘懷宗,新黨,880,
2016年區域立委選舉,2016,臺北市,大同區,朝陽里,臺北市第02選區,6,姚文智,民主進步黨,1554,*
2016年區域立委選舉,2016,臺北市,大同區,朝陽里,臺北市第02選區,7,陳建斌,自由台灣黨,11,
2016年區域立委選舉,2016,臺北市,大同區,星明里,臺北市第02選區,1,王銘宗,無黨籍及未經政黨推薦,29,
2016年區域立委選舉,2016,臺北市,大同區,星明里,臺北市第02選區,2,陳民乾,台灣獨立黨,15,
2016年區域立委選舉,2016,臺北市,大同區,星明里,臺北市第02選區,3,吳俊德,信心希望聯盟,67,
2016年區域立委選舉,2016,臺北市,大同區,星明里,臺北市第02選區,4,林幸蓉,健保免費連線,33,
2016年區域立委選舉,2016,臺北市,大同區,星明里,臺北市第02選區,5,潘懷宗,新黨,1214,
2016年區域立委選舉,2016,臺北市,大同區,星明里,臺北市第02選區,6,姚文智,民主進步黨,1915,*
2016年區域立委選舉,2016,臺北市,大同區,星明里,臺北市第02選區,7,陳建斌,自由台灣黨,8,
2016年區域立委選舉,2016,臺北市,大同區,光能里,臺北市第02選區,1,王銘宗,無黨籍及未經政黨推薦,25,
2016年區域立委選舉,2016,臺北市,大同區,光能里,臺北市第02選區,2,陳民乾,台灣獨立黨,11,
2016年區域立委選舉,2016,臺北市,大同區,光能里,臺北市第02選區,3,吳俊德,信心希望聯盟,42,
2016年區域立委選舉,2016,臺北市,大同區,光能里,臺北市第02選區,4,林幸蓉,健保免費連線,44,
2016年區域立委選舉,2016,臺北市,大同區,光能里,臺北市第02選區,5,潘懷宗,新黨,1022,
2016年區域立委選舉,2016,臺北市,大同區,光能里,臺北市第02選區,6,姚文智,民主進步黨,1880,*
2016年區域立委選舉,2016,臺北市,大同區,光能里,臺北市第02選區,7,陳建斌,自由台灣黨,7,
2016年區域立委選舉,2016,臺北市,大同區,大有里,臺北市第02選區,1,王銘宗,無黨籍及未經政黨推薦,20,
2016年區域立委選舉,2016,臺北市,大同區,大有里,臺北市第02選區,2,陳民乾,台灣獨立黨,11,
2016年區域立委選舉,2016,臺北市,大同區,大有里,臺北市第02選區,3,吳俊德,信心希望聯盟,55,
2016年區域立委選舉,2016,臺北市,大同區,大有里,臺北市第02選區,4,林幸蓉,健保免費連線,22,
2016年區域立委選舉,2016,臺北市,大同區,大有里,臺北市第02選區,5,潘懷宗,新黨,931,
2016年區域立委選舉,2016,臺北市,大同區,大有里,臺北市第02選區,6,姚文智,民主進步黨,1847,*
2016年區域立委選舉,2016,臺北市,大同區,大有里,臺北市第02選區,7,陳建斌,自由台灣黨,5,
2016年區域立委選舉,2016,臺北市,大同區,延平里,臺北市第02選區,1,王銘宗,無黨籍及未經政黨推薦,15,
2016年區域立委選舉,2016,臺北市,大同區,延平里,臺北市第02選區,2,陳民乾,台灣獨立黨,9,
2016年區域立委選舉,2016,臺北市,大同區,延平里,臺北市第02選區,3,吳俊德,信心希望聯盟,42,
2016年區域立委選舉,2016,臺北市,大同區,延平里,臺北市第02選區,4,林幸蓉,健保免費連線,26,
2016年區域立委選舉,2016,臺北市,大同區,延平里,臺北市第02選區,5,潘懷宗,新黨,918,
2016年區域立委選舉,2016,臺北市,大同區,延平里,臺北市第02選區,6,姚文智,民主進步黨,1370,*
2016年區域立委選舉,2016,臺北市,大同區,延平里,臺北市第02選區,7,陳建斌,自由台灣黨,6,
2016年區域立委選舉,2016,臺北市,大同區,雙連里,臺北市第02選區,1,王銘宗,無黨籍及未經政黨推薦,45,
2016年區域立委選舉,2016,臺北市,大同區,雙連里,臺北市第02選區,2,陳民乾,台灣獨立黨,17,
2016年區域立委選舉,2016,臺北市,大同區,雙連里,臺北市第02選區,3,吳俊德,信心希望聯盟,62,
2016年區域立委選舉,2016,臺北市,大同區,雙連里,臺北市第02選區,4,林幸蓉,健保免費連線,62,
2016年區域立委選舉,2016,臺北市,大同區,雙連里,臺北市第02選區,5,潘懷宗,新黨,1811,
2016年區域立委選舉,2016,臺北市,大同區,雙連里,臺北市第02選區,6,姚文智,民主進步黨,3284,*
2016年區域立委選舉,2016,臺北市,大同區,雙連里,臺北市第02選區,7,陳建斌,自由台灣黨,16,
2016年區域立委選舉,2016,臺北市,大同區,南芳里,臺北市第02選區,1,王銘宗,無黨籍及未經政黨推薦,14,
2016年區域立委選舉,2016,臺北市,大同區,南芳里,臺北市第02選區,2,陳民乾,台灣獨立黨,9,
2016年區域立委選舉,2016,臺北市,大同區,南芳里,臺北市第02選區,3,吳俊德,信心希望聯盟,33,
2016年區域立委選舉,2016,臺北市,大同區,南芳里,臺北市第02選區,4,林幸蓉,健保免費連線,27,
2016年區域立委選舉,2016,臺北市,大同區,南芳里,臺北市第02選區,5,潘懷宗,新黨,833,
2016年區域立委選舉,2016,臺北市,大同區,南芳里,臺北市第02選區,6,姚文智,民主進步黨,1323,*
2016年區域立委選舉,2016,臺北市,大同區,南芳里,臺北市第02選區,7,陳建斌,自由台灣黨,3,
2016年區域立委選舉,2016,臺北市,大同區,民權里,臺北市第02選區,1,王銘宗,無黨籍及未經政黨推薦,29,
2016年區域立委選舉,2016,臺北市,大同區,民權里,臺北市第02選區,2,陳民乾,台灣獨立黨,16,
2016年區域立委選舉,2016,臺北市,大同區,民權里,臺北市第02選區,3,吳俊德,信心希望聯盟,87,
2016年區域立委選舉,2016,臺北市,大同區,民權里,臺北市第02選區,4,林幸蓉,健保免費連線,38,
2016年區域立委選舉,2016,臺北市,大同區,民權里,臺北市第02選區,5,潘懷宗,新黨,1304,
2016年區域立委選舉,2016,臺北市,大同區,民權里,臺北市第02選區,6,姚文智,民主進步黨,2116,*
2016年區域立委選舉,2016,臺北市,大同區,民權里,臺北市第02選區,7,陳建斌,自由台灣黨,10,
2016年區域立委選舉,2016,臺北市,大同區,景星里,臺北市第02選區,1,王銘宗,無黨籍及未經政黨推薦,7,
2016年區域立委選舉,2016,臺北市,大同區,景星里,臺北市第02選區,2,陳民乾,台灣獨立黨,5,
2016年區域立委選舉,2016,臺北市,大同區,景星里,臺北市第02選區,3,吳俊德,信心希望聯盟,20,
2016年區域立委選舉,2016,臺北市,大同區,景星里,臺北市第02選區,4,林幸蓉,健保免費連線,18,
2016年區域立委選舉,2016,臺北市,大同區,景星里,臺北市第02選區,5,潘懷宗,新黨,539,
2016年區域立委選舉,2016,臺北市,大同區,景星里,臺北市第02選區,6,姚文智,民主進步黨,986,*
2016年區域立委選舉,2016,臺北市,大同區,景星里,臺北市第02選區,7,陳建斌,自由台灣黨,4,
2016年區域立委選舉,2016,臺北市,大同區,隆和里,臺北市第02選區,1,王銘宗,無黨籍及未經政黨推薦,16,
2016年區域立委選舉,2016,臺北市,大同區,隆和里,臺北市第02選區,2,陳民乾,台灣獨立黨,7,
2016年區域立委選舉,2016,臺北市,大同區,隆和里,臺北市第02選區,3,吳俊德,信心希望聯盟,29,
2016年區域立委選舉,2016,臺北市,大同區,隆和里,臺北市第02選區,4,林幸蓉,健保免費連線,21,
2016年區域立委選舉,2016,臺北市,大同區,隆和里,臺北市第02選區,5,潘懷宗,新黨,571,
2016年區域立委選舉,2016,臺北市,大同區,隆和里,臺北市第02選區,6,姚文智,民主進步黨,1121,*
2016年區域立委選舉,2016,臺北市,大同區,隆和里,臺北市第02選區,7,陳建斌,自由台灣黨,5,
2016年區域立委選舉,2016,臺北市,大同區,蓬萊里,臺北市第02選區,1,王銘宗,無黨籍及未經政黨推薦,25,
2016年區域立委選舉,2016,臺北市,大同區,蓬萊里,臺北市第02選區,2,陳民乾,台灣獨立黨,9,
2016年區域立委選舉,2016,臺北市,大同區,蓬萊里,臺北市第02選區,3,吳俊德,信心希望聯盟,59,
2016年區域立委選舉,2016,臺北市,大同區,蓬萊里,臺北市第02選區,4,林幸蓉,健保免費連線,47,
2016年區域立委選舉,2016,臺北市,大同區,蓬萊里,臺北市第02選區,5,潘懷宗,新黨,993,
2016年區域立委選舉,2016,臺北市,大同區,蓬萊里,臺北市第02選區,6,姚文智,民主進步黨,1699,*
2016年區域立委選舉,2016,臺北市,大同區,蓬萊里,臺北市第02選區,7,陳建斌,自由台灣黨,7,
2016年區域立委選舉,2016,臺北市,大同區,國順里,臺北市第02選區,1,王銘宗,無黨籍及未經政黨推薦,12,
2016年區域立委選舉,2016,臺北市,大同區,國順里,臺北市第02選區,2,陳民乾,台灣獨立黨,5,
2016年區域立委選舉,2016,臺北市,大同區,國順里,臺北市第02選區,3,吳俊德,信心希望聯盟,22,
2016年區域立委選舉,2016,臺北市,大同區,國順里,臺北市第02選區,4,林幸蓉,健保免費連線,26,
2016年區域立委選舉,2016,臺北市,大同區,國順里,臺北市第02選區,5,潘懷宗,新黨,509,
2016年區域立委選舉,2016,臺北市,大同區,國順里,臺北市第02選區,6,姚文智,民主進步黨,1189,*
2016年區域立委選舉,2016,臺北市,大同區,國順里,臺北市第02選區,7,陳建斌,自由台灣黨,5,
2016年區域立委選舉,2016,臺北市,大同區,國慶里,臺北市第02選區,1,王銘宗,無黨籍及未經政黨推薦,14,
2016年區域立委選舉,2016,臺北市,大同區,國慶里,臺北市第02選區,2,陳民乾,台灣獨立黨,9,
2016年區域立委選舉,2016,臺北市,大同區,國慶里,臺北市第02選區,3,吳俊德,信心希望聯盟,30,
2016年區域立委選舉,2016,臺北市,大同區,國慶里,臺北市第02選區,4,林幸蓉,健保免費連線,22,
2016年區域立委選舉,2016,臺北市,大同區,國慶里,臺北市第02選區,5,潘懷宗,新黨,936,
2016年區域立委選舉,2016,臺北市,大同區,國慶里,臺北市第02選區,6,姚文智,民主進步黨,1590,*
2016年區域立委選舉,2016,臺北市,大同區,國慶里,臺北市第02選區,7,陳建斌,自由台灣黨,4,
2016年區域立委選舉,2016,臺北市,大同區,揚雅里,臺北市第02選區,1,王銘宗,無黨籍及未經政黨推薦,13,
2016年區域立委選舉,2016,臺北市,大同區,揚雅里,臺北市第02選區,2,陳民乾,台灣獨立黨,9,
2016年區域立委選舉,2016,臺北市,大同區,揚雅里,臺北市第02選區,3,吳俊德,信心希望聯盟,44,
2016年區域立委選舉,2016,臺北市,大同區,揚雅里,臺北市第02選區,4,林幸蓉,健保免費連線,18,
2016年區域立委選舉,2016,臺北市,大同區,揚雅里,臺北市第02選區,5,潘懷宗,新黨,678,
2016年區域立委選舉,2016,臺北市,大同區,揚雅里,臺北市第02選區,6,姚文智,民主進步黨,1375,*
2016年區域立委選舉,2016,臺北市,大同區,揚雅里,臺北市第02選區,7,陳建斌,自由台灣黨,7,
2016年區域立委選舉,2016,臺北市,大同區,斯文里,臺北市第02選區,1,王銘宗,無黨籍及未經政黨推薦,38,
2016年區域立委選舉,2016,臺北市,大同區,斯文里,臺北市第02選區,2,陳民乾,台灣獨立黨,15,
2016年區域立委選舉,2016,臺北市,大同區,斯文里,臺北市第02選區,3,吳俊德,信心希望聯盟,41,
2016年區域立委選舉,2016,臺北市,大同區,斯文里,臺北市第02選區,4,林幸蓉,健保免費連線,35,
2016年區域立委選舉,2016,臺北市,大同區,斯文里,臺北市第02選區,5,潘懷宗,新黨,998,
2016年區域立委選舉,2016,臺北市,大同區,斯文里,臺北市第02選區,6,姚文智,民主進步黨,1954,*
2016年區域立委選舉,2016,臺北市,大同區,斯文里,臺北市第02選區,7,陳建斌,自由台灣黨,8,
2016年區域立委選舉,2016,臺北市,大同區,鄰江里,臺北市第02選區,1,王銘宗,無黨籍及未經政黨推薦,28,
2016年區域立委選舉,2016,臺北市,大同區,鄰江里,臺北市第02選區,2,陳民乾,台灣獨立黨,11,
2016年區域立委選舉,2016,臺北市,大同區,鄰江里,臺北市第02選區,3,吳俊德,信心希望聯盟,57,
2016年區域立委選舉,2016,臺北市,大同區,鄰江里,臺北市第02選區,4,林幸蓉,健保免費連線,26,
2016年區域立委選舉,2016,臺北市,大同區,鄰江里,臺北市第02選區,5,潘懷宗,新黨,1320,
2016年區域立委選舉,2016,臺北市,大同區,鄰江里,臺北市第02選區,6,姚文智,民主進步黨,2515,*
2016年區域立委選舉,2016,臺北市,大同區,鄰江里,臺北市第02選區,7,陳建斌,自由台灣黨,10,
2016年區域立委選舉,2016,臺北市,大同區,至聖里,臺北市第02選區,1,王銘宗,無黨籍及未經政黨推薦,36,
2016年區域立委選舉,2016,臺北市,大同區,至聖里,臺北市第02選區,2,陳民乾,台灣獨立黨,14,
2016年區域立委選舉,2016,臺北市,大同區,至聖里,臺北市第02選區,3,吳俊德,信心希望聯盟,103,
2016年區域立委選舉,2016,臺北市,大同區,至聖里,臺北市第02選區,4,林幸蓉,健保免費連線,37,
2016年區域立委選舉,2016,臺北市,大同區,至聖里,臺北市第02選區,5,潘懷宗,新黨,1731,
2016年區域立委選舉,2016,臺北市,大同區,至聖里,臺北市第02選區,6,姚文智,民主進步黨,2811,*
2016年區域立委選舉,2016,臺北市,大同區,至聖里,臺北市第02選區,7,陳建斌,自由台灣黨,15,
2016年區域立委選舉,2016,臺北市,大同區,老師里,臺北市第02選區,1,王銘宗,無黨籍及未經政黨推薦,28,
2016年區域立委選舉,2016,臺北市,大同區,老師里,臺北市第02選區,2,陳民乾,台灣獨立黨,7,
2016年區域立委選舉,2016,臺北市,大同區,老師里,臺北市第02選區,3,吳俊德,信心希望聯盟,53,
2016年區域立委選舉,2016,臺北市,大同區,老師里,臺北市第02選區,4,林幸蓉,健保免費連線,26,
2016年區域立委選舉,2016,臺北市,大同區,老師里,臺北市第02選區,5,潘懷宗,新黨,1129,
2016年區域立委選舉,2016,臺北市,大同區,老師里,臺北市第02選區,6,姚文智,民主進步黨,2288,*
2016年區域立委選舉,2016,臺北市,大同區,老師里,臺北市第02選區,7,陳建斌,自由台灣黨,8,
2016年區域立委選舉,2016,臺北市,大同區,重慶里,臺北市第02選區,1,王銘宗,無黨籍及未經政黨推薦,45,
2016年區域立委選舉,2016,臺北市,大同區,重慶里,臺北市第02選區,2,陳民乾,台灣獨立黨,10,
2016年區域立委選舉,2016,臺北市,大同區,重慶里,臺北市第02選區,3,吳俊德,信心希望聯盟,81,
2016年區域立委選舉,2016,臺北市,大同區,重慶里,臺北市第02選區,4,林幸蓉,健保免費連線,27,
2016年區域立委選舉,2016,臺北市,大同區,重慶里,臺北市第02選區,5,潘懷宗,新黨,1525,
2016年區域立委選舉,2016,臺北市,大同區,重慶里,臺北市第02選區,6,姚文智,民主進步黨,2162,*
2016年區域立委選舉,2016,臺北市,大同區,重慶里,臺北市第02選區,7,陳建斌,自由台灣黨,6,
2016年區域立委選舉,2016,臺北市,大同區,保安里,臺北市第02選區,1,王銘宗,無黨籍及未經政黨推薦,22,
2016年區域立委選舉,2016,臺北市,大同區,保安里,臺北市第02選區,2,陳民乾,台灣獨立黨,4,
2016年區域立委選舉,2016,臺北市,大同區,保安里,臺北市第02選區,3,吳俊德,信心希望聯盟,40,
2016年區域立委選舉,2016,臺北市,大同區,保安里,臺北市第02選區,4,林幸蓉,健保免費連線,18,
2016年區域立委選舉,2016,臺北市,大同區,保安里,臺北市第02選區,5,潘懷宗,新黨,829,
2016年區域立委選舉,2016,臺北市,大同區,保安里,臺北市第02選區,6,姚文智,民主進步黨,1572,*
2016年區域立委選舉,2016,臺北市,大同區,保安里,臺北市第02選區,7,陳建斌,自由台灣黨,14,
2016年區域立委選舉,2016,臺北市,萬華區,福星里,臺北市第05選區,1,林郁方,中國國民黨,1471,
2016年區域立委選舉,2016,臺北市,萬華區,福星里,臺北市第05選區,2,李家幸,台灣獨立黨,20,
2016年區域立委選舉,2016,臺北市,萬華區,福星里,臺北市第05選區,3,黃福卿,無黨籍及未經政黨推薦,8,
2016年區域立委選舉,2016,臺北市,萬華區,福星里,臺北市第05選區,4,洪顯政,大愛憲改聯盟,5,
2016年區域立委選舉,2016,臺北市,萬華區,福星里,臺北市第05選區,5,龔偉綸,無黨籍及未經政黨推薦,50,
2016年區域立委選舉,2016,臺北市,萬華區,福星里,臺北市第05選區,6,林昶佐,時代力量,1378,*
2016年區域立委選舉,2016,臺北市,萬華區,福星里,臺北市第05選區,7,尤瑞敏,樹黨,52,
2016年區域立委選舉,2016,臺北市,萬華區,萬壽里,臺北市第05選區,1,林郁方,中國國民黨,850,
2016年區域立委選舉,2016,臺北市,萬華區,萬壽里,臺北市第05選區,2,李家幸,台灣獨立黨,13,
2016年區域立委選舉,2016,臺北市,萬華區,萬壽里,臺北市第05選區,3,黃福卿,無黨籍及未經政黨推薦,8,
2016年區域立委選舉,2016,臺北市,萬華區,萬壽里,臺北市第05選區,4,洪顯政,大愛憲改聯盟,6,
2016年區域立委選舉,2016,臺北市,萬華區,萬壽里,臺北市第05選區,5,龔偉綸,無黨籍及未經政黨推薦,19,
2016年區域立委選舉,2016,臺北市,萬華區,萬壽里,臺北市第05選區,6,林昶佐,時代力量,860,*
2016年區域立委選舉,2016,臺北市,萬華區,萬壽里,臺北市第05選區,7,尤瑞敏,樹黨,34,
2016年區域立委選舉,2016,臺北市,萬華區,西門里,臺北市第05選區,1,林郁方,中國國民黨,949,
2016年區域立委選舉,2016,臺北市,萬華區,西門里,臺北市第05選區,2,李家幸,台灣獨立黨,10,
2016年區域立委選舉,2016,臺北市,萬華區,西門里,臺北市第05選區,3,黃福卿,無黨籍及未經政黨推薦,10,
2016年區域立委選舉,2016,臺北市,萬華區,西門里,臺北市第05選區,4,洪顯政,大愛憲改聯盟,7,
2016年區域立委選舉,2016,臺北市,萬華區,西門里,臺北市第05選區,5,龔偉綸,無黨籍及未經政黨推薦,43,
2016年區域立委選舉,2016,臺北市,萬華區,西門里,臺北市第05選區,6,林昶佐,時代力量,968,*
2016年區域立委選舉,2016,臺北市,萬華區,西門里,臺北市第05選區,7,尤瑞敏,樹黨,53,
2016年區域立委選舉,2016,臺北市,萬華區,新起里,臺北市第05選區,1,林郁方,中國國民黨,1548,
2016年區域立委選舉,2016,臺北市,萬華區,新起里,臺北市第05選區,2,李家幸,台灣獨立黨,11,
2016年區域立委選舉,2016,臺北市,萬華區,新起里,臺北市第05選區,3,黃福卿,無黨籍及未經政黨推薦,17,
2016年區域立委選舉,2016,臺北市,萬華區,新起里,臺北市第05選區,4,洪顯政,大愛憲改聯盟,3,
2016年區域立委選舉,2016,臺北市,萬華區,新起里,臺北市第05選區,5,龔偉綸,無黨籍及未經政黨推薦,53,
2016年區域立委選舉,2016,臺北市,萬華區,新起里,臺北市第05選區,6,林昶佐,時代力量,2013,*
2016年區域立委選舉,2016,臺北市,萬華區,新起里,臺北市第05選區,7,尤瑞敏,樹黨,77,
2016年區域立委選舉,2016,臺北市,萬華區,菜園里,臺北市第05選區,1,林郁方,中國國民黨,1364,
2016年區域立委選舉,2016,臺北市,萬華區,菜園里,臺北市第05選區,2,李家幸,台灣獨立黨,21,
2016年區域立委選舉,2016,臺北市,萬華區,菜園里,臺北市第05選區,3,黃福卿,無黨籍及未經政黨推薦,17,
2016年區域立委選舉,2016,臺北市,萬華區,菜園里,臺北市第05選區,4,洪顯政,大愛憲改聯盟,10,
2016年區域立委選舉,2016,臺北市,萬華區,菜園里,臺北市第05選區,5,龔偉綸,無黨籍及未經政黨推薦,53,
2016年區域立委選舉,2016,臺北市,萬華區,菜園里,臺北市第05選區,6,林昶佐,時代力量,2013,*
2016年區域立委選舉,2016,臺北市,萬華區,菜園里,臺北市第05選區,7,尤瑞敏,樹黨,78,
2016年區域立委選舉,2016,臺北市,萬華區,青山里,臺北市第05選區,1,林郁方,中國國民黨,1319,
2016年區域立委選舉,2016,臺北市,萬華區,青山里,臺北市第05選區,2,李家幸,台灣獨立黨,19,
2016年區域立委選舉,2016,臺北市,萬華區,青山里,臺北市第05選區,3,黃福卿,無黨籍及未經政黨推薦,11,
2016年區域立委選舉,2016,臺北市,萬華區,青山里,臺北市第05選區,4,洪顯政,大愛憲改聯盟,8,
2016年區域立委選舉,2016,臺北市,萬華區,青山里,臺北市第05選區,5,龔偉綸,無黨籍及未經政黨推薦,32,
2016年區域立委選舉,2016,臺北市,萬華區,青山里,臺北市第05選區,6,林昶佐,時代力量,1859,*
2016年區域立委選舉,2016,臺北市,萬華區,青山里,臺北市第05選區,7,尤瑞敏,樹黨,79,
2016年區域立委選舉,2016,臺北市,萬華區,富民里,臺北市第05選區,1,林郁方,中國國民黨,1044,
2016年區域立委選舉,2016,臺北市,萬華區,富民里,臺北市第05選區,2,李家幸,台灣獨立黨,19,
2016年區域立委選舉,2016,臺北市,萬華區,富民里,臺北市第05選區,3,黃福卿,無黨籍及未經政黨推薦,9,
2016年區域立委選舉,2016,臺北市,萬華區,富民里,臺北市第05選區,4,洪顯政,大愛憲改聯盟,9,
2016年區域立委選舉,2016,臺北市,萬華區,富民里,臺北市第05選區,5,龔偉綸,無黨籍及未經政黨推薦,28,
2016年區域立委選舉,2016,臺北市,萬華區,富民里,臺北市第05選區,6,林昶佐,時代力量,1782,*
2016年區域立委選舉,2016,臺北市,萬華區,富民里,臺北市第05選區,7,尤瑞敏,樹黨,65,
2016年區域立委選舉,2016,臺北市,萬華區,福音里,臺北市第05選區,1,林郁方,中國國民黨,827,
2016年區域立委選舉,2016,臺北市,萬華區,福音里,臺北市第05選區,2,李家幸,台灣獨立黨,9,
2016年區域立委選舉,2016,臺北市,萬華區,福音里,臺北市第05選區,3,黃福卿,無黨籍及未經政黨推薦,7,
2016年區域立委選舉,2016,臺北市,萬華區,福音里,臺北市第05選區,4,洪顯政,大愛憲改聯盟,3,
2016年區域立委選舉,2016,臺北市,萬華區,福音里,臺北市第05選區,5,龔偉綸,無黨籍及未經政黨推薦,21,
2016年區域立委選舉,2016,臺北市,萬華區,福音里,臺北市第05選區,6,林昶佐,時代力量,1193,*
2016年區域立委選舉,2016,臺北市,萬華區,福音里,臺北市第05選區,7,尤瑞敏,樹黨,43,
2016年區域立委選舉,2016,臺北市,萬華區,仁德里,臺北市第05選區,1,林郁方,中國國民黨,1220,
2016年區域立委選舉,2016,臺北市,萬華區,仁德里,臺北市第05選區,2,李家幸,台灣獨立黨,13,
2016年區域立委選舉,2016,臺北市,萬華區,仁德里,臺北市第05選區,3,黃福卿,無黨籍及未經政黨推薦,12,
2016年區域立委選舉,2016,臺北市,萬華區,仁德里,臺北市第05選區,4,洪顯政,大愛憲改聯盟,10,
2016年區域立委選舉,2016,臺北市,萬華區,仁德里,臺北市第05選區,5,龔偉綸,無黨籍及未經政黨推薦,36,
2016年區域立委選舉,2016,臺北市,萬華區,仁德里,臺北市第05選區,6,林昶佐,時代力量,1528,*
2016年區域立委選舉,2016,臺北市,萬華區,仁德里,臺北市第05選區,7,尤瑞敏,樹黨,74,
2016年區域立委選舉,2016,臺北市,萬華區,富福里,臺北市第05選區,1,林郁方,中國國民黨,1114,
2016年區域立委選舉,2016,臺北市,萬華區,富福里,臺北市第05選區,2,李家幸,台灣獨立黨,21,
2016年區域立委選舉,2016,臺北市,萬華區,富福里,臺北市第05選區,3,黃福卿,無黨籍及未經政黨推薦,11,
2016年區域立委選舉,2016,臺北市,萬華區,富福里,臺北市第05選區,4,洪顯政,大愛憲改聯盟,5,
2016年區域立委選舉,2016,臺北市,萬華區,富福里,臺北市第05選區,5,龔偉綸,無黨籍及未經政黨推薦,21,
2016年區域立委選舉,2016,臺北市,萬華區,富福里,臺北市第05選區,6,林昶佐,時代力量,1690,*
2016年區域立委選舉,2016,臺北市,萬華區,富福里,臺北市第05選區,7,尤瑞敏,樹黨,72,
2016年區域立委選舉,2016,臺北市,萬華區,頂碩里,臺北市第05選區,1,林郁方,中國國民黨,1518,
2016年區域立委選舉,2016,臺北市,萬華區,頂碩里,臺北市第05選區,2,李家幸,台灣獨立黨,31,
2016年區域立委選舉,2016,臺北市,萬華區,頂碩里,臺北市第05選區,3,黃福卿,無黨籍及未經政黨推薦,21,
2016年區域立委選舉,2016,臺北市,萬華區,頂碩里,臺北市第05選區,4,洪顯政,大愛憲改聯盟,5,
2016年區域立委選舉,2016,臺北市,萬華區,頂碩里,臺北市第05選區,5,龔偉綸,無黨籍及未經政黨推薦,30,
2016年區域立委選舉,2016,臺北市,萬華區,頂碩里,臺北市第05選區,6,林昶佐,時代力量,2694,*
2016年區域立委選舉,2016,臺北市,萬華區,頂碩里,臺北市第05選區,7,尤瑞敏,樹黨,150,
2016年區域立委選舉,2016,臺北市,萬華區,雙園里,臺北市第05選區,1,林郁方,中國國民黨,1020,
2016年區域立委選舉,2016,臺北市,萬華區,雙園里,臺北市第05選區,2,李家幸,台灣獨立黨,20,
2016年區域立委選舉,2016,臺北市,萬華區,雙園里,臺北市第05選區,3,黃福卿,無黨籍及未經政黨推薦,14,
2016年區域立委選舉,2016,臺北市,萬華區,雙園里,臺北市第05選區,4,洪顯政,大愛憲改聯盟,9,
2016年區域立委選舉,2016,臺北市,萬華區,雙園里,臺北市第05選區,5,龔偉綸,無黨籍及未經政黨推薦,28,
2016年區域立委選舉,2016,臺北市,萬華區,雙園里,臺北市第05選區,6,林昶佐,時代力量,1536,*
2016年區域立委選舉,2016,臺北市,萬華區,雙園里,臺北市第05選區,7,尤瑞敏,樹黨,97,
2016年區域立委選舉,2016,臺北市,萬華區,新忠里,臺北市第05選區,1,林郁方,中國國民黨,1504,
2016年區域立委選舉,2016,臺北市,萬華區,新忠里,臺北市第05選區,2,李家幸,台灣獨立黨,9,
2016年區域立委選舉,2016,臺北市,萬華區,新忠里,臺北市第05選區,3,黃福卿,無黨籍及未經政黨推薦,3,
2016年區域立委選舉,2016,臺北市,萬華區,新忠里,臺北市第05選區,4,洪顯政,大愛憲改聯盟,2,
2016年區域立委選舉,2016,臺北市,萬華區,新忠里,臺北市第05選區,5,龔偉綸,無黨籍及未經政黨推薦,17,
2016年區域立委選舉,2016,臺北市,萬華區,新忠里,臺北市第05選區,6,林昶佐,時代力量,489,*
2016年區域立委選舉,2016,臺北市,萬華區,新忠里,臺北市第05選區,7,尤瑞敏,樹黨,61,
2016年區域立委選舉,2016,臺北市,萬華區,新和里,臺北市第05選區,1,林郁方,中國國民黨,3514,
2016年區域立委選舉,2016,臺北市,萬華區,新和里,臺北市第05選區,2,李家幸,台灣獨立黨,14,
2016年區域立委選舉,2016,臺北市,萬華區,新和里,臺北市第05選區,3,黃福卿,無黨籍及未經政黨推薦,8,
2016年區域立委選舉,2016,臺北市,萬華區,新和里,臺北市第05選區,4,洪顯政,大愛憲改聯盟,11,
2016年區域立委選舉,2016,臺北市,萬華區,新和里,臺北市第05選區,5,龔偉綸,無黨籍及未經政黨推薦,45,
2016年區域立委選舉,2016,臺北市,萬華區,新和里,臺北市第05選區,6,林昶佐,時代力量,1442,*
2016年區域立委選舉,2016,臺北市,萬華區,新和里,臺北市第05選區,7,尤瑞敏,樹黨,147,
2016年區域立委選舉,2016,臺北市,萬華區,糖廍里,臺北市第05選區,1,林郁方,中國國民黨,1225,
2016年區域立委選舉,2016,臺北市,萬華區,糖廍里,臺北市第05選區,2,李家幸,台灣獨立黨,19,
2016年區域立委選舉,2016,臺北市,萬華區,糖廍里,臺北市第05選區,3,黃福卿,無黨籍及未經政黨推薦,9,
2016年區域立委選舉,2016,臺北市,萬華區,糖廍里,臺北市第05選區,4,洪顯政,大愛憲改聯盟,12,
2016年區域立委選舉,2016,臺北市,萬華區,糖廍里,臺北市第05選區,5,龔偉綸,無黨籍及未經政黨推薦,31,
2016年區域立委選舉,2016,臺北市,萬華區,糖廍里,臺北市第05選區,6,林昶佐,時代力量,1884,*
2016年區域立委選舉,2016,臺北市,萬華區,糖廍里,臺北市第05選區,7,尤瑞敏,樹黨,100,
2016年區域立委選舉,2016,臺北市,萬華區,和平里,臺北市第05選區,1,林郁方,中國國民黨,1359,
2016年區域立委選舉,2016,臺北市,萬華區,和平里,臺北市第05選區,2,李家幸,台灣獨立黨,26,
2016年區域立委選舉,2016,臺北市,萬華區,和平里,臺北市第05選區,3,黃福卿,無黨籍及未經政黨推薦,11,
2016年區域立委選舉,2016,臺北市,萬華區,和平里,臺北市第05選區,4,洪顯政,大愛憲改聯盟,10,
2016年區域立委選舉,2016,臺北市,萬華區,和平里,臺北市第05選區,5,龔偉綸,無黨籍及未經政黨推薦,40,
2016年區域立委選舉,2016,臺北市,萬華區,和平里,臺北市第05選區,6,林昶佐,時代力量,2581,*
2016年區域立委選舉,2016,臺北市,萬華區,和平里,臺北市第05選區,7,尤瑞敏,樹黨,122,
2016年區域立委選舉,2016,臺北市,萬華區,綠堤里,臺北市第05選區,1,林郁方,中國國民黨,1113,
2016年區域立委選舉,2016,臺北市,萬華區,綠堤里,臺北市第05選區,2,李家幸,台灣獨立黨,11,
2016年區域立委選舉,2016,臺北市,萬華區,綠堤里,臺北市第05選區,3,黃福卿,無黨籍及未經政黨推薦,9,
2016年區域立委選舉,2016,臺北市,萬華區,綠堤里,臺北市第05選區,4,洪顯政,大愛憲改聯盟,10,
2016年區域立委選舉,2016,臺北市,萬華區,綠堤里,臺北市第05選區,5,龔偉綸,無黨籍及未經政黨推薦,21,
2016年區域立委選舉,2016,臺北市,萬華區,綠堤里,臺北市第05選區,6,林昶佐,時代力量,1238,*
2016年區域立委選舉,2016,臺北市,萬華區,綠堤里,臺北市第05選區,7,尤瑞敏,樹黨,60,
2016年區域立委選舉,2016,臺北市,萬華區,華江里,臺北市第05選區,1,林郁方,中國國民黨,1943,
2016年區域立委選舉,2016,臺北市,萬華區,華江里,臺北市第05選區,2,李家幸,台灣獨立黨,31,
2016年區域立委選舉,2016,臺北市,萬華區,華江里,臺北市第05選區,3,黃福卿,無黨籍及未經政黨推薦,10,
2016年區域立委選舉,2016,臺北市,萬華區,華江里,臺北市第05選區,4,洪顯政,大愛憲改聯盟,16,
2016年區域立委選舉,2016,臺北市,萬華區,華江里,臺北市第05選區,5,龔偉綸,無黨籍及未經政黨推薦,51,
2016年區域立委選舉,2016,臺北市,萬華區,華江里,臺北市第05選區,6,林昶佐,時代力量,2763,*
2016年區域立委選舉,2016,臺北市,萬華區,華江里,臺北市第05選區,7,尤瑞敏,樹黨,115,
2016年區域立委選舉,2016,臺北市,萬華區,柳鄉里,臺北市第05選區,1,林郁方,中國國民黨,1090,
2016年區域立委選舉,2016,臺北市,萬華區,柳鄉里,臺北市第05選區,2,李家幸,台灣獨立黨,30,
2016年區域立委選舉,2016,臺北市,萬華區,柳鄉里,臺北市第05選區,3,黃福卿,無黨籍及未經政黨推薦,9,
2016年區域立委選舉,2016,臺北市,萬華區,柳鄉里,臺北市第05選區,4,洪顯政,大愛憲改聯盟,14,
2016年區域立委選舉,2016,臺北市,萬華區,柳鄉里,臺北市第05選區,5,龔偉綸,無黨籍及未經政黨推薦,50,
2016年區域立委選舉,2016,臺北市,萬華區,柳鄉里,臺北市第05選區,6,林昶佐,時代力量,1872,*
2016年區域立委選舉,2016,臺北市,萬華區,柳鄉里,臺北市第05選區,7,尤瑞敏,樹黨,84,
2016年區域立委選舉,2016,臺北市,萬華區,日善里,臺北市第05選區,1,林郁方,中國國民黨,875,
2016年區域立委選舉,2016,臺北市,萬華區,日善里,臺北市第05選區,2,李家幸,台灣獨立黨,7,
2016年區域立委選舉,2016,臺北市,萬華區,日善里,臺北市第05選區,3,黃福卿,無黨籍及未經政黨推薦,12,
2016年區域立委選舉,2016,臺北市,萬華區,日善里,臺北市第05選區,4,洪顯政,大愛憲改聯盟,8,
2016年區域立委選舉,2016,臺北市,萬華區,日善里,臺北市第05選區,5,龔偉綸,無黨籍及未經政黨推薦,28,
2016年區域立委選舉,2016,臺北市,萬華區,日善里,臺北市第05選區,6,林昶佐,時代力量,1276,*
2016年區域立委選舉,2016,臺北市,萬華區,日善里,臺北市第05選區,7,尤瑞敏,樹黨,64,
2016年區域立委選舉,2016,臺北市,萬華區,新安里,臺北市第05選區,1,林郁方,中國國民黨,1867,
2016年區域立委選舉,2016,臺北市,萬華區,新安里,臺北市第05選區,2,李家幸,台灣獨立黨,17,
2016年區域立委選舉,2016,臺北市,萬華區,新安里,臺北市第05選區,3,黃福卿,無黨籍及未經政黨推薦,7,
2016年區域立委選舉,2016,臺北市,萬華區,新安里,臺北市第05選區,4,洪顯政,大愛憲改聯盟,7,
2016年區域立委選舉,2016,臺北市,萬華區,新安里,臺北市第05選區,5,龔偉綸,無黨籍及未經政黨推薦,37,
2016年區域立委選舉,2016,臺北市,萬華區,新安里,臺北市第05選區,6,林昶佐,時代力量,1449,*
2016年區域立委選舉,2016,臺北市,萬華區,新安里,臺北市第05選區,7,尤瑞敏,樹黨,127,
2016年區域立委選舉,2016,臺北市,萬華區,忠德里,臺北市第05選區,1,林郁方,中國國民黨,934,
2016年區域立委選舉,2016,臺北市,萬華區,忠德里,臺北市第05選區,2,李家幸,台灣獨立黨,17,
2016年區域立委選舉,2016,臺北市,萬華區,忠德里,臺北市第05選區,3,黃福卿,無黨籍及未經政黨推薦,8,
2016年區域立委選舉,2016,臺北市,萬華區,忠德里,臺北市第05選區,4,洪顯政,大愛憲改聯盟,9,
2016年區域立委選舉,2016,臺北市,萬華區,忠德里,臺北市第05選區,5,龔偉綸,無黨籍及未經政黨推薦,29,
2016年區域立委選舉,2016,臺北市,萬華區,忠德里,臺北市第05選區,6,林昶佐,時代力量,1501,*
2016年區域立委選舉,2016,臺北市,萬華區,忠德里,臺北市第05選區,7,尤瑞敏,樹黨,56,
2016年區域立委選舉,2016,臺北市,萬華區,孝德里,臺北市第05選區,1,林郁方,中國國民黨,687,
2016年區域立委選舉,2016,臺北市,萬華區,孝德里,臺北市第05選區,2,李家幸,台灣獨立黨,18,
2016年區域立委選舉,2016,臺北市,萬華區,孝德里,臺北市第05選區,3,黃福卿,無黨籍及未經政黨推薦,6,
2016年區域立委選舉,2016,臺北市,萬華區,孝德里,臺北市第05選區,4,洪顯政,大愛憲改聯盟,5,
2016年區域立委選舉,2016,臺北市,萬華區,孝德里,臺北市第05選區,5,龔偉綸,無黨籍及未經政黨推薦,22,
2016年區域立委選舉,2016,臺北市,萬華區,孝德里,臺北市第05選區,6,林昶佐,時代力量,1249,*
2016年區域立委選舉,2016,臺北市,萬華區,孝德里,臺北市第05選區,7,尤瑞敏,樹黨,60,
2016年區域立委選舉,2016,臺北市,萬華區,和德里,臺北市第05選區,1,林郁方,中國國民黨,1532,
2016年區域立委選舉,2016,臺北市,萬華區,和德里,臺北市第05選區,2,李家幸,台灣獨立黨,22,
2016年區域立委選舉,2016,臺北市,萬華區,和德里,臺北市第05選區,3,黃福卿,無黨籍及未經政黨推薦,17,
2016年區域立委選舉,2016,臺北市,萬華區,和德里,臺北市第05選區,4,洪顯政,大愛憲改聯盟,15,
2016年區域立委選舉,2016,臺北市,萬華區,和德里,臺北市第05選區,5,龔偉綸,無黨籍及未經政黨推薦,54,
2016年區域立委選舉,2016,臺北市,萬華區,和德里,臺北市第05選區,6,林昶佐,時代力量,2242,*
2016年區域立委選舉,2016,臺北市,萬華區,和德里,臺北市第05選區,7,尤瑞敏,樹黨,120,
2016年區域立委選舉,2016,臺北市,萬華區,錦德里,臺北市第05選區,1,林郁方,中國國民黨,1284,
2016年區域立委選舉,2016,臺北市,萬華區,錦德里,臺北市第05選區,2,李家幸,台灣獨立黨,16,
2016年區域立委選舉,2016,臺北市,萬華區,錦德里,臺北市第05選區,3,黃福卿,無黨籍及未經政黨推薦,8,
2016年區域立委選舉,2016,臺北市,萬華區,錦德里,臺北市第05選區,4,洪顯政,大愛憲改聯盟,10,
2016年區域立委選舉,2016,臺北市,萬華區,錦德里,臺北市第05選區,5,龔偉綸,無黨籍及未經政黨推薦,43,
2016年區域立委選舉,2016,臺北市,萬華區,錦德里,臺北市第05選區,6,林昶佐,時代力量,1859,*
2016年區域立委選舉,2016,臺北市,萬華區,錦德里,臺北市第05選區,7,尤瑞敏,樹黨,100,
2016年區域立委選舉,2016,臺北市,萬華區,全德里,臺北市第05選區,1,林郁方,中國國民黨,1018,
2016年區域立委選舉,2016,臺北市,萬華區,全德里,臺北市第05選區,2,李家幸,台灣獨立黨,16,
2016年區域立委選舉,2016,臺北市,萬華區,全德里,臺北市第05選區,3,黃福卿,無黨籍及未經政黨推薦,7,
2016年區域立委選舉,2016,臺北市,萬華區,全德里,臺北市第05選區,4,洪顯政,大愛憲改聯盟,7,
2016年區域立委選舉,2016,臺北市,萬華區,全德里,臺北市第05選區,5,龔偉綸,無黨籍及未經政黨推薦,27,
2016年區域立委選舉,2016,臺北市,萬華區,全德里,臺北市第05選區,6,林昶佐,時代力量,1346,*
2016年區域立委選舉,2016,臺北市,萬華區,全德里,臺北市第05選區,7,尤瑞敏,樹黨,64,
2016年區域立委選舉,2016,臺北市,萬華區,保德里,臺北市第05選區,1,林郁方,中國國民黨,858,
2016年區域立委選舉,2016,臺北市,萬華區,保德里,臺北市第05選區,2,李家幸,台灣獨立黨,4,
2016年區域立委選舉,2016,臺北市,萬華區,保德里,臺北市第05選區,3,黃福卿,無黨籍及未經政黨推薦,6,
2016年區域立委選舉,2016,臺北市,萬華區,保德里,臺北市第05選區,4,洪顯政,大愛憲改聯盟,5,
2016年區域立委選舉,2016,臺北市,萬華區,保德里,臺北市第05選區,5,龔偉綸,無黨籍及未經政黨推薦,22,
2016年區域立委選舉,2016,臺北市,萬華區,保德里,臺北市第05選區,6,林昶佐,時代力量,1090,*
2016年區域立委選舉,2016,臺北市,萬華區,保德里,臺北市第05選區,7,尤瑞敏,樹黨,40,
2016年區域立委選舉,2016,臺北市,萬華區,銘德里,臺北市第05選區,1,林郁方,中國國民黨,1110,
2016年區域立委選舉,2016,臺北市,萬華區,銘德里,臺北市第05選區,2,李家幸,台灣獨立黨,21,
2016年區域立委選舉,2016,臺北市,萬華區,銘德里,臺北市第05選區,3,黃福卿,無黨籍及未經政黨推薦,9,
2016年區域立委選舉,2016,臺北市,萬華區,銘德里,臺北市第05選區,4,洪顯政,大愛憲改聯盟,6,
2016年區域立委選舉,2016,臺北市,萬華區,銘德里,臺北市第05選區,5,龔偉綸,無黨籍及未經政黨推薦,25,
2016年區域立委選舉,2016,臺北市,萬華區,銘德里,臺北市第05選區,6,林昶佐,時代力量,1580,*
2016年區域立委選舉,2016,臺北市,萬華區,銘德里,臺北市第05選區,7,尤瑞敏,樹黨,84,
2016年區域立委選舉,2016,臺北市,萬華區,榮德里,臺北市第05選區,1,林郁方,中國國民黨,901,
2016年區域立委選舉,2016,臺北市,萬華區,榮德里,臺北市第05選區,2,李家幸,台灣獨立黨,12,
2016年區域立委選舉,2016,臺北市,萬華區,榮德里,臺北市第05選區,3,黃福卿,無黨籍及未經政黨推薦,7,
2016年區域立委選舉,2016,臺北市,萬華區,榮德里,臺北市第05選區,4,洪顯政,大愛憲改聯盟,5,
2016年區域立委選舉,2016,臺北市,萬華區,榮德里,臺北市第05選區,5,龔偉綸,無黨籍及未經政黨推薦,17,
2016年區域立委選舉,2016,臺北市,萬華區,榮德里,臺北市第05選區,6,林昶佐,時代力量,1208,*
2016年區域立委選舉,2016,臺北市,萬華區,榮德里,臺北市第05選區,7,尤瑞敏,樹黨,49,
2016年區域立委選舉,2016,臺北市,萬華區,壽德里,臺北市第05選區,1,林郁方,中國國民黨,1297,
2016年區域立委選舉,2016,臺北市,萬華區,壽德里,臺北市第05選區,2,李家幸,台灣獨立黨,14,
2016年區域立委選舉,2016,臺北市,萬華區,壽德里,臺北市第05選區,3,黃福卿,無黨籍及未經政黨推薦,7,
2016年區域立委選舉,2016,臺北市,萬華區,壽德里,臺北市第05選區,4,洪顯政,大愛憲改聯盟,11,
2016年區域立委選舉,2016,臺北市,萬華區,壽德里,臺北市第05選區,5,龔偉綸,無黨籍及未經政黨推薦,23,
2016年區域立委選舉,2016,臺北市,萬華區,壽德里,臺北市第05選區,6,林昶佐,時代力量,1658,*
2016年區域立委選舉,2016,臺北市,萬華區,壽德里,臺北市第05選區,7,尤瑞敏,樹黨,74,
2016年區域立委選舉,2016,臺北市,萬華區,興德里,臺北市第05選區,1,林郁方,中國國民黨,1113,
2016年區域立委選舉,2016,臺北市,萬華區,興德里,臺北市第05選區,2,李家幸,台灣獨立黨,14,
2016年區域立委選舉,2016,臺北市,萬華區,興德里,臺北市第05選區,3,黃福卿,無黨籍及未經政黨推薦,12,
2016年區域立委選舉,2016,臺北市,萬華區,興德里,臺北市第05選區,4,洪顯政,大愛憲改聯盟,14,
2016年區域立委選舉,2016,臺北市,萬華區,興德里,臺北市第05選區,5,龔偉綸,無黨籍及未經政黨推薦,23,
2016年區域立委選舉,2016,臺北市,萬華區,興德里,臺北市第05選區,6,林昶佐,時代力量,1559,*
2016年區域立委選舉,2016,臺北市,萬華區,興德里,臺北市第05選區,7,尤瑞敏,樹黨,116,
2016年區域立委選舉,2016,臺北市,萬華區,華中里,臺北市第05選區,1,林郁方,中國國民黨,1497,
2016年區域立委選舉,2016,臺北市,萬華區,華中里,臺北市第05選區,2,李家幸,台灣獨立黨,18,
2016年區域立委選舉,2016,臺北市,萬華區,華中里,臺北市第05選區,3,黃福卿,無黨籍及未經政黨推薦,12,
2016年區域立委選舉,2016,臺北市,萬華區,華中里,臺北市第05選區,4,洪顯政,大愛憲改聯盟,6,
2016年區域立委選舉,2016,臺北市,萬華區,華中里,臺北市第05選區,5,龔偉綸,無黨籍及未經政黨推薦,38,
2016年區域立委選舉,2016,臺北市,萬華區,華中里,臺北市第05選區,6,林昶佐,時代力量,2095,*
2016年區域立委選舉,2016,臺北市,萬華區,華中里,臺北市第05選區,7,尤瑞敏,樹黨,101,
2016年區域立委選舉,2016,臺北市,萬華區,日祥里,臺北市第05選區,1,林郁方,中國國民黨,1981,
2016年區域立委選舉,2016,臺北市,萬華區,日祥里,臺北市第05選區,2,李家幸,台灣獨立黨,12,
2016年區域立委選舉,2016,臺北市,萬華區,日祥里,臺北市第05選區,3,黃福卿,無黨籍及未經政黨推薦,11,
2016年區域立委選舉,2016,臺北市,萬華區,日祥里,臺北市第05選區,4,洪顯政,大愛憲改聯盟,5,
2016年區域立委選舉,2016,臺北市,萬華區,日祥里,臺北市第05選區,5,龔偉綸,無黨籍及未經政黨推薦,31,
2016年區域立委選舉,2016,臺北市,萬華區,日祥里,臺北市第05選區,6,林昶佐,時代力量,1248,*
2016年區域立委選舉,2016,臺北市,萬華區,日祥里,臺北市第05選區,7,尤瑞敏,樹黨,72,
2016年區域立委選舉,2016,臺北市,萬華區,忠貞里,臺北市第05選區,1,林郁方,中國國民黨,1849,
2016年區域立委選舉,2016,臺北市,萬華區,忠貞里,臺北市第05選區,2,李家幸,台灣獨立黨,12,
2016年區域立委選舉,2016,臺北市,萬華區,忠貞里,臺北市第05選區,3,黃福卿,無黨籍及未經政黨推薦,16,
2016年區域立委選舉,2016,臺北市,萬華區,忠貞里,臺北市第05選區,4,洪顯政,大愛憲改聯盟,8,
2016年區域立委選舉,2016,臺北市,萬華區,忠貞里,臺北市第05選區,5,龔偉綸,無黨籍及未經政黨推薦,31,
2016年區域立委選舉,2016,臺北市,萬華區,忠貞里,臺北市第05選區,6,林昶佐,時代力量,938,*
2016年區域立委選舉,2016,臺北市,萬華區,忠貞里,臺北市第05選區,7,尤瑞敏,樹黨,89,
2016年區域立委選舉,2016,臺北市,萬華區,凌霄里,臺北市第05選區,1,林郁方,中國國民黨,1284,
2016年區域立委選舉,2016,臺北市,萬華區,凌霄里,臺北市第05選區,2,李家幸,台灣獨立黨,9,
2016年區域立委選舉,2016,臺北市,萬華區,凌霄里,臺北市第05選區,3,黃福卿,無黨籍及未經政黨推薦,7,
2016年區域立委選舉,2016,臺北市,萬華區,凌霄里,臺北市第05選區,4,洪顯政,大愛憲改聯盟,3,
2016年區域立委選舉,2016,臺北市,萬華區,凌霄里,臺北市第05選區,5,龔偉綸,無黨籍及未經政黨推薦,16,
2016年區域立委選舉,2016,臺北市,萬華區,凌霄里,臺北市第05選區,6,林昶佐,時代力量,849,*
2016年區域立委選舉,2016,臺北市,萬華區,凌霄里,臺北市第05選區,7,尤瑞敏,樹黨,90,
2016年區域立委選舉,2016,臺北市,萬華區,騰雲里,臺北市第05選區,1,林郁方,中國國民黨,1042,
2016年區域立委選舉,2016,臺北市,萬華區,騰雲里,臺北市第05選區,2,李家幸,台灣獨立黨,5,
2016年區域立委選舉,2016,臺北市,萬華區,騰雲里,臺北市第05選區,3,黃福卿,無黨籍及未經政黨推薦,8,
2016年區域立委選舉,2016,臺北市,萬華區,騰雲里,臺北市第05選區,4,洪顯政,大愛憲改聯盟,4,
2016年區域立委選舉,2016,臺北市,萬華區,騰雲里,臺北市第05選區,5,龔偉綸,無黨籍及未經政黨推薦,12,
2016年區域立委選舉,2016,臺北市,萬華區,騰雲里,臺北市第05選區,6,林昶佐,時代力量,777,*
2016年區域立委選舉,2016,臺北市,萬華區,騰雲里,臺北市第05選區,7,尤瑞敏,樹黨,53,
2016年區域立委選舉,2016,臺北市,文山區,景行里,臺北市第08選區,1,李慶元,無黨籍及未經政黨推薦,1552,
2016年區域立委選舉,2016,臺北市,文山區,景行里,臺北市第08選區,2,賴樹聲,無黨籍及未經政黨推薦,23,
2016年區域立委選舉,2016,臺北市,文山區,景行里,臺北市第08選區,3,苗博雅,綠黨社會民主黨聯盟,540,
2016年區域立委選舉,2016,臺北市,文山區,景行里,臺北市第08選區,4,賴士葆,中國國民黨,1557,*
2016年區域立委選舉,2016,臺北市,文山區,景行里,臺北市第08選區,5,陳如聖,台灣工黨,11,
2016年區域立委選舉,2016,臺北市,文山區,景行里,臺北市第08選區,6,方景鈞,無黨籍及未經政黨推薦,73,
2016年區域立委選舉,2016,臺北市,文山區,景東里,臺北市第08選區,1,李慶元,無黨籍及未經政黨推薦,1299,
2016年區域立委選舉,2016,臺北市,文山區,景東里,臺北市第08選區,2,賴樹聲,無黨籍及未經政黨推薦,23,
2016年區域立委選舉,2016,臺北市,文山區,景東里,臺北市第08選區,3,苗博雅,綠黨社會民主黨聯盟,450,
2016年區域立委選舉,2016,臺北市,文山區,景東里,臺北市第08選區,4,賴士葆,中國國民黨,1966,*
2016年區域立委選舉,2016,臺北市,文山區,景東里,臺北市第08選區,5,陳如聖,台灣工黨,25,
2016年區域立委選舉,2016,臺北市,文山區,景東里,臺北市第08選區,6,方景鈞,無黨籍及未經政黨推薦,80,
2016年區域立委選舉,2016,臺北市,文山區,景美里,臺北市第08選區,1,李慶元,無黨籍及未經政黨推薦,1103,
2016年區域立委選舉,2016,臺北市,文山區,景美里,臺北市第08選區,2,賴樹聲,無黨籍及未經政黨推薦,16,
2016年區域立委選舉,2016,臺北市,文山區,景美里,臺北市第08選區,3,苗博雅,綠黨社會民主黨聯盟,384,
2016年區域立委選舉,2016,臺北市,文山區,景美里,臺北市第08選區,4,賴士葆,中國國民黨,1396,*
2016年區域立委選舉,2016,臺北市,文山區,景美里,臺北市第08選區,5,陳如聖,台灣工黨,9,
2016年區域立委選舉,2016,臺北市,文山區,景美里,臺北市第08選區,6,方景鈞,無黨籍及未經政黨推薦,22,
2016年區域立委選舉,2016,臺北市,文山區,景慶里,臺北市第08選區,1,李慶元,無黨籍及未經政黨推薦,1379,
2016年區域立委選舉,2016,臺北市,文山區,景慶里,臺北市第08選區,2,賴樹聲,無黨籍及未經政黨推薦,26,
2016年區域立委選舉,2016,臺北市,文山區,景慶里,臺北市第08選區,3,苗博雅,綠黨社會民主黨聯盟,444,
2016年區域立委選舉,2016,臺北市,文山區,景慶里,臺北市第08選區,4,賴士葆,中國國民黨,1701,*
2016年區域立委選舉,2016,臺北市,文山區,景慶里,臺北市第08選區,5,陳如聖,台灣工黨,16,
2016年區域立委選舉,2016,臺北市,文山區,景慶里,臺北市第08選區,6,方景鈞,無黨籍及未經政黨推薦,50,
2016年區域立委選舉,2016,臺北市,文山區,景仁里,臺北市第08選區,1,李慶元,無黨籍及未經政黨推薦,955,
2016年區域立委選舉,2016,臺北市,文山區,景仁里,臺北市第08選區,2,賴樹聲,無黨籍及未經政黨推薦,18,
2016年區域立委選舉,2016,臺北市,文山區,景仁里,臺北市第08選區,3,苗博雅,綠黨社會民主黨聯盟,352,
2016年區域立委選舉,2016,臺北市,文山區,景仁里,臺北市第08選區,4,賴士葆,中國國民黨,1274,*
2016年區域立委選舉,2016,臺北市,文山區,景仁里,臺北市第08選區,5,陳如聖,台灣工黨,7,
2016年區域立委選舉,2016,臺北市,文山區,景仁里,臺北市第08選區,6,方景鈞,無黨籍及未經政黨推薦,31,
2016年區域立委選舉,2016,臺北市,文山區,景華里,臺北市第08選區,1,李慶元,無黨籍及未經政黨推薦,1170,
2016年區域立委選舉,2016,臺北市,文山區,景華里,臺北市第08選區,2,賴樹聲,無黨籍及未經政黨推薦,21,
2016年區域立委選舉,2016,臺北市,文山區,景華里,臺北市第08選區,3,苗博雅,綠黨社會民主黨聯盟,431,
2016年區域立委選舉,2016,臺北市,文山區,景華里,臺北市第08選區,4,賴士葆,中國國民黨,1642,*
2016年區域立委選舉,2016,臺北市,文山區,景華里,臺北市第08選區,5,陳如聖,台灣工黨,12,
2016年區域立委選舉,2016,臺北市,文山區,景華里,臺北市第08選區,6,方景鈞,無黨籍及未經政黨推薦,43,
2016年區域立委選舉,2016,臺北市,文山區,萬有里,臺北市第08選區,1,李慶元,無黨籍及未經政黨推薦,1129,
2016年區域立委選舉,2016,臺北市,文山區,萬有里,臺北市第08選區,2,賴樹聲,無黨籍及未經政黨推薦,16,
2016年區域立委選舉,2016,臺北市,文山區,萬有里,臺北市第08選區,3,苗博雅,綠黨社會民主黨聯盟,398,
2016年區域立委選舉,2016,臺北市,文山區,萬有里,臺北市第08選區,4,賴士葆,中國國民黨,1496,*
2016年區域立委選舉,2016,臺北市,文山區,萬有里,臺北市第08選區,5,陳如聖,台灣工黨,13,
2016年區域立委選舉,2016,臺北市,文山區,萬有里,臺北市第08選區,6,方景鈞,無黨籍及未經政黨推薦,39,
2016年區域立委選舉,2016,臺北市,文山區,萬祥里,臺北市第08選區,1,李慶元,無黨籍及未經政黨推薦,999,
2016年區域立委選舉,2016,臺北市,文山區,萬祥里,臺北市第08選區,2,賴樹聲,無黨籍及未經政黨推薦,14,
2016年區域立委選舉,2016,臺北市,文山區,萬祥里,臺北市第08選區,3,苗博雅,綠黨社會民主黨聯盟,349,
2016年區域立委選舉,2016,臺北市,文山區,萬祥里,臺北市第08選區,4,賴士葆,中國國民黨,1233,*
2016年區域立委選舉,2016,臺北市,文山區,萬祥里,臺北市第08選區,5,陳如聖,台灣工黨,14,
2016年區域立委選舉,2016,臺北市,文山區,萬祥里,臺北市第08選區,6,方景鈞,無黨籍及未經政黨推薦,24,
2016年區域立委選舉,2016,臺北市,文山區,萬隆里,臺北市第08選區,1,李慶元,無黨籍及未經政黨推薦,1387,
2016年區域立委選舉,2016,臺北市,文山區,萬隆里,臺北市第08選區,2,賴樹聲,無黨籍及未經政黨推薦,29,
2016年區域立委選舉,2016,臺北市,文山區,萬隆里,臺北市第08選區,3,苗博雅,綠黨社會民主黨聯盟,485,
2016年區域立委選舉,2016,臺北市,文山區,萬隆里,臺北市第08選區,4,賴士葆,中國國民黨,2130,*
2016年區域立委選舉,2016,臺北市,文山區,萬隆里,臺北市第08選區,5,陳如聖,台灣工黨,18,
2016年區域立委選舉,2016,臺北市,文山區,萬隆里,臺北市第08選區,6,方景鈞,無黨籍及未經政黨推薦,37,
2016年區域立委選舉,2016,臺北市,文山區,萬年里,臺北市第08選區,1,李慶元,無黨籍及未經政黨推薦,1147,
2016年區域立委選舉,2016,臺北市,文山區,萬年里,臺北市第08選區,2,賴樹聲,無黨籍及未經政黨推薦,22,
2016年區域立委選舉,2016,臺北市,文山區,萬年里,臺北市第08選區,3,苗博雅,綠黨社會民主黨聯盟,458,
2016年區域立委選舉,2016,臺北市,文山區,萬年里,臺北市第08選區,4,賴士葆,中國國民黨,1470,*
2016年區域立委選舉,2016,臺北市,文山區,萬年里,臺北市第08選區,5,陳如聖,台灣工黨,10,
2016年區域立委選舉,2016,臺北市,文山區,萬年里,臺北市第08選區,6,方景鈞,無黨籍及未經政黨推薦,29,
2016年區域立委選舉,2016,臺北市,文山區,萬和里,臺北市第08選區,1,李慶元,無黨籍及未經政黨推薦,460,
2016年區域立委選舉,2016,臺北市,文山區,萬和里,臺北市第08選區,2,賴樹聲,無黨籍及未經政黨推薦,9,
2016年區域立委選舉,2016,臺北市,文山區,萬和里,臺北市第08選區,3,苗博雅,綠黨社會民主黨聯盟,187,
2016年區域立委選舉,2016,臺北市,文山區,萬和里,臺北市第08選區,4,賴士葆,中國國民黨,1227,*
2016年區域立委選舉,2016,臺北市,文山區,萬和里,臺北市第08選區,5,陳如聖,台灣工黨,6,
2016年區域立委選舉,2016,臺北市,文山區,萬和里,臺北市第08選區,6,方景鈞,無黨籍及未經政黨推薦,16,
2016年區域立委選舉,2016,臺北市,文山區,萬盛里,臺北市第08選區,1,李慶元,無黨籍及未經政黨推薦,879,
2016年區域立委選舉,2016,臺北市,文山區,萬盛里,臺北市第08選區,2,賴樹聲,無黨籍及未經政黨推薦,10,
2016年區域立委選舉,2016,臺北市,文山區,萬盛里,臺北市第08選區,3,苗博雅,綠黨社會民主黨聯盟,391,
2016年區域立委選舉,2016,臺北市,文山區,萬盛里,臺北市第08選區,4,賴士葆,中國國民黨,1427,*
2016年區域立委選舉,2016,臺北市,文山區,萬盛里,臺北市第08選區,5,陳如聖,台灣工黨,17,
2016年區域立委選舉,2016,臺北市,文山區,萬盛里,臺北市第08選區,6,方景鈞,無黨籍及未經政黨推薦,28,
2016年區域立委選舉,2016,臺北市,文山區,興豐里,臺北市第08選區,1,李慶元,無黨籍及未經政黨推薦,960,
2016年區域立委選舉,2016,臺北市,文山區,興豐里,臺北市第08選區,2,賴樹聲,無黨籍及未經政黨推薦,11,
2016年區域立委選舉,2016,臺北市,文山區,興豐里,臺北市第08選區,3,苗博雅,綠黨社會民主黨聯盟,341,
2016年區域立委選舉,2016,臺北市,文山區,興豐里,臺北市第08選區,4,賴士葆,中國國民黨,1480,*
2016年區域立委選舉,2016,臺北市,文山區,興豐里,臺北市第08選區,5,陳如聖,台灣工黨,15,
2016年區域立委選舉,2016,臺北市,文山區,興豐里,臺北市第08選區,6,方景鈞,無黨籍及未經政黨推薦,30,
2016年區域立委選舉,2016,臺北市,文山區,興光里,臺北市第08選區,1,李慶元,無黨籍及未經政黨推薦,666,
2016年區域立委選舉,2016,臺北市,文山區,興光里,臺北市第08選區,2,賴樹聲,無黨籍及未經政黨推薦,9,
2016年區域立委選舉,2016,臺北市,文山區,興光里,臺北市第08選區,3,苗博雅,綠黨社會民主黨聯盟,227,
2016年區域立委選舉,2016,臺北市,文山區,興光里,臺北市第08選區,4,賴士葆,中國國民黨,980,*
2016年區域立委選舉,2016,臺北市,文山區,興光里,臺北市第08選區,5,陳如聖,台灣工黨,5,
2016年區域立委選舉,2016,臺北市,文山區,興光里,臺北市第08選區,6,方景鈞,無黨籍及未經政黨推薦,16,
2016年區域立委選舉,2016,臺北市,文山區,興家里,臺北市第08選區,1,李慶元,無黨籍及未經政黨推薦,1457,
2016年區域立委選舉,2016,臺北市,文山區,興家里,臺北市第08選區,2,賴樹聲,無黨籍及未經政黨推薦,27,
2016年區域立委選舉,2016,臺北市,文山區,興家里,臺北市第08選區,3,苗博雅,綠黨社會民主黨聯盟,483,
2016年區域立委選舉,2016,臺北市,文山區,興家里,臺北市第08選區,4,賴士葆,中國國民黨,2274,*
2016年區域立委選舉,2016,臺北市,文山區,興家里,臺北市第08選區,5,陳如聖,台灣工黨,16,
2016年區域立委選舉,2016,臺北市,文山區,興家里,臺北市第08選區,6,方景鈞,無黨籍及未經政黨推薦,34,
2016年區域立委選舉,2016,臺北市,文山區,興得里,臺北市第08選區,1,李慶元,無黨籍及未經政黨推薦,1145,
2016年區域立委選舉,2016,臺北市,文山區,興得里,臺北市第08選區,2,賴樹聲,無黨籍及未經政黨推薦,33,
2016年區域立委選舉,2016,臺北市,文山區,興得里,臺北市第08選區,3,苗博雅,綠黨社會民主黨聯盟,393,
2016年區域立委選舉,2016,臺北市,文山區,興得里,臺北市第08選區,4,賴士葆,中國國民黨,1784,*
2016年區域立委選舉,2016,臺北市,文山區,興得里,臺北市第08選區,5,陳如聖,台灣工黨,13,
2016年區域立委選舉,2016,臺北市,文山區,興得里,臺北市第08選區,6,方景鈞,無黨籍及未經政黨推薦,33,
2016年區域立委選舉,2016,臺北市,文山區,興業里,臺北市第08選區,1,李慶元,無黨籍及未經政黨推薦,970,
2016年區域立委選舉,2016,臺北市,文山區,興業里,臺北市第08選區,2,賴樹聲,無黨籍及未經政黨推薦,15,
2016年區域立委選舉,2016,臺北市,文山區,興業里,臺北市第08選區,3,苗博雅,綠黨社會民主黨聯盟,346,
2016年區域立委選舉,2016,臺北市,文山區,興業里,臺北市第08選區,4,賴士葆,中國國民黨,1740,*
2016年區域立委選舉,2016,臺北市,文山區,興業里,臺北市第08選區,5,陳如聖,台灣工黨,15,
2016年區域立委選舉,2016,臺北市,文山區,興業里,臺北市第08選區,6,方景鈞,無黨籍及未經政黨推薦,26,
2016年區域立委選舉,2016,臺北市,文山區,興安里,臺北市第08選區,1,李慶元,無黨籍及未經政黨推薦,1122,
2016年區域立委選舉,2016,臺北市,文山區,興安里,臺北市第08選區,2,賴樹聲,無黨籍及未經政黨推薦,20,
2016年區域立委選舉,2016,臺北市,文山區,興安里,臺北市第08選區,3,苗博雅,綠黨社會民主黨聯盟,439,
2016年區域立委選舉,2016,臺北市,文山區,興安里,臺北市第08選區,4,賴士葆,中國國民黨,2061,*
2016年區域立委選舉,2016,臺北市,文山區,興安里,臺北市第08選區,5,陳如聖,台灣工黨,10,
2016年區域立委選舉,2016,臺北市,文山區,興安里,臺北市第08選區,6,方景鈞,無黨籍及未經政黨推薦,38,
2016年區域立委選舉,2016,臺北市,文山區,興福里,臺北市第08選區,1,李慶元,無黨籍及未經政黨推薦,1226,
2016年區域立委選舉,2016,臺北市,文山區,興福里,臺北市第08選區,2,賴樹聲,無黨籍及未經政黨推薦,16,
2016年區域立委選舉,2016,臺北市,文山區,興福里,臺北市第08選區,3,苗博雅,綠黨社會民主黨聯盟,391,
2016年區域立委選舉,2016,臺北市,文山區,興福里,臺北市第08選區,4,賴士葆,中國國民黨,1526,*
2016年區域立委選舉,2016,臺北市,文山區,興福里,臺北市第08選區,5,陳如聖,台灣工黨,19,
2016年區域立委選舉,2016,臺北市,文山區,興福里,臺北市第08選區,6,方景鈞,無黨籍及未經政黨推薦,41,
2016年區域立委選舉,2016,臺北市,文山區,興旺里,臺北市第08選區,1,李慶元,無黨籍及未經政黨推薦,1432,
2016年區域立委選舉,2016,臺北市,文山區,興旺里,臺北市第08選區,2,賴樹聲,無黨籍及未經政黨推薦,29,
2016年區域立委選舉,2016,臺北市,文山區,興旺里,臺北市第08選區,3,苗博雅,綠黨社會民主黨聯盟,547,
2016年區域立委選舉,2016,臺北市,文山區,興旺里,臺北市第08選區,4,賴士葆,中國國民黨,2453,*
2016年區域立委選舉,2016,臺北市,文山區,興旺里,臺北市第08選區,5,陳如聖,台灣工黨,14,
2016年區域立委選舉,2016,臺北市,文山區,興旺里,臺北市第08選區,6,方景鈞,無黨籍及未經政黨推薦,23,
2016年區域立委選舉,2016,臺北市,文山區,興泰里,臺北市第08選區,1,李慶元,無黨籍及未經政黨推薦,762,
2016年區域立委選舉,2016,臺北市,文山區,興泰里,臺北市第08選區,2,賴樹聲,無黨籍及未經政黨推薦,13,
2016年區域立委選舉,2016,臺北市,文山區,興泰里,臺北市第08選區,3,苗博雅,綠黨社會民主黨聯盟,294,
2016年區域立委選舉,2016,臺北市,文山區,興泰里,臺北市第08選區,4,賴士葆,中國國民黨,1192,*
2016年區域立委選舉,2016,臺北市,文山區,興泰里,臺北市第08選區,5,陳如聖,台灣工黨,18,
2016年區域立委選舉,2016,臺北市,文山區,興泰里,臺北市第08選區,6,方景鈞,無黨籍及未經政黨推薦,19,
2016年區域立委選舉,2016,臺北市,文山區,興昌里,臺北市第08選區,1,李慶元,無黨籍及未經政黨推薦,1108,
2016年區域立委選舉,2016,臺北市,文山區,興昌里,臺北市第08選區,2,賴樹聲,無黨籍及未經政黨推薦,20,
2016年區域立委選舉,2016,臺北市,文山區,興昌里,臺北市第08選區,3,苗博雅,綠黨社會民主黨聯盟,485,
2016年區域立委選舉,2016,臺北市,文山區,興昌里,臺北市第08選區,4,賴士葆,中國國民黨,2006,*
2016年區域立委選舉,2016,臺北市,文山區,興昌里,臺北市第08選區,5,陳如聖,台灣工黨,29,
2016年區域立委選舉,2016,臺北市,文山區,興昌里,臺北市第08選區,6,方景鈞,無黨籍及未經政黨推薦,21,
2016年區域立委選舉,2016,臺北市,文山區,試院里,臺北市第08選區,1,李慶元,無黨籍及未經政黨推薦,1159,
2016年區域立委選舉,2016,臺北市,文山區,試院里,臺北市第08選區,2,賴樹聲,無黨籍及未經政黨推薦,20,
2016年區域立委選舉,2016,臺北市,文山區,試院里,臺北市第08選區,3,苗博雅,綠黨社會民主黨聯盟,587,
2016年區域立委選舉,2016,臺北市,文山區,試院里,臺北市第08選區,4,賴士葆,中國國民黨,2137,*
2016年區域立委選舉,2016,臺北市,文山區,試院里,臺北市第08選區,5,陳如聖,台灣工黨,13,
2016年區域立委選舉,2016,臺北市,文山區,試院里,臺北市第08選區,6,方景鈞,無黨籍及未經政黨推薦,41,
2016年區域立委選舉,2016,臺北市,文山區,華興里,臺北市第08選區,1,李慶元,無黨籍及未經政黨推薦,1785,
2016年區域立委選舉,2016,臺北市,文山區,華興里,臺北市第08選區,2,賴樹聲,無黨籍及未經政黨推薦,26,
2016年區域立委選舉,2016,臺北市,文山區,華興里,臺北市第08選區,3,苗博雅,綠黨社會民主黨聯盟,645,
2016年區域立委選舉,2016,臺北市,文山區,華興里,臺北市第08選區,4,賴士葆,中國國民黨,2451,*
2016年區域立委選舉,2016,臺北市,文山區,華興里,臺北市第08選區,5,陳如聖,台灣工黨,26,
2016年區域立委選舉,2016,臺北市,文山區,華興里,臺北市第08選區,6,方景鈞,無黨籍及未經政黨推薦,44,
2016年區域立委選舉,2016,臺北市,文山區,明義里,臺北市第08選區,1,李慶元,無黨籍及未經政黨推薦,714,
2016年區域立委選舉,2016,臺北市,文山區,明義里,臺北市第08選區,2,賴樹聲,無黨籍及未經政黨推薦,14,
2016年區域立委選舉,2016,臺北市,文山區,明義里,臺北市第08選區,3,苗博雅,綠黨社會民主黨聯盟,161,
2016年區域立委選舉,2016,臺北市,文山區,明義里,臺北市第08選區,4,賴士葆,中國國民黨,1090,*
2016年區域立委選舉,2016,臺北市,文山區,明義里,臺北市第08選區,5,陳如聖,台灣工黨,8,
2016年區域立委選舉,2016,臺北市,文山區,明義里,臺北市第08選區,6,方景鈞,無黨籍及未經政黨推薦,9,
2016年區域立委選舉,2016,臺北市,文山區,明興里,臺北市第08選區,1,李慶元,無黨籍及未經政黨推薦,1390,
2016年區域立委選舉,2016,臺北市,文山區,明興里,臺北市第08選區,2,賴樹聲,無黨籍及未經政黨推薦,25,
2016年區域立委選舉,2016,臺北市,文山區,明興里,臺北市第08選區,3,苗博雅,綠黨社會民主黨聯盟,429,
2016年區域立委選舉,2016,臺北市,文山區,明興里,臺北市第08選區,4,賴士葆,中國國民黨,1969,*
2016年區域立委選舉,2016,臺北市,文山區,明興里,臺北市第08選區,5,陳如聖,台灣工黨,15,
2016年區域立委選舉,2016,臺北市,文山區,明興里,臺北市第08選區,6,方景鈞,無黨籍及未經政黨推薦,22,
2016年區域立委選舉,2016,臺北市,文山區,木柵里,臺北市第08選區,1,李慶元,無黨籍及未經政黨推薦,1580,
2016年區域立委選舉,2016,臺北市,文山區,木柵里,臺北市第08選區,2,賴樹聲,無黨籍及未經政黨推薦,28,
2016年區域立委選舉,2016,臺北市,文山區,木柵里,臺北市第08選區,3,苗博雅,綠黨社會民主黨聯盟,578,
2016年區域立委選舉,2016,臺北市,文山區,木柵里,臺北市第08選區,4,賴士葆,中國國民黨,2736,*
2016年區域立委選舉,2016,臺北市,文山區,木柵里,臺北市第08選區,5,陳如聖,台灣工黨,21,
2016年區域立委選舉,2016,臺北市,文山區,木柵里,臺北市第08選區,6,方景鈞,無黨籍及未經政黨推薦,53,
2016年區域立委選舉,2016,臺北市,文山區,木新里,臺北市第08選區,1,李慶元,無黨籍及未經政黨推薦,2162,
2016年區域立委選舉,2016,臺北市,文山區,木新里,臺北市第08選區,2,賴樹聲,無黨籍及未經政黨推薦,43,
2016年區域立委選舉,2016,臺北市,文山區,木新里,臺北市第08選區,3,苗博雅,綠黨社會民主黨聯盟,607,
2016年區域立委選舉,2016,臺北市,文山區,木新里,臺北市第08選區,4,賴士葆,中國國民黨,2196,*
2016年區域立委選舉,2016,臺北市,文山區,木新里,臺北市第08選區,5,陳如聖,台灣工黨,20,
2016年區域立委選舉,2016,臺北市,文山區,木新里,臺北市第08選區,6,方景鈞,無黨籍及未經政黨推薦,35,
2016年區域立委選舉,2016,臺北市,文山區,順興里,臺北市第08選區,1,李慶元,無黨籍及未經政黨推薦,1714,
2016年區域立委選舉,2016,臺北市,文山區,順興里,臺北市第08選區,2,賴樹聲,無黨籍及未經政黨推薦,27,
2016年區域立委選舉,2016,臺北市,文山區,順興里,臺北市第08選區,3,苗博雅,綠黨社會民主黨聯盟,482,
2016年區域立委選舉,2016,臺北市,文山區,順興里,臺北市第08選區,4,賴士葆,中國國民黨,1999,*
2016年區域立委選舉,2016,臺北市,文山區,順興里,臺北市第08選區,5,陳如聖,台灣工黨,21,
2016年區域立委選舉,2016,臺北市,文山區,順興里,臺北市第08選區,6,方景鈞,無黨籍及未經政黨推薦,41,
2016年區域立委選舉,2016,臺北市,文山區,樟林里,臺北市第08選區,1,李慶元,無黨籍及未經政黨推薦,1653,
2016年區域立委選舉,2016,臺北市,文山區,樟林里,臺北市第08選區,2,賴樹聲,無黨籍及未經政黨推薦,23,
2016年區域立委選舉,2016,臺北市,文山區,樟林里,臺北市第08選區,3,苗博雅,綠黨社會民主黨聯盟,560,
2016年區域立委選舉,2016,臺北市,文山區,樟林里,臺北市第08選區,4,賴士葆,中國國民黨,2422,*
2016年區域立委選舉,2016,臺北市,文山區,樟林里,臺北市第08選區,5,陳如聖,台灣工黨,23,
2016年區域立委選舉,2016,臺北市,文山區,樟林里,臺北市第08選區,6,方景鈞,無黨籍及未經政黨推薦,59,
2016年區域立委選舉,2016,臺北市,文山區,樟新里,臺北市第08選區,1,李慶元,無黨籍及未經政黨推薦,1055,
2016年區域立委選舉,2016,臺北市,文山區,樟新里,臺北市第08選區,2,賴樹聲,無黨籍及未經政黨推薦,14,
2016年區域立委選舉,2016,臺北市,文山區,樟新里,臺北市第08選區,3,苗博雅,綠黨社會民主黨聯盟,411,
2016年區域立委選舉,2016,臺北市,文山區,樟新里,臺北市第08選區,4,賴士葆,中國國民黨,1535,*
2016年區域立委選舉,2016,臺北市,文山區,樟新里,臺北市第08選區,5,陳如聖,台灣工黨,22,
2016年區域立委選舉,2016,臺北市,文山區,樟新里,臺北市第08選區,6,方景鈞,無黨籍及未經政黨推薦,30,
2016年區域立委選舉,2016,臺北市,文山區,樟腳里,臺北市第08選區,1,李慶元,無黨籍及未經政黨推薦,1273,
2016年區域立委選舉,2016,臺北市,文山區,樟腳里,臺北市第08選區,2,賴樹聲,無黨籍及未經政黨推薦,21,
2016年區域立委選舉,2016,臺北市,文山區,樟腳里,臺北市第08選區,3,苗博雅,綠黨社會民主黨聯盟,393,
2016年區域立委選舉,2016,臺北市,文山區,樟腳里,臺北市第08選區,4,賴士葆,中國國民黨,1467,*
2016年區域立委選舉,2016,臺北市,文山區,樟腳里,臺北市第08選區,5,陳如聖,台灣工黨,12,
2016年區域立委選舉,2016,臺北市,文山區,樟腳里,臺北市第08選區,6,方景鈞,無黨籍及未經政黨推薦,13,
2016年區域立委選舉,2016,臺北市,文山區,萬芳里,臺北市第08選區,1,李慶元,無黨籍及未經政黨推薦,1543,
2016年區域立委選舉,2016,臺北市,文山區,萬芳里,臺北市第08選區,2,賴樹聲,無黨籍及未經政黨推薦,37,
2016年區域立委選舉,2016,臺北市,文山區,萬芳里,臺北市第08選區,3,苗博雅,綠黨社會民主黨聯盟,522,
2016年區域立委選舉,2016,臺北市,文山區,萬芳里,臺北市第08選區,4,賴士葆,中國國民黨,2185,*
2016年區域立委選舉,2016,臺北市,文山區,萬芳里,臺北市第08選區,5,陳如聖,台灣工黨,23,
2016年區域立委選舉,2016,臺北市,文山區,萬芳里,臺北市第08選區,6,方景鈞,無黨籍及未經政黨推薦,32,
2016年區域立委選舉,2016,臺北市,文山區,博嘉里,臺北市第08選區,1,李慶元,無黨籍及未經政黨推薦,1303,
2016年區域立委選舉,2016,臺北市,文山區,博嘉里,臺北市第08選區,2,賴樹聲,無黨籍及未經政黨推薦,25,
2016年區域立委選舉,2016,臺北市,文山區,博嘉里,臺北市第08選區,3,苗博雅,綠黨社會民主黨聯盟,364,
2016年區域立委選舉,2016,臺北市,文山區,博嘉里,臺北市第08選區,4,賴士葆,中國國民黨,1394,*
2016年區域立委選舉,2016,臺北市,文山區,博嘉里,臺北市第08選區,5,陳如聖,台灣工黨,19,
2016年區域立委選舉,2016,臺北市,文山區,博嘉里,臺北市第08選區,6,方景鈞,無黨籍及未經政黨推薦,14,
2016年區域立委選舉,2016,臺北市,文山區,萬興里,臺北市第08選區,1,李慶元,無黨籍及未經政黨推薦,1943,
2016年區域立委選舉,2016,臺北市,文山區,萬興里,臺北市第08選區,2,賴樹聲,無黨籍及未經政黨推薦,23,
2016年區域立委選舉,2016,臺北市,文山區,萬興里,臺北市第08選區,3,苗博雅,綠黨社會民主黨聯盟,634,
2016年區域立委選舉,2016,臺北市,文山區,萬興里,臺北市第08選區,4,賴士葆,中國國民黨,1986,*
2016年區域立委選舉,2016,臺北市,文山區,萬興里,臺北市第08選區,5,陳如聖,台灣工黨,16,
2016年區域立委選舉,2016,臺北市,文山區,萬興里,臺北市第08選區,6,方景鈞,無黨籍及未經政黨推薦,24,
2016年區域立委選舉,2016,臺北市,文山區,指南里,臺北市第08選區,1,李慶元,無黨籍及未經政黨推薦,1086,
2016年區域立委選舉,2016,臺北市,文山區,指南里,臺北市第08選區,2,賴樹聲,無黨籍及未經政黨推薦,12,
2016年區域立委選舉,2016,臺北市,文山區,指南里,臺北市第08選區,3,苗博雅,綠黨社會民主黨聯盟,251,
2016年區域立委選舉,2016,臺北市,文山區,指南里,臺北市第08選區,4,賴士葆,中國國民黨,739,*
2016年區域立委選舉,2016,臺北市,文山區,指南里,臺北市第08選區,5,陳如聖,台灣工黨,10,
2016年區域立委選舉,2016,臺北市,文山區,指南里,臺北市第08選區,6,方景鈞,無黨籍及未經政黨推薦,16,
2016年區域立委選舉,2016,臺北市,文山區,老泉里,臺北市第08選區,1,李慶元,無黨籍及未經政黨推薦,337,
2016年區域立委選舉,2016,臺北市,文山區,老泉里,臺北市第08選區,2,賴樹聲,無黨籍及未經政黨推薦,5,
2016年區域立委選舉,2016,臺北市,文山區,老泉里,臺北市第08選區,3,苗博雅,綠黨社會民主黨聯盟,40,
2016年區域立委選舉,2016,臺北市,文山區,老泉里,臺北市第08選區,4,賴士葆,中國國民黨,117,*
2016年區域立委選舉,2016,臺北市,文山區,老泉里,臺北市第08選區,5,陳如聖,台灣工黨,0,
2016年區域立委選舉,2016,臺北市,文山區,老泉里,臺北市第08選區,6,方景鈞,無黨籍及未經政黨推薦,4,
2016年區域立委選舉,2016,臺北市,文山區,忠順里,臺北市第08選區,1,李慶元,無黨籍及未經政黨推薦,725,
2016年區域立委選舉,2016,臺北市,文山區,忠順里,臺北市第08選區,2,賴樹聲,無黨籍及未經政黨推薦,17,
2016年區域立委選舉,2016,臺北市,文山區,忠順里,臺北市第08選區,3,苗博雅,綠黨社會民主黨聯盟,273,
2016年區域立委選舉,2016,臺北市,文山區,忠順里,臺北市第08選區,4,賴士葆,中國國民黨,1285,*
2016年區域立委選舉,2016,臺北市,文山區,忠順里,臺北市第08選區,5,陳如聖,台灣工黨,16,
2016年區域立委選舉,2016,臺北市,文山區,忠順里,臺北市第08選區,6,方景鈞,無黨籍及未經政黨推薦,14,
2016年區域立委選舉,2016,臺北市,文山區,萬美里,臺北市第08選區,1,李慶元,無黨籍及未經政黨推薦,1338,
2016年區域立委選舉,2016,臺北市,文山區,萬美里,臺北市第08選區,2,賴樹聲,無黨籍及未經政黨推薦,19,
2016年區域立委選舉,2016,臺北市,文山區,萬美里,臺北市第08選區,3,苗博雅,綠黨社會民主黨聯盟,531,
2016年區域立委選舉,2016,臺北市,文山區,萬美里,臺北市第08選區,4,賴士葆,中國國民黨,1952,*
2016年區域立委選舉,2016,臺北市,文山區,萬美里,臺北市第08選區,5,陳如聖,台灣工黨,17,
2016年區域立委選舉,2016,臺北市,文山區,萬美里,臺北市第08選區,6,方景鈞,無黨籍及未經政黨推薦,37,
2016年區域立委選舉,2016,臺北市,文山區,政大里,臺北市第08選區,1,李慶元,無黨籍及未經政黨推薦,1371,
2016年區域立委選舉,2016,臺北市,文山區,政大里,臺北市第08選區,2,賴樹聲,無黨籍及未經政黨推薦,19,
2016年區域立委選舉,2016,臺北市,文山區,政大里,臺北市第08選區,3,苗博雅,綠黨社會民主黨聯盟,539,
2016年區域立委選舉,2016,臺北市,文山區,政大里,臺北市第08選區,4,賴士葆,中國國民黨,1827,*
2016年區域立委選舉,2016,臺北市,文山區,政大里,臺北市第08選區,5,陳如聖,台灣工黨,15,
2016年區域立委選舉,2016,臺北市,文山區,政大里,臺北市第08選區,6,方景鈞,無黨籍及未經政黨推薦,26,
2016年區域立委選舉,2016,臺北市,文山區,樟文里,臺北市第08選區,1,李慶元,無黨籍及未經政黨推薦,1363,
2016年區域立委選舉,2016,臺北市,文山區,樟文里,臺北市第08選區,2,賴樹聲,無黨籍及未經政黨推薦,20,
2016年區域立委選舉,2016,臺北市,文山區,樟文里,臺北市第08選區,3,苗博雅,綠黨社會民主黨聯盟,425,
2016年區域立委選舉,2016,臺北市,文山區,樟文里,臺北市第08選區,4,賴士葆,中國國民黨,1619,*
2016年區域立委選舉,2016,臺北市,文山區,樟文里,臺北市第08選區,5,陳如聖,台灣工黨,24,
2016年區域立委選舉,2016,臺北市,文山區,樟文里,臺北市第08選區,6,方景鈞,無黨籍及未經政黨推薦,27,
2016年區域立委選舉,2016,臺北市,文山區,興邦里,臺北市第08選區,1,李慶元,無黨籍及未經政黨推薦,797,
2016年區域立委選舉,2016,臺北市,文山區,興邦里,臺北市第08選區,2,賴樹聲,無黨籍及未經政黨推薦,11,
2016年區域立委選舉,2016,臺北市,文山區,興邦里,臺北市第08選區,3,苗博雅,綠黨社會民主黨聯盟,310,
2016年區域立委選舉,2016,臺北市,文山區,興邦里,臺北市第08選區,4,賴士葆,中國國民黨,1589,*
2016年區域立委選舉,2016,臺北市,文山區,興邦里,臺北市第08選區,5,陳如聖,台灣工黨,17,
2016年區域立委選舉,2016,臺北市,文山區,興邦里,臺北市第08選區,6,方景鈞,無黨籍及未經政黨推薦,21,
2016年區域立委選舉,2016,臺北市,文山區,樟樹里,臺北市第08選區,1,李慶元,無黨籍及未經政黨推薦,1049,
2016年區域立委選舉,2016,臺北市,文山區,樟樹里,臺北市第08選區,2,賴樹聲,無黨籍及未經政黨推薦,13,
2016年區域立委選舉,2016,臺北市,文山區,樟樹里,臺北市第08選區,3,苗博雅,綠黨社會民主黨聯盟,338,
2016年區域立委選舉,2016,臺北市,文山區,樟樹里,臺北市第08選區,4,賴士葆,中國國民黨,1297,*
2016年區域立委選舉,2016,臺北市,文山區,樟樹里,臺北市第08選區,5,陳如聖,台灣工黨,18,
2016年區域立委選舉,2016,臺北市,文山區,樟樹里,臺北市第08選區,6,方景鈞,無黨籍及未經政黨推薦,16,
2016年區域立委選舉,2016,臺北市,南港區,南港里,臺北市第04選區,1,何偉,無黨籍及未經政黨推薦,26,
2016年區域立委選舉,2016,臺北市,南港區,南港里,臺北市第04選區,2,陳尚志,綠黨社會民主黨聯盟,133,
2016年區域立委選舉,2016,臺北市,南港區,南港里,臺北市第04選區,3,黃珊珊,親民黨,1214,
2016年區域立委選舉,2016,臺北市,南港區,南港里,臺北市第04選區,4,李岳峰,和平鴿聯盟黨,4,
2016年區域立委選舉,2016,臺北市,南港區,南港里,臺北市第04選區,5,陳兆銘,台灣獨立黨,11,
2016年區域立委選舉,2016,臺北市,南港區,南港里,臺北市第04選區,6,李彥秀,中國國民黨,1454,*
2016年區域立委選舉,2016,臺北市,南港區,南港里,臺北市第04選區,7,蕭亞譚,台灣團結聯盟,195,
2016年區域立委選舉,2016,臺北市,南港區,南港里,臺北市第04選區,8,林少馳,時代力量,203,
2016年區域立委選舉,2016,臺北市,南港區,中南里,臺北市第04選區,1,何偉,無黨籍及未經政黨推薦,31,
2016年區域立委選舉,2016,臺北市,南港區,中南里,臺北市第04選區,2,陳尚志,綠黨社會民主黨聯盟,77,
2016年區域立委選舉,2016,臺北市,南港區,中南里,臺北市第04選區,3,黃珊珊,親民黨,788,
2016年區域立委選舉,2016,臺北市,南港區,中南里,臺北市第04選區,4,李岳峰,和平鴿聯盟黨,5,
2016年區域立委選舉,2016,臺北市,南港區,中南里,臺北市第04選區,5,陳兆銘,台灣獨立黨,6,
2016年區域立委選舉,2016,臺北市,南港區,中南里,臺北市第04選區,6,李彥秀,中國國民黨,955,*
2016年區域立委選舉,2016,臺北市,南港區,中南里,臺北市第04選區,7,蕭亞譚,台灣團結聯盟,114,
2016年區域立委選舉,2016,臺北市,南港區,中南里,臺北市第04選區,8,林少馳,時代力量,114,
2016年區域立委選舉,2016,臺北市,南港區,新富里,臺北市第04選區,1,何偉,無黨籍及未經政黨推薦,19,
2016年區域立委選舉,2016,臺北市,南港區,新富里,臺北市第04選區,2,陳尚志,綠黨社會民主黨聯盟,96,
2016年區域立委選舉,2016,臺北市,南港區,新富里,臺北市第04選區,3,黃珊珊,親民黨,848,
2016年區域立委選舉,2016,臺北市,南港區,新富里,臺北市第04選區,4,李岳峰,和平鴿聯盟黨,2,
2016年區域立委選舉,2016,臺北市,南港區,新富里,臺北市第04選區,5,陳兆銘,台灣獨立黨,8,
2016年區域立委選舉,2016,臺北市,南港區,新富里,臺北市第04選區,6,李彥秀,中國國民黨,1027,*
2016年區域立委選舉,2016,臺北市,南港區,新富里,臺北市第04選區,7,蕭亞譚,台灣團結聯盟,120,
2016年區域立委選舉,2016,臺北市,南港區,新富里,臺北市第04選區,8,林少馳,時代力量,139,
2016年區域立委選舉,2016,臺北市,南港區,三重里,臺北市第04選區,1,何偉,無黨籍及未經政黨推薦,24,
2016年區域立委選舉,2016,臺北市,南港區,三重里,臺北市第04選區,2,陳尚志,綠黨社會民主黨聯盟,150,
2016年區域立委選舉,2016,臺北市,南港區,三重里,臺北市第04選區,3,黃珊珊,親民黨,1374,
2016年區域立委選舉,2016,臺北市,南港區,三重里,臺北市第04選區,4,李岳峰,和平鴿聯盟黨,3,
2016年區域立委選舉,2016,臺北市,南港區,三重里,臺北市第04選區,5,陳兆銘,台灣獨立黨,3,
2016年區域立委選舉,2016,臺北市,南港區,三重里,臺北市第04選區,6,李彥秀,中國國民黨,1460,*
2016年區域立委選舉,2016,臺北市,南港區,三重里,臺北市第04選區,7,蕭亞譚,台灣團結聯盟,214,
2016年區域立委選舉,2016,臺北市,南港區,三重里,臺北市第04選區,8,林少馳,時代力量,180,
2016年區域立委選舉,2016,臺北市,南港區,東新里,臺北市第04選區,1,何偉,無黨籍及未經政黨推薦,39,
2016年區域立委選舉,2016,臺北市,南港區,東新里,臺北市第04選區,2,陳尚志,綠黨社會民主黨聯盟,198,
2016年區域立委選舉,2016,臺北市,南港區,東新里,臺北市第04選區,3,黃珊珊,親民黨,1481,
2016年區域立委選舉,2016,臺北市,南港區,東新里,臺北市第04選區,4,李岳峰,和平鴿聯盟黨,6,
2016年區域立委選舉,2016,臺北市,南港區,東新里,臺北市第04選區,5,陳兆銘,台灣獨立黨,12,
2016年區域立委選舉,2016,臺北市,南港區,東新里,臺北市第04選區,6,李彥秀,中國國民黨,1780,*
2016年區域立委選舉,2016,臺北市,南港區,東新里,臺北市第04選區,7,蕭亞譚,台灣團結聯盟,237,
2016年區域立委選舉,2016,臺北市,南港區,東新里,臺北市第04選區,8,林少馳,時代力量,245,
2016年區域立委選舉,2016,臺北市,南港區,新光里,臺北市第04選區,1,何偉,無黨籍及未經政黨推薦,21,
2016年區域立委選舉,2016,臺北市,南港區,新光里,臺北市第04選區,2,陳尚志,綠黨社會民主黨聯盟,112,
2016年區域立委選舉,2016,臺北市,南港區,新光里,臺北市第04選區,3,黃珊珊,親民黨,735,
2016年區域立委選舉,2016,臺北市,南港區,新光里,臺北市第04選區,4,李岳峰,和平鴿聯盟黨,1,
2016年區域立委選舉,2016,臺北市,南港區,新光里,臺北市第04選區,5,陳兆銘,台灣獨立黨,5,
2016年區域立委選舉,2016,臺北市,南港區,新光里,臺北市第04選區,6,李彥秀,中國國民黨,1116,*
2016年區域立委選舉,2016,臺北市,南港區,新光里,臺北市第04選區,7,蕭亞譚,台灣團結聯盟,126,
2016年區域立委選舉,2016,臺北市,南港區,新光里,臺北市第04選區,8,林少馳,時代力量,113,
2016年區域立委選舉,2016,臺北市,南港區,東明里,臺北市第04選區,1,何偉,無黨籍及未經政黨推薦,16,
2016年區域立委選舉,2016,臺北市,南港區,東明里,臺北市第04選區,2,陳尚志,綠黨社會民主黨聯盟,131,
2016年區域立委選舉,2016,臺北市,南港區,東明里,臺北市第04選區,3,黃珊珊,親民黨,912,
2016年區域立委選舉,2016,臺北市,南港區,東明里,臺北市第04選區,4,李岳峰,和平鴿聯盟黨,3,
2016年區域立委選舉,2016,臺北市,南港區,東明里,臺北市第04選區,5,陳兆銘,台灣獨立黨,3,
2016年區域立委選舉,2016,臺北市,南港區,東明里,臺北市第04選區,6,李彥秀,中國國民黨,1299,*
2016年區域立委選舉,2016,臺北市,南港區,東明里,臺北市第04選區,7,蕭亞譚,台灣團結聯盟,161,
2016年區域立委選舉,2016,臺北市,南港區,東明里,臺北市第04選區,8,林少馳,時代力量,142,
2016年區域立委選舉,2016,臺北市,南港區,西新里,臺北市第04選區,1,何偉,無黨籍及未經政黨推薦,34,
2016年區域立委選舉,2016,臺北市,南港區,西新里,臺北市第04選區,2,陳尚志,綠黨社會民主黨聯盟,139,
2016年區域立委選舉,2016,臺北市,南港區,西新里,臺北市第04選區,3,黃珊珊,親民黨,1162,
2016年區域立委選舉,2016,臺北市,南港區,西新里,臺北市第04選區,4,李岳峰,和平鴿聯盟黨,2,
2016年區域立委選舉,2016,臺北市,南港區,西新里,臺北市第04選區,5,陳兆銘,台灣獨立黨,3,
2016年區域立委選舉,2016,臺北市,南港區,西新里,臺北市第04選區,6,李彥秀,中國國民黨,962,*
2016年區域立委選舉,2016,臺北市,南港區,西新里,臺北市第04選區,7,蕭亞譚,台灣團結聯盟,168,
2016年區域立委選舉,2016,臺北市,南港區,西新里,臺北市第04選區,8,林少馳,時代力量,192,
2016年區域立委選舉,2016,臺北市,南港區,玉成里,臺北市第04選區,1,何偉,無黨籍及未經政黨推薦,26,
2016年區域立委選舉,2016,臺北市,南港區,玉成里,臺北市第04選區,2,陳尚志,綠黨社會民主黨聯盟,153,
2016年區域立委選舉,2016,臺北市,南港區,玉成里,臺北市第04選區,3,黃珊珊,親民黨,1083,
2016年區域立委選舉,2016,臺北市,南港區,玉成里,臺北市第04選區,4,李岳峰,和平鴿聯盟黨,6,
2016年區域立委選舉,2016,臺北市,南港區,玉成里,臺北市第04選區,5,陳兆銘,台灣獨立黨,13,
2016年區域立委選舉,2016,臺北市,南港區,玉成里,臺北市第04選區,6,李彥秀,中國國民黨,1157,*
2016年區域立委選舉,2016,臺北市,南港區,玉成里,臺北市第04選區,7,蕭亞譚,台灣團結聯盟,220,
2016年區域立委選舉,2016,臺北市,南港區,玉成里,臺北市第04選區,8,林少馳,時代力量,179,
2016年區域立委選舉,2016,臺北市,南港區,合成里,臺北市第04選區,1,何偉,無黨籍及未經政黨推薦,34,
2016年區域立委選舉,2016,臺北市,南港區,合成里,臺北市第04選區,2,陳尚志,綠黨社會民主黨聯盟,187,
2016年區域立委選舉,2016,臺北市,南港區,合成里,臺北市第04選區,3,黃珊珊,親民黨,1513,
2016年區域立委選舉,2016,臺北市,南港區,合成里,臺北市第04選區,4,李岳峰,和平鴿聯盟黨,5,
2016年區域立委選舉,2016,臺北市,南港區,合成里,臺北市第04選區,5,陳兆銘,台灣獨立黨,12,
2016年區域立委選舉,2016,臺北市,南港區,合成里,臺北市第04選區,6,李彥秀,中國國民黨,1670,*
2016年區域立委選舉,2016,臺北市,南港區,合成里,臺北市第04選區,7,蕭亞譚,台灣團結聯盟,298,
2016年區域立委選舉,2016,臺北市,南港區,合成里,臺北市第04選區,8,林少馳,時代力量,253,
2016年區域立委選舉,2016,臺北市,南港區,成福里,臺北市第04選區,1,何偉,無黨籍及未經政黨推薦,46,
2016年區域立委選舉,2016,臺北市,南港區,成福里,臺北市第04選區,2,陳尚志,綠黨社會民主黨聯盟,183,
2016年區域立委選舉,2016,臺北市,南港區,成福里,臺北市第04選區,3,黃珊珊,親民黨,1624,
2016年區域立委選舉,2016,臺北市,南港區,成福里,臺北市第04選區,4,李岳峰,和平鴿聯盟黨,2,
2016年區域立委選舉,2016,臺北市,南港區,成福里,臺北市第04選區,5,陳兆銘,台灣獨立黨,15,
2016年區域立委選舉,2016,臺北市,南港區,成福里,臺北市第04選區,6,李彥秀,中國國民黨,2114,*
2016年區域立委選舉,2016,臺北市,南港區,成福里,臺北市第04選區,7,蕭亞譚,台灣團結聯盟,241,
2016年區域立委選舉,2016,臺北市,南港區,成福里,臺北市第04選區,8,林少馳,時代力量,230,
2016年區域立委選舉,2016,臺北市,南港區,萬福里,臺北市第04選區,1,何偉,無黨籍及未經政黨推薦,18,
2016年區域立委選舉,2016,臺北市,南港區,萬福里,臺北市第04選區,2,陳尚志,綠黨社會民主黨聯盟,132,
2016年區域立委選舉,2016,臺北市,南港區,萬福里,臺北市第04選區,3,黃珊珊,親民黨,923,
2016年區域立委選舉,2016,臺北市,南港區,萬福里,臺北市第04選區,4,李岳峰,和平鴿聯盟黨,2,
2016年區域立委選舉,2016,臺北市,南港區,萬福里,臺北市第04選區,5,陳兆銘,台灣獨立黨,5,
2016年區域立委選舉,2016,臺北市,南港區,萬福里,臺北市第04選區,6,李彥秀,中國國民黨,1199,*
2016年區域立委選舉,2016,臺北市,南港區,萬福里,臺北市第04選區,7,蕭亞譚,台灣團結聯盟,148,
2016年區域立委選舉,2016,臺北市,南港區,萬福里,臺北市第04選區,8,林少馳,時代力量,146,
2016年區域立委選舉,2016,臺北市,南港區,鴻福里,臺北市第04選區,1,何偉,無黨籍及未經政黨推薦,29,
2016年區域立委選舉,2016,臺北市,南港區,鴻福里,臺北市第04選區,2,陳尚志,綠黨社會民主黨聯盟,133,
2016年區域立委選舉,2016,臺北市,南港區,鴻福里,臺北市第04選區,3,黃珊珊,親民黨,991,
2016年區域立委選舉,2016,臺北市,南港區,鴻福里,臺北市第04選區,4,李岳峰,和平鴿聯盟黨,1,
2016年區域立委選舉,2016,臺北市,南港區,鴻福里,臺北市第04選區,5,陳兆銘,台灣獨立黨,12,
2016年區域立委選舉,2016,臺北市,南港區,鴻福里,臺北市第04選區,6,李彥秀,中國國民黨,1224,*
2016年區域立委選舉,2016,臺北市,南港區,鴻福里,臺北市第04選區,7,蕭亞譚,台灣團結聯盟,179,
2016年區域立委選舉,2016,臺北市,南港區,鴻福里,臺北市第04選區,8,林少馳,時代力量,166,
2016年區域立委選舉,2016,臺北市,南港區,百福里,臺北市第04選區,1,何偉,無黨籍及未經政黨推薦,29,
2016年區域立委選舉,2016,臺北市,南港區,百福里,臺北市第04選區,2,陳尚志,綠黨社會民主黨聯盟,138,
2016年區域立委選舉,2016,臺北市,南港區,百福里,臺北市第04選區,3,黃珊珊,親民黨,1070,
2016年區域立委選舉,2016,臺北市,南港區,百福里,臺北市第04選區,4,李岳峰,和平鴿聯盟黨,7,
2016年區域立委選舉,2016,臺北市,南港區,百福里,臺北市第04選區,5,陳兆銘,台灣獨立黨,13,
2016年區域立委選舉,2016,臺北市,南港區,百福里,臺北市第04選區,6,李彥秀,中國國民黨,1409,*
2016年區域立委選舉,2016,臺北市,南港區,百福里,臺北市第04選區,7,蕭亞譚,台灣團結聯盟,183,
2016年區域立委選舉,2016,臺北市,南港區,百福里,臺北市第04選區,8,林少馳,時代力量,193,
2016年區域立委選舉,2016,臺北市,南港區,聯成里,臺北市第04選區,1,何偉,無黨籍及未經政黨推薦,17,
2016年區域立委選舉,2016,臺北市,南港區,聯成里,臺北市第04選區,2,陳尚志,綠黨社會民主黨聯盟,130,
2016年區域立委選舉,2016,臺北市,南港區,聯成里,臺北市第04選區,3,黃珊珊,親民黨,1143,
2016年區域立委選舉,2016,臺北市,南港區,聯成里,臺北市第04選區,4,李岳峰,和平鴿聯盟黨,3,
2016年區域立委選舉,2016,臺北市,南港區,聯成里,臺北市第04選區,5,陳兆銘,台灣獨立黨,10,
2016年區域立委選舉,2016,臺北市,南港區,聯成里,臺北市第04選區,6,李彥秀,中國國民黨,1367,*
2016年區域立委選舉,2016,臺北市,南港區,聯成里,臺北市第04選區,7,蕭亞譚,台灣團結聯盟,131,
2016年區域立委選舉,2016,臺北市,南港區,聯成里,臺北市第04選區,8,林少馳,時代力量,160,
2016年區域立委選舉,2016,臺北市,南港區,舊莊里,臺北市第04選區,1,何偉,無黨籍及未經政黨推薦,56,
2016年區域立委選舉,2016,臺北市,南港區,舊莊里,臺北市第04選區,2,陳尚志,綠黨社會民主黨聯盟,230,
2016年區域立委選舉,2016,臺北市,南港區,舊莊里,臺北市第04選區,3,黃珊珊,親民黨,1733,
2016年區域立委選舉,2016,臺北市,南港區,舊莊里,臺北市第04選區,4,李岳峰,和平鴿聯盟黨,3,
2016年區域立委選舉,2016,臺北市,南港區,舊莊里,臺北市第04選區,5,陳兆銘,台灣獨立黨,20,
2016年區域立委選舉,2016,臺北市,南港區,舊莊里,臺北市第04選區,6,李彥秀,中國國民黨,2307,*
2016年區域立委選舉,2016,臺北市,南港區,舊莊里,臺北市第04選區,7,蕭亞譚,台灣團結聯盟,265,
2016年區域立委選舉,2016,臺北市,南港區,舊莊里,臺北市第04選區,8,林少馳,時代力量,297,
2016年區域立委選舉,2016,臺北市,南港區,中研里,臺北市第04選區,1,何偉,無黨籍及未經政黨推薦,44,
2016年區域立委選舉,2016,臺北市,南港區,中研里,臺北市第04選區,2,陳尚志,綠黨社會民主黨聯盟,293,
2016年區域立委選舉,2016,臺北市,南港區,中研里,臺北市第04選區,3,黃珊珊,親民黨,1960,
2016年區域立委選舉,2016,臺北市,南港區,中研里,臺北市第04選區,4,李岳峰,和平鴿聯盟黨,8,
2016年區域立委選舉,2016,臺北市,南港區,中研里,臺北市第04選區,5,陳兆銘,台灣獨立黨,18,
2016年區域立委選舉,2016,臺北市,南港區,中研里,臺北市第04選區,6,李彥秀,中國國民黨,2435,*
2016年區域立委選舉,2016,臺北市,南港區,中研里,臺北市第04選區,7,蕭亞譚,台灣團結聯盟,255,
2016年區域立委選舉,2016,臺北市,南港區,中研里,臺北市第04選區,8,林少馳,時代力量,311,
2016年區域立委選舉,2016,臺北市,南港區,九如里,臺北市第04選區,1,何偉,無黨籍及未經政黨推薦,22,
2016年區域立委選舉,2016,臺北市,南港區,九如里,臺北市第04選區,2,陳尚志,綠黨社會民主黨聯盟,141,
2016年區域立委選舉,2016,臺北市,南港區,九如里,臺北市第04選區,3,黃珊珊,親民黨,1138,
2016年區域立委選舉,2016,臺北市,南港區,九如里,臺北市第04選區,4,李岳峰,和平鴿聯盟黨,2,
2016年區域立委選舉,2016,臺北市,南港區,九如里,臺北市第04選區,5,陳兆銘,台灣獨立黨,4,
2016年區域立委選舉,2016,臺北市,南港區,九如里,臺北市第04選區,6,李彥秀,中國國民黨,1894,*
2016年區域立委選舉,2016,臺北市,南港區,九如里,臺北市第04選區,7,蕭亞譚,台灣團結聯盟,153,
2016年區域立委選舉,2016,臺北市,南港區,九如里,臺北市第04選區,8,林少馳,時代力量,197,
2016年區域立委選舉,2016,臺北市,南港區,仁福里,臺北市第04選區,1,何偉,無黨籍及未經政黨推薦,27,
2016年區域立委選舉,2016,臺北市,南港區,仁福里,臺北市第04選區,2,陳尚志,綠黨社會民主黨聯盟,112,
2016年區域立委選舉,2016,臺北市,南港區,仁福里,臺北市第04選區,3,黃珊珊,親民黨,1140,
2016年區域立委選舉,2016,臺北市,南港區,仁福里,臺北市第04選區,4,李岳峰,和平鴿聯盟黨,5,
2016年區域立委選舉,2016,臺北市,南港區,仁福里,臺北市第04選區,5,陳兆銘,台灣獨立黨,9,
2016年區域立委選舉,2016,臺北市,南港區,仁福里,臺北市第04選區,6,李彥秀,中國國民黨,1546,*
2016年區域立委選舉,2016,臺北市,南港區,仁福里,臺北市第04選區,7,蕭亞譚,台灣團結聯盟,133,
2016年區域立委選舉,2016,臺北市,南港區,仁福里,臺北市第04選區,8,林少馳,時代力量,165,
2016年區域立委選舉,2016,臺北市,南港區,重陽里,臺北市第04選區,1,何偉,無黨籍及未經政黨推薦,19,
2016年區域立委選舉,2016,臺北市,南港區,重陽里,臺北市第04選區,2,陳尚志,綠黨社會民主黨聯盟,120,
2016年區域立委選舉,2016,臺北市,南港區,重陽里,臺北市第04選區,3,黃珊珊,親民黨,1016,
2016年區域立委選舉,2016,臺北市,南港區,重陽里,臺北市第04選區,4,李岳峰,和平鴿聯盟黨,3,
2016年區域立委選舉,2016,臺北市,南港區,重陽里,臺北市第04選區,5,陳兆銘,台灣獨立黨,6,
2016年區域立委選舉,2016,臺北市,南港區,重陽里,臺北市第04選區,6,李彥秀,中國國民黨,1303,*
2016年區域立委選舉,2016,臺北市,南港區,重陽里,臺北市第04選區,7,蕭亞譚,台灣團結聯盟,150,
2016年區域立委選舉,2016,臺北市,南港區,重陽里,臺北市第04選區,8,林少馳,時代力量,185,
2016年區域立委選舉,2016,臺北市,內湖區,西湖里,臺北市第04選區,1,何偉,無黨籍及未經政黨推薦,39,
2016年區域立委選舉,2016,臺北市,內湖區,西湖里,臺北市第04選區,2,陳尚志,綠黨社會民主黨聯盟,250,
2016年區域立委選舉,2016,臺北市,內湖區,西湖里,臺北市第04選區,3,黃珊珊,親民黨,1872,
2016年區域立委選舉,2016,臺北市,內湖區,西湖里,臺北市第04選區,4,李岳峰,和平鴿聯盟黨,11,
2016年區域立委選舉,2016,臺北市,內湖區,西湖里,臺北市第04選區,5,陳兆銘,台灣獨立黨,10,
2016年區域立委選舉,2016,臺北市,內湖區,西湖里,臺北市第04選區,6,李彥秀,中國國民黨,1568,*
2016年區域立委選舉,2016,臺北市,內湖區,西湖里,臺北市第04選區,7,蕭亞譚,台灣團結聯盟,306,
2016年區域立委選舉,2016,臺北市,內湖區,西湖里,臺北市第04選區,8,林少馳,時代力量,280,
2016年區域立委選舉,2016,臺北市,內湖區,西康里,臺北市第04選區,1,何偉,無黨籍及未經政黨推薦,65,
2016年區域立委選舉,2016,臺北市,內湖區,西康里,臺北市第04選區,2,陳尚志,綠黨社會民主黨聯盟,271,
2016年區域立委選舉,2016,臺北市,內湖區,西康里,臺北市第04選區,3,黃珊珊,親民黨,2043,
2016年區域立委選舉,2016,臺北市,內湖區,西康里,臺北市第04選區,4,李岳峰,和平鴿聯盟黨,6,
2016年區域立委選舉,2016,臺北市,內湖區,西康里,臺北市第04選區,5,陳兆銘,台灣獨立黨,19,
2016年區域立委選舉,2016,臺北市,內湖區,西康里,臺北市第04選區,6,李彥秀,中國國民黨,2265,*
2016年區域立委選舉,2016,臺北市,內湖區,西康里,臺北市第04選區,7,蕭亞譚,台灣團結聯盟,327,
2016年區域立委選舉,2016,臺北市,內湖區,西康里,臺北市第04選區,8,林少馳,時代力量,327,
2016年區域立委選舉,2016,臺北市,內湖區,西安里,臺北市第04選區,1,何偉,無黨籍及未經政黨推薦,39,
2016年區域立委選舉,2016,臺北市,內湖區,西安里,臺北市第04選區,2,陳尚志,綠黨社會民主黨聯盟,207,
2016年區域立委選舉,2016,臺北市,內湖區,西安里,臺北市第04選區,3,黃珊珊,親民黨,1506,
2016年區域立委選舉,2016,臺北市,內湖區,西安里,臺北市第04選區,4,李岳峰,和平鴿聯盟黨,5,
2016年區域立委選舉,2016,臺北市,內湖區,西安里,臺北市第04選區,5,陳兆銘,台灣獨立黨,14,
2016年區域立委選舉,2016,臺北市,內湖區,西安里,臺北市第04選區,6,李彥秀,中國國民黨,1666,*
2016年區域立委選舉,2016,臺北市,內湖區,西安里,臺北市第04選區,7,蕭亞譚,台灣團結聯盟,241,
2016年區域立委選舉,2016,臺北市,內湖區,西安里,臺北市第04選區,8,林少馳,時代力量,265,
2016年區域立委選舉,2016,臺北市,內湖區,港墘里,臺北市第04選區,1,何偉,無黨籍及未經政黨推薦,30,
2016年區域立委選舉,2016,臺北市,內湖區,港墘里,臺北市第04選區,2,陳尚志,綠黨社會民主黨聯盟,178,
2016年區域立委選舉,2016,臺北市,內湖區,港墘里,臺北市第04選區,3,黃珊珊,親民黨,1465,
2016年區域立委選舉,2016,臺北市,內湖區,港墘里,臺北市第04選區,4,李岳峰,和平鴿聯盟黨,6,
2016年區域立委選舉,2016,臺北市,內湖區,港墘里,臺北市第04選區,5,陳兆銘,台灣獨立黨,13,
2016年區域立委選舉,2016,臺北市,內湖區,港墘里,臺北市第04選區,6,李彥秀,中國國民黨,1300,*
2016年區域立委選舉,2016,臺北市,內湖區,港墘里,臺北市第04選區,7,蕭亞譚,台灣團結聯盟,244,
2016年區域立委選舉,2016,臺北市,內湖區,港墘里,臺北市第04選區,8,林少馳,時代力量,192,
2016年區域立委選舉,2016,臺北市,內湖區,港都里,臺北市第04選區,1,何偉,無黨籍及未經政黨推薦,34,
2016年區域立委選舉,2016,臺北市,內湖區,港都里,臺北市第04選區,2,陳尚志,綠黨社會民主黨聯盟,171,
2016年區域立委選舉,2016,臺北市,內湖區,港都里,臺北市第04選區,3,黃珊珊,親民黨,1319,
2016年區域立委選舉,2016,臺北市,內湖區,港都里,臺北市第04選區,4,李岳峰,和平鴿聯盟黨,5,
2016年區域立委選舉,2016,臺北市,內湖區,港都里,臺北市第04選區,5,陳兆銘,台灣獨立黨,11,
2016年區域立委選舉,2016,臺北市,內湖區,港都里,臺北市第04選區,6,李彥秀,中國國民黨,1163,*
2016年區域立委選舉,2016,臺北市,內湖區,港都里,臺北市第04選區,7,蕭亞譚,台灣團結聯盟,301,
2016年區域立委選舉,2016,臺北市,內湖區,港都里,臺北市第04選區,8,林少馳,時代力量,189,
2016年區域立委選舉,2016,臺北市,內湖區,港富里,臺北市第04選區,1,何偉,無黨籍及未經政黨推薦,41,
2016年區域立委選舉,2016,臺北市,內湖區,港富里,臺北市第04選區,2,陳尚志,綠黨社會民主黨聯盟,255,
2016年區域立委選舉,2016,臺北市,內湖區,港富里,臺北市第04選區,3,黃珊珊,親民黨,2412,
2016年區域立委選舉,2016,臺北市,內湖區,港富里,臺北市第04選區,4,李岳峰,和平鴿聯盟黨,18,
2016年區域立委選舉,2016,臺北市,內湖區,港富里,臺北市第04選區,5,陳兆銘,台灣獨立黨,14,
2016年區域立委選舉,2016,臺北市,內湖區,港富里,臺北市第04選區,6,李彥秀,中國國民黨,2040,*
2016年區域立委選舉,2016,臺北市,內湖區,港富里,臺北市第04選區,7,蕭亞譚,台灣團結聯盟,386,
2016年區域立委選舉,2016,臺北市,內湖區,港富里,臺北市第04選區,8,林少馳,時代力量,272,
2016年區域立委選舉,2016,臺北市,內湖區,港華里,臺北市第04選區,1,何偉,無黨籍及未經政黨推薦,50,
2016年區域立委選舉,2016,臺北市,內湖區,港華里,臺北市第04選區,2,陳尚志,綠黨社會民主黨聯盟,305,
2016年區域立委選舉,2016,臺北市,內湖區,港華里,臺北市第04選區,3,黃珊珊,親民黨,2163,
2016年區域立委選舉,2016,臺北市,內湖區,港華里,臺北市第04選區,4,李岳峰,和平鴿聯盟黨,8,
2016年區域立委選舉,2016,臺北市,內湖區,港華里,臺北市第04選區,5,陳兆銘,台灣獨立黨,11,
2016年區域立委選舉,2016,臺北市,內湖區,港華里,臺北市第04選區,6,李彥秀,中國國民黨,1953,*
2016年區域立委選舉,2016,臺北市,內湖區,港華里,臺北市第04選區,7,蕭亞譚,台灣團結聯盟,359,
2016年區域立委選舉,2016,臺北市,內湖區,港華里,臺北市第04選區,8,林少馳,時代力量,305,
2016年區域立委選舉,2016,臺北市,內湖區,內湖里,臺北市第04選區,1,何偉,無黨籍及未經政黨推薦,37,
2016年區域立委選舉,2016,臺北市,內湖區,內湖里,臺北市第04選區,2,陳尚志,綠黨社會民主黨聯盟,137,
2016年區域立委選舉,2016,臺北市,內湖區,內湖里,臺北市第04選區,3,黃珊珊,親民黨,1317,
2016年區域立委選舉,2016,臺北市,內湖區,內湖里,臺北市第04選區,4,李岳峰,和平鴿聯盟黨,4,
2016年區域立委選舉,2016,臺北市,內湖區,內湖里,臺北市第04選區,5,陳兆銘,台灣獨立黨,5,
2016年區域立委選舉,2016,臺北市,內湖區,內湖里,臺北市第04選區,6,李彥秀,中國國民黨,1372,*
2016年區域立委選舉,2016,臺北市,內湖區,內湖里,臺北市第04選區,7,蕭亞譚,台灣團結聯盟,179,
2016年區域立委選舉,2016,臺北市,內湖區,內湖里,臺北市第04選區,8,林少馳,時代力量,178,
2016年區域立委選舉,2016,臺北市,內湖區,湖濱里,臺北市第04選區,1,何偉,無黨籍及未經政黨推薦,33,
2016年區域立委選舉,2016,臺北市,內湖區,湖濱里,臺北市第04選區,2,陳尚志,綠黨社會民主黨聯盟,230,
2016年區域立委選舉,2016,臺北市,內湖區,湖濱里,臺北市第04選區,3,黃珊珊,親民黨,1826,
2016年區域立委選舉,2016,臺北市,內湖區,湖濱里,臺北市第04選區,4,李岳峰,和平鴿聯盟黨,6,
2016年區域立委選舉,2016,臺北市,內湖區,湖濱里,臺北市第04選區,5,陳兆銘,台灣獨立黨,9,
2016年區域立委選舉,2016,臺北市,內湖區,湖濱里,臺北市第04選區,6,李彥秀,中國國民黨,2076,*
2016年區域立委選舉,2016,臺北市,內湖區,湖濱里,臺北市第04選區,7,蕭亞譚,台灣團結聯盟,273,
2016年區域立委選舉,2016,臺北市,內湖區,湖濱里,臺北市第04選區,8,林少馳,時代力量,213,
2016年區域立委選舉,2016,臺北市,內湖區,紫星里,臺北市第04選區,1,何偉,無黨籍及未經政黨推薦,70,
2016年區域立委選舉,2016,臺北市,內湖區,紫星里,臺北市第04選區,2,陳尚志,綠黨社會民主黨聯盟,212,
2016年區域立委選舉,2016,臺北市,內湖區,紫星里,臺北市第04選區,3,黃珊珊,親民黨,2081,
2016年區域立委選舉,2016,臺北市,內湖區,紫星里,臺北市第04選區,4,李岳峰,和平鴿聯盟黨,3,
2016年區域立委選舉,2016,臺北市,內湖區,紫星里,臺北市第04選區,5,陳兆銘,台灣獨立黨,15,
2016年區域立委選舉,2016,臺北市,內湖區,紫星里,臺北市第04選區,6,李彥秀,中國國民黨,1735,*
2016年區域立委選舉,2016,臺北市,內湖區,紫星里,臺北市第04選區,7,蕭亞譚,台灣團結聯盟,329,
2016年區域立委選舉,2016,臺北市,內湖區,紫星里,臺北市第04選區,8,林少馳,時代力量,226,
2016年區域立委選舉,2016,臺北市,內湖區,大湖里,臺北市第04選區,1,何偉,無黨籍及未經政黨推薦,42,
2016年區域立委選舉,2016,臺北市,內湖區,大湖里,臺北市第04選區,2,陳尚志,綠黨社會民主黨聯盟,188,
2016年區域立委選舉,2016,臺北市,內湖區,大湖里,臺北市第04選區,3,黃珊珊,親民黨,1237,
2016年區域立委選舉,2016,臺北市,內湖區,大湖里,臺北市第04選區,4,李岳峰,和平鴿聯盟黨,5,
2016年區域立委選舉,2016,臺北市,內湖區,大湖里,臺北市第04選區,5,陳兆銘,台灣獨立黨,6,
2016年區域立委選舉,2016,臺北市,內湖區,大湖里,臺北市第04選區,6,李彥秀,中國國民黨,1322,*
2016年區域立委選舉,2016,臺北市,內湖區,大湖里,臺北市第04選區,7,蕭亞譚,台灣團結聯盟,176,
2016年區域立委選舉,2016,臺北市,內湖區,大湖里,臺北市第04選區,8,林少馳,時代力量,167,
2016年區域立委選舉,2016,臺北市,內湖區,金龍里,臺北市第04選區,1,何偉,無黨籍及未經政黨推薦,34,
2016年區域立委選舉,2016,臺北市,內湖區,金龍里,臺北市第04選區,2,陳尚志,綠黨社會民主黨聯盟,153,
2016年區域立委選舉,2016,臺北市,內湖區,金龍里,臺北市第04選區,3,黃珊珊,親民黨,1342,
2016年區域立委選舉,2016,臺北市,內湖區,金龍里,臺北市第04選區,4,李岳峰,和平鴿聯盟黨,5,
2016年區域立委選舉,2016,臺北市,內湖區,金龍里,臺北市第04選區,5,陳兆銘,台灣獨立黨,8,
2016年區域立委選舉,2016,臺北市,內湖區,金龍里,臺北市第04選區,6,李彥秀,中國國民黨,1165,*
2016年區域立委選舉,2016,臺北市,內湖區,金龍里,臺北市第04選區,7,蕭亞譚,台灣團結聯盟,203,
2016年區域立委選舉,2016,臺北市,內湖區,金龍里,臺北市第04選區,8,林少馳,時代力量,162,
2016年區域立委選舉,2016,臺北市,內湖區,金瑞里,臺北市第04選區,1,何偉,無黨籍及未經政黨推薦,48,
2016年區域立委選舉,2016,臺北市,內湖區,金瑞里,臺北市第04選區,2,陳尚志,綠黨社會民主黨聯盟,160,
2016年區域立委選舉,2016,臺北市,內湖區,金瑞里,臺北市第04選區,3,黃珊珊,親民黨,1695,
2016年區域立委選舉,2016,臺北市,內湖區,金瑞里,臺北市第04選區,4,李岳峰,和平鴿聯盟黨,0,
2016年區域立委選舉,2016,臺北市,內湖區,金瑞里,臺北市第04選區,5,陳兆銘,台灣獨立黨,10,
2016年區域立委選舉,2016,臺北市,內湖區,金瑞里,臺北市第04選區,6,李彥秀,中國國民黨,1407,*
2016年區域立委選舉,2016,臺北市,內湖區,金瑞里,臺北市第04選區,7,蕭亞譚,台灣團結聯盟,265,
2016年區域立委選舉,2016,臺北市,內湖區,金瑞里,臺北市第04選區,8,林少馳,時代力量,184,
2016年區域立委選舉,2016,臺北市,內湖區,碧山里,臺北市第04選區,1,何偉,無黨籍及未經政黨推薦,53,
2016年區域立委選舉,2016,臺北市,內湖區,碧山里,臺北市第04選區,2,陳尚志,綠黨社會民主黨聯盟,166,
2016年區域立委選舉,2016,臺北市,內湖區,碧山里,臺北市第04選區,3,黃珊珊,親民黨,1660,
2016年區域立委選舉,2016,臺北市,內湖區,碧山里,臺北市第04選區,4,李岳峰,和平鴿聯盟黨,8,
2016年區域立委選舉,2016,臺北市,內湖區,碧山里,臺北市第04選區,5,陳兆銘,台灣獨立黨,12,
2016年區域立委選舉,2016,臺北市,內湖區,碧山里,臺北市第04選區,6,李彥秀,中國國民黨,1520,*
2016年區域立委選舉,2016,臺北市,內湖區,碧山里,臺北市第04選區,7,蕭亞譚,台灣團結聯盟,266,
2016年區域立委選舉,2016,臺北市,內湖區,碧山里,臺北市第04選區,8,林少馳,時代力量,213,
2016年區域立委選舉,2016,臺北市,內湖區,紫雲里,臺北市第04選區,1,何偉,無黨籍及未經政黨推薦,42,
2016年區域立委選舉,2016,臺北市,內湖區,紫雲里,臺北市第04選區,2,陳尚志,綠黨社會民主黨聯盟,133,
2016年區域立委選舉,2016,臺北市,內湖區,紫雲里,臺北市第04選區,3,黃珊珊,親民黨,1214,
2016年區域立委選舉,2016,臺北市,內湖區,紫雲里,臺北市第04選區,4,李岳峰,和平鴿聯盟黨,3,
2016年區域立委選舉,2016,臺北市,內湖區,紫雲里,臺北市第04選區,5,陳兆銘,台灣獨立黨,13,
2016年區域立委選舉,2016,臺北市,內湖區,紫雲里,臺北市第04選區,6,李彥秀,中國國民黨,1555,*
2016年區域立委選舉,2016,臺北市,內湖區,紫雲里,臺北市第04選區,7,蕭亞譚,台灣團結聯盟,198,
2016年區域立委選舉,2016,臺北市,內湖區,紫雲里,臺北市第04選區,8,林少馳,時代力量,151,
2016年區域立委選舉,2016,臺北市,內湖區,清白里,臺北市第04選區,1,何偉,無黨籍及未經政黨推薦,59,
2016年區域立委選舉,2016,臺北市,內湖區,清白里,臺北市第04選區,2,陳尚志,綠黨社會民主黨聯盟,189,
2016年區域立委選舉,2016,臺北市,內湖區,清白里,臺北市第04選區,3,黃珊珊,親民黨,2327,
2016年區域立委選舉,2016,臺北市,內湖區,清白里,臺北市第04選區,4,李岳峰,和平鴿聯盟黨,6,
2016年區域立委選舉,2016,臺北市,內湖區,清白里,臺北市第04選區,5,陳兆銘,台灣獨立黨,11,
2016年區域立委選舉,2016,臺北市,內湖區,清白里,臺北市第04選區,6,李彥秀,中國國民黨,1700,*
2016年區域立委選舉,2016,臺北市,內湖區,清白里,臺北市第04選區,7,蕭亞譚,台灣團結聯盟,246,
2016年區域立委選舉,2016,臺北市,內湖區,清白里,臺北市第04選區,8,林少馳,時代力量,191,
2016年區域立委選舉,2016,臺北市,內湖區,葫洲里,臺北市第04選區,1,何偉,無黨籍及未經政黨推薦,50,
2016年區域立委選舉,2016,臺北市,內湖區,葫洲里,臺北市第04選區,2,陳尚志,綠黨社會民主黨聯盟,190,
2016年區域立委選舉,2016,臺北市,內湖區,葫洲里,臺北市第04選區,3,黃珊珊,親民黨,1428,
2016年區域立委選舉,2016,臺北市,內湖區,葫洲里,臺北市第04選區,4,李岳峰,和平鴿聯盟黨,3,
2016年區域立委選舉,2016,臺北市,內湖區,葫洲里,臺北市第04選區,5,陳兆銘,台灣獨立黨,5,
2016年區域立委選舉,2016,臺北市,內湖區,葫洲里,臺北市第04選區,6,李彥秀,中國國民黨,1620,*
2016年區域立委選舉,2016,臺北市,內湖區,葫洲里,臺北市第04選區,7,蕭亞譚,台灣團結聯盟,215,
2016年區域立委選舉,2016,臺北市,內湖區,葫洲里,臺北市第04選區,8,林少馳,時代力量,222,
2016年區域立委選舉,2016,臺北市,內湖區,紫陽里,臺北市第04選區,1,何偉,無黨籍及未經政黨推薦,67,
2016年區域立委選舉,2016,臺北市,內湖區,紫陽里,臺北市第04選區,2,陳尚志,綠黨社會民主黨聯盟,226,
2016年區域立委選舉,2016,臺北市,內湖區,紫陽里,臺北市第04選區,3,黃珊珊,親民黨,1851,
2016年區域立委選舉,2016,臺北市,內湖區,紫陽里,臺北市第04選區,4,李岳峰,和平鴿聯盟黨,6,
2016年區域立委選舉,2016,臺北市,內湖區,紫陽里,臺北市第04選區,5,陳兆銘,台灣獨立黨,15,
2016年區域立委選舉,2016,臺北市,內湖區,紫陽里,臺北市第04選區,6,李彥秀,中國國民黨,1961,*
2016年區域立委選舉,2016,臺北市,內湖區,紫陽里,臺北市第04選區,7,蕭亞譚,台灣團結聯盟,263,
2016年區域立委選舉,2016,臺北市,內湖區,紫陽里,臺北市第04選區,8,林少馳,時代力量,272,
2016年區域立委選舉,2016,臺北市,內湖區,瑞陽里,臺北市第04選區,1,何偉,無黨籍及未經政黨推薦,69,
2016年區域立委選舉,2016,臺北市,內湖區,瑞陽里,臺北市第04選區,2,陳尚志,綠黨社會民主黨聯盟,249,
2016年區域立委選舉,2016,臺北市,內湖區,瑞陽里,臺北市第04選區,3,黃珊珊,親民黨,1651,
2016年區域立委選舉,2016,臺北市,內湖區,瑞陽里,臺北市第04選區,4,李岳峰,和平鴿聯盟黨,5,
2016年區域立委選舉,2016,臺北市,內湖區,瑞陽里,臺北市第04選區,5,陳兆銘,台灣獨立黨,12,
2016年區域立委選舉,2016,臺北市,內湖區,瑞陽里,臺北市第04選區,6,李彥秀,中國國民黨,2227,*
2016年區域立委選舉,2016,臺北市,內湖區,瑞陽里,臺北市第04選區,7,蕭亞譚,台灣團結聯盟,214,
2016年區域立委選舉,2016,臺北市,內湖區,瑞陽里,臺北市第04選區,8,林少馳,時代力量,236,
2016年區域立委選舉,2016,臺北市,內湖區,瑞光里,臺北市第04選區,1,何偉,無黨籍及未經政黨推薦,33,
2016年區域立委選舉,2016,臺北市,內湖區,瑞光里,臺北市第04選區,2,陳尚志,綠黨社會民主黨聯盟,125,
2016年區域立委選舉,2016,臺北市,內湖區,瑞光里,臺北市第04選區,3,黃珊珊,親民黨,1127,
2016年區域立委選舉,2016,臺北市,內湖區,瑞光里,臺北市第04選區,4,李岳峰,和平鴿聯盟黨,3,
2016年區域立委選舉,2016,臺北市,內湖區,瑞光里,臺北市第04選區,5,陳兆銘,台灣獨立黨,5,
2016年區域立委選舉,2016,臺北市,內湖區,瑞光里,臺北市第04選區,6,李彥秀,中國國民黨,1268,*
2016年區域立委選舉,2016,臺北市,內湖區,瑞光里,臺北市第04選區,7,蕭亞譚,台灣團結聯盟,108,
2016年區域立委選舉,2016,臺北市,內湖區,瑞光里,臺北市第04選區,8,林少馳,時代力量,133,
2016年區域立委選舉,2016,臺北市,內湖區,五分里,臺北市第04選區,1,何偉,無黨籍及未經政黨推薦,100,
2016年區域立委選舉,2016,臺北市,內湖區,五分里,臺北市第04選區,2,陳尚志,綠黨社會民主黨聯盟,279,
2016年區域立委選舉,2016,臺北市,內湖區,五分里,臺北市第04選區,3,黃珊珊,親民黨,2189,
2016年區域立委選舉,2016,臺北市,內湖區,五分里,臺北市第04選區,4,李岳峰,和平鴿聯盟黨,4,
2016年區域立委選舉,2016,臺北市,內湖區,五分里,臺北市第04選區,5,陳兆銘,台灣獨立黨,10,
2016年區域立委選舉,2016,臺北市,內湖區,五分里,臺北市第04選區,6,李彥秀,中國國民黨,2022,*
2016年區域立委選舉,2016,臺北市,內湖區,五分里,臺北市第04選區,7,蕭亞譚,台灣團結聯盟,409,
2016年區域立委選舉,2016,臺北市,內湖區,五分里,臺北市第04選區,8,林少馳,時代力量,363,
2016年區域立委選舉,2016,臺北市,內湖區,東湖里,臺北市第04選區,1,何偉,無黨籍及未經政黨推薦,73,
2016年區域立委選舉,2016,臺北市,內湖區,東湖里,臺北市第04選區,2,陳尚志,綠黨社會民主黨聯盟,214,
2016年區域立委選舉,2016,臺北市,內湖區,東湖里,臺北市第04選區,3,黃珊珊,親民黨,2016,
2016年區域立委選舉,2016,臺北市,內湖區,東湖里,臺北市第04選區,4,李岳峰,和平鴿聯盟黨,4,
2016年區域立委選舉,2016,臺北市,內湖區,東湖里,臺北市第04選區,5,陳兆銘,台灣獨立黨,6,
2016年區域立委選舉,2016,臺北市,內湖區,東湖里,臺北市第04選區,6,李彥秀,中國國民黨,1558,*
2016年區域立委選舉,2016,臺北市,內湖區,東湖里,臺北市第04選區,7,蕭亞譚,台灣團結聯盟,337,
2016年區域立委選舉,2016,臺北市,內湖區,東湖里,臺北市第04選區,8,林少馳,時代力量,292,
2016年區域立委選舉,2016,臺北市,內湖區,樂康里,臺北市第04選區,1,何偉,無黨籍及未經政黨推薦,103,
2016年區域立委選舉,2016,臺北市,內湖區,樂康里,臺北市第04選區,2,陳尚志,綠黨社會民主黨聯盟,207,
2016年區域立委選舉,2016,臺北市,內湖區,樂康里,臺北市第04選區,3,黃珊珊,親民黨,1925,
2016年區域立委選舉,2016,臺北市,內湖區,樂康里,臺北市第04選區,4,李岳峰,和平鴿聯盟黨,7,
2016年區域立委選舉,2016,臺北市,內湖區,樂康里,臺北市第04選區,5,陳兆銘,台灣獨立黨,12,
2016年區域立委選舉,2016,臺北市,內湖區,樂康里,臺北市第04選區,6,李彥秀,中國國民黨,1672,*
2016年區域立委選舉,2016,臺北市,內湖區,樂康里,臺北市第04選區,7,蕭亞譚,台灣團結聯盟,375,
2016年區域立委選舉,2016,臺北市,內湖區,樂康里,臺北市第04選區,8,林少馳,時代力量,316,
2016年區域立委選舉,2016,臺北市,內湖區,內溝里,臺北市第04選區,1,何偉,無黨籍及未經政黨推薦,41,
2016年區域立委選舉,2016,臺北市,內湖區,內溝里,臺北市第04選區,2,陳尚志,綠黨社會民主黨聯盟,138,
2016年區域立委選舉,2016,臺北市,內湖區,內溝里,臺北市第04選區,3,黃珊珊,親民黨,1188,
2016年區域立委選舉,2016,臺北市,內湖區,內溝里,臺北市第04選區,4,李岳峰,和平鴿聯盟黨,4,
2016年區域立委選舉,2016,臺北市,內湖區,內溝里,臺北市第04選區,5,陳兆銘,台灣獨立黨,5,
2016年區域立委選舉,2016,臺北市,內湖區,內溝里,臺北市第04選區,6,李彥秀,中國國民黨,1004,*
2016年區域立委選舉,2016,臺北市,內湖區,內溝里,臺北市第04選區,7,蕭亞譚,台灣團結聯盟,174,
2016年區域立委選舉,2016,臺北市,內湖區,內溝里,臺北市第04選區,8,林少馳,時代力量,146,
2016年區域立委選舉,2016,臺北市,內湖區,週美里,臺北市第04選區,1,何偉,無黨籍及未經政黨推薦,44,
2016年區域立委選舉,2016,臺北市,內湖區,週美里,臺北市第04選區,2,陳尚志,綠黨社會民主黨聯盟,201,
2016年區域立委選舉,2016,臺北市,內湖區,週美里,臺北市第04選區,3,黃珊珊,親民黨,1652,
2016年區域立委選舉,2016,臺北市,內湖區,週美里,臺北市第04選區,4,李岳峰,和平鴿聯盟黨,0,
2016年區域立委選舉,2016,臺北市,內湖區,週美里,臺北市第04選區,5,陳兆銘,台灣獨立黨,14,
2016年區域立委選舉,2016,臺北市,內湖區,週美里,臺北市第04選區,6,李彥秀,中國國民黨,1841,*
2016年區域立委選舉,2016,臺北市,內湖區,週美里,臺北市第04選區,7,蕭亞譚,台灣團結聯盟,273,
2016年區域立委選舉,2016,臺北市,內湖區,週美里,臺北市第04選區,8,林少馳,時代力量,245,
2016年區域立委選舉,2016,臺北市,內湖區,行善里,臺北市第04選區,1,何偉,無黨籍及未經政黨推薦,29,
2016年區域立委選舉,2016,臺北市,內湖區,行善里,臺北市第04選區,2,陳尚志,綠黨社會民主黨聯盟,194,
2016年區域立委選舉,2016,臺北市,內湖區,行善里,臺北市第04選區,3,黃珊珊,親民黨,1464,
2016年區域立委選舉,2016,臺北市,內湖區,行善里,臺北市第04選區,4,李岳峰,和平鴿聯盟黨,5,
2016年區域立委選舉,2016,臺北市,內湖區,行善里,臺北市第04選區,5,陳兆銘,台灣獨立黨,11,
2016年區域立委選舉,2016,臺北市,內湖區,行善里,臺北市第04選區,6,李彥秀,中國國民黨,1616,*
2016年區域立委選舉,2016,臺北市,內湖區,行善里,臺北市第04選區,7,蕭亞譚,台灣團結聯盟,304,
2016年區域立委選舉,2016,臺北市,內湖區,行善里,臺北市第04選區,8,林少馳,時代力量,243,
2016年區域立委選舉,2016,臺北市,內湖區,石潭里,臺北市第04選區,1,何偉,無黨籍及未經政黨推薦,16,
2016年區域立委選舉,2016,臺北市,內湖區,石潭里,臺北市第04選區,2,陳尚志,綠黨社會民主黨聯盟,77,
2016年區域立委選舉,2016,臺北市,內湖區,石潭里,臺北市第04選區,3,黃珊珊,親民黨,829,
2016年區域立委選舉,2016,臺北市,內湖區,石潭里,臺北市第04選區,4,李岳峰,和平鴿聯盟黨,1,
2016年區域立委選舉,2016,臺北市,內湖區,石潭里,臺北市第04選區,5,陳兆銘,台灣獨立黨,1,
2016年區域立委選舉,2016,臺北市,內湖區,石潭里,臺北市第04選區,6,李彥秀,中國國民黨,799,*
2016年區域立委選舉,2016,臺北市,內湖區,石潭里,臺北市第04選區,7,蕭亞譚,台灣團結聯盟,111,
2016年區域立委選舉,2016,臺北市,內湖區,石潭里,臺北市第04選區,8,林少馳,時代力量,102,
2016年區域立委選舉,2016,臺北市,內湖區,湖興里,臺北市第04選區,1,何偉,無黨籍及未經政黨推薦,58,
2016年區域立委選舉,2016,臺北市,內湖區,湖興里,臺北市第04選區,2,陳尚志,綠黨社會民主黨聯盟,186,
2016年區域立委選舉,2016,臺北市,內湖區,湖興里,臺北市第04選區,3,黃珊珊,親民黨,1766,
2016年區域立委選舉,2016,臺北市,內湖區,湖興里,臺北市第04選區,4,李岳峰,和平鴿聯盟黨,7,
2016年區域立委選舉,2016,臺北市,內湖區,湖興里,臺北市第04選區,5,陳兆銘,台灣獨立黨,12,
2016年區域立委選舉,2016,臺北市,內湖區,湖興里,臺北市第04選區,6,李彥秀,中國國民黨,1534,*
2016年區域立委選舉,2016,臺北市,內湖區,湖興里,臺北市第04選區,7,蕭亞譚,台灣團結聯盟,278,
2016年區域立委選舉,2016,臺北市,內湖區,湖興里,臺北市第04選區,8,林少馳,時代力量,275,
2016年區域立委選舉,2016,臺北市,內湖區,湖元里,臺北市第04選區,1,何偉,無黨籍及未經政黨推薦,17,
2016年區域立委選舉,2016,臺北市,內湖區,湖元里,臺北市第04選區,2,陳尚志,綠黨社會民主黨聯盟,146,
2016年區域立委選舉,2016,臺北市,內湖區,湖元里,臺北市第04選區,3,黃珊珊,親民黨,1278,
2016年區域立委選舉,2016,臺北市,內湖區,湖元里,臺北市第04選區,4,李岳峰,和平鴿聯盟黨,1,
2016年區域立委選舉,2016,臺北市,內湖區,湖元里,臺北市第04選區,5,陳兆銘,台灣獨立黨,11,
2016年區域立委選舉,2016,臺北市,內湖區,湖元里,臺北市第04選區,6,李彥秀,中國國民黨,1211,*
2016年區域立委選舉,2016,臺北市,內湖區,湖元里,臺北市第04選區,7,蕭亞譚,台灣團結聯盟,226,
2016年區域立委選舉,2016,臺北市,內湖區,湖元里,臺北市第04選區,8,林少馳,時代力量,190,
2016年區域立委選舉,2016,臺北市,內湖區,安湖里,臺北市第04選區,1,何偉,無黨籍及未經政黨推薦,88,
2016年區域立委選舉,2016,臺北市,內湖區,安湖里,臺北市第04選區,2,陳尚志,綠黨社會民主黨聯盟,183,
2016年區域立委選舉,2016,臺北市,內湖區,安湖里,臺北市第04選區,3,黃珊珊,親民黨,1628,
2016年區域立委選舉,2016,臺北市,內湖區,安湖里,臺北市第04選區,4,李岳峰,和平鴿聯盟黨,4,
2016年區域立委選舉,2016,臺北市,內湖區,安湖里,臺北市第04選區,5,陳兆銘,台灣獨立黨,8,
2016年區域立委選舉,2016,臺北市,內湖區,安湖里,臺北市第04選區,6,李彥秀,中國國民黨,1675,*
2016年區域立委選舉,2016,臺北市,內湖區,安湖里,臺北市第04選區,7,蕭亞譚,台灣團結聯盟,342,
2016年區域立委選舉,2016,臺北市,內湖區,安湖里,臺北市第04選區,8,林少馳,時代力量,274,
2016年區域立委選舉,2016,臺北市,內湖區,秀湖里,臺北市第04選區,1,何偉,無黨籍及未經政黨推薦,39,
2016年區域立委選舉,2016,臺北市,內湖區,秀湖里,臺北市第04選區,2,陳尚志,綠黨社會民主黨聯盟,185,
2016年區域立委選舉,2016,臺北市,內湖區,秀湖里,臺北市第04選區,3,黃珊珊,親民黨,1396,
2016年區域立委選舉,2016,臺北市,內湖區,秀湖里,臺北市第04選區,4,李岳峰,和平鴿聯盟黨,2,
2016年區域立委選舉,2016,臺北市,內湖區,秀湖里,臺北市第04選區,5,陳兆銘,台灣獨立黨,11,
2016年區域立委選舉,2016,臺北市,內湖區,秀湖里,臺北市第04選區,6,李彥秀,中國國民黨,1469,*
2016年區域立委選舉,2016,臺北市,內湖區,秀湖里,臺北市第04選區,7,蕭亞譚,台灣團結聯盟,223,
2016年區域立委選舉,2016,臺北市,內湖區,秀湖里,臺北市第04選區,8,林少馳,時代力量,190,
2016年區域立委選舉,2016,臺北市,內湖區,安泰里,臺北市第04選區,1,何偉,無黨籍及未經政黨推薦,47,
2016年區域立委選舉,2016,臺北市,內湖區,安泰里,臺北市第04選區,2,陳尚志,綠黨社會民主黨聯盟,126,
2016年區域立委選舉,2016,臺北市,內湖區,安泰里,臺北市第04選區,3,黃珊珊,親民黨,1217,
2016年區域立委選舉,2016,臺北市,內湖區,安泰里,臺北市第04選區,4,李岳峰,和平鴿聯盟黨,5,
2016年區域立委選舉,2016,臺北市,內湖區,安泰里,臺北市第04選區,5,陳兆銘,台灣獨立黨,8,
2016年區域立委選舉,2016,臺北市,內湖區,安泰里,臺北市第04選區,6,李彥秀,中國國民黨,1196,*
2016年區域立委選舉,2016,臺北市,內湖區,安泰里,臺北市第04選區,7,蕭亞譚,台灣團結聯盟,211,
2016年區域立委選舉,2016,臺北市,內湖區,安泰里,臺北市第04選區,8,林少馳,時代力量,158,
2016年區域立委選舉,2016,臺北市,內湖區,金湖里,臺北市第04選區,1,何偉,無黨籍及未經政黨推薦,46,
2016年區域立委選舉,2016,臺北市,內湖區,金湖里,臺北市第04選區,2,陳尚志,綠黨社會民主黨聯盟,217,
2016年區域立委選舉,2016,臺北市,內湖區,金湖里,臺北市第04選區,3,黃珊珊,親民黨,2088,
2016年區域立委選舉,2016,臺北市,內湖區,金湖里,臺北市第04選區,4,李岳峰,和平鴿聯盟黨,1,
2016年區域立委選舉,2016,臺北市,內湖區,金湖里,臺北市第04選區,5,陳兆銘,台灣獨立黨,8,
2016年區域立委選舉,2016,臺北市,內湖區,金湖里,臺北市第04選區,6,李彥秀,中國國民黨,2120,*
2016年區域立委選舉,2016,臺北市,內湖區,金湖里,臺北市第04選區,7,蕭亞譚,台灣團結聯盟,355,
2016年區域立委選舉,2016,臺北市,內湖區,金湖里,臺北市第04選區,8,林少馳,時代力量,206,
2016年區域立委選舉,2016,臺北市,內湖區,康寧里,臺北市第04選區,1,何偉,無黨籍及未經政黨推薦,69,
2016年區域立委選舉,2016,臺北市,內湖區,康寧里,臺北市第04選區,2,陳尚志,綠黨社會民主黨聯盟,235,
2016年區域立委選舉,2016,臺北市,內湖區,康寧里,臺北市第04選區,3,黃珊珊,親民黨,1935,
2016年區域立委選舉,2016,臺北市,內湖區,康寧里,臺北市第04選區,4,李岳峰,和平鴿聯盟黨,5,
2016年區域立委選舉,2016,臺北市,內湖區,康寧里,臺北市第04選區,5,陳兆銘,台灣獨立黨,9,
2016年區域立委選舉,2016,臺北市,內湖區,康寧里,臺北市第04選區,6,李彥秀,中國國民黨,1738,*
2016年區域立委選舉,2016,臺北市,內湖區,康寧里,臺北市第04選區,7,蕭亞譚,台灣團結聯盟,300,
2016年區域立委選舉,2016,臺北市,內湖區,康寧里,臺北市第04選區,8,林少馳,時代力量,258,
2016年區域立委選舉,2016,臺北市,內湖區,明湖里,臺北市第04選區,1,何偉,無黨籍及未經政黨推薦,58,
2016年區域立委選舉,2016,臺北市,內湖區,明湖里,臺北市第04選區,2,陳尚志,綠黨社會民主黨聯盟,137,
2016年區域立委選舉,2016,臺北市,內湖區,明湖里,臺北市第04選區,3,黃珊珊,親民黨,1044,
2016年區域立委選舉,2016,臺北市,內湖區,明湖里,臺北市第04選區,4,李岳峰,和平鴿聯盟黨,2,
2016年區域立委選舉,2016,臺北市,內湖區,明湖里,臺北市第04選區,5,陳兆銘,台灣獨立黨,6,
2016年區域立委選舉,2016,臺北市,內湖區,明湖里,臺北市第04選區,6,李彥秀,中國國民黨,1159,*
2016年區域立委選舉,2016,臺北市,內湖區,明湖里,臺北市第04選區,7,蕭亞譚,台灣團結聯盟,232,
2016年區域立委選舉,2016,臺北市,內湖區,明湖里,臺北市第04選區,8,林少馳,時代力量,198,
2016年區域立委選舉,2016,臺北市,內湖區,蘆洲里,臺北市第04選區,1,何偉,無黨籍及未經政黨推薦,8,
2016年區域立委選舉,2016,臺北市,內湖區,蘆洲里,臺北市第04選區,2,陳尚志,綠黨社會民主黨聯盟,28,
2016年區域立委選舉,2016,臺北市,內湖區,蘆洲里,臺北市第04選區,3,黃珊珊,親民黨,262,
2016年區域立委選舉,2016,臺北市,內湖區,蘆洲里,臺北市第04選區,4,李岳峰,和平鴿聯盟黨,0,
2016年區域立委選舉,2016,臺北市,內湖區,蘆洲里,臺北市第04選區,5,陳兆銘,台灣獨立黨,1,
2016年區域立委選舉,2016,臺北市,內湖區,蘆洲里,臺北市第04選區,6,李彥秀,中國國民黨,297,*
2016年區域立委選舉,2016,臺北市,內湖區,蘆洲里,臺北市第04選區,7,蕭亞譚,台灣團結聯盟,33,
2016年區域立委選舉,2016,臺北市,內湖區,蘆洲里,臺北市第04選區,8,林少馳,時代力量,36,
2016年區域立委選舉,2016,臺北市,內湖區,麗山里,臺北市第04選區,1,何偉,無黨籍及未經政黨推薦,44,
2016年區域立委選舉,2016,臺北市,內湖區,麗山里,臺北市第04選區,2,陳尚志,綠黨社會民主黨聯盟,189,
2016年區域立委選舉,2016,臺北市,內湖區,麗山里,臺北市第04選區,3,黃珊珊,親民黨,1426,
2016年區域立委選舉,2016,臺北市,內湖區,麗山里,臺北市第04選區,4,李岳峰,和平鴿聯盟黨,9,
2016年區域立委選舉,2016,臺北市,內湖區,麗山里,臺北市第04選區,5,陳兆銘,台灣獨立黨,13,
2016年區域立委選舉,2016,臺北市,內湖區,麗山里,臺北市第04選區,6,李彥秀,中國國民黨,1169,*
2016年區域立委選舉,2016,臺北市,內湖區,麗山里,臺北市第04選區,7,蕭亞譚,台灣團結聯盟,278,
2016年區域立委選舉,2016,臺北市,內湖區,麗山里,臺北市第04選區,8,林少馳,時代力量,215,
2016年區域立委選舉,2016,臺北市,內湖區,寶湖里,臺北市第04選區,1,何偉,無黨籍及未經政黨推薦,54,
2016年區域立委選舉,2016,臺北市,內湖區,寶湖里,臺北市第04選區,2,陳尚志,綠黨社會民主黨聯盟,205,
2016年區域立委選舉,2016,臺北市,內湖區,寶湖里,臺北市第04選區,3,黃珊珊,親民黨,1747,
2016年區域立委選舉,2016,臺北市,內湖區,寶湖里,臺北市第04選區,4,李岳峰,和平鴿聯盟黨,1,
2016年區域立委選舉,2016,臺北市,內湖區,寶湖里,臺北市第04選區,5,陳兆銘,台灣獨立黨,9,
2016年區域立委選舉,2016,臺北市,內湖區,寶湖里,臺北市第04選區,6,李彥秀,中國國民黨,1772,*
2016年區域立委選舉,2016,臺北市,內湖區,寶湖里,臺北市第04選區,7,蕭亞譚,台灣團結聯盟,249,
2016年區域立委選舉,2016,臺北市,內湖區,寶湖里,臺北市第04選區,8,林少馳,時代力量,193,
2016年區域立委選舉,2016,臺北市,內湖區,南湖里,臺北市第04選區,1,何偉,無黨籍及未經政黨推薦,51,
2016年區域立委選舉,2016,臺北市,內湖區,南湖里,臺北市第04選區,2,陳尚志,綠黨社會民主黨聯盟,148,
2016年區域立委選舉,2016,臺北市,內湖區,南湖里,臺北市第04選區,3,黃珊珊,親民黨,1166,
2016年區域立委選舉,2016,臺北市,內湖區,南湖里,臺北市第04選區,4,李岳峰,和平鴿聯盟黨,0,
2016年區域立委選舉,2016,臺北市,內湖區,南湖里,臺北市第04選區,5,陳兆銘,台灣獨立黨,7,
2016年區域立委選舉,2016,臺北市,內湖區,南湖里,臺北市第04選區,6,李彥秀,中國國民黨,1199,*
2016年區域立委選舉,2016,臺北市,內湖區,南湖里,臺北市第04選區,7,蕭亞譚,台灣團結聯盟,148,
2016年區域立委選舉,2016,臺北市,內湖區,南湖里,臺北市第04選區,8,林少馳,時代力量,158,
2016年區域立委選舉,2016,臺北市,士林區,仁勇里,臺北市第02選區,1,王銘宗,無黨籍及未經政黨推薦,23,
2016年區域立委選舉,2016,臺北市,士林區,仁勇里,臺北市第02選區,2,陳民乾,台灣獨立黨,9,
2016年區域立委選舉,2016,臺北市,士林區,仁勇里,臺北市第02選區,3,吳俊德,信心希望聯盟,32,
2016年區域立委選舉,2016,臺北市,士林區,仁勇里,臺北市第02選區,4,林幸蓉,健保免費連線,25,
2016年區域立委選舉,2016,臺北市,士林區,仁勇里,臺北市第02選區,5,潘懷宗,新黨,821,
2016年區域立委選舉,2016,臺北市,士林區,仁勇里,臺北市第02選區,6,姚文智,民主進步黨,1360,*
2016年區域立委選舉,2016,臺北市,士林區,仁勇里,臺北市第02選區,7,陳建斌,自由台灣黨,6,
2016年區域立委選舉,2016,臺北市,士林區,義信里,臺北市第02選區,1,王銘宗,無黨籍及未經政黨推薦,13,
2016年區域立委選舉,2016,臺北市,士林區,義信里,臺北市第02選區,2,陳民乾,台灣獨立黨,4,
2016年區域立委選舉,2016,臺北市,士林區,義信里,臺北市第02選區,3,吳俊德,信心希望聯盟,49,
2016年區域立委選舉,2016,臺北市,士林區,義信里,臺北市第02選區,4,林幸蓉,健保免費連線,21,
2016年區域立委選舉,2016,臺北市,士林區,義信里,臺北市第02選區,5,潘懷宗,新黨,740,
2016年區域立委選舉,2016,臺北市,士林區,義信里,臺北市第02選區,6,姚文智,民主進步黨,934,*
2016年區域立委選舉,2016,臺北市,士林區,義信里,臺北市第02選區,7,陳建斌,自由台灣黨,1,
2016年區域立委選舉,2016,臺北市,士林區,福林里,臺北市第02選區,1,王銘宗,無黨籍及未經政黨推薦,13,
2016年區域立委選舉,2016,臺北市,士林區,福林里,臺北市第02選區,2,陳民乾,台灣獨立黨,5,
2016年區域立委選舉,2016,臺北市,士林區,福林里,臺北市第02選區,3,吳俊德,信心希望聯盟,44,
2016年區域立委選舉,2016,臺北市,士林區,福林里,臺北市第02選區,4,林幸蓉,健保免費連線,16,
2016年區域立委選舉,2016,臺北市,士林區,福林里,臺北市第02選區,5,潘懷宗,新黨,786,
2016年區域立委選舉,2016,臺北市,士林區,福林里,臺北市第02選區,6,姚文智,民主進步黨,872,*
2016年區域立委選舉,2016,臺北市,士林區,福林里,臺北市第02選區,7,陳建斌,自由台灣黨,3,
2016年區域立委選舉,2016,臺北市,士林區,福德里,臺北市第02選區,1,王銘宗,無黨籍及未經政黨推薦,22,
2016年區域立委選舉,2016,臺北市,士林區,福德里,臺北市第02選區,2,陳民乾,台灣獨立黨,13,
2016年區域立委選舉,2016,臺北市,士林區,福德里,臺北市第02選區,3,吳俊德,信心希望聯盟,72,
2016年區域立委選舉,2016,臺北市,士林區,福德里,臺北市第02選區,4,林幸蓉,健保免費連線,20,
2016年區域立委選舉,2016,臺北市,士林區,福德里,臺北市第02選區,5,潘懷宗,新黨,1206,
2016年區域立委選舉,2016,臺北市,士林區,福德里,臺北市第02選區,6,姚文智,民主進步黨,1353,*
2016年區域立委選舉,2016,臺北市,士林區,福德里,臺北市第02選區,7,陳建斌,自由台灣黨,3,
2016年區域立委選舉,2016,臺北市,士林區,福志里,臺北市第02選區,1,王銘宗,無黨籍及未經政黨推薦,30,
2016年區域立委選舉,2016,臺北市,士林區,福志里,臺北市第02選區,2,陳民乾,台灣獨立黨,9,
2016年區域立委選舉,2016,臺北市,士林區,福志里,臺北市第02選區,3,吳俊德,信心希望聯盟,116,
2016年區域立委選舉,2016,臺北市,士林區,福志里,臺北市第02選區,4,林幸蓉,健保免費連線,18,
2016年區域立委選舉,2016,臺北市,士林區,福志里,臺北市第02選區,5,潘懷宗,新黨,2156,
2016年區域立委選舉,2016,臺北市,士林區,福志里,臺北市第02選區,6,姚文智,民主進步黨,2130,*
2016年區域立委選舉,2016,臺北市,士林區,福志里,臺北市第02選區,7,陳建斌,自由台灣黨,6,
2016年區域立委選舉,2016,臺北市,士林區,舊佳里,臺北市第02選區,1,王銘宗,無黨籍及未經政黨推薦,24,
2016年區域立委選舉,2016,臺北市,士林區,舊佳里,臺北市第02選區,2,陳民乾,台灣獨立黨,10,
2016年區域立委選舉,2016,臺北市,士林區,舊佳里,臺北市第02選區,3,吳俊德,信心希望聯盟,83,
2016年區域立委選舉,2016,臺北市,士林區,舊佳里,臺北市第02選區,4,林幸蓉,健保免費連線,26,
2016年區域立委選舉,2016,臺北市,士林區,舊佳里,臺北市第02選區,5,潘懷宗,新黨,1473,
2016年區域立委選舉,2016,臺北市,士林區,舊佳里,臺北市第02選區,6,姚文智,民主進步黨,1985,*
2016年區域立委選舉,2016,臺北市,士林區,舊佳里,臺北市第02選區,7,陳建斌,自由台灣黨,5,
2016年區域立委選舉,2016,臺北市,士林區,福佳里,臺北市第02選區,1,王銘宗,無黨籍及未經政黨推薦,37,
2016年區域立委選舉,2016,臺北市,士林區,福佳里,臺北市第02選區,2,陳民乾,台灣獨立黨,22,
2016年區域立委選舉,2016,臺北市,士林區,福佳里,臺北市第02選區,3,吳俊德,信心希望聯盟,115,
2016年區域立委選舉,2016,臺北市,士林區,福佳里,臺北市第02選區,4,林幸蓉,健保免費連線,33,
2016年區域立委選舉,2016,臺北市,士林區,福佳里,臺北市第02選區,5,潘懷宗,新黨,1881,
2016年區域立委選舉,2016,臺北市,士林區,福佳里,臺北市第02選區,6,姚文智,民主進步黨,2523,*
2016年區域立委選舉,2016,臺北市,士林區,福佳里,臺北市第02選區,7,陳建斌,自由台灣黨,12,
2016年區域立委選舉,2016,臺北市,士林區,後港里,臺北市第02選區,1,王銘宗,無黨籍及未經政黨推薦,23,
2016年區域立委選舉,2016,臺北市,士林區,後港里,臺北市第02選區,2,陳民乾,台灣獨立黨,20,
2016年區域立委選舉,2016,臺北市,士林區,後港里,臺北市第02選區,3,吳俊德,信心希望聯盟,105,
2016年區域立委選舉,2016,臺北市,士林區,後港里,臺北市第02選區,4,林幸蓉,健保免費連線,32,
2016年區域立委選舉,2016,臺北市,士林區,後港里,臺北市第02選區,5,潘懷宗,新黨,1644,
2016年區域立委選舉,2016,臺北市,士林區,後港里,臺北市第02選區,6,姚文智,民主進步黨,2772,*
2016年區域立委選舉,2016,臺北市,士林區,後港里,臺北市第02選區,7,陳建斌,自由台灣黨,7,
2016年區域立委選舉,2016,臺北市,士林區,福中里,臺北市第02選區,1,王銘宗,無黨籍及未經政黨推薦,28,
2016年區域立委選舉,2016,臺北市,士林區,福中里,臺北市第02選區,2,陳民乾,台灣獨立黨,8,
2016年區域立委選舉,2016,臺北市,士林區,福中里,臺北市第02選區,3,吳俊德,信心希望聯盟,87,
2016年區域立委選舉,2016,臺北市,士林區,福中里,臺北市第02選區,4,林幸蓉,健保免費連線,29,
2016年區域立委選舉,2016,臺北市,士林區,福中里,臺北市第02選區,5,潘懷宗,新黨,1381,
2016年區域立委選舉,2016,臺北市,士林區,福中里,臺北市第02選區,6,姚文智,民主進步黨,2437,*
2016年區域立委選舉,2016,臺北市,士林區,福中里,臺北市第02選區,7,陳建斌,自由台灣黨,3,
2016年區域立委選舉,2016,臺北市,士林區,前港里,臺北市第02選區,1,王銘宗,無黨籍及未經政黨推薦,20,
2016年區域立委選舉,2016,臺北市,士林區,前港里,臺北市第02選區,2,陳民乾,台灣獨立黨,10,
2016年區域立委選舉,2016,臺北市,士林區,前港里,臺北市第02選區,3,吳俊德,信心希望聯盟,63,
2016年區域立委選舉,2016,臺北市,士林區,前港里,臺北市第02選區,4,林幸蓉,健保免費連線,21,
2016年區域立委選舉,2016,臺北市,士林區,前港里,臺北市第02選區,5,潘懷宗,新黨,948,
2016年區域立委選舉,2016,臺北市,士林區,前港里,臺北市第02選區,6,姚文智,民主進步黨,1549,*
2016年區域立委選舉,2016,臺北市,士林區,前港里,臺北市第02選區,7,陳建斌,自由台灣黨,5,
2016年區域立委選舉,2016,臺北市,士林區,百齡里,臺北市第02選區,1,王銘宗,無黨籍及未經政黨推薦,36,
2016年區域立委選舉,2016,臺北市,士林區,百齡里,臺北市第02選區,2,陳民乾,台灣獨立黨,12,
2016年區域立委選舉,2016,臺北市,士林區,百齡里,臺北市第02選區,3,吳俊德,信心希望聯盟,119,
2016年區域立委選舉,2016,臺北市,士林區,百齡里,臺北市第02選區,4,林幸蓉,健保免費連線,30,
2016年區域立委選舉,2016,臺北市,士林區,百齡里,臺北市第02選區,5,潘懷宗,新黨,1533,
2016年區域立委選舉,2016,臺北市,士林區,百齡里,臺北市第02選區,6,姚文智,民主進步黨,2510,*
2016年區域立委選舉,2016,臺北市,士林區,百齡里,臺北市第02選區,7,陳建斌,自由台灣黨,7,
2016年區域立委選舉,2016,臺北市,士林區,承德里,臺北市第02選區,1,王銘宗,無黨籍及未經政黨推薦,19,
2016年區域立委選舉,2016,臺北市,士林區,承德里,臺北市第02選區,2,陳民乾,台灣獨立黨,3,
2016年區域立委選舉,2016,臺北市,士林區,承德里,臺北市第02選區,3,吳俊德,信心希望聯盟,91,
2016年區域立委選舉,2016,臺北市,士林區,承德里,臺北市第02選區,4,林幸蓉,健保免費連線,23,
2016年區域立委選舉,2016,臺北市,士林區,承德里,臺北市第02選區,5,潘懷宗,新黨,1453,
2016年區域立委選舉,2016,臺北市,士林區,承德里,臺北市第02選區,6,姚文智,民主進步黨,1659,*
2016年區域立委選舉,2016,臺北市,士林區,承德里,臺北市第02選區,7,陳建斌,自由台灣黨,4,
2016年區域立委選舉,2016,臺北市,士林區,福華里,臺北市第02選區,1,王銘宗,無黨籍及未經政黨推薦,18,
2016年區域立委選舉,2016,臺北市,士林區,福華里,臺北市第02選區,2,陳民乾,台灣獨立黨,12,
2016年區域立委選舉,2016,臺北市,士林區,福華里,臺北市第02選區,3,吳俊德,信心希望聯盟,108,
2016年區域立委選舉,2016,臺北市,士林區,福華里,臺北市第02選區,4,林幸蓉,健保免費連線,38,
2016年區域立委選舉,2016,臺北市,士林區,福華里,臺北市第02選區,5,潘懷宗,新黨,1408,
2016年區域立委選舉,2016,臺北市,士林區,福華里,臺北市第02選區,6,姚文智,民主進步黨,2005,*
2016年區域立委選舉,2016,臺北市,士林區,福華里,臺北市第02選區,7,陳建斌,自由台灣黨,8,
2016年區域立委選舉,2016,臺北市,士林區,明勝里,臺北市第02選區,1,王銘宗,無黨籍及未經政黨推薦,22,
2016年區域立委選舉,2016,臺北市,士林區,明勝里,臺北市第02選區,2,陳民乾,台灣獨立黨,6,
2016年區域立委選舉,2016,臺北市,士林區,明勝里,臺北市第02選區,3,吳俊德,信心希望聯盟,66,
2016年區域立委選舉,2016,臺北市,士林區,明勝里,臺北市第02選區,4,林幸蓉,健保免費連線,29,
2016年區域立委選舉,2016,臺北市,士林區,明勝里,臺北市第02選區,5,潘懷宗,新黨,1100,
2016年區域立委選舉,2016,臺北市,士林區,明勝里,臺北市第02選區,6,姚文智,民主進步黨,1651,*
2016年區域立委選舉,2016,臺北市,士林區,明勝里,臺北市第02選區,7,陳建斌,自由台灣黨,5,
2016年區域立委選舉,2016,臺北市,士林區,福順里,臺北市第02選區,1,王銘宗,無黨籍及未經政黨推薦,22,
2016年區域立委選舉,2016,臺北市,士林區,福順里,臺北市第02選區,2,陳民乾,台灣獨立黨,18,
2016年區域立委選舉,2016,臺北市,士林區,福順里,臺北市第02選區,3,吳俊德,信心希望聯盟,48,
2016年區域立委選舉,2016,臺北市,士林區,福順里,臺北市第02選區,4,林幸蓉,健保免費連線,24,
2016年區域立委選舉,2016,臺北市,士林區,福順里,臺北市第02選區,5,潘懷宗,新黨,975,
2016年區域立委選舉,2016,臺北市,士林區,福順里,臺北市第02選區,6,姚文智,民主進步黨,1995,*
2016年區域立委選舉,2016,臺北市,士林區,福順里,臺北市第02選區,7,陳建斌,自由台灣黨,12,
2016年區域立委選舉,2016,臺北市,士林區,富光里,臺北市第02選區,1,王銘宗,無黨籍及未經政黨推薦,25,
2016年區域立委選舉,2016,臺北市,士林區,富光里,臺北市第02選區,2,陳民乾,台灣獨立黨,25,
2016年區域立委選舉,2016,臺北市,士林區,富光里,臺北市第02選區,3,吳俊德,信心希望聯盟,57,
2016年區域立委選舉,2016,臺北市,士林區,富光里,臺北市第02選區,4,林幸蓉,健保免費連線,36,
2016年區域立委選舉,2016,臺北市,士林區,富光里,臺北市第02選區,5,潘懷宗,新黨,1024,
2016年區域立委選舉,2016,臺北市,士林區,富光里,臺北市第02選區,6,姚文智,民主進步黨,2121,*
2016年區域立委選舉,2016,臺北市,士林區,富光里,臺北市第02選區,7,陳建斌,自由台灣黨,8,
2016年區域立委選舉,2016,臺北市,士林區,葫蘆里,臺北市第02選區,1,王銘宗,無黨籍及未經政黨推薦,21,
2016年區域立委選舉,2016,臺北市,士林區,葫蘆里,臺北市第02選區,2,陳民乾,台灣獨立黨,21,
2016年區域立委選舉,2016,臺北市,士林區,葫蘆里,臺北市第02選區,3,吳俊德,信心希望聯盟,75,
2016年區域立委選舉,2016,臺北市,士林區,葫蘆里,臺北市第02選區,4,林幸蓉,健保免費連線,30,
2016年區域立委選舉,2016,臺北市,士林區,葫蘆里,臺北市第02選區,5,潘懷宗,新黨,1699,
2016年區域立委選舉,2016,臺北市,士林區,葫蘆里,臺北市第02選區,6,姚文智,民主進步黨,2633,*
2016年區域立委選舉,2016,臺北市,士林區,葫蘆里,臺北市第02選區,7,陳建斌,自由台灣黨,8,
2016年區域立委選舉,2016,臺北市,士林區,葫東里,臺北市第02選區,1,王銘宗,無黨籍及未經政黨推薦,20,
2016年區域立委選舉,2016,臺北市,士林區,葫東里,臺北市第02選區,2,陳民乾,台灣獨立黨,19,
2016年區域立委選舉,2016,臺北市,士林區,葫東里,臺北市第02選區,3,吳俊德,信心希望聯盟,41,
2016年區域立委選舉,2016,臺北市,士林區,葫東里,臺北市第02選區,4,林幸蓉,健保免費連線,24,
2016年區域立委選舉,2016,臺北市,士林區,葫東里,臺北市第02選區,5,潘懷宗,新黨,750,
2016年區域立委選舉,2016,臺北市,士林區,葫東里,臺北市第02選區,6,姚文智,民主進步黨,1521,*
2016年區域立委選舉,2016,臺北市,士林區,葫東里,臺北市第02選區,7,陳建斌,自由台灣黨,2,
2016年區域立委選舉,2016,臺北市,士林區,社子里,臺北市第02選區,1,王銘宗,無黨籍及未經政黨推薦,23,
2016年區域立委選舉,2016,臺北市,士林區,社子里,臺北市第02選區,2,陳民乾,台灣獨立黨,110,
2016年區域立委選舉,2016,臺北市,士林區,社子里,臺北市第02選區,3,吳俊德,信心希望聯盟,53,
2016年區域立委選舉,2016,臺北市,士林區,社子里,臺北市第02選區,4,林幸蓉,健保免費連線,27,
2016年區域立委選舉,2016,臺北市,士林區,社子里,臺北市第02選區,5,潘懷宗,新黨,1173,
2016年區域立委選舉,2016,臺北市,士林區,社子里,臺北市第02選區,6,姚文智,民主進步黨,2372,*
2016年區域立委選舉,2016,臺北市,士林區,社子里,臺北市第02選區,7,陳建斌,自由台灣黨,7,
2016年區域立委選舉,2016,臺北市,士林區,社新里,臺北市第02選區,1,王銘宗,無黨籍及未經政黨推薦,31,
2016年區域立委選舉,2016,臺北市,士林區,社新里,臺北市第02選區,2,陳民乾,台灣獨立黨,44,
2016年區域立委選舉,2016,臺北市,士林區,社新里,臺北市第02選區,3,吳俊德,信心希望聯盟,68,
2016年區域立委選舉,2016,臺北市,士林區,社新里,臺北市第02選區,4,林幸蓉,健保免費連線,36,
2016年區域立委選舉,2016,臺北市,士林區,社新里,臺北市第02選區,5,潘懷宗,新黨,1608,
2016年區域立委選舉,2016,臺北市,士林區,社新里,臺北市第02選區,6,姚文智,民主進步黨,3344,*
2016年區域立委選舉,2016,臺北市,士林區,社新里,臺北市第02選區,7,陳建斌,自由台灣黨,11,
2016年區域立委選舉,2016,臺北市,士林區,社園里,臺北市第02選區,1,王銘宗,無黨籍及未經政黨推薦,28,
2016年區域立委選舉,2016,臺北市,士林區,社園里,臺北市第02選區,2,陳民乾,台灣獨立黨,55,
2016年區域立委選舉,2016,臺北市,士林區,社園里,臺北市第02選區,3,吳俊德,信心希望聯盟,53,
2016年區域立委選舉,2016,臺北市,士林區,社園里,臺北市第02選區,4,林幸蓉,健保免費連線,31,
2016年區域立委選舉,2016,臺北市,士林區,社園里,臺北市第02選區,5,潘懷宗,新黨,1202,
2016年區域立委選舉,2016,臺北市,士林區,社園里,臺北市第02選區,6,姚文智,民主進步黨,2876,*
2016年區域立委選舉,2016,臺北市,士林區,社園里,臺北市第02選區,7,陳建斌,自由台灣黨,20,
2016年區域立委選舉,2016,臺北市,士林區,永倫里,臺北市第02選區,1,王銘宗,無黨籍及未經政黨推薦,34,
2016年區域立委選舉,2016,臺北市,士林區,永倫里,臺北市第02選區,2,陳民乾,台灣獨立黨,43,
2016年區域立委選舉,2016,臺北市,士林區,永倫里,臺北市第02選區,3,吳俊德,信心希望聯盟,84,
2016年區域立委選舉,2016,臺北市,士林區,永倫里,臺北市第02選區,4,林幸蓉,健保免費連線,34,
2016年區域立委選舉,2016,臺北市,士林區,永倫里,臺北市第02選區,5,潘懷宗,新黨,1258,
2016年區域立委選舉,2016,臺北市,士林區,永倫里,臺北市第02選區,6,姚文智,民主進步黨,2838,*
2016年區域立委選舉,2016,臺北市,士林區,永倫里,臺北市第02選區,7,陳建斌,自由台灣黨,11,
2016年區域立委選舉,2016,臺北市,士林區,福安里,臺北市第02選區,1,王銘宗,無黨籍及未經政黨推薦,22,
2016年區域立委選舉,2016,臺北市,士林區,福安里,臺北市第02選區,2,陳民乾,台灣獨立黨,20,
2016年區域立委選舉,2016,臺北市,士林區,福安里,臺北市第02選區,3,吳俊德,信心希望聯盟,30,
2016年區域立委選舉,2016,臺北市,士林區,福安里,臺北市第02選區,4,林幸蓉,健保免費連線,17,
2016年區域立委選舉,2016,臺北市,士林區,福安里,臺北市第02選區,5,潘懷宗,新黨,457,
2016年區域立委選舉,2016,臺北市,士林區,福安里,臺北市第02選區,6,姚文智,民主進步黨,2292,*
2016年區域立委選舉,2016,臺北市,士林區,福安里,臺北市第02選區,7,陳建斌,自由台灣黨,8,
2016年區域立委選舉,2016,臺北市,士林區,富洲里,臺北市第02選區,1,王銘宗,無黨籍及未經政黨推薦,26,
2016年區域立委選舉,2016,臺北市,士林區,富洲里,臺北市第02選區,2,陳民乾,台灣獨立黨,24,
2016年區域立委選舉,2016,臺北市,士林區,富洲里,臺北市第02選區,3,吳俊德,信心希望聯盟,49,
2016年區域立委選舉,2016,臺北市,士林區,富洲里,臺北市第02選區,4,林幸蓉,健保免費連線,27,
2016年區域立委選舉,2016,臺北市,士林區,富洲里,臺北市第02選區,5,潘懷宗,新黨,706,
2016年區域立委選舉,2016,臺北市,士林區,富洲里,臺北市第02選區,6,姚文智,民主進步黨,2584,*
2016年區域立委選舉,2016,臺北市,士林區,富洲里,臺北市第02選區,7,陳建斌,自由台灣黨,9,
2016年區域立委選舉,2016,臺北市,士林區,岩山里,臺北市第02選區,1,王銘宗,無黨籍及未經政黨推薦,14,
2016年區域立委選舉,2016,臺北市,士林區,岩山里,臺北市第02選區,2,陳民乾,台灣獨立黨,11,
2016年區域立委選舉,2016,臺北市,士林區,岩山里,臺北市第02選區,3,吳俊德,信心希望聯盟,34,
2016年區域立委選舉,2016,臺北市,士林區,岩山里,臺北市第02選區,4,林幸蓉,健保免費連線,15,
2016年區域立委選舉,2016,臺北市,士林區,岩山里,臺北市第02選區,5,潘懷宗,新黨,964,
2016年區域立委選舉,2016,臺北市,士林區,岩山里,臺北市第02選區,6,姚文智,民主進步黨,926,*
2016年區域立委選舉,2016,臺北市,士林區,岩山里,臺北市第02選區,7,陳建斌,自由台灣黨,5,
2016年區域立委選舉,2016,臺北市,士林區,名山里,臺北市第02選區,1,王銘宗,無黨籍及未經政黨推薦,31,
2016年區域立委選舉,2016,臺北市,士林區,名山里,臺北市第02選區,2,陳民乾,台灣獨立黨,16,
2016年區域立委選舉,2016,臺北市,士林區,名山里,臺北市第02選區,3,吳俊德,信心希望聯盟,91,
2016年區域立委選舉,2016,臺北市,士林區,名山里,臺北市第02選區,4,林幸蓉,健保免費連線,42,
2016年區域立委選舉,2016,臺北市,士林區,名山里,臺北市第02選區,5,潘懷宗,新黨,1949,
2016年區域立委選舉,2016,臺北市,士林區,名山里,臺北市第02選區,6,姚文智,民主進步黨,2061,*
2016年區域立委選舉,2016,臺北市,士林區,名山里,臺北市第02選區,7,陳建斌,自由台灣黨,11,
2016年區域立委選舉,2016,臺北市,士林區,德行里,臺北市第01選區,1,丁守中,中國國民黨,1142,
2016年區域立委選舉,2016,臺北市,士林區,德行里,臺北市第01選區,2,吳思瑤,民主進步黨,1334,*
2016年區域立委選舉,2016,臺北市,士林區,德行里,臺北市第01選區,3,黃清原,台灣獨立黨,4,
2016年區域立委選舉,2016,臺北市,士林區,德行里,臺北市第01選區,4,王靜亞,民國黨,113,
2016年區域立委選舉,2016,臺北市,士林區,德行里,臺北市第01選區,5,吳忠錚,健保免費連線,2,
2016年區域立委選舉,2016,臺北市,士林區,德華里,臺北市第01選區,1,丁守中,中國國民黨,1377,
2016年區域立委選舉,2016,臺北市,士林區,德華里,臺北市第01選區,2,吳思瑤,民主進步黨,1874,*
2016年區域立委選舉,2016,臺北市,士林區,德華里,臺北市第01選區,3,黃清原,台灣獨立黨,8,
2016年區域立委選舉,2016,臺北市,士林區,德華里,臺北市第01選區,4,王靜亞,民國黨,111,
2016年區域立委選舉,2016,臺北市,士林區,德華里,臺北市第01選區,5,吳忠錚,健保免費連線,11,
2016年區域立委選舉,2016,臺北市,士林區,聖山里,臺北市第02選區,1,王銘宗,無黨籍及未經政黨推薦,19,
2016年區域立委選舉,2016,臺北市,士林區,聖山里,臺北市第02選區,2,陳民乾,台灣獨立黨,12,
2016年區域立委選舉,2016,臺北市,士林區,聖山里,臺北市第02選區,3,吳俊德,信心希望聯盟,77,
2016年區域立委選舉,2016,臺北市,士林區,聖山里,臺北市第02選區,4,林幸蓉,健保免費連線,17,
2016年區域立委選舉,2016,臺北市,士林區,聖山里,臺北市第02選區,5,潘懷宗,新黨,1543,
2016年區域立委選舉,2016,臺北市,士林區,聖山里,臺北市第02選區,6,姚文智,民主進步黨,1328,*
2016年區域立委選舉,2016,臺北市,士林區,聖山里,臺北市第02選區,7,陳建斌,自由台灣黨,7,
2016年區域立委選舉,2016,臺北市,士林區,忠誠里,臺北市第01選區,1,丁守中,中國國民黨,1954,
2016年區域立委選舉,2016,臺北市,士林區,忠誠里,臺北市第01選區,2,吳思瑤,民主進步黨,1224,*
2016年區域立委選舉,2016,臺北市,士林區,忠誠里,臺北市第01選區,3,黃清原,台灣獨立黨,8,
2016年區域立委選舉,2016,臺北市,士林區,忠誠里,臺北市第01選區,4,王靜亞,民國黨,123,
2016年區域立委選舉,2016,臺北市,士林區,忠誠里,臺北市第01選區,5,吳忠錚,健保免費連線,7,
2016年區域立委選舉,2016,臺北市,士林區,芝山里,臺北市第02選區,1,王銘宗,無黨籍及未經政黨推薦,21,
2016年區域立委選舉,2016,臺北市,士林區,芝山里,臺北市第02選區,2,陳民乾,台灣獨立黨,4,
2016年區域立委選舉,2016,臺北市,士林區,芝山里,臺北市第02選區,3,吳俊德,信心希望聯盟,114,
2016年區域立委選舉,2016,臺北市,士林區,芝山里,臺北市第02選區,4,林幸蓉,健保免費連線,22,
2016年區域立委選舉,2016,臺北市,士林區,芝山里,臺北市第02選區,5,潘懷宗,新黨,1957,
2016年區域立委選舉,2016,臺北市,士林區,芝山里,臺北市第02選區,6,姚文智,民主進步黨,2167,*
2016年區域立委選舉,2016,臺北市,士林區,芝山里,臺北市第02選區,7,陳建斌,自由台灣黨,12,
2016年區域立委選舉,2016,臺北市,士林區,東山里,臺北市第02選區,1,王銘宗,無黨籍及未經政黨推薦,22,
2016年區域立委選舉,2016,臺北市,士林區,東山里,臺北市第02選區,2,陳民乾,台灣獨立黨,7,
2016年區域立委選舉,2016,臺北市,士林區,東山里,臺北市第02選區,3,吳俊德,信心希望聯盟,61,
2016年區域立委選舉,2016,臺北市,士林區,東山里,臺北市第02選區,4,林幸蓉,健保免費連線,10,
2016年區域立委選舉,2016,臺北市,士林區,東山里,臺北市第02選區,5,潘懷宗,新黨,1519,
2016年區域立委選舉,2016,臺北市,士林區,東山里,臺北市第02選區,6,姚文智,民主進步黨,1317,*
2016年區域立委選舉,2016,臺北市,士林區,東山里,臺北市第02選區,7,陳建斌,自由台灣黨,5,
2016年區域立委選舉,2016,臺北市,士林區,三玉里,臺北市第01選區,1,丁守中,中國國民黨,1534,
2016年區域立委選舉,2016,臺北市,士林區,三玉里,臺北市第01選區,2,吳思瑤,民主進步黨,1740,*
2016年區域立委選舉,2016,臺北市,士林區,三玉里,臺北市第01選區,3,黃清原,台灣獨立黨,7,
2016年區域立委選舉,2016,臺北市,士林區,三玉里,臺北市第01選區,4,王靜亞,民國黨,132,
2016年區域立委選舉,2016,臺北市,士林區,三玉里,臺北市第01選區,5,吳忠錚,健保免費連線,7,
2016年區域立委選舉,2016,臺北市,士林區,蘭雅里,臺北市第01選區,1,丁守中,中國國民黨,2307,
2016年區域立委選舉,2016,臺北市,士林區,蘭雅里,臺北市第01選區,2,吳思瑤,民主進步黨,2560,*
2016年區域立委選舉,2016,臺北市,士林區,蘭雅里,臺北市第01選區,3,黃清原,台灣獨立黨,19,
2016年區域立委選舉,2016,臺北市,士林區,蘭雅里,臺北市第01選區,4,王靜亞,民國黨,222,
2016年區域立委選舉,2016,臺北市,士林區,蘭雅里,臺北市第01選區,5,吳忠錚,健保免費連線,12,
2016年區域立委選舉,2016,臺北市,士林區,蘭興里,臺北市第01選區,1,丁守中,中國國民黨,1663,
2016年區域立委選舉,2016,臺北市,士林區,蘭興里,臺北市第01選區,2,吳思瑤,民主進步黨,2014,*
2016年區域立委選舉,2016,臺北市,士林區,蘭興里,臺北市第01選區,3,黃清原,台灣獨立黨,9,
2016年區域立委選舉,2016,臺北市,士林區,蘭興里,臺北市第01選區,4,王靜亞,民國黨,170,
2016年區域立委選舉,2016,臺北市,士林區,蘭興里,臺北市第01選區,5,吳忠錚,健保免費連線,3,
2016年區域立委選舉,2016,臺北市,士林區,天福里,臺北市第01選區,1,丁守中,中國國民黨,1671,
2016年區域立委選舉,2016,臺北市,士林區,天福里,臺北市第01選區,2,吳思瑤,民主進步黨,1774,*
2016年區域立委選舉,2016,臺北市,士林區,天福里,臺北市第01選區,3,黃清原,台灣獨立黨,3,
2016年區域立委選舉,2016,臺北市,士林區,天福里,臺北市第01選區,4,王靜亞,民國黨,107,
2016年區域立委選舉,2016,臺北市,士林區,天福里,臺北市第01選區,5,吳忠錚,健保免費連線,8,
2016年區域立委選舉,2016,臺北市,士林區,天祿里,臺北市第01選區,1,丁守中,中國國民黨,1271,
2016年區域立委選舉,2016,臺北市,士林區,天祿里,臺北市第01選區,2,吳思瑤,民主進步黨,1627,*
2016年區域立委選舉,2016,臺北市,士林區,天祿里,臺北市第01選區,3,黃清原,台灣獨立黨,4,
2016年區域立委選舉,2016,臺北市,士林區,天祿里,臺北市第01選區,4,王靜亞,民國黨,124,
2016年區域立委選舉,2016,臺北市,士林區,天祿里,臺北市第01選區,5,吳忠錚,健保免費連線,5,
2016年區域立委選舉,2016,臺北市,士林區,天壽里,臺北市第01選區,1,丁守中,中國國民黨,1350,
2016年區域立委選舉,2016,臺北市,士林區,天壽里,臺北市第01選區,2,吳思瑤,民主進步黨,1423,*
2016年區域立委選舉,2016,臺北市,士林區,天壽里,臺北市第01選區,3,黃清原,台灣獨立黨,8,
2016年區域立委選舉,2016,臺北市,士林區,天壽里,臺北市第01選區,4,王靜亞,民國黨,101,
2016年區域立委選舉,2016,臺北市,士林區,天壽里,臺北市第01選區,5,吳忠錚,健保免費連線,4,
2016年區域立委選舉,2016,臺北市,士林區,天和里,臺北市第01選區,1,丁守中,中國國民黨,1983,
2016年區域立委選舉,2016,臺北市,士林區,天和里,臺北市第01選區,2,吳思瑤,民主進步黨,2176,*
2016年區域立委選舉,2016,臺北市,士林區,天和里,臺北市第01選區,3,黃清原,台灣獨立黨,14,
2016年區域立委選舉,2016,臺北市,士林區,天和里,臺北市第01選區,4,王靜亞,民國黨,159,
2016年區域立委選舉,2016,臺北市,士林區,天和里,臺北市第01選區,5,吳忠錚,健保免費連線,4,
2016年區域立委選舉,2016,臺北市,士林區,天山里,臺北市第01選區,1,丁守中,中國國民黨,1880,
2016年區域立委選舉,2016,臺北市,士林區,天山里,臺北市第01選區,2,吳思瑤,民主進步黨,1903,*
2016年區域立委選舉,2016,臺北市,士林區,天山里,臺北市第01選區,3,黃清原,台灣獨立黨,6,
2016年區域立委選舉,2016,臺北市,士林區,天山里,臺北市第01選區,4,王靜亞,民國黨,151,
2016年區域立委選舉,2016,臺北市,士林區,天山里,臺北市第01選區,5,吳忠錚,健保免費連線,4,
2016年區域立委選舉,2016,臺北市,士林區,天玉里,臺北市第01選區,1,丁守中,中國國民黨,2303,
2016年區域立委選舉,2016,臺北市,士林區,天玉里,臺北市第01選區,2,吳思瑤,民主進步黨,2389,*
2016年區域立委選舉,2016,臺北市,士林區,天玉里,臺北市第01選區,3,黃清原,台灣獨立黨,14,
2016年區域立委選舉,2016,臺北市,士林區,天玉里,臺北市第01選區,4,王靜亞,民國黨,223,
2016年區域立委選舉,2016,臺北市,士林區,天玉里,臺北市第01選區,5,吳忠錚,健保免費連線,7,
2016年區域立委選舉,2016,臺北市,士林區,天母里,臺北市第01選區,1,丁守中,中國國民黨,1871,
2016年區域立委選舉,2016,臺北市,士林區,天母里,臺北市第01選區,2,吳思瑤,民主進步黨,1839,*
2016年區域立委選舉,2016,臺北市,士林區,天母里,臺北市第01選區,3,黃清原,台灣獨立黨,11,
2016年區域立委選舉,2016,臺北市,士林區,天母里,臺北市第01選區,4,王靜亞,民國黨,136,
2016年區域立委選舉,2016,臺北市,士林區,天母里,臺北市第01選區,5,吳忠錚,健保免費連線,4,
2016年區域立委選舉,2016,臺北市,士林區,永福里,臺北市第02選區,1,王銘宗,無黨籍及未經政黨推薦,7,
2016年區域立委選舉,2016,臺北市,士林區,永福里,臺北市第02選區,2,陳民乾,台灣獨立黨,4,
2016年區域立委選舉,2016,臺北市,士林區,永福里,臺北市第02選區,3,吳俊德,信心希望聯盟,14,
2016年區域立委選舉,2016,臺北市,士林區,永福里,臺北市第02選區,4,林幸蓉,健保免費連線,4,
2016年區域立委選舉,2016,臺北市,士林區,永福里,臺北市第02選區,5,潘懷宗,新黨,241,
2016年區域立委選舉,2016,臺北市,士林區,永福里,臺北市第02選區,6,姚文智,民主進步黨,468,*
2016年區域立委選舉,2016,臺北市,士林區,永福里,臺北市第02選區,7,陳建斌,自由台灣黨,3,
2016年區域立委選舉,2016,臺北市,士林區,公館里,臺北市第02選區,1,王銘宗,無黨籍及未經政黨推薦,9,
2016年區域立委選舉,2016,臺北市,士林區,公館里,臺北市第02選區,2,陳民乾,台灣獨立黨,5,
2016年區域立委選舉,2016,臺北市,士林區,公館里,臺北市第02選區,3,吳俊德,信心希望聯盟,8,
2016年區域立委選舉,2016,臺北市,士林區,公館里,臺北市第02選區,4,林幸蓉,健保免費連線,2,
2016年區域立委選舉,2016,臺北市,士林區,公館里,臺北市第02選區,5,潘懷宗,新黨,237,
2016年區域立委選舉,2016,臺北市,士林區,公館里,臺北市第02選區,6,姚文智,民主進步黨,516,*
2016年區域立委選舉,2016,臺北市,士林區,公館里,臺北市第02選區,7,陳建斌,自由台灣黨,2,
2016年區域立委選舉,2016,臺北市,士林區,新安里,臺北市第02選區,1,王銘宗,無黨籍及未經政黨推薦,10,
2016年區域立委選舉,2016,臺北市,士林區,新安里,臺北市第02選區,2,陳民乾,台灣獨立黨,8,
2016年區域立委選舉,2016,臺北市,士林區,新安里,臺北市第02選區,3,吳俊德,信心希望聯盟,19,
2016年區域立委選舉,2016,臺北市,士林區,新安里,臺北市第02選區,4,林幸蓉,健保免費連線,7,
2016年區域立委選舉,2016,臺北市,士林區,新安里,臺北市第02選區,5,潘懷宗,新黨,339,
2016年區域立委選舉,2016,臺北市,士林區,新安里,臺北市第02選區,6,姚文智,民主進步黨,719,*
2016年區域立委選舉,2016,臺北市,士林區,新安里,臺北市第02選區,7,陳建斌,自由台灣黨,2,
2016年區域立委選舉,2016,臺北市,士林區,陽明里,臺北市第02選區,1,王銘宗,無黨籍及未經政黨推薦,22,
2016年區域立委選舉,2016,臺北市,士林區,陽明里,臺北市第02選區,2,陳民乾,台灣獨立黨,8,
2016年區域立委選舉,2016,臺北市,士林區,陽明里,臺北市第02選區,3,吳俊德,信心希望聯盟,38,
2016年區域立委選舉,2016,臺北市,士林區,陽明里,臺北市第02選區,4,林幸蓉,健保免費連線,18,
2016年區域立委選舉,2016,臺北市,士林區,陽明里,臺北市第02選區,5,潘懷宗,新黨,717,
2016年區域立委選舉,2016,臺北市,士林區,陽明里,臺北市第02選區,6,姚文智,民主進步黨,929,*
2016年區域立委選舉,2016,臺北市,士林區,陽明里,臺北市第02選區,7,陳建斌,自由台灣黨,5,
2016年區域立委選舉,2016,臺北市,士林區,菁山里,臺北市第02選區,1,王銘宗,無黨籍及未經政黨推薦,14,
2016年區域立委選舉,2016,臺北市,士林區,菁山里,臺北市第02選區,2,陳民乾,台灣獨立黨,2,
2016年區域立委選舉,2016,臺北市,士林區,菁山里,臺北市第02選區,3,吳俊德,信心希望聯盟,19,
2016年區域立委選舉,2016,臺北市,士林區,菁山里,臺北市第02選區,4,林幸蓉,健保免費連線,5,
2016年區域立委選舉,2016,臺北市,士林區,菁山里,臺北市第02選區,5,潘懷宗,新黨,372,
2016年區域立委選舉,2016,臺北市,士林區,菁山里,臺北市第02選區,6,姚文智,民主進步黨,522,*
2016年區域立委選舉,2016,臺北市,士林區,菁山里,臺北市第02選區,7,陳建斌,自由台灣黨,4,
2016年區域立委選舉,2016,臺北市,士林區,平等里,臺北市第02選區,1,王銘宗,無黨籍及未經政黨推薦,9,
2016年區域立委選舉,2016,臺北市,士林區,平等里,臺北市第02選區,2,陳民乾,台灣獨立黨,2,
2016年區域立委選舉,2016,臺北市,士林區,平等里,臺北市第02選區,3,吳俊德,信心希望聯盟,9,
2016年區域立委選舉,2016,臺北市,士林區,平等里,臺北市第02選區,4,林幸蓉,健保免費連線,7,
2016年區域立委選舉,2016,臺北市,士林區,平等里,臺北市第02選區,5,潘懷宗,新黨,180,
2016年區域立委選舉,2016,臺北市,士林區,平等里,臺北市第02選區,6,姚文智,民主進步黨,690,*
2016年區域立委選舉,2016,臺北市,士林區,平等里,臺北市第02選區,7,陳建斌,自由台灣黨,2,
2016年區域立委選舉,2016,臺北市,士林區,溪山里,臺北市第02選區,1,王銘宗,無黨籍及未經政黨推薦,13,
2016年區域立委選舉,2016,臺北市,士林區,溪山里,臺北市第02選區,2,陳民乾,台灣獨立黨,4,
2016年區域立委選舉,2016,臺北市,士林區,溪山里,臺北市第02選區,3,吳俊德,信心希望聯盟,15,
2016年區域立委選舉,2016,臺北市,士林區,溪山里,臺北市第02選區,4,林幸蓉,健保免費連線,7,
2016年區域立委選舉,2016,臺北市,士林區,溪山里,臺北市第02選區,5,潘懷宗,新黨,214,
2016年區域立委選舉,2016,臺北市,士林區,溪山里,臺北市第02選區,6,姚文智,民主進步黨,541,*
2016年區域立委選舉,2016,臺北市,士林區,溪山里,臺北市第02選區,7,陳建斌,自由台灣黨,4,
2016年區域立委選舉,2016,臺北市,士林區,翠山里,臺北市第02選區,1,王銘宗,無黨籍及未經政黨推薦,9,
2016年區域立委選舉,2016,臺北市,士林區,翠山里,臺北市第02選區,2,陳民乾,台灣獨立黨,1,
2016年區域立委選舉,2016,臺北市,士林區,翠山里,臺北市第02選區,3,吳俊德,信心希望聯盟,70,
2016年區域立委選舉,2016,臺北市,士林區,翠山里,臺北市第02選區,4,林幸蓉,健保免費連線,5,
2016年區域立委選舉,2016,臺北市,士林區,翠山里,臺北市第02選區,5,潘懷宗,新黨,980,
2016年區域立委選舉,2016,臺北市,士林區,翠山里,臺北市第02選區,6,姚文智,民主進步黨,476,*
2016年區域立委選舉,2016,臺北市,士林區,翠山里,臺北市第02選區,7,陳建斌,自由台灣黨,4,
2016年區域立委選舉,2016,臺北市,士林區,臨溪里,臺北市第02選區,1,王銘宗,無黨籍及未經政黨推薦,12,
2016年區域立委選舉,2016,臺北市,士林區,臨溪里,臺北市第02選區,2,陳民乾,台灣獨立黨,3,
2016年區域立委選舉,2016,臺北市,士林區,臨溪里,臺北市第02選區,3,吳俊德,信心希望聯盟,40,
2016年區域立委選舉,2016,臺北市,士林區,臨溪里,臺北市第02選區,4,林幸蓉,健保免費連線,21,
2016年區域立委選舉,2016,臺北市,士林區,臨溪里,臺北市第02選區,5,潘懷宗,新黨,781,
2016年區域立委選舉,2016,臺北市,士林區,臨溪里,臺北市第02選區,6,姚文智,民主進步黨,835,*
2016年區域立委選舉,2016,臺北市,士林區,臨溪里,臺北市第02選區,7,陳建斌,自由台灣黨,3,
2016年區域立委選舉,2016,臺北市,北投區,建民里,臺北市第01選區,1,丁守中,中國國民黨,1030,
2016年區域立委選舉,2016,臺北市,北投區,建民里,臺北市第01選區,2,吳思瑤,民主進步黨,1416,*
2016年區域立委選舉,2016,臺北市,北投區,建民里,臺北市第01選區,3,黃清原,台灣獨立黨,5,
2016年區域立委選舉,2016,臺北市,北投區,建民里,臺北市第01選區,4,王靜亞,民國黨,109,
2016年區域立委選舉,2016,臺北市,北投區,建民里,臺北市第01選區,5,吳忠錚,健保免費連線,5,
2016年區域立委選舉,2016,臺北市,北投區,文林里,臺北市第01選區,1,丁守中,中國國民黨,998,
2016年區域立委選舉,2016,臺北市,北投區,文林里,臺北市第01選區,2,吳思瑤,民主進步黨,1396,*
2016年區域立委選舉,2016,臺北市,北投區,文林里,臺北市第01選區,3,黃清原,台灣獨立黨,3,
2016年區域立委選舉,2016,臺北市,北投區,文林里,臺北市第01選區,4,王靜亞,民國黨,144,
2016年區域立委選舉,2016,臺北市,北投區,文林里,臺北市第01選區,5,吳忠錚,健保免費連線,1,
2016年區域立委選舉,2016,臺北市,北投區,石牌里,臺北市第01選區,1,丁守中,中國國民黨,1261,
2016年區域立委選舉,2016,臺北市,北投區,石牌里,臺北市第01選區,2,吳思瑤,民主進步黨,1759,*
2016年區域立委選舉,2016,臺北市,北投區,石牌里,臺北市第01選區,3,黃清原,台灣獨立黨,4,
2016年區域立委選舉,2016,臺北市,北投區,石牌里,臺北市第01選區,4,王靜亞,民國黨,209,
2016年區域立委選舉,2016,臺北市,北投區,石牌里,臺北市第01選區,5,吳忠錚,健保免費連線,7,
2016年區域立委選舉,2016,臺北市,北投區,福興里,臺北市第01選區,1,丁守中,中國國民黨,1758,
2016年區域立委選舉,2016,臺北市,北投區,福興里,臺北市第01選區,2,吳思瑤,民主進步黨,2100,*
2016年區域立委選舉,2016,臺北市,北投區,福興里,臺北市第01選區,3,黃清原,台灣獨立黨,4,
2016年區域立委選舉,2016,臺北市,北投區,福興里,臺北市第01選區,4,王靜亞,民國黨,231,
2016年區域立委選舉,2016,臺北市,北投區,福興里,臺北市第01選區,5,吳忠錚,健保免費連線,13,
2016年區域立委選舉,2016,臺北市,北投區,榮光里,臺北市第01選區,1,丁守中,中國國民黨,1846,
2016年區域立委選舉,2016,臺北市,北投區,榮光里,臺北市第01選區,2,吳思瑤,民主進步黨,2035,*
2016年區域立委選舉,2016,臺北市,北投區,榮光里,臺北市第01選區,3,黃清原,台灣獨立黨,10,
2016年區域立委選舉,2016,臺北市,北投區,榮光里,臺北市第01選區,4,王靜亞,民國黨,233,
2016年區域立委選舉,2016,臺北市,北投區,榮光里,臺北市第01選區,5,吳忠錚,健保免費連線,7,
2016年區域立委選舉,2016,臺北市,北投區,榮華里,臺北市第01選區,1,丁守中,中國國民黨,2127,
2016年區域立委選舉,2016,臺北市,北投區,榮華里,臺北市第01選區,2,吳思瑤,民主進步黨,2101,*
2016年區域立委選舉,2016,臺北市,北投區,榮華里,臺北市第01選區,3,黃清原,台灣獨立黨,8,
2016年區域立委選舉,2016,臺北市,北投區,榮華里,臺北市第01選區,4,王靜亞,民國黨,186,
2016年區域立委選舉,2016,臺北市,北投區,榮華里,臺北市第01選區,5,吳忠錚,健保免費連線,5,
2016年區域立委選舉,2016,臺北市,北投區,裕民里,臺北市第01選區,1,丁守中,中國國民黨,2016,
2016年區域立委選舉,2016,臺北市,北投區,裕民里,臺北市第01選區,2,吳思瑤,民主進步黨,2165,*
2016年區域立委選舉,2016,臺北市,北投區,裕民里,臺北市第01選區,3,黃清原,台灣獨立黨,9,
2016年區域立委選舉,2016,臺北市,北投區,裕民里,臺北市第01選區,4,王靜亞,民國黨,288,
2016年區域立委選舉,2016,臺北市,北投區,裕民里,臺北市第01選區,5,吳忠錚,健保免費連線,11,
2016年區域立委選舉,2016,臺北市,北投區,振華里,臺北市第01選區,1,丁守中,中國國民黨,2111,
2016年區域立委選舉,2016,臺北市,北投區,振華里,臺北市第01選區,2,吳思瑤,民主進步黨,2094,*
2016年區域立委選舉,2016,臺北市,北投區,振華里,臺北市第01選區,3,黃清原,台灣獨立黨,6,
2016年區域立委選舉,2016,臺北市,北投區,振華里,臺北市第01選區,4,王靜亞,民國黨,300,
2016年區域立委選舉,2016,臺北市,北投區,振華里,臺北市第01選區,5,吳忠錚,健保免費連線,12,
2016年區域立委選舉,2016,臺北市,北投區,永和里,臺北市第01選區,1,丁守中,中國國民黨,2241,
2016年區域立委選舉,2016,臺北市,北投區,永和里,臺北市第01選區,2,吳思瑤,民主進步黨,2666,*
2016年區域立委選舉,2016,臺北市,北投區,永和里,臺北市第01選區,3,黃清原,台灣獨立黨,9,
2016年區域立委選舉,2016,臺北市,北投區,永和里,臺北市第01選區,4,王靜亞,民國黨,253,
2016年區域立委選舉,2016,臺北市,北投區,永和里,臺北市第01選區,5,吳忠錚,健保免費連線,6,
2016年區域立委選舉,2016,臺北市,北投區,永欣里,臺北市第01選區,1,丁守中,中國國民黨,2216,
2016年區域立委選舉,2016,臺北市,北投區,永欣里,臺北市第01選區,2,吳思瑤,民主進步黨,2007,*
2016年區域立委選舉,2016,臺北市,北投區,永欣里,臺北市第01選區,3,黃清原,台灣獨立黨,11,
2016年區域立委選舉,2016,臺北市,北投區,永欣里,臺北市第01選區,4,王靜亞,民國黨,196,
2016年區域立委選舉,2016,臺北市,北投區,永欣里,臺北市第01選區,5,吳忠錚,健保免費連線,8,
2016年區域立委選舉,2016,臺北市,北投區,永明里,臺北市第01選區,1,丁守中,中國國民黨,1319,
2016年區域立委選舉,2016,臺北市,北投區,永明里,臺北市第01選區,2,吳思瑤,民主進步黨,1349,*
2016年區域立委選舉,2016,臺北市,北投區,永明里,臺北市第01選區,3,黃清原,台灣獨立黨,2,
2016年區域立委選舉,2016,臺北市,北投區,永明里,臺北市第01選區,4,王靜亞,民國黨,170,
2016年區域立委選舉,2016,臺北市,北投區,永明里,臺北市第01選區,5,吳忠錚,健保免費連線,4,
2016年區域立委選舉,2016,臺北市,北投區,東華里,臺北市第01選區,1,丁守中,中國國民黨,1325,
2016年區域立委選舉,2016,臺北市,北投區,東華里,臺北市第01選區,2,吳思瑤,民主進步黨,1176,*
2016年區域立委選舉,2016,臺北市,北投區,東華里,臺北市第01選區,3,黃清原,台灣獨立黨,3,
2016年區域立委選舉,2016,臺北市,北投區,東華里,臺北市第01選區,4,王靜亞,民國黨,161,
2016年區域立委選舉,2016,臺北市,北投區,東華里,臺北市第01選區,5,吳忠錚,健保免費連線,6,
2016年區域立委選舉,2016,臺北市,北投區,吉利里,臺北市第01選區,1,丁守中,中國國民黨,1863,
2016年區域立委選舉,2016,臺北市,北投區,吉利里,臺北市第01選區,2,吳思瑤,民主進步黨,1808,*
2016年區域立委選舉,2016,臺北市,北投區,吉利里,臺北市第01選區,3,黃清原,台灣獨立黨,4,
2016年區域立委選舉,2016,臺北市,北投區,吉利里,臺北市第01選區,4,王靜亞,民國黨,268,
2016年區域立委選舉,2016,臺北市,北投區,吉利里,臺北市第01選區,5,吳忠錚,健保免費連線,7,
2016年區域立委選舉,2016,臺北市,北投區,吉慶里,臺北市第01選區,1,丁守中,中國國民黨,1229,
2016年區域立委選舉,2016,臺北市,北投區,吉慶里,臺北市第01選區,2,吳思瑤,民主進步黨,1677,*
2016年區域立委選舉,2016,臺北市,北投區,吉慶里,臺北市第01選區,3,黃清原,台灣獨立黨,4,
2016年區域立委選舉,2016,臺北市,北投區,吉慶里,臺北市第01選區,4,王靜亞,民國黨,159,
2016年區域立委選舉,2016,臺北市,北投區,吉慶里,臺北市第01選區,5,吳忠錚,健保免費連線,3,
2016年區域立委選舉,2016,臺北市,北投區,尊賢里,臺北市第01選區,1,丁守中,中國國民黨,1052,
2016年區域立委選舉,2016,臺北市,北投區,尊賢里,臺北市第01選區,2,吳思瑤,民主進步黨,1540,*
2016年區域立委選舉,2016,臺北市,北投區,尊賢里,臺北市第01選區,3,黃清原,台灣獨立黨,4,
2016年區域立委選舉,2016,臺北市,北投區,尊賢里,臺北市第01選區,4,王靜亞,民國黨,158,
2016年區域立委選舉,2016,臺北市,北投區,尊賢里,臺北市第01選區,5,吳忠錚,健保免費連線,7,
2016年區域立委選舉,2016,臺北市,北投區,立賢里,臺北市第01選區,1,丁守中,中國國民黨,1267,
2016年區域立委選舉,2016,臺北市,北投區,立賢里,臺北市第01選區,2,吳思瑤,民主進步黨,1660,*
2016年區域立委選舉,2016,臺北市,北投區,立賢里,臺北市第01選區,3,黃清原,台灣獨立黨,11,
2016年區域立委選舉,2016,臺北市,北投區,立賢里,臺北市第01選區,4,王靜亞,民國黨,161,
2016年區域立委選舉,2016,臺北市,北投區,立賢里,臺北市第01選區,5,吳忠錚,健保免費連線,6,
2016年區域立委選舉,2016,臺北市,北投區,立農里,臺北市第01選區,1,丁守中,中國國民黨,2183,
2016年區域立委選舉,2016,臺北市,北投區,立農里,臺北市第01選區,2,吳思瑤,民主進步黨,2790,*
2016年區域立委選舉,2016,臺北市,北投區,立農里,臺北市第01選區,3,黃清原,台灣獨立黨,12,
2016年區域立委選舉,2016,臺北市,北投區,立農里,臺北市第01選區,4,王靜亞,民國黨,269,
2016年區域立委選舉,2016,臺北市,北投區,立農里,臺北市第01選區,5,吳忠錚,健保免費連線,10,
2016年區域立委選舉,2016,臺北市,北投區,八仙里,臺北市第01選區,1,丁守中,中國國民黨,1276,
2016年區域立委選舉,2016,臺北市,北投區,八仙里,臺北市第01選區,2,吳思瑤,民主進步黨,1685,*
2016年區域立委選舉,2016,臺北市,北投區,八仙里,臺北市第01選區,3,黃清原,台灣獨立黨,3,
2016年區域立委選舉,2016,臺北市,北投區,八仙里,臺北市第01選區,4,王靜亞,民國黨,162,
2016年區域立委選舉,2016,臺北市,北投區,八仙里,臺北市第01選區,5,吳忠錚,健保免費連線,4,
2016年區域立委選舉,2016,臺北市,北投區,洲美里,臺北市第01選區,1,丁守中,中國國民黨,349,
2016年區域立委選舉,2016,臺北市,北投區,洲美里,臺北市第01選區,2,吳思瑤,民主進步黨,847,*
2016年區域立委選舉,2016,臺北市,北投區,洲美里,臺北市第01選區,3,黃清原,台灣獨立黨,3,
2016年區域立委選舉,2016,臺北市,北投區,洲美里,臺北市第01選區,4,王靜亞,民國黨,44,
2016年區域立委選舉,2016,臺北市,北投區,洲美里,臺北市第01選區,5,吳忠錚,健保免費連線,1,
2016年區域立委選舉,2016,臺北市,北投區,奇岩里,臺北市第01選區,1,丁守中,中國國民黨,2432,
2016年區域立委選舉,2016,臺北市,北投區,奇岩里,臺北市第01選區,2,吳思瑤,民主進步黨,2946,*
2016年區域立委選舉,2016,臺北市,北投區,奇岩里,臺北市第01選區,3,黃清原,台灣獨立黨,15,
2016年區域立委選舉,2016,臺北市,北投區,奇岩里,臺北市第01選區,4,王靜亞,民國黨,283,
2016年區域立委選舉,2016,臺北市,北投區,奇岩里,臺北市第01選區,5,吳忠錚,健保免費連線,16,
2016年區域立委選舉,2016,臺北市,北投區,清江里,臺北市第01選區,1,丁守中,中國國民黨,2052,
2016年區域立委選舉,2016,臺北市,北投區,清江里,臺北市第01選區,2,吳思瑤,民主進步黨,2744,*
2016年區域立委選舉,2016,臺北市,北投區,清江里,臺北市第01選區,3,黃清原,台灣獨立黨,10,
2016年區域立委選舉,2016,臺北市,北投區,清江里,臺北市第01選區,4,王靜亞,民國黨,266,
2016年區域立委選舉,2016,臺北市,北投區,清江里,臺北市第01選區,5,吳忠錚,健保免費連線,9,
2016年區域立委選舉,2016,臺北市,北投區,中央里,臺北市第01選區,1,丁守中,中國國民黨,1926,
2016年區域立委選舉,2016,臺北市,北投區,中央里,臺北市第01選區,2,吳思瑤,民主進步黨,2775,*
2016年區域立委選舉,2016,臺北市,北投區,中央里,臺北市第01選區,3,黃清原,台灣獨立黨,13,
2016年區域立委選舉,2016,臺北市,北投區,中央里,臺北市第01選區,4,王靜亞,民國黨,231,
2016年區域立委選舉,2016,臺北市,北投區,中央里,臺北市第01選區,5,吳忠錚,健保免費連線,9,
2016年區域立委選舉,2016,臺北市,北投區,長安里,臺北市第01選區,1,丁守中,中國國民黨,1377,
2016年區域立委選舉,2016,臺北市,北投區,長安里,臺北市第01選區,2,吳思瑤,民主進步黨,1781,*
2016年區域立委選舉,2016,臺北市,北投區,長安里,臺北市第01選區,3,黃清原,台灣獨立黨,6,
2016年區域立委選舉,2016,臺北市,北投區,長安里,臺北市第01選區,4,王靜亞,民國黨,194,
2016年區域立委選舉,2016,臺北市,北投區,長安里,臺北市第01選區,5,吳忠錚,健保免費連線,6,
2016年區域立委選舉,2016,臺北市,北投區,大同里,臺北市第01選區,1,丁守中,中國國民黨,1292,
2016年區域立委選舉,2016,臺北市,北投區,大同里,臺北市第01選區,2,吳思瑤,民主進步黨,1984,*
2016年區域立委選舉,2016,臺北市,北投區,大同里,臺北市第01選區,3,黃清原,台灣獨立黨,8,
2016年區域立委選舉,2016,臺北市,北投區,大同里,臺北市第01選區,4,王靜亞,民國黨,208,
2016年區域立委選舉,2016,臺北市,北投區,大同里,臺北市第01選區,5,吳忠錚,健保免費連線,7,
2016年區域立委選舉,2016,臺北市,北投區,溫泉里,臺北市第01選區,1,丁守中,中國國民黨,1623,
2016年區域立委選舉,2016,臺北市,北投區,溫泉里,臺北市第01選區,2,吳思瑤,民主進步黨,2097,*
2016年區域立委選舉,2016,臺北市,北投區,溫泉里,臺北市第01選區,3,黃清原,台灣獨立黨,5,
2016年區域立委選舉,2016,臺北市,北投區,溫泉里,臺北市第01選區,4,王靜亞,民國黨,193,
2016年區域立委選舉,2016,臺北市,北投區,溫泉里,臺北市第01選區,5,吳忠錚,健保免費連線,6,
2016年區域立委選舉,2016,臺北市,北投區,林泉里,臺北市第01選區,1,丁守中,中國國民黨,927,
2016年區域立委選舉,2016,臺北市,北投區,林泉里,臺北市第01選區,2,吳思瑤,民主進步黨,806,*
2016年區域立委選舉,2016,臺北市,北投區,林泉里,臺北市第01選區,3,黃清原,台灣獨立黨,5,
2016年區域立委選舉,2016,臺北市,北投區,林泉里,臺北市第01選區,4,王靜亞,民國黨,104,
2016年區域立委選舉,2016,臺北市,北投區,林泉里,臺北市第01選區,5,吳忠錚,健保免費連線,4,
2016年區域立委選舉,2016,臺北市,北投區,中心里,臺北市第01選區,1,丁守中,中國國民黨,1447,
2016年區域立委選舉,2016,臺北市,北投區,中心里,臺北市第01選區,2,吳思瑤,民主進步黨,1811,*
2016年區域立委選舉,2016,臺北市,北投區,中心里,臺北市第01選區,3,黃清原,台灣獨立黨,5,
2016年區域立委選舉,2016,臺北市,北投區,中心里,臺北市第01選區,4,王靜亞,民國黨,222,
2016年區域立委選舉,2016,臺北市,北投區,中心里,臺北市第01選區,5,吳忠錚,健保免費連線,9,
2016年區域立委選舉,2016,臺北市,北投區,中庸里,臺北市第01選區,1,丁守中,中國國民黨,984,
2016年區域立委選舉,2016,臺北市,北投區,中庸里,臺北市第01選區,2,吳思瑤,民主進步黨,1431,*
2016年區域立委選舉,2016,臺北市,北投區,中庸里,臺北市第01選區,3,黃清原,台灣獨立黨,4,
2016年區域立委選舉,2016,臺北市,北投區,中庸里,臺北市第01選區,4,王靜亞,民國黨,160,
2016年區域立委選舉,2016,臺北市,北投區,中庸里,臺北市第01選區,5,吳忠錚,健保免費連線,2,
2016年區域立委選舉,2016,臺北市,北投區,開明里,臺北市第01選區,1,丁守中,中國國民黨,1812,
2016年區域立委選舉,2016,臺北市,北投區,開明里,臺北市第01選區,2,吳思瑤,民主進步黨,1833,*
2016年區域立委選舉,2016,臺北市,北投區,開明里,臺北市第01選區,3,黃清原,台灣獨立黨,7,
2016年區域立委選舉,2016,臺北市,北投區,開明里,臺北市第01選區,4,王靜亞,民國黨,229,
2016年區域立委選舉,2016,臺北市,北投區,開明里,臺北市第01選區,5,吳忠錚,健保免費連線,10,
2016年區域立委選舉,2016,臺北市,北投區,中和里,臺北市第01選區,1,丁守中,中國國民黨,1508,
2016年區域立委選舉,2016,臺北市,北投區,中和里,臺北市第01選區,2,吳思瑤,民主進步黨,1549,*
2016年區域立委選舉,2016,臺北市,北投區,中和里,臺北市第01選區,3,黃清原,台灣獨立黨,10,
2016年區域立委選舉,2016,臺北市,北投區,中和里,臺北市第01選區,4,王靜亞,民國黨,159,
2016年區域立委選舉,2016,臺北市,北投區,中和里,臺北市第01選區,5,吳忠錚,健保免費連線,7,
2016年區域立委選舉,2016,臺北市,北投區,智仁里,臺北市第01選區,1,丁守中,中國國民黨,1552,
2016年區域立委選舉,2016,臺北市,北投區,智仁里,臺北市第01選區,2,吳思瑤,民主進步黨,1764,*
2016年區域立委選舉,2016,臺北市,北投區,智仁里,臺北市第01選區,3,黃清原,台灣獨立黨,8,
2016年區域立委選舉,2016,臺北市,北投區,智仁里,臺北市第01選區,4,王靜亞,民國黨,202,
2016年區域立委選舉,2016,臺北市,北投區,智仁里,臺北市第01選區,5,吳忠錚,健保免費連線,5,
2016年區域立委選舉,2016,臺北市,北投區,秀山里,臺北市第01選區,1,丁守中,中國國民黨,974,
2016年區域立委選舉,2016,臺北市,北投區,秀山里,臺北市第01選區,2,吳思瑤,民主進步黨,913,*
2016年區域立委選舉,2016,臺北市,北投區,秀山里,臺北市第01選區,3,黃清原,台灣獨立黨,3,
2016年區域立委選舉,2016,臺北市,北投區,秀山里,臺北市第01選區,4,王靜亞,民國黨,105,
2016年區域立委選舉,2016,臺北市,北投區,秀山里,臺北市第01選區,5,吳忠錚,健保免費連線,0,
2016年區域立委選舉,2016,臺北市,北投區,文化里,臺北市第01選區,1,丁守中,中國國民黨,1483,
2016年區域立委選舉,2016,臺北市,北投區,文化里,臺北市第01選區,2,吳思瑤,民主進步黨,810,*
2016年區域立委選舉,2016,臺北市,北投區,文化里,臺北市第01選區,3,黃清原,台灣獨立黨,4,
2016年區域立委選舉,2016,臺北市,北投區,文化里,臺北市第01選區,4,王靜亞,民國黨,149,
2016年區域立委選舉,2016,臺北市,北投區,文化里,臺北市第01選區,5,吳忠錚,健保免費連線,3,
2016年區域立委選舉,2016,臺北市,北投區,豐年里,臺北市第01選區,1,丁守中,中國國民黨,1133,
2016年區域立委選舉,2016,臺北市,北投區,豐年里,臺北市第01選區,2,吳思瑤,民主進步黨,1350,*
2016年區域立委選舉,2016,臺北市,北投區,豐年里,臺北市第01選區,3,黃清原,台灣獨立黨,6,
2016年區域立委選舉,2016,臺北市,北投區,豐年里,臺北市第01選區,4,王靜亞,民國黨,177,
2016年區域立委選舉,2016,臺北市,北投區,豐年里,臺北市第01選區,5,吳忠錚,健保免費連線,6,
2016年區域立委選舉,2016,臺北市,北投區,稻香里,臺北市第01選區,1,丁守中,中國國民黨,1297,
2016年區域立委選舉,2016,臺北市,北投區,稻香里,臺北市第01選區,2,吳思瑤,民主進步黨,1428,*
2016年區域立委選舉,2016,臺北市,北投區,稻香里,臺北市第01選區,3,黃清原,台灣獨立黨,0,
2016年區域立委選舉,2016,臺北市,北投區,稻香里,臺北市第01選區,4,王靜亞,民國黨,124,
2016年區域立委選舉,2016,臺北市,北投區,稻香里,臺北市第01選區,5,吳忠錚,健保免費連線,8,
2016年區域立委選舉,2016,臺北市,北投區,桃源里,臺北市第01選區,1,丁守中,中國國民黨,1402,
2016年區域立委選舉,2016,臺北市,北投區,桃源里,臺北市第01選區,2,吳思瑤,民主進步黨,1940,*
2016年區域立委選舉,2016,臺北市,北投區,桃源里,臺北市第01選區,3,黃清原,台灣獨立黨,10,
2016年區域立委選舉,2016,臺北市,北投區,桃源里,臺北市第01選區,4,王靜亞,民國黨,194,
2016年區域立委選舉,2016,臺北市,北投區,桃源里,臺北市第01選區,5,吳忠錚,健保免費連線,11,
2016年區域立委選舉,2016,臺北市,北投區,一德里,臺北市第01選區,1,丁守中,中國國民黨,1591,
2016年區域立委選舉,2016,臺北市,北投區,一德里,臺北市第01選區,2,吳思瑤,民主進步黨,2399,*
2016年區域立委選舉,2016,臺北市,北投區,一德里,臺北市第01選區,3,黃清原,台灣獨立黨,7,
2016年區域立委選舉,2016,臺北市,北投區,一德里,臺北市第01選區,4,王靜亞,民國黨,192,
2016年區域立委選舉,2016,臺北市,北投區,一德里,臺北市第01選區,5,吳忠錚,健保免費連線,6,
2016年區域立委選舉,2016,臺北市,北投區,關渡里,臺北市第01選區,1,丁守中,中國國民黨,2738,
2016年區域立委選舉,2016,臺北市,北投區,關渡里,臺北市第01選區,2,吳思瑤,民主進步黨,3342,*
2016年區域立委選舉,2016,臺北市,北投區,關渡里,臺北市第01選區,3,黃清原,台灣獨立黨,15,
2016年區域立委選舉,2016,臺北市,北投區,關渡里,臺北市第01選區,4,王靜亞,民國黨,341,
2016年區域立委選舉,2016,臺北市,北投區,關渡里,臺北市第01選區,5,吳忠錚,健保免費連線,15,
2016年區域立委選舉,2016,臺北市,北投區,泉源里,臺北市第01選區,1,丁守中,中國國民黨,492,
2016年區域立委選舉,2016,臺北市,北投區,泉源里,臺北市第01選區,2,吳思瑤,民主進步黨,786,*
2016年區域立委選舉,2016,臺北市,北投區,泉源里,臺北市第01選區,3,黃清原,台灣獨立黨,6,
2016年區域立委選舉,2016,臺北市,北投區,泉源里,臺北市第01選區,4,王靜亞,民國黨,69,
2016年區域立委選舉,2016,臺北市,北投區,泉源里,臺北市第01選區,5,吳忠錚,健保免費連線,4,
2016年區域立委選舉,2016,臺北市,北投區,湖山里,臺北市第01選區,1,丁守中,中國國民黨,427,
2016年區域立委選舉,2016,臺北市,北投區,湖山里,臺北市第01選區,2,吳思瑤,民主進步黨,578,*
2016年區域立委選舉,2016,臺北市,北投區,湖山里,臺北市第01選區,3,黃清原,台灣獨立黨,1,
2016年區域立委選舉,2016,臺北市,北投區,湖山里,臺北市第01選區,4,王靜亞,民國黨,29,
2016年區域立委選舉,2016,臺北市,北投區,湖山里,臺北市第01選區,5,吳忠錚,健保免費連線,3,
2016年區域立委選舉,2016,臺北市,北投區,大屯里,臺北市第01選區,1,丁守中,中國國民黨,191,
2016年區域立委選舉,2016,臺北市,北投區,大屯里,臺北市第01選區,2,吳思瑤,民主進步黨,437,*
2016年區域立委選舉,2016,臺北市,北投區,大屯里,臺北市第01選區,3,黃清原,台灣獨立黨,0,
2016年區域立委選舉,2016,臺北市,北投區,大屯里,臺北市第01選區,4,王靜亞,民國黨,35,
2016年區域立委選舉,2016,臺北市,北投區,大屯里,臺北市第01選區,5,吳忠錚,健保免費連線,0,
2016年區域立委選舉,2016,臺北市,北投區,湖田里,臺北市第01選區,1,丁守中,中國國民黨,216,
2016年區域立委選舉,2016,臺北市,北投區,湖田里,臺北市第01選區,2,吳思瑤,民主進步黨,299,*
2016年區域立委選舉,2016,臺北市,北投區,湖田里,臺北市第01選區,3,黃清原,台灣獨立黨,1,
2016年區域立委選舉,2016,臺北市,北投區,湖田里,臺北市第01選區,4,王靜亞,民國黨,41,
2016年區域立委選舉,2016,臺北市,北投區,湖田里,臺北市第01選區,5,吳忠錚,健保免費連線,1,
