選舉名稱,屆期,縣市,鄉鎮市區,村里,選區,號次,候選人,政黨,得票數,當選註記
2020年區域立委選舉,2020,臺北市,松山區,莊敬里,臺北市第03選區,1,何景榮,台灣民眾黨,88,
2020年區域立委選舉,2020,臺北市,松山區,莊敬里,臺北市第03選區,2,吳怡農,民主進步黨,1421,
2020年區域立委選舉,2020,臺北市,松山區,莊敬里,臺北市第03選區,3,田方宇,安定力量,23,
2020年區域立委選舉,2020,臺北市,松山區,莊敬里,臺北市第03選區,4,蔣萬安,中國國民黨,1907,*
2020年區域立委選舉,2020,臺北市,松山區,東榮里,臺北市第03選區,1,何景榮,台灣民眾黨,104,
2020年區域立委選舉,2020,臺北市,松山區,東榮里,臺北市第03選區,2,吳怡農,民主進步黨,2339,
2020年區域立委選舉,2020,臺北市,松山區,東榮里,臺北市第03選區,3,田方宇,安定力量,27,
2020年區域立委選舉,2020,臺北市,松山區,東榮里,臺北市第03選區,4,蔣萬安,中國國民黨,2522,*
2020年區域立委選舉,2020,臺北市,松山區,三民里,臺北市第03選區,1,何景榮,台灣民眾黨,91,
2020年區域立委選舉,2020,臺北市,松山區,三民里,臺北市第03選區,2,吳怡農,民主進步黨,1881,
2020年區域立委選舉,2020,臺北市,松山區,三民里,臺北市第03選區,3,田方宇,安定力量,22,
2020年區域立委選舉,2020,臺北市,松山區,三民里,臺北市第03選區,4,蔣萬安,中國國民黨,2384,*
2020年區域立委選舉,2020,臺北市,松山區,新益里,臺北市第03選區,1,何景榮,台灣民眾黨,76,
2020年區域立委選舉,2020,臺北市,松山區,新益里,臺北市第03選區,2,吳怡農,民主進步黨,1440,
2020年區域立委選舉,2020,臺北市,松山區,新益里,臺北市第03選區,3,田方宇,安定力量,16,
2020年區域立委選舉,2020,臺北市,松山區,新益里,臺北市第03選區,4,蔣萬安,中國國民黨,1532,*
2020年區域立委選舉,2020,臺北市,松山區,富錦里,臺北市第03選區,1,何景榮,台灣民眾黨,72,
2020年區域立委選舉,2020,臺北市,松山區,富錦里,臺北市第03選區,2,吳怡農,民主進步黨,1461,
2020年區域立委選舉,2020,臺北市,松山區,富錦里,臺北市第03選區,3,田方宇,安定力量,16,
2020年區域立委選舉,2020,臺北市,松山區,富錦里,臺北市第03選區,4,蔣萬安,中國國民黨,1790,*
2020年區域立委選舉,2020,臺北市,松山區,新東里,臺北市第03選區,1,何景榮,台灣民眾黨,93,
2020年區域立委選舉,2020,臺北市,松山區,新東里,臺北市第03選區,2,吳怡農,民主進步黨,1468,
2020年區域立委選舉,2020,臺北市,松山區,新東里,臺北市第03選區,3,田方宇,安定力量,15,
2020年區域立委選舉,2020,臺北市,松山區,新東里,臺北市第03選區,4,蔣萬安,中國國民黨,1693,*
2020年區域立委選舉,2020,臺北市,松山區,富泰里,臺北市第03選區,1,何景榮,台灣民眾黨,57,
2020年區域立委選舉,2020,臺北市,松山區,富泰里,臺北市第03選區,2,吳怡農,民主進步黨,1181,
2020年區域立委選舉,2020,臺北市,松山區,富泰里,臺北市第03選區,3,田方宇,安定力量,19,
2020年區域立委選舉,2020,臺北市,松山區,富泰里,臺北市第03選區,4,蔣萬安,中國國民黨,1754,*
2020年區域立委選舉,2020,臺北市,松山區,介壽里,臺北市第03選區,1,何景榮,台灣民眾黨,61,
2020年區域立委選舉,2020,臺北市,松山區,介壽里,臺北市第03選區,2,吳怡農,民主進步黨,1296,
2020年區域立委選舉,2020,臺北市,松山區,介壽里,臺北市第03選區,3,田方宇,安定力量,15,
2020年區域立委選舉,2020,臺北市,松山區,介壽里,臺北市第03選區,4,蔣萬安,中國國民黨,1388,*
2020年區域立委選舉,2020,臺北市,松山區,精忠里,臺北市第03選區,1,何景榮,台灣民眾黨,44,
2020年區域立委選舉,2020,臺北市,松山區,精忠里,臺北市第03選區,2,吳怡農,民主進步黨,1213,
2020年區域立委選舉,2020,臺北市,松山區,精忠里,臺北市第03選區,3,田方宇,安定力量,15,
2020年區域立委選舉,2020,臺北市,松山區,精忠里,臺北市第03選區,4,蔣萬安,中國國民黨,1456,*
2020年區域立委選舉,2020,臺北市,松山區,東光里,臺北市第03選區,1,何景榮,台灣民眾黨,117,
2020年區域立委選舉,2020,臺北市,松山區,東光里,臺北市第03選區,2,吳怡農,民主進步黨,1992,
2020年區域立委選舉,2020,臺北市,松山區,東光里,臺北市第03選區,3,田方宇,安定力量,21,
2020年區域立委選舉,2020,臺北市,松山區,東光里,臺北市第03選區,4,蔣萬安,中國國民黨,2542,*
2020年區域立委選舉,2020,臺北市,松山區,龍田里,臺北市第03選區,1,何景榮,台灣民眾黨,135,
2020年區域立委選舉,2020,臺北市,松山區,龍田里,臺北市第03選區,2,吳怡農,民主進步黨,2137,
2020年區域立委選舉,2020,臺北市,松山區,龍田里,臺北市第03選區,3,田方宇,安定力量,37,
2020年區域立委選舉,2020,臺北市,松山區,龍田里,臺北市第03選區,4,蔣萬安,中國國民黨,4158,*
2020年區域立委選舉,2020,臺北市,松山區,東昌里,臺北市第03選區,1,何景榮,台灣民眾黨,31,
2020年區域立委選舉,2020,臺北市,松山區,東昌里,臺北市第03選區,2,吳怡農,民主進步黨,835,
2020年區域立委選舉,2020,臺北市,松山區,東昌里,臺北市第03選區,3,田方宇,安定力量,17,
2020年區域立委選舉,2020,臺北市,松山區,東昌里,臺北市第03選區,4,蔣萬安,中國國民黨,806,*
2020年區域立委選舉,2020,臺北市,松山區,東勢里,臺北市第03選區,1,何景榮,台灣民眾黨,74,
2020年區域立委選舉,2020,臺北市,松山區,東勢里,臺北市第03選區,2,吳怡農,民主進步黨,1247,
2020年區域立委選舉,2020,臺北市,松山區,東勢里,臺北市第03選區,3,田方宇,安定力量,17,
2020年區域立委選舉,2020,臺北市,松山區,東勢里,臺北市第03選區,4,蔣萬安,中國國民黨,1373,*
2020年區域立委選舉,2020,臺北市,松山區,中華里,臺北市第03選區,1,何景榮,台灣民眾黨,86,
2020年區域立委選舉,2020,臺北市,松山區,中華里,臺北市第03選區,2,吳怡農,民主進步黨,1659,
2020年區域立委選舉,2020,臺北市,松山區,中華里,臺北市第03選區,3,田方宇,安定力量,32,
2020年區域立委選舉,2020,臺北市,松山區,中華里,臺北市第03選區,4,蔣萬安,中國國民黨,2205,*
2020年區域立委選舉,2020,臺北市,松山區,民有里,臺北市第03選區,1,何景榮,台灣民眾黨,130,
2020年區域立委選舉,2020,臺北市,松山區,民有里,臺北市第03選區,2,吳怡農,民主進步黨,2770,
2020年區域立委選舉,2020,臺北市,松山區,民有里,臺北市第03選區,3,田方宇,安定力量,22,
2020年區域立委選舉,2020,臺北市,松山區,民有里,臺北市第03選區,4,蔣萬安,中國國民黨,2751,*
2020年區域立委選舉,2020,臺北市,松山區,民福里,臺北市第03選區,1,何景榮,台灣民眾黨,86,
2020年區域立委選舉,2020,臺北市,松山區,民福里,臺北市第03選區,2,吳怡農,民主進步黨,1638,
2020年區域立委選舉,2020,臺北市,松山區,民福里,臺北市第03選區,3,田方宇,安定力量,27,
2020年區域立委選舉,2020,臺北市,松山區,民福里,臺北市第03選區,4,蔣萬安,中國國民黨,2500,*
2020年區域立委選舉,2020,臺北市,松山區,慈祐里,臺北市第07選區,1,王映心,台灣基進,51,
2020年區域立委選舉,2020,臺北市,松山區,慈祐里,臺北市第07選區,2,蔡宜芳,台灣民眾黨,526,
2020年區域立委選舉,2020,臺北市,松山區,慈祐里,臺北市第07選區,3,費鴻泰,中國國民黨,1642,*
2020年區域立委選舉,2020,臺北市,松山區,慈祐里,臺北市第07選區,4,許淑華,民主進步黨,2265,
2020年區域立委選舉,2020,臺北市,松山區,慈祐里,臺北市第07選區,5,蘇伊文,言論自由聯盟,9,
2020年區域立委選舉,2020,臺北市,松山區,安平里,臺北市第03選區,1,何景榮,台灣民眾黨,176,
2020年區域立委選舉,2020,臺北市,松山區,安平里,臺北市第03選區,2,吳怡農,民主進步黨,2653,
2020年區域立委選舉,2020,臺北市,松山區,安平里,臺北市第03選區,3,田方宇,安定力量,31,
2020年區域立委選舉,2020,臺北市,松山區,安平里,臺北市第03選區,4,蔣萬安,中國國民黨,2688,*
2020年區域立委選舉,2020,臺北市,松山區,鵬程里,臺北市第03選區,1,何景榮,台灣民眾黨,87,
2020年區域立委選舉,2020,臺北市,松山區,鵬程里,臺北市第03選區,2,吳怡農,民主進步黨,1319,
2020年區域立委選舉,2020,臺北市,松山區,鵬程里,臺北市第03選區,3,田方宇,安定力量,16,
2020年區域立委選舉,2020,臺北市,松山區,鵬程里,臺北市第03選區,4,蔣萬安,中國國民黨,2141,*
2020年區域立委選舉,2020,臺北市,松山區,自強里,臺北市第03選區,1,何景榮,台灣民眾黨,141,
2020年區域立委選舉,2020,臺北市,松山區,自強里,臺北市第03選區,2,吳怡農,民主進步黨,1719,
2020年區域立委選舉,2020,臺北市,松山區,自強里,臺北市第03選區,3,田方宇,安定力量,38,
2020年區域立委選舉,2020,臺北市,松山區,自強里,臺北市第03選區,4,蔣萬安,中國國民黨,4491,*
2020年區域立委選舉,2020,臺北市,松山區,吉祥里,臺北市第07選區,1,王映心,台灣基進,49,
2020年區域立委選舉,2020,臺北市,松山區,吉祥里,臺北市第07選區,2,蔡宜芳,台灣民眾黨,516,
2020年區域立委選舉,2020,臺北市,松山區,吉祥里,臺北市第07選區,3,費鴻泰,中國國民黨,2529,*
2020年區域立委選舉,2020,臺北市,松山區,吉祥里,臺北市第07選區,4,許淑華,民主進步黨,2305,
2020年區域立委選舉,2020,臺北市,松山區,吉祥里,臺北市第07選區,5,蘇伊文,言論自由聯盟,6,
2020年區域立委選舉,2020,臺北市,松山區,新聚里,臺北市第07選區,1,王映心,台灣基進,55,
2020年區域立委選舉,2020,臺北市,松山區,新聚里,臺北市第07選區,2,蔡宜芳,台灣民眾黨,534,
2020年區域立委選舉,2020,臺北市,松山區,新聚里,臺北市第07選區,3,費鴻泰,中國國民黨,2179,*
2020年區域立委選舉,2020,臺北市,松山區,新聚里,臺北市第07選區,4,許淑華,民主進步黨,2363,
2020年區域立委選舉,2020,臺北市,松山區,新聚里,臺北市第07選區,5,蘇伊文,言論自由聯盟,8,
2020年區域立委選舉,2020,臺北市,松山區,復盛里,臺北市第07選區,1,王映心,台灣基進,38,
2020年區域立委選舉,2020,臺北市,松山區,復盛里,臺北市第07選區,2,蔡宜芳,台灣民眾黨,344,
2020年區域立委選舉,2020,臺北市,松山區,復盛里,臺北市第07選區,3,費鴻泰,中國國民黨,1993,*
2020年區域立委選舉,2020,臺北市,松山區,復盛里,臺北市第07選區,4,許淑華,民主進步黨,1703,
2020年區域立委選舉,2020,臺北市,松山區,復盛里,臺北市第07選區,5,蘇伊文,言論自由聯盟,3,
2020年區域立委選舉,2020,臺北市,松山區,中正里,臺北市第07選區,1,王映心,台灣基進,77,
2020年區域立委選舉,2020,臺北市,松山區,中正里,臺北市第07選區,2,蔡宜芳,台灣民眾黨,567,
2020年區域立委選舉,2020,臺北市,松山區,中正里,臺北市第07選區,3,費鴻泰,中國國民黨,2357,*
2020年區域立委選舉,2020,臺北市,松山區,中正里,臺北市第07選區,4,許淑華,民主進步黨,2684,
2020年區域立委選舉,2020,臺北市,松山區,中正里,臺北市第07選區,5,蘇伊文,言論自由聯盟,11,
2020年區域立委選舉,2020,臺北市,松山區,中崙里,臺北市第07選區,1,王映心,台灣基進,31,
2020年區域立委選舉,2020,臺北市,松山區,中崙里,臺北市第07選區,2,蔡宜芳,台灣民眾黨,236,
2020年區域立委選舉,2020,臺北市,松山區,中崙里,臺北市第07選區,3,費鴻泰,中國國民黨,1106,*
2020年區域立委選舉,2020,臺北市,松山區,中崙里,臺北市第07選區,4,許淑華,民主進步黨,1091,
2020年區域立委選舉,2020,臺北市,松山區,中崙里,臺北市第07選區,5,蘇伊文,言論自由聯盟,6,
2020年區域立委選舉,2020,臺北市,松山區,美仁里,臺北市第07選區,1,王映心,台灣基進,21,
2020年區域立委選舉,2020,臺北市,松山區,美仁里,臺北市第07選區,2,蔡宜芳,台灣民眾黨,227,
2020年區域立委選舉,2020,臺北市,松山區,美仁里,臺北市第07選區,3,費鴻泰,中國國民黨,934,*
2020年區域立委選舉,2020,臺北市,松山區,美仁里,臺北市第07選區,4,許淑華,民主進步黨,1040,
2020年區域立委選舉,2020,臺北市,松山區,美仁里,臺北市第07選區,5,蘇伊文,言論自由聯盟,5,
2020年區域立委選舉,2020,臺北市,松山區,吉仁里,臺北市第07選區,1,王映心,台灣基進,18,
2020年區域立委選舉,2020,臺北市,松山區,吉仁里,臺北市第07選區,2,蔡宜芳,台灣民眾黨,230,
2020年區域立委選舉,2020,臺北市,松山區,吉仁里,臺北市第07選區,3,費鴻泰,中國國民黨,1094,*
2020年區域立委選舉,2020,臺北市,松山區,吉仁里,臺北市第07選區,4,許淑華,民主進步黨,1091,
2020年區域立委選舉,2020,臺北市,松山區,吉仁里,臺北市第07選區,5,蘇伊文,言論自由聯盟,4,
2020年區域立委選舉,2020,臺北市,松山區,敦化里,臺北市第07選區,1,王映心,台灣基進,37,
2020年區域立委選舉,2020,臺北市,松山區,敦化里,臺北市第07選區,2,蔡宜芳,台灣民眾黨,414,
2020年區域立委選舉,2020,臺北市,松山區,敦化里,臺北市第07選區,3,費鴻泰,中國國民黨,1879,*
2020年區域立委選舉,2020,臺北市,松山區,敦化里,臺北市第07選區,4,許淑華,民主進步黨,1991,
2020年區域立委選舉,2020,臺北市,松山區,敦化里,臺北市第07選區,5,蘇伊文,言論自由聯盟,6,
2020年區域立委選舉,2020,臺北市,松山區,復源里,臺北市第07選區,1,王映心,台灣基進,28,
2020年區域立委選舉,2020,臺北市,松山區,復源里,臺北市第07選區,2,蔡宜芳,台灣民眾黨,177,
2020年區域立委選舉,2020,臺北市,松山區,復源里,臺北市第07選區,3,費鴻泰,中國國民黨,943,*
2020年區域立委選舉,2020,臺北市,松山區,復源里,臺北市第07選區,4,許淑華,民主進步黨,852,
2020年區域立委選舉,2020,臺北市,松山區,復源里,臺北市第07選區,5,蘇伊文,言論自由聯盟,1,
2020年區域立委選舉,2020,臺北市,松山區,復建里,臺北市第07選區,1,王映心,台灣基進,30,
2020年區域立委選舉,2020,臺北市,松山區,復建里,臺北市第07選區,2,蔡宜芳,台灣民眾黨,272,
2020年區域立委選舉,2020,臺北市,松山區,復建里,臺北市第07選區,3,費鴻泰,中國國民黨,1289,*
2020年區域立委選舉,2020,臺北市,松山區,復建里,臺北市第07選區,4,許淑華,民主進步黨,1172,
2020年區域立委選舉,2020,臺北市,松山區,復建里,臺北市第07選區,5,蘇伊文,言論自由聯盟,4,
2020年區域立委選舉,2020,臺北市,松山區,復勢里,臺北市第07選區,1,王映心,台灣基進,40,
2020年區域立委選舉,2020,臺北市,松山區,復勢里,臺北市第07選區,2,蔡宜芳,台灣民眾黨,451,
2020年區域立委選舉,2020,臺北市,松山區,復勢里,臺北市第07選區,3,費鴻泰,中國國民黨,1661,*
2020年區域立委選舉,2020,臺北市,松山區,復勢里,臺北市第07選區,4,許淑華,民主進步黨,1800,
2020年區域立委選舉,2020,臺北市,松山區,復勢里,臺北市第07選區,5,蘇伊文,言論自由聯盟,10,
2020年區域立委選舉,2020,臺北市,松山區,福成里,臺北市第07選區,1,王映心,台灣基進,19,
2020年區域立委選舉,2020,臺北市,松山區,福成里,臺北市第07選區,2,蔡宜芳,台灣民眾黨,145,
2020年區域立委選舉,2020,臺北市,松山區,福成里,臺北市第07選區,3,費鴻泰,中國國民黨,698,*
2020年區域立委選舉,2020,臺北市,松山區,福成里,臺北市第07選區,4,許淑華,民主進步黨,711,
2020年區域立委選舉,2020,臺北市,松山區,福成里,臺北市第07選區,5,蘇伊文,言論自由聯盟,6,
2020年區域立委選舉,2020,臺北市,松山區,松基里,臺北市第03選區,1,何景榮,台灣民眾黨,49,
2020年區域立委選舉,2020,臺北市,松山區,松基里,臺北市第03選區,2,吳怡農,民主進步黨,1114,
2020年區域立委選舉,2020,臺北市,松山區,松基里,臺北市第03選區,3,田方宇,安定力量,17,
2020年區域立委選舉,2020,臺北市,松山區,松基里,臺北市第03選區,4,蔣萬安,中國國民黨,1170,*
2020年區域立委選舉,2020,臺北市,信義區,西村里,臺北市第07選區,1,王映心,台灣基進,34,
2020年區域立委選舉,2020,臺北市,信義區,西村里,臺北市第07選區,2,蔡宜芳,台灣民眾黨,276,
2020年區域立委選舉,2020,臺北市,信義區,西村里,臺北市第07選區,3,費鴻泰,中國國民黨,1944,*
2020年區域立委選舉,2020,臺北市,信義區,西村里,臺北市第07選區,4,許淑華,民主進步黨,815,
2020年區域立委選舉,2020,臺北市,信義區,西村里,臺北市第07選區,5,蘇伊文,言論自由聯盟,2,
2020年區域立委選舉,2020,臺北市,信義區,正和里,臺北市第07選區,1,王映心,台灣基進,25,
2020年區域立委選舉,2020,臺北市,信義區,正和里,臺北市第07選區,2,蔡宜芳,台灣民眾黨,247,
2020年區域立委選舉,2020,臺北市,信義區,正和里,臺北市第07選區,3,費鴻泰,中國國民黨,1548,*
2020年區域立委選舉,2020,臺北市,信義區,正和里,臺北市第07選區,4,許淑華,民主進步黨,1073,
2020年區域立委選舉,2020,臺北市,信義區,正和里,臺北市第07選區,5,蘇伊文,言論自由聯盟,5,
2020年區域立委選舉,2020,臺北市,信義區,興隆里,臺北市第07選區,1,王映心,台灣基進,22,
2020年區域立委選舉,2020,臺北市,信義區,興隆里,臺北市第07選區,2,蔡宜芳,台灣民眾黨,130,
2020年區域立委選舉,2020,臺北市,信義區,興隆里,臺北市第07選區,3,費鴻泰,中國國民黨,854,*
2020年區域立委選舉,2020,臺北市,信義區,興隆里,臺北市第07選區,4,許淑華,民主進步黨,594,
2020年區域立委選舉,2020,臺北市,信義區,興隆里,臺北市第07選區,5,蘇伊文,言論自由聯盟,5,
2020年區域立委選舉,2020,臺北市,信義區,中興里,臺北市第07選區,1,王映心,台灣基進,17,
2020年區域立委選舉,2020,臺北市,信義區,中興里,臺北市第07選區,2,蔡宜芳,台灣民眾黨,189,
2020年區域立委選舉,2020,臺北市,信義區,中興里,臺北市第07選區,3,費鴻泰,中國國民黨,1029,*
2020年區域立委選舉,2020,臺北市,信義區,中興里,臺北市第07選區,4,許淑華,民主進步黨,854,
2020年區域立委選舉,2020,臺北市,信義區,中興里,臺北市第07選區,5,蘇伊文,言論自由聯盟,5,
2020年區域立委選舉,2020,臺北市,信義區,新仁里,臺北市第07選區,1,王映心,台灣基進,21,
2020年區域立委選舉,2020,臺北市,信義區,新仁里,臺北市第07選區,2,蔡宜芳,台灣民眾黨,193,
2020年區域立委選舉,2020,臺北市,信義區,新仁里,臺北市第07選區,3,費鴻泰,中國國民黨,1069,*
2020年區域立委選舉,2020,臺北市,信義區,新仁里,臺北市第07選區,4,許淑華,民主進步黨,775,
2020年區域立委選舉,2020,臺北市,信義區,新仁里,臺北市第07選區,5,蘇伊文,言論自由聯盟,1,
2020年區域立委選舉,2020,臺北市,信義區,興雅里,臺北市第07選區,1,王映心,台灣基進,39,
2020年區域立委選舉,2020,臺北市,信義區,興雅里,臺北市第07選區,2,蔡宜芳,台灣民眾黨,311,
2020年區域立委選舉,2020,臺北市,信義區,興雅里,臺北市第07選區,3,費鴻泰,中國國民黨,1756,*
2020年區域立委選舉,2020,臺北市,信義區,興雅里,臺北市第07選區,4,許淑華,民主進步黨,1531,
2020年區域立委選舉,2020,臺北市,信義區,興雅里,臺北市第07選區,5,蘇伊文,言論自由聯盟,10,
2020年區域立委選舉,2020,臺北市,信義區,敦厚里,臺北市第07選區,1,王映心,台灣基進,30,
2020年區域立委選舉,2020,臺北市,信義區,敦厚里,臺北市第07選區,2,蔡宜芳,台灣民眾黨,348,
2020年區域立委選舉,2020,臺北市,信義區,敦厚里,臺北市第07選區,3,費鴻泰,中國國民黨,1503,*
2020年區域立委選舉,2020,臺北市,信義區,敦厚里,臺北市第07選區,4,許淑華,民主進步黨,1413,
2020年區域立委選舉,2020,臺北市,信義區,敦厚里,臺北市第07選區,5,蘇伊文,言論自由聯盟,4,
2020年區域立委選舉,2020,臺北市,信義區,廣居里,臺北市第07選區,1,王映心,台灣基進,53,
2020年區域立委選舉,2020,臺北市,信義區,廣居里,臺北市第07選區,2,蔡宜芳,台灣民眾黨,434,
2020年區域立委選舉,2020,臺北市,信義區,廣居里,臺北市第07選區,3,費鴻泰,中國國民黨,2349,*
2020年區域立委選舉,2020,臺北市,信義區,廣居里,臺北市第07選區,4,許淑華,民主進步黨,1959,
2020年區域立委選舉,2020,臺北市,信義區,廣居里,臺北市第07選區,5,蘇伊文,言論自由聯盟,13,
2020年區域立委選舉,2020,臺北市,信義區,安康里,臺北市第07選區,1,王映心,台灣基進,75,
2020年區域立委選舉,2020,臺北市,信義區,安康里,臺北市第07選區,2,蔡宜芳,台灣民眾黨,564,
2020年區域立委選舉,2020,臺北市,信義區,安康里,臺北市第07選區,3,費鴻泰,中國國民黨,2973,*
2020年區域立委選舉,2020,臺北市,信義區,安康里,臺北市第07選區,4,許淑華,民主進步黨,2664,
2020年區域立委選舉,2020,臺北市,信義區,安康里,臺北市第07選區,5,蘇伊文,言論自由聯盟,20,
2020年區域立委選舉,2020,臺北市,信義區,六藝里,臺北市第07選區,1,王映心,台灣基進,18,
2020年區域立委選舉,2020,臺北市,信義區,六藝里,臺北市第07選區,2,蔡宜芳,台灣民眾黨,211,
2020年區域立委選舉,2020,臺北市,信義區,六藝里,臺北市第07選區,3,費鴻泰,中國國民黨,986,*
2020年區域立委選舉,2020,臺北市,信義區,六藝里,臺北市第07選區,4,許淑華,民主進步黨,1128,
2020年區域立委選舉,2020,臺北市,信義區,六藝里,臺北市第07選區,5,蘇伊文,言論自由聯盟,3,
2020年區域立委選舉,2020,臺北市,信義區,雅祥里,臺北市第07選區,1,王映心,台灣基進,35,
2020年區域立委選舉,2020,臺北市,信義區,雅祥里,臺北市第07選區,2,蔡宜芳,台灣民眾黨,313,
2020年區域立委選舉,2020,臺北市,信義區,雅祥里,臺北市第07選區,3,費鴻泰,中國國民黨,1339,*
2020年區域立委選舉,2020,臺北市,信義區,雅祥里,臺北市第07選區,4,許淑華,民主進步黨,1566,
2020年區域立委選舉,2020,臺北市,信義區,雅祥里,臺北市第07選區,5,蘇伊文,言論自由聯盟,3,
2020年區域立委選舉,2020,臺北市,信義區,五常里,臺北市第07選區,1,王映心,台灣基進,29,
2020年區域立委選舉,2020,臺北市,信義區,五常里,臺北市第07選區,2,蔡宜芳,台灣民眾黨,214,
2020年區域立委選舉,2020,臺北市,信義區,五常里,臺北市第07選區,3,費鴻泰,中國國民黨,1044,*
2020年區域立委選舉,2020,臺北市,信義區,五常里,臺北市第07選區,4,許淑華,民主進步黨,1062,
2020年區域立委選舉,2020,臺北市,信義區,五常里,臺北市第07選區,5,蘇伊文,言論自由聯盟,2,
2020年區域立委選舉,2020,臺北市,信義區,五全里,臺北市第07選區,1,王映心,台灣基進,36,
2020年區域立委選舉,2020,臺北市,信義區,五全里,臺北市第07選區,2,蔡宜芳,台灣民眾黨,299,
2020年區域立委選舉,2020,臺北市,信義區,五全里,臺北市第07選區,3,費鴻泰,中國國民黨,1306,*
2020年區域立委選舉,2020,臺北市,信義區,五全里,臺北市第07選區,4,許淑華,民主進步黨,1582,
2020年區域立委選舉,2020,臺北市,信義區,五全里,臺北市第07選區,5,蘇伊文,言論自由聯盟,4,
2020年區域立委選舉,2020,臺北市,信義區,永吉里,臺北市第07選區,1,王映心,台灣基進,27,
2020年區域立委選舉,2020,臺北市,信義區,永吉里,臺北市第07選區,2,蔡宜芳,台灣民眾黨,245,
2020年區域立委選舉,2020,臺北市,信義區,永吉里,臺北市第07選區,3,費鴻泰,中國國民黨,848,*
2020年區域立委選舉,2020,臺北市,信義區,永吉里,臺北市第07選區,4,許淑華,民主進步黨,1411,
2020年區域立委選舉,2020,臺北市,信義區,永吉里,臺北市第07選區,5,蘇伊文,言論自由聯盟,5,
2020年區域立委選舉,2020,臺北市,信義區,長春里,臺北市第07選區,1,王映心,台灣基進,26,
2020年區域立委選舉,2020,臺北市,信義區,長春里,臺北市第07選區,2,蔡宜芳,台灣民眾黨,266,
2020年區域立委選舉,2020,臺北市,信義區,長春里,臺北市第07選區,3,費鴻泰,中國國民黨,1115,*
2020年區域立委選舉,2020,臺北市,信義區,長春里,臺北市第07選區,4,許淑華,民主進步黨,1384,
2020年區域立委選舉,2020,臺北市,信義區,長春里,臺北市第07選區,5,蘇伊文,言論自由聯盟,5,
2020年區域立委選舉,2020,臺北市,信義區,四育里,臺北市第07選區,1,王映心,台灣基進,33,
2020年區域立委選舉,2020,臺北市,信義區,四育里,臺北市第07選區,2,蔡宜芳,台灣民眾黨,340,
2020年區域立委選舉,2020,臺北市,信義區,四育里,臺北市第07選區,3,費鴻泰,中國國民黨,1494,*
2020年區域立委選舉,2020,臺北市,信義區,四育里,臺北市第07選區,4,許淑華,民主進步黨,1834,
2020年區域立委選舉,2020,臺北市,信義區,四育里,臺北市第07選區,5,蘇伊文,言論自由聯盟,7,
2020年區域立委選舉,2020,臺北市,信義區,四維里,臺北市第07選區,1,王映心,台灣基進,35,
2020年區域立委選舉,2020,臺北市,信義區,四維里,臺北市第07選區,2,蔡宜芳,台灣民眾黨,370,
2020年區域立委選舉,2020,臺北市,信義區,四維里,臺北市第07選區,3,費鴻泰,中國國民黨,1658,*
2020年區域立委選舉,2020,臺北市,信義區,四維里,臺北市第07選區,4,許淑華,民主進步黨,1405,
2020年區域立委選舉,2020,臺北市,信義區,四維里,臺北市第07選區,5,蘇伊文,言論自由聯盟,9,
2020年區域立委選舉,2020,臺北市,信義區,永春里,臺北市第07選區,1,王映心,台灣基進,40,
2020年區域立委選舉,2020,臺北市,信義區,永春里,臺北市第07選區,2,蔡宜芳,台灣民眾黨,350,
2020年區域立委選舉,2020,臺北市,信義區,永春里,臺北市第07選區,3,費鴻泰,中國國民黨,1273,*
2020年區域立委選舉,2020,臺北市,信義區,永春里,臺北市第07選區,4,許淑華,民主進步黨,1550,
2020年區域立委選舉,2020,臺北市,信義區,永春里,臺北市第07選區,5,蘇伊文,言論自由聯盟,4,
2020年區域立委選舉,2020,臺北市,信義區,富台里,臺北市第07選區,1,王映心,台灣基進,34,
2020年區域立委選舉,2020,臺北市,信義區,富台里,臺北市第07選區,2,蔡宜芳,台灣民眾黨,269,
2020年區域立委選舉,2020,臺北市,信義區,富台里,臺北市第07選區,3,費鴻泰,中國國民黨,1546,*
2020年區域立委選舉,2020,臺北市,信義區,富台里,臺北市第07選區,4,許淑華,民主進步黨,893,
2020年區域立委選舉,2020,臺北市,信義區,富台里,臺北市第07選區,5,蘇伊文,言論自由聯盟,5,
2020年區域立委選舉,2020,臺北市,信義區,國業里,臺北市第07選區,1,王映心,台灣基進,37,
2020年區域立委選舉,2020,臺北市,信義區,國業里,臺北市第07選區,2,蔡宜芳,台灣民眾黨,393,
2020年區域立委選舉,2020,臺北市,信義區,國業里,臺北市第07選區,3,費鴻泰,中國國民黨,2202,*
2020年區域立委選舉,2020,臺北市,信義區,國業里,臺北市第07選區,4,許淑華,民主進步黨,1969,
2020年區域立委選舉,2020,臺北市,信義區,國業里,臺北市第07選區,5,蘇伊文,言論自由聯盟,7,
2020年區域立委選舉,2020,臺北市,信義區,松隆里,臺北市第07選區,1,王映心,台灣基進,14,
2020年區域立委選舉,2020,臺北市,信義區,松隆里,臺北市第07選區,2,蔡宜芳,台灣民眾黨,138,
2020年區域立委選舉,2020,臺北市,信義區,松隆里,臺北市第07選區,3,費鴻泰,中國國民黨,618,*
2020年區域立委選舉,2020,臺北市,信義區,松隆里,臺北市第07選區,4,許淑華,民主進步黨,601,
2020年區域立委選舉,2020,臺北市,信義區,松隆里,臺北市第07選區,5,蘇伊文,言論自由聯盟,3,
2020年區域立委選舉,2020,臺北市,信義區,松友里,臺北市第07選區,1,王映心,台灣基進,41,
2020年區域立委選舉,2020,臺北市,信義區,松友里,臺北市第07選區,2,蔡宜芳,台灣民眾黨,421,
2020年區域立委選舉,2020,臺北市,信義區,松友里,臺北市第07選區,3,費鴻泰,中國國民黨,1929,*
2020年區域立委選舉,2020,臺北市,信義區,松友里,臺北市第07選區,4,許淑華,民主進步黨,1787,
2020年區域立委選舉,2020,臺北市,信義區,松友里,臺北市第07選區,5,蘇伊文,言論自由聯盟,6,
2020年區域立委選舉,2020,臺北市,信義區,松光里,臺北市第07選區,1,王映心,台灣基進,25,
2020年區域立委選舉,2020,臺北市,信義區,松光里,臺北市第07選區,2,蔡宜芳,台灣民眾黨,320,
2020年區域立委選舉,2020,臺北市,信義區,松光里,臺北市第07選區,3,費鴻泰,中國國民黨,1353,*
2020年區域立委選舉,2020,臺北市,信義區,松光里,臺北市第07選區,4,許淑華,民主進步黨,1500,
2020年區域立委選舉,2020,臺北市,信義區,松光里,臺北市第07選區,5,蘇伊文,言論自由聯盟,2,
2020年區域立委選舉,2020,臺北市,信義區,中坡里,臺北市第07選區,1,王映心,台灣基進,52,
2020年區域立委選舉,2020,臺北市,信義區,中坡里,臺北市第07選區,2,蔡宜芳,台灣民眾黨,306,
2020年區域立委選舉,2020,臺北市,信義區,中坡里,臺北市第07選區,3,費鴻泰,中國國民黨,1259,*
2020年區域立委選舉,2020,臺北市,信義區,中坡里,臺北市第07選區,4,許淑華,民主進步黨,1276,
2020年區域立委選舉,2020,臺北市,信義區,中坡里,臺北市第07選區,5,蘇伊文,言論自由聯盟,5,
2020年區域立委選舉,2020,臺北市,信義區,中行里,臺北市第07選區,1,王映心,台灣基進,67,
2020年區域立委選舉,2020,臺北市,信義區,中行里,臺北市第07選區,2,蔡宜芳,台灣民眾黨,528,
2020年區域立委選舉,2020,臺北市,信義區,中行里,臺北市第07選區,3,費鴻泰,中國國民黨,2127,*
2020年區域立委選舉,2020,臺北市,信義區,中行里,臺北市第07選區,4,許淑華,民主進步黨,2440,
2020年區域立委選舉,2020,臺北市,信義區,中行里,臺北市第07選區,5,蘇伊文,言論自由聯盟,4,
2020年區域立委選舉,2020,臺北市,信義區,大道里,臺北市第07選區,1,王映心,台灣基進,61,
2020年區域立委選舉,2020,臺北市,信義區,大道里,臺北市第07選區,2,蔡宜芳,台灣民眾黨,402,
2020年區域立委選舉,2020,臺北市,信義區,大道里,臺北市第07選區,3,費鴻泰,中國國民黨,1717,*
2020年區域立委選舉,2020,臺北市,信義區,大道里,臺北市第07選區,4,許淑華,民主進步黨,1832,
2020年區域立委選舉,2020,臺北市,信義區,大道里,臺北市第07選區,5,蘇伊文,言論自由聯盟,4,
2020年區域立委選舉,2020,臺北市,信義區,大仁里,臺北市第07選區,1,王映心,台灣基進,26,
2020年區域立委選舉,2020,臺北市,信義區,大仁里,臺北市第07選區,2,蔡宜芳,台灣民眾黨,226,
2020年區域立委選舉,2020,臺北市,信義區,大仁里,臺北市第07選區,3,費鴻泰,中國國民黨,1184,*
2020年區域立委選舉,2020,臺北市,信義區,大仁里,臺北市第07選區,4,許淑華,民主進步黨,1189,
2020年區域立委選舉,2020,臺北市,信義區,大仁里,臺北市第07選區,5,蘇伊文,言論自由聯盟,5,
2020年區域立委選舉,2020,臺北市,信義區,景新里,臺北市第07選區,1,王映心,台灣基進,27,
2020年區域立委選舉,2020,臺北市,信義區,景新里,臺北市第07選區,2,蔡宜芳,台灣民眾黨,246,
2020年區域立委選舉,2020,臺北市,信義區,景新里,臺北市第07選區,3,費鴻泰,中國國民黨,1662,*
2020年區域立委選舉,2020,臺北市,信義區,景新里,臺北市第07選區,4,許淑華,民主進步黨,1262,
2020年區域立委選舉,2020,臺北市,信義區,景新里,臺北市第07選區,5,蘇伊文,言論自由聯盟,5,
2020年區域立委選舉,2020,臺北市,信義區,惠安里,臺北市第07選區,1,王映心,台灣基進,46,
2020年區域立委選舉,2020,臺北市,信義區,惠安里,臺北市第07選區,2,蔡宜芳,台灣民眾黨,372,
2020年區域立委選舉,2020,臺北市,信義區,惠安里,臺北市第07選區,3,費鴻泰,中國國民黨,2207,*
2020年區域立委選舉,2020,臺北市,信義區,惠安里,臺北市第07選區,4,許淑華,民主進步黨,1700,
2020年區域立委選舉,2020,臺北市,信義區,惠安里,臺北市第07選區,5,蘇伊文,言論自由聯盟,4,
2020年區域立委選舉,2020,臺北市,信義區,三張里,臺北市第07選區,1,王映心,台灣基進,51,
2020年區域立委選舉,2020,臺北市,信義區,三張里,臺北市第07選區,2,蔡宜芳,台灣民眾黨,511,
2020年區域立委選舉,2020,臺北市,信義區,三張里,臺北市第07選區,3,費鴻泰,中國國民黨,2820,*
2020年區域立委選舉,2020,臺北市,信義區,三張里,臺北市第07選區,4,許淑華,民主進步黨,2317,
2020年區域立委選舉,2020,臺北市,信義區,三張里,臺北市第07選區,5,蘇伊文,言論自由聯盟,5,
2020年區域立委選舉,2020,臺北市,信義區,三犁里,臺北市第07選區,1,王映心,台灣基進,35,
2020年區域立委選舉,2020,臺北市,信義區,三犁里,臺北市第07選區,2,蔡宜芳,台灣民眾黨,267,
2020年區域立委選舉,2020,臺北市,信義區,三犁里,臺北市第07選區,3,費鴻泰,中國國民黨,1671,*
2020年區域立委選舉,2020,臺北市,信義區,三犁里,臺北市第07選區,4,許淑華,民主進步黨,1408,
2020年區域立委選舉,2020,臺北市,信義區,三犁里,臺北市第07選區,5,蘇伊文,言論自由聯盟,3,
2020年區域立委選舉,2020,臺北市,信義區,六合里,臺北市第07選區,1,王映心,台灣基進,46,
2020年區域立委選舉,2020,臺北市,信義區,六合里,臺北市第07選區,2,蔡宜芳,台灣民眾黨,406,
2020年區域立委選舉,2020,臺北市,信義區,六合里,臺北市第07選區,3,費鴻泰,中國國民黨,2296,*
2020年區域立委選舉,2020,臺北市,信義區,六合里,臺北市第07選區,4,許淑華,民主進步黨,1568,
2020年區域立委選舉,2020,臺北市,信義區,六合里,臺北市第07選區,5,蘇伊文,言論自由聯盟,4,
2020年區域立委選舉,2020,臺北市,信義區,泰和里,臺北市第07選區,1,王映心,台灣基進,64,
2020年區域立委選舉,2020,臺北市,信義區,泰和里,臺北市第07選區,2,蔡宜芳,台灣民眾黨,412,
2020年區域立委選舉,2020,臺北市,信義區,泰和里,臺北市第07選區,3,費鴻泰,中國國民黨,2311,*
2020年區域立委選舉,2020,臺北市,信義區,泰和里,臺北市第07選區,4,許淑華,民主進步黨,2116,
2020年區域立委選舉,2020,臺北市,信義區,泰和里,臺北市第07選區,5,蘇伊文,言論自由聯盟,9,
2020年區域立委選舉,2020,臺北市,信義區,景聯里,臺北市第07選區,1,王映心,台灣基進,44,
2020年區域立委選舉,2020,臺北市,信義區,景聯里,臺北市第07選區,2,蔡宜芳,台灣民眾黨,315,
2020年區域立委選舉,2020,臺北市,信義區,景聯里,臺北市第07選區,3,費鴻泰,中國國民黨,1510,*
2020年區域立委選舉,2020,臺北市,信義區,景聯里,臺北市第07選區,4,許淑華,民主進步黨,1212,
2020年區域立委選舉,2020,臺北市,信義區,景聯里,臺北市第07選區,5,蘇伊文,言論自由聯盟,4,
2020年區域立委選舉,2020,臺北市,信義區,景勤里,臺北市第07選區,1,王映心,台灣基進,23,
2020年區域立委選舉,2020,臺北市,信義區,景勤里,臺北市第07選區,2,蔡宜芳,台灣民眾黨,215,
2020年區域立委選舉,2020,臺北市,信義區,景勤里,臺北市第07選區,3,費鴻泰,中國國民黨,1266,*
2020年區域立委選舉,2020,臺北市,信義區,景勤里,臺北市第07選區,4,許淑華,民主進步黨,1016,
2020年區域立委選舉,2020,臺北市,信義區,景勤里,臺北市第07選區,5,蘇伊文,言論自由聯盟,4,
2020年區域立委選舉,2020,臺北市,信義區,雙和里,臺北市第07選區,1,王映心,台灣基進,50,
2020年區域立委選舉,2020,臺北市,信義區,雙和里,臺北市第07選區,2,蔡宜芳,台灣民眾黨,395,
2020年區域立委選舉,2020,臺北市,信義區,雙和里,臺北市第07選區,3,費鴻泰,中國國民黨,2305,*
2020年區域立委選舉,2020,臺北市,信義區,雙和里,臺北市第07選區,4,許淑華,民主進步黨,1886,
2020年區域立委選舉,2020,臺北市,信義區,雙和里,臺北市第07選區,5,蘇伊文,言論自由聯盟,6,
2020年區域立委選舉,2020,臺北市,信義區,嘉興里,臺北市第07選區,1,王映心,台灣基進,27,
2020年區域立委選舉,2020,臺北市,信義區,嘉興里,臺北市第07選區,2,蔡宜芳,台灣民眾黨,194,
2020年區域立委選舉,2020,臺北市,信義區,嘉興里,臺北市第07選區,3,費鴻泰,中國國民黨,916,*
2020年區域立委選舉,2020,臺北市,信義區,嘉興里,臺北市第07選區,4,許淑華,民主進步黨,945,
2020年區域立委選舉,2020,臺北市,信義區,嘉興里,臺北市第07選區,5,蘇伊文,言論自由聯盟,2,
2020年區域立委選舉,2020,臺北市,信義區,黎順里,臺北市第07選區,1,王映心,台灣基進,29,
2020年區域立委選舉,2020,臺北市,信義區,黎順里,臺北市第07選區,2,蔡宜芳,台灣民眾黨,253,
2020年區域立委選舉,2020,臺北市,信義區,黎順里,臺北市第07選區,3,費鴻泰,中國國民黨,1227,*
2020年區域立委選舉,2020,臺北市,信義區,黎順里,臺北市第07選區,4,許淑華,民主進步黨,1065,
2020年區域立委選舉,2020,臺北市,信義區,黎順里,臺北市第07選區,5,蘇伊文,言論自由聯盟,4,
2020年區域立委選舉,2020,臺北市,信義區,黎平里,臺北市第07選區,1,王映心,台灣基進,51,
2020年區域立委選舉,2020,臺北市,信義區,黎平里,臺北市第07選區,2,蔡宜芳,台灣民眾黨,479,
2020年區域立委選舉,2020,臺北市,信義區,黎平里,臺北市第07選區,3,費鴻泰,中國國民黨,2222,*
2020年區域立委選舉,2020,臺北市,信義區,黎平里,臺北市第07選區,4,許淑華,民主進步黨,1830,
2020年區域立委選舉,2020,臺北市,信義區,黎平里,臺北市第07選區,5,蘇伊文,言論自由聯盟,6,
2020年區域立委選舉,2020,臺北市,信義區,黎忠里,臺北市第07選區,1,王映心,台灣基進,32,
2020年區域立委選舉,2020,臺北市,信義區,黎忠里,臺北市第07選區,2,蔡宜芳,台灣民眾黨,327,
2020年區域立委選舉,2020,臺北市,信義區,黎忠里,臺北市第07選區,3,費鴻泰,中國國民黨,1547,*
2020年區域立委選舉,2020,臺北市,信義區,黎忠里,臺北市第07選區,4,許淑華,民主進步黨,1194,
2020年區域立委選舉,2020,臺北市,信義區,黎忠里,臺北市第07選區,5,蘇伊文,言論自由聯盟,6,
2020年區域立委選舉,2020,臺北市,信義區,黎安里,臺北市第07選區,1,王映心,台灣基進,8,
2020年區域立委選舉,2020,臺北市,信義區,黎安里,臺北市第07選區,2,蔡宜芳,台灣民眾黨,101,
2020年區域立委選舉,2020,臺北市,信義區,黎安里,臺北市第07選區,3,費鴻泰,中國國民黨,795,*
2020年區域立委選舉,2020,臺北市,信義區,黎安里,臺北市第07選區,4,許淑華,民主進步黨,383,
2020年區域立委選舉,2020,臺北市,信義區,黎安里,臺北市第07選區,5,蘇伊文,言論自由聯盟,1,
2020年區域立委選舉,2020,臺北市,大安區,德安里,臺北市第06選區,1,沈宜璇,台灣維新,25,
2020年區域立委選舉,2020,臺北市,大安區,德安里,臺北市第06選區,2,楊攸凱,無黨籍及未經政黨推薦,17,
2020年區域立委選舉,2020,臺北市,大安區,德安里,臺北市第06選區,3,林奕華,中國國民黨,1910,*
2020年區域立委選舉,2020,臺北市,大安區,德安里,臺北市第06選區,4,蕭瑞麟,無黨籍及未經政黨推薦,12,
2020年區域立委選舉,2020,臺北市,大安區,德安里,臺北市第06選區,5,羅世晧,勞動黨,13,
2020年區域立委選舉,2020,臺北市,大安區,德安里,臺北市第06選區,6,謝佩芬,民主進步黨,1330,
2020年區域立委選舉,2020,臺北市,大安區,德安里,臺北市第06選區,7,黃典本,無黨籍及未經政黨推薦,1,
2020年區域立委選舉,2020,臺北市,大安區,德安里,臺北市第06選區,8,孟藹倫,中華婦女黨,53,
2020年區域立委選舉,2020,臺北市,大安區,德安里,臺北市第06選區,9,張余健,喜樂島聯盟,17,
2020年區域立委選舉,2020,臺北市,大安區,德安里,臺北市第06選區,10,葉日勤,台灣基進,21,
2020年區域立委選舉,2020,臺北市,大安區,仁慈里,臺北市第06選區,1,沈宜璇,台灣維新,26,
2020年區域立委選舉,2020,臺北市,大安區,仁慈里,臺北市第06選區,2,楊攸凱,無黨籍及未經政黨推薦,13,
2020年區域立委選舉,2020,臺北市,大安區,仁慈里,臺北市第06選區,3,林奕華,中國國民黨,1558,*
2020年區域立委選舉,2020,臺北市,大安區,仁慈里,臺北市第06選區,4,蕭瑞麟,無黨籍及未經政黨推薦,7,
2020年區域立委選舉,2020,臺北市,大安區,仁慈里,臺北市第06選區,5,羅世晧,勞動黨,11,
2020年區域立委選舉,2020,臺北市,大安區,仁慈里,臺北市第06選區,6,謝佩芬,民主進步黨,1523,
2020年區域立委選舉,2020,臺北市,大安區,仁慈里,臺北市第06選區,7,黃典本,無黨籍及未經政黨推薦,0,
2020年區域立委選舉,2020,臺北市,大安區,仁慈里,臺北市第06選區,8,孟藹倫,中華婦女黨,61,
2020年區域立委選舉,2020,臺北市,大安區,仁慈里,臺北市第06選區,9,張余健,喜樂島聯盟,14,
2020年區域立委選舉,2020,臺北市,大安區,仁慈里,臺北市第06選區,10,葉日勤,台灣基進,20,
2020年區域立委選舉,2020,臺北市,大安區,和安里,臺北市第06選區,1,沈宜璇,台灣維新,36,
2020年區域立委選舉,2020,臺北市,大安區,和安里,臺北市第06選區,2,楊攸凱,無黨籍及未經政黨推薦,22,
2020年區域立委選舉,2020,臺北市,大安區,和安里,臺北市第06選區,3,林奕華,中國國民黨,2194,*
2020年區域立委選舉,2020,臺北市,大安區,和安里,臺北市第06選區,4,蕭瑞麟,無黨籍及未經政黨推薦,15,
2020年區域立委選舉,2020,臺北市,大安區,和安里,臺北市第06選區,5,羅世晧,勞動黨,15,
2020年區域立委選舉,2020,臺北市,大安區,和安里,臺北市第06選區,6,謝佩芬,民主進步黨,1663,
2020年區域立委選舉,2020,臺北市,大安區,和安里,臺北市第06選區,7,黃典本,無黨籍及未經政黨推薦,7,
2020年區域立委選舉,2020,臺北市,大安區,和安里,臺北市第06選區,8,孟藹倫,中華婦女黨,88,
2020年區域立委選舉,2020,臺北市,大安區,和安里,臺北市第06選區,9,張余健,喜樂島聯盟,17,
2020年區域立委選舉,2020,臺北市,大安區,和安里,臺北市第06選區,10,葉日勤,台灣基進,23,
2020年區域立委選舉,2020,臺北市,大安區,民炤里,臺北市第06選區,1,沈宜璇,台灣維新,36,
2020年區域立委選舉,2020,臺北市,大安區,民炤里,臺北市第06選區,2,楊攸凱,無黨籍及未經政黨推薦,20,
2020年區域立委選舉,2020,臺北市,大安區,民炤里,臺北市第06選區,3,林奕華,中國國民黨,2293,*
2020年區域立委選舉,2020,臺北市,大安區,民炤里,臺北市第06選區,4,蕭瑞麟,無黨籍及未經政黨推薦,21,
2020年區域立委選舉,2020,臺北市,大安區,民炤里,臺北市第06選區,5,羅世晧,勞動黨,13,
2020年區域立委選舉,2020,臺北市,大安區,民炤里,臺北市第06選區,6,謝佩芬,民主進步黨,2259,
2020年區域立委選舉,2020,臺北市,大安區,民炤里,臺北市第06選區,7,黃典本,無黨籍及未經政黨推薦,4,
2020年區域立委選舉,2020,臺北市,大安區,民炤里,臺北市第06選區,8,孟藹倫,中華婦女黨,94,
2020年區域立委選舉,2020,臺北市,大安區,民炤里,臺北市第06選區,9,張余健,喜樂島聯盟,13,
2020年區域立委選舉,2020,臺北市,大安區,民炤里,臺北市第06選區,10,葉日勤,台灣基進,45,
2020年區域立委選舉,2020,臺北市,大安區,仁愛里,臺北市第06選區,1,沈宜璇,台灣維新,7,
2020年區域立委選舉,2020,臺北市,大安區,仁愛里,臺北市第06選區,2,楊攸凱,無黨籍及未經政黨推薦,10,
2020年區域立委選舉,2020,臺北市,大安區,仁愛里,臺北市第06選區,3,林奕華,中國國民黨,1540,*
2020年區域立委選舉,2020,臺北市,大安區,仁愛里,臺北市第06選區,4,蕭瑞麟,無黨籍及未經政黨推薦,5,
2020年區域立委選舉,2020,臺北市,大安區,仁愛里,臺北市第06選區,5,羅世晧,勞動黨,10,
2020年區域立委選舉,2020,臺北市,大安區,仁愛里,臺北市第06選區,6,謝佩芬,民主進步黨,1290,
2020年區域立委選舉,2020,臺北市,大安區,仁愛里,臺北市第06選區,7,黃典本,無黨籍及未經政黨推薦,3,
2020年區域立委選舉,2020,臺北市,大安區,仁愛里,臺北市第06選區,8,孟藹倫,中華婦女黨,51,
2020年區域立委選舉,2020,臺北市,大安區,仁愛里,臺北市第06選區,9,張余健,喜樂島聯盟,6,
2020年區域立委選舉,2020,臺北市,大安區,仁愛里,臺北市第06選區,10,葉日勤,台灣基進,20,
2020年區域立委選舉,2020,臺北市,大安區,義村里,臺北市第06選區,1,沈宜璇,台灣維新,18,
2020年區域立委選舉,2020,臺北市,大安區,義村里,臺北市第06選區,2,楊攸凱,無黨籍及未經政黨推薦,20,
2020年區域立委選舉,2020,臺北市,大安區,義村里,臺北市第06選區,3,林奕華,中國國民黨,2193,*
2020年區域立委選舉,2020,臺北市,大安區,義村里,臺北市第06選區,4,蕭瑞麟,無黨籍及未經政黨推薦,12,
2020年區域立委選舉,2020,臺北市,大安區,義村里,臺北市第06選區,5,羅世晧,勞動黨,12,
2020年區域立委選舉,2020,臺北市,大安區,義村里,臺北市第06選區,6,謝佩芬,民主進步黨,1233,
2020年區域立委選舉,2020,臺北市,大安區,義村里,臺北市第06選區,7,黃典本,無黨籍及未經政黨推薦,2,
2020年區域立委選舉,2020,臺北市,大安區,義村里,臺北市第06選區,8,孟藹倫,中華婦女黨,77,
2020年區域立委選舉,2020,臺北市,大安區,義村里,臺北市第06選區,9,張余健,喜樂島聯盟,7,
2020年區域立委選舉,2020,臺北市,大安區,義村里,臺北市第06選區,10,葉日勤,台灣基進,34,
2020年區域立委選舉,2020,臺北市,大安區,民輝里,臺北市第06選區,1,沈宜璇,台灣維新,42,
2020年區域立委選舉,2020,臺北市,大安區,民輝里,臺北市第06選區,2,楊攸凱,無黨籍及未經政黨推薦,22,
2020年區域立委選舉,2020,臺北市,大安區,民輝里,臺北市第06選區,3,林奕華,中國國民黨,2018,*
2020年區域立委選舉,2020,臺北市,大安區,民輝里,臺北市第06選區,4,蕭瑞麟,無黨籍及未經政黨推薦,14,
2020年區域立委選舉,2020,臺北市,大安區,民輝里,臺北市第06選區,5,羅世晧,勞動黨,17,
2020年區域立委選舉,2020,臺北市,大安區,民輝里,臺北市第06選區,6,謝佩芬,民主進步黨,1842,
2020年區域立委選舉,2020,臺北市,大安區,民輝里,臺北市第06選區,7,黃典本,無黨籍及未經政黨推薦,4,
2020年區域立委選舉,2020,臺北市,大安區,民輝里,臺北市第06選區,8,孟藹倫,中華婦女黨,120,
2020年區域立委選舉,2020,臺北市,大安區,民輝里,臺北市第06選區,9,張余健,喜樂島聯盟,15,
2020年區域立委選舉,2020,臺北市,大安區,民輝里,臺北市第06選區,10,葉日勤,台灣基進,38,
2020年區域立委選舉,2020,臺北市,大安區,昌隆里,臺北市第06選區,1,沈宜璇,台灣維新,11,
2020年區域立委選舉,2020,臺北市,大安區,昌隆里,臺北市第06選區,2,楊攸凱,無黨籍及未經政黨推薦,5,
2020年區域立委選舉,2020,臺北市,大安區,昌隆里,臺北市第06選區,3,林奕華,中國國民黨,970,*
2020年區域立委選舉,2020,臺北市,大安區,昌隆里,臺北市第06選區,4,蕭瑞麟,無黨籍及未經政黨推薦,2,
2020年區域立委選舉,2020,臺北市,大安區,昌隆里,臺北市第06選區,5,羅世晧,勞動黨,4,
2020年區域立委選舉,2020,臺北市,大安區,昌隆里,臺北市第06選區,6,謝佩芬,民主進步黨,967,
2020年區域立委選舉,2020,臺北市,大安區,昌隆里,臺北市第06選區,7,黃典本,無黨籍及未經政黨推薦,1,
2020年區域立委選舉,2020,臺北市,大安區,昌隆里,臺北市第06選區,8,孟藹倫,中華婦女黨,34,
2020年區域立委選舉,2020,臺北市,大安區,昌隆里,臺北市第06選區,9,張余健,喜樂島聯盟,9,
2020年區域立委選舉,2020,臺北市,大安區,昌隆里,臺北市第06選區,10,葉日勤,台灣基進,5,
2020年區域立委選舉,2020,臺北市,大安區,誠安里,臺北市第06選區,1,沈宜璇,台灣維新,16,
2020年區域立委選舉,2020,臺北市,大安區,誠安里,臺北市第06選區,2,楊攸凱,無黨籍及未經政黨推薦,18,
2020年區域立委選舉,2020,臺北市,大安區,誠安里,臺北市第06選區,3,林奕華,中國國民黨,1234,*
2020年區域立委選舉,2020,臺北市,大安區,誠安里,臺北市第06選區,4,蕭瑞麟,無黨籍及未經政黨推薦,5,
2020年區域立委選舉,2020,臺北市,大安區,誠安里,臺北市第06選區,5,羅世晧,勞動黨,13,
2020年區域立委選舉,2020,臺北市,大安區,誠安里,臺北市第06選區,6,謝佩芬,民主進步黨,1129,
2020年區域立委選舉,2020,臺北市,大安區,誠安里,臺北市第06選區,7,黃典本,無黨籍及未經政黨推薦,3,
2020年區域立委選舉,2020,臺北市,大安區,誠安里,臺北市第06選區,8,孟藹倫,中華婦女黨,36,
2020年區域立委選舉,2020,臺北市,大安區,誠安里,臺北市第06選區,9,張余健,喜樂島聯盟,9,
2020年區域立委選舉,2020,臺北市,大安區,誠安里,臺北市第06選區,10,葉日勤,台灣基進,18,
2020年區域立委選舉,2020,臺北市,大安區,光武里,臺北市第06選區,1,沈宜璇,台灣維新,37,
2020年區域立委選舉,2020,臺北市,大安區,光武里,臺北市第06選區,2,楊攸凱,無黨籍及未經政黨推薦,26,
2020年區域立委選舉,2020,臺北市,大安區,光武里,臺北市第06選區,3,林奕華,中國國民黨,2233,*
2020年區域立委選舉,2020,臺北市,大安區,光武里,臺北市第06選區,4,蕭瑞麟,無黨籍及未經政黨推薦,13,
2020年區域立委選舉,2020,臺北市,大安區,光武里,臺北市第06選區,5,羅世晧,勞動黨,19,
2020年區域立委選舉,2020,臺北市,大安區,光武里,臺北市第06選區,6,謝佩芬,民主進步黨,1942,
2020年區域立委選舉,2020,臺北市,大安區,光武里,臺北市第06選區,7,黃典本,無黨籍及未經政黨推薦,5,
2020年區域立委選舉,2020,臺北市,大安區,光武里,臺北市第06選區,8,孟藹倫,中華婦女黨,73,
2020年區域立委選舉,2020,臺北市,大安區,光武里,臺北市第06選區,9,張余健,喜樂島聯盟,18,
2020年區域立委選舉,2020,臺北市,大安區,光武里,臺北市第06選區,10,葉日勤,台灣基進,28,
2020年區域立委選舉,2020,臺北市,大安區,龍坡里,臺北市第06選區,1,沈宜璇,台灣維新,23,
2020年區域立委選舉,2020,臺北市,大安區,龍坡里,臺北市第06選區,2,楊攸凱,無黨籍及未經政黨推薦,11,
2020年區域立委選舉,2020,臺北市,大安區,龍坡里,臺北市第06選區,3,林奕華,中國國民黨,1797,*
2020年區域立委選舉,2020,臺北市,大安區,龍坡里,臺北市第06選區,4,蕭瑞麟,無黨籍及未經政黨推薦,15,
2020年區域立委選舉,2020,臺北市,大安區,龍坡里,臺北市第06選區,5,羅世晧,勞動黨,11,
2020年區域立委選舉,2020,臺北市,大安區,龍坡里,臺北市第06選區,6,謝佩芬,民主進步黨,1465,
2020年區域立委選舉,2020,臺北市,大安區,龍坡里,臺北市第06選區,7,黃典本,無黨籍及未經政黨推薦,2,
2020年區域立委選舉,2020,臺北市,大安區,龍坡里,臺北市第06選區,8,孟藹倫,中華婦女黨,88,
2020年區域立委選舉,2020,臺北市,大安區,龍坡里,臺北市第06選區,9,張余健,喜樂島聯盟,8,
2020年區域立委選舉,2020,臺北市,大安區,龍坡里,臺北市第06選區,10,葉日勤,台灣基進,27,
2020年區域立委選舉,2020,臺北市,大安區,龍泉里,臺北市第06選區,1,沈宜璇,台灣維新,17,
2020年區域立委選舉,2020,臺北市,大安區,龍泉里,臺北市第06選區,2,楊攸凱,無黨籍及未經政黨推薦,21,
2020年區域立委選舉,2020,臺北市,大安區,龍泉里,臺北市第06選區,3,林奕華,中國國民黨,1472,*
2020年區域立委選舉,2020,臺北市,大安區,龍泉里,臺北市第06選區,4,蕭瑞麟,無黨籍及未經政黨推薦,8,
2020年區域立委選舉,2020,臺北市,大安區,龍泉里,臺北市第06選區,5,羅世晧,勞動黨,16,
2020年區域立委選舉,2020,臺北市,大安區,龍泉里,臺北市第06選區,6,謝佩芬,民主進步黨,1354,
2020年區域立委選舉,2020,臺北市,大安區,龍泉里,臺北市第06選區,7,黃典本,無黨籍及未經政黨推薦,1,
2020年區域立委選舉,2020,臺北市,大安區,龍泉里,臺北市第06選區,8,孟藹倫,中華婦女黨,47,
2020年區域立委選舉,2020,臺北市,大安區,龍泉里,臺北市第06選區,9,張余健,喜樂島聯盟,11,
2020年區域立委選舉,2020,臺北市,大安區,龍泉里,臺北市第06選區,10,葉日勤,台灣基進,29,
2020年區域立委選舉,2020,臺北市,大安區,古風里,臺北市第06選區,1,沈宜璇,台灣維新,22,
2020年區域立委選舉,2020,臺北市,大安區,古風里,臺北市第06選區,2,楊攸凱,無黨籍及未經政黨推薦,12,
2020年區域立委選舉,2020,臺北市,大安區,古風里,臺北市第06選區,3,林奕華,中國國民黨,1323,*
2020年區域立委選舉,2020,臺北市,大安區,古風里,臺北市第06選區,4,蕭瑞麟,無黨籍及未經政黨推薦,6,
2020年區域立委選舉,2020,臺北市,大安區,古風里,臺北市第06選區,5,羅世晧,勞動黨,14,
2020年區域立委選舉,2020,臺北市,大安區,古風里,臺北市第06選區,6,謝佩芬,民主進步黨,1175,
2020年區域立委選舉,2020,臺北市,大安區,古風里,臺北市第06選區,7,黃典本,無黨籍及未經政黨推薦,5,
2020年區域立委選舉,2020,臺北市,大安區,古風里,臺北市第06選區,8,孟藹倫,中華婦女黨,43,
2020年區域立委選舉,2020,臺北市,大安區,古風里,臺北市第06選區,9,張余健,喜樂島聯盟,7,
2020年區域立委選舉,2020,臺北市,大安區,古風里,臺北市第06選區,10,葉日勤,台灣基進,22,
2020年區域立委選舉,2020,臺北市,大安區,古莊里,臺北市第06選區,1,沈宜璇,台灣維新,42,
2020年區域立委選舉,2020,臺北市,大安區,古莊里,臺北市第06選區,2,楊攸凱,無黨籍及未經政黨推薦,27,
2020年區域立委選舉,2020,臺北市,大安區,古莊里,臺北市第06選區,3,林奕華,中國國民黨,2194,*
2020年區域立委選舉,2020,臺北市,大安區,古莊里,臺北市第06選區,4,蕭瑞麟,無黨籍及未經政黨推薦,18,
2020年區域立委選舉,2020,臺北市,大安區,古莊里,臺北市第06選區,5,羅世晧,勞動黨,23,
2020年區域立委選舉,2020,臺北市,大安區,古莊里,臺北市第06選區,6,謝佩芬,民主進步黨,1971,
2020年區域立委選舉,2020,臺北市,大安區,古莊里,臺北市第06選區,7,黃典本,無黨籍及未經政黨推薦,7,
2020年區域立委選舉,2020,臺北市,大安區,古莊里,臺北市第06選區,8,孟藹倫,中華婦女黨,115,
2020年區域立委選舉,2020,臺北市,大安區,古莊里,臺北市第06選區,9,張余健,喜樂島聯盟,27,
2020年區域立委選舉,2020,臺北市,大安區,古莊里,臺北市第06選區,10,葉日勤,台灣基進,43,
2020年區域立委選舉,2020,臺北市,大安區,龍安里,臺北市第06選區,1,沈宜璇,台灣維新,34,
2020年區域立委選舉,2020,臺北市,大安區,龍安里,臺北市第06選區,2,楊攸凱,無黨籍及未經政黨推薦,21,
2020年區域立委選舉,2020,臺北市,大安區,龍安里,臺北市第06選區,3,林奕華,中國國民黨,1940,*
2020年區域立委選舉,2020,臺北市,大安區,龍安里,臺北市第06選區,4,蕭瑞麟,無黨籍及未經政黨推薦,9,
2020年區域立委選舉,2020,臺北市,大安區,龍安里,臺北市第06選區,5,羅世晧,勞動黨,14,
2020年區域立委選舉,2020,臺北市,大安區,龍安里,臺北市第06選區,6,謝佩芬,民主進步黨,1823,
2020年區域立委選舉,2020,臺北市,大安區,龍安里,臺北市第06選區,7,黃典本,無黨籍及未經政黨推薦,4,
2020年區域立委選舉,2020,臺北市,大安區,龍安里,臺北市第06選區,8,孟藹倫,中華婦女黨,77,
2020年區域立委選舉,2020,臺北市,大安區,龍安里,臺北市第06選區,9,張余健,喜樂島聯盟,11,
2020年區域立委選舉,2020,臺北市,大安區,龍安里,臺北市第06選區,10,葉日勤,台灣基進,44,
2020年區域立委選舉,2020,臺北市,大安區,錦安里,臺北市第06選區,1,沈宜璇,台灣維新,28,
2020年區域立委選舉,2020,臺北市,大安區,錦安里,臺北市第06選區,2,楊攸凱,無黨籍及未經政黨推薦,19,
2020年區域立委選舉,2020,臺北市,大安區,錦安里,臺北市第06選區,3,林奕華,中國國民黨,1823,*
2020年區域立委選舉,2020,臺北市,大安區,錦安里,臺北市第06選區,4,蕭瑞麟,無黨籍及未經政黨推薦,12,
2020年區域立委選舉,2020,臺北市,大安區,錦安里,臺北市第06選區,5,羅世晧,勞動黨,9,
2020年區域立委選舉,2020,臺北市,大安區,錦安里,臺北市第06選區,6,謝佩芬,民主進步黨,1496,
2020年區域立委選舉,2020,臺北市,大安區,錦安里,臺北市第06選區,7,黃典本,無黨籍及未經政黨推薦,5,
2020年區域立委選舉,2020,臺北市,大安區,錦安里,臺北市第06選區,8,孟藹倫,中華婦女黨,63,
2020年區域立委選舉,2020,臺北市,大安區,錦安里,臺北市第06選區,9,張余健,喜樂島聯盟,8,
2020年區域立委選舉,2020,臺北市,大安區,錦安里,臺北市第06選區,10,葉日勤,台灣基進,29,
2020年區域立委選舉,2020,臺北市,大安區,福住里,臺北市第06選區,1,沈宜璇,台灣維新,23,
2020年區域立委選舉,2020,臺北市,大安區,福住里,臺北市第06選區,2,楊攸凱,無黨籍及未經政黨推薦,21,
2020年區域立委選舉,2020,臺北市,大安區,福住里,臺北市第06選區,3,林奕華,中國國民黨,1796,*
2020年區域立委選舉,2020,臺北市,大安區,福住里,臺北市第06選區,4,蕭瑞麟,無黨籍及未經政黨推薦,16,
2020年區域立委選舉,2020,臺北市,大安區,福住里,臺北市第06選區,5,羅世晧,勞動黨,14,
2020年區域立委選舉,2020,臺北市,大安區,福住里,臺北市第06選區,6,謝佩芬,民主進步黨,1712,
2020年區域立委選舉,2020,臺北市,大安區,福住里,臺北市第06選區,7,黃典本,無黨籍及未經政黨推薦,5,
2020年區域立委選舉,2020,臺北市,大安區,福住里,臺北市第06選區,8,孟藹倫,中華婦女黨,46,
2020年區域立委選舉,2020,臺北市,大安區,福住里,臺北市第06選區,9,張余健,喜樂島聯盟,9,
2020年區域立委選舉,2020,臺北市,大安區,福住里,臺北市第06選區,10,葉日勤,台灣基進,32,
2020年區域立委選舉,2020,臺北市,大安區,永康里,臺北市第06選區,1,沈宜璇,台灣維新,16,
2020年區域立委選舉,2020,臺北市,大安區,永康里,臺北市第06選區,2,楊攸凱,無黨籍及未經政黨推薦,15,
2020年區域立委選舉,2020,臺北市,大安區,永康里,臺北市第06選區,3,林奕華,中國國民黨,1179,*
2020年區域立委選舉,2020,臺北市,大安區,永康里,臺北市第06選區,4,蕭瑞麟,無黨籍及未經政黨推薦,8,
2020年區域立委選舉,2020,臺北市,大安區,永康里,臺北市第06選區,5,羅世晧,勞動黨,4,
2020年區域立委選舉,2020,臺北市,大安區,永康里,臺北市第06選區,6,謝佩芬,民主進步黨,920,
2020年區域立委選舉,2020,臺北市,大安區,永康里,臺北市第06選區,7,黃典本,無黨籍及未經政黨推薦,2,
2020年區域立委選舉,2020,臺北市,大安區,永康里,臺北市第06選區,8,孟藹倫,中華婦女黨,43,
2020年區域立委選舉,2020,臺北市,大安區,永康里,臺北市第06選區,9,張余健,喜樂島聯盟,9,
2020年區域立委選舉,2020,臺北市,大安區,永康里,臺北市第06選區,10,葉日勤,台灣基進,22,
2020年區域立委選舉,2020,臺北市,大安區,光明里,臺北市第06選區,1,沈宜璇,台灣維新,14,
2020年區域立委選舉,2020,臺北市,大安區,光明里,臺北市第06選區,2,楊攸凱,無黨籍及未經政黨推薦,17,
2020年區域立委選舉,2020,臺北市,大安區,光明里,臺北市第06選區,3,林奕華,中國國民黨,1073,*
2020年區域立委選舉,2020,臺北市,大安區,光明里,臺北市第06選區,4,蕭瑞麟,無黨籍及未經政黨推薦,9,
2020年區域立委選舉,2020,臺北市,大安區,光明里,臺北市第06選區,5,羅世晧,勞動黨,8,
2020年區域立委選舉,2020,臺北市,大安區,光明里,臺北市第06選區,6,謝佩芬,民主進步黨,959,
2020年區域立委選舉,2020,臺北市,大安區,光明里,臺北市第06選區,7,黃典本,無黨籍及未經政黨推薦,1,
2020年區域立委選舉,2020,臺北市,大安區,光明里,臺北市第06選區,8,孟藹倫,中華婦女黨,28,
2020年區域立委選舉,2020,臺北市,大安區,光明里,臺北市第06選區,9,張余健,喜樂島聯盟,6,
2020年區域立委選舉,2020,臺北市,大安區,光明里,臺北市第06選區,10,葉日勤,台灣基進,18,
2020年區域立委選舉,2020,臺北市,大安區,錦泰里,臺北市第06選區,1,沈宜璇,台灣維新,12,
2020年區域立委選舉,2020,臺北市,大安區,錦泰里,臺北市第06選區,2,楊攸凱,無黨籍及未經政黨推薦,8,
2020年區域立委選舉,2020,臺北市,大安區,錦泰里,臺北市第06選區,3,林奕華,中國國民黨,1196,*
2020年區域立委選舉,2020,臺北市,大安區,錦泰里,臺北市第06選區,4,蕭瑞麟,無黨籍及未經政黨推薦,3,
2020年區域立委選舉,2020,臺北市,大安區,錦泰里,臺北市第06選區,5,羅世晧,勞動黨,13,
2020年區域立委選舉,2020,臺北市,大安區,錦泰里,臺北市第06選區,6,謝佩芬,民主進步黨,896,
2020年區域立委選舉,2020,臺北市,大安區,錦泰里,臺北市第06選區,7,黃典本,無黨籍及未經政黨推薦,6,
2020年區域立委選舉,2020,臺北市,大安區,錦泰里,臺北市第06選區,8,孟藹倫,中華婦女黨,47,
2020年區域立委選舉,2020,臺北市,大安區,錦泰里,臺北市第06選區,9,張余健,喜樂島聯盟,7,
2020年區域立委選舉,2020,臺北市,大安區,錦泰里,臺北市第06選區,10,葉日勤,台灣基進,22,
2020年區域立委選舉,2020,臺北市,大安區,錦華里,臺北市第06選區,1,沈宜璇,台灣維新,22,
2020年區域立委選舉,2020,臺北市,大安區,錦華里,臺北市第06選區,2,楊攸凱,無黨籍及未經政黨推薦,16,
2020年區域立委選舉,2020,臺北市,大安區,錦華里,臺北市第06選區,3,林奕華,中國國民黨,1780,*
2020年區域立委選舉,2020,臺北市,大安區,錦華里,臺北市第06選區,4,蕭瑞麟,無黨籍及未經政黨推薦,14,
2020年區域立委選舉,2020,臺北市,大安區,錦華里,臺北市第06選區,5,羅世晧,勞動黨,14,
2020年區域立委選舉,2020,臺北市,大安區,錦華里,臺北市第06選區,6,謝佩芬,民主進步黨,1529,
2020年區域立委選舉,2020,臺北市,大安區,錦華里,臺北市第06選區,7,黃典本,無黨籍及未經政黨推薦,4,
2020年區域立委選舉,2020,臺北市,大安區,錦華里,臺北市第06選區,8,孟藹倫,中華婦女黨,54,
2020年區域立委選舉,2020,臺北市,大安區,錦華里,臺北市第06選區,9,張余健,喜樂島聯盟,11,
2020年區域立委選舉,2020,臺北市,大安區,錦華里,臺北市第06選區,10,葉日勤,台灣基進,39,
2020年區域立委選舉,2020,臺北市,大安區,龍圖里,臺北市第06選區,1,沈宜璇,台灣維新,23,
2020年區域立委選舉,2020,臺北市,大安區,龍圖里,臺北市第06選區,2,楊攸凱,無黨籍及未經政黨推薦,24,
2020年區域立委選舉,2020,臺北市,大安區,龍圖里,臺北市第06選區,3,林奕華,中國國民黨,2256,*
2020年區域立委選舉,2020,臺北市,大安區,龍圖里,臺北市第06選區,4,蕭瑞麟,無黨籍及未經政黨推薦,19,
2020年區域立委選舉,2020,臺北市,大安區,龍圖里,臺北市第06選區,5,羅世晧,勞動黨,14,
2020年區域立委選舉,2020,臺北市,大安區,龍圖里,臺北市第06選區,6,謝佩芬,民主進步黨,1680,
2020年區域立委選舉,2020,臺北市,大安區,龍圖里,臺北市第06選區,7,黃典本,無黨籍及未經政黨推薦,0,
2020年區域立委選舉,2020,臺北市,大安區,龍圖里,臺北市第06選區,8,孟藹倫,中華婦女黨,95,
2020年區域立委選舉,2020,臺北市,大安區,龍圖里,臺北市第06選區,9,張余健,喜樂島聯盟,13,
2020年區域立委選舉,2020,臺北市,大安區,龍圖里,臺北市第06選區,10,葉日勤,台灣基進,31,
2020年區域立委選舉,2020,臺北市,大安區,新龍里,臺北市第06選區,1,沈宜璇,台灣維新,31,
2020年區域立委選舉,2020,臺北市,大安區,新龍里,臺北市第06選區,2,楊攸凱,無黨籍及未經政黨推薦,25,
2020年區域立委選舉,2020,臺北市,大安區,新龍里,臺北市第06選區,3,林奕華,中國國民黨,2634,*
2020年區域立委選舉,2020,臺北市,大安區,新龍里,臺北市第06選區,4,蕭瑞麟,無黨籍及未經政黨推薦,13,
2020年區域立委選舉,2020,臺北市,大安區,新龍里,臺北市第06選區,5,羅世晧,勞動黨,25,
2020年區域立委選舉,2020,臺北市,大安區,新龍里,臺北市第06選區,6,謝佩芬,民主進步黨,1334,
2020年區域立委選舉,2020,臺北市,大安區,新龍里,臺北市第06選區,7,黃典本,無黨籍及未經政黨推薦,4,
2020年區域立委選舉,2020,臺北市,大安區,新龍里,臺北市第06選區,8,孟藹倫,中華婦女黨,129,
2020年區域立委選舉,2020,臺北市,大安區,新龍里,臺北市第06選區,9,張余健,喜樂島聯盟,5,
2020年區域立委選舉,2020,臺北市,大安區,新龍里,臺北市第06選區,10,葉日勤,台灣基進,39,
2020年區域立委選舉,2020,臺北市,大安區,龍陣里,臺北市第06選區,1,沈宜璇,台灣維新,17,
2020年區域立委選舉,2020,臺北市,大安區,龍陣里,臺北市第06選區,2,楊攸凱,無黨籍及未經政黨推薦,11,
2020年區域立委選舉,2020,臺北市,大安區,龍陣里,臺北市第06選區,3,林奕華,中國國民黨,1152,*
2020年區域立委選舉,2020,臺北市,大安區,龍陣里,臺北市第06選區,4,蕭瑞麟,無黨籍及未經政黨推薦,17,
2020年區域立委選舉,2020,臺北市,大安區,龍陣里,臺北市第06選區,5,羅世晧,勞動黨,10,
2020年區域立委選舉,2020,臺北市,大安區,龍陣里,臺北市第06選區,6,謝佩芬,民主進步黨,917,
2020年區域立委選舉,2020,臺北市,大安區,龍陣里,臺北市第06選區,7,黃典本,無黨籍及未經政黨推薦,4,
2020年區域立委選舉,2020,臺北市,大安區,龍陣里,臺北市第06選區,8,孟藹倫,中華婦女黨,49,
2020年區域立委選舉,2020,臺北市,大安區,龍陣里,臺北市第06選區,9,張余健,喜樂島聯盟,8,
2020年區域立委選舉,2020,臺北市,大安區,龍陣里,臺北市第06選區,10,葉日勤,台灣基進,10,
2020年區域立委選舉,2020,臺北市,大安區,龍雲里,臺北市第06選區,1,沈宜璇,台灣維新,13,
2020年區域立委選舉,2020,臺北市,大安區,龍雲里,臺北市第06選區,2,楊攸凱,無黨籍及未經政黨推薦,12,
2020年區域立委選舉,2020,臺北市,大安區,龍雲里,臺北市第06選區,3,林奕華,中國國民黨,1506,*
2020年區域立委選舉,2020,臺北市,大安區,龍雲里,臺北市第06選區,4,蕭瑞麟,無黨籍及未經政黨推薦,13,
2020年區域立委選舉,2020,臺北市,大安區,龍雲里,臺北市第06選區,5,羅世晧,勞動黨,13,
2020年區域立委選舉,2020,臺北市,大安區,龍雲里,臺北市第06選區,6,謝佩芬,民主進步黨,1349,
2020年區域立委選舉,2020,臺北市,大安區,龍雲里,臺北市第06選區,7,黃典本,無黨籍及未經政黨推薦,3,
2020年區域立委選舉,2020,臺北市,大安區,龍雲里,臺北市第06選區,8,孟藹倫,中華婦女黨,68,
2020年區域立委選舉,2020,臺北市,大安區,龍雲里,臺北市第06選區,9,張余健,喜樂島聯盟,8,
2020年區域立委選舉,2020,臺北市,大安區,龍雲里,臺北市第06選區,10,葉日勤,台灣基進,17,
2020年區域立委選舉,2020,臺北市,大安區,龍生里,臺北市第06選區,1,沈宜璇,台灣維新,28,
2020年區域立委選舉,2020,臺北市,大安區,龍生里,臺北市第06選區,2,楊攸凱,無黨籍及未經政黨推薦,20,
2020年區域立委選舉,2020,臺北市,大安區,龍生里,臺北市第06選區,3,林奕華,中國國民黨,2157,*
2020年區域立委選舉,2020,臺北市,大安區,龍生里,臺北市第06選區,4,蕭瑞麟,無黨籍及未經政黨推薦,20,
2020年區域立委選舉,2020,臺北市,大安區,龍生里,臺北市第06選區,5,羅世晧,勞動黨,8,
2020年區域立委選舉,2020,臺北市,大安區,龍生里,臺北市第06選區,6,謝佩芬,民主進步黨,1615,
2020年區域立委選舉,2020,臺北市,大安區,龍生里,臺北市第06選區,7,黃典本,無黨籍及未經政黨推薦,3,
2020年區域立委選舉,2020,臺北市,大安區,龍生里,臺北市第06選區,8,孟藹倫,中華婦女黨,129,
2020年區域立委選舉,2020,臺北市,大安區,龍生里,臺北市第06選區,9,張余健,喜樂島聯盟,19,
2020年區域立委選舉,2020,臺北市,大安區,龍生里,臺北市第06選區,10,葉日勤,台灣基進,26,
2020年區域立委選舉,2020,臺北市,大安區,住安里,臺北市第06選區,1,沈宜璇,台灣維新,18,
2020年區域立委選舉,2020,臺北市,大安區,住安里,臺北市第06選區,2,楊攸凱,無黨籍及未經政黨推薦,18,
2020年區域立委選舉,2020,臺北市,大安區,住安里,臺北市第06選區,3,林奕華,中國國民黨,1635,*
2020年區域立委選舉,2020,臺北市,大安區,住安里,臺北市第06選區,4,蕭瑞麟,無黨籍及未經政黨推薦,9,
2020年區域立委選舉,2020,臺北市,大安區,住安里,臺北市第06選區,5,羅世晧,勞動黨,15,
2020年區域立委選舉,2020,臺北市,大安區,住安里,臺北市第06選區,6,謝佩芬,民主進步黨,1268,
2020年區域立委選舉,2020,臺北市,大安區,住安里,臺北市第06選區,7,黃典本,無黨籍及未經政黨推薦,2,
2020年區域立委選舉,2020,臺北市,大安區,住安里,臺北市第06選區,8,孟藹倫,中華婦女黨,67,
2020年區域立委選舉,2020,臺北市,大安區,住安里,臺北市第06選區,9,張余健,喜樂島聯盟,9,
2020年區域立委選舉,2020,臺北市,大安區,住安里,臺北市第06選區,10,葉日勤,台灣基進,27,
2020年區域立委選舉,2020,臺北市,大安區,義安里,臺北市第06選區,1,沈宜璇,台灣維新,17,
2020年區域立委選舉,2020,臺北市,大安區,義安里,臺北市第06選區,2,楊攸凱,無黨籍及未經政黨推薦,19,
2020年區域立委選舉,2020,臺北市,大安區,義安里,臺北市第06選區,3,林奕華,中國國民黨,1797,*
2020年區域立委選舉,2020,臺北市,大安區,義安里,臺北市第06選區,4,蕭瑞麟,無黨籍及未經政黨推薦,21,
2020年區域立委選舉,2020,臺北市,大安區,義安里,臺北市第06選區,5,羅世晧,勞動黨,7,
2020年區域立委選舉,2020,臺北市,大安區,義安里,臺北市第06選區,6,謝佩芬,民主進步黨,1328,
2020年區域立委選舉,2020,臺北市,大安區,義安里,臺北市第06選區,7,黃典本,無黨籍及未經政黨推薦,4,
2020年區域立委選舉,2020,臺北市,大安區,義安里,臺北市第06選區,8,孟藹倫,中華婦女黨,55,
2020年區域立委選舉,2020,臺北市,大安區,義安里,臺北市第06選區,9,張余健,喜樂島聯盟,6,
2020年區域立委選舉,2020,臺北市,大安區,義安里,臺北市第06選區,10,葉日勤,台灣基進,28,
2020年區域立委選舉,2020,臺北市,大安區,通化里,臺北市第06選區,1,沈宜璇,台灣維新,29,
2020年區域立委選舉,2020,臺北市,大安區,通化里,臺北市第06選區,2,楊攸凱,無黨籍及未經政黨推薦,23,
2020年區域立委選舉,2020,臺北市,大安區,通化里,臺北市第06選區,3,林奕華,中國國民黨,1805,*
2020年區域立委選舉,2020,臺北市,大安區,通化里,臺北市第06選區,4,蕭瑞麟,無黨籍及未經政黨推薦,14,
2020年區域立委選舉,2020,臺北市,大安區,通化里,臺北市第06選區,5,羅世晧,勞動黨,20,
2020年區域立委選舉,2020,臺北市,大安區,通化里,臺北市第06選區,6,謝佩芬,民主進步黨,1898,
2020年區域立委選舉,2020,臺北市,大安區,通化里,臺北市第06選區,7,黃典本,無黨籍及未經政黨推薦,9,
2020年區域立委選舉,2020,臺北市,大安區,通化里,臺北市第06選區,8,孟藹倫,中華婦女黨,45,
2020年區域立委選舉,2020,臺北市,大安區,通化里,臺北市第06選區,9,張余健,喜樂島聯盟,20,
2020年區域立委選舉,2020,臺北市,大安區,通化里,臺北市第06選區,10,葉日勤,台灣基進,33,
2020年區域立委選舉,2020,臺北市,大安區,通安里,臺北市第06選區,1,沈宜璇,台灣維新,22,
2020年區域立委選舉,2020,臺北市,大安區,通安里,臺北市第06選區,2,楊攸凱,無黨籍及未經政黨推薦,28,
2020年區域立委選舉,2020,臺北市,大安區,通安里,臺北市第06選區,3,林奕華,中國國民黨,1750,*
2020年區域立委選舉,2020,臺北市,大安區,通安里,臺北市第06選區,4,蕭瑞麟,無黨籍及未經政黨推薦,9,
2020年區域立委選舉,2020,臺北市,大安區,通安里,臺北市第06選區,5,羅世晧,勞動黨,6,
2020年區域立委選舉,2020,臺北市,大安區,通安里,臺北市第06選區,6,謝佩芬,民主進步黨,1506,
2020年區域立委選舉,2020,臺北市,大安區,通安里,臺北市第06選區,7,黃典本,無黨籍及未經政黨推薦,2,
2020年區域立委選舉,2020,臺北市,大安區,通安里,臺北市第06選區,8,孟藹倫,中華婦女黨,47,
2020年區域立委選舉,2020,臺北市,大安區,通安里,臺北市第06選區,9,張余健,喜樂島聯盟,15,
2020年區域立委選舉,2020,臺北市,大安區,通安里,臺北市第06選區,10,葉日勤,台灣基進,31,
2020年區域立委選舉,2020,臺北市,大安區,臨江里,臺北市第06選區,1,沈宜璇,台灣維新,12,
2020年區域立委選舉,2020,臺北市,大安區,臨江里,臺北市第06選區,2,楊攸凱,無黨籍及未經政黨推薦,16,
2020年區域立委選舉,2020,臺北市,大安區,臨江里,臺北市第06選區,3,林奕華,中國國民黨,1345,*
2020年區域立委選舉,2020,臺北市,大安區,臨江里,臺北市第06選區,4,蕭瑞麟,無黨籍及未經政黨推薦,15,
2020年區域立委選舉,2020,臺北市,大安區,臨江里,臺北市第06選區,5,羅世晧,勞動黨,5,
2020年區域立委選舉,2020,臺北市,大安區,臨江里,臺北市第06選區,6,謝佩芬,民主進步黨,1119,
2020年區域立委選舉,2020,臺北市,大安區,臨江里,臺北市第06選區,7,黃典本,無黨籍及未經政黨推薦,3,
2020年區域立委選舉,2020,臺北市,大安區,臨江里,臺北市第06選區,8,孟藹倫,中華婦女黨,45,
2020年區域立委選舉,2020,臺北市,大安區,臨江里,臺北市第06選區,9,張余健,喜樂島聯盟,14,
2020年區域立委選舉,2020,臺北市,大安區,臨江里,臺北市第06選區,10,葉日勤,台灣基進,33,
2020年區域立委選舉,2020,臺北市,大安區,法治里,臺北市第06選區,1,沈宜璇,台灣維新,25,
2020年區域立委選舉,2020,臺北市,大安區,法治里,臺北市第06選區,2,楊攸凱,無黨籍及未經政黨推薦,21,
2020年區域立委選舉,2020,臺北市,大安區,法治里,臺北市第06選區,3,林奕華,中國國民黨,1522,*
2020年區域立委選舉,2020,臺北市,大安區,法治里,臺北市第06選區,4,蕭瑞麟,無黨籍及未經政黨推薦,17,
2020年區域立委選舉,2020,臺北市,大安區,法治里,臺北市第06選區,5,羅世晧,勞動黨,7,
2020年區域立委選舉,2020,臺北市,大安區,法治里,臺北市第06選區,6,謝佩芬,民主進步黨,1087,
2020年區域立委選舉,2020,臺北市,大安區,法治里,臺北市第06選區,7,黃典本,無黨籍及未經政黨推薦,1,
2020年區域立委選舉,2020,臺北市,大安區,法治里,臺北市第06選區,8,孟藹倫,中華婦女黨,64,
2020年區域立委選舉,2020,臺北市,大安區,法治里,臺北市第06選區,9,張余健,喜樂島聯盟,6,
2020年區域立委選舉,2020,臺北市,大安區,法治里,臺北市第06選區,10,葉日勤,台灣基進,29,
2020年區域立委選舉,2020,臺北市,大安區,全安里,臺北市第06選區,1,沈宜璇,台灣維新,13,
2020年區域立委選舉,2020,臺北市,大安區,全安里,臺北市第06選區,2,楊攸凱,無黨籍及未經政黨推薦,12,
2020年區域立委選舉,2020,臺北市,大安區,全安里,臺北市第06選區,3,林奕華,中國國民黨,1450,*
2020年區域立委選舉,2020,臺北市,大安區,全安里,臺北市第06選區,4,蕭瑞麟,無黨籍及未經政黨推薦,21,
2020年區域立委選舉,2020,臺北市,大安區,全安里,臺北市第06選區,5,羅世晧,勞動黨,9,
2020年區域立委選舉,2020,臺北市,大安區,全安里,臺北市第06選區,6,謝佩芬,民主進步黨,1076,
2020年區域立委選舉,2020,臺北市,大安區,全安里,臺北市第06選區,7,黃典本,無黨籍及未經政黨推薦,1,
2020年區域立委選舉,2020,臺北市,大安區,全安里,臺北市第06選區,8,孟藹倫,中華婦女黨,34,
2020年區域立委選舉,2020,臺北市,大安區,全安里,臺北市第06選區,9,張余健,喜樂島聯盟,8,
2020年區域立委選舉,2020,臺北市,大安區,全安里,臺北市第06選區,10,葉日勤,台灣基進,21,
2020年區域立委選舉,2020,臺北市,大安區,群賢里,臺北市第06選區,1,沈宜璇,台灣維新,23,
2020年區域立委選舉,2020,臺北市,大安區,群賢里,臺北市第06選區,2,楊攸凱,無黨籍及未經政黨推薦,16,
2020年區域立委選舉,2020,臺北市,大安區,群賢里,臺北市第06選區,3,林奕華,中國國民黨,2016,*
2020年區域立委選舉,2020,臺北市,大安區,群賢里,臺北市第06選區,4,蕭瑞麟,無黨籍及未經政黨推薦,38,
2020年區域立委選舉,2020,臺北市,大安區,群賢里,臺北市第06選區,5,羅世晧,勞動黨,19,
2020年區域立委選舉,2020,臺北市,大安區,群賢里,臺北市第06選區,6,謝佩芬,民主進步黨,1422,
2020年區域立委選舉,2020,臺北市,大安區,群賢里,臺北市第06選區,7,黃典本,無黨籍及未經政黨推薦,3,
2020年區域立委選舉,2020,臺北市,大安區,群賢里,臺北市第06選區,8,孟藹倫,中華婦女黨,89,
2020年區域立委選舉,2020,臺北市,大安區,群賢里,臺北市第06選區,9,張余健,喜樂島聯盟,12,
2020年區域立委選舉,2020,臺北市,大安區,群賢里,臺北市第06選區,10,葉日勤,台灣基進,30,
2020年區域立委選舉,2020,臺北市,大安區,群英里,臺北市第06選區,1,沈宜璇,台灣維新,37,
2020年區域立委選舉,2020,臺北市,大安區,群英里,臺北市第06選區,2,楊攸凱,無黨籍及未經政黨推薦,19,
2020年區域立委選舉,2020,臺北市,大安區,群英里,臺北市第06選區,3,林奕華,中國國民黨,2960,*
2020年區域立委選舉,2020,臺北市,大安區,群英里,臺北市第06選區,4,蕭瑞麟,無黨籍及未經政黨推薦,48,
2020年區域立委選舉,2020,臺北市,大安區,群英里,臺北市第06選區,5,羅世晧,勞動黨,8,
2020年區域立委選舉,2020,臺北市,大安區,群英里,臺北市第06選區,6,謝佩芬,民主進步黨,1219,
2020年區域立委選舉,2020,臺北市,大安區,群英里,臺北市第06選區,7,黃典本,無黨籍及未經政黨推薦,5,
2020年區域立委選舉,2020,臺北市,大安區,群英里,臺北市第06選區,8,孟藹倫,中華婦女黨,119,
2020年區域立委選舉,2020,臺北市,大安區,群英里,臺北市第06選區,9,張余健,喜樂島聯盟,14,
2020年區域立委選舉,2020,臺北市,大安區,群英里,臺北市第06選區,10,葉日勤,台灣基進,41,
2020年區域立委選舉,2020,臺北市,大安區,虎嘯里,臺北市第06選區,1,沈宜璇,台灣維新,13,
2020年區域立委選舉,2020,臺北市,大安區,虎嘯里,臺北市第06選區,2,楊攸凱,無黨籍及未經政黨推薦,10,
2020年區域立委選舉,2020,臺北市,大安區,虎嘯里,臺北市第06選區,3,林奕華,中國國民黨,1273,*
2020年區域立委選舉,2020,臺北市,大安區,虎嘯里,臺北市第06選區,4,蕭瑞麟,無黨籍及未經政黨推薦,19,
2020年區域立委選舉,2020,臺北市,大安區,虎嘯里,臺北市第06選區,5,羅世晧,勞動黨,13,
2020年區域立委選舉,2020,臺北市,大安區,虎嘯里,臺北市第06選區,6,謝佩芬,民主進步黨,1015,
2020年區域立委選舉,2020,臺北市,大安區,虎嘯里,臺北市第06選區,7,黃典本,無黨籍及未經政黨推薦,0,
2020年區域立委選舉,2020,臺北市,大安區,虎嘯里,臺北市第06選區,8,孟藹倫,中華婦女黨,37,
2020年區域立委選舉,2020,臺北市,大安區,虎嘯里,臺北市第06選區,9,張余健,喜樂島聯盟,5,
2020年區域立委選舉,2020,臺北市,大安區,虎嘯里,臺北市第06選區,10,葉日勤,台灣基進,15,
2020年區域立委選舉,2020,臺北市,大安區,臥龍里,臺北市第06選區,1,沈宜璇,台灣維新,9,
2020年區域立委選舉,2020,臺北市,大安區,臥龍里,臺北市第06選區,2,楊攸凱,無黨籍及未經政黨推薦,11,
2020年區域立委選舉,2020,臺北市,大安區,臥龍里,臺北市第06選區,3,林奕華,中國國民黨,704,*
2020年區域立委選舉,2020,臺北市,大安區,臥龍里,臺北市第06選區,4,蕭瑞麟,無黨籍及未經政黨推薦,6,
2020年區域立委選舉,2020,臺北市,大安區,臥龍里,臺北市第06選區,5,羅世晧,勞動黨,6,
2020年區域立委選舉,2020,臺北市,大安區,臥龍里,臺北市第06選區,6,謝佩芬,民主進步黨,502,
2020年區域立委選舉,2020,臺北市,大安區,臥龍里,臺北市第06選區,7,黃典本,無黨籍及未經政黨推薦,2,
2020年區域立委選舉,2020,臺北市,大安區,臥龍里,臺北市第06選區,8,孟藹倫,中華婦女黨,27,
2020年區域立委選舉,2020,臺北市,大安區,臥龍里,臺北市第06選區,9,張余健,喜樂島聯盟,7,
2020年區域立委選舉,2020,臺北市,大安區,臥龍里,臺北市第06選區,10,葉日勤,台灣基進,11,
2020年區域立委選舉,2020,臺北市,大安區,龍淵里,臺北市第06選區,1,沈宜璇,台灣維新,38,
2020年區域立委選舉,2020,臺北市,大安區,龍淵里,臺北市第06選區,2,楊攸凱,無黨籍及未經政黨推薦,24,
2020年區域立委選舉,2020,臺北市,大安區,龍淵里,臺北市第06選區,3,林奕華,中國國民黨,2813,*
2020年區域立委選舉,2020,臺北市,大安區,龍淵里,臺北市第06選區,4,蕭瑞麟,無黨籍及未經政黨推薦,27,
2020年區域立委選舉,2020,臺北市,大安區,龍淵里,臺北市第06選區,5,羅世晧,勞動黨,25,
2020年區域立委選舉,2020,臺北市,大安區,龍淵里,臺北市第06選區,6,謝佩芬,民主進步黨,2506,
2020年區域立委選舉,2020,臺北市,大安區,龍淵里,臺北市第06選區,7,黃典本,無黨籍及未經政黨推薦,3,
2020年區域立委選舉,2020,臺北市,大安區,龍淵里,臺北市第06選區,8,孟藹倫,中華婦女黨,135,
2020年區域立委選舉,2020,臺北市,大安區,龍淵里,臺北市第06選區,9,張余健,喜樂島聯盟,17,
2020年區域立委選舉,2020,臺北市,大安區,龍淵里,臺北市第06選區,10,葉日勤,台灣基進,49,
2020年區域立委選舉,2020,臺北市,大安區,龍門里,臺北市第06選區,1,沈宜璇,台灣維新,12,
2020年區域立委選舉,2020,臺北市,大安區,龍門里,臺北市第06選區,2,楊攸凱,無黨籍及未經政黨推薦,20,
2020年區域立委選舉,2020,臺北市,大安區,龍門里,臺北市第06選區,3,林奕華,中國國民黨,1307,*
2020年區域立委選舉,2020,臺北市,大安區,龍門里,臺北市第06選區,4,蕭瑞麟,無黨籍及未經政黨推薦,14,
2020年區域立委選舉,2020,臺北市,大安區,龍門里,臺北市第06選區,5,羅世晧,勞動黨,9,
2020年區域立委選舉,2020,臺北市,大安區,龍門里,臺北市第06選區,6,謝佩芬,民主進步黨,1184,
2020年區域立委選舉,2020,臺北市,大安區,龍門里,臺北市第06選區,7,黃典本,無黨籍及未經政黨推薦,3,
2020年區域立委選舉,2020,臺北市,大安區,龍門里,臺北市第06選區,8,孟藹倫,中華婦女黨,63,
2020年區域立委選舉,2020,臺北市,大安區,龍門里,臺北市第06選區,9,張余健,喜樂島聯盟,7,
2020年區域立委選舉,2020,臺北市,大安區,龍門里,臺北市第06選區,10,葉日勤,台灣基進,21,
2020年區域立委選舉,2020,臺北市,大安區,大學里,臺北市第06選區,1,沈宜璇,台灣維新,43,
2020年區域立委選舉,2020,臺北市,大安區,大學里,臺北市第06選區,2,楊攸凱,無黨籍及未經政黨推薦,29,
2020年區域立委選舉,2020,臺北市,大安區,大學里,臺北市第06選區,3,林奕華,中國國民黨,2681,*
2020年區域立委選舉,2020,臺北市,大安區,大學里,臺北市第06選區,4,蕭瑞麟,無黨籍及未經政黨推薦,19,
2020年區域立委選舉,2020,臺北市,大安區,大學里,臺北市第06選區,5,羅世晧,勞動黨,18,
2020年區域立委選舉,2020,臺北市,大安區,大學里,臺北市第06選區,6,謝佩芬,民主進步黨,2284,
2020年區域立委選舉,2020,臺北市,大安區,大學里,臺北市第06選區,7,黃典本,無黨籍及未經政黨推薦,7,
2020年區域立委選舉,2020,臺北市,大安區,大學里,臺北市第06選區,8,孟藹倫,中華婦女黨,175,
2020年區域立委選舉,2020,臺北市,大安區,大學里,臺北市第06選區,9,張余健,喜樂島聯盟,16,
2020年區域立委選舉,2020,臺北市,大安區,大學里,臺北市第06選區,10,葉日勤,台灣基進,52,
2020年區域立委選舉,2020,臺北市,大安區,芳和里,臺北市第06選區,1,沈宜璇,台灣維新,31,
2020年區域立委選舉,2020,臺北市,大安區,芳和里,臺北市第06選區,2,楊攸凱,無黨籍及未經政黨推薦,19,
2020年區域立委選舉,2020,臺北市,大安區,芳和里,臺北市第06選區,3,林奕華,中國國民黨,1937,*
2020年區域立委選舉,2020,臺北市,大安區,芳和里,臺北市第06選區,4,蕭瑞麟,無黨籍及未經政黨推薦,18,
2020年區域立委選舉,2020,臺北市,大安區,芳和里,臺北市第06選區,5,羅世晧,勞動黨,7,
2020年區域立委選舉,2020,臺北市,大安區,芳和里,臺北市第06選區,6,謝佩芬,民主進步黨,1507,
2020年區域立委選舉,2020,臺北市,大安區,芳和里,臺北市第06選區,7,黃典本,無黨籍及未經政黨推薦,2,
2020年區域立委選舉,2020,臺北市,大安區,芳和里,臺北市第06選區,8,孟藹倫,中華婦女黨,56,
2020年區域立委選舉,2020,臺北市,大安區,芳和里,臺北市第06選區,9,張余健,喜樂島聯盟,7,
2020年區域立委選舉,2020,臺北市,大安區,芳和里,臺北市第06選區,10,葉日勤,台灣基進,32,
2020年區域立委選舉,2020,臺北市,大安區,黎元里,臺北市第06選區,1,沈宜璇,台灣維新,24,
2020年區域立委選舉,2020,臺北市,大安區,黎元里,臺北市第06選區,2,楊攸凱,無黨籍及未經政黨推薦,23,
2020年區域立委選舉,2020,臺北市,大安區,黎元里,臺北市第06選區,3,林奕華,中國國民黨,1782,*
2020年區域立委選舉,2020,臺北市,大安區,黎元里,臺北市第06選區,4,蕭瑞麟,無黨籍及未經政黨推薦,10,
2020年區域立委選舉,2020,臺北市,大安區,黎元里,臺北市第06選區,5,羅世晧,勞動黨,11,
2020年區域立委選舉,2020,臺北市,大安區,黎元里,臺北市第06選區,6,謝佩芬,民主進步黨,1522,
2020年區域立委選舉,2020,臺北市,大安區,黎元里,臺北市第06選區,7,黃典本,無黨籍及未經政黨推薦,6,
2020年區域立委選舉,2020,臺北市,大安區,黎元里,臺北市第06選區,8,孟藹倫,中華婦女黨,56,
2020年區域立委選舉,2020,臺北市,大安區,黎元里,臺北市第06選區,9,張余健,喜樂島聯盟,21,
2020年區域立委選舉,2020,臺北市,大安區,黎元里,臺北市第06選區,10,葉日勤,台灣基進,32,
2020年區域立委選舉,2020,臺北市,大安區,黎孝里,臺北市第06選區,1,沈宜璇,台灣維新,42,
2020年區域立委選舉,2020,臺北市,大安區,黎孝里,臺北市第06選區,2,楊攸凱,無黨籍及未經政黨推薦,30,
2020年區域立委選舉,2020,臺北市,大安區,黎孝里,臺北市第06選區,3,林奕華,中國國民黨,2602,*
2020年區域立委選舉,2020,臺北市,大安區,黎孝里,臺北市第06選區,4,蕭瑞麟,無黨籍及未經政黨推薦,25,
2020年區域立委選舉,2020,臺北市,大安區,黎孝里,臺北市第06選區,5,羅世晧,勞動黨,27,
2020年區域立委選舉,2020,臺北市,大安區,黎孝里,臺北市第06選區,6,謝佩芬,民主進步黨,2171,
2020年區域立委選舉,2020,臺北市,大安區,黎孝里,臺北市第06選區,7,黃典本,無黨籍及未經政黨推薦,1,
2020年區域立委選舉,2020,臺北市,大安區,黎孝里,臺北市第06選區,8,孟藹倫,中華婦女黨,87,
2020年區域立委選舉,2020,臺北市,大安區,黎孝里,臺北市第06選區,9,張余健,喜樂島聯盟,15,
2020年區域立委選舉,2020,臺北市,大安區,黎孝里,臺北市第06選區,10,葉日勤,台灣基進,48,
2020年區域立委選舉,2020,臺北市,大安區,黎和里,臺北市第06選區,1,沈宜璇,台灣維新,23,
2020年區域立委選舉,2020,臺北市,大安區,黎和里,臺北市第06選區,2,楊攸凱,無黨籍及未經政黨推薦,24,
2020年區域立委選舉,2020,臺北市,大安區,黎和里,臺北市第06選區,3,林奕華,中國國民黨,1741,*
2020年區域立委選舉,2020,臺北市,大安區,黎和里,臺北市第06選區,4,蕭瑞麟,無黨籍及未經政黨推薦,10,
2020年區域立委選舉,2020,臺北市,大安區,黎和里,臺北市第06選區,5,羅世晧,勞動黨,13,
2020年區域立委選舉,2020,臺北市,大安區,黎和里,臺北市第06選區,6,謝佩芬,民主進步黨,1170,
2020年區域立委選舉,2020,臺北市,大安區,黎和里,臺北市第06選區,7,黃典本,無黨籍及未經政黨推薦,6,
2020年區域立委選舉,2020,臺北市,大安區,黎和里,臺北市第06選區,8,孟藹倫,中華婦女黨,52,
2020年區域立委選舉,2020,臺北市,大安區,黎和里,臺北市第06選區,9,張余健,喜樂島聯盟,10,
2020年區域立委選舉,2020,臺北市,大安區,黎和里,臺北市第06選區,10,葉日勤,台灣基進,22,
2020年區域立委選舉,2020,臺北市,大安區,建安里,臺北市第06選區,1,沈宜璇,台灣維新,22,
2020年區域立委選舉,2020,臺北市,大安區,建安里,臺北市第06選區,2,楊攸凱,無黨籍及未經政黨推薦,15,
2020年區域立委選舉,2020,臺北市,大安區,建安里,臺北市第06選區,3,林奕華,中國國民黨,1517,*
2020年區域立委選舉,2020,臺北市,大安區,建安里,臺北市第06選區,4,蕭瑞麟,無黨籍及未經政黨推薦,9,
2020年區域立委選舉,2020,臺北市,大安區,建安里,臺北市第06選區,5,羅世晧,勞動黨,6,
2020年區域立委選舉,2020,臺北市,大安區,建安里,臺北市第06選區,6,謝佩芬,民主進步黨,1230,
2020年區域立委選舉,2020,臺北市,大安區,建安里,臺北市第06選區,7,黃典本,無黨籍及未經政黨推薦,2,
2020年區域立委選舉,2020,臺北市,大安區,建安里,臺北市第06選區,8,孟藹倫,中華婦女黨,40,
2020年區域立委選舉,2020,臺北市,大安區,建安里,臺北市第06選區,9,張余健,喜樂島聯盟,15,
2020年區域立委選舉,2020,臺北市,大安區,建安里,臺北市第06選區,10,葉日勤,台灣基進,25,
2020年區域立委選舉,2020,臺北市,大安區,建倫里,臺北市第06選區,1,沈宜璇,台灣維新,23,
2020年區域立委選舉,2020,臺北市,大安區,建倫里,臺北市第06選區,2,楊攸凱,無黨籍及未經政黨推薦,18,
2020年區域立委選舉,2020,臺北市,大安區,建倫里,臺北市第06選區,3,林奕華,中國國民黨,1908,*
2020年區域立委選舉,2020,臺北市,大安區,建倫里,臺北市第06選區,4,蕭瑞麟,無黨籍及未經政黨推薦,10,
2020年區域立委選舉,2020,臺北市,大安區,建倫里,臺北市第06選區,5,羅世晧,勞動黨,15,
2020年區域立委選舉,2020,臺北市,大安區,建倫里,臺北市第06選區,6,謝佩芬,民主進步黨,1539,
2020年區域立委選舉,2020,臺北市,大安區,建倫里,臺北市第06選區,7,黃典本,無黨籍及未經政黨推薦,3,
2020年區域立委選舉,2020,臺北市,大安區,建倫里,臺北市第06選區,8,孟藹倫,中華婦女黨,44,
2020年區域立委選舉,2020,臺北市,大安區,建倫里,臺北市第06選區,9,張余健,喜樂島聯盟,9,
2020年區域立委選舉,2020,臺北市,大安區,建倫里,臺北市第06選區,10,葉日勤,台灣基進,36,
2020年區域立委選舉,2020,臺北市,大安區,敦安里,臺北市第06選區,1,沈宜璇,台灣維新,24,
2020年區域立委選舉,2020,臺北市,大安區,敦安里,臺北市第06選區,2,楊攸凱,無黨籍及未經政黨推薦,17,
2020年區域立委選舉,2020,臺北市,大安區,敦安里,臺北市第06選區,3,林奕華,中國國民黨,1876,*
2020年區域立委選舉,2020,臺北市,大安區,敦安里,臺北市第06選區,4,蕭瑞麟,無黨籍及未經政黨推薦,14,
2020年區域立委選舉,2020,臺北市,大安區,敦安里,臺北市第06選區,5,羅世晧,勞動黨,11,
2020年區域立委選舉,2020,臺北市,大安區,敦安里,臺北市第06選區,6,謝佩芬,民主進步黨,1683,
2020年區域立委選舉,2020,臺北市,大安區,敦安里,臺北市第06選區,7,黃典本,無黨籍及未經政黨推薦,3,
2020年區域立委選舉,2020,臺北市,大安區,敦安里,臺北市第06選區,8,孟藹倫,中華婦女黨,68,
2020年區域立委選舉,2020,臺北市,大安區,敦安里,臺北市第06選區,9,張余健,喜樂島聯盟,9,
2020年區域立委選舉,2020,臺北市,大安區,敦安里,臺北市第06選區,10,葉日勤,台灣基進,32,
2020年區域立委選舉,2020,臺北市,大安區,正聲里,臺北市第06選區,1,沈宜璇,台灣維新,18,
2020年區域立委選舉,2020,臺北市,大安區,正聲里,臺北市第06選區,2,楊攸凱,無黨籍及未經政黨推薦,21,
2020年區域立委選舉,2020,臺北市,大安區,正聲里,臺北市第06選區,3,林奕華,中國國民黨,1541,*
2020年區域立委選舉,2020,臺北市,大安區,正聲里,臺北市第06選區,4,蕭瑞麟,無黨籍及未經政黨推薦,8,
2020年區域立委選舉,2020,臺北市,大安區,正聲里,臺北市第06選區,5,羅世晧,勞動黨,14,
2020年區域立委選舉,2020,臺北市,大安區,正聲里,臺北市第06選區,6,謝佩芬,民主進步黨,1107,
2020年區域立委選舉,2020,臺北市,大安區,正聲里,臺北市第06選區,7,黃典本,無黨籍及未經政黨推薦,8,
2020年區域立委選舉,2020,臺北市,大安區,正聲里,臺北市第06選區,8,孟藹倫,中華婦女黨,46,
2020年區域立委選舉,2020,臺北市,大安區,正聲里,臺北市第06選區,9,張余健,喜樂島聯盟,4,
2020年區域立委選舉,2020,臺北市,大安區,正聲里,臺北市第06選區,10,葉日勤,台灣基進,22,
2020年區域立委選舉,2020,臺北市,大安區,敦煌里,臺北市第06選區,1,沈宜璇,台灣維新,20,
2020年區域立委選舉,2020,臺北市,大安區,敦煌里,臺北市第06選區,2,楊攸凱,無黨籍及未經政黨推薦,8,
2020年區域立委選舉,2020,臺北市,大安區,敦煌里,臺北市第06選區,3,林奕華,中國國民黨,1805,*
2020年區域立委選舉,2020,臺北市,大安區,敦煌里,臺北市第06選區,4,蕭瑞麟,無黨籍及未經政黨推薦,12,
2020年區域立委選舉,2020,臺北市,大安區,敦煌里,臺北市第06選區,5,羅世晧,勞動黨,15,
2020年區域立委選舉,2020,臺北市,大安區,敦煌里,臺北市第06選區,6,謝佩芬,民主進步黨,1643,
2020年區域立委選舉,2020,臺北市,大安區,敦煌里,臺北市第06選區,7,黃典本,無黨籍及未經政黨推薦,5,
2020年區域立委選舉,2020,臺北市,大安區,敦煌里,臺北市第06選區,8,孟藹倫,中華婦女黨,42,
2020年區域立委選舉,2020,臺北市,大安區,敦煌里,臺北市第06選區,9,張余健,喜樂島聯盟,9,
2020年區域立委選舉,2020,臺北市,大安區,敦煌里,臺北市第06選區,10,葉日勤,台灣基進,27,
2020年區域立委選舉,2020,臺北市,大安區,華聲里,臺北市第06選區,1,沈宜璇,台灣維新,21,
2020年區域立委選舉,2020,臺北市,大安區,華聲里,臺北市第06選區,2,楊攸凱,無黨籍及未經政黨推薦,15,
2020年區域立委選舉,2020,臺北市,大安區,華聲里,臺北市第06選區,3,林奕華,中國國民黨,1375,*
2020年區域立委選舉,2020,臺北市,大安區,華聲里,臺北市第06選區,4,蕭瑞麟,無黨籍及未經政黨推薦,8,
2020年區域立委選舉,2020,臺北市,大安區,華聲里,臺北市第06選區,5,羅世晧,勞動黨,7,
2020年區域立委選舉,2020,臺北市,大安區,華聲里,臺北市第06選區,6,謝佩芬,民主進步黨,1076,
2020年區域立委選舉,2020,臺北市,大安區,華聲里,臺北市第06選區,7,黃典本,無黨籍及未經政黨推薦,3,
2020年區域立委選舉,2020,臺北市,大安區,華聲里,臺北市第06選區,8,孟藹倫,中華婦女黨,37,
2020年區域立委選舉,2020,臺北市,大安區,華聲里,臺北市第06選區,9,張余健,喜樂島聯盟,7,
2020年區域立委選舉,2020,臺北市,大安區,華聲里,臺北市第06選區,10,葉日勤,台灣基進,23,
2020年區域立委選舉,2020,臺北市,大安區,車層里,臺北市第06選區,1,沈宜璇,台灣維新,37,
2020年區域立委選舉,2020,臺北市,大安區,車層里,臺北市第06選區,2,楊攸凱,無黨籍及未經政黨推薦,18,
2020年區域立委選舉,2020,臺北市,大安區,車層里,臺北市第06選區,3,林奕華,中國國民黨,1928,*
2020年區域立委選舉,2020,臺北市,大安區,車層里,臺北市第06選區,4,蕭瑞麟,無黨籍及未經政黨推薦,13,
2020年區域立委選舉,2020,臺北市,大安區,車層里,臺北市第06選區,5,羅世晧,勞動黨,16,
2020年區域立委選舉,2020,臺北市,大安區,車層里,臺北市第06選區,6,謝佩芬,民主進步黨,1691,
2020年區域立委選舉,2020,臺北市,大安區,車層里,臺北市第06選區,7,黃典本,無黨籍及未經政黨推薦,2,
2020年區域立委選舉,2020,臺北市,大安區,車層里,臺北市第06選區,8,孟藹倫,中華婦女黨,60,
2020年區域立委選舉,2020,臺北市,大安區,車層里,臺北市第06選區,9,張余健,喜樂島聯盟,15,
2020年區域立委選舉,2020,臺北市,大安區,車層里,臺北市第06選區,10,葉日勤,台灣基進,27,
2020年區域立委選舉,2020,臺北市,大安區,光信里,臺北市第06選區,1,沈宜璇,台灣維新,37,
2020年區域立委選舉,2020,臺北市,大安區,光信里,臺北市第06選區,2,楊攸凱,無黨籍及未經政黨推薦,33,
2020年區域立委選舉,2020,臺北市,大安區,光信里,臺北市第06選區,3,林奕華,中國國民黨,2386,*
2020年區域立委選舉,2020,臺北市,大安區,光信里,臺北市第06選區,4,蕭瑞麟,無黨籍及未經政黨推薦,14,
2020年區域立委選舉,2020,臺北市,大安區,光信里,臺北市第06選區,5,羅世晧,勞動黨,18,
2020年區域立委選舉,2020,臺北市,大安區,光信里,臺北市第06選區,6,謝佩芬,民主進步黨,2021,
2020年區域立委選舉,2020,臺北市,大安區,光信里,臺北市第06選區,7,黃典本,無黨籍及未經政黨推薦,5,
2020年區域立委選舉,2020,臺北市,大安區,光信里,臺北市第06選區,8,孟藹倫,中華婦女黨,81,
2020年區域立委選舉,2020,臺北市,大安區,光信里,臺北市第06選區,9,張余健,喜樂島聯盟,10,
2020年區域立委選舉,2020,臺北市,大安區,光信里,臺北市第06選區,10,葉日勤,台灣基進,37,
2020年區域立委選舉,2020,臺北市,大安區,學府里,臺北市第06選區,1,沈宜璇,台灣維新,15,
2020年區域立委選舉,2020,臺北市,大安區,學府里,臺北市第06選區,2,楊攸凱,無黨籍及未經政黨推薦,4,
2020年區域立委選舉,2020,臺北市,大安區,學府里,臺北市第06選區,3,林奕華,中國國民黨,908,*
2020年區域立委選舉,2020,臺北市,大安區,學府里,臺北市第06選區,4,蕭瑞麟,無黨籍及未經政黨推薦,5,
2020年區域立委選舉,2020,臺北市,大安區,學府里,臺北市第06選區,5,羅世晧,勞動黨,13,
2020年區域立委選舉,2020,臺北市,大安區,學府里,臺北市第06選區,6,謝佩芬,民主進步黨,571,
2020年區域立委選舉,2020,臺北市,大安區,學府里,臺北市第06選區,7,黃典本,無黨籍及未經政黨推薦,0,
2020年區域立委選舉,2020,臺北市,大安區,學府里,臺北市第06選區,8,孟藹倫,中華婦女黨,28,
2020年區域立委選舉,2020,臺北市,大安區,學府里,臺北市第06選區,9,張余健,喜樂島聯盟,10,
2020年區域立委選舉,2020,臺北市,大安區,學府里,臺北市第06選區,10,葉日勤,台灣基進,22,
2020年區域立委選舉,2020,臺北市,中山區,正守里,臺北市第03選區,1,何景榮,台灣民眾黨,62,
2020年區域立委選舉,2020,臺北市,中山區,正守里,臺北市第03選區,2,吳怡農,民主進步黨,973,
2020年區域立委選舉,2020,臺北市,中山區,正守里,臺北市第03選區,3,田方宇,安定力量,7,
2020年區域立委選舉,2020,臺北市,中山區,正守里,臺北市第03選區,4,蔣萬安,中國國民黨,1045,*
2020年區域立委選舉,2020,臺北市,中山區,正義里,臺北市第03選區,1,何景榮,台灣民眾黨,121,
2020年區域立委選舉,2020,臺北市,中山區,正義里,臺北市第03選區,2,吳怡農,民主進步黨,1425,
2020年區域立委選舉,2020,臺北市,中山區,正義里,臺北市第03選區,3,田方宇,安定力量,21,
2020年區域立委選舉,2020,臺北市,中山區,正義里,臺北市第03選區,4,蔣萬安,中國國民黨,1652,*
2020年區域立委選舉,2020,臺北市,中山區,正得里,臺北市第03選區,1,何景榮,台灣民眾黨,61,
2020年區域立委選舉,2020,臺北市,中山區,正得里,臺北市第03選區,2,吳怡農,民主進步黨,1052,
2020年區域立委選舉,2020,臺北市,中山區,正得里,臺北市第03選區,3,田方宇,安定力量,13,
2020年區域立委選舉,2020,臺北市,中山區,正得里,臺北市第03選區,4,蔣萬安,中國國民黨,1181,*
2020年區域立委選舉,2020,臺北市,中山區,民安里,臺北市第03選區,1,何景榮,台灣民眾黨,104,
2020年區域立委選舉,2020,臺北市,中山區,民安里,臺北市第03選區,2,吳怡農,民主進步黨,1465,
2020年區域立委選舉,2020,臺北市,中山區,民安里,臺北市第03選區,3,田方宇,安定力量,14,
2020年區域立委選舉,2020,臺北市,中山區,民安里,臺北市第03選區,4,蔣萬安,中國國民黨,1337,*
2020年區域立委選舉,2020,臺北市,中山區,康樂里,臺北市第03選區,1,何景榮,台灣民眾黨,45,
2020年區域立委選舉,2020,臺北市,中山區,康樂里,臺北市第03選區,2,吳怡農,民主進步黨,684,
2020年區域立委選舉,2020,臺北市,中山區,康樂里,臺北市第03選區,3,田方宇,安定力量,4,
2020年區域立委選舉,2020,臺北市,中山區,康樂里,臺北市第03選區,4,蔣萬安,中國國民黨,900,*
2020年區域立委選舉,2020,臺北市,中山區,中山里,臺北市第03選區,1,何景榮,台灣民眾黨,126,
2020年區域立委選舉,2020,臺北市,中山區,中山里,臺北市第03選區,2,吳怡農,民主進步黨,2018,
2020年區域立委選舉,2020,臺北市,中山區,中山里,臺北市第03選區,3,田方宇,安定力量,31,
2020年區域立委選舉,2020,臺北市,中山區,中山里,臺北市第03選區,4,蔣萬安,中國國民黨,2078,*
2020年區域立委選舉,2020,臺北市,中山區,聚盛里,臺北市第03選區,1,何景榮,台灣民眾黨,70,
2020年區域立委選舉,2020,臺北市,中山區,聚盛里,臺北市第03選區,2,吳怡農,民主進步黨,1099,
2020年區域立委選舉,2020,臺北市,中山區,聚盛里,臺北市第03選區,3,田方宇,安定力量,16,
2020年區域立委選舉,2020,臺北市,中山區,聚盛里,臺北市第03選區,4,蔣萬安,中國國民黨,1413,*
2020年區域立委選舉,2020,臺北市,中山區,集英里,臺北市第03選區,1,何景榮,台灣民眾黨,156,
2020年區域立委選舉,2020,臺北市,中山區,集英里,臺北市第03選區,2,吳怡農,民主進步黨,2379,
2020年區域立委選舉,2020,臺北市,中山區,集英里,臺北市第03選區,3,田方宇,安定力量,29,
2020年區域立委選舉,2020,臺北市,中山區,集英里,臺北市第03選區,4,蔣萬安,中國國民黨,1869,*
2020年區域立委選舉,2020,臺北市,中山區,聚葉里,臺北市第03選區,1,何景榮,台灣民眾黨,65,
2020年區域立委選舉,2020,臺北市,中山區,聚葉里,臺北市第03選區,2,吳怡農,民主進步黨,1247,
2020年區域立委選舉,2020,臺北市,中山區,聚葉里,臺北市第03選區,3,田方宇,安定力量,8,
2020年區域立委選舉,2020,臺北市,中山區,聚葉里,臺北市第03選區,4,蔣萬安,中國國民黨,1182,*
2020年區域立委選舉,2020,臺北市,中山區,恆安里,臺北市第03選區,1,何景榮,台灣民眾黨,89,
2020年區域立委選舉,2020,臺北市,中山區,恆安里,臺北市第03選區,2,吳怡農,民主進步黨,1379,
2020年區域立委選舉,2020,臺北市,中山區,恆安里,臺北市第03選區,3,田方宇,安定力量,15,
2020年區域立委選舉,2020,臺北市,中山區,恆安里,臺北市第03選區,4,蔣萬安,中國國民黨,1522,*
2020年區域立委選舉,2020,臺北市,中山區,晴光里,臺北市第03選區,1,何景榮,台灣民眾黨,128,
2020年區域立委選舉,2020,臺北市,中山區,晴光里,臺北市第03選區,2,吳怡農,民主進步黨,1544,
2020年區域立委選舉,2020,臺北市,中山區,晴光里,臺北市第03選區,3,田方宇,安定力量,19,
2020年區域立委選舉,2020,臺北市,中山區,晴光里,臺北市第03選區,4,蔣萬安,中國國民黨,1722,*
2020年區域立委選舉,2020,臺北市,中山區,圓山里,臺北市第03選區,1,何景榮,台灣民眾黨,80,
2020年區域立委選舉,2020,臺北市,中山區,圓山里,臺北市第03選區,2,吳怡農,民主進步黨,1341,
2020年區域立委選舉,2020,臺北市,中山區,圓山里,臺北市第03選區,3,田方宇,安定力量,26,
2020年區域立委選舉,2020,臺北市,中山區,圓山里,臺北市第03選區,4,蔣萬安,中國國民黨,1224,*
2020年區域立委選舉,2020,臺北市,中山區,劍潭里,臺北市第03選區,1,何景榮,台灣民眾黨,40,
2020年區域立委選舉,2020,臺北市,中山區,劍潭里,臺北市第03選區,2,吳怡農,民主進步黨,489,
2020年區域立委選舉,2020,臺北市,中山區,劍潭里,臺北市第03選區,3,田方宇,安定力量,20,
2020年區域立委選舉,2020,臺北市,中山區,劍潭里,臺北市第03選區,4,蔣萬安,中國國民黨,1802,*
2020年區域立委選舉,2020,臺北市,中山區,大直里,臺北市第03選區,1,何景榮,台灣民眾黨,142,
2020年區域立委選舉,2020,臺北市,中山區,大直里,臺北市第03選區,2,吳怡農,民主進步黨,2486,
2020年區域立委選舉,2020,臺北市,中山區,大直里,臺北市第03選區,3,田方宇,安定力量,41,
2020年區域立委選舉,2020,臺北市,中山區,大直里,臺北市第03選區,4,蔣萬安,中國國民黨,3162,*
2020年區域立委選舉,2020,臺北市,中山區,成功里,臺北市第03選區,1,何景榮,台灣民眾黨,83,
2020年區域立委選舉,2020,臺北市,中山區,成功里,臺北市第03選區,2,吳怡農,民主進步黨,1854,
2020年區域立委選舉,2020,臺北市,中山區,成功里,臺北市第03選區,3,田方宇,安定力量,23,
2020年區域立委選舉,2020,臺北市,中山區,成功里,臺北市第03選區,4,蔣萬安,中國國民黨,2090,*
2020年區域立委選舉,2020,臺北市,中山區,永安里,臺北市第03選區,1,何景榮,台灣民眾黨,137,
2020年區域立委選舉,2020,臺北市,中山區,永安里,臺北市第03選區,2,吳怡農,民主進步黨,2677,
2020年區域立委選舉,2020,臺北市,中山區,永安里,臺北市第03選區,3,田方宇,安定力量,29,
2020年區域立委選舉,2020,臺北市,中山區,永安里,臺北市第03選區,4,蔣萬安,中國國民黨,2993,*
2020年區域立委選舉,2020,臺北市,中山區,大佳里,臺北市第03選區,1,何景榮,台灣民眾黨,21,
2020年區域立委選舉,2020,臺北市,中山區,大佳里,臺北市第03選區,2,吳怡農,民主進步黨,381,
2020年區域立委選舉,2020,臺北市,中山區,大佳里,臺北市第03選區,3,田方宇,安定力量,4,
2020年區域立委選舉,2020,臺北市,中山區,大佳里,臺北市第03選區,4,蔣萬安,中國國民黨,257,*
2020年區域立委選舉,2020,臺北市,中山區,新喜里,臺北市第03選區,1,何景榮,台灣民眾黨,109,
2020年區域立委選舉,2020,臺北市,中山區,新喜里,臺北市第03選區,2,吳怡農,民主進步黨,1716,
2020年區域立委選舉,2020,臺北市,中山區,新喜里,臺北市第03選區,3,田方宇,安定力量,9,
2020年區域立委選舉,2020,臺北市,中山區,新喜里,臺北市第03選區,4,蔣萬安,中國國民黨,1581,*
2020年區域立委選舉,2020,臺北市,中山區,新庄里,臺北市第03選區,1,何景榮,台灣民眾黨,103,
2020年區域立委選舉,2020,臺北市,中山區,新庄里,臺北市第03選區,2,吳怡農,民主進步黨,1640,
2020年區域立委選舉,2020,臺北市,中山區,新庄里,臺北市第03選區,3,田方宇,安定力量,16,
2020年區域立委選舉,2020,臺北市,中山區,新庄里,臺北市第03選區,4,蔣萬安,中國國民黨,1524,*
2020年區域立委選舉,2020,臺北市,中山區,新福里,臺北市第03選區,1,何景榮,台灣民眾黨,81,
2020年區域立委選舉,2020,臺北市,中山區,新福里,臺北市第03選區,2,吳怡農,民主進步黨,1832,
2020年區域立委選舉,2020,臺北市,中山區,新福里,臺北市第03選區,3,田方宇,安定力量,8,
2020年區域立委選舉,2020,臺北市,中山區,新福里,臺北市第03選區,4,蔣萬安,中國國民黨,1415,*
2020年區域立委選舉,2020,臺北市,中山區,松江里,臺北市第03選區,1,何景榮,台灣民眾黨,116,
2020年區域立委選舉,2020,臺北市,中山區,松江里,臺北市第03選區,2,吳怡農,民主進步黨,2081,
2020年區域立委選舉,2020,臺北市,中山區,松江里,臺北市第03選區,3,田方宇,安定力量,21,
2020年區域立委選舉,2020,臺北市,中山區,松江里,臺北市第03選區,4,蔣萬安,中國國民黨,1903,*
2020年區域立委選舉,2020,臺北市,中山區,新生里,臺北市第03選區,1,何景榮,台灣民眾黨,81,
2020年區域立委選舉,2020,臺北市,中山區,新生里,臺北市第03選區,2,吳怡農,民主進步黨,1638,
2020年區域立委選舉,2020,臺北市,中山區,新生里,臺北市第03選區,3,田方宇,安定力量,16,
2020年區域立委選舉,2020,臺北市,中山區,新生里,臺北市第03選區,4,蔣萬安,中國國民黨,1451,*
2020年區域立委選舉,2020,臺北市,中山區,中庄里,臺北市第03選區,1,何景榮,台灣民眾黨,100,
2020年區域立委選舉,2020,臺北市,中山區,中庄里,臺北市第03選區,2,吳怡農,民主進步黨,1725,
2020年區域立委選舉,2020,臺北市,中山區,中庄里,臺北市第03選區,3,田方宇,安定力量,10,
2020年區域立委選舉,2020,臺北市,中山區,中庄里,臺北市第03選區,4,蔣萬安,中國國民黨,1430,*
2020年區域立委選舉,2020,臺北市,中山區,行政里,臺北市第03選區,1,何景榮,台灣民眾黨,99,
2020年區域立委選舉,2020,臺北市,中山區,行政里,臺北市第03選區,2,吳怡農,民主進步黨,1887,
2020年區域立委選舉,2020,臺北市,中山區,行政里,臺北市第03選區,3,田方宇,安定力量,15,
2020年區域立委選舉,2020,臺北市,中山區,行政里,臺北市第03選區,4,蔣萬安,中國國民黨,1984,*
2020年區域立委選舉,2020,臺北市,中山區,行仁里,臺北市第03選區,1,何景榮,台灣民眾黨,140,
2020年區域立委選舉,2020,臺北市,中山區,行仁里,臺北市第03選區,2,吳怡農,民主進步黨,2796,
2020年區域立委選舉,2020,臺北市,中山區,行仁里,臺北市第03選區,3,田方宇,安定力量,10,
2020年區域立委選舉,2020,臺北市,中山區,行仁里,臺北市第03選區,4,蔣萬安,中國國民黨,2402,*
2020年區域立委選舉,2020,臺北市,中山區,行孝里,臺北市第03選區,1,何景榮,台灣民眾黨,75,
2020年區域立委選舉,2020,臺北市,中山區,行孝里,臺北市第03選區,2,吳怡農,民主進步黨,1364,
2020年區域立委選舉,2020,臺北市,中山區,行孝里,臺北市第03選區,3,田方宇,安定力量,10,
2020年區域立委選舉,2020,臺北市,中山區,行孝里,臺北市第03選區,4,蔣萬安,中國國民黨,1201,*
2020年區域立委選舉,2020,臺北市,中山區,下埤里,臺北市第03選區,1,何景榮,台灣民眾黨,132,
2020年區域立委選舉,2020,臺北市,中山區,下埤里,臺北市第03選區,2,吳怡農,民主進步黨,2505,
2020年區域立委選舉,2020,臺北市,中山區,下埤里,臺北市第03選區,3,田方宇,安定力量,25,
2020年區域立委選舉,2020,臺北市,中山區,下埤里,臺北市第03選區,4,蔣萬安,中國國民黨,2347,*
2020年區域立委選舉,2020,臺北市,中山區,江寧里,臺北市第03選區,1,何景榮,台灣民眾黨,116,
2020年區域立委選舉,2020,臺北市,中山區,江寧里,臺北市第03選區,2,吳怡農,民主進步黨,2149,
2020年區域立委選舉,2020,臺北市,中山區,江寧里,臺北市第03選區,3,田方宇,安定力量,25,
2020年區域立委選舉,2020,臺北市,中山區,江寧里,臺北市第03選區,4,蔣萬安,中國國民黨,2277,*
2020年區域立委選舉,2020,臺北市,中山區,江山里,臺北市第03選區,1,何景榮,台灣民眾黨,124,
2020年區域立委選舉,2020,臺北市,中山區,江山里,臺北市第03選區,2,吳怡農,民主進步黨,2544,
2020年區域立委選舉,2020,臺北市,中山區,江山里,臺北市第03選區,3,田方宇,安定力量,33,
2020年區域立委選舉,2020,臺北市,中山區,江山里,臺北市第03選區,4,蔣萬安,中國國民黨,2268,*
2020年區域立委選舉,2020,臺北市,中山區,中吉里,臺北市第03選區,1,何景榮,台灣民眾黨,87,
2020年區域立委選舉,2020,臺北市,中山區,中吉里,臺北市第03選區,2,吳怡農,民主進步黨,1892,
2020年區域立委選舉,2020,臺北市,中山區,中吉里,臺北市第03選區,3,田方宇,安定力量,22,
2020年區域立委選舉,2020,臺北市,中山區,中吉里,臺北市第03選區,4,蔣萬安,中國國民黨,1571,*
2020年區域立委選舉,2020,臺北市,中山區,中原里,臺北市第03選區,1,何景榮,台灣民眾黨,100,
2020年區域立委選舉,2020,臺北市,中山區,中原里,臺北市第03選區,2,吳怡農,民主進步黨,1741,
2020年區域立委選舉,2020,臺北市,中山區,中原里,臺北市第03選區,3,田方宇,安定力量,18,
2020年區域立委選舉,2020,臺北市,中山區,中原里,臺北市第03選區,4,蔣萬安,中國國民黨,1531,*
2020年區域立委選舉,2020,臺北市,中山區,興亞里,臺北市第03選區,1,何景榮,台灣民眾黨,112,
2020年區域立委選舉,2020,臺北市,中山區,興亞里,臺北市第03選區,2,吳怡農,民主進步黨,1682,
2020年區域立委選舉,2020,臺北市,中山區,興亞里,臺北市第03選區,3,田方宇,安定力量,20,
2020年區域立委選舉,2020,臺北市,中山區,興亞里,臺北市第03選區,4,蔣萬安,中國國民黨,1616,*
2020年區域立委選舉,2020,臺北市,中山區,中央里,臺北市第03選區,1,何景榮,台灣民眾黨,68,
2020年區域立委選舉,2020,臺北市,中山區,中央里,臺北市第03選區,2,吳怡農,民主進步黨,1114,
2020年區域立委選舉,2020,臺北市,中山區,中央里,臺北市第03選區,3,田方宇,安定力量,15,
2020年區域立委選舉,2020,臺北市,中山區,中央里,臺北市第03選區,4,蔣萬安,中國國民黨,1152,*
2020年區域立委選舉,2020,臺北市,中山區,朱馥里,臺北市第03選區,1,何景榮,台灣民眾黨,81,
2020年區域立委選舉,2020,臺北市,中山區,朱馥里,臺北市第03選區,2,吳怡農,民主進步黨,1715,
2020年區域立委選舉,2020,臺北市,中山區,朱馥里,臺北市第03選區,3,田方宇,安定力量,27,
2020年區域立委選舉,2020,臺北市,中山區,朱馥里,臺北市第03選區,4,蔣萬安,中國國民黨,1861,*
2020年區域立委選舉,2020,臺北市,中山區,龍洲里,臺北市第03選區,1,何景榮,台灣民眾黨,76,
2020年區域立委選舉,2020,臺北市,中山區,龍洲里,臺北市第03選區,2,吳怡農,民主進步黨,1038,
2020年區域立委選舉,2020,臺北市,中山區,龍洲里,臺北市第03選區,3,田方宇,安定力量,19,
2020年區域立委選舉,2020,臺北市,中山區,龍洲里,臺北市第03選區,4,蔣萬安,中國國民黨,2281,*
2020年區域立委選舉,2020,臺北市,中山區,朱園里,臺北市第03選區,1,何景榮,台灣民眾黨,130,
2020年區域立委選舉,2020,臺北市,中山區,朱園里,臺北市第03選區,2,吳怡農,民主進步黨,1452,
2020年區域立委選舉,2020,臺北市,中山區,朱園里,臺北市第03選區,3,田方宇,安定力量,17,
2020年區域立委選舉,2020,臺北市,中山區,朱園里,臺北市第03選區,4,蔣萬安,中國國民黨,1328,*
2020年區域立委選舉,2020,臺北市,中山區,埤頭里,臺北市第03選區,1,何景榮,台灣民眾黨,68,
2020年區域立委選舉,2020,臺北市,中山區,埤頭里,臺北市第03選區,2,吳怡農,民主進步黨,1011,
2020年區域立委選舉,2020,臺北市,中山區,埤頭里,臺北市第03選區,3,田方宇,安定力量,16,
2020年區域立委選舉,2020,臺北市,中山區,埤頭里,臺北市第03選區,4,蔣萬安,中國國民黨,1038,*
2020年區域立委選舉,2020,臺北市,中山區,朱崙里,臺北市第03選區,1,何景榮,台灣民眾黨,64,
2020年區域立委選舉,2020,臺北市,中山區,朱崙里,臺北市第03選區,2,吳怡農,民主進步黨,901,
2020年區域立委選舉,2020,臺北市,中山區,朱崙里,臺北市第03選區,3,田方宇,安定力量,9,
2020年區域立委選舉,2020,臺北市,中山區,朱崙里,臺北市第03選區,4,蔣萬安,中國國民黨,904,*
2020年區域立委選舉,2020,臺北市,中山區,力行里,臺北市第03選區,1,何景榮,台灣民眾黨,101,
2020年區域立委選舉,2020,臺北市,中山區,力行里,臺北市第03選區,2,吳怡農,民主進步黨,1999,
2020年區域立委選舉,2020,臺北市,中山區,力行里,臺北市第03選區,3,田方宇,安定力量,23,
2020年區域立委選舉,2020,臺北市,中山區,力行里,臺北市第03選區,4,蔣萬安,中國國民黨,1817,*
2020年區域立委選舉,2020,臺北市,中山區,復華里,臺北市第03選區,1,何景榮,台灣民眾黨,64,
2020年區域立委選舉,2020,臺北市,中山區,復華里,臺北市第03選區,2,吳怡農,民主進步黨,1219,
2020年區域立委選舉,2020,臺北市,中山區,復華里,臺北市第03選區,3,田方宇,安定力量,20,
2020年區域立委選舉,2020,臺北市,中山區,復華里,臺北市第03選區,4,蔣萬安,中國國民黨,1676,*
2020年區域立委選舉,2020,臺北市,中山區,金泰里,臺北市第03選區,1,何景榮,台灣民眾黨,134,
2020年區域立委選舉,2020,臺北市,中山區,金泰里,臺北市第03選區,2,吳怡農,民主進步黨,1969,
2020年區域立委選舉,2020,臺北市,中山區,金泰里,臺北市第03選區,3,田方宇,安定力量,29,
2020年區域立委選舉,2020,臺北市,中山區,金泰里,臺北市第03選區,4,蔣萬安,中國國民黨,2532,*
2020年區域立委選舉,2020,臺北市,中山區,北安里,臺北市第03選區,1,何景榮,台灣民眾黨,41,
2020年區域立委選舉,2020,臺北市,中山區,北安里,臺北市第03選區,2,吳怡農,民主進步黨,653,
2020年區域立委選舉,2020,臺北市,中山區,北安里,臺北市第03選區,3,田方宇,安定力量,13,
2020年區域立委選舉,2020,臺北市,中山區,北安里,臺北市第03選區,4,蔣萬安,中國國民黨,1014,*
2020年區域立委選舉,2020,臺北市,中正區,水源里,臺北市第08選區,1,蕭曉玲,喜樂島聯盟,3,
2020年區域立委選舉,2020,臺北市,中正區,水源里,臺北市第08選區,2,華珮君,台灣動物保護黨,56,
2020年區域立委選舉,2020,臺北市,中正區,水源里,臺北市第08選區,3,彭子軒,無黨籍及未經政黨推薦,12,
2020年區域立委選舉,2020,臺北市,中正區,水源里,臺北市第08選區,4,柯士翎,綠黨,26,
2020年區域立委選舉,2020,臺北市,中正區,水源里,臺北市第08選區,5,阮昭雄,民主進步黨,768,
2020年區域立委選舉,2020,臺北市,中正區,水源里,臺北市第08選區,6,賴士葆,中國國民黨,854,*
2020年區域立委選舉,2020,臺北市,中正區,水源里,臺北市第08選區,7,顏銘緯,台灣基進,45,
2020年區域立委選舉,2020,臺北市,中正區,水源里,臺北市第08選區,8,李文,無黨籍及未經政黨推薦,9,
2020年區域立委選舉,2020,臺北市,中正區,水源里,臺北市第08選區,9,張幸松,台灣民眾黨,117,
2020年區域立委選舉,2020,臺北市,中正區,富水里,臺北市第08選區,1,蕭曉玲,喜樂島聯盟,6,
2020年區域立委選舉,2020,臺北市,中正區,富水里,臺北市第08選區,2,華珮君,台灣動物保護黨,63,
2020年區域立委選舉,2020,臺北市,中正區,富水里,臺北市第08選區,3,彭子軒,無黨籍及未經政黨推薦,10,
2020年區域立委選舉,2020,臺北市,中正區,富水里,臺北市第08選區,4,柯士翎,綠黨,20,
2020年區域立委選舉,2020,臺北市,中正區,富水里,臺北市第08選區,5,阮昭雄,民主進步黨,432,
2020年區域立委選舉,2020,臺北市,中正區,富水里,臺北市第08選區,6,賴士葆,中國國民黨,816,*
2020年區域立委選舉,2020,臺北市,中正區,富水里,臺北市第08選區,7,顏銘緯,台灣基進,54,
2020年區域立委選舉,2020,臺北市,中正區,富水里,臺北市第08選區,8,李文,無黨籍及未經政黨推薦,16,
2020年區域立委選舉,2020,臺北市,中正區,富水里,臺北市第08選區,9,張幸松,台灣民眾黨,108,
2020年區域立委選舉,2020,臺北市,中正區,文盛里,臺北市第08選區,1,蕭曉玲,喜樂島聯盟,6,
2020年區域立委選舉,2020,臺北市,中正區,文盛里,臺北市第08選區,2,華珮君,台灣動物保護黨,53,
2020年區域立委選舉,2020,臺北市,中正區,文盛里,臺北市第08選區,3,彭子軒,無黨籍及未經政黨推薦,10,
2020年區域立委選舉,2020,臺北市,中正區,文盛里,臺北市第08選區,4,柯士翎,綠黨,27,
2020年區域立委選舉,2020,臺北市,中正區,文盛里,臺北市第08選區,5,阮昭雄,民主進步黨,639,
2020年區域立委選舉,2020,臺北市,中正區,文盛里,臺北市第08選區,6,賴士葆,中國國民黨,736,*
2020年區域立委選舉,2020,臺北市,中正區,文盛里,臺北市第08選區,7,顏銘緯,台灣基進,46,
2020年區域立委選舉,2020,臺北市,中正區,文盛里,臺北市第08選區,8,李文,無黨籍及未經政黨推薦,8,
2020年區域立委選舉,2020,臺北市,中正區,文盛里,臺北市第08選區,9,張幸松,台灣民眾黨,110,
2020年區域立委選舉,2020,臺北市,中正區,林興里,臺北市第08選區,1,蕭曉玲,喜樂島聯盟,7,
2020年區域立委選舉,2020,臺北市,中正區,林興里,臺北市第08選區,2,華珮君,台灣動物保護黨,81,
2020年區域立委選舉,2020,臺北市,中正區,林興里,臺北市第08選區,3,彭子軒,無黨籍及未經政黨推薦,20,
2020年區域立委選舉,2020,臺北市,中正區,林興里,臺北市第08選區,4,柯士翎,綠黨,42,
2020年區域立委選舉,2020,臺北市,中正區,林興里,臺北市第08選區,5,阮昭雄,民主進步黨,996,
2020年區域立委選舉,2020,臺北市,中正區,林興里,臺北市第08選區,6,賴士葆,中國國民黨,1531,*
2020年區域立委選舉,2020,臺北市,中正區,林興里,臺北市第08選區,7,顏銘緯,台灣基進,89,
2020年區域立委選舉,2020,臺北市,中正區,林興里,臺北市第08選區,8,李文,無黨籍及未經政黨推薦,16,
2020年區域立委選舉,2020,臺北市,中正區,林興里,臺北市第08選區,9,張幸松,台灣民眾黨,151,
2020年區域立委選舉,2020,臺北市,中正區,河堤里,臺北市第08選區,1,蕭曉玲,喜樂島聯盟,8,
2020年區域立委選舉,2020,臺北市,中正區,河堤里,臺北市第08選區,2,華珮君,台灣動物保護黨,90,
2020年區域立委選舉,2020,臺北市,中正區,河堤里,臺北市第08選區,3,彭子軒,無黨籍及未經政黨推薦,22,
2020年區域立委選舉,2020,臺北市,中正區,河堤里,臺北市第08選區,4,柯士翎,綠黨,36,
2020年區域立委選舉,2020,臺北市,中正區,河堤里,臺北市第08選區,5,阮昭雄,民主進步黨,1070,
2020年區域立委選舉,2020,臺北市,中正區,河堤里,臺北市第08選區,6,賴士葆,中國國民黨,1435,*
2020年區域立委選舉,2020,臺北市,中正區,河堤里,臺北市第08選區,7,顏銘緯,台灣基進,71,
2020年區域立委選舉,2020,臺北市,中正區,河堤里,臺北市第08選區,8,李文,無黨籍及未經政黨推薦,18,
2020年區域立委選舉,2020,臺北市,中正區,河堤里,臺北市第08選區,9,張幸松,台灣民眾黨,180,
2020年區域立委選舉,2020,臺北市,中正區,頂東里,臺北市第08選區,1,蕭曉玲,喜樂島聯盟,28,
2020年區域立委選舉,2020,臺北市,中正區,頂東里,臺北市第08選區,2,華珮君,台灣動物保護黨,97,
2020年區域立委選舉,2020,臺北市,中正區,頂東里,臺北市第08選區,3,彭子軒,無黨籍及未經政黨推薦,27,
2020年區域立委選舉,2020,臺北市,中正區,頂東里,臺北市第08選區,4,柯士翎,綠黨,61,
2020年區域立委選舉,2020,臺北市,中正區,頂東里,臺北市第08選區,5,阮昭雄,民主進步黨,1513,
2020年區域立委選舉,2020,臺北市,中正區,頂東里,臺北市第08選區,6,賴士葆,中國國民黨,1820,*
2020年區域立委選舉,2020,臺北市,中正區,頂東里,臺北市第08選區,7,顏銘緯,台灣基進,115,
2020年區域立委選舉,2020,臺北市,中正區,頂東里,臺北市第08選區,8,李文,無黨籍及未經政黨推薦,23,
2020年區域立委選舉,2020,臺北市,中正區,頂東里,臺北市第08選區,9,張幸松,台灣民眾黨,195,
2020年區域立委選舉,2020,臺北市,中正區,網溪里,臺北市第08選區,1,蕭曉玲,喜樂島聯盟,12,
2020年區域立委選舉,2020,臺北市,中正區,網溪里,臺北市第08選區,2,華珮君,台灣動物保護黨,104,
2020年區域立委選舉,2020,臺北市,中正區,網溪里,臺北市第08選區,3,彭子軒,無黨籍及未經政黨推薦,31,
2020年區域立委選舉,2020,臺北市,中正區,網溪里,臺北市第08選區,4,柯士翎,綠黨,40,
2020年區域立委選舉,2020,臺北市,中正區,網溪里,臺北市第08選區,5,阮昭雄,民主進步黨,1446,
2020年區域立委選舉,2020,臺北市,中正區,網溪里,臺北市第08選區,6,賴士葆,中國國民黨,1809,*
2020年區域立委選舉,2020,臺北市,中正區,網溪里,臺北市第08選區,7,顏銘緯,台灣基進,89,
2020年區域立委選舉,2020,臺北市,中正區,網溪里,臺北市第08選區,8,李文,無黨籍及未經政黨推薦,20,
2020年區域立委選舉,2020,臺北市,中正區,網溪里,臺北市第08選區,9,張幸松,台灣民眾黨,199,
2020年區域立委選舉,2020,臺北市,中正區,板溪里,臺北市第08選區,1,蕭曉玲,喜樂島聯盟,8,
2020年區域立委選舉,2020,臺北市,中正區,板溪里,臺北市第08選區,2,華珮君,台灣動物保護黨,67,
2020年區域立委選舉,2020,臺北市,中正區,板溪里,臺北市第08選區,3,彭子軒,無黨籍及未經政黨推薦,15,
2020年區域立委選舉,2020,臺北市,中正區,板溪里,臺北市第08選區,4,柯士翎,綠黨,19,
2020年區域立委選舉,2020,臺北市,中正區,板溪里,臺北市第08選區,5,阮昭雄,民主進步黨,804,
2020年區域立委選舉,2020,臺北市,中正區,板溪里,臺北市第08選區,6,賴士葆,中國國民黨,1031,*
2020年區域立委選舉,2020,臺北市,中正區,板溪里,臺北市第08選區,7,顏銘緯,台灣基進,51,
2020年區域立委選舉,2020,臺北市,中正區,板溪里,臺北市第08選區,8,李文,無黨籍及未經政黨推薦,17,
2020年區域立委選舉,2020,臺北市,中正區,板溪里,臺北市第08選區,9,張幸松,台灣民眾黨,112,
2020年區域立委選舉,2020,臺北市,中正區,螢圃里,臺北市第08選區,1,蕭曉玲,喜樂島聯盟,9,
2020年區域立委選舉,2020,臺北市,中正區,螢圃里,臺北市第08選區,2,華珮君,台灣動物保護黨,119,
2020年區域立委選舉,2020,臺北市,中正區,螢圃里,臺北市第08選區,3,彭子軒,無黨籍及未經政黨推薦,26,
2020年區域立委選舉,2020,臺北市,中正區,螢圃里,臺北市第08選區,4,柯士翎,綠黨,57,
2020年區域立委選舉,2020,臺北市,中正區,螢圃里,臺北市第08選區,5,阮昭雄,民主進步黨,1289,
2020年區域立委選舉,2020,臺北市,中正區,螢圃里,臺北市第08選區,6,賴士葆,中國國民黨,1745,*
2020年區域立委選舉,2020,臺北市,中正區,螢圃里,臺北市第08選區,7,顏銘緯,台灣基進,91,
2020年區域立委選舉,2020,臺北市,中正區,螢圃里,臺北市第08選區,8,李文,無黨籍及未經政黨推薦,27,
2020年區域立委選舉,2020,臺北市,中正區,螢圃里,臺北市第08選區,9,張幸松,台灣民眾黨,196,
2020年區域立委選舉,2020,臺北市,中正區,螢雪里,臺北市第08選區,1,蕭曉玲,喜樂島聯盟,13,
2020年區域立委選舉,2020,臺北市,中正區,螢雪里,臺北市第08選區,2,華珮君,台灣動物保護黨,91,
2020年區域立委選舉,2020,臺北市,中正區,螢雪里,臺北市第08選區,3,彭子軒,無黨籍及未經政黨推薦,20,
2020年區域立委選舉,2020,臺北市,中正區,螢雪里,臺北市第08選區,4,柯士翎,綠黨,59,
2020年區域立委選舉,2020,臺北市,中正區,螢雪里,臺北市第08選區,5,阮昭雄,民主進步黨,1025,
2020年區域立委選舉,2020,臺北市,中正區,螢雪里,臺北市第08選區,6,賴士葆,中國國民黨,1389,*
2020年區域立委選舉,2020,臺北市,中正區,螢雪里,臺北市第08選區,7,顏銘緯,台灣基進,73,
2020年區域立委選舉,2020,臺北市,中正區,螢雪里,臺北市第08選區,8,李文,無黨籍及未經政黨推薦,15,
2020年區域立委選舉,2020,臺北市,中正區,螢雪里,臺北市第08選區,9,張幸松,台灣民眾黨,199,
2020年區域立委選舉,2020,臺北市,中正區,永功里,臺北市第05選區,1,楊烱煌,聾國黨,8,
2020年區域立委選舉,2020,臺北市,中正區,永功里,臺北市第05選區,2,徐立信,無黨籍及未經政黨推薦,504,
2020年區域立委選舉,2020,臺北市,中正區,永功里,臺北市第05選區,3,林郁方,中國國民黨,1540,
2020年區域立委選舉,2020,臺北市,中正區,永功里,臺北市第05選區,4,盧憲孚,無黨籍及未經政黨推薦,8,
2020年區域立委選舉,2020,臺北市,中正區,永功里,臺北市第05選區,5,邱一峰,一邊一國行動黨,9,
2020年區域立委選舉,2020,臺北市,中正區,永功里,臺北市第05選區,6,林昶佐,無黨籍及未經政黨推薦,1690,*
2020年區域立委選舉,2020,臺北市,中正區,永功里,臺北市第05選區,7,黃義豐,無黨籍及未經政黨推薦,3,
2020年區域立委選舉,2020,臺北市,中正區,永功里,臺北市第05選區,8,周慶峻,中華愛國同心黨,2,
2020年區域立委選舉,2020,臺北市,中正區,永昌里,臺北市第05選區,1,楊烱煌,聾國黨,7,
2020年區域立委選舉,2020,臺北市,中正區,永昌里,臺北市第05選區,2,徐立信,無黨籍及未經政黨推薦,437,
2020年區域立委選舉,2020,臺北市,中正區,永昌里,臺北市第05選區,3,林郁方,中國國民黨,1422,
2020年區域立委選舉,2020,臺北市,中正區,永昌里,臺北市第05選區,4,盧憲孚,無黨籍及未經政黨推薦,8,
2020年區域立委選舉,2020,臺北市,中正區,永昌里,臺北市第05選區,5,邱一峰,一邊一國行動黨,6,
2020年區域立委選舉,2020,臺北市,中正區,永昌里,臺北市第05選區,6,林昶佐,無黨籍及未經政黨推薦,1391,*
2020年區域立委選舉,2020,臺北市,中正區,永昌里,臺北市第05選區,7,黃義豐,無黨籍及未經政黨推薦,3,
2020年區域立委選舉,2020,臺北市,中正區,永昌里,臺北市第05選區,8,周慶峻,中華愛國同心黨,4,
2020年區域立委選舉,2020,臺北市,中正區,龍興里,臺北市第05選區,1,楊烱煌,聾國黨,4,
2020年區域立委選舉,2020,臺北市,中正區,龍興里,臺北市第05選區,2,徐立信,無黨籍及未經政黨推薦,311,
2020年區域立委選舉,2020,臺北市,中正區,龍興里,臺北市第05選區,3,林郁方,中國國民黨,990,
2020年區域立委選舉,2020,臺北市,中正區,龍興里,臺北市第05選區,4,盧憲孚,無黨籍及未經政黨推薦,5,
2020年區域立委選舉,2020,臺北市,中正區,龍興里,臺北市第05選區,5,邱一峰,一邊一國行動黨,6,
2020年區域立委選舉,2020,臺北市,中正區,龍興里,臺北市第05選區,6,林昶佐,無黨籍及未經政黨推薦,1002,*
2020年區域立委選舉,2020,臺北市,中正區,龍興里,臺北市第05選區,7,黃義豐,無黨籍及未經政黨推薦,2,
2020年區域立委選舉,2020,臺北市,中正區,龍興里,臺北市第05選區,8,周慶峻,中華愛國同心黨,2,
2020年區域立委選舉,2020,臺北市,中正區,忠勤里,臺北市第05選區,1,楊烱煌,聾國黨,5,
2020年區域立委選舉,2020,臺北市,中正區,忠勤里,臺北市第05選區,2,徐立信,無黨籍及未經政黨推薦,544,
2020年區域立委選舉,2020,臺北市,中正區,忠勤里,臺北市第05選區,3,林郁方,中國國民黨,1862,
2020年區域立委選舉,2020,臺北市,中正區,忠勤里,臺北市第05選區,4,盧憲孚,無黨籍及未經政黨推薦,3,
2020年區域立委選舉,2020,臺北市,中正區,忠勤里,臺北市第05選區,5,邱一峰,一邊一國行動黨,21,
2020年區域立委選舉,2020,臺北市,中正區,忠勤里,臺北市第05選區,6,林昶佐,無黨籍及未經政黨推薦,1583,*
2020年區域立委選舉,2020,臺北市,中正區,忠勤里,臺北市第05選區,7,黃義豐,無黨籍及未經政黨推薦,3,
2020年區域立委選舉,2020,臺北市,中正區,忠勤里,臺北市第05選區,8,周慶峻,中華愛國同心黨,3,
2020年區域立委選舉,2020,臺北市,中正區,廈安里,臺北市第05選區,1,楊烱煌,聾國黨,4,
2020年區域立委選舉,2020,臺北市,中正區,廈安里,臺北市第05選區,2,徐立信,無黨籍及未經政黨推薦,376,
2020年區域立委選舉,2020,臺北市,中正區,廈安里,臺北市第05選區,3,林郁方,中國國民黨,1084,
2020年區域立委選舉,2020,臺北市,中正區,廈安里,臺北市第05選區,4,盧憲孚,無黨籍及未經政黨推薦,3,
2020年區域立委選舉,2020,臺北市,中正區,廈安里,臺北市第05選區,5,邱一峰,一邊一國行動黨,8,
2020年區域立委選舉,2020,臺北市,中正區,廈安里,臺北市第05選區,6,林昶佐,無黨籍及未經政黨推薦,1180,*
2020年區域立委選舉,2020,臺北市,中正區,廈安里,臺北市第05選區,7,黃義豐,無黨籍及未經政黨推薦,0,
2020年區域立委選舉,2020,臺北市,中正區,廈安里,臺北市第05選區,8,周慶峻,中華愛國同心黨,2,
2020年區域立委選舉,2020,臺北市,中正區,愛國里,臺北市第05選區,1,楊烱煌,聾國黨,2,
2020年區域立委選舉,2020,臺北市,中正區,愛國里,臺北市第05選區,2,徐立信,無黨籍及未經政黨推薦,236,
2020年區域立委選舉,2020,臺北市,中正區,愛國里,臺北市第05選區,3,林郁方,中國國民黨,807,
2020年區域立委選舉,2020,臺北市,中正區,愛國里,臺北市第05選區,4,盧憲孚,無黨籍及未經政黨推薦,6,
2020年區域立委選舉,2020,臺北市,中正區,愛國里,臺北市第05選區,5,邱一峰,一邊一國行動黨,7,
2020年區域立委選舉,2020,臺北市,中正區,愛國里,臺北市第05選區,6,林昶佐,無黨籍及未經政黨推薦,850,*
2020年區域立委選舉,2020,臺北市,中正區,愛國里,臺北市第05選區,7,黃義豐,無黨籍及未經政黨推薦,5,
2020年區域立委選舉,2020,臺北市,中正區,愛國里,臺北市第05選區,8,周慶峻,中華愛國同心黨,1,
2020年區域立委選舉,2020,臺北市,中正區,南門里,臺北市第05選區,1,楊烱煌,聾國黨,0,
2020年區域立委選舉,2020,臺北市,中正區,南門里,臺北市第05選區,2,徐立信,無黨籍及未經政黨推薦,205,
2020年區域立委選舉,2020,臺北市,中正區,南門里,臺北市第05選區,3,林郁方,中國國民黨,830,
2020年區域立委選舉,2020,臺北市,中正區,南門里,臺北市第05選區,4,盧憲孚,無黨籍及未經政黨推薦,5,
2020年區域立委選舉,2020,臺北市,中正區,南門里,臺北市第05選區,5,邱一峰,一邊一國行動黨,5,
2020年區域立委選舉,2020,臺北市,中正區,南門里,臺北市第05選區,6,林昶佐,無黨籍及未經政黨推薦,597,*
2020年區域立委選舉,2020,臺北市,中正區,南門里,臺北市第05選區,7,黃義豐,無黨籍及未經政黨推薦,8,
2020年區域立委選舉,2020,臺北市,中正區,南門里,臺北市第05選區,8,周慶峻,中華愛國同心黨,1,
2020年區域立委選舉,2020,臺北市,中正區,龍光里,臺北市第05選區,1,楊烱煌,聾國黨,5,
2020年區域立委選舉,2020,臺北市,中正區,龍光里,臺北市第05選區,2,徐立信,無黨籍及未經政黨推薦,217,
2020年區域立委選舉,2020,臺北市,中正區,龍光里,臺北市第05選區,3,林郁方,中國國民黨,959,
2020年區域立委選舉,2020,臺北市,中正區,龍光里,臺北市第05選區,4,盧憲孚,無黨籍及未經政黨推薦,4,
2020年區域立委選舉,2020,臺北市,中正區,龍光里,臺北市第05選區,5,邱一峰,一邊一國行動黨,7,
2020年區域立委選舉,2020,臺北市,中正區,龍光里,臺北市第05選區,6,林昶佐,無黨籍及未經政黨推薦,821,*
2020年區域立委選舉,2020,臺北市,中正區,龍光里,臺北市第05選區,7,黃義豐,無黨籍及未經政黨推薦,1,
2020年區域立委選舉,2020,臺北市,中正區,龍光里,臺北市第05選區,8,周慶峻,中華愛國同心黨,2,
2020年區域立委選舉,2020,臺北市,中正區,南福里,臺北市第05選區,1,楊烱煌,聾國黨,12,
2020年區域立委選舉,2020,臺北市,中正區,南福里,臺北市第05選區,2,徐立信,無黨籍及未經政黨推薦,713,
2020年區域立委選舉,2020,臺北市,中正區,南福里,臺北市第05選區,3,林郁方,中國國民黨,2990,
2020年區域立委選舉,2020,臺北市,中正區,南福里,臺北市第05選區,4,盧憲孚,無黨籍及未經政黨推薦,17,
2020年區域立委選舉,2020,臺北市,中正區,南福里,臺北市第05選區,5,邱一峰,一邊一國行動黨,23,
2020年區域立委選舉,2020,臺北市,中正區,南福里,臺北市第05選區,6,林昶佐,無黨籍及未經政黨推薦,2795,*
2020年區域立委選舉,2020,臺北市,中正區,南福里,臺北市第05選區,7,黃義豐,無黨籍及未經政黨推薦,12,
2020年區域立委選舉,2020,臺北市,中正區,南福里,臺北市第05選區,8,周慶峻,中華愛國同心黨,5,
2020年區域立委選舉,2020,臺北市,中正區,龍福里,臺北市第05選區,1,楊烱煌,聾國黨,5,
2020年區域立委選舉,2020,臺北市,中正區,龍福里,臺北市第05選區,2,徐立信,無黨籍及未經政黨推薦,350,
2020年區域立委選舉,2020,臺北市,中正區,龍福里,臺北市第05選區,3,林郁方,中國國民黨,1449,
2020年區域立委選舉,2020,臺北市,中正區,龍福里,臺北市第05選區,4,盧憲孚,無黨籍及未經政黨推薦,3,
2020年區域立委選舉,2020,臺北市,中正區,龍福里,臺北市第05選區,5,邱一峰,一邊一國行動黨,18,
2020年區域立委選舉,2020,臺北市,中正區,龍福里,臺北市第05選區,6,林昶佐,無黨籍及未經政黨推薦,1496,*
2020年區域立委選舉,2020,臺北市,中正區,龍福里,臺北市第05選區,7,黃義豐,無黨籍及未經政黨推薦,3,
2020年區域立委選舉,2020,臺北市,中正區,龍福里,臺北市第05選區,8,周慶峻,中華愛國同心黨,2,
2020年區域立委選舉,2020,臺北市,中正區,新營里,臺北市第05選區,1,楊烱煌,聾國黨,9,
2020年區域立委選舉,2020,臺北市,中正區,新營里,臺北市第05選區,2,徐立信,無黨籍及未經政黨推薦,569,
2020年區域立委選舉,2020,臺北市,中正區,新營里,臺北市第05選區,3,林郁方,中國國民黨,2669,
2020年區域立委選舉,2020,臺北市,中正區,新營里,臺北市第05選區,4,盧憲孚,無黨籍及未經政黨推薦,17,
2020年區域立委選舉,2020,臺北市,中正區,新營里,臺北市第05選區,5,邱一峰,一邊一國行動黨,9,
2020年區域立委選舉,2020,臺北市,中正區,新營里,臺北市第05選區,6,林昶佐,無黨籍及未經政黨推薦,1991,*
2020年區域立委選舉,2020,臺北市,中正區,新營里,臺北市第05選區,7,黃義豐,無黨籍及未經政黨推薦,11,
2020年區域立委選舉,2020,臺北市,中正區,新營里,臺北市第05選區,8,周慶峻,中華愛國同心黨,1,
2020年區域立委選舉,2020,臺北市,中正區,建國里,臺北市第05選區,1,楊烱煌,聾國黨,5,
2020年區域立委選舉,2020,臺北市,中正區,建國里,臺北市第05選區,2,徐立信,無黨籍及未經政黨推薦,80,
2020年區域立委選舉,2020,臺北市,中正區,建國里,臺北市第05選區,3,林郁方,中國國民黨,415,
2020年區域立委選舉,2020,臺北市,中正區,建國里,臺北市第05選區,4,盧憲孚,無黨籍及未經政黨推薦,3,
2020年區域立委選舉,2020,臺北市,中正區,建國里,臺北市第05選區,5,邱一峰,一邊一國行動黨,3,
2020年區域立委選舉,2020,臺北市,中正區,建國里,臺北市第05選區,6,林昶佐,無黨籍及未經政黨推薦,374,*
2020年區域立委選舉,2020,臺北市,中正區,建國里,臺北市第05選區,7,黃義豐,無黨籍及未經政黨推薦,3,
2020年區域立委選舉,2020,臺北市,中正區,建國里,臺北市第05選區,8,周慶峻,中華愛國同心黨,0,
2020年區域立委選舉,2020,臺北市,中正區,光復里,臺北市第05選區,1,楊烱煌,聾國黨,4,
2020年區域立委選舉,2020,臺北市,中正區,光復里,臺北市第05選區,2,徐立信,無黨籍及未經政黨推薦,198,
2020年區域立委選舉,2020,臺北市,中正區,光復里,臺北市第05選區,3,林郁方,中國國民黨,996,
2020年區域立委選舉,2020,臺北市,中正區,光復里,臺北市第05選區,4,盧憲孚,無黨籍及未經政黨推薦,4,
2020年區域立委選舉,2020,臺北市,中正區,光復里,臺北市第05選區,5,邱一峰,一邊一國行動黨,13,
2020年區域立委選舉,2020,臺北市,中正區,光復里,臺北市第05選區,6,林昶佐,無黨籍及未經政黨推薦,997,*
2020年區域立委選舉,2020,臺北市,中正區,光復里,臺北市第05選區,7,黃義豐,無黨籍及未經政黨推薦,10,
2020年區域立委選舉,2020,臺北市,中正區,光復里,臺北市第05選區,8,周慶峻,中華愛國同心黨,4,
2020年區域立委選舉,2020,臺北市,中正區,黎明里,臺北市第05選區,1,楊烱煌,聾國黨,7,
2020年區域立委選舉,2020,臺北市,中正區,黎明里,臺北市第05選區,2,徐立信,無黨籍及未經政黨推薦,209,
2020年區域立委選舉,2020,臺北市,中正區,黎明里,臺北市第05選區,3,林郁方,中國國民黨,848,
2020年區域立委選舉,2020,臺北市,中正區,黎明里,臺北市第05選區,4,盧憲孚,無黨籍及未經政黨推薦,3,
2020年區域立委選舉,2020,臺北市,中正區,黎明里,臺北市第05選區,5,邱一峰,一邊一國行動黨,5,
2020年區域立委選舉,2020,臺北市,中正區,黎明里,臺北市第05選區,6,林昶佐,無黨籍及未經政黨推薦,763,*
2020年區域立委選舉,2020,臺北市,中正區,黎明里,臺北市第05選區,7,黃義豐,無黨籍及未經政黨推薦,9,
2020年區域立委選舉,2020,臺北市,中正區,黎明里,臺北市第05選區,8,周慶峻,中華愛國同心黨,6,
2020年區域立委選舉,2020,臺北市,中正區,梅花里,臺北市第05選區,1,楊烱煌,聾國黨,5,
2020年區域立委選舉,2020,臺北市,中正區,梅花里,臺北市第05選區,2,徐立信,無黨籍及未經政黨推薦,190,
2020年區域立委選舉,2020,臺北市,中正區,梅花里,臺北市第05選區,3,林郁方,中國國民黨,866,
2020年區域立委選舉,2020,臺北市,中正區,梅花里,臺北市第05選區,4,盧憲孚,無黨籍及未經政黨推薦,5,
2020年區域立委選舉,2020,臺北市,中正區,梅花里,臺北市第05選區,5,邱一峰,一邊一國行動黨,18,
2020年區域立委選舉,2020,臺北市,中正區,梅花里,臺北市第05選區,6,林昶佐,無黨籍及未經政黨推薦,936,*
2020年區域立委選舉,2020,臺北市,中正區,梅花里,臺北市第05選區,7,黃義豐,無黨籍及未經政黨推薦,3,
2020年區域立委選舉,2020,臺北市,中正區,梅花里,臺北市第05選區,8,周慶峻,中華愛國同心黨,1,
2020年區域立委選舉,2020,臺北市,中正區,幸福里,臺北市第05選區,1,楊烱煌,聾國黨,13,
2020年區域立委選舉,2020,臺北市,中正區,幸福里,臺北市第05選區,2,徐立信,無黨籍及未經政黨推薦,314,
2020年區域立委選舉,2020,臺北市,中正區,幸福里,臺北市第05選區,3,林郁方,中國國民黨,1362,
2020年區域立委選舉,2020,臺北市,中正區,幸福里,臺北市第05選區,4,盧憲孚,無黨籍及未經政黨推薦,10,
2020年區域立委選舉,2020,臺北市,中正區,幸福里,臺北市第05選區,5,邱一峰,一邊一國行動黨,9,
2020年區域立委選舉,2020,臺北市,中正區,幸福里,臺北市第05選區,6,林昶佐,無黨籍及未經政黨推薦,1258,*
2020年區域立委選舉,2020,臺北市,中正區,幸福里,臺北市第05選區,7,黃義豐,無黨籍及未經政黨推薦,5,
2020年區域立委選舉,2020,臺北市,中正區,幸福里,臺北市第05選區,8,周慶峻,中華愛國同心黨,2,
2020年區域立委選舉,2020,臺北市,中正區,幸市里,臺北市第05選區,1,楊烱煌,聾國黨,3,
2020年區域立委選舉,2020,臺北市,中正區,幸市里,臺北市第05選區,2,徐立信,無黨籍及未經政黨推薦,234,
2020年區域立委選舉,2020,臺北市,中正區,幸市里,臺北市第05選區,3,林郁方,中國國民黨,1251,
2020年區域立委選舉,2020,臺北市,中正區,幸市里,臺北市第05選區,4,盧憲孚,無黨籍及未經政黨推薦,9,
2020年區域立委選舉,2020,臺北市,中正區,幸市里,臺北市第05選區,5,邱一峰,一邊一國行動黨,6,
2020年區域立委選舉,2020,臺北市,中正區,幸市里,臺北市第05選區,6,林昶佐,無黨籍及未經政黨推薦,1325,*
2020年區域立委選舉,2020,臺北市,中正區,幸市里,臺北市第05選區,7,黃義豐,無黨籍及未經政黨推薦,5,
2020年區域立委選舉,2020,臺北市,中正區,幸市里,臺北市第05選區,8,周慶峻,中華愛國同心黨,1,
2020年區域立委選舉,2020,臺北市,中正區,東門里,臺北市第05選區,1,楊烱煌,聾國黨,14,
2020年區域立委選舉,2020,臺北市,中正區,東門里,臺北市第05選區,2,徐立信,無黨籍及未經政黨推薦,218,
2020年區域立委選舉,2020,臺北市,中正區,東門里,臺北市第05選區,3,林郁方,中國國民黨,1209,
2020年區域立委選舉,2020,臺北市,中正區,東門里,臺北市第05選區,4,盧憲孚,無黨籍及未經政黨推薦,7,
2020年區域立委選舉,2020,臺北市,中正區,東門里,臺北市第05選區,5,邱一峰,一邊一國行動黨,7,
2020年區域立委選舉,2020,臺北市,中正區,東門里,臺北市第05選區,6,林昶佐,無黨籍及未經政黨推薦,897,*
2020年區域立委選舉,2020,臺北市,中正區,東門里,臺北市第05選區,7,黃義豐,無黨籍及未經政黨推薦,22,
2020年區域立委選舉,2020,臺北市,中正區,東門里,臺北市第05選區,8,周慶峻,中華愛國同心黨,2,
2020年區域立委選舉,2020,臺北市,中正區,文北里,臺北市第05選區,1,楊烱煌,聾國黨,8,
2020年區域立委選舉,2020,臺北市,中正區,文北里,臺北市第05選區,2,徐立信,無黨籍及未經政黨推薦,334,
2020年區域立委選舉,2020,臺北市,中正區,文北里,臺北市第05選區,3,林郁方,中國國民黨,1537,
2020年區域立委選舉,2020,臺北市,中正區,文北里,臺北市第05選區,4,盧憲孚,無黨籍及未經政黨推薦,10,
2020年區域立委選舉,2020,臺北市,中正區,文北里,臺北市第05選區,5,邱一峰,一邊一國行動黨,16,
2020年區域立委選舉,2020,臺北市,中正區,文北里,臺北市第05選區,6,林昶佐,無黨籍及未經政黨推薦,1552,*
2020年區域立委選舉,2020,臺北市,中正區,文北里,臺北市第05選區,7,黃義豐,無黨籍及未經政黨推薦,7,
2020年區域立委選舉,2020,臺北市,中正區,文北里,臺北市第05選區,8,周慶峻,中華愛國同心黨,4,
2020年區域立委選舉,2020,臺北市,中正區,文祥里,臺北市第05選區,1,楊烱煌,聾國黨,14,
2020年區域立委選舉,2020,臺北市,中正區,文祥里,臺北市第05選區,2,徐立信,無黨籍及未經政黨推薦,542,
2020年區域立委選舉,2020,臺北市,中正區,文祥里,臺北市第05選區,3,林郁方,中國國民黨,2106,
2020年區域立委選舉,2020,臺北市,中正區,文祥里,臺北市第05選區,4,盧憲孚,無黨籍及未經政黨推薦,17,
2020年區域立委選舉,2020,臺北市,中正區,文祥里,臺北市第05選區,5,邱一峰,一邊一國行動黨,11,
2020年區域立委選舉,2020,臺北市,中正區,文祥里,臺北市第05選區,6,林昶佐,無黨籍及未經政黨推薦,1997,*
2020年區域立委選舉,2020,臺北市,中正區,文祥里,臺北市第05選區,7,黃義豐,無黨籍及未經政黨推薦,8,
2020年區域立委選舉,2020,臺北市,中正區,文祥里,臺北市第05選區,8,周慶峻,中華愛國同心黨,0,
2020年區域立委選舉,2020,臺北市,中正區,三愛里,臺北市第05選區,1,楊烱煌,聾國黨,8,
2020年區域立委選舉,2020,臺北市,中正區,三愛里,臺北市第05選區,2,徐立信,無黨籍及未經政黨推薦,467,
2020年區域立委選舉,2020,臺北市,中正區,三愛里,臺北市第05選區,3,林郁方,中國國民黨,2387,
2020年區域立委選舉,2020,臺北市,中正區,三愛里,臺北市第05選區,4,盧憲孚,無黨籍及未經政黨推薦,15,
2020年區域立委選舉,2020,臺北市,中正區,三愛里,臺北市第05選區,5,邱一峰,一邊一國行動黨,23,
2020年區域立委選舉,2020,臺北市,中正區,三愛里,臺北市第05選區,6,林昶佐,無黨籍及未經政黨推薦,2303,*
2020年區域立委選舉,2020,臺北市,中正區,三愛里,臺北市第05選區,7,黃義豐,無黨籍及未經政黨推薦,7,
2020年區域立委選舉,2020,臺北市,中正區,三愛里,臺北市第05選區,8,周慶峻,中華愛國同心黨,6,
2020年區域立委選舉,2020,臺北市,大同區,玉泉里,臺北市第02選區,1,何志偉,民主進步黨,1181,*
2020年區域立委選舉,2020,臺北市,大同區,玉泉里,臺北市第02選區,2,郭啟源,中華統一促進黨,2,
2020年區域立委選舉,2020,臺北市,大同區,玉泉里,臺北市第02選區,3,巫超勝,宗教聯盟,2,
2020年區域立委選舉,2020,臺北市,大同區,玉泉里,臺北市第02選區,4,陳民乾,一邊一國行動黨,7,
2020年區域立委選舉,2020,臺北市,大同區,玉泉里,臺北市第02選區,5,孫大千,中國國民黨,663,
2020年區域立委選舉,2020,臺北市,大同區,玉泉里,臺北市第02選區,6,熊嘉玲,合一行動聯盟,24,
2020年區域立委選舉,2020,臺北市,大同區,建明里,臺北市第02選區,1,何志偉,民主進步黨,1232,*
2020年區域立委選舉,2020,臺北市,大同區,建明里,臺北市第02選區,2,郭啟源,中華統一促進黨,4,
2020年區域立委選舉,2020,臺北市,大同區,建明里,臺北市第02選區,3,巫超勝,宗教聯盟,3,
2020年區域立委選舉,2020,臺北市,大同區,建明里,臺北市第02選區,4,陳民乾,一邊一國行動黨,12,
2020年區域立委選舉,2020,臺北市,大同區,建明里,臺北市第02選區,5,孫大千,中國國民黨,753,
2020年區域立委選舉,2020,臺北市,大同區,建明里,臺北市第02選區,6,熊嘉玲,合一行動聯盟,21,
2020年區域立委選舉,2020,臺北市,大同區,建功里,臺北市第02選區,1,何志偉,民主進步黨,1856,*
2020年區域立委選舉,2020,臺北市,大同區,建功里,臺北市第02選區,2,郭啟源,中華統一促進黨,9,
2020年區域立委選舉,2020,臺北市,大同區,建功里,臺北市第02選區,3,巫超勝,宗教聯盟,10,
2020年區域立委選舉,2020,臺北市,大同區,建功里,臺北市第02選區,4,陳民乾,一邊一國行動黨,19,
2020年區域立委選舉,2020,臺北市,大同區,建功里,臺北市第02選區,5,孫大千,中國國民黨,1011,
2020年區域立委選舉,2020,臺北市,大同區,建功里,臺北市第02選區,6,熊嘉玲,合一行動聯盟,34,
2020年區域立委選舉,2020,臺北市,大同區,建泰里,臺北市第02選區,1,何志偉,民主進步黨,1447,*
2020年區域立委選舉,2020,臺北市,大同區,建泰里,臺北市第02選區,2,郭啟源,中華統一促進黨,6,
2020年區域立委選舉,2020,臺北市,大同區,建泰里,臺北市第02選區,3,巫超勝,宗教聯盟,4,
2020年區域立委選舉,2020,臺北市,大同區,建泰里,臺北市第02選區,4,陳民乾,一邊一國行動黨,28,
2020年區域立委選舉,2020,臺北市,大同區,建泰里,臺北市第02選區,5,孫大千,中國國民黨,774,
2020年區域立委選舉,2020,臺北市,大同區,建泰里,臺北市第02選區,6,熊嘉玲,合一行動聯盟,17,
2020年區域立委選舉,2020,臺北市,大同區,永樂里,臺北市第02選區,1,何志偉,民主進步黨,2184,*
2020年區域立委選舉,2020,臺北市,大同區,永樂里,臺北市第02選區,2,郭啟源,中華統一促進黨,6,
2020年區域立委選舉,2020,臺北市,大同區,永樂里,臺北市第02選區,3,巫超勝,宗教聯盟,3,
2020年區域立委選舉,2020,臺北市,大同區,永樂里,臺北市第02選區,4,陳民乾,一邊一國行動黨,18,
2020年區域立委選舉,2020,臺北市,大同區,永樂里,臺北市第02選區,5,孫大千,中國國民黨,1027,
2020年區域立委選舉,2020,臺北市,大同區,永樂里,臺北市第02選區,6,熊嘉玲,合一行動聯盟,41,
2020年區域立委選舉,2020,臺北市,大同區,朝陽里,臺北市第02選區,1,何志偉,民主進步黨,1732,*
2020年區域立委選舉,2020,臺北市,大同區,朝陽里,臺北市第02選區,2,郭啟源,中華統一促進黨,10,
2020年區域立委選舉,2020,臺北市,大同區,朝陽里,臺北市第02選區,3,巫超勝,宗教聯盟,6,
2020年區域立委選舉,2020,臺北市,大同區,朝陽里,臺北市第02選區,4,陳民乾,一邊一國行動黨,19,
2020年區域立委選舉,2020,臺北市,大同區,朝陽里,臺北市第02選區,5,孫大千,中國國民黨,958,
2020年區域立委選舉,2020,臺北市,大同區,朝陽里,臺北市第02選區,6,熊嘉玲,合一行動聯盟,45,
2020年區域立委選舉,2020,臺北市,大同區,星明里,臺北市第02選區,1,何志偉,民主進步黨,2205,*
2020年區域立委選舉,2020,臺北市,大同區,星明里,臺北市第02選區,2,郭啟源,中華統一促進黨,7,
2020年區域立委選舉,2020,臺北市,大同區,星明里,臺北市第02選區,3,巫超勝,宗教聯盟,5,
2020年區域立委選舉,2020,臺北市,大同區,星明里,臺北市第02選區,4,陳民乾,一邊一國行動黨,26,
2020年區域立委選舉,2020,臺北市,大同區,星明里,臺北市第02選區,5,孫大千,中國國民黨,1313,
2020年區域立委選舉,2020,臺北市,大同區,星明里,臺北市第02選區,6,熊嘉玲,合一行動聯盟,60,
2020年區域立委選舉,2020,臺北市,大同區,光能里,臺北市第02選區,1,何志偉,民主進步黨,2070,*
2020年區域立委選舉,2020,臺北市,大同區,光能里,臺北市第02選區,2,郭啟源,中華統一促進黨,5,
2020年區域立委選舉,2020,臺北市,大同區,光能里,臺北市第02選區,3,巫超勝,宗教聯盟,7,
2020年區域立委選舉,2020,臺北市,大同區,光能里,臺北市第02選區,4,陳民乾,一邊一國行動黨,14,
2020年區域立委選舉,2020,臺北市,大同區,光能里,臺北市第02選區,5,孫大千,中國國民黨,1082,
2020年區域立委選舉,2020,臺北市,大同區,光能里,臺北市第02選區,6,熊嘉玲,合一行動聯盟,25,
2020年區域立委選舉,2020,臺北市,大同區,大有里,臺北市第02選區,1,何志偉,民主進步黨,2046,*
2020年區域立委選舉,2020,臺北市,大同區,大有里,臺北市第02選區,2,郭啟源,中華統一促進黨,6,
2020年區域立委選舉,2020,臺北市,大同區,大有里,臺北市第02選區,3,巫超勝,宗教聯盟,3,
2020年區域立委選舉,2020,臺北市,大同區,大有里,臺北市第02選區,4,陳民乾,一邊一國行動黨,12,
2020年區域立委選舉,2020,臺北市,大同區,大有里,臺北市第02選區,5,孫大千,中國國民黨,927,
2020年區域立委選舉,2020,臺北市,大同區,大有里,臺北市第02選區,6,熊嘉玲,合一行動聯盟,16,
2020年區域立委選舉,2020,臺北市,大同區,延平里,臺北市第02選區,1,何志偉,民主進步黨,1627,*
2020年區域立委選舉,2020,臺北市,大同區,延平里,臺北市第02選區,2,郭啟源,中華統一促進黨,6,
2020年區域立委選舉,2020,臺北市,大同區,延平里,臺北市第02選區,3,巫超勝,宗教聯盟,9,
2020年區域立委選舉,2020,臺北市,大同區,延平里,臺北市第02選區,4,陳民乾,一邊一國行動黨,16,
2020年區域立委選舉,2020,臺北市,大同區,延平里,臺北市第02選區,5,孫大千,中國國民黨,974,
2020年區域立委選舉,2020,臺北市,大同區,延平里,臺北市第02選區,6,熊嘉玲,合一行動聯盟,29,
2020年區域立委選舉,2020,臺北市,大同區,雙連里,臺北市第02選區,1,何志偉,民主進步黨,3670,*
2020年區域立委選舉,2020,臺北市,大同區,雙連里,臺北市第02選區,2,郭啟源,中華統一促進黨,12,
2020年區域立委選舉,2020,臺北市,大同區,雙連里,臺北市第02選區,3,巫超勝,宗教聯盟,12,
2020年區域立委選舉,2020,臺北市,大同區,雙連里,臺北市第02選區,4,陳民乾,一邊一國行動黨,32,
2020年區域立委選舉,2020,臺北市,大同區,雙連里,臺北市第02選區,5,孫大千,中國國民黨,1904,
2020年區域立委選舉,2020,臺北市,大同區,雙連里,臺北市第02選區,6,熊嘉玲,合一行動聯盟,64,
2020年區域立委選舉,2020,臺北市,大同區,南芳里,臺北市第02選區,1,何志偉,民主進步黨,1629,*
2020年區域立委選舉,2020,臺北市,大同區,南芳里,臺北市第02選區,2,郭啟源,中華統一促進黨,2,
2020年區域立委選舉,2020,臺北市,大同區,南芳里,臺北市第02選區,3,巫超勝,宗教聯盟,3,
2020年區域立委選舉,2020,臺北市,大同區,南芳里,臺北市第02選區,4,陳民乾,一邊一國行動黨,18,
2020年區域立委選舉,2020,臺北市,大同區,南芳里,臺北市第02選區,5,孫大千,中國國民黨,830,
2020年區域立委選舉,2020,臺北市,大同區,南芳里,臺北市第02選區,6,熊嘉玲,合一行動聯盟,28,
2020年區域立委選舉,2020,臺北市,大同區,民權里,臺北市第02選區,1,何志偉,民主進步黨,2371,*
2020年區域立委選舉,2020,臺北市,大同區,民權里,臺北市第02選區,2,郭啟源,中華統一促進黨,3,
2020年區域立委選舉,2020,臺北市,大同區,民權里,臺北市第02選區,3,巫超勝,宗教聯盟,10,
2020年區域立委選舉,2020,臺北市,大同區,民權里,臺北市第02選區,4,陳民乾,一邊一國行動黨,20,
2020年區域立委選舉,2020,臺北市,大同區,民權里,臺北市第02選區,5,孫大千,中國國民黨,1380,
2020年區域立委選舉,2020,臺北市,大同區,民權里,臺北市第02選區,6,熊嘉玲,合一行動聯盟,51,
2020年區域立委選舉,2020,臺北市,大同區,景星里,臺北市第02選區,1,何志偉,民主進步黨,1068,*
2020年區域立委選舉,2020,臺北市,大同區,景星里,臺北市第02選區,2,郭啟源,中華統一促進黨,5,
2020年區域立委選舉,2020,臺北市,大同區,景星里,臺北市第02選區,3,巫超勝,宗教聯盟,4,
2020年區域立委選舉,2020,臺北市,大同區,景星里,臺北市第02選區,4,陳民乾,一邊一國行動黨,13,
2020年區域立委選舉,2020,臺北市,大同區,景星里,臺北市第02選區,5,孫大千,中國國民黨,487,
2020年區域立委選舉,2020,臺北市,大同區,景星里,臺北市第02選區,6,熊嘉玲,合一行動聯盟,18,
2020年區域立委選舉,2020,臺北市,大同區,隆和里,臺北市第02選區,1,何志偉,民主進步黨,1300,*
2020年區域立委選舉,2020,臺北市,大同區,隆和里,臺北市第02選區,2,郭啟源,中華統一促進黨,3,
2020年區域立委選舉,2020,臺北市,大同區,隆和里,臺北市第02選區,3,巫超勝,宗教聯盟,6,
2020年區域立委選舉,2020,臺北市,大同區,隆和里,臺北市第02選區,4,陳民乾,一邊一國行動黨,14,
2020年區域立委選舉,2020,臺北市,大同區,隆和里,臺北市第02選區,5,孫大千,中國國民黨,552,
2020年區域立委選舉,2020,臺北市,大同區,隆和里,臺北市第02選區,6,熊嘉玲,合一行動聯盟,22,
2020年區域立委選舉,2020,臺北市,大同區,蓬萊里,臺北市第02選區,1,何志偉,民主進步黨,1982,*
2020年區域立委選舉,2020,臺北市,大同區,蓬萊里,臺北市第02選區,2,郭啟源,中華統一促進黨,9,
2020年區域立委選舉,2020,臺北市,大同區,蓬萊里,臺北市第02選區,3,巫超勝,宗教聯盟,8,
2020年區域立委選舉,2020,臺北市,大同區,蓬萊里,臺北市第02選區,4,陳民乾,一邊一國行動黨,8,
2020年區域立委選舉,2020,臺北市,大同區,蓬萊里,臺北市第02選區,5,孫大千,中國國民黨,1075,
2020年區域立委選舉,2020,臺北市,大同區,蓬萊里,臺北市第02選區,6,熊嘉玲,合一行動聯盟,44,
2020年區域立委選舉,2020,臺北市,大同區,國順里,臺北市第02選區,1,何志偉,民主進步黨,1156,*
2020年區域立委選舉,2020,臺北市,大同區,國順里,臺北市第02選區,2,郭啟源,中華統一促進黨,5,
2020年區域立委選舉,2020,臺北市,大同區,國順里,臺北市第02選區,3,巫超勝,宗教聯盟,6,
2020年區域立委選舉,2020,臺北市,大同區,國順里,臺北市第02選區,4,陳民乾,一邊一國行動黨,3,
2020年區域立委選舉,2020,臺北市,大同區,國順里,臺北市第02選區,5,孫大千,中國國民黨,488,
2020年區域立委選舉,2020,臺北市,大同區,國順里,臺北市第02選區,6,熊嘉玲,合一行動聯盟,16,
2020年區域立委選舉,2020,臺北市,大同區,國慶里,臺北市第02選區,1,何志偉,民主進步黨,1826,*
2020年區域立委選舉,2020,臺北市,大同區,國慶里,臺北市第02選區,2,郭啟源,中華統一促進黨,1,
2020年區域立委選舉,2020,臺北市,大同區,國慶里,臺北市第02選區,3,巫超勝,宗教聯盟,3,
2020年區域立委選舉,2020,臺北市,大同區,國慶里,臺北市第02選區,4,陳民乾,一邊一國行動黨,13,
2020年區域立委選舉,2020,臺北市,大同區,國慶里,臺北市第02選區,5,孫大千,中國國民黨,992,
2020年區域立委選舉,2020,臺北市,大同區,國慶里,臺北市第02選區,6,熊嘉玲,合一行動聯盟,39,
2020年區域立委選舉,2020,臺北市,大同區,揚雅里,臺北市第02選區,1,何志偉,民主進步黨,1568,*
2020年區域立委選舉,2020,臺北市,大同區,揚雅里,臺北市第02選區,2,郭啟源,中華統一促進黨,8,
2020年區域立委選舉,2020,臺北市,大同區,揚雅里,臺北市第02選區,3,巫超勝,宗教聯盟,4,
2020年區域立委選舉,2020,臺北市,大同區,揚雅里,臺北市第02選區,4,陳民乾,一邊一國行動黨,11,
2020年區域立委選舉,2020,臺北市,大同區,揚雅里,臺北市第02選區,5,孫大千,中國國民黨,708,
2020年區域立委選舉,2020,臺北市,大同區,揚雅里,臺北市第02選區,6,熊嘉玲,合一行動聯盟,34,
2020年區域立委選舉,2020,臺北市,大同區,斯文里,臺北市第02選區,1,何志偉,民主進步黨,1938,*
2020年區域立委選舉,2020,臺北市,大同區,斯文里,臺北市第02選區,2,郭啟源,中華統一促進黨,6,
2020年區域立委選舉,2020,臺北市,大同區,斯文里,臺北市第02選區,3,巫超勝,宗教聯盟,7,
2020年區域立委選舉,2020,臺北市,大同區,斯文里,臺北市第02選區,4,陳民乾,一邊一國行動黨,20,
2020年區域立委選舉,2020,臺北市,大同區,斯文里,臺北市第02選區,5,孫大千,中國國民黨,974,
2020年區域立委選舉,2020,臺北市,大同區,斯文里,臺北市第02選區,6,熊嘉玲,合一行動聯盟,36,
2020年區域立委選舉,2020,臺北市,大同區,鄰江里,臺北市第02選區,1,何志偉,民主進步黨,2841,*
2020年區域立委選舉,2020,臺北市,大同區,鄰江里,臺北市第02選區,2,郭啟源,中華統一促進黨,11,
2020年區域立委選舉,2020,臺北市,大同區,鄰江里,臺北市第02選區,3,巫超勝,宗教聯盟,6,
2020年區域立委選舉,2020,臺北市,大同區,鄰江里,臺北市第02選區,4,陳民乾,一邊一國行動黨,12,
2020年區域立委選舉,2020,臺北市,大同區,鄰江里,臺北市第02選區,5,孫大千,中國國民黨,1308,
2020年區域立委選舉,2020,臺北市,大同區,鄰江里,臺北市第02選區,6,熊嘉玲,合一行動聯盟,56,
2020年區域立委選舉,2020,臺北市,大同區,至聖里,臺北市第02選區,1,何志偉,民主進步黨,3242,*
2020年區域立委選舉,2020,臺北市,大同區,至聖里,臺北市第02選區,2,郭啟源,中華統一促進黨,14,
2020年區域立委選舉,2020,臺北市,大同區,至聖里,臺北市第02選區,3,巫超勝,宗教聯盟,6,
2020年區域立委選舉,2020,臺北市,大同區,至聖里,臺北市第02選區,4,陳民乾,一邊一國行動黨,22,
2020年區域立委選舉,2020,臺北市,大同區,至聖里,臺北市第02選區,5,孫大千,中國國民黨,1775,
2020年區域立委選舉,2020,臺北市,大同區,至聖里,臺北市第02選區,6,熊嘉玲,合一行動聯盟,59,
2020年區域立委選舉,2020,臺北市,大同區,老師里,臺北市第02選區,1,何志偉,民主進步黨,2546,*
2020年區域立委選舉,2020,臺北市,大同區,老師里,臺北市第02選區,2,郭啟源,中華統一促進黨,11,
2020年區域立委選舉,2020,臺北市,大同區,老師里,臺北市第02選區,3,巫超勝,宗教聯盟,8,
2020年區域立委選舉,2020,臺北市,大同區,老師里,臺北市第02選區,4,陳民乾,一邊一國行動黨,15,
2020年區域立委選舉,2020,臺北市,大同區,老師里,臺北市第02選區,5,孫大千,中國國民黨,1154,
2020年區域立委選舉,2020,臺北市,大同區,老師里,臺北市第02選區,6,熊嘉玲,合一行動聯盟,54,
2020年區域立委選舉,2020,臺北市,大同區,重慶里,臺北市第02選區,1,何志偉,民主進步黨,2456,*
2020年區域立委選舉,2020,臺北市,大同區,重慶里,臺北市第02選區,2,郭啟源,中華統一促進黨,8,
2020年區域立委選舉,2020,臺北市,大同區,重慶里,臺北市第02選區,3,巫超勝,宗教聯盟,7,
2020年區域立委選舉,2020,臺北市,大同區,重慶里,臺北市第02選區,4,陳民乾,一邊一國行動黨,12,
2020年區域立委選舉,2020,臺北市,大同區,重慶里,臺北市第02選區,5,孫大千,中國國民黨,1552,
2020年區域立委選舉,2020,臺北市,大同區,重慶里,臺北市第02選區,6,熊嘉玲,合一行動聯盟,62,
2020年區域立委選舉,2020,臺北市,大同區,保安里,臺北市第02選區,1,何志偉,民主進步黨,1741,*
2020年區域立委選舉,2020,臺北市,大同區,保安里,臺北市第02選區,2,郭啟源,中華統一促進黨,7,
2020年區域立委選舉,2020,臺北市,大同區,保安里,臺北市第02選區,3,巫超勝,宗教聯盟,7,
2020年區域立委選舉,2020,臺北市,大同區,保安里,臺北市第02選區,4,陳民乾,一邊一國行動黨,13,
2020年區域立委選舉,2020,臺北市,大同區,保安里,臺北市第02選區,5,孫大千,中國國民黨,812,
2020年區域立委選舉,2020,臺北市,大同區,保安里,臺北市第02選區,6,熊嘉玲,合一行動聯盟,41,
2020年區域立委選舉,2020,臺北市,萬華區,福星里,臺北市第05選區,1,楊烱煌,聾國黨,11,
2020年區域立委選舉,2020,臺北市,萬華區,福星里,臺北市第05選區,2,徐立信,無黨籍及未經政黨推薦,318,
2020年區域立委選舉,2020,臺北市,萬華區,福星里,臺北市第05選區,3,林郁方,中國國民黨,1570,
2020年區域立委選舉,2020,臺北市,萬華區,福星里,臺北市第05選區,4,盧憲孚,無黨籍及未經政黨推薦,5,
2020年區域立委選舉,2020,臺北市,萬華區,福星里,臺北市第05選區,5,邱一峰,一邊一國行動黨,12,
2020年區域立委選舉,2020,臺北市,萬華區,福星里,臺北市第05選區,6,林昶佐,無黨籍及未經政黨推薦,1405,*
2020年區域立委選舉,2020,臺北市,萬華區,福星里,臺北市第05選區,7,黃義豐,無黨籍及未經政黨推薦,6,
2020年區域立委選舉,2020,臺北市,萬華區,福星里,臺北市第05選區,8,周慶峻,中華愛國同心黨,7,
2020年區域立委選舉,2020,臺北市,萬華區,萬壽里,臺北市第05選區,1,楊烱煌,聾國黨,4,
2020年區域立委選舉,2020,臺北市,萬華區,萬壽里,臺北市第05選區,2,徐立信,無黨籍及未經政黨推薦,166,
2020年區域立委選舉,2020,臺北市,萬華區,萬壽里,臺北市第05選區,3,林郁方,中國國民黨,941,
2020年區域立委選舉,2020,臺北市,萬華區,萬壽里,臺北市第05選區,4,盧憲孚,無黨籍及未經政黨推薦,5,
2020年區域立委選舉,2020,臺北市,萬華區,萬壽里,臺北市第05選區,5,邱一峰,一邊一國行動黨,4,
2020年區域立委選舉,2020,臺北市,萬華區,萬壽里,臺北市第05選區,6,林昶佐,無黨籍及未經政黨推薦,819,*
2020年區域立委選舉,2020,臺北市,萬華區,萬壽里,臺北市第05選區,7,黃義豐,無黨籍及未經政黨推薦,5,
2020年區域立委選舉,2020,臺北市,萬華區,萬壽里,臺北市第05選區,8,周慶峻,中華愛國同心黨,3,
2020年區域立委選舉,2020,臺北市,萬華區,西門里,臺北市第05選區,1,楊烱煌,聾國黨,7,
2020年區域立委選舉,2020,臺北市,萬華區,西門里,臺北市第05選區,2,徐立信,無黨籍及未經政黨推薦,217,
2020年區域立委選舉,2020,臺北市,萬華區,西門里,臺北市第05選區,3,林郁方,中國國民黨,1066,
2020年區域立委選舉,2020,臺北市,萬華區,西門里,臺北市第05選區,4,盧憲孚,無黨籍及未經政黨推薦,4,
2020年區域立委選舉,2020,臺北市,萬華區,西門里,臺北市第05選區,5,邱一峰,一邊一國行動黨,11,
2020年區域立委選舉,2020,臺北市,萬華區,西門里,臺北市第05選區,6,林昶佐,無黨籍及未經政黨推薦,998,*
2020年區域立委選舉,2020,臺北市,萬華區,西門里,臺北市第05選區,7,黃義豐,無黨籍及未經政黨推薦,3,
2020年區域立委選舉,2020,臺北市,萬華區,西門里,臺北市第05選區,8,周慶峻,中華愛國同心黨,1,
2020年區域立委選舉,2020,臺北市,萬華區,新起里,臺北市第05選區,1,楊烱煌,聾國黨,8,
2020年區域立委選舉,2020,臺北市,萬華區,新起里,臺北市第05選區,2,徐立信,無黨籍及未經政黨推薦,498,
2020年區域立委選舉,2020,臺北市,萬華區,新起里,臺北市第05選區,3,林郁方,中國國民黨,1732,
2020年區域立委選舉,2020,臺北市,萬華區,新起里,臺北市第05選區,4,盧憲孚,無黨籍及未經政黨推薦,13,
2020年區域立委選舉,2020,臺北市,萬華區,新起里,臺北市第05選區,5,邱一峰,一邊一國行動黨,8,
2020年區域立委選舉,2020,臺北市,萬華區,新起里,臺北市第05選區,6,林昶佐,無黨籍及未經政黨推薦,2046,*
2020年區域立委選舉,2020,臺北市,萬華區,新起里,臺北市第05選區,7,黃義豐,無黨籍及未經政黨推薦,5,
2020年區域立委選舉,2020,臺北市,萬華區,新起里,臺北市第05選區,8,周慶峻,中華愛國同心黨,6,
2020年區域立委選舉,2020,臺北市,萬華區,菜園里,臺北市第05選區,1,楊烱煌,聾國黨,5,
2020年區域立委選舉,2020,臺北市,萬華區,菜園里,臺北市第05選區,2,徐立信,無黨籍及未經政黨推薦,441,
2020年區域立委選舉,2020,臺北市,萬華區,菜園里,臺北市第05選區,3,林郁方,中國國民黨,1476,
2020年區域立委選舉,2020,臺北市,萬華區,菜園里,臺北市第05選區,4,盧憲孚,無黨籍及未經政黨推薦,7,
2020年區域立委選舉,2020,臺北市,萬華區,菜園里,臺北市第05選區,5,邱一峰,一邊一國行動黨,20,
2020年區域立委選舉,2020,臺北市,萬華區,菜園里,臺北市第05選區,6,林昶佐,無黨籍及未經政黨推薦,2005,*
2020年區域立委選舉,2020,臺北市,萬華區,菜園里,臺北市第05選區,7,黃義豐,無黨籍及未經政黨推薦,9,
2020年區域立委選舉,2020,臺北市,萬華區,菜園里,臺北市第05選區,8,周慶峻,中華愛國同心黨,3,
2020年區域立委選舉,2020,臺北市,萬華區,青山里,臺北市第05選區,1,楊烱煌,聾國黨,7,
2020年區域立委選舉,2020,臺北市,萬華區,青山里,臺北市第05選區,2,徐立信,無黨籍及未經政黨推薦,301,
2020年區域立委選舉,2020,臺北市,萬華區,青山里,臺北市第05選區,3,林郁方,中國國民黨,1404,
2020年區域立委選舉,2020,臺北市,萬華區,青山里,臺北市第05選區,4,盧憲孚,無黨籍及未經政黨推薦,9,
2020年區域立委選舉,2020,臺北市,萬華區,青山里,臺北市第05選區,5,邱一峰,一邊一國行動黨,13,
2020年區域立委選舉,2020,臺北市,萬華區,青山里,臺北市第05選區,6,林昶佐,無黨籍及未經政黨推薦,1780,*
2020年區域立委選舉,2020,臺北市,萬華區,青山里,臺北市第05選區,7,黃義豐,無黨籍及未經政黨推薦,4,
2020年區域立委選舉,2020,臺北市,萬華區,青山里,臺北市第05選區,8,周慶峻,中華愛國同心黨,3,
2020年區域立委選舉,2020,臺北市,萬華區,富民里,臺北市第05選區,1,楊烱煌,聾國黨,8,
2020年區域立委選舉,2020,臺北市,萬華區,富民里,臺北市第05選區,2,徐立信,無黨籍及未經政黨推薦,391,
2020年區域立委選舉,2020,臺北市,萬華區,富民里,臺北市第05選區,3,林郁方,中國國民黨,1070,
2020年區域立委選舉,2020,臺北市,萬華區,富民里,臺北市第05選區,4,盧憲孚,無黨籍及未經政黨推薦,3,
2020年區域立委選舉,2020,臺北市,萬華區,富民里,臺北市第05選區,5,邱一峰,一邊一國行動黨,3,
2020年區域立委選舉,2020,臺北市,萬華區,富民里,臺北市第05選區,6,林昶佐,無黨籍及未經政黨推薦,1667,*
2020年區域立委選舉,2020,臺北市,萬華區,富民里,臺北市第05選區,7,黃義豐,無黨籍及未經政黨推薦,6,
2020年區域立委選舉,2020,臺北市,萬華區,富民里,臺北市第05選區,8,周慶峻,中華愛國同心黨,2,
2020年區域立委選舉,2020,臺北市,萬華區,福音里,臺北市第05選區,1,楊烱煌,聾國黨,7,
2020年區域立委選舉,2020,臺北市,萬華區,福音里,臺北市第05選區,2,徐立信,無黨籍及未經政黨推薦,277,
2020年區域立委選舉,2020,臺北市,萬華區,福音里,臺北市第05選區,3,林郁方,中國國民黨,944,
2020年區域立委選舉,2020,臺北市,萬華區,福音里,臺北市第05選區,4,盧憲孚,無黨籍及未經政黨推薦,2,
2020年區域立委選舉,2020,臺北市,萬華區,福音里,臺北市第05選區,5,邱一峰,一邊一國行動黨,7,
2020年區域立委選舉,2020,臺北市,萬華區,福音里,臺北市第05選區,6,林昶佐,無黨籍及未經政黨推薦,1301,*
2020年區域立委選舉,2020,臺北市,萬華區,福音里,臺北市第05選區,7,黃義豐,無黨籍及未經政黨推薦,7,
2020年區域立委選舉,2020,臺北市,萬華區,福音里,臺北市第05選區,8,周慶峻,中華愛國同心黨,2,
2020年區域立委選舉,2020,臺北市,萬華區,仁德里,臺北市第05選區,1,楊烱煌,聾國黨,8,
2020年區域立委選舉,2020,臺北市,萬華區,仁德里,臺北市第05選區,2,徐立信,無黨籍及未經政黨推薦,348,
2020年區域立委選舉,2020,臺北市,萬華區,仁德里,臺北市第05選區,3,林郁方,中國國民黨,1195,
2020年區域立委選舉,2020,臺北市,萬華區,仁德里,臺北市第05選區,4,盧憲孚,無黨籍及未經政黨推薦,10,
2020年區域立委選舉,2020,臺北市,萬華區,仁德里,臺北市第05選區,5,邱一峰,一邊一國行動黨,9,
2020年區域立委選舉,2020,臺北市,萬華區,仁德里,臺北市第05選區,6,林昶佐,無黨籍及未經政黨推薦,1535,*
2020年區域立委選舉,2020,臺北市,萬華區,仁德里,臺北市第05選區,7,黃義豐,無黨籍及未經政黨推薦,3,
2020年區域立委選舉,2020,臺北市,萬華區,仁德里,臺北市第05選區,8,周慶峻,中華愛國同心黨,0,
2020年區域立委選舉,2020,臺北市,萬華區,富福里,臺北市第05選區,1,楊烱煌,聾國黨,4,
2020年區域立委選舉,2020,臺北市,萬華區,富福里,臺北市第05選區,2,徐立信,無黨籍及未經政黨推薦,391,
2020年區域立委選舉,2020,臺北市,萬華區,富福里,臺北市第05選區,3,林郁方,中國國民黨,1077,
2020年區域立委選舉,2020,臺北市,萬華區,富福里,臺北市第05選區,4,盧憲孚,無黨籍及未經政黨推薦,7,
2020年區域立委選舉,2020,臺北市,萬華區,富福里,臺北市第05選區,5,邱一峰,一邊一國行動黨,3,
2020年區域立委選舉,2020,臺北市,萬華區,富福里,臺北市第05選區,6,林昶佐,無黨籍及未經政黨推薦,1651,*
2020年區域立委選舉,2020,臺北市,萬華區,富福里,臺北市第05選區,7,黃義豐,無黨籍及未經政黨推薦,8,
2020年區域立委選舉,2020,臺北市,萬華區,富福里,臺北市第05選區,8,周慶峻,中華愛國同心黨,2,
2020年區域立委選舉,2020,臺北市,萬華區,頂碩里,臺北市第05選區,1,楊烱煌,聾國黨,8,
2020年區域立委選舉,2020,臺北市,萬華區,頂碩里,臺北市第05選區,2,徐立信,無黨籍及未經政黨推薦,636,
2020年區域立委選舉,2020,臺北市,萬華區,頂碩里,臺北市第05選區,3,林郁方,中國國民黨,1511,
2020年區域立委選舉,2020,臺北市,萬華區,頂碩里,臺北市第05選區,4,盧憲孚,無黨籍及未經政黨推薦,9,
2020年區域立委選舉,2020,臺北市,萬華區,頂碩里,臺北市第05選區,5,邱一峰,一邊一國行動黨,14,
2020年區域立委選舉,2020,臺北市,萬華區,頂碩里,臺北市第05選區,6,林昶佐,無黨籍及未經政黨推薦,2449,*
2020年區域立委選舉,2020,臺北市,萬華區,頂碩里,臺北市第05選區,7,黃義豐,無黨籍及未經政黨推薦,6,
2020年區域立委選舉,2020,臺北市,萬華區,頂碩里,臺北市第05選區,8,周慶峻,中華愛國同心黨,3,
2020年區域立委選舉,2020,臺北市,萬華區,雙園里,臺北市第05選區,1,楊烱煌,聾國黨,3,
2020年區域立委選舉,2020,臺北市,萬華區,雙園里,臺北市第05選區,2,徐立信,無黨籍及未經政黨推薦,500,
2020年區域立委選舉,2020,臺北市,萬華區,雙園里,臺北市第05選區,3,林郁方,中國國民黨,944,
2020年區域立委選舉,2020,臺北市,萬華區,雙園里,臺北市第05選區,4,盧憲孚,無黨籍及未經政黨推薦,7,
2020年區域立委選舉,2020,臺北市,萬華區,雙園里,臺北市第05選區,5,邱一峰,一邊一國行動黨,8,
2020年區域立委選舉,2020,臺北市,萬華區,雙園里,臺北市第05選區,6,林昶佐,無黨籍及未經政黨推薦,1465,*
2020年區域立委選舉,2020,臺北市,萬華區,雙園里,臺北市第05選區,7,黃義豐,無黨籍及未經政黨推薦,3,
2020年區域立委選舉,2020,臺北市,萬華區,雙園里,臺北市第05選區,8,周慶峻,中華愛國同心黨,1,
2020年區域立委選舉,2020,臺北市,萬華區,新忠里,臺北市第05選區,1,楊烱煌,聾國黨,3,
2020年區域立委選舉,2020,臺北市,萬華區,新忠里,臺北市第05選區,2,徐立信,無黨籍及未經政黨推薦,322,
2020年區域立委選舉,2020,臺北市,萬華區,新忠里,臺北市第05選區,3,林郁方,中國國民黨,1458,
2020年區域立委選舉,2020,臺北市,萬華區,新忠里,臺北市第05選區,4,盧憲孚,無黨籍及未經政黨推薦,3,
2020年區域立委選舉,2020,臺北市,萬華區,新忠里,臺北市第05選區,5,邱一峰,一邊一國行動黨,4,
2020年區域立委選舉,2020,臺北市,萬華區,新忠里,臺北市第05選區,6,林昶佐,無黨籍及未經政黨推薦,474,*
2020年區域立委選舉,2020,臺北市,萬華區,新忠里,臺北市第05選區,7,黃義豐,無黨籍及未經政黨推薦,1,
2020年區域立委選舉,2020,臺北市,萬華區,新忠里,臺北市第05選區,8,周慶峻,中華愛國同心黨,2,
2020年區域立委選舉,2020,臺北市,萬華區,新和里,臺北市第05選區,1,楊烱煌,聾國黨,4,
2020年區域立委選舉,2020,臺北市,萬華區,新和里,臺北市第05選區,2,徐立信,無黨籍及未經政黨推薦,850,
2020年區域立委選舉,2020,臺北市,萬華區,新和里,臺北市第05選區,3,林郁方,中國國民黨,3370,
2020年區域立委選舉,2020,臺北市,萬華區,新和里,臺北市第05選區,4,盧憲孚,無黨籍及未經政黨推薦,18,
2020年區域立委選舉,2020,臺北市,萬華區,新和里,臺北市第05選區,5,邱一峰,一邊一國行動黨,13,
2020年區域立委選舉,2020,臺北市,萬華區,新和里,臺北市第05選區,6,林昶佐,無黨籍及未經政黨推薦,1465,*
2020年區域立委選舉,2020,臺北市,萬華區,新和里,臺北市第05選區,7,黃義豐,無黨籍及未經政黨推薦,5,
2020年區域立委選舉,2020,臺北市,萬華區,新和里,臺北市第05選區,8,周慶峻,中華愛國同心黨,2,
2020年區域立委選舉,2020,臺北市,萬華區,糖廍里,臺北市第05選區,1,楊烱煌,聾國黨,5,
2020年區域立委選舉,2020,臺北市,萬華區,糖廍里,臺北市第05選區,2,徐立信,無黨籍及未經政黨推薦,373,
2020年區域立委選舉,2020,臺北市,萬華區,糖廍里,臺北市第05選區,3,林郁方,中國國民黨,1245,
2020年區域立委選舉,2020,臺北市,萬華區,糖廍里,臺北市第05選區,4,盧憲孚,無黨籍及未經政黨推薦,7,
2020年區域立委選舉,2020,臺北市,萬華區,糖廍里,臺北市第05選區,5,邱一峰,一邊一國行動黨,13,
2020年區域立委選舉,2020,臺北市,萬華區,糖廍里,臺北市第05選區,6,林昶佐,無黨籍及未經政黨推薦,1816,*
2020年區域立委選舉,2020,臺北市,萬華區,糖廍里,臺北市第05選區,7,黃義豐,無黨籍及未經政黨推薦,9,
2020年區域立委選舉,2020,臺北市,萬華區,糖廍里,臺北市第05選區,8,周慶峻,中華愛國同心黨,3,
2020年區域立委選舉,2020,臺北市,萬華區,和平里,臺北市第05選區,1,楊烱煌,聾國黨,11,
2020年區域立委選舉,2020,臺北市,萬華區,和平里,臺北市第05選區,2,徐立信,無黨籍及未經政黨推薦,616,
2020年區域立委選舉,2020,臺北市,萬華區,和平里,臺北市第05選區,3,林郁方,中國國民黨,1340,
2020年區域立委選舉,2020,臺北市,萬華區,和平里,臺北市第05選區,4,盧憲孚,無黨籍及未經政黨推薦,7,
2020年區域立委選舉,2020,臺北市,萬華區,和平里,臺北市第05選區,5,邱一峰,一邊一國行動黨,10,
2020年區域立委選舉,2020,臺北市,萬華區,和平里,臺北市第05選區,6,林昶佐,無黨籍及未經政黨推薦,2470,*
2020年區域立委選舉,2020,臺北市,萬華區,和平里,臺北市第05選區,7,黃義豐,無黨籍及未經政黨推薦,7,
2020年區域立委選舉,2020,臺北市,萬華區,和平里,臺北市第05選區,8,周慶峻,中華愛國同心黨,2,
2020年區域立委選舉,2020,臺北市,萬華區,綠堤里,臺北市第05選區,1,楊烱煌,聾國黨,5,
2020年區域立委選舉,2020,臺北市,萬華區,綠堤里,臺北市第05選區,2,徐立信,無黨籍及未經政黨推薦,298,
2020年區域立委選舉,2020,臺北市,萬華區,綠堤里,臺北市第05選區,3,林郁方,中國國民黨,1124,
2020年區域立委選舉,2020,臺北市,萬華區,綠堤里,臺北市第05選區,4,盧憲孚,無黨籍及未經政黨推薦,5,
2020年區域立委選舉,2020,臺北市,萬華區,綠堤里,臺北市第05選區,5,邱一峰,一邊一國行動黨,12,
2020年區域立委選舉,2020,臺北市,萬華區,綠堤里,臺北市第05選區,6,林昶佐,無黨籍及未經政黨推薦,1218,*
2020年區域立委選舉,2020,臺北市,萬華區,綠堤里,臺北市第05選區,7,黃義豐,無黨籍及未經政黨推薦,5,
2020年區域立委選舉,2020,臺北市,萬華區,綠堤里,臺北市第05選區,8,周慶峻,中華愛國同心黨,2,
2020年區域立委選舉,2020,臺北市,萬華區,華江里,臺北市第05選區,1,楊烱煌,聾國黨,9,
2020年區域立委選舉,2020,臺北市,萬華區,華江里,臺北市第05選區,2,徐立信,無黨籍及未經政黨推薦,659,
2020年區域立委選舉,2020,臺北市,萬華區,華江里,臺北市第05選區,3,林郁方,中國國民黨,1960,
2020年區域立委選舉,2020,臺北市,萬華區,華江里,臺北市第05選區,4,盧憲孚,無黨籍及未經政黨推薦,11,
2020年區域立委選舉,2020,臺北市,萬華區,華江里,臺北市第05選區,5,邱一峰,一邊一國行動黨,14,
2020年區域立委選舉,2020,臺北市,萬華區,華江里,臺北市第05選區,6,林昶佐,無黨籍及未經政黨推薦,2740,*
2020年區域立委選舉,2020,臺北市,萬華區,華江里,臺北市第05選區,7,黃義豐,無黨籍及未經政黨推薦,14,
2020年區域立委選舉,2020,臺北市,萬華區,華江里,臺北市第05選區,8,周慶峻,中華愛國同心黨,4,
2020年區域立委選舉,2020,臺北市,萬華區,柳鄉里,臺北市第05選區,1,楊烱煌,聾國黨,5,
2020年區域立委選舉,2020,臺北市,萬華區,柳鄉里,臺北市第05選區,2,徐立信,無黨籍及未經政黨推薦,380,
2020年區域立委選舉,2020,臺北市,萬華區,柳鄉里,臺北市第05選區,3,林郁方,中國國民黨,1087,
2020年區域立委選舉,2020,臺北市,萬華區,柳鄉里,臺北市第05選區,4,盧憲孚,無黨籍及未經政黨推薦,5,
2020年區域立委選舉,2020,臺北市,萬華區,柳鄉里,臺北市第05選區,5,邱一峰,一邊一國行動黨,6,
2020年區域立委選舉,2020,臺北市,萬華區,柳鄉里,臺北市第05選區,6,林昶佐,無黨籍及未經政黨推薦,1751,*
2020年區域立委選舉,2020,臺北市,萬華區,柳鄉里,臺北市第05選區,7,黃義豐,無黨籍及未經政黨推薦,8,
2020年區域立委選舉,2020,臺北市,萬華區,柳鄉里,臺北市第05選區,8,周慶峻,中華愛國同心黨,1,
2020年區域立委選舉,2020,臺北市,萬華區,日善里,臺北市第05選區,1,楊烱煌,聾國黨,1,
2020年區域立委選舉,2020,臺北市,萬華區,日善里,臺北市第05選區,2,徐立信,無黨籍及未經政黨推薦,381,
2020年區域立委選舉,2020,臺北市,萬華區,日善里,臺北市第05選區,3,林郁方,中國國民黨,802,
2020年區域立委選舉,2020,臺北市,萬華區,日善里,臺北市第05選區,4,盧憲孚,無黨籍及未經政黨推薦,5,
2020年區域立委選舉,2020,臺北市,萬華區,日善里,臺北市第05選區,5,邱一峰,一邊一國行動黨,10,
2020年區域立委選舉,2020,臺北市,萬華區,日善里,臺北市第05選區,6,林昶佐,無黨籍及未經政黨推薦,1173,*
2020年區域立委選舉,2020,臺北市,萬華區,日善里,臺北市第05選區,7,黃義豐,無黨籍及未經政黨推薦,4,
2020年區域立委選舉,2020,臺北市,萬華區,日善里,臺北市第05選區,8,周慶峻,中華愛國同心黨,0,
2020年區域立委選舉,2020,臺北市,萬華區,新安里,臺北市第05選區,1,楊烱煌,聾國黨,5,
2020年區域立委選舉,2020,臺北市,萬華區,新安里,臺北市第05選區,2,徐立信,無黨籍及未經政黨推薦,661,
2020年區域立委選舉,2020,臺北市,萬華區,新安里,臺北市第05選區,3,林郁方,中國國民黨,1777,
2020年區域立委選舉,2020,臺北市,萬華區,新安里,臺北市第05選區,4,盧憲孚,無黨籍及未經政黨推薦,8,
2020年區域立委選舉,2020,臺北市,萬華區,新安里,臺北市第05選區,5,邱一峰,一邊一國行動黨,6,
2020年區域立委選舉,2020,臺北市,萬華區,新安里,臺北市第05選區,6,林昶佐,無黨籍及未經政黨推薦,1343,*
2020年區域立委選舉,2020,臺北市,萬華區,新安里,臺北市第05選區,7,黃義豐,無黨籍及未經政黨推薦,6,
2020年區域立委選舉,2020,臺北市,萬華區,新安里,臺北市第05選區,8,周慶峻,中華愛國同心黨,4,
2020年區域立委選舉,2020,臺北市,萬華區,忠德里,臺北市第05選區,1,楊烱煌,聾國黨,3,
2020年區域立委選舉,2020,臺北市,萬華區,忠德里,臺北市第05選區,2,徐立信,無黨籍及未經政黨推薦,371,
2020年區域立委選舉,2020,臺北市,萬華區,忠德里,臺北市第05選區,3,林郁方,中國國民黨,971,
2020年區域立委選舉,2020,臺北市,萬華區,忠德里,臺北市第05選區,4,盧憲孚,無黨籍及未經政黨推薦,0,
2020年區域立委選舉,2020,臺北市,萬華區,忠德里,臺北市第05選區,5,邱一峰,一邊一國行動黨,12,
2020年區域立委選舉,2020,臺北市,萬華區,忠德里,臺北市第05選區,6,林昶佐,無黨籍及未經政黨推薦,1465,*
2020年區域立委選舉,2020,臺北市,萬華區,忠德里,臺北市第05選區,7,黃義豐,無黨籍及未經政黨推薦,3,
2020年區域立委選舉,2020,臺北市,萬華區,忠德里,臺北市第05選區,8,周慶峻,中華愛國同心黨,2,
2020年區域立委選舉,2020,臺北市,萬華區,孝德里,臺北市第05選區,1,楊烱煌,聾國黨,4,
2020年區域立委選舉,2020,臺北市,萬華區,孝德里,臺北市第05選區,2,徐立信,無黨籍及未經政黨推薦,283,
2020年區域立委選舉,2020,臺北市,萬華區,孝德里,臺北市第05選區,3,林郁方,中國國民黨,684,
2020年區域立委選舉,2020,臺北市,萬華區,孝德里,臺北市第05選區,4,盧憲孚,無黨籍及未經政黨推薦,4,
2020年區域立委選舉,2020,臺北市,萬華區,孝德里,臺北市第05選區,5,邱一峰,一邊一國行動黨,2,
2020年區域立委選舉,2020,臺北市,萬華區,孝德里,臺北市第05選區,6,林昶佐,無黨籍及未經政黨推薦,1169,*
2020年區域立委選舉,2020,臺北市,萬華區,孝德里,臺北市第05選區,7,黃義豐,無黨籍及未經政黨推薦,4,
2020年區域立委選舉,2020,臺北市,萬華區,孝德里,臺北市第05選區,8,周慶峻,中華愛國同心黨,2,
2020年區域立委選舉,2020,臺北市,萬華區,和德里,臺北市第05選區,1,楊烱煌,聾國黨,15,
2020年區域立委選舉,2020,臺北市,萬華區,和德里,臺北市第05選區,2,徐立信,無黨籍及未經政黨推薦,490,
2020年區域立委選舉,2020,臺北市,萬華區,和德里,臺北市第05選區,3,林郁方,中國國民黨,1400,
2020年區域立委選舉,2020,臺北市,萬華區,和德里,臺北市第05選區,4,盧憲孚,無黨籍及未經政黨推薦,5,
2020年區域立委選舉,2020,臺北市,萬華區,和德里,臺北市第05選區,5,邱一峰,一邊一國行動黨,10,
2020年區域立委選舉,2020,臺北市,萬華區,和德里,臺北市第05選區,6,林昶佐,無黨籍及未經政黨推薦,2129,*
2020年區域立委選舉,2020,臺北市,萬華區,和德里,臺北市第05選區,7,黃義豐,無黨籍及未經政黨推薦,3,
2020年區域立委選舉,2020,臺北市,萬華區,和德里,臺北市第05選區,8,周慶峻,中華愛國同心黨,2,
2020年區域立委選舉,2020,臺北市,萬華區,錦德里,臺北市第05選區,1,楊烱煌,聾國黨,6,
2020年區域立委選舉,2020,臺北市,萬華區,錦德里,臺北市第05選區,2,徐立信,無黨籍及未經政黨推薦,436,
2020年區域立委選舉,2020,臺北市,萬華區,錦德里,臺北市第05選區,3,林郁方,中國國民黨,1280,
2020年區域立委選舉,2020,臺北市,萬華區,錦德里,臺北市第05選區,4,盧憲孚,無黨籍及未經政黨推薦,7,
2020年區域立委選舉,2020,臺北市,萬華區,錦德里,臺北市第05選區,5,邱一峰,一邊一國行動黨,5,
2020年區域立委選舉,2020,臺北市,萬華區,錦德里,臺北市第05選區,6,林昶佐,無黨籍及未經政黨推薦,1841,*
2020年區域立委選舉,2020,臺北市,萬華區,錦德里,臺北市第05選區,7,黃義豐,無黨籍及未經政黨推薦,5,
2020年區域立委選舉,2020,臺北市,萬華區,錦德里,臺北市第05選區,8,周慶峻,中華愛國同心黨,1,
2020年區域立委選舉,2020,臺北市,萬華區,全德里,臺北市第05選區,1,楊烱煌,聾國黨,3,
2020年區域立委選舉,2020,臺北市,萬華區,全德里,臺北市第05選區,2,徐立信,無黨籍及未經政黨推薦,387,
2020年區域立委選舉,2020,臺北市,萬華區,全德里,臺北市第05選區,3,林郁方,中國國民黨,1001,
2020年區域立委選舉,2020,臺北市,萬華區,全德里,臺北市第05選區,4,盧憲孚,無黨籍及未經政黨推薦,2,
2020年區域立委選舉,2020,臺北市,萬華區,全德里,臺北市第05選區,5,邱一峰,一邊一國行動黨,10,
2020年區域立委選舉,2020,臺北市,萬華區,全德里,臺北市第05選區,6,林昶佐,無黨籍及未經政黨推薦,1279,*
2020年區域立委選舉,2020,臺北市,萬華區,全德里,臺北市第05選區,7,黃義豐,無黨籍及未經政黨推薦,3,
2020年區域立委選舉,2020,臺北市,萬華區,全德里,臺北市第05選區,8,周慶峻,中華愛國同心黨,0,
2020年區域立委選舉,2020,臺北市,萬華區,保德里,臺北市第05選區,1,楊烱煌,聾國黨,3,
2020年區域立委選舉,2020,臺北市,萬華區,保德里,臺北市第05選區,2,徐立信,無黨籍及未經政黨推薦,240,
2020年區域立委選舉,2020,臺北市,萬華區,保德里,臺北市第05選區,3,林郁方,中國國民黨,864,
2020年區域立委選舉,2020,臺北市,萬華區,保德里,臺北市第05選區,4,盧憲孚,無黨籍及未經政黨推薦,2,
2020年區域立委選舉,2020,臺北市,萬華區,保德里,臺北市第05選區,5,邱一峰,一邊一國行動黨,3,
2020年區域立委選舉,2020,臺北市,萬華區,保德里,臺北市第05選區,6,林昶佐,無黨籍及未經政黨推薦,1030,*
2020年區域立委選舉,2020,臺北市,萬華區,保德里,臺北市第05選區,7,黃義豐,無黨籍及未經政黨推薦,1,
2020年區域立委選舉,2020,臺北市,萬華區,保德里,臺北市第05選區,8,周慶峻,中華愛國同心黨,1,
2020年區域立委選舉,2020,臺北市,萬華區,銘德里,臺北市第05選區,1,楊烱煌,聾國黨,2,
2020年區域立委選舉,2020,臺北市,萬華區,銘德里,臺北市第05選區,2,徐立信,無黨籍及未經政黨推薦,446,
2020年區域立委選舉,2020,臺北市,萬華區,銘德里,臺北市第05選區,3,林郁方,中國國民黨,1061,
2020年區域立委選舉,2020,臺北市,萬華區,銘德里,臺北市第05選區,4,盧憲孚,無黨籍及未經政黨推薦,4,
2020年區域立委選舉,2020,臺北市,萬華區,銘德里,臺北市第05選區,5,邱一峰,一邊一國行動黨,8,
2020年區域立委選舉,2020,臺北市,萬華區,銘德里,臺北市第05選區,6,林昶佐,無黨籍及未經政黨推薦,1524,*
2020年區域立委選舉,2020,臺北市,萬華區,銘德里,臺北市第05選區,7,黃義豐,無黨籍及未經政黨推薦,7,
2020年區域立委選舉,2020,臺北市,萬華區,銘德里,臺北市第05選區,8,周慶峻,中華愛國同心黨,2,
2020年區域立委選舉,2020,臺北市,萬華區,榮德里,臺北市第05選區,1,楊烱煌,聾國黨,5,
2020年區域立委選舉,2020,臺北市,萬華區,榮德里,臺北市第05選區,2,徐立信,無黨籍及未經政黨推薦,279,
2020年區域立委選舉,2020,臺北市,萬華區,榮德里,臺北市第05選區,3,林郁方,中國國民黨,895,
2020年區域立委選舉,2020,臺北市,萬華區,榮德里,臺北市第05選區,4,盧憲孚,無黨籍及未經政黨推薦,4,
2020年區域立委選舉,2020,臺北市,萬華區,榮德里,臺北市第05選區,5,邱一峰,一邊一國行動黨,13,
2020年區域立委選舉,2020,臺北市,萬華區,榮德里,臺北市第05選區,6,林昶佐,無黨籍及未經政黨推薦,1199,*
2020年區域立委選舉,2020,臺北市,萬華區,榮德里,臺北市第05選區,7,黃義豐,無黨籍及未經政黨推薦,6,
2020年區域立委選舉,2020,臺北市,萬華區,榮德里,臺北市第05選區,8,周慶峻,中華愛國同心黨,2,
2020年區域立委選舉,2020,臺北市,萬華區,壽德里,臺北市第05選區,1,楊烱煌,聾國黨,3,
2020年區域立委選舉,2020,臺北市,萬華區,壽德里,臺北市第05選區,2,徐立信,無黨籍及未經政黨推薦,460,
2020年區域立委選舉,2020,臺北市,萬華區,壽德里,臺北市第05選區,3,林郁方,中國國民黨,1185,
2020年區域立委選舉,2020,臺北市,萬華區,壽德里,臺北市第05選區,4,盧憲孚,無黨籍及未經政黨推薦,7,
2020年區域立委選舉,2020,臺北市,萬華區,壽德里,臺北市第05選區,5,邱一峰,一邊一國行動黨,7,
2020年區域立委選舉,2020,臺北市,萬華區,壽德里,臺北市第05選區,6,林昶佐,無黨籍及未經政黨推薦,1583,*
2020年區域立委選舉,2020,臺北市,萬華區,壽德里,臺北市第05選區,7,黃義豐,無黨籍及未經政黨推薦,5,
2020年區域立委選舉,2020,臺北市,萬華區,壽德里,臺北市第05選區,8,周慶峻,中華愛國同心黨,1,
2020年區域立委選舉,2020,臺北市,萬華區,興德里,臺北市第05選區,1,楊烱煌,聾國黨,5,
2020年區域立委選舉,2020,臺北市,萬華區,興德里,臺北市第05選區,2,徐立信,無黨籍及未經政黨推薦,410,
2020年區域立委選舉,2020,臺北市,萬華區,興德里,臺北市第05選區,3,林郁方,中國國民黨,1008,
2020年區域立委選舉,2020,臺北市,萬華區,興德里,臺北市第05選區,4,盧憲孚,無黨籍及未經政黨推薦,3,
2020年區域立委選舉,2020,臺北市,萬華區,興德里,臺北市第05選區,5,邱一峰,一邊一國行動黨,8,
2020年區域立委選舉,2020,臺北市,萬華區,興德里,臺北市第05選區,6,林昶佐,無黨籍及未經政黨推薦,1423,*
2020年區域立委選舉,2020,臺北市,萬華區,興德里,臺北市第05選區,7,黃義豐,無黨籍及未經政黨推薦,4,
2020年區域立委選舉,2020,臺北市,萬華區,興德里,臺北市第05選區,8,周慶峻,中華愛國同心黨,7,
2020年區域立委選舉,2020,臺北市,萬華區,華中里,臺北市第05選區,1,楊烱煌,聾國黨,7,
2020年區域立委選舉,2020,臺北市,萬華區,華中里,臺北市第05選區,2,徐立信,無黨籍及未經政黨推薦,564,
2020年區域立委選舉,2020,臺北市,萬華區,華中里,臺北市第05選區,3,林郁方,中國國民黨,1444,
2020年區域立委選舉,2020,臺北市,萬華區,華中里,臺北市第05選區,4,盧憲孚,無黨籍及未經政黨推薦,8,
2020年區域立委選舉,2020,臺北市,萬華區,華中里,臺北市第05選區,5,邱一峰,一邊一國行動黨,13,
2020年區域立委選舉,2020,臺北市,萬華區,華中里,臺北市第05選區,6,林昶佐,無黨籍及未經政黨推薦,2028,*
2020年區域立委選舉,2020,臺北市,萬華區,華中里,臺北市第05選區,7,黃義豐,無黨籍及未經政黨推薦,7,
2020年區域立委選舉,2020,臺北市,萬華區,華中里,臺北市第05選區,8,周慶峻,中華愛國同心黨,5,
2020年區域立委選舉,2020,臺北市,萬華區,日祥里,臺北市第05選區,1,楊烱煌,聾國黨,11,
2020年區域立委選舉,2020,臺北市,萬華區,日祥里,臺北市第05選區,2,徐立信,無黨籍及未經政黨推薦,454,
2020年區域立委選舉,2020,臺北市,萬華區,日祥里,臺北市第05選區,3,林郁方,中國國民黨,2015,
2020年區域立委選舉,2020,臺北市,萬華區,日祥里,臺北市第05選區,4,盧憲孚,無黨籍及未經政黨推薦,9,
2020年區域立委選舉,2020,臺北市,萬華區,日祥里,臺北市第05選區,5,邱一峰,一邊一國行動黨,9,
2020年區域立委選舉,2020,臺北市,萬華區,日祥里,臺北市第05選區,6,林昶佐,無黨籍及未經政黨推薦,1345,*
2020年區域立委選舉,2020,臺北市,萬華區,日祥里,臺北市第05選區,7,黃義豐,無黨籍及未經政黨推薦,8,
2020年區域立委選舉,2020,臺北市,萬華區,日祥里,臺北市第05選區,8,周慶峻,中華愛國同心黨,2,
2020年區域立委選舉,2020,臺北市,萬華區,忠貞里,臺北市第05選區,1,楊烱煌,聾國黨,10,
2020年區域立委選舉,2020,臺北市,萬華區,忠貞里,臺北市第05選區,2,徐立信,無黨籍及未經政黨推薦,425,
2020年區域立委選舉,2020,臺北市,萬華區,忠貞里,臺北市第05選區,3,林郁方,中國國民黨,1750,
2020年區域立委選舉,2020,臺北市,萬華區,忠貞里,臺北市第05選區,4,盧憲孚,無黨籍及未經政黨推薦,6,
2020年區域立委選舉,2020,臺北市,萬華區,忠貞里,臺北市第05選區,5,邱一峰,一邊一國行動黨,5,
2020年區域立委選舉,2020,臺北市,萬華區,忠貞里,臺北市第05選區,6,林昶佐,無黨籍及未經政黨推薦,913,*
2020年區域立委選舉,2020,臺北市,萬華區,忠貞里,臺北市第05選區,7,黃義豐,無黨籍及未經政黨推薦,3,
2020年區域立委選舉,2020,臺北市,萬華區,忠貞里,臺北市第05選區,8,周慶峻,中華愛國同心黨,1,
2020年區域立委選舉,2020,臺北市,萬華區,凌霄里,臺北市第05選區,1,楊烱煌,聾國黨,2,
2020年區域立委選舉,2020,臺北市,萬華區,凌霄里,臺北市第05選區,2,徐立信,無黨籍及未經政黨推薦,400,
2020年區域立委選舉,2020,臺北市,萬華區,凌霄里,臺北市第05選區,3,林郁方,中國國民黨,1174,
2020年區域立委選舉,2020,臺北市,萬華區,凌霄里,臺北市第05選區,4,盧憲孚,無黨籍及未經政黨推薦,6,
2020年區域立委選舉,2020,臺北市,萬華區,凌霄里,臺北市第05選區,5,邱一峰,一邊一國行動黨,7,
2020年區域立委選舉,2020,臺北市,萬華區,凌霄里,臺北市第05選區,6,林昶佐,無黨籍及未經政黨推薦,824,*
2020年區域立委選舉,2020,臺北市,萬華區,凌霄里,臺北市第05選區,7,黃義豐,無黨籍及未經政黨推薦,7,
2020年區域立委選舉,2020,臺北市,萬華區,凌霄里,臺北市第05選區,8,周慶峻,中華愛國同心黨,1,
2020年區域立委選舉,2020,臺北市,萬華區,騰雲里,臺北市第05選區,1,楊烱煌,聾國黨,3,
2020年區域立委選舉,2020,臺北市,萬華區,騰雲里,臺北市第05選區,2,徐立信,無黨籍及未經政黨推薦,291,
2020年區域立委選舉,2020,臺北市,萬華區,騰雲里,臺北市第05選區,3,林郁方,中國國民黨,1033,
2020年區域立委選舉,2020,臺北市,萬華區,騰雲里,臺北市第05選區,4,盧憲孚,無黨籍及未經政黨推薦,6,
2020年區域立委選舉,2020,臺北市,萬華區,騰雲里,臺北市第05選區,5,邱一峰,一邊一國行動黨,9,
2020年區域立委選舉,2020,臺北市,萬華區,騰雲里,臺北市第05選區,6,林昶佐,無黨籍及未經政黨推薦,732,*
2020年區域立委選舉,2020,臺北市,萬華區,騰雲里,臺北市第05選區,7,黃義豐,無黨籍及未經政黨推薦,5,
2020年區域立委選舉,2020,臺北市,萬華區,騰雲里,臺北市第05選區,8,周慶峻,中華愛國同心黨,1,
2020年區域立委選舉,2020,臺北市,文山區,景行里,臺北市第08選區,1,蕭曉玲,喜樂島聯盟,12,
2020年區域立委選舉,2020,臺北市,文山區,景行里,臺北市第08選區,2,華珮君,台灣動物保護黨,215,
2020年區域立委選舉,2020,臺北市,文山區,景行里,臺北市第08選區,3,彭子軒,無黨籍及未經政黨推薦,23,
2020年區域立委選舉,2020,臺北市,文山區,景行里,臺北市第08選區,4,柯士翎,綠黨,49,
2020年區域立委選舉,2020,臺北市,文山區,景行里,臺北市第08選區,5,阮昭雄,民主進步黨,1876,
2020年區域立委選舉,2020,臺北市,文山區,景行里,臺北市第08選區,6,賴士葆,中國國民黨,1976,*
2020年區域立委選舉,2020,臺北市,文山區,景行里,臺北市第08選區,7,顏銘緯,台灣基進,102,
2020年區域立委選舉,2020,臺北市,文山區,景行里,臺北市第08選區,8,李文,無黨籍及未經政黨推薦,24,
2020年區域立委選舉,2020,臺北市,文山區,景行里,臺北市第08選區,9,張幸松,台灣民眾黨,319,
2020年區域立委選舉,2020,臺北市,文山區,景東里,臺北市第08選區,1,蕭曉玲,喜樂島聯盟,14,
2020年區域立委選舉,2020,臺北市,文山區,景東里,臺北市第08選區,2,華珮君,台灣動物保護黨,207,
2020年區域立委選舉,2020,臺北市,文山區,景東里,臺北市第08選區,3,彭子軒,無黨籍及未經政黨推薦,32,
2020年區域立委選舉,2020,臺北市,文山區,景東里,臺北市第08選區,4,柯士翎,綠黨,37,
2020年區域立委選舉,2020,臺北市,文山區,景東里,臺北市第08選區,5,阮昭雄,民主進步黨,1444,
2020年區域立委選舉,2020,臺北市,文山區,景東里,臺北市第08選區,6,賴士葆,中國國民黨,2310,*
2020年區域立委選舉,2020,臺北市,文山區,景東里,臺北市第08選區,7,顏銘緯,台灣基進,92,
2020年區域立委選舉,2020,臺北市,文山區,景東里,臺北市第08選區,8,李文,無黨籍及未經政黨推薦,19,
2020年區域立委選舉,2020,臺北市,文山區,景東里,臺北市第08選區,9,張幸松,台灣民眾黨,276,
2020年區域立委選舉,2020,臺北市,文山區,景美里,臺北市第08選區,1,蕭曉玲,喜樂島聯盟,9,
2020年區域立委選舉,2020,臺北市,文山區,景美里,臺北市第08選區,2,華珮君,台灣動物保護黨,128,
2020年區域立委選舉,2020,臺北市,文山區,景美里,臺北市第08選區,3,彭子軒,無黨籍及未經政黨推薦,18,
2020年區域立委選舉,2020,臺北市,文山區,景美里,臺北市第08選區,4,柯士翎,綠黨,31,
2020年區域立委選舉,2020,臺北市,文山區,景美里,臺北市第08選區,5,阮昭雄,民主進步黨,1207,
2020年區域立委選舉,2020,臺北市,文山區,景美里,臺北市第08選區,6,賴士葆,中國國民黨,1593,*
2020年區域立委選舉,2020,臺北市,文山區,景美里,臺北市第08選區,7,顏銘緯,台灣基進,61,
2020年區域立委選舉,2020,臺北市,文山區,景美里,臺北市第08選區,8,李文,無黨籍及未經政黨推薦,24,
2020年區域立委選舉,2020,臺北市,文山區,景美里,臺北市第08選區,9,張幸松,台灣民眾黨,175,
2020年區域立委選舉,2020,臺北市,文山區,景慶里,臺北市第08選區,1,蕭曉玲,喜樂島聯盟,10,
2020年區域立委選舉,2020,臺北市,文山區,景慶里,臺北市第08選區,2,華珮君,台灣動物保護黨,158,
2020年區域立委選舉,2020,臺北市,文山區,景慶里,臺北市第08選區,3,彭子軒,無黨籍及未經政黨推薦,29,
2020年區域立委選舉,2020,臺北市,文山區,景慶里,臺北市第08選區,4,柯士翎,綠黨,38,
2020年區域立委選舉,2020,臺北市,文山區,景慶里,臺北市第08選區,5,阮昭雄,民主進步黨,1584,
2020年區域立委選舉,2020,臺北市,文山區,景慶里,臺北市第08選區,6,賴士葆,中國國民黨,1910,*
2020年區域立委選舉,2020,臺北市,文山區,景慶里,臺北市第08選區,7,顏銘緯,台灣基進,85,
2020年區域立委選舉,2020,臺北市,文山區,景慶里,臺北市第08選區,8,李文,無黨籍及未經政黨推薦,16,
2020年區域立委選舉,2020,臺北市,文山區,景慶里,臺北市第08選區,9,張幸松,台灣民眾黨,230,
2020年區域立委選舉,2020,臺北市,文山區,景仁里,臺北市第08選區,1,蕭曉玲,喜樂島聯盟,9,
2020年區域立委選舉,2020,臺北市,文山區,景仁里,臺北市第08選區,2,華珮君,台灣動物保護黨,148,
2020年區域立委選舉,2020,臺北市,文山區,景仁里,臺北市第08選區,3,彭子軒,無黨籍及未經政黨推薦,29,
2020年區域立委選舉,2020,臺北市,文山區,景仁里,臺北市第08選區,4,柯士翎,綠黨,36,
2020年區域立委選舉,2020,臺北市,文山區,景仁里,臺北市第08選區,5,阮昭雄,民主進步黨,1174,
2020年區域立委選舉,2020,臺北市,文山區,景仁里,臺北市第08選區,6,賴士葆,中國國民黨,1712,*
2020年區域立委選舉,2020,臺北市,文山區,景仁里,臺北市第08選區,7,顏銘緯,台灣基進,72,
2020年區域立委選舉,2020,臺北市,文山區,景仁里,臺北市第08選區,8,李文,無黨籍及未經政黨推薦,21,
2020年區域立委選舉,2020,臺北市,文山區,景仁里,臺北市第08選區,9,張幸松,台灣民眾黨,203,
2020年區域立委選舉,2020,臺北市,文山區,景華里,臺北市第08選區,1,蕭曉玲,喜樂島聯盟,8,
2020年區域立委選舉,2020,臺北市,文山區,景華里,臺北市第08選區,2,華珮君,台灣動物保護黨,166,
2020年區域立委選舉,2020,臺北市,文山區,景華里,臺北市第08選區,3,彭子軒,無黨籍及未經政黨推薦,33,
2020年區域立委選舉,2020,臺北市,文山區,景華里,臺北市第08選區,4,柯士翎,綠黨,41,
2020年區域立委選舉,2020,臺北市,文山區,景華里,臺北市第08選區,5,阮昭雄,民主進步黨,1305,
2020年區域立委選舉,2020,臺北市,文山區,景華里,臺北市第08選區,6,賴士葆,中國國民黨,1857,*
2020年區域立委選舉,2020,臺北市,文山區,景華里,臺北市第08選區,7,顏銘緯,台灣基進,86,
2020年區域立委選舉,2020,臺北市,文山區,景華里,臺北市第08選區,8,李文,無黨籍及未經政黨推薦,17,
2020年區域立委選舉,2020,臺北市,文山區,景華里,臺北市第08選區,9,張幸松,台灣民眾黨,212,
2020年區域立委選舉,2020,臺北市,文山區,萬有里,臺北市第08選區,1,蕭曉玲,喜樂島聯盟,10,
2020年區域立委選舉,2020,臺北市,文山區,萬有里,臺北市第08選區,2,華珮君,台灣動物保護黨,111,
2020年區域立委選舉,2020,臺北市,文山區,萬有里,臺北市第08選區,3,彭子軒,無黨籍及未經政黨推薦,39,
2020年區域立委選舉,2020,臺北市,文山區,萬有里,臺北市第08選區,4,柯士翎,綠黨,32,
2020年區域立委選舉,2020,臺北市,文山區,萬有里,臺北市第08選區,5,阮昭雄,民主進步黨,1301,
2020年區域立委選舉,2020,臺北市,文山區,萬有里,臺北市第08選區,6,賴士葆,中國國民黨,1779,*
2020年區域立委選舉,2020,臺北市,文山區,萬有里,臺北市第08選區,7,顏銘緯,台灣基進,76,
2020年區域立委選舉,2020,臺北市,文山區,萬有里,臺北市第08選區,8,李文,無黨籍及未經政黨推薦,27,
2020年區域立委選舉,2020,臺北市,文山區,萬有里,臺北市第08選區,9,張幸松,台灣民眾黨,216,
2020年區域立委選舉,2020,臺北市,文山區,萬祥里,臺北市第08選區,1,蕭曉玲,喜樂島聯盟,7,
2020年區域立委選舉,2020,臺北市,文山區,萬祥里,臺北市第08選區,2,華珮君,台灣動物保護黨,98,
2020年區域立委選舉,2020,臺北市,文山區,萬祥里,臺北市第08選區,3,彭子軒,無黨籍及未經政黨推薦,17,
2020年區域立委選舉,2020,臺北市,文山區,萬祥里,臺北市第08選區,4,柯士翎,綠黨,25,
2020年區域立委選舉,2020,臺北市,文山區,萬祥里,臺北市第08選區,5,阮昭雄,民主進步黨,1142,
2020年區域立委選舉,2020,臺北市,文山區,萬祥里,臺北市第08選區,6,賴士葆,中國國民黨,1356,*
2020年區域立委選舉,2020,臺北市,文山區,萬祥里,臺北市第08選區,7,顏銘緯,台灣基進,61,
2020年區域立委選舉,2020,臺北市,文山區,萬祥里,臺北市第08選區,8,李文,無黨籍及未經政黨推薦,15,
2020年區域立委選舉,2020,臺北市,文山區,萬祥里,臺北市第08選區,9,張幸松,台灣民眾黨,188,
2020年區域立委選舉,2020,臺北市,文山區,萬隆里,臺北市第08選區,1,蕭曉玲,喜樂島聯盟,6,
2020年區域立委選舉,2020,臺北市,文山區,萬隆里,臺北市第08選區,2,華珮君,台灣動物保護黨,147,
2020年區域立委選舉,2020,臺北市,文山區,萬隆里,臺北市第08選區,3,彭子軒,無黨籍及未經政黨推薦,23,
2020年區域立委選舉,2020,臺北市,文山區,萬隆里,臺北市第08選區,4,柯士翎,綠黨,48,
2020年區域立委選舉,2020,臺北市,文山區,萬隆里,臺北市第08選區,5,阮昭雄,民主進步黨,1586,
2020年區域立委選舉,2020,臺北市,文山區,萬隆里,臺北市第08選區,6,賴士葆,中國國民黨,2412,*
2020年區域立委選舉,2020,臺北市,文山區,萬隆里,臺北市第08選區,7,顏銘緯,台灣基進,93,
2020年區域立委選舉,2020,臺北市,文山區,萬隆里,臺北市第08選區,8,李文,無黨籍及未經政黨推薦,30,
2020年區域立委選舉,2020,臺北市,文山區,萬隆里,臺北市第08選區,9,張幸松,台灣民眾黨,293,
2020年區域立委選舉,2020,臺北市,文山區,萬年里,臺北市第08選區,1,蕭曉玲,喜樂島聯盟,17,
2020年區域立委選舉,2020,臺北市,文山區,萬年里,臺北市第08選區,2,華珮君,台灣動物保護黨,112,
2020年區域立委選舉,2020,臺北市,文山區,萬年里,臺北市第08選區,3,彭子軒,無黨籍及未經政黨推薦,19,
2020年區域立委選舉,2020,臺北市,文山區,萬年里,臺北市第08選區,4,柯士翎,綠黨,44,
2020年區域立委選舉,2020,臺北市,文山區,萬年里,臺北市第08選區,5,阮昭雄,民主進步黨,1368,
2020年區域立委選舉,2020,臺北市,文山區,萬年里,臺北市第08選區,6,賴士葆,中國國民黨,1584,*
2020年區域立委選舉,2020,臺北市,文山區,萬年里,臺北市第08選區,7,顏銘緯,台灣基進,95,
2020年區域立委選舉,2020,臺北市,文山區,萬年里,臺北市第08選區,8,李文,無黨籍及未經政黨推薦,21,
2020年區域立委選舉,2020,臺北市,文山區,萬年里,臺北市第08選區,9,張幸松,台灣民眾黨,210,
2020年區域立委選舉,2020,臺北市,文山區,萬和里,臺北市第08選區,1,蕭曉玲,喜樂島聯盟,6,
2020年區域立委選舉,2020,臺北市,文山區,萬和里,臺北市第08選區,2,華珮君,台灣動物保護黨,72,
2020年區域立委選舉,2020,臺北市,文山區,萬和里,臺北市第08選區,3,彭子軒,無黨籍及未經政黨推薦,10,
2020年區域立委選舉,2020,臺北市,文山區,萬和里,臺北市第08選區,4,柯士翎,綠黨,19,
2020年區域立委選舉,2020,臺北市,文山區,萬和里,臺北市第08選區,5,阮昭雄,民主進步黨,586,
2020年區域立委選舉,2020,臺北市,文山區,萬和里,臺北市第08選區,6,賴士葆,中國國民黨,1282,*
2020年區域立委選舉,2020,臺北市,文山區,萬和里,臺北市第08選區,7,顏銘緯,台灣基進,43,
2020年區域立委選舉,2020,臺北市,文山區,萬和里,臺北市第08選區,8,李文,無黨籍及未經政黨推薦,12,
2020年區域立委選舉,2020,臺北市,文山區,萬和里,臺北市第08選區,9,張幸松,台灣民眾黨,114,
2020年區域立委選舉,2020,臺北市,文山區,萬盛里,臺北市第08選區,1,蕭曉玲,喜樂島聯盟,10,
2020年區域立委選舉,2020,臺北市,文山區,萬盛里,臺北市第08選區,2,華珮君,台灣動物保護黨,117,
2020年區域立委選舉,2020,臺北市,文山區,萬盛里,臺北市第08選區,3,彭子軒,無黨籍及未經政黨推薦,19,
2020年區域立委選舉,2020,臺北市,文山區,萬盛里,臺北市第08選區,4,柯士翎,綠黨,44,
2020年區域立委選舉,2020,臺北市,文山區,萬盛里,臺北市第08選區,5,阮昭雄,民主進步黨,1104,
2020年區域立委選舉,2020,臺北市,文山區,萬盛里,臺北市第08選區,6,賴士葆,中國國民黨,1586,*
2020年區域立委選舉,2020,臺北市,文山區,萬盛里,臺北市第08選區,7,顏銘緯,台灣基進,48,
2020年區域立委選舉,2020,臺北市,文山區,萬盛里,臺北市第08選區,8,李文,無黨籍及未經政黨推薦,17,
2020年區域立委選舉,2020,臺北市,文山區,萬盛里,臺北市第08選區,9,張幸松,台灣民眾黨,166,
2020年區域立委選舉,2020,臺北市,文山區,興豐里,臺北市第08選區,1,蕭曉玲,喜樂島聯盟,4,
2020年區域立委選舉,2020,臺北市,文山區,興豐里,臺北市第08選區,2,華珮君,台灣動物保護黨,116,
2020年區域立委選舉,2020,臺北市,文山區,興豐里,臺北市第08選區,3,彭子軒,無黨籍及未經政黨推薦,20,
2020年區域立委選舉,2020,臺北市,文山區,興豐里,臺北市第08選區,4,柯士翎,綠黨,26,
2020年區域立委選舉,2020,臺北市,文山區,興豐里,臺北市第08選區,5,阮昭雄,民主進步黨,1125,
2020年區域立委選舉,2020,臺北市,文山區,興豐里,臺北市第08選區,6,賴士葆,中國國民黨,1623,*
2020年區域立委選舉,2020,臺北市,文山區,興豐里,臺北市第08選區,7,顏銘緯,台灣基進,69,
2020年區域立委選舉,2020,臺北市,文山區,興豐里,臺北市第08選區,8,李文,無黨籍及未經政黨推薦,17,
2020年區域立委選舉,2020,臺北市,文山區,興豐里,臺北市第08選區,9,張幸松,台灣民眾黨,171,
2020年區域立委選舉,2020,臺北市,文山區,興光里,臺北市第08選區,1,蕭曉玲,喜樂島聯盟,4,
2020年區域立委選舉,2020,臺北市,文山區,興光里,臺北市第08選區,2,華珮君,台灣動物保護黨,104,
2020年區域立委選舉,2020,臺北市,文山區,興光里,臺北市第08選區,3,彭子軒,無黨籍及未經政黨推薦,11,
2020年區域立委選舉,2020,臺北市,文山區,興光里,臺北市第08選區,4,柯士翎,綠黨,16,
2020年區域立委選舉,2020,臺北市,文山區,興光里,臺北市第08選區,5,阮昭雄,民主進步黨,703,
2020年區域立委選舉,2020,臺北市,文山區,興光里,臺北市第08選區,6,賴士葆,中國國民黨,1087,*
2020年區域立委選舉,2020,臺北市,文山區,興光里,臺北市第08選區,7,顏銘緯,台灣基進,37,
2020年區域立委選舉,2020,臺北市,文山區,興光里,臺北市第08選區,8,李文,無黨籍及未經政黨推薦,9,
2020年區域立委選舉,2020,臺北市,文山區,興光里,臺北市第08選區,9,張幸松,台灣民眾黨,149,
2020年區域立委選舉,2020,臺北市,文山區,興家里,臺北市第08選區,1,蕭曉玲,喜樂島聯盟,5,
2020年區域立委選舉,2020,臺北市,文山區,興家里,臺北市第08選區,2,華珮君,台灣動物保護黨,211,
2020年區域立委選舉,2020,臺北市,文山區,興家里,臺北市第08選區,3,彭子軒,無黨籍及未經政黨推薦,24,
2020年區域立委選舉,2020,臺北市,文山區,興家里,臺北市第08選區,4,柯士翎,綠黨,40,
2020年區域立委選舉,2020,臺北市,文山區,興家里,臺北市第08選區,5,阮昭雄,民主進步黨,1601,
2020年區域立委選舉,2020,臺北市,文山區,興家里,臺北市第08選區,6,賴士葆,中國國民黨,2586,*
2020年區域立委選舉,2020,臺北市,文山區,興家里,臺北市第08選區,7,顏銘緯,台灣基進,102,
2020年區域立委選舉,2020,臺北市,文山區,興家里,臺北市第08選區,8,李文,無黨籍及未經政黨推薦,25,
2020年區域立委選舉,2020,臺北市,文山區,興家里,臺北市第08選區,9,張幸松,台灣民眾黨,311,
2020年區域立委選舉,2020,臺北市,文山區,興得里,臺北市第08選區,1,蕭曉玲,喜樂島聯盟,10,
2020年區域立委選舉,2020,臺北市,文山區,興得里,臺北市第08選區,2,華珮君,台灣動物保護黨,194,
2020年區域立委選舉,2020,臺北市,文山區,興得里,臺北市第08選區,3,彭子軒,無黨籍及未經政黨推薦,15,
2020年區域立委選舉,2020,臺北市,文山區,興得里,臺北市第08選區,4,柯士翎,綠黨,34,
2020年區域立委選舉,2020,臺北市,文山區,興得里,臺北市第08選區,5,阮昭雄,民主進步黨,1295,
2020年區域立委選舉,2020,臺北市,文山區,興得里,臺北市第08選區,6,賴士葆,中國國民黨,1885,*
2020年區域立委選舉,2020,臺北市,文山區,興得里,臺北市第08選區,7,顏銘緯,台灣基進,80,
2020年區域立委選舉,2020,臺北市,文山區,興得里,臺北市第08選區,8,李文,無黨籍及未經政黨推薦,27,
2020年區域立委選舉,2020,臺北市,文山區,興得里,臺北市第08選區,9,張幸松,台灣民眾黨,256,
2020年區域立委選舉,2020,臺北市,文山區,興業里,臺北市第08選區,1,蕭曉玲,喜樂島聯盟,7,
2020年區域立委選舉,2020,臺北市,文山區,興業里,臺北市第08選區,2,華珮君,台灣動物保護黨,157,
2020年區域立委選舉,2020,臺北市,文山區,興業里,臺北市第08選區,3,彭子軒,無黨籍及未經政黨推薦,20,
2020年區域立委選舉,2020,臺北市,文山區,興業里,臺北市第08選區,4,柯士翎,綠黨,29,
2020年區域立委選舉,2020,臺北市,文山區,興業里,臺北市第08選區,5,阮昭雄,民主進步黨,1074,
2020年區域立委選舉,2020,臺北市,文山區,興業里,臺北市第08選區,6,賴士葆,中國國民黨,2013,*
2020年區域立委選舉,2020,臺北市,文山區,興業里,臺北市第08選區,7,顏銘緯,台灣基進,81,
2020年區域立委選舉,2020,臺北市,文山區,興業里,臺北市第08選區,8,李文,無黨籍及未經政黨推薦,11,
2020年區域立委選舉,2020,臺北市,文山區,興業里,臺北市第08選區,9,張幸松,台灣民眾黨,206,
2020年區域立委選舉,2020,臺北市,文山區,興安里,臺北市第08選區,1,蕭曉玲,喜樂島聯盟,11,
2020年區域立委選舉,2020,臺北市,文山區,興安里,臺北市第08選區,2,華珮君,台灣動物保護黨,196,
2020年區域立委選舉,2020,臺北市,文山區,興安里,臺北市第08選區,3,彭子軒,無黨籍及未經政黨推薦,29,
2020年區域立委選舉,2020,臺北市,文山區,興安里,臺北市第08選區,4,柯士翎,綠黨,31,
2020年區域立委選舉,2020,臺北市,文山區,興安里,臺北市第08選區,5,阮昭雄,民主進步黨,1411,
2020年區域立委選舉,2020,臺北市,文山區,興安里,臺北市第08選區,6,賴士葆,中國國民黨,2345,*
2020年區域立委選舉,2020,臺北市,文山區,興安里,臺北市第08選區,7,顏銘緯,台灣基進,84,
2020年區域立委選舉,2020,臺北市,文山區,興安里,臺北市第08選區,8,李文,無黨籍及未經政黨推薦,24,
2020年區域立委選舉,2020,臺北市,文山區,興安里,臺北市第08選區,9,張幸松,台灣民眾黨,216,
2020年區域立委選舉,2020,臺北市,文山區,興福里,臺北市第08選區,1,蕭曉玲,喜樂島聯盟,6,
2020年區域立委選舉,2020,臺北市,文山區,興福里,臺北市第08選區,2,華珮君,台灣動物保護黨,154,
2020年區域立委選舉,2020,臺北市,文山區,興福里,臺北市第08選區,3,彭子軒,無黨籍及未經政黨推薦,21,
2020年區域立委選舉,2020,臺北市,文山區,興福里,臺北市第08選區,4,柯士翎,綠黨,24,
2020年區域立委選舉,2020,臺北市,文山區,興福里,臺北市第08選區,5,阮昭雄,民主進步黨,1374,
2020年區域立委選舉,2020,臺北市,文山區,興福里,臺北市第08選區,6,賴士葆,中國國民黨,1744,*
2020年區域立委選舉,2020,臺北市,文山區,興福里,臺北市第08選區,7,顏銘緯,台灣基進,80,
2020年區域立委選舉,2020,臺北市,文山區,興福里,臺北市第08選區,8,李文,無黨籍及未經政黨推薦,18,
2020年區域立委選舉,2020,臺北市,文山區,興福里,臺北市第08選區,9,張幸松,台灣民眾黨,202,
2020年區域立委選舉,2020,臺北市,文山區,興旺里,臺北市第08選區,1,蕭曉玲,喜樂島聯盟,8,
2020年區域立委選舉,2020,臺北市,文山區,興旺里,臺北市第08選區,2,華珮君,台灣動物保護黨,220,
2020年區域立委選舉,2020,臺北市,文山區,興旺里,臺北市第08選區,3,彭子軒,無黨籍及未經政黨推薦,30,
2020年區域立委選舉,2020,臺北市,文山區,興旺里,臺北市第08選區,4,柯士翎,綠黨,49,
2020年區域立委選舉,2020,臺北市,文山區,興旺里,臺北市第08選區,5,阮昭雄,民主進步黨,1550,
2020年區域立委選舉,2020,臺北市,文山區,興旺里,臺北市第08選區,6,賴士葆,中國國民黨,2845,*
2020年區域立委選舉,2020,臺北市,文山區,興旺里,臺北市第08選區,7,顏銘緯,台灣基進,116,
2020年區域立委選舉,2020,臺北市,文山區,興旺里,臺北市第08選區,8,李文,無黨籍及未經政黨推薦,31,
2020年區域立委選舉,2020,臺北市,文山區,興旺里,臺北市第08選區,9,張幸松,台灣民眾黨,379,
2020年區域立委選舉,2020,臺北市,文山區,興泰里,臺北市第08選區,1,蕭曉玲,喜樂島聯盟,4,
2020年區域立委選舉,2020,臺北市,文山區,興泰里,臺北市第08選區,2,華珮君,台灣動物保護黨,120,
2020年區域立委選舉,2020,臺北市,文山區,興泰里,臺北市第08選區,3,彭子軒,無黨籍及未經政黨推薦,18,
2020年區域立委選舉,2020,臺北市,文山區,興泰里,臺北市第08選區,4,柯士翎,綠黨,21,
2020年區域立委選舉,2020,臺北市,文山區,興泰里,臺北市第08選區,5,阮昭雄,民主進步黨,896,
2020年區域立委選舉,2020,臺北市,文山區,興泰里,臺北市第08選區,6,賴士葆,中國國民黨,1306,*
2020年區域立委選舉,2020,臺北市,文山區,興泰里,臺北市第08選區,7,顏銘緯,台灣基進,52,
2020年區域立委選舉,2020,臺北市,文山區,興泰里,臺北市第08選區,8,李文,無黨籍及未經政黨推薦,9,
2020年區域立委選舉,2020,臺北市,文山區,興泰里,臺北市第08選區,9,張幸松,台灣民眾黨,168,
2020年區域立委選舉,2020,臺北市,文山區,興昌里,臺北市第08選區,1,蕭曉玲,喜樂島聯盟,12,
2020年區域立委選舉,2020,臺北市,文山區,興昌里,臺北市第08選區,2,華珮君,台灣動物保護黨,174,
2020年區域立委選舉,2020,臺北市,文山區,興昌里,臺北市第08選區,3,彭子軒,無黨籍及未經政黨推薦,27,
2020年區域立委選舉,2020,臺北市,文山區,興昌里,臺北市第08選區,4,柯士翎,綠黨,55,
2020年區域立委選舉,2020,臺北市,文山區,興昌里,臺北市第08選區,5,阮昭雄,民主進步黨,1361,
2020年區域立委選舉,2020,臺北市,文山區,興昌里,臺北市第08選區,6,賴士葆,中國國民黨,2174,*
2020年區域立委選舉,2020,臺北市,文山區,興昌里,臺北市第08選區,7,顏銘緯,台灣基進,102,
2020年區域立委選舉,2020,臺北市,文山區,興昌里,臺北市第08選區,8,李文,無黨籍及未經政黨推薦,24,
2020年區域立委選舉,2020,臺北市,文山區,興昌里,臺北市第08選區,9,張幸松,台灣民眾黨,253,
2020年區域立委選舉,2020,臺北市,文山區,試院里,臺北市第08選區,1,蕭曉玲,喜樂島聯盟,11,
2020年區域立委選舉,2020,臺北市,文山區,試院里,臺北市第08選區,2,華珮君,台灣動物保護黨,189,
2020年區域立委選舉,2020,臺北市,文山區,試院里,臺北市第08選區,3,彭子軒,無黨籍及未經政黨推薦,25,
2020年區域立委選舉,2020,臺北市,文山區,試院里,臺北市第08選區,4,柯士翎,綠黨,58,
2020年區域立委選舉,2020,臺北市,文山區,試院里,臺北市第08選區,5,阮昭雄,民主進步黨,1387,
2020年區域立委選舉,2020,臺北市,文山區,試院里,臺北市第08選區,6,賴士葆,中國國民黨,2430,*
2020年區域立委選舉,2020,臺北市,文山區,試院里,臺北市第08選區,7,顏銘緯,台灣基進,99,
2020年區域立委選舉,2020,臺北市,文山區,試院里,臺北市第08選區,8,李文,無黨籍及未經政黨推薦,29,
2020年區域立委選舉,2020,臺北市,文山區,試院里,臺北市第08選區,9,張幸松,台灣民眾黨,280,
2020年區域立委選舉,2020,臺北市,文山區,華興里,臺北市第08選區,1,蕭曉玲,喜樂島聯盟,11,
2020年區域立委選舉,2020,臺北市,文山區,華興里,臺北市第08選區,2,華珮君,台灣動物保護黨,256,
2020年區域立委選舉,2020,臺北市,文山區,華興里,臺北市第08選區,3,彭子軒,無黨籍及未經政黨推薦,37,
2020年區域立委選舉,2020,臺北市,文山區,華興里,臺北市第08選區,4,柯士翎,綠黨,66,
2020年區域立委選舉,2020,臺北市,文山區,華興里,臺北市第08選區,5,阮昭雄,民主進步黨,1938,
2020年區域立委選舉,2020,臺北市,文山區,華興里,臺北市第08選區,6,賴士葆,中國國民黨,2909,*
2020年區域立委選舉,2020,臺北市,文山區,華興里,臺北市第08選區,7,顏銘緯,台灣基進,136,
2020年區域立委選舉,2020,臺北市,文山區,華興里,臺北市第08選區,8,李文,無黨籍及未經政黨推薦,29,
2020年區域立委選舉,2020,臺北市,文山區,華興里,臺北市第08選區,9,張幸松,台灣民眾黨,373,
2020年區域立委選舉,2020,臺北市,文山區,明義里,臺北市第08選區,1,蕭曉玲,喜樂島聯盟,9,
2020年區域立委選舉,2020,臺北市,文山區,明義里,臺北市第08選區,2,華珮君,台灣動物保護黨,115,
2020年區域立委選舉,2020,臺北市,文山區,明義里,臺北市第08選區,3,彭子軒,無黨籍及未經政黨推薦,23,
2020年區域立委選舉,2020,臺北市,文山區,明義里,臺北市第08選區,4,柯士翎,綠黨,30,
2020年區域立委選舉,2020,臺北市,文山區,明義里,臺北市第08選區,5,阮昭雄,民主進步黨,810,
2020年區域立委選舉,2020,臺北市,文山區,明義里,臺北市第08選區,6,賴士葆,中國國民黨,1263,*
2020年區域立委選舉,2020,臺北市,文山區,明義里,臺北市第08選區,7,顏銘緯,台灣基進,89,
2020年區域立委選舉,2020,臺北市,文山區,明義里,臺北市第08選區,8,李文,無黨籍及未經政黨推薦,18,
2020年區域立委選舉,2020,臺北市,文山區,明義里,臺北市第08選區,9,張幸松,台灣民眾黨,226,
2020年區域立委選舉,2020,臺北市,文山區,明興里,臺北市第08選區,1,蕭曉玲,喜樂島聯盟,10,
2020年區域立委選舉,2020,臺北市,文山區,明興里,臺北市第08選區,2,華珮君,台灣動物保護黨,200,
2020年區域立委選舉,2020,臺北市,文山區,明興里,臺北市第08選區,3,彭子軒,無黨籍及未經政黨推薦,28,
2020年區域立委選舉,2020,臺北市,文山區,明興里,臺北市第08選區,4,柯士翎,綠黨,32,
2020年區域立委選舉,2020,臺北市,文山區,明興里,臺北市第08選區,5,阮昭雄,民主進步黨,1430,
2020年區域立委選舉,2020,臺北市,文山區,明興里,臺北市第08選區,6,賴士葆,中國國民黨,2221,*
2020年區域立委選舉,2020,臺北市,文山區,明興里,臺北市第08選區,7,顏銘緯,台灣基進,94,
2020年區域立委選舉,2020,臺北市,文山區,明興里,臺北市第08選區,8,李文,無黨籍及未經政黨推薦,23,
2020年區域立委選舉,2020,臺北市,文山區,明興里,臺北市第08選區,9,張幸松,台灣民眾黨,325,
2020年區域立委選舉,2020,臺北市,文山區,木柵里,臺北市第08選區,1,蕭曉玲,喜樂島聯盟,7,
2020年區域立委選舉,2020,臺北市,文山區,木柵里,臺北市第08選區,2,華珮君,台灣動物保護黨,199,
2020年區域立委選舉,2020,臺北市,文山區,木柵里,臺北市第08選區,3,彭子軒,無黨籍及未經政黨推薦,40,
2020年區域立委選舉,2020,臺北市,文山區,木柵里,臺北市第08選區,4,柯士翎,綠黨,52,
2020年區域立委選舉,2020,臺北市,文山區,木柵里,臺北市第08選區,5,阮昭雄,民主進步黨,1769,
2020年區域立委選舉,2020,臺北市,文山區,木柵里,臺北市第08選區,6,賴士葆,中國國民黨,3116,*
2020年區域立委選舉,2020,臺北市,文山區,木柵里,臺北市第08選區,7,顏銘緯,台灣基進,103,
2020年區域立委選舉,2020,臺北市,文山區,木柵里,臺北市第08選區,8,李文,無黨籍及未經政黨推薦,27,
2020年區域立委選舉,2020,臺北市,文山區,木柵里,臺北市第08選區,9,張幸松,台灣民眾黨,340,
2020年區域立委選舉,2020,臺北市,文山區,木新里,臺北市第08選區,1,蕭曉玲,喜樂島聯盟,12,
2020年區域立委選舉,2020,臺北市,文山區,木新里,臺北市第08選區,2,華珮君,台灣動物保護黨,228,
2020年區域立委選舉,2020,臺北市,文山區,木新里,臺北市第08選區,3,彭子軒,無黨籍及未經政黨推薦,35,
2020年區域立委選舉,2020,臺北市,文山區,木新里,臺北市第08選區,4,柯士翎,綠黨,58,
2020年區域立委選舉,2020,臺北市,文山區,木新里,臺北市第08選區,5,阮昭雄,民主進步黨,2294,
2020年區域立委選舉,2020,臺北市,文山區,木新里,臺北市第08選區,6,賴士葆,中國國民黨,2634,*
2020年區域立委選舉,2020,臺北市,文山區,木新里,臺北市第08選區,7,顏銘緯,台灣基進,136,
2020年區域立委選舉,2020,臺北市,文山區,木新里,臺北市第08選區,8,李文,無黨籍及未經政黨推薦,28,
2020年區域立委選舉,2020,臺北市,文山區,木新里,臺北市第08選區,9,張幸松,台灣民眾黨,391,
2020年區域立委選舉,2020,臺北市,文山區,順興里,臺北市第08選區,1,蕭曉玲,喜樂島聯盟,9,
2020年區域立委選舉,2020,臺北市,文山區,順興里,臺北市第08選區,2,華珮君,台灣動物保護黨,196,
2020年區域立委選舉,2020,臺北市,文山區,順興里,臺北市第08選區,3,彭子軒,無黨籍及未經政黨推薦,28,
2020年區域立委選舉,2020,臺北市,文山區,順興里,臺北市第08選區,4,柯士翎,綠黨,40,
2020年區域立委選舉,2020,臺北市,文山區,順興里,臺北市第08選區,5,阮昭雄,民主進步黨,1772,
2020年區域立委選舉,2020,臺北市,文山區,順興里,臺北市第08選區,6,賴士葆,中國國民黨,2248,*
2020年區域立委選舉,2020,臺北市,文山區,順興里,臺北市第08選區,7,顏銘緯,台灣基進,109,
2020年區域立委選舉,2020,臺北市,文山區,順興里,臺北市第08選區,8,李文,無黨籍及未經政黨推薦,27,
2020年區域立委選舉,2020,臺北市,文山區,順興里,臺北市第08選區,9,張幸松,台灣民眾黨,341,
2020年區域立委選舉,2020,臺北市,文山區,樟林里,臺北市第08選區,1,蕭曉玲,喜樂島聯盟,19,
2020年區域立委選舉,2020,臺北市,文山區,樟林里,臺北市第08選區,2,華珮君,台灣動物保護黨,264,
2020年區域立委選舉,2020,臺北市,文山區,樟林里,臺北市第08選區,3,彭子軒,無黨籍及未經政黨推薦,41,
2020年區域立委選舉,2020,臺北市,文山區,樟林里,臺北市第08選區,4,柯士翎,綠黨,48,
2020年區域立委選舉,2020,臺北市,文山區,樟林里,臺北市第08選區,5,阮昭雄,民主進步黨,1736,
2020年區域立委選舉,2020,臺北市,文山區,樟林里,臺北市第08選區,6,賴士葆,中國國民黨,2702,*
2020年區域立委選舉,2020,臺北市,文山區,樟林里,臺北市第08選區,7,顏銘緯,台灣基進,97,
2020年區域立委選舉,2020,臺北市,文山區,樟林里,臺北市第08選區,8,李文,無黨籍及未經政黨推薦,32,
2020年區域立委選舉,2020,臺北市,文山區,樟林里,臺北市第08選區,9,張幸松,台灣民眾黨,343,
2020年區域立委選舉,2020,臺北市,文山區,樟新里,臺北市第08選區,1,蕭曉玲,喜樂島聯盟,11,
2020年區域立委選舉,2020,臺北市,文山區,樟新里,臺北市第08選區,2,華珮君,台灣動物保護黨,147,
2020年區域立委選舉,2020,臺北市,文山區,樟新里,臺北市第08選區,3,彭子軒,無黨籍及未經政黨推薦,27,
2020年區域立委選舉,2020,臺北市,文山區,樟新里,臺北市第08選區,4,柯士翎,綠黨,26,
2020年區域立委選舉,2020,臺北市,文山區,樟新里,臺北市第08選區,5,阮昭雄,民主進步黨,1228,
2020年區域立委選舉,2020,臺北市,文山區,樟新里,臺北市第08選區,6,賴士葆,中國國民黨,1754,*
2020年區域立委選舉,2020,臺北市,文山區,樟新里,臺北市第08選區,7,顏銘緯,台灣基進,66,
2020年區域立委選舉,2020,臺北市,文山區,樟新里,臺北市第08選區,8,李文,無黨籍及未經政黨推薦,22,
2020年區域立委選舉,2020,臺北市,文山區,樟新里,臺北市第08選區,9,張幸松,台灣民眾黨,228,
2020年區域立委選舉,2020,臺北市,文山區,樟腳里,臺北市第08選區,1,蕭曉玲,喜樂島聯盟,8,
2020年區域立委選舉,2020,臺北市,文山區,樟腳里,臺北市第08選區,2,華珮君,台灣動物保護黨,155,
2020年區域立委選舉,2020,臺北市,文山區,樟腳里,臺北市第08選區,3,彭子軒,無黨籍及未經政黨推薦,24,
2020年區域立委選舉,2020,臺北市,文山區,樟腳里,臺北市第08選區,4,柯士翎,綠黨,26,
2020年區域立委選舉,2020,臺北市,文山區,樟腳里,臺北市第08選區,5,阮昭雄,民主進步黨,1333,
2020年區域立委選舉,2020,臺北市,文山區,樟腳里,臺北市第08選區,6,賴士葆,中國國民黨,1681,*
2020年區域立委選舉,2020,臺北市,文山區,樟腳里,臺北市第08選區,7,顏銘緯,台灣基進,101,
2020年區域立委選舉,2020,臺北市,文山區,樟腳里,臺北市第08選區,8,李文,無黨籍及未經政黨推薦,22,
2020年區域立委選舉,2020,臺北市,文山區,樟腳里,臺北市第08選區,9,張幸松,台灣民眾黨,246,
2020年區域立委選舉,2020,臺北市,文山區,萬芳里,臺北市第08選區,1,蕭曉玲,喜樂島聯盟,12,
2020年區域立委選舉,2020,臺北市,文山區,萬芳里,臺北市第08選區,2,華珮君,台灣動物保護黨,207,
2020年區域立委選舉,2020,臺北市,文山區,萬芳里,臺北市第08選區,3,彭子軒,無黨籍及未經政黨推薦,59,
2020年區域立委選舉,2020,臺北市,文山區,萬芳里,臺北市第08選區,4,柯士翎,綠黨,48,
2020年區域立委選舉,2020,臺北市,文山區,萬芳里,臺北市第08選區,5,阮昭雄,民主進步黨,1571,
2020年區域立委選舉,2020,臺北市,文山區,萬芳里,臺北市第08選區,6,賴士葆,中國國民黨,2551,*
2020年區域立委選舉,2020,臺北市,文山區,萬芳里,臺北市第08選區,7,顏銘緯,台灣基進,115,
2020年區域立委選舉,2020,臺北市,文山區,萬芳里,臺北市第08選區,8,李文,無黨籍及未經政黨推薦,30,
2020年區域立委選舉,2020,臺北市,文山區,萬芳里,臺北市第08選區,9,張幸松,台灣民眾黨,345,
2020年區域立委選舉,2020,臺北市,文山區,博嘉里,臺北市第08選區,1,蕭曉玲,喜樂島聯盟,5,
2020年區域立委選舉,2020,臺北市,文山區,博嘉里,臺北市第08選區,2,華珮君,台灣動物保護黨,147,
2020年區域立委選舉,2020,臺北市,文山區,博嘉里,臺北市第08選區,3,彭子軒,無黨籍及未經政黨推薦,21,
2020年區域立委選舉,2020,臺北市,文山區,博嘉里,臺北市第08選區,4,柯士翎,綠黨,41,
2020年區域立委選舉,2020,臺北市,文山區,博嘉里,臺北市第08選區,5,阮昭雄,民主進步黨,1347,
2020年區域立委選舉,2020,臺北市,文山區,博嘉里,臺北市第08選區,6,賴士葆,中國國民黨,1772,*
2020年區域立委選舉,2020,臺北市,文山區,博嘉里,臺北市第08選區,7,顏銘緯,台灣基進,92,
2020年區域立委選舉,2020,臺北市,文山區,博嘉里,臺北市第08選區,8,李文,無黨籍及未經政黨推薦,16,
2020年區域立委選舉,2020,臺北市,文山區,博嘉里,臺北市第08選區,9,張幸松,台灣民眾黨,222,
2020年區域立委選舉,2020,臺北市,文山區,萬興里,臺北市第08選區,1,蕭曉玲,喜樂島聯盟,15,
2020年區域立委選舉,2020,臺北市,文山區,萬興里,臺北市第08選區,2,華珮君,台灣動物保護黨,182,
2020年區域立委選舉,2020,臺北市,文山區,萬興里,臺北市第08選區,3,彭子軒,無黨籍及未經政黨推薦,59,
2020年區域立委選舉,2020,臺北市,文山區,萬興里,臺北市第08選區,4,柯士翎,綠黨,73,
2020年區域立委選舉,2020,臺北市,文山區,萬興里,臺北市第08選區,5,阮昭雄,民主進步黨,1980,
2020年區域立委選舉,2020,臺北市,文山區,萬興里,臺北市第08選區,6,賴士葆,中國國民黨,2473,*
2020年區域立委選舉,2020,臺北市,文山區,萬興里,臺北市第08選區,7,顏銘緯,台灣基進,122,
2020年區域立委選舉,2020,臺北市,文山區,萬興里,臺北市第08選區,8,李文,無黨籍及未經政黨推薦,24,
2020年區域立委選舉,2020,臺北市,文山區,萬興里,臺北市第08選區,9,張幸松,台灣民眾黨,363,
2020年區域立委選舉,2020,臺北市,文山區,指南里,臺北市第08選區,1,蕭曉玲,喜樂島聯盟,5,
2020年區域立委選舉,2020,臺北市,文山區,指南里,臺北市第08選區,2,華珮君,台灣動物保護黨,94,
2020年區域立委選舉,2020,臺北市,文山區,指南里,臺北市第08選區,3,彭子軒,無黨籍及未經政黨推薦,21,
2020年區域立委選舉,2020,臺北市,文山區,指南里,臺北市第08選區,4,柯士翎,綠黨,31,
2020年區域立委選舉,2020,臺北市,文山區,指南里,臺北市第08選區,5,阮昭雄,民主進步黨,1007,
2020年區域立委選舉,2020,臺北市,文山區,指南里,臺北市第08選區,6,賴士葆,中國國民黨,1081,*
2020年區域立委選舉,2020,臺北市,文山區,指南里,臺北市第08選區,7,顏銘緯,台灣基進,51,
2020年區域立委選舉,2020,臺北市,文山區,指南里,臺北市第08選區,8,李文,無黨籍及未經政黨推薦,14,
2020年區域立委選舉,2020,臺北市,文山區,指南里,臺北市第08選區,9,張幸松,台灣民眾黨,187,
2020年區域立委選舉,2020,臺北市,文山區,老泉里,臺北市第08選區,1,蕭曉玲,喜樂島聯盟,1,
2020年區域立委選舉,2020,臺北市,文山區,老泉里,臺北市第08選區,2,華珮君,台灣動物保護黨,14,
2020年區域立委選舉,2020,臺北市,文山區,老泉里,臺北市第08選區,3,彭子軒,無黨籍及未經政黨推薦,3,
2020年區域立委選舉,2020,臺北市,文山區,老泉里,臺北市第08選區,4,柯士翎,綠黨,7,
2020年區域立委選舉,2020,臺北市,文山區,老泉里,臺北市第08選區,5,阮昭雄,民主進步黨,301,
2020年區域立委選舉,2020,臺北市,文山區,老泉里,臺北市第08選區,6,賴士葆,中國國民黨,186,*
2020年區域立委選舉,2020,臺北市,文山區,老泉里,臺北市第08選區,7,顏銘緯,台灣基進,14,
2020年區域立委選舉,2020,臺北市,文山區,老泉里,臺北市第08選區,8,李文,無黨籍及未經政黨推薦,0,
2020年區域立委選舉,2020,臺北市,文山區,老泉里,臺北市第08選區,9,張幸松,台灣民眾黨,29,
2020年區域立委選舉,2020,臺北市,文山區,忠順里,臺北市第08選區,1,蕭曉玲,喜樂島聯盟,5,
2020年區域立委選舉,2020,臺北市,文山區,忠順里,臺北市第08選區,2,華珮君,台灣動物保護黨,117,
2020年區域立委選舉,2020,臺北市,文山區,忠順里,臺北市第08選區,3,彭子軒,無黨籍及未經政黨推薦,21,
2020年區域立委選舉,2020,臺北市,文山區,忠順里,臺北市第08選區,4,柯士翎,綠黨,18,
2020年區域立委選舉,2020,臺北市,文山區,忠順里,臺北市第08選區,5,阮昭雄,民主進步黨,787,
2020年區域立委選舉,2020,臺北市,文山區,忠順里,臺北市第08選區,6,賴士葆,中國國民黨,1501,*
2020年區域立委選舉,2020,臺北市,文山區,忠順里,臺北市第08選區,7,顏銘緯,台灣基進,45,
2020年區域立委選舉,2020,臺北市,文山區,忠順里,臺北市第08選區,8,李文,無黨籍及未經政黨推薦,21,
2020年區域立委選舉,2020,臺北市,文山區,忠順里,臺北市第08選區,9,張幸松,台灣民眾黨,188,
2020年區域立委選舉,2020,臺北市,文山區,萬美里,臺北市第08選區,1,蕭曉玲,喜樂島聯盟,11,
2020年區域立委選舉,2020,臺北市,文山區,萬美里,臺北市第08選區,2,華珮君,台灣動物保護黨,179,
2020年區域立委選舉,2020,臺北市,文山區,萬美里,臺北市第08選區,3,彭子軒,無黨籍及未經政黨推薦,35,
2020年區域立委選舉,2020,臺北市,文山區,萬美里,臺北市第08選區,4,柯士翎,綠黨,58,
2020年區域立委選舉,2020,臺北市,文山區,萬美里,臺北市第08選區,5,阮昭雄,民主進步黨,1507,
2020年區域立委選舉,2020,臺北市,文山區,萬美里,臺北市第08選區,6,賴士葆,中國國民黨,2390,*
2020年區域立委選舉,2020,臺北市,文山區,萬美里,臺北市第08選區,7,顏銘緯,台灣基進,105,
2020年區域立委選舉,2020,臺北市,文山區,萬美里,臺北市第08選區,8,李文,無黨籍及未經政黨推薦,28,
2020年區域立委選舉,2020,臺北市,文山區,萬美里,臺北市第08選區,9,張幸松,台灣民眾黨,266,
2020年區域立委選舉,2020,臺北市,文山區,政大里,臺北市第08選區,1,蕭曉玲,喜樂島聯盟,10,
2020年區域立委選舉,2020,臺北市,文山區,政大里,臺北市第08選區,2,華珮君,台灣動物保護黨,177,
2020年區域立委選舉,2020,臺北市,文山區,政大里,臺北市第08選區,3,彭子軒,無黨籍及未經政黨推薦,32,
2020年區域立委選舉,2020,臺北市,文山區,政大里,臺北市第08選區,4,柯士翎,綠黨,60,
2020年區域立委選舉,2020,臺北市,文山區,政大里,臺北市第08選區,5,阮昭雄,民主進步黨,1627,
2020年區域立委選舉,2020,臺北市,文山區,政大里,臺北市第08選區,6,賴士葆,中國國民黨,2160,*
2020年區域立委選舉,2020,臺北市,文山區,政大里,臺北市第08選區,7,顏銘緯,台灣基進,111,
2020年區域立委選舉,2020,臺北市,文山區,政大里,臺北市第08選區,8,李文,無黨籍及未經政黨推薦,21,
2020年區域立委選舉,2020,臺北市,文山區,政大里,臺北市第08選區,9,張幸松,台灣民眾黨,307,
2020年區域立委選舉,2020,臺北市,文山區,樟文里,臺北市第08選區,1,蕭曉玲,喜樂島聯盟,8,
2020年區域立委選舉,2020,臺北市,文山區,樟文里,臺北市第08選區,2,華珮君,台灣動物保護黨,160,
2020年區域立委選舉,2020,臺北市,文山區,樟文里,臺北市第08選區,3,彭子軒,無黨籍及未經政黨推薦,27,
2020年區域立委選舉,2020,臺北市,文山區,樟文里,臺北市第08選區,4,柯士翎,綠黨,40,
2020年區域立委選舉,2020,臺北市,文山區,樟文里,臺北市第08選區,5,阮昭雄,民主進步黨,1514,
2020年區域立委選舉,2020,臺北市,文山區,樟文里,臺北市第08選區,6,賴士葆,中國國民黨,1860,*
2020年區域立委選舉,2020,臺北市,文山區,樟文里,臺北市第08選區,7,顏銘緯,台灣基進,87,
2020年區域立委選舉,2020,臺北市,文山區,樟文里,臺北市第08選區,8,李文,無黨籍及未經政黨推薦,23,
2020年區域立委選舉,2020,臺北市,文山區,樟文里,臺北市第08選區,9,張幸松,台灣民眾黨,227,
2020年區域立委選舉,2020,臺北市,文山區,興邦里,臺北市第08選區,1,蕭曉玲,喜樂島聯盟,1,
2020年區域立委選舉,2020,臺北市,文山區,興邦里,臺北市第08選區,2,華珮君,台灣動物保護黨,141,
2020年區域立委選舉,2020,臺北市,文山區,興邦里,臺北市第08選區,3,彭子軒,無黨籍及未經政黨推薦,21,
2020年區域立委選舉,2020,臺北市,文山區,興邦里,臺北市第08選區,4,柯士翎,綠黨,39,
2020年區域立委選舉,2020,臺北市,文山區,興邦里,臺北市第08選區,5,阮昭雄,民主進步黨,952,
2020年區域立委選舉,2020,臺北市,文山區,興邦里,臺北市第08選區,6,賴士葆,中國國民黨,1834,*
2020年區域立委選舉,2020,臺北市,文山區,興邦里,臺北市第08選區,7,顏銘緯,台灣基進,53,
2020年區域立委選舉,2020,臺北市,文山區,興邦里,臺北市第08選區,8,李文,無黨籍及未經政黨推薦,13,
2020年區域立委選舉,2020,臺北市,文山區,興邦里,臺北市第08選區,9,張幸松,台灣民眾黨,179,
2020年區域立委選舉,2020,臺北市,文山區,樟樹里,臺北市第08選區,1,蕭曉玲,喜樂島聯盟,5,
2020年區域立委選舉,2020,臺北市,文山區,樟樹里,臺北市第08選區,2,華珮君,台灣動物保護黨,147,
2020年區域立委選舉,2020,臺北市,文山區,樟樹里,臺北市第08選區,3,彭子軒,無黨籍及未經政黨推薦,18,
2020年區域立委選舉,2020,臺北市,文山區,樟樹里,臺北市第08選區,4,柯士翎,綠黨,17,
2020年區域立委選舉,2020,臺北市,文山區,樟樹里,臺北市第08選區,5,阮昭雄,民主進步黨,1131,
2020年區域立委選舉,2020,臺北市,文山區,樟樹里,臺北市第08選區,6,賴士葆,中國國民黨,1480,*
2020年區域立委選舉,2020,臺北市,文山區,樟樹里,臺北市第08選區,7,顏銘緯,台灣基進,64,
2020年區域立委選舉,2020,臺北市,文山區,樟樹里,臺北市第08選區,8,李文,無黨籍及未經政黨推薦,10,
2020年區域立委選舉,2020,臺北市,文山區,樟樹里,臺北市第08選區,9,張幸松,台灣民眾黨,225,
2020年區域立委選舉,2020,臺北市,南港區,南港里,臺北市第04選區,1,郭正典,一邊一國行動黨,9,
2020年區域立委選舉,2020,臺北市,南港區,南港里,臺北市第04選區,2,李彥秀,中國國民黨,1793,
2020年區域立委選舉,2020,臺北市,南港區,南港里,臺北市第04選區,3,文祥志,宗教聯盟,3,
2020年區域立委選舉,2020,臺北市,南港區,南港里,臺北市第04選區,4,錢一凡,安定力量,25,
2020年區域立委選舉,2020,臺北市,南港區,南港里,臺北市第04選區,5,高嘉瑜,民主進步黨,1946,*
2020年區域立委選舉,2020,臺北市,南港區,南港里,臺北市第04選區,6,蕭蒼澤,喜樂島聯盟,7,
2020年區域立委選舉,2020,臺北市,南港區,南港里,臺北市第04選區,7,郭佩雯,綠黨,42,
2020年區域立委選舉,2020,臺北市,南港區,中南里,臺北市第04選區,1,郭正典,一邊一國行動黨,16,
2020年區域立委選舉,2020,臺北市,南港區,中南里,臺北市第04選區,2,李彥秀,中國國民黨,1070,
2020年區域立委選舉,2020,臺北市,南港區,中南里,臺北市第04選區,3,文祥志,宗教聯盟,2,
2020年區域立委選舉,2020,臺北市,南港區,中南里,臺北市第04選區,4,錢一凡,安定力量,9,
2020年區域立委選舉,2020,臺北市,南港區,中南里,臺北市第04選區,5,高嘉瑜,民主進步黨,1237,*
2020年區域立委選舉,2020,臺北市,南港區,中南里,臺北市第04選區,6,蕭蒼澤,喜樂島聯盟,7,
2020年區域立委選舉,2020,臺北市,南港區,中南里,臺北市第04選區,7,郭佩雯,綠黨,19,
2020年區域立委選舉,2020,臺北市,南港區,新富里,臺北市第04選區,1,郭正典,一邊一國行動黨,27,
2020年區域立委選舉,2020,臺北市,南港區,新富里,臺北市第04選區,2,李彥秀,中國國民黨,1132,
2020年區域立委選舉,2020,臺北市,南港區,新富里,臺北市第04選區,3,文祥志,宗教聯盟,3,
2020年區域立委選舉,2020,臺北市,南港區,新富里,臺北市第04選區,4,錢一凡,安定力量,14,
2020年區域立委選舉,2020,臺北市,南港區,新富里,臺北市第04選區,5,高嘉瑜,民主進步黨,1335,*
2020年區域立委選舉,2020,臺北市,南港區,新富里,臺北市第04選區,6,蕭蒼澤,喜樂島聯盟,6,
2020年區域立委選舉,2020,臺北市,南港區,新富里,臺北市第04選區,7,郭佩雯,綠黨,31,
2020年區域立委選舉,2020,臺北市,南港區,三重里,臺北市第04選區,1,郭正典,一邊一國行動黨,11,
2020年區域立委選舉,2020,臺北市,南港區,三重里,臺北市第04選區,2,李彥秀,中國國民黨,2243,
2020年區域立委選舉,2020,臺北市,南港區,三重里,臺北市第04選區,3,文祥志,宗教聯盟,1,
2020年區域立委選舉,2020,臺北市,南港區,三重里,臺北市第04選區,4,錢一凡,安定力量,24,
2020年區域立委選舉,2020,臺北市,南港區,三重里,臺北市第04選區,5,高嘉瑜,民主進步黨,2259,*
2020年區域立委選舉,2020,臺北市,南港區,三重里,臺北市第04選區,6,蕭蒼澤,喜樂島聯盟,3,
2020年區域立委選舉,2020,臺北市,南港區,三重里,臺北市第04選區,7,郭佩雯,綠黨,58,
2020年區域立委選舉,2020,臺北市,南港區,東新里,臺北市第04選區,1,郭正典,一邊一國行動黨,20,
2020年區域立委選舉,2020,臺北市,南港區,東新里,臺北市第04選區,2,李彥秀,中國國民黨,2168,
2020年區域立委選舉,2020,臺北市,南港區,東新里,臺北市第04選區,3,文祥志,宗教聯盟,5,
2020年區域立委選舉,2020,臺北市,南港區,東新里,臺北市第04選區,4,錢一凡,安定力量,18,
2020年區域立委選舉,2020,臺北市,南港區,東新里,臺北市第04選區,5,高嘉瑜,民主進步黨,2375,*
2020年區域立委選舉,2020,臺北市,南港區,東新里,臺北市第04選區,6,蕭蒼澤,喜樂島聯盟,2,
2020年區域立委選舉,2020,臺北市,南港區,東新里,臺北市第04選區,7,郭佩雯,綠黨,51,
2020年區域立委選舉,2020,臺北市,南港區,新光里,臺北市第04選區,1,郭正典,一邊一國行動黨,15,
2020年區域立委選舉,2020,臺北市,南港區,新光里,臺北市第04選區,2,李彥秀,中國國民黨,1281,
2020年區域立委選舉,2020,臺北市,南港區,新光里,臺北市第04選區,3,文祥志,宗教聯盟,2,
2020年區域立委選舉,2020,臺北市,南港區,新光里,臺北市第04選區,4,錢一凡,安定力量,21,
2020年區域立委選舉,2020,臺北市,南港區,新光里,臺北市第04選區,5,高嘉瑜,民主進步黨,1054,*
2020年區域立委選舉,2020,臺北市,南港區,新光里,臺北市第04選區,6,蕭蒼澤,喜樂島聯盟,4,
2020年區域立委選舉,2020,臺北市,南港區,新光里,臺北市第04選區,7,郭佩雯,綠黨,30,
2020年區域立委選舉,2020,臺北市,南港區,東明里,臺北市第04選區,1,郭正典,一邊一國行動黨,8,
2020年區域立委選舉,2020,臺北市,南港區,東明里,臺北市第04選區,2,李彥秀,中國國民黨,1566,
2020年區域立委選舉,2020,臺北市,南港區,東明里,臺北市第04選區,3,文祥志,宗教聯盟,1,
2020年區域立委選舉,2020,臺北市,南港區,東明里,臺北市第04選區,4,錢一凡,安定力量,17,
2020年區域立委選舉,2020,臺北市,南港區,東明里,臺北市第04選區,5,高嘉瑜,民主進步黨,1327,*
2020年區域立委選舉,2020,臺北市,南港區,東明里,臺北市第04選區,6,蕭蒼澤,喜樂島聯盟,5,
2020年區域立委選舉,2020,臺北市,南港區,東明里,臺北市第04選區,7,郭佩雯,綠黨,41,
2020年區域立委選舉,2020,臺北市,南港區,西新里,臺北市第04選區,1,郭正典,一邊一國行動黨,14,
2020年區域立委選舉,2020,臺北市,南港區,西新里,臺北市第04選區,2,李彥秀,中國國民黨,1187,
2020年區域立委選舉,2020,臺北市,南港區,西新里,臺北市第04選區,3,文祥志,宗教聯盟,3,
2020年區域立委選舉,2020,臺北市,南港區,西新里,臺北市第04選區,4,錢一凡,安定力量,12,
2020年區域立委選舉,2020,臺北市,南港區,西新里,臺北市第04選區,5,高嘉瑜,民主進步黨,1814,*
2020年區域立委選舉,2020,臺北市,南港區,西新里,臺北市第04選區,6,蕭蒼澤,喜樂島聯盟,4,
2020年區域立委選舉,2020,臺北市,南港區,西新里,臺北市第04選區,7,郭佩雯,綠黨,36,
2020年區域立委選舉,2020,臺北市,南港區,玉成里,臺北市第04選區,1,郭正典,一邊一國行動黨,12,
2020年區域立委選舉,2020,臺北市,南港區,玉成里,臺北市第04選區,2,李彥秀,中國國民黨,1354,
2020年區域立委選舉,2020,臺北市,南港區,玉成里,臺北市第04選區,3,文祥志,宗教聯盟,5,
2020年區域立委選舉,2020,臺北市,南港區,玉成里,臺北市第04選區,4,錢一凡,安定力量,10,
2020年區域立委選舉,2020,臺北市,南港區,玉成里,臺北市第04選區,5,高嘉瑜,民主進步黨,1655,*
2020年區域立委選舉,2020,臺北市,南港區,玉成里,臺北市第04選區,6,蕭蒼澤,喜樂島聯盟,6,
2020年區域立委選舉,2020,臺北市,南港區,玉成里,臺北市第04選區,7,郭佩雯,綠黨,26,
2020年區域立委選舉,2020,臺北市,南港區,合成里,臺北市第04選區,1,郭正典,一邊一國行動黨,22,
2020年區域立委選舉,2020,臺北市,南港區,合成里,臺北市第04選區,2,李彥秀,中國國民黨,2035,
2020年區域立委選舉,2020,臺北市,南港區,合成里,臺北市第04選區,3,文祥志,宗教聯盟,10,
2020年區域立委選舉,2020,臺北市,南港區,合成里,臺北市第04選區,4,錢一凡,安定力量,14,
2020年區域立委選舉,2020,臺北市,南港區,合成里,臺北市第04選區,5,高嘉瑜,民主進步黨,2283,*
2020年區域立委選舉,2020,臺北市,南港區,合成里,臺北市第04選區,6,蕭蒼澤,喜樂島聯盟,6,
2020年區域立委選舉,2020,臺北市,南港區,合成里,臺北市第04選區,7,郭佩雯,綠黨,41,
2020年區域立委選舉,2020,臺北市,南港區,成福里,臺北市第04選區,1,郭正典,一邊一國行動黨,14,
2020年區域立委選舉,2020,臺北市,南港區,成福里,臺北市第04選區,2,李彥秀,中國國民黨,2616,
2020年區域立委選舉,2020,臺北市,南港區,成福里,臺北市第04選區,3,文祥志,宗教聯盟,5,
2020年區域立委選舉,2020,臺北市,南港區,成福里,臺北市第04選區,4,錢一凡,安定力量,38,
2020年區域立委選舉,2020,臺北市,南港區,成福里,臺北市第04選區,5,高嘉瑜,民主進步黨,2298,*
2020年區域立委選舉,2020,臺北市,南港區,成福里,臺北市第04選區,6,蕭蒼澤,喜樂島聯盟,11,
2020年區域立委選舉,2020,臺北市,南港區,成福里,臺北市第04選區,7,郭佩雯,綠黨,55,
2020年區域立委選舉,2020,臺北市,南港區,萬福里,臺北市第04選區,1,郭正典,一邊一國行動黨,6,
2020年區域立委選舉,2020,臺北市,南港區,萬福里,臺北市第04選區,2,李彥秀,中國國民黨,1483,
2020年區域立委選舉,2020,臺北市,南港區,萬福里,臺北市第04選區,3,文祥志,宗教聯盟,1,
2020年區域立委選舉,2020,臺北市,南港區,萬福里,臺北市第04選區,4,錢一凡,安定力量,25,
2020年區域立委選舉,2020,臺北市,南港區,萬福里,臺北市第04選區,5,高嘉瑜,民主進步黨,1400,*
2020年區域立委選舉,2020,臺北市,南港區,萬福里,臺北市第04選區,6,蕭蒼澤,喜樂島聯盟,4,
2020年區域立委選舉,2020,臺北市,南港區,萬福里,臺北市第04選區,7,郭佩雯,綠黨,33,
2020年區域立委選舉,2020,臺北市,南港區,鴻福里,臺北市第04選區,1,郭正典,一邊一國行動黨,8,
2020年區域立委選舉,2020,臺北市,南港區,鴻福里,臺北市第04選區,2,李彥秀,中國國民黨,1446,
2020年區域立委選舉,2020,臺北市,南港區,鴻福里,臺北市第04選區,3,文祥志,宗教聯盟,3,
2020年區域立委選舉,2020,臺北市,南港區,鴻福里,臺北市第04選區,4,錢一凡,安定力量,17,
2020年區域立委選舉,2020,臺北市,南港區,鴻福里,臺北市第04選區,5,高嘉瑜,民主進步黨,1529,*
2020年區域立委選舉,2020,臺北市,南港區,鴻福里,臺北市第04選區,6,蕭蒼澤,喜樂島聯盟,7,
2020年區域立委選舉,2020,臺北市,南港區,鴻福里,臺北市第04選區,7,郭佩雯,綠黨,27,
2020年區域立委選舉,2020,臺北市,南港區,百福里,臺北市第04選區,1,郭正典,一邊一國行動黨,14,
2020年區域立委選舉,2020,臺北市,南港區,百福里,臺北市第04選區,2,李彥秀,中國國民黨,1560,
2020年區域立委選舉,2020,臺北市,南港區,百福里,臺北市第04選區,3,文祥志,宗教聯盟,1,
2020年區域立委選舉,2020,臺北市,南港區,百福里,臺北市第04選區,4,錢一凡,安定力量,28,
2020年區域立委選舉,2020,臺北市,南港區,百福里,臺北市第04選區,5,高嘉瑜,民主進步黨,1750,*
2020年區域立委選舉,2020,臺北市,南港區,百福里,臺北市第04選區,6,蕭蒼澤,喜樂島聯盟,3,
2020年區域立委選舉,2020,臺北市,南港區,百福里,臺北市第04選區,7,郭佩雯,綠黨,44,
2020年區域立委選舉,2020,臺北市,南港區,聯成里,臺北市第04選區,1,郭正典,一邊一國行動黨,18,
2020年區域立委選舉,2020,臺北市,南港區,聯成里,臺北市第04選區,2,李彥秀,中國國民黨,1720,
2020年區域立委選舉,2020,臺北市,南港區,聯成里,臺北市第04選區,3,文祥志,宗教聯盟,6,
2020年區域立委選舉,2020,臺北市,南港區,聯成里,臺北市第04選區,4,錢一凡,安定力量,18,
2020年區域立委選舉,2020,臺北市,南港區,聯成里,臺北市第04選區,5,高嘉瑜,民主進步黨,1568,*
2020年區域立委選舉,2020,臺北市,南港區,聯成里,臺北市第04選區,6,蕭蒼澤,喜樂島聯盟,6,
2020年區域立委選舉,2020,臺北市,南港區,聯成里,臺北市第04選區,7,郭佩雯,綠黨,33,
2020年區域立委選舉,2020,臺北市,南港區,舊莊里,臺北市第04選區,1,郭正典,一邊一國行動黨,20,
2020年區域立委選舉,2020,臺北市,南港區,舊莊里,臺北市第04選區,2,李彥秀,中國國民黨,2676,
2020年區域立委選舉,2020,臺北市,南港區,舊莊里,臺北市第04選區,3,文祥志,宗教聯盟,7,
2020年區域立委選舉,2020,臺北市,南港區,舊莊里,臺北市第04選區,4,錢一凡,安定力量,30,
2020年區域立委選舉,2020,臺北市,南港區,舊莊里,臺北市第04選區,5,高嘉瑜,民主進步黨,2714,*
2020年區域立委選舉,2020,臺北市,南港區,舊莊里,臺北市第04選區,6,蕭蒼澤,喜樂島聯盟,9,
2020年區域立委選舉,2020,臺北市,南港區,舊莊里,臺北市第04選區,7,郭佩雯,綠黨,66,
2020年區域立委選舉,2020,臺北市,南港區,中研里,臺北市第04選區,1,郭正典,一邊一國行動黨,20,
2020年區域立委選舉,2020,臺北市,南港區,中研里,臺北市第04選區,2,李彥秀,中國國民黨,2969,
2020年區域立委選舉,2020,臺北市,南港區,中研里,臺北市第04選區,3,文祥志,宗教聯盟,7,
2020年區域立委選舉,2020,臺北市,南港區,中研里,臺北市第04選區,4,錢一凡,安定力量,33,
2020年區域立委選舉,2020,臺北市,南港區,中研里,臺北市第04選區,5,高嘉瑜,民主進步黨,2971,*
2020年區域立委選舉,2020,臺北市,南港區,中研里,臺北市第04選區,6,蕭蒼澤,喜樂島聯盟,6,
2020年區域立委選舉,2020,臺北市,南港區,中研里,臺北市第04選區,7,郭佩雯,綠黨,78,
2020年區域立委選舉,2020,臺北市,南港區,九如里,臺北市第04選區,1,郭正典,一邊一國行動黨,16,
2020年區域立委選舉,2020,臺北市,南港區,九如里,臺北市第04選區,2,李彥秀,中國國民黨,2310,
2020年區域立委選舉,2020,臺北市,南港區,九如里,臺北市第04選區,3,文祥志,宗教聯盟,5,
2020年區域立委選舉,2020,臺北市,南港區,九如里,臺北市第04選區,4,錢一凡,安定力量,28,
2020年區域立委選舉,2020,臺北市,南港區,九如里,臺北市第04選區,5,高嘉瑜,民主進步黨,1698,*
2020年區域立委選舉,2020,臺北市,南港區,九如里,臺北市第04選區,6,蕭蒼澤,喜樂島聯盟,6,
2020年區域立委選舉,2020,臺北市,南港區,九如里,臺北市第04選區,7,郭佩雯,綠黨,41,
2020年區域立委選舉,2020,臺北市,南港區,仁福里,臺北市第04選區,1,郭正典,一邊一國行動黨,17,
2020年區域立委選舉,2020,臺北市,南港區,仁福里,臺北市第04選區,2,李彥秀,中國國民黨,1988,
2020年區域立委選舉,2020,臺北市,南港區,仁福里,臺北市第04選區,3,文祥志,宗教聯盟,0,
2020年區域立委選舉,2020,臺北市,南港區,仁福里,臺北市第04選區,4,錢一凡,安定力量,27,
2020年區域立委選舉,2020,臺北市,南港區,仁福里,臺北市第04選區,5,高嘉瑜,民主進步黨,1499,*
2020年區域立委選舉,2020,臺北市,南港區,仁福里,臺北市第04選區,6,蕭蒼澤,喜樂島聯盟,8,
2020年區域立委選舉,2020,臺北市,南港區,仁福里,臺北市第04選區,7,郭佩雯,綠黨,32,
2020年區域立委選舉,2020,臺北市,南港區,重陽里,臺北市第04選區,1,郭正典,一邊一國行動黨,18,
2020年區域立委選舉,2020,臺北市,南港區,重陽里,臺北市第04選區,2,李彥秀,中國國民黨,1633,
2020年區域立委選舉,2020,臺北市,南港區,重陽里,臺北市第04選區,3,文祥志,宗教聯盟,5,
2020年區域立委選舉,2020,臺北市,南港區,重陽里,臺北市第04選區,4,錢一凡,安定力量,32,
2020年區域立委選舉,2020,臺北市,南港區,重陽里,臺北市第04選區,5,高嘉瑜,民主進步黨,1591,*
2020年區域立委選舉,2020,臺北市,南港區,重陽里,臺北市第04選區,6,蕭蒼澤,喜樂島聯盟,5,
2020年區域立委選舉,2020,臺北市,南港區,重陽里,臺北市第04選區,7,郭佩雯,綠黨,37,
2020年區域立委選舉,2020,臺北市,內湖區,西湖里,臺北市第04選區,1,郭正典,一邊一國行動黨,26,
2020年區域立委選舉,2020,臺北市,內湖區,西湖里,臺北市第04選區,2,李彥秀,中國國民黨,2096,
2020年區域立委選舉,2020,臺北市,內湖區,西湖里,臺北市第04選區,3,文祥志,宗教聯盟,8,
2020年區域立委選舉,2020,臺北市,內湖區,西湖里,臺北市第04選區,4,錢一凡,安定力量,29,
2020年區域立委選舉,2020,臺北市,內湖區,西湖里,臺北市第04選區,5,高嘉瑜,民主進步黨,2664,*
2020年區域立委選舉,2020,臺北市,內湖區,西湖里,臺北市第04選區,6,蕭蒼澤,喜樂島聯盟,5,
2020年區域立委選舉,2020,臺北市,內湖區,西湖里,臺北市第04選區,7,郭佩雯,綠黨,56,
2020年區域立委選舉,2020,臺北市,內湖區,西康里,臺北市第04選區,1,郭正典,一邊一國行動黨,20,
2020年區域立委選舉,2020,臺北市,內湖區,西康里,臺北市第04選區,2,李彥秀,中國國民黨,2999,
2020年區域立委選舉,2020,臺北市,內湖區,西康里,臺北市第04選區,3,文祥志,宗教聯盟,7,
2020年區域立委選舉,2020,臺北市,內湖區,西康里,臺北市第04選區,4,錢一凡,安定力量,76,
2020年區域立委選舉,2020,臺北市,內湖區,西康里,臺北市第04選區,5,高嘉瑜,民主進步黨,3044,*
2020年區域立委選舉,2020,臺北市,內湖區,西康里,臺北市第04選區,6,蕭蒼澤,喜樂島聯盟,4,
2020年區域立委選舉,2020,臺北市,內湖區,西康里,臺北市第04選區,7,郭佩雯,綠黨,90,
2020年區域立委選舉,2020,臺北市,內湖區,西安里,臺北市第04選區,1,郭正典,一邊一國行動黨,17,
2020年區域立委選舉,2020,臺北市,內湖區,西安里,臺北市第04選區,2,李彥秀,中國國民黨,2090,
2020年區域立委選舉,2020,臺北市,內湖區,西安里,臺北市第04選區,3,文祥志,宗教聯盟,10,
2020年區域立委選舉,2020,臺北市,內湖區,西安里,臺北市第04選區,4,錢一凡,安定力量,36,
2020年區域立委選舉,2020,臺北市,內湖區,西安里,臺北市第04選區,5,高嘉瑜,民主進步黨,2220,*
2020年區域立委選舉,2020,臺北市,內湖區,西安里,臺北市第04選區,6,蕭蒼澤,喜樂島聯盟,5,
2020年區域立委選舉,2020,臺北市,內湖區,西安里,臺北市第04選區,7,郭佩雯,綠黨,48,
2020年區域立委選舉,2020,臺北市,內湖區,港墘里,臺北市第04選區,1,郭正典,一邊一國行動黨,14,
2020年區域立委選舉,2020,臺北市,內湖區,港墘里,臺北市第04選區,2,李彥秀,中國國民黨,1790,
2020年區域立委選舉,2020,臺北市,內湖區,港墘里,臺北市第04選區,3,文祥志,宗教聯盟,4,
2020年區域立委選舉,2020,臺北市,內湖區,港墘里,臺北市第04選區,4,錢一凡,安定力量,42,
2020年區域立委選舉,2020,臺北市,內湖區,港墘里,臺北市第04選區,5,高嘉瑜,民主進步黨,2100,*
2020年區域立委選舉,2020,臺北市,內湖區,港墘里,臺北市第04選區,6,蕭蒼澤,喜樂島聯盟,4,
2020年區域立委選舉,2020,臺北市,內湖區,港墘里,臺北市第04選區,7,郭佩雯,綠黨,35,
2020年區域立委選舉,2020,臺北市,內湖區,港都里,臺北市第04選區,1,郭正典,一邊一國行動黨,28,
2020年區域立委選舉,2020,臺北市,內湖區,港都里,臺北市第04選區,2,李彥秀,中國國民黨,1541,
2020年區域立委選舉,2020,臺北市,內湖區,港都里,臺北市第04選區,3,文祥志,宗教聯盟,3,
2020年區域立委選舉,2020,臺北市,內湖區,港都里,臺北市第04選區,4,錢一凡,安定力量,17,
2020年區域立委選舉,2020,臺北市,內湖區,港都里,臺北市第04選區,5,高嘉瑜,民主進步黨,1992,*
2020年區域立委選舉,2020,臺北市,內湖區,港都里,臺北市第04選區,6,蕭蒼澤,喜樂島聯盟,2,
2020年區域立委選舉,2020,臺北市,內湖區,港都里,臺北市第04選區,7,郭佩雯,綠黨,44,
2020年區域立委選舉,2020,臺北市,內湖區,港富里,臺北市第04選區,1,郭正典,一邊一國行動黨,33,
2020年區域立委選舉,2020,臺北市,內湖區,港富里,臺北市第04選區,2,李彥秀,中國國民黨,2725,
2020年區域立委選舉,2020,臺北市,內湖區,港富里,臺北市第04選區,3,文祥志,宗教聯盟,3,
2020年區域立委選舉,2020,臺北市,內湖區,港富里,臺北市第04選區,4,錢一凡,安定力量,38,
2020年區域立委選舉,2020,臺北市,內湖區,港富里,臺北市第04選區,5,高嘉瑜,民主進步黨,3302,*
2020年區域立委選舉,2020,臺北市,內湖區,港富里,臺北市第04選區,6,蕭蒼澤,喜樂島聯盟,11,
2020年區域立委選舉,2020,臺北市,內湖區,港富里,臺北市第04選區,7,郭佩雯,綠黨,67,
2020年區域立委選舉,2020,臺北市,內湖區,港華里,臺北市第04選區,1,郭正典,一邊一國行動黨,24,
2020年區域立委選舉,2020,臺北市,內湖區,港華里,臺北市第04選區,2,李彥秀,中國國民黨,2652,
2020年區域立委選舉,2020,臺北市,內湖區,港華里,臺北市第04選區,3,文祥志,宗教聯盟,5,
2020年區域立委選舉,2020,臺北市,內湖區,港華里,臺北市第04選區,4,錢一凡,安定力量,37,
2020年區域立委選舉,2020,臺北市,內湖區,港華里,臺北市第04選區,5,高嘉瑜,民主進步黨,3162,*
2020年區域立委選舉,2020,臺北市,內湖區,港華里,臺北市第04選區,6,蕭蒼澤,喜樂島聯盟,6,
2020年區域立委選舉,2020,臺北市,內湖區,港華里,臺北市第04選區,7,郭佩雯,綠黨,67,
2020年區域立委選舉,2020,臺北市,內湖區,內湖里,臺北市第04選區,1,郭正典,一邊一國行動黨,18,
2020年區域立委選舉,2020,臺北市,內湖區,內湖里,臺北市第04選區,2,李彥秀,中國國民黨,2033,
2020年區域立委選舉,2020,臺北市,內湖區,內湖里,臺北市第04選區,3,文祥志,宗教聯盟,6,
2020年區域立委選舉,2020,臺北市,內湖區,內湖里,臺北市第04選區,4,錢一凡,安定力量,23,
2020年區域立委選舉,2020,臺北市,內湖區,內湖里,臺北市第04選區,5,高嘉瑜,民主進步黨,1961,*
2020年區域立委選舉,2020,臺北市,內湖區,內湖里,臺北市第04選區,6,蕭蒼澤,喜樂島聯盟,5,
2020年區域立委選舉,2020,臺北市,內湖區,內湖里,臺北市第04選區,7,郭佩雯,綠黨,50,
2020年區域立委選舉,2020,臺北市,內湖區,湖濱里,臺北市第04選區,1,郭正典,一邊一國行動黨,14,
2020年區域立委選舉,2020,臺北市,內湖區,湖濱里,臺北市第04選區,2,李彥秀,中國國民黨,2885,
2020年區域立委選舉,2020,臺北市,內湖區,湖濱里,臺北市第04選區,3,文祥志,宗教聯盟,5,
2020年區域立委選舉,2020,臺北市,內湖區,湖濱里,臺北市第04選區,4,錢一凡,安定力量,47,
2020年區域立委選舉,2020,臺北市,內湖區,湖濱里,臺北市第04選區,5,高嘉瑜,民主進步黨,2521,*
2020年區域立委選舉,2020,臺北市,內湖區,湖濱里,臺北市第04選區,6,蕭蒼澤,喜樂島聯盟,4,
2020年區域立委選舉,2020,臺北市,內湖區,湖濱里,臺北市第04選區,7,郭佩雯,綠黨,48,
2020年區域立委選舉,2020,臺北市,內湖區,紫星里,臺北市第04選區,1,郭正典,一邊一國行動黨,29,
2020年區域立委選舉,2020,臺北市,內湖區,紫星里,臺北市第04選區,2,李彥秀,中國國民黨,2362,
2020年區域立委選舉,2020,臺北市,內湖區,紫星里,臺北市第04選區,3,文祥志,宗教聯盟,7,
2020年區域立委選舉,2020,臺北市,內湖區,紫星里,臺北市第04選區,4,錢一凡,安定力量,35,
2020年區域立委選舉,2020,臺北市,內湖區,紫星里,臺北市第04選區,5,高嘉瑜,民主進步黨,2859,*
2020年區域立委選舉,2020,臺北市,內湖區,紫星里,臺北市第04選區,6,蕭蒼澤,喜樂島聯盟,7,
2020年區域立委選舉,2020,臺北市,內湖區,紫星里,臺北市第04選區,7,郭佩雯,綠黨,48,
2020年區域立委選舉,2020,臺北市,內湖區,大湖里,臺北市第04選區,1,郭正典,一邊一國行動黨,13,
2020年區域立委選舉,2020,臺北市,內湖區,大湖里,臺北市第04選區,2,李彥秀,中國國民黨,1731,
2020年區域立委選舉,2020,臺北市,內湖區,大湖里,臺北市第04選區,3,文祥志,宗教聯盟,6,
2020年區域立委選舉,2020,臺北市,內湖區,大湖里,臺北市第04選區,4,錢一凡,安定力量,24,
2020年區域立委選舉,2020,臺北市,內湖區,大湖里,臺北市第04選區,5,高嘉瑜,民主進步黨,1796,*
2020年區域立委選舉,2020,臺北市,內湖區,大湖里,臺北市第04選區,6,蕭蒼澤,喜樂島聯盟,5,
2020年區域立委選舉,2020,臺北市,內湖區,大湖里,臺北市第04選區,7,郭佩雯,綠黨,46,
2020年區域立委選舉,2020,臺北市,內湖區,金龍里,臺北市第04選區,1,郭正典,一邊一國行動黨,31,
2020年區域立委選舉,2020,臺北市,內湖區,金龍里,臺北市第04選區,2,李彥秀,中國國民黨,1599,
2020年區域立委選舉,2020,臺北市,內湖區,金龍里,臺北市第04選區,3,文祥志,宗教聯盟,2,
2020年區域立委選舉,2020,臺北市,內湖區,金龍里,臺北市第04選區,4,錢一凡,安定力量,20,
2020年區域立委選舉,2020,臺北市,內湖區,金龍里,臺北市第04選區,5,高嘉瑜,民主進步黨,1817,*
2020年區域立委選舉,2020,臺北市,內湖區,金龍里,臺北市第04選區,6,蕭蒼澤,喜樂島聯盟,6,
2020年區域立委選舉,2020,臺北市,內湖區,金龍里,臺北市第04選區,7,郭佩雯,綠黨,38,
2020年區域立委選舉,2020,臺北市,內湖區,金瑞里,臺北市第04選區,1,郭正典,一邊一國行動黨,19,
2020年區域立委選舉,2020,臺北市,內湖區,金瑞里,臺北市第04選區,2,李彥秀,中國國民黨,1972,
2020年區域立委選舉,2020,臺北市,內湖區,金瑞里,臺北市第04選區,3,文祥志,宗教聯盟,7,
2020年區域立委選舉,2020,臺北市,內湖區,金瑞里,臺北市第04選區,4,錢一凡,安定力量,29,
2020年區域立委選舉,2020,臺北市,內湖區,金瑞里,臺北市第04選區,5,高嘉瑜,民主進步黨,2226,*
2020年區域立委選舉,2020,臺北市,內湖區,金瑞里,臺北市第04選區,6,蕭蒼澤,喜樂島聯盟,3,
2020年區域立委選舉,2020,臺北市,內湖區,金瑞里,臺北市第04選區,7,郭佩雯,綠黨,44,
2020年區域立委選舉,2020,臺北市,內湖區,碧山里,臺北市第04選區,1,郭正典,一邊一國行動黨,22,
2020年區域立委選舉,2020,臺北市,內湖區,碧山里,臺北市第04選區,2,李彥秀,中國國民黨,2137,
2020年區域立委選舉,2020,臺北市,內湖區,碧山里,臺北市第04選區,3,文祥志,宗教聯盟,5,
2020年區域立委選舉,2020,臺北市,內湖區,碧山里,臺北市第04選區,4,錢一凡,安定力量,29,
2020年區域立委選舉,2020,臺北市,內湖區,碧山里,臺北市第04選區,5,高嘉瑜,民主進步黨,2362,*
2020年區域立委選舉,2020,臺北市,內湖區,碧山里,臺北市第04選區,6,蕭蒼澤,喜樂島聯盟,6,
2020年區域立委選舉,2020,臺北市,內湖區,碧山里,臺北市第04選區,7,郭佩雯,綠黨,51,
2020年區域立委選舉,2020,臺北市,內湖區,紫雲里,臺北市第04選區,1,郭正典,一邊一國行動黨,23,
2020年區域立委選舉,2020,臺北市,內湖區,紫雲里,臺北市第04選區,2,李彥秀,中國國民黨,2008,
2020年區域立委選舉,2020,臺北市,內湖區,紫雲里,臺北市第04選區,3,文祥志,宗教聯盟,6,
2020年區域立委選舉,2020,臺北市,內湖區,紫雲里,臺北市第04選區,4,錢一凡,安定力量,23,
2020年區域立委選舉,2020,臺北市,內湖區,紫雲里,臺北市第04選區,5,高嘉瑜,民主進步黨,1651,*
2020年區域立委選舉,2020,臺北市,內湖區,紫雲里,臺北市第04選區,6,蕭蒼澤,喜樂島聯盟,2,
2020年區域立委選舉,2020,臺北市,內湖區,紫雲里,臺北市第04選區,7,郭佩雯,綠黨,43,
2020年區域立委選舉,2020,臺北市,內湖區,清白里,臺北市第04選區,1,郭正典,一邊一國行動黨,22,
2020年區域立委選舉,2020,臺北市,內湖區,清白里,臺北市第04選區,2,李彥秀,中國國民黨,2761,
2020年區域立委選舉,2020,臺北市,內湖區,清白里,臺北市第04選區,3,文祥志,宗教聯盟,4,
2020年區域立委選舉,2020,臺北市,內湖區,清白里,臺北市第04選區,4,錢一凡,安定力量,38,
2020年區域立委選舉,2020,臺北市,內湖區,清白里,臺北市第04選區,5,高嘉瑜,民主進步黨,2712,*
2020年區域立委選舉,2020,臺北市,內湖區,清白里,臺北市第04選區,6,蕭蒼澤,喜樂島聯盟,7,
2020年區域立委選舉,2020,臺北市,內湖區,清白里,臺北市第04選區,7,郭佩雯,綠黨,62,
2020年區域立委選舉,2020,臺北市,內湖區,葫洲里,臺北市第04選區,1,郭正典,一邊一國行動黨,15,
2020年區域立委選舉,2020,臺北市,內湖區,葫洲里,臺北市第04選區,2,李彥秀,中國國民黨,2231,
2020年區域立委選舉,2020,臺北市,內湖區,葫洲里,臺北市第04選區,3,文祥志,宗教聯盟,4,
2020年區域立委選舉,2020,臺北市,內湖區,葫洲里,臺北市第04選區,4,錢一凡,安定力量,31,
2020年區域立委選舉,2020,臺北市,內湖區,葫洲里,臺北市第04選區,5,高嘉瑜,民主進步黨,2149,*
2020年區域立委選舉,2020,臺北市,內湖區,葫洲里,臺北市第04選區,6,蕭蒼澤,喜樂島聯盟,11,
2020年區域立委選舉,2020,臺北市,內湖區,葫洲里,臺北市第04選區,7,郭佩雯,綠黨,68,
2020年區域立委選舉,2020,臺北市,內湖區,紫陽里,臺北市第04選區,1,郭正典,一邊一國行動黨,27,
2020年區域立委選舉,2020,臺北市,內湖區,紫陽里,臺北市第04選區,2,李彥秀,中國國民黨,2514,
2020年區域立委選舉,2020,臺北市,內湖區,紫陽里,臺北市第04選區,3,文祥志,宗教聯盟,2,
2020年區域立委選舉,2020,臺北市,內湖區,紫陽里,臺北市第04選區,4,錢一凡,安定力量,35,
2020年區域立委選舉,2020,臺北市,內湖區,紫陽里,臺北市第04選區,5,高嘉瑜,民主進步黨,2719,*
2020年區域立委選舉,2020,臺北市,內湖區,紫陽里,臺北市第04選區,6,蕭蒼澤,喜樂島聯盟,10,
2020年區域立委選舉,2020,臺北市,內湖區,紫陽里,臺北市第04選區,7,郭佩雯,綠黨,66,
2020年區域立委選舉,2020,臺北市,內湖區,瑞陽里,臺北市第04選區,1,郭正典,一邊一國行動黨,23,
2020年區域立委選舉,2020,臺北市,內湖區,瑞陽里,臺北市第04選區,2,李彥秀,中國國民黨,2909,
2020年區域立委選舉,2020,臺北市,內湖區,瑞陽里,臺北市第04選區,3,文祥志,宗教聯盟,5,
2020年區域立委選舉,2020,臺北市,內湖區,瑞陽里,臺北市第04選區,4,錢一凡,安定力量,42,
2020年區域立委選舉,2020,臺北市,內湖區,瑞陽里,臺北市第04選區,5,高嘉瑜,民主進步黨,2176,*
2020年區域立委選舉,2020,臺北市,內湖區,瑞陽里,臺北市第04選區,6,蕭蒼澤,喜樂島聯盟,3,
2020年區域立委選舉,2020,臺北市,內湖區,瑞陽里,臺北市第04選區,7,郭佩雯,綠黨,70,
2020年區域立委選舉,2020,臺北市,內湖區,瑞光里,臺北市第04選區,1,郭正典,一邊一國行動黨,7,
2020年區域立委選舉,2020,臺北市,內湖區,瑞光里,臺北市第04選區,2,李彥秀,中國國民黨,1700,
2020年區域立委選舉,2020,臺北市,內湖區,瑞光里,臺北市第04選區,3,文祥志,宗教聯盟,6,
2020年區域立委選舉,2020,臺北市,內湖區,瑞光里,臺北市第04選區,4,錢一凡,安定力量,31,
2020年區域立委選舉,2020,臺北市,內湖區,瑞光里,臺北市第04選區,5,高嘉瑜,民主進步黨,1307,*
2020年區域立委選舉,2020,臺北市,內湖區,瑞光里,臺北市第04選區,6,蕭蒼澤,喜樂島聯盟,9,
2020年區域立委選舉,2020,臺北市,內湖區,瑞光里,臺北市第04選區,7,郭佩雯,綠黨,34,
2020年區域立委選舉,2020,臺北市,內湖區,五分里,臺北市第04選區,1,郭正典,一邊一國行動黨,29,
2020年區域立委選舉,2020,臺北市,內湖區,五分里,臺北市第04選區,2,李彥秀,中國國民黨,2792,
2020年區域立委選舉,2020,臺北市,內湖區,五分里,臺北市第04選區,3,文祥志,宗教聯盟,9,
2020年區域立委選舉,2020,臺北市,內湖區,五分里,臺北市第04選區,4,錢一凡,安定力量,28,
2020年區域立委選舉,2020,臺北市,內湖區,五分里,臺北市第04選區,5,高嘉瑜,民主進步黨,3540,*
2020年區域立委選舉,2020,臺北市,內湖區,五分里,臺北市第04選區,6,蕭蒼澤,喜樂島聯盟,5,
2020年區域立委選舉,2020,臺北市,內湖區,五分里,臺北市第04選區,7,郭佩雯,綠黨,62,
2020年區域立委選舉,2020,臺北市,內湖區,東湖里,臺北市第04選區,1,郭正典,一邊一國行動黨,17,
2020年區域立委選舉,2020,臺北市,內湖區,東湖里,臺北市第04選區,2,李彥秀,中國國民黨,2008,
2020年區域立委選舉,2020,臺北市,內湖區,東湖里,臺北市第04選區,3,文祥志,宗教聯盟,3,
2020年區域立委選舉,2020,臺北市,內湖區,東湖里,臺北市第04選區,4,錢一凡,安定力量,25,
2020年區域立委選舉,2020,臺北市,內湖區,東湖里,臺北市第04選區,5,高嘉瑜,民主進步黨,2722,*
2020年區域立委選舉,2020,臺北市,內湖區,東湖里,臺北市第04選區,6,蕭蒼澤,喜樂島聯盟,5,
2020年區域立委選舉,2020,臺北市,內湖區,東湖里,臺北市第04選區,7,郭佩雯,綠黨,64,
2020年區域立委選舉,2020,臺北市,內湖區,樂康里,臺北市第04選區,1,郭正典,一邊一國行動黨,21,
2020年區域立委選舉,2020,臺北市,內湖區,樂康里,臺北市第04選區,2,李彥秀,中國國民黨,2325,
2020年區域立委選舉,2020,臺北市,內湖區,樂康里,臺北市第04選區,3,文祥志,宗教聯盟,3,
2020年區域立委選舉,2020,臺北市,內湖區,樂康里,臺北市第04選區,4,錢一凡,安定力量,23,
2020年區域立委選舉,2020,臺北市,內湖區,樂康里,臺北市第04選區,5,高嘉瑜,民主進步黨,2786,*
2020年區域立委選舉,2020,臺北市,內湖區,樂康里,臺北市第04選區,6,蕭蒼澤,喜樂島聯盟,8,
2020年區域立委選舉,2020,臺北市,內湖區,樂康里,臺北市第04選區,7,郭佩雯,綠黨,63,
2020年區域立委選舉,2020,臺北市,內湖區,內溝里,臺北市第04選區,1,郭正典,一邊一國行動黨,6,
2020年區域立委選舉,2020,臺北市,內湖區,內溝里,臺北市第04選區,2,李彥秀,中國國民黨,1471,
2020年區域立委選舉,2020,臺北市,內湖區,內溝里,臺北市第04選區,3,文祥志,宗教聯盟,0,
2020年區域立委選舉,2020,臺北市,內湖區,內溝里,臺北市第04選區,4,錢一凡,安定力量,15,
2020年區域立委選舉,2020,臺北市,內湖區,內溝里,臺北市第04選區,5,高嘉瑜,民主進步黨,1535,*
2020年區域立委選舉,2020,臺北市,內湖區,內溝里,臺北市第04選區,6,蕭蒼澤,喜樂島聯盟,5,
2020年區域立委選舉,2020,臺北市,內湖區,內溝里,臺北市第04選區,7,郭佩雯,綠黨,37,
2020年區域立委選舉,2020,臺北市,內湖區,週美里,臺北市第04選區,1,郭正典,一邊一國行動黨,17,
2020年區域立委選舉,2020,臺北市,內湖區,週美里,臺北市第04選區,2,李彥秀,中國國民黨,2409,
2020年區域立委選舉,2020,臺北市,內湖區,週美里,臺北市第04選區,3,文祥志,宗教聯盟,5,
2020年區域立委選舉,2020,臺北市,內湖區,週美里,臺北市第04選區,4,錢一凡,安定力量,28,
2020年區域立委選舉,2020,臺北市,內湖區,週美里,臺北市第04選區,5,高嘉瑜,民主進步黨,2875,*
2020年區域立委選舉,2020,臺北市,內湖區,週美里,臺北市第04選區,6,蕭蒼澤,喜樂島聯盟,14,
2020年區域立委選舉,2020,臺北市,內湖區,週美里,臺北市第04選區,7,郭佩雯,綠黨,54,
2020年區域立委選舉,2020,臺北市,內湖區,行善里,臺北市第04選區,1,郭正典,一邊一國行動黨,25,
2020年區域立委選舉,2020,臺北市,內湖區,行善里,臺北市第04選區,2,李彥秀,中國國民黨,2050,
2020年區域立委選舉,2020,臺北市,內湖區,行善里,臺北市第04選區,3,文祥志,宗教聯盟,5,
2020年區域立委選舉,2020,臺北市,內湖區,行善里,臺北市第04選區,4,錢一凡,安定力量,23,
2020年區域立委選舉,2020,臺北市,內湖區,行善里,臺北市第04選區,5,高嘉瑜,民主進步黨,2378,*
2020年區域立委選舉,2020,臺北市,內湖區,行善里,臺北市第04選區,6,蕭蒼澤,喜樂島聯盟,8,
2020年區域立委選舉,2020,臺北市,內湖區,行善里,臺北市第04選區,7,郭佩雯,綠黨,43,
2020年區域立委選舉,2020,臺北市,內湖區,石潭里,臺北市第04選區,1,郭正典,一邊一國行動黨,6,
2020年區域立委選舉,2020,臺北市,內湖區,石潭里,臺北市第04選區,2,李彥秀,中國國民黨,1220,
2020年區域立委選舉,2020,臺北市,內湖區,石潭里,臺北市第04選區,3,文祥志,宗教聯盟,1,
2020年區域立委選舉,2020,臺北市,內湖區,石潭里,臺北市第04選區,4,錢一凡,安定力量,18,
2020年區域立委選舉,2020,臺北市,內湖區,石潭里,臺北市第04選區,5,高嘉瑜,民主進步黨,1253,*
2020年區域立委選舉,2020,臺北市,內湖區,石潭里,臺北市第04選區,6,蕭蒼澤,喜樂島聯盟,2,
2020年區域立委選舉,2020,臺北市,內湖區,石潭里,臺北市第04選區,7,郭佩雯,綠黨,37,
2020年區域立委選舉,2020,臺北市,內湖區,湖興里,臺北市第04選區,1,郭正典,一邊一國行動黨,23,
2020年區域立委選舉,2020,臺北市,內湖區,湖興里,臺北市第04選區,2,李彥秀,中國國民黨,2199,
2020年區域立委選舉,2020,臺北市,內湖區,湖興里,臺北市第04選區,3,文祥志,宗教聯盟,2,
2020年區域立委選舉,2020,臺北市,內湖區,湖興里,臺北市第04選區,4,錢一凡,安定力量,34,
2020年區域立委選舉,2020,臺北市,內湖區,湖興里,臺北市第04選區,5,高嘉瑜,民主進步黨,2470,*
2020年區域立委選舉,2020,臺北市,內湖區,湖興里,臺北市第04選區,6,蕭蒼澤,喜樂島聯盟,8,
2020年區域立委選舉,2020,臺北市,內湖區,湖興里,臺北市第04選區,7,郭佩雯,綠黨,56,
2020年區域立委選舉,2020,臺北市,內湖區,湖元里,臺北市第04選區,1,郭正典,一邊一國行動黨,27,
2020年區域立委選舉,2020,臺北市,內湖區,湖元里,臺北市第04選區,2,李彥秀,中國國民黨,1590,
2020年區域立委選舉,2020,臺北市,內湖區,湖元里,臺北市第04選區,3,文祥志,宗教聯盟,6,
2020年區域立委選舉,2020,臺北市,內湖區,湖元里,臺北市第04選區,4,錢一凡,安定力量,23,
2020年區域立委選舉,2020,臺北市,內湖區,湖元里,臺北市第04選區,5,高嘉瑜,民主進步黨,1807,*
2020年區域立委選舉,2020,臺北市,內湖區,湖元里,臺北市第04選區,6,蕭蒼澤,喜樂島聯盟,3,
2020年區域立委選舉,2020,臺北市,內湖區,湖元里,臺北市第04選區,7,郭佩雯,綠黨,46,
2020年區域立委選舉,2020,臺北市,內湖區,安湖里,臺北市第04選區,1,郭正典,一邊一國行動黨,21,
2020年區域立委選舉,2020,臺北市,內湖區,安湖里,臺北市第04選區,2,李彥秀,中國國民黨,2175,
2020年區域立委選舉,2020,臺北市,內湖區,安湖里,臺北市第04選區,3,文祥志,宗教聯盟,4,
2020年區域立委選舉,2020,臺北市,內湖區,安湖里,臺北市第04選區,4,錢一凡,安定力量,28,
2020年區域立委選舉,2020,臺北市,內湖區,安湖里,臺北市第04選區,5,高嘉瑜,民主進步黨,2661,*
2020年區域立委選舉,2020,臺北市,內湖區,安湖里,臺北市第04選區,6,蕭蒼澤,喜樂島聯盟,9,
2020年區域立委選舉,2020,臺北市,內湖區,安湖里,臺北市第04選區,7,郭佩雯,綠黨,55,
2020年區域立委選舉,2020,臺北市,內湖區,秀湖里,臺北市第04選區,1,郭正典,一邊一國行動黨,16,
2020年區域立委選舉,2020,臺北市,內湖區,秀湖里,臺北市第04選區,2,李彥秀,中國國民黨,2111,
2020年區域立委選舉,2020,臺北市,內湖區,秀湖里,臺北市第04選區,3,文祥志,宗教聯盟,3,
2020年區域立委選舉,2020,臺北市,內湖區,秀湖里,臺北市第04選區,4,錢一凡,安定力量,26,
2020年區域立委選舉,2020,臺北市,內湖區,秀湖里,臺北市第04選區,5,高嘉瑜,民主進步黨,1911,*
2020年區域立委選舉,2020,臺北市,內湖區,秀湖里,臺北市第04選區,6,蕭蒼澤,喜樂島聯盟,5,
2020年區域立委選舉,2020,臺北市,內湖區,秀湖里,臺北市第04選區,7,郭佩雯,綠黨,50,
2020年區域立委選舉,2020,臺北市,內湖區,安泰里,臺北市第04選區,1,郭正典,一邊一國行動黨,14,
2020年區域立委選舉,2020,臺北市,內湖區,安泰里,臺北市第04選區,2,李彥秀,中國國民黨,1601,
2020年區域立委選舉,2020,臺北市,內湖區,安泰里,臺北市第04選區,3,文祥志,宗教聯盟,7,
2020年區域立委選舉,2020,臺北市,內湖區,安泰里,臺北市第04選區,4,錢一凡,安定力量,9,
2020年區域立委選舉,2020,臺北市,內湖區,安泰里,臺北市第04選區,5,高嘉瑜,民主進步黨,1737,*
2020年區域立委選舉,2020,臺北市,內湖區,安泰里,臺北市第04選區,6,蕭蒼澤,喜樂島聯盟,8,
2020年區域立委選舉,2020,臺北市,內湖區,安泰里,臺北市第04選區,7,郭佩雯,綠黨,39,
2020年區域立委選舉,2020,臺北市,內湖區,金湖里,臺北市第04選區,1,郭正典,一邊一國行動黨,14,
2020年區域立委選舉,2020,臺北市,內湖區,金湖里,臺北市第04選區,2,李彥秀,中國國民黨,2988,
2020年區域立委選舉,2020,臺北市,內湖區,金湖里,臺北市第04選區,3,文祥志,宗教聯盟,5,
2020年區域立委選舉,2020,臺北市,內湖區,金湖里,臺北市第04選區,4,錢一凡,安定力量,51,
2020年區域立委選舉,2020,臺北市,內湖區,金湖里,臺北市第04選區,5,高嘉瑜,民主進步黨,2861,*
2020年區域立委選舉,2020,臺北市,內湖區,金湖里,臺北市第04選區,6,蕭蒼澤,喜樂島聯盟,8,
2020年區域立委選舉,2020,臺北市,內湖區,金湖里,臺北市第04選區,7,郭佩雯,綠黨,82,
2020年區域立委選舉,2020,臺北市,內湖區,康寧里,臺北市第04選區,1,郭正典,一邊一國行動黨,23,
2020年區域立委選舉,2020,臺北市,內湖區,康寧里,臺北市第04選區,2,李彥秀,中國國民黨,2555,
2020年區域立委選舉,2020,臺北市,內湖區,康寧里,臺北市第04選區,3,文祥志,宗教聯盟,4,
2020年區域立委選舉,2020,臺北市,內湖區,康寧里,臺北市第04選區,4,錢一凡,安定力量,22,
2020年區域立委選舉,2020,臺北市,內湖區,康寧里,臺北市第04選區,5,高嘉瑜,民主進步黨,2711,*
2020年區域立委選舉,2020,臺北市,內湖區,康寧里,臺北市第04選區,6,蕭蒼澤,喜樂島聯盟,5,
2020年區域立委選舉,2020,臺北市,內湖區,康寧里,臺北市第04選區,7,郭佩雯,綠黨,66,
2020年區域立委選舉,2020,臺北市,內湖區,明湖里,臺北市第04選區,1,郭正典,一邊一國行動黨,17,
2020年區域立委選舉,2020,臺北市,內湖區,明湖里,臺北市第04選區,2,李彥秀,中國國民黨,1559,
2020年區域立委選舉,2020,臺北市,內湖區,明湖里,臺北市第04選區,3,文祥志,宗教聯盟,2,
2020年區域立委選舉,2020,臺北市,內湖區,明湖里,臺北市第04選區,4,錢一凡,安定力量,16,
2020年區域立委選舉,2020,臺北市,內湖區,明湖里,臺北市第04選區,5,高嘉瑜,民主進步黨,1839,*
2020年區域立委選舉,2020,臺北市,內湖區,明湖里,臺北市第04選區,6,蕭蒼澤,喜樂島聯盟,3,
2020年區域立委選舉,2020,臺北市,內湖區,明湖里,臺北市第04選區,7,郭佩雯,綠黨,35,
2020年區域立委選舉,2020,臺北市,內湖區,蘆洲里,臺北市第04選區,1,郭正典,一邊一國行動黨,4,
2020年區域立委選舉,2020,臺北市,內湖區,蘆洲里,臺北市第04選區,2,李彥秀,中國國民黨,338,
2020年區域立委選舉,2020,臺北市,內湖區,蘆洲里,臺北市第04選區,3,文祥志,宗教聯盟,1,
2020年區域立委選舉,2020,臺北市,內湖區,蘆洲里,臺北市第04選區,4,錢一凡,安定力量,1,
2020年區域立委選舉,2020,臺北市,內湖區,蘆洲里,臺北市第04選區,5,高嘉瑜,民主進步黨,421,*
2020年區域立委選舉,2020,臺北市,內湖區,蘆洲里,臺北市第04選區,6,蕭蒼澤,喜樂島聯盟,0,
2020年區域立委選舉,2020,臺北市,內湖區,蘆洲里,臺北市第04選區,7,郭佩雯,綠黨,4,
2020年區域立委選舉,2020,臺北市,內湖區,麗山里,臺北市第04選區,1,郭正典,一邊一國行動黨,25,
2020年區域立委選舉,2020,臺北市,內湖區,麗山里,臺北市第04選區,2,李彥秀,中國國民黨,1533,
2020年區域立委選舉,2020,臺北市,內湖區,麗山里,臺北市第04選區,3,文祥志,宗教聯盟,4,
2020年區域立委選舉,2020,臺北市,內湖區,麗山里,臺北市第04選區,4,錢一凡,安定力量,32,
2020年區域立委選舉,2020,臺北市,內湖區,麗山里,臺北市第04選區,5,高嘉瑜,民主進步黨,2157,*
2020年區域立委選舉,2020,臺北市,內湖區,麗山里,臺北市第04選區,6,蕭蒼澤,喜樂島聯盟,3,
2020年區域立委選舉,2020,臺北市,內湖區,麗山里,臺北市第04選區,7,郭佩雯,綠黨,54,
2020年區域立委選舉,2020,臺北市,內湖區,寶湖里,臺北市第04選區,1,郭正典,一邊一國行動黨,15,
2020年區域立委選舉,2020,臺北市,內湖區,寶湖里,臺北市第04選區,2,李彥秀,中國國民黨,2867,
2020年區域立委選舉,2020,臺北市,內湖區,寶湖里,臺北市第04選區,3,文祥志,宗教聯盟,1,
2020年區域立委選舉,2020,臺北市,內湖區,寶湖里,臺北市第04選區,4,錢一凡,安定力量,38,
2020年區域立委選舉,2020,臺北市,內湖區,寶湖里,臺北市第04選區,5,高嘉瑜,民主進步黨,2733,*
2020年區域立委選舉,2020,臺北市,內湖區,寶湖里,臺北市第04選區,6,蕭蒼澤,喜樂島聯盟,6,
2020年區域立委選舉,2020,臺北市,內湖區,寶湖里,臺北市第04選區,7,郭佩雯,綠黨,58,
2020年區域立委選舉,2020,臺北市,內湖區,南湖里,臺北市第04選區,1,郭正典,一邊一國行動黨,12,
2020年區域立委選舉,2020,臺北市,內湖區,南湖里,臺北市第04選區,2,李彥秀,中國國民黨,1676,
2020年區域立委選舉,2020,臺北市,內湖區,南湖里,臺北市第04選區,3,文祥志,宗教聯盟,1,
2020年區域立委選舉,2020,臺北市,內湖區,南湖里,臺北市第04選區,4,錢一凡,安定力量,34,
2020年區域立委選舉,2020,臺北市,內湖區,南湖里,臺北市第04選區,5,高嘉瑜,民主進步黨,1698,*
2020年區域立委選舉,2020,臺北市,內湖區,南湖里,臺北市第04選區,6,蕭蒼澤,喜樂島聯盟,3,
2020年區域立委選舉,2020,臺北市,內湖區,南湖里,臺北市第04選區,7,郭佩雯,綠黨,45,
2020年區域立委選舉,2020,臺北市,士林區,仁勇里,臺北市第02選區,1,何志偉,民主進步黨,1531,*
2020年區域立委選舉,2020,臺北市,士林區,仁勇里,臺北市第02選區,2,郭啟源,中華統一促進黨,7,
2020年區域立委選舉,2020,臺北市,士林區,仁勇里,臺北市第02選區,3,巫超勝,宗教聯盟,7,
2020年區域立委選舉,2020,臺北市,士林區,仁勇里,臺北市第02選區,4,陳民乾,一邊一國行動黨,21,
2020年區域立委選舉,2020,臺北市,士林區,仁勇里,臺北市第02選區,5,孫大千,中國國民黨,842,
2020年區域立委選舉,2020,臺北市,士林區,仁勇里,臺北市第02選區,6,熊嘉玲,合一行動聯盟,20,
2020年區域立委選舉,2020,臺北市,士林區,義信里,臺北市第02選區,1,何志偉,民主進步黨,1097,*
2020年區域立委選舉,2020,臺北市,士林區,義信里,臺北市第02選區,2,郭啟源,中華統一促進黨,5,
2020年區域立委選舉,2020,臺北市,士林區,義信里,臺北市第02選區,3,巫超勝,宗教聯盟,6,
2020年區域立委選舉,2020,臺北市,士林區,義信里,臺北市第02選區,4,陳民乾,一邊一國行動黨,5,
2020年區域立委選舉,2020,臺北市,士林區,義信里,臺北市第02選區,5,孫大千,中國國民黨,845,
2020年區域立委選舉,2020,臺北市,士林區,義信里,臺北市第02選區,6,熊嘉玲,合一行動聯盟,29,
2020年區域立委選舉,2020,臺北市,士林區,福林里,臺北市第02選區,1,何志偉,民主進步黨,1044,*
2020年區域立委選舉,2020,臺北市,士林區,福林里,臺北市第02選區,2,郭啟源,中華統一促進黨,5,
2020年區域立委選舉,2020,臺北市,士林區,福林里,臺北市第02選區,3,巫超勝,宗教聯盟,10,
2020年區域立委選舉,2020,臺北市,士林區,福林里,臺北市第02選區,4,陳民乾,一邊一國行動黨,9,
2020年區域立委選舉,2020,臺北市,士林區,福林里,臺北市第02選區,5,孫大千,中國國民黨,791,
2020年區域立委選舉,2020,臺北市,士林區,福林里,臺北市第02選區,6,熊嘉玲,合一行動聯盟,19,
2020年區域立委選舉,2020,臺北市,士林區,福德里,臺北市第02選區,1,何志偉,民主進步黨,1590,*
2020年區域立委選舉,2020,臺北市,士林區,福德里,臺北市第02選區,2,郭啟源,中華統一促進黨,4,
2020年區域立委選舉,2020,臺北市,士林區,福德里,臺北市第02選區,3,巫超勝,宗教聯盟,8,
2020年區域立委選舉,2020,臺北市,士林區,福德里,臺北市第02選區,4,陳民乾,一邊一國行動黨,16,
2020年區域立委選舉,2020,臺北市,士林區,福德里,臺北市第02選區,5,孫大千,中國國民黨,1297,
2020年區域立委選舉,2020,臺北市,士林區,福德里,臺北市第02選區,6,熊嘉玲,合一行動聯盟,53,
2020年區域立委選舉,2020,臺北市,士林區,福志里,臺北市第02選區,1,何志偉,民主進步黨,2564,*
2020年區域立委選舉,2020,臺北市,士林區,福志里,臺北市第02選區,2,郭啟源,中華統一促進黨,11,
2020年區域立委選舉,2020,臺北市,士林區,福志里,臺北市第02選區,3,巫超勝,宗教聯盟,7,
2020年區域立委選舉,2020,臺北市,士林區,福志里,臺北市第02選區,4,陳民乾,一邊一國行動黨,26,
2020年區域立委選舉,2020,臺北市,士林區,福志里,臺北市第02選區,5,孫大千,中國國民黨,2310,
2020年區域立委選舉,2020,臺北市,士林區,福志里,臺北市第02選區,6,熊嘉玲,合一行動聯盟,73,
2020年區域立委選舉,2020,臺北市,士林區,舊佳里,臺北市第02選區,1,何志偉,民主進步黨,2372,*
2020年區域立委選舉,2020,臺北市,士林區,舊佳里,臺北市第02選區,2,郭啟源,中華統一促進黨,7,
2020年區域立委選舉,2020,臺北市,士林區,舊佳里,臺北市第02選區,3,巫超勝,宗教聯盟,9,
2020年區域立委選舉,2020,臺北市,士林區,舊佳里,臺北市第02選區,4,陳民乾,一邊一國行動黨,13,
2020年區域立委選舉,2020,臺北市,士林區,舊佳里,臺北市第02選區,5,孫大千,中國國民黨,1538,
2020年區域立委選舉,2020,臺北市,士林區,舊佳里,臺北市第02選區,6,熊嘉玲,合一行動聯盟,58,
2020年區域立委選舉,2020,臺北市,士林區,福佳里,臺北市第02選區,1,何志偉,民主進步黨,2850,*
2020年區域立委選舉,2020,臺北市,士林區,福佳里,臺北市第02選區,2,郭啟源,中華統一促進黨,10,
2020年區域立委選舉,2020,臺北市,士林區,福佳里,臺北市第02選區,3,巫超勝,宗教聯盟,13,
2020年區域立委選舉,2020,臺北市,士林區,福佳里,臺北市第02選區,4,陳民乾,一邊一國行動黨,32,
2020年區域立委選舉,2020,臺北市,士林區,福佳里,臺北市第02選區,5,孫大千,中國國民黨,1902,
2020年區域立委選舉,2020,臺北市,士林區,福佳里,臺北市第02選區,6,熊嘉玲,合一行動聯盟,61,
2020年區域立委選舉,2020,臺北市,士林區,後港里,臺北市第02選區,1,何志偉,民主進步黨,3278,*
2020年區域立委選舉,2020,臺北市,士林區,後港里,臺北市第02選區,2,郭啟源,中華統一促進黨,7,
2020年區域立委選舉,2020,臺北市,士林區,後港里,臺北市第02選區,3,巫超勝,宗教聯盟,10,
2020年區域立委選舉,2020,臺北市,士林區,後港里,臺北市第02選區,4,陳民乾,一邊一國行動黨,26,
2020年區域立委選舉,2020,臺北市,士林區,後港里,臺北市第02選區,5,孫大千,中國國民黨,1752,
2020年區域立委選舉,2020,臺北市,士林區,後港里,臺北市第02選區,6,熊嘉玲,合一行動聯盟,55,
2020年區域立委選舉,2020,臺北市,士林區,福中里,臺北市第02選區,1,何志偉,民主進步黨,2775,*
2020年區域立委選舉,2020,臺北市,士林區,福中里,臺北市第02選區,2,郭啟源,中華統一促進黨,14,
2020年區域立委選舉,2020,臺北市,士林區,福中里,臺北市第02選區,3,巫超勝,宗教聯盟,7,
2020年區域立委選舉,2020,臺北市,士林區,福中里,臺北市第02選區,4,陳民乾,一邊一國行動黨,13,
2020年區域立委選舉,2020,臺北市,士林區,福中里,臺北市第02選區,5,孫大千,中國國民黨,1427,
2020年區域立委選舉,2020,臺北市,士林區,福中里,臺北市第02選區,6,熊嘉玲,合一行動聯盟,61,
2020年區域立委選舉,2020,臺北市,士林區,前港里,臺北市第02選區,1,何志偉,民主進步黨,1802,*
2020年區域立委選舉,2020,臺北市,士林區,前港里,臺北市第02選區,2,郭啟源,中華統一促進黨,12,
2020年區域立委選舉,2020,臺北市,士林區,前港里,臺北市第02選區,3,巫超勝,宗教聯盟,7,
2020年區域立委選舉,2020,臺北市,士林區,前港里,臺北市第02選區,4,陳民乾,一邊一國行動黨,24,
2020年區域立委選舉,2020,臺北市,士林區,前港里,臺北市第02選區,5,孫大千,中國國民黨,965,
2020年區域立委選舉,2020,臺北市,士林區,前港里,臺北市第02選區,6,熊嘉玲,合一行動聯盟,27,
2020年區域立委選舉,2020,臺北市,士林區,百齡里,臺北市第02選區,1,何志偉,民主進步黨,2930,*
2020年區域立委選舉,2020,臺北市,士林區,百齡里,臺北市第02選區,2,郭啟源,中華統一促進黨,11,
2020年區域立委選舉,2020,臺北市,士林區,百齡里,臺北市第02選區,3,巫超勝,宗教聯盟,7,
2020年區域立委選舉,2020,臺北市,士林區,百齡里,臺北市第02選區,4,陳民乾,一邊一國行動黨,26,
2020年區域立委選舉,2020,臺北市,士林區,百齡里,臺北市第02選區,5,孫大千,中國國民黨,1475,
2020年區域立委選舉,2020,臺北市,士林區,百齡里,臺北市第02選區,6,熊嘉玲,合一行動聯盟,56,
2020年區域立委選舉,2020,臺北市,士林區,承德里,臺北市第02選區,1,何志偉,民主進步黨,1920,*
2020年區域立委選舉,2020,臺北市,士林區,承德里,臺北市第02選區,2,郭啟源,中華統一促進黨,4,
2020年區域立委選舉,2020,臺北市,士林區,承德里,臺北市第02選區,3,巫超勝,宗教聯盟,3,
2020年區域立委選舉,2020,臺北市,士林區,承德里,臺北市第02選區,4,陳民乾,一邊一國行動黨,25,
2020年區域立委選舉,2020,臺北市,士林區,承德里,臺北市第02選區,5,孫大千,中國國民黨,1489,
2020年區域立委選舉,2020,臺北市,士林區,承德里,臺北市第02選區,6,熊嘉玲,合一行動聯盟,48,
2020年區域立委選舉,2020,臺北市,士林區,福華里,臺北市第02選區,1,何志偉,民主進步黨,2367,*
2020年區域立委選舉,2020,臺北市,士林區,福華里,臺北市第02選區,2,郭啟源,中華統一促進黨,5,
2020年區域立委選舉,2020,臺北市,士林區,福華里,臺北市第02選區,3,巫超勝,宗教聯盟,8,
2020年區域立委選舉,2020,臺北市,士林區,福華里,臺北市第02選區,4,陳民乾,一邊一國行動黨,19,
2020年區域立委選舉,2020,臺北市,士林區,福華里,臺北市第02選區,5,孫大千,中國國民黨,1416,
2020年區域立委選舉,2020,臺北市,士林區,福華里,臺北市第02選區,6,熊嘉玲,合一行動聯盟,51,
2020年區域立委選舉,2020,臺北市,士林區,明勝里,臺北市第02選區,1,何志偉,民主進步黨,1939,*
2020年區域立委選舉,2020,臺北市,士林區,明勝里,臺北市第02選區,2,郭啟源,中華統一促進黨,3,
2020年區域立委選舉,2020,臺北市,士林區,明勝里,臺北市第02選區,3,巫超勝,宗教聯盟,4,
2020年區域立委選舉,2020,臺北市,士林區,明勝里,臺北市第02選區,4,陳民乾,一邊一國行動黨,17,
2020年區域立委選舉,2020,臺北市,士林區,明勝里,臺北市第02選區,5,孫大千,中國國民黨,1208,
2020年區域立委選舉,2020,臺北市,士林區,明勝里,臺北市第02選區,6,熊嘉玲,合一行動聯盟,34,
2020年區域立委選舉,2020,臺北市,士林區,福順里,臺北市第02選區,1,何志偉,民主進步黨,2436,*
2020年區域立委選舉,2020,臺北市,士林區,福順里,臺北市第02選區,2,郭啟源,中華統一促進黨,6,
2020年區域立委選舉,2020,臺北市,士林區,福順里,臺北市第02選區,3,巫超勝,宗教聯盟,7,
2020年區域立委選舉,2020,臺北市,士林區,福順里,臺北市第02選區,4,陳民乾,一邊一國行動黨,25,
2020年區域立委選舉,2020,臺北市,士林區,福順里,臺北市第02選區,5,孫大千,中國國民黨,999,
2020年區域立委選舉,2020,臺北市,士林區,福順里,臺北市第02選區,6,熊嘉玲,合一行動聯盟,32,
2020年區域立委選舉,2020,臺北市,士林區,富光里,臺北市第02選區,1,何志偉,民主進步黨,2539,*
2020年區域立委選舉,2020,臺北市,士林區,富光里,臺北市第02選區,2,郭啟源,中華統一促進黨,8,
2020年區域立委選舉,2020,臺北市,士林區,富光里,臺北市第02選區,3,巫超勝,宗教聯盟,9,
2020年區域立委選舉,2020,臺北市,士林區,富光里,臺北市第02選區,4,陳民乾,一邊一國行動黨,29,
2020年區域立委選舉,2020,臺北市,士林區,富光里,臺北市第02選區,5,孫大千,中國國民黨,1080,
2020年區域立委選舉,2020,臺北市,士林區,富光里,臺北市第02選區,6,熊嘉玲,合一行動聯盟,43,
2020年區域立委選舉,2020,臺北市,士林區,葫蘆里,臺北市第02選區,1,何志偉,民主進步黨,3067,*
2020年區域立委選舉,2020,臺北市,士林區,葫蘆里,臺北市第02選區,2,郭啟源,中華統一促進黨,13,
2020年區域立委選舉,2020,臺北市,士林區,葫蘆里,臺北市第02選區,3,巫超勝,宗教聯盟,9,
2020年區域立委選舉,2020,臺北市,士林區,葫蘆里,臺北市第02選區,4,陳民乾,一邊一國行動黨,39,
2020年區域立委選舉,2020,臺北市,士林區,葫蘆里,臺北市第02選區,5,孫大千,中國國民黨,1716,
2020年區域立委選舉,2020,臺北市,士林區,葫蘆里,臺北市第02選區,6,熊嘉玲,合一行動聯盟,64,
2020年區域立委選舉,2020,臺北市,士林區,葫東里,臺北市第02選區,1,何志偉,民主進步黨,1761,*
2020年區域立委選舉,2020,臺北市,士林區,葫東里,臺北市第02選區,2,郭啟源,中華統一促進黨,7,
2020年區域立委選舉,2020,臺北市,士林區,葫東里,臺北市第02選區,3,巫超勝,宗教聯盟,8,
2020年區域立委選舉,2020,臺北市,士林區,葫東里,臺北市第02選區,4,陳民乾,一邊一國行動黨,23,
2020年區域立委選舉,2020,臺北市,士林區,葫東里,臺北市第02選區,5,孫大千,中國國民黨,794,
2020年區域立委選舉,2020,臺北市,士林區,葫東里,臺北市第02選區,6,熊嘉玲,合一行動聯盟,41,
2020年區域立委選舉,2020,臺北市,士林區,社子里,臺北市第02選區,1,何志偉,民主進步黨,2770,*
2020年區域立委選舉,2020,臺北市,士林區,社子里,臺北市第02選區,2,郭啟源,中華統一促進黨,10,
2020年區域立委選舉,2020,臺北市,士林區,社子里,臺北市第02選區,3,巫超勝,宗教聯盟,6,
2020年區域立委選舉,2020,臺北市,士林區,社子里,臺北市第02選區,4,陳民乾,一邊一國行動黨,87,
2020年區域立委選舉,2020,臺北市,士林區,社子里,臺北市第02選區,5,孫大千,中國國民黨,1174,
2020年區域立委選舉,2020,臺北市,士林區,社子里,臺北市第02選區,6,熊嘉玲,合一行動聯盟,37,
2020年區域立委選舉,2020,臺北市,士林區,社新里,臺北市第02選區,1,何志偉,民主進步黨,3935,*
2020年區域立委選舉,2020,臺北市,士林區,社新里,臺北市第02選區,2,郭啟源,中華統一促進黨,14,
2020年區域立委選舉,2020,臺北市,士林區,社新里,臺北市第02選區,3,巫超勝,宗教聯盟,11,
2020年區域立委選舉,2020,臺北市,士林區,社新里,臺北市第02選區,4,陳民乾,一邊一國行動黨,37,
2020年區域立委選舉,2020,臺北市,士林區,社新里,臺北市第02選區,5,孫大千,中國國民黨,1671,
2020年區域立委選舉,2020,臺北市,士林區,社新里,臺北市第02選區,6,熊嘉玲,合一行動聯盟,51,
2020年區域立委選舉,2020,臺北市,士林區,社園里,臺北市第02選區,1,何志偉,民主進步黨,3392,*
2020年區域立委選舉,2020,臺北市,士林區,社園里,臺北市第02選區,2,郭啟源,中華統一促進黨,5,
2020年區域立委選舉,2020,臺北市,士林區,社園里,臺北市第02選區,3,巫超勝,宗教聯盟,6,
2020年區域立委選舉,2020,臺北市,士林區,社園里,臺北市第02選區,4,陳民乾,一邊一國行動黨,54,
2020年區域立委選舉,2020,臺北市,士林區,社園里,臺北市第02選區,5,孫大千,中國國民黨,1161,
2020年區域立委選舉,2020,臺北市,士林區,社園里,臺北市第02選區,6,熊嘉玲,合一行動聯盟,36,
2020年區域立委選舉,2020,臺北市,士林區,永倫里,臺北市第02選區,1,何志偉,民主進步黨,3150,*
2020年區域立委選舉,2020,臺北市,士林區,永倫里,臺北市第02選區,2,郭啟源,中華統一促進黨,4,
2020年區域立委選舉,2020,臺北市,士林區,永倫里,臺北市第02選區,3,巫超勝,宗教聯盟,6,
2020年區域立委選舉,2020,臺北市,士林區,永倫里,臺北市第02選區,4,陳民乾,一邊一國行動黨,40,
2020年區域立委選舉,2020,臺北市,士林區,永倫里,臺北市第02選區,5,孫大千,中國國民黨,1320,
2020年區域立委選舉,2020,臺北市,士林區,永倫里,臺北市第02選區,6,熊嘉玲,合一行動聯盟,44,
2020年區域立委選舉,2020,臺北市,士林區,福安里,臺北市第02選區,1,何志偉,民主進步黨,2521,*
2020年區域立委選舉,2020,臺北市,士林區,福安里,臺北市第02選區,2,郭啟源,中華統一促進黨,6,
2020年區域立委選舉,2020,臺北市,士林區,福安里,臺北市第02選區,3,巫超勝,宗教聯盟,8,
2020年區域立委選舉,2020,臺北市,士林區,福安里,臺北市第02選區,4,陳民乾,一邊一國行動黨,33,
2020年區域立委選舉,2020,臺北市,士林區,福安里,臺北市第02選區,5,孫大千,中國國民黨,499,
2020年區域立委選舉,2020,臺北市,士林區,福安里,臺北市第02選區,6,熊嘉玲,合一行動聯盟,23,
2020年區域立委選舉,2020,臺北市,士林區,富洲里,臺北市第02選區,1,何志偉,民主進步黨,3034,*
2020年區域立委選舉,2020,臺北市,士林區,富洲里,臺北市第02選區,2,郭啟源,中華統一促進黨,13,
2020年區域立委選舉,2020,臺北市,士林區,富洲里,臺北市第02選區,3,巫超勝,宗教聯盟,4,
2020年區域立委選舉,2020,臺北市,士林區,富洲里,臺北市第02選區,4,陳民乾,一邊一國行動黨,29,
2020年區域立委選舉,2020,臺北市,士林區,富洲里,臺北市第02選區,5,孫大千,中國國民黨,786,
2020年區域立委選舉,2020,臺北市,士林區,富洲里,臺北市第02選區,6,熊嘉玲,合一行動聯盟,30,
2020年區域立委選舉,2020,臺北市,士林區,岩山里,臺北市第02選區,1,何志偉,民主進步黨,1114,*
2020年區域立委選舉,2020,臺北市,士林區,岩山里,臺北市第02選區,2,郭啟源,中華統一促進黨,5,
2020年區域立委選舉,2020,臺北市,士林區,岩山里,臺北市第02選區,3,巫超勝,宗教聯盟,3,
2020年區域立委選舉,2020,臺北市,士林區,岩山里,臺北市第02選區,4,陳民乾,一邊一國行動黨,10,
2020年區域立委選舉,2020,臺北市,士林區,岩山里,臺北市第02選區,5,孫大千,中國國民黨,1010,
2020年區域立委選舉,2020,臺北市,士林區,岩山里,臺北市第02選區,6,熊嘉玲,合一行動聯盟,35,
2020年區域立委選舉,2020,臺北市,士林區,名山里,臺北市第02選區,1,何志偉,民主進步黨,2421,*
2020年區域立委選舉,2020,臺北市,士林區,名山里,臺北市第02選區,2,郭啟源,中華統一促進黨,12,
2020年區域立委選舉,2020,臺北市,士林區,名山里,臺北市第02選區,3,巫超勝,宗教聯盟,10,
2020年區域立委選舉,2020,臺北市,士林區,名山里,臺北市第02選區,4,陳民乾,一邊一國行動黨,16,
2020年區域立委選舉,2020,臺北市,士林區,名山里,臺北市第02選區,5,孫大千,中國國民黨,2031,
2020年區域立委選舉,2020,臺北市,士林區,名山里,臺北市第02選區,6,熊嘉玲,合一行動聯盟,56,
2020年區域立委選舉,2020,臺北市,士林區,德行里,臺北市第01選區,1,王郁揚,無黨籍及未經政黨推薦,68,
2020年區域立委選舉,2020,臺北市,士林區,德行里,臺北市第01選區,2,吳思瑤,民主進步黨,1549,*
2020年區域立委選舉,2020,臺北市,士林區,德行里,臺北市第01選區,3,李婉鈺,一邊一國行動黨,84,
2020年區域立委選舉,2020,臺北市,士林區,德行里,臺北市第01選區,4,孫士堅,合一行動聯盟,4,
2020年區域立委選舉,2020,臺北市,士林區,德行里,臺北市第01選區,5,賴宗育,人民民主黨,30,
2020年區域立委選舉,2020,臺北市,士林區,德行里,臺北市第01選區,6,方儉,綠黨,38,
2020年區域立委選舉,2020,臺北市,士林區,德行里,臺北市第01選區,7,汪志冰,中國國民黨,1137,
2020年區域立委選舉,2020,臺北市,士林區,德華里,臺北市第01選區,1,王郁揚,無黨籍及未經政黨推薦,52,
2020年區域立委選舉,2020,臺北市,士林區,德華里,臺北市第01選區,2,吳思瑤,民主進步黨,1997,*
2020年區域立委選舉,2020,臺北市,士林區,德華里,臺北市第01選區,3,李婉鈺,一邊一國行動黨,107,
2020年區域立委選舉,2020,臺北市,士林區,德華里,臺北市第01選區,4,孫士堅,合一行動聯盟,13,
2020年區域立委選舉,2020,臺北市,士林區,德華里,臺北市第01選區,5,賴宗育,人民民主黨,27,
2020年區域立委選舉,2020,臺北市,士林區,德華里,臺北市第01選區,6,方儉,綠黨,37,
2020年區域立委選舉,2020,臺北市,士林區,德華里,臺北市第01選區,7,汪志冰,中國國民黨,1363,
2020年區域立委選舉,2020,臺北市,士林區,聖山里,臺北市第02選區,1,何志偉,民主進步黨,1598,*
2020年區域立委選舉,2020,臺北市,士林區,聖山里,臺北市第02選區,2,郭啟源,中華統一促進黨,8,
2020年區域立委選舉,2020,臺北市,士林區,聖山里,臺北市第02選區,3,巫超勝,宗教聯盟,7,
2020年區域立委選舉,2020,臺北市,士林區,聖山里,臺北市第02選區,4,陳民乾,一邊一國行動黨,14,
2020年區域立委選舉,2020,臺北市,士林區,聖山里,臺北市第02選區,5,孫大千,中國國民黨,1601,
2020年區域立委選舉,2020,臺北市,士林區,聖山里,臺北市第02選區,6,熊嘉玲,合一行動聯盟,33,
2020年區域立委選舉,2020,臺北市,士林區,忠誠里,臺北市第01選區,1,王郁揚,無黨籍及未經政黨推薦,64,
2020年區域立委選舉,2020,臺北市,士林區,忠誠里,臺北市第01選區,2,吳思瑤,民主進步黨,1406,*
2020年區域立委選舉,2020,臺北市,士林區,忠誠里,臺北市第01選區,3,李婉鈺,一邊一國行動黨,87,
2020年區域立委選舉,2020,臺北市,士林區,忠誠里,臺北市第01選區,4,孫士堅,合一行動聯盟,12,
2020年區域立委選舉,2020,臺北市,士林區,忠誠里,臺北市第01選區,5,賴宗育,人民民主黨,23,
2020年區域立委選舉,2020,臺北市,士林區,忠誠里,臺北市第01選區,6,方儉,綠黨,38,
2020年區域立委選舉,2020,臺北市,士林區,忠誠里,臺北市第01選區,7,汪志冰,中國國民黨,1992,
2020年區域立委選舉,2020,臺北市,士林區,芝山里,臺北市第02選區,1,何志偉,民主進步黨,2608,*
2020年區域立委選舉,2020,臺北市,士林區,芝山里,臺北市第02選區,2,郭啟源,中華統一促進黨,10,
2020年區域立委選舉,2020,臺北市,士林區,芝山里,臺北市第02選區,3,巫超勝,宗教聯盟,10,
2020年區域立委選舉,2020,臺北市,士林區,芝山里,臺北市第02選區,4,陳民乾,一邊一國行動黨,24,
2020年區域立委選舉,2020,臺北市,士林區,芝山里,臺北市第02選區,5,孫大千,中國國民黨,2097,
2020年區域立委選舉,2020,臺北市,士林區,芝山里,臺北市第02選區,6,熊嘉玲,合一行動聯盟,53,
2020年區域立委選舉,2020,臺北市,士林區,東山里,臺北市第02選區,1,何志偉,民主進步黨,1545,*
2020年區域立委選舉,2020,臺北市,士林區,東山里,臺北市第02選區,2,郭啟源,中華統一促進黨,6,
2020年區域立委選舉,2020,臺北市,士林區,東山里,臺北市第02選區,3,巫超勝,宗教聯盟,4,
2020年區域立委選舉,2020,臺北市,士林區,東山里,臺北市第02選區,4,陳民乾,一邊一國行動黨,6,
2020年區域立委選舉,2020,臺北市,士林區,東山里,臺北市第02選區,5,孫大千,中國國民黨,1669,
2020年區域立委選舉,2020,臺北市,士林區,東山里,臺北市第02選區,6,熊嘉玲,合一行動聯盟,46,
2020年區域立委選舉,2020,臺北市,士林區,三玉里,臺北市第01選區,1,王郁揚,無黨籍及未經政黨推薦,72,
2020年區域立委選舉,2020,臺北市,士林區,三玉里,臺北市第01選區,2,吳思瑤,民主進步黨,1940,*
2020年區域立委選舉,2020,臺北市,士林區,三玉里,臺北市第01選區,3,李婉鈺,一邊一國行動黨,96,
2020年區域立委選舉,2020,臺北市,士林區,三玉里,臺北市第01選區,4,孫士堅,合一行動聯盟,7,
2020年區域立委選舉,2020,臺北市,士林區,三玉里,臺北市第01選區,5,賴宗育,人民民主黨,34,
2020年區域立委選舉,2020,臺北市,士林區,三玉里,臺北市第01選區,6,方儉,綠黨,46,
2020年區域立委選舉,2020,臺北市,士林區,三玉里,臺北市第01選區,7,汪志冰,中國國民黨,1570,
2020年區域立委選舉,2020,臺北市,士林區,蘭雅里,臺北市第01選區,1,王郁揚,無黨籍及未經政黨推薦,115,
2020年區域立委選舉,2020,臺北市,士林區,蘭雅里,臺北市第01選區,2,吳思瑤,民主進步黨,2889,*
2020年區域立委選舉,2020,臺北市,士林區,蘭雅里,臺北市第01選區,3,李婉鈺,一邊一國行動黨,159,
2020年區域立委選舉,2020,臺北市,士林區,蘭雅里,臺北市第01選區,4,孫士堅,合一行動聯盟,14,
2020年區域立委選舉,2020,臺北市,士林區,蘭雅里,臺北市第01選區,5,賴宗育,人民民主黨,47,
2020年區域立委選舉,2020,臺北市,士林區,蘭雅里,臺北市第01選區,6,方儉,綠黨,80,
2020年區域立委選舉,2020,臺北市,士林區,蘭雅里,臺北市第01選區,7,汪志冰,中國國民黨,2318,
2020年區域立委選舉,2020,臺北市,士林區,蘭興里,臺北市第01選區,1,王郁揚,無黨籍及未經政黨推薦,69,
2020年區域立委選舉,2020,臺北市,士林區,蘭興里,臺北市第01選區,2,吳思瑤,民主進步黨,2179,*
2020年區域立委選舉,2020,臺北市,士林區,蘭興里,臺北市第01選區,3,李婉鈺,一邊一國行動黨,96,
2020年區域立委選舉,2020,臺北市,士林區,蘭興里,臺北市第01選區,4,孫士堅,合一行動聯盟,17,
2020年區域立委選舉,2020,臺北市,士林區,蘭興里,臺北市第01選區,5,賴宗育,人民民主黨,45,
2020年區域立委選舉,2020,臺北市,士林區,蘭興里,臺北市第01選區,6,方儉,綠黨,40,
2020年區域立委選舉,2020,臺北市,士林區,蘭興里,臺北市第01選區,7,汪志冰,中國國民黨,1664,
2020年區域立委選舉,2020,臺北市,士林區,天福里,臺北市第01選區,1,王郁揚,無黨籍及未經政黨推薦,79,
2020年區域立委選舉,2020,臺北市,士林區,天福里,臺北市第01選區,2,吳思瑤,民主進步黨,2020,*
2020年區域立委選舉,2020,臺北市,士林區,天福里,臺北市第01選區,3,李婉鈺,一邊一國行動黨,106,
2020年區域立委選舉,2020,臺北市,士林區,天福里,臺北市第01選區,4,孫士堅,合一行動聯盟,13,
2020年區域立委選舉,2020,臺北市,士林區,天福里,臺北市第01選區,5,賴宗育,人民民主黨,20,
2020年區域立委選舉,2020,臺北市,士林區,天福里,臺北市第01選區,6,方儉,綠黨,41,
2020年區域立委選舉,2020,臺北市,士林區,天福里,臺北市第01選區,7,汪志冰,中國國民黨,1733,
2020年區域立委選舉,2020,臺北市,士林區,天祿里,臺北市第01選區,1,王郁揚,無黨籍及未經政黨推薦,56,
2020年區域立委選舉,2020,臺北市,士林區,天祿里,臺北市第01選區,2,吳思瑤,民主進步黨,1810,*
2020年區域立委選舉,2020,臺北市,士林區,天祿里,臺北市第01選區,3,李婉鈺,一邊一國行動黨,90,
2020年區域立委選舉,2020,臺北市,士林區,天祿里,臺北市第01選區,4,孫士堅,合一行動聯盟,9,
2020年區域立委選舉,2020,臺北市,士林區,天祿里,臺北市第01選區,5,賴宗育,人民民主黨,27,
2020年區域立委選舉,2020,臺北市,士林區,天祿里,臺北市第01選區,6,方儉,綠黨,37,
2020年區域立委選舉,2020,臺北市,士林區,天祿里,臺北市第01選區,7,汪志冰,中國國民黨,1322,
2020年區域立委選舉,2020,臺北市,士林區,天壽里,臺北市第01選區,1,王郁揚,無黨籍及未經政黨推薦,67,
2020年區域立委選舉,2020,臺北市,士林區,天壽里,臺北市第01選區,2,吳思瑤,民主進步黨,1573,*
2020年區域立委選舉,2020,臺北市,士林區,天壽里,臺北市第01選區,3,李婉鈺,一邊一國行動黨,79,
2020年區域立委選舉,2020,臺北市,士林區,天壽里,臺北市第01選區,4,孫士堅,合一行動聯盟,9,
2020年區域立委選舉,2020,臺北市,士林區,天壽里,臺北市第01選區,5,賴宗育,人民民主黨,23,
2020年區域立委選舉,2020,臺北市,士林區,天壽里,臺北市第01選區,6,方儉,綠黨,34,
2020年區域立委選舉,2020,臺北市,士林區,天壽里,臺北市第01選區,7,汪志冰,中國國民黨,1405,
2020年區域立委選舉,2020,臺北市,士林區,天和里,臺北市第01選區,1,王郁揚,無黨籍及未經政黨推薦,81,
2020年區域立委選舉,2020,臺北市,士林區,天和里,臺北市第01選區,2,吳思瑤,民主進步黨,2345,*
2020年區域立委選舉,2020,臺北市,士林區,天和里,臺北市第01選區,3,李婉鈺,一邊一國行動黨,116,
2020年區域立委選舉,2020,臺北市,士林區,天和里,臺北市第01選區,4,孫士堅,合一行動聯盟,17,
2020年區域立委選舉,2020,臺北市,士林區,天和里,臺北市第01選區,5,賴宗育,人民民主黨,33,
2020年區域立委選舉,2020,臺北市,士林區,天和里,臺北市第01選區,6,方儉,綠黨,81,
2020年區域立委選舉,2020,臺北市,士林區,天和里,臺北市第01選區,7,汪志冰,中國國民黨,2046,
2020年區域立委選舉,2020,臺北市,士林區,天山里,臺北市第01選區,1,王郁揚,無黨籍及未經政黨推薦,76,
2020年區域立委選舉,2020,臺北市,士林區,天山里,臺北市第01選區,2,吳思瑤,民主進步黨,2124,*
2020年區域立委選舉,2020,臺北市,士林區,天山里,臺北市第01選區,3,李婉鈺,一邊一國行動黨,121,
2020年區域立委選舉,2020,臺北市,士林區,天山里,臺北市第01選區,4,孫士堅,合一行動聯盟,6,
2020年區域立委選舉,2020,臺北市,士林區,天山里,臺北市第01選區,5,賴宗育,人民民主黨,32,
2020年區域立委選舉,2020,臺北市,士林區,天山里,臺北市第01選區,6,方儉,綠黨,61,
2020年區域立委選舉,2020,臺北市,士林區,天山里,臺北市第01選區,7,汪志冰,中國國民黨,2010,
2020年區域立委選舉,2020,臺北市,士林區,天玉里,臺北市第01選區,1,王郁揚,無黨籍及未經政黨推薦,84,
2020年區域立委選舉,2020,臺北市,士林區,天玉里,臺北市第01選區,2,吳思瑤,民主進步黨,2739,*
2020年區域立委選舉,2020,臺北市,士林區,天玉里,臺北市第01選區,3,李婉鈺,一邊一國行動黨,152,
2020年區域立委選舉,2020,臺北市,士林區,天玉里,臺北市第01選區,4,孫士堅,合一行動聯盟,12,
2020年區域立委選舉,2020,臺北市,士林區,天玉里,臺北市第01選區,5,賴宗育,人民民主黨,48,
2020年區域立委選舉,2020,臺北市,士林區,天玉里,臺北市第01選區,6,方儉,綠黨,69,
2020年區域立委選舉,2020,臺北市,士林區,天玉里,臺北市第01選區,7,汪志冰,中國國民黨,2294,
2020年區域立委選舉,2020,臺北市,士林區,天母里,臺北市第01選區,1,王郁揚,無黨籍及未經政黨推薦,75,
2020年區域立委選舉,2020,臺北市,士林區,天母里,臺北市第01選區,2,吳思瑤,民主進步黨,1989,*
2020年區域立委選舉,2020,臺北市,士林區,天母里,臺北市第01選區,3,李婉鈺,一邊一國行動黨,105,
2020年區域立委選舉,2020,臺北市,士林區,天母里,臺北市第01選區,4,孫士堅,合一行動聯盟,11,
2020年區域立委選舉,2020,臺北市,士林區,天母里,臺北市第01選區,5,賴宗育,人民民主黨,38,
2020年區域立委選舉,2020,臺北市,士林區,天母里,臺北市第01選區,6,方儉,綠黨,59,
2020年區域立委選舉,2020,臺北市,士林區,天母里,臺北市第01選區,7,汪志冰,中國國民黨,1875,
2020年區域立委選舉,2020,臺北市,士林區,永福里,臺北市第02選區,1,何志偉,民主進步黨,539,*
2020年區域立委選舉,2020,臺北市,士林區,永福里,臺北市第02選區,2,郭啟源,中華統一促進黨,0,
2020年區域立委選舉,2020,臺北市,士林區,永福里,臺北市第02選區,3,巫超勝,宗教聯盟,1,
2020年區域立委選舉,2020,臺北市,士林區,永福里,臺北市第02選區,4,陳民乾,一邊一國行動黨,4,
2020年區域立委選舉,2020,臺北市,士林區,永福里,臺北市第02選區,5,孫大千,中國國民黨,253,
2020年區域立委選舉,2020,臺北市,士林區,永福里,臺北市第02選區,6,熊嘉玲,合一行動聯盟,11,
2020年區域立委選舉,2020,臺北市,士林區,公館里,臺北市第02選區,1,何志偉,民主進步黨,671,*
2020年區域立委選舉,2020,臺北市,士林區,公館里,臺北市第02選區,2,郭啟源,中華統一促進黨,1,
2020年區域立委選舉,2020,臺北市,士林區,公館里,臺北市第02選區,3,巫超勝,宗教聯盟,4,
2020年區域立委選舉,2020,臺北市,士林區,公館里,臺北市第02選區,4,陳民乾,一邊一國行動黨,1,
2020年區域立委選舉,2020,臺北市,士林區,公館里,臺北市第02選區,5,孫大千,中國國民黨,207,
2020年區域立委選舉,2020,臺北市,士林區,公館里,臺北市第02選區,6,熊嘉玲,合一行動聯盟,6,
2020年區域立委選舉,2020,臺北市,士林區,新安里,臺北市第02選區,1,何志偉,民主進步黨,822,*
2020年區域立委選舉,2020,臺北市,士林區,新安里,臺北市第02選區,2,郭啟源,中華統一促進黨,1,
2020年區域立委選舉,2020,臺北市,士林區,新安里,臺北市第02選區,3,巫超勝,宗教聯盟,3,
2020年區域立委選舉,2020,臺北市,士林區,新安里,臺北市第02選區,4,陳民乾,一邊一國行動黨,5,
2020年區域立委選舉,2020,臺北市,士林區,新安里,臺北市第02選區,5,孫大千,中國國民黨,401,
2020年區域立委選舉,2020,臺北市,士林區,新安里,臺北市第02選區,6,熊嘉玲,合一行動聯盟,15,
2020年區域立委選舉,2020,臺北市,士林區,陽明里,臺北市第02選區,1,何志偉,民主進步黨,1063,*
2020年區域立委選舉,2020,臺北市,士林區,陽明里,臺北市第02選區,2,郭啟源,中華統一促進黨,7,
2020年區域立委選舉,2020,臺北市,士林區,陽明里,臺北市第02選區,3,巫超勝,宗教聯盟,6,
2020年區域立委選舉,2020,臺北市,士林區,陽明里,臺北市第02選區,4,陳民乾,一邊一國行動黨,14,
2020年區域立委選舉,2020,臺北市,士林區,陽明里,臺北市第02選區,5,孫大千,中國國民黨,737,
2020年區域立委選舉,2020,臺北市,士林區,陽明里,臺北市第02選區,6,熊嘉玲,合一行動聯盟,26,
2020年區域立委選舉,2020,臺北市,士林區,菁山里,臺北市第02選區,1,何志偉,民主進步黨,705,*
2020年區域立委選舉,2020,臺北市,士林區,菁山里,臺北市第02選區,2,郭啟源,中華統一促進黨,5,
2020年區域立委選舉,2020,臺北市,士林區,菁山里,臺北市第02選區,3,巫超勝,宗教聯盟,1,
2020年區域立委選舉,2020,臺北市,士林區,菁山里,臺北市第02選區,4,陳民乾,一邊一國行動黨,4,
2020年區域立委選舉,2020,臺北市,士林區,菁山里,臺北市第02選區,5,孫大千,中國國民黨,310,
2020年區域立委選舉,2020,臺北市,士林區,菁山里,臺北市第02選區,6,熊嘉玲,合一行動聯盟,14,
2020年區域立委選舉,2020,臺北市,士林區,平等里,臺北市第02選區,1,何志偉,民主進步黨,771,*
2020年區域立委選舉,2020,臺北市,士林區,平等里,臺北市第02選區,2,郭啟源,中華統一促進黨,2,
2020年區域立委選舉,2020,臺北市,士林區,平等里,臺北市第02選區,3,巫超勝,宗教聯盟,2,
2020年區域立委選舉,2020,臺北市,士林區,平等里,臺北市第02選區,4,陳民乾,一邊一國行動黨,3,
2020年區域立委選舉,2020,臺北市,士林區,平等里,臺北市第02選區,5,孫大千,中國國民黨,207,
2020年區域立委選舉,2020,臺北市,士林區,平等里,臺北市第02選區,6,熊嘉玲,合一行動聯盟,7,
2020年區域立委選舉,2020,臺北市,士林區,溪山里,臺北市第02選區,1,何志偉,民主進步黨,664,*
2020年區域立委選舉,2020,臺北市,士林區,溪山里,臺北市第02選區,2,郭啟源,中華統一促進黨,1,
2020年區域立委選舉,2020,臺北市,士林區,溪山里,臺北市第02選區,3,巫超勝,宗教聯盟,6,
2020年區域立委選舉,2020,臺北市,士林區,溪山里,臺北市第02選區,4,陳民乾,一邊一國行動黨,3,
2020年區域立委選舉,2020,臺北市,士林區,溪山里,臺北市第02選區,5,孫大千,中國國民黨,258,
2020年區域立委選舉,2020,臺北市,士林區,溪山里,臺北市第02選區,6,熊嘉玲,合一行動聯盟,11,
2020年區域立委選舉,2020,臺北市,士林區,翠山里,臺北市第02選區,1,何志偉,民主進步黨,615,*
2020年區域立委選舉,2020,臺北市,士林區,翠山里,臺北市第02選區,2,郭啟源,中華統一促進黨,1,
2020年區域立委選舉,2020,臺北市,士林區,翠山里,臺北市第02選區,3,巫超勝,宗教聯盟,6,
2020年區域立委選舉,2020,臺北市,士林區,翠山里,臺北市第02選區,4,陳民乾,一邊一國行動黨,8,
2020年區域立委選舉,2020,臺北市,士林區,翠山里,臺北市第02選區,5,孫大千,中國國民黨,1116,
2020年區域立委選舉,2020,臺北市,士林區,翠山里,臺北市第02選區,6,熊嘉玲,合一行動聯盟,34,
2020年區域立委選舉,2020,臺北市,士林區,臨溪里,臺北市第02選區,1,何志偉,民主進步黨,938,*
2020年區域立委選舉,2020,臺北市,士林區,臨溪里,臺北市第02選區,2,郭啟源,中華統一促進黨,2,
2020年區域立委選舉,2020,臺北市,士林區,臨溪里,臺北市第02選區,3,巫超勝,宗教聯盟,2,
2020年區域立委選舉,2020,臺北市,士林區,臨溪里,臺北市第02選區,4,陳民乾,一邊一國行動黨,15,
2020年區域立委選舉,2020,臺北市,士林區,臨溪里,臺北市第02選區,5,孫大千,中國國民黨,840,
2020年區域立委選舉,2020,臺北市,士林區,臨溪里,臺北市第02選區,6,熊嘉玲,合一行動聯盟,31,
2020年區域立委選舉,2020,臺北市,北投區,建民里,臺北市第01選區,1,王郁揚,無黨籍及未經政黨推薦,56,
2020年區域立委選舉,2020,臺北市,北投區,建民里,臺北市第01選區,2,吳思瑤,民主進步黨,1534,*
2020年區域立委選舉,2020,臺北市,北投區,建民里,臺北市第01選區,3,李婉鈺,一邊一國行動黨,72,
2020年區域立委選舉,2020,臺北市,北投區,建民里,臺北市第01選區,4,孫士堅,合一行動聯盟,4,
2020年區域立委選舉,2020,臺北市,北投區,建民里,臺北市第01選區,5,賴宗育,人民民主黨,25,
2020年區域立委選舉,2020,臺北市,北投區,建民里,臺北市第01選區,6,方儉,綠黨,20,
2020年區域立委選舉,2020,臺北市,北投區,建民里,臺北市第01選區,7,汪志冰,中國國民黨,1125,
2020年區域立委選舉,2020,臺北市,北投區,文林里,臺北市第01選區,1,王郁揚,無黨籍及未經政黨推薦,51,
2020年區域立委選舉,2020,臺北市,北投區,文林里,臺北市第01選區,2,吳思瑤,民主進步黨,1557,*
2020年區域立委選舉,2020,臺北市,北投區,文林里,臺北市第01選區,3,李婉鈺,一邊一國行動黨,88,
2020年區域立委選舉,2020,臺北市,北投區,文林里,臺北市第01選區,4,孫士堅,合一行動聯盟,6,
2020年區域立委選舉,2020,臺北市,北投區,文林里,臺北市第01選區,5,賴宗育,人民民主黨,21,
2020年區域立委選舉,2020,臺北市,北投區,文林里,臺北市第01選區,6,方儉,綠黨,38,
2020年區域立委選舉,2020,臺北市,北投區,文林里,臺北市第01選區,7,汪志冰,中國國民黨,1080,
2020年區域立委選舉,2020,臺北市,北投區,石牌里,臺北市第01選區,1,王郁揚,無黨籍及未經政黨推薦,61,
2020年區域立委選舉,2020,臺北市,北投區,石牌里,臺北市第01選區,2,吳思瑤,民主進步黨,1934,*
2020年區域立委選舉,2020,臺北市,北投區,石牌里,臺北市第01選區,3,李婉鈺,一邊一國行動黨,139,
2020年區域立委選舉,2020,臺北市,北投區,石牌里,臺北市第01選區,4,孫士堅,合一行動聯盟,9,
2020年區域立委選舉,2020,臺北市,北投區,石牌里,臺北市第01選區,5,賴宗育,人民民主黨,33,
2020年區域立委選舉,2020,臺北市,北投區,石牌里,臺北市第01選區,6,方儉,綠黨,40,
2020年區域立委選舉,2020,臺北市,北投區,石牌里,臺北市第01選區,7,汪志冰,中國國民黨,1256,
2020年區域立委選舉,2020,臺北市,北投區,福興里,臺北市第01選區,1,王郁揚,無黨籍及未經政黨推薦,94,
2020年區域立委選舉,2020,臺北市,北投區,福興里,臺北市第01選區,2,吳思瑤,民主進步黨,2326,*
2020年區域立委選舉,2020,臺北市,北投區,福興里,臺北市第01選區,3,李婉鈺,一邊一國行動黨,236,
2020年區域立委選舉,2020,臺北市,北投區,福興里,臺北市第01選區,4,孫士堅,合一行動聯盟,12,
2020年區域立委選舉,2020,臺北市,北投區,福興里,臺北市第01選區,5,賴宗育,人民民主黨,53,
2020年區域立委選舉,2020,臺北市,北投區,福興里,臺北市第01選區,6,方儉,綠黨,36,
2020年區域立委選舉,2020,臺北市,北投區,福興里,臺北市第01選區,7,汪志冰,中國國民黨,1758,
2020年區域立委選舉,2020,臺北市,北投區,榮光里,臺北市第01選區,1,王郁揚,無黨籍及未經政黨推薦,92,
2020年區域立委選舉,2020,臺北市,北投區,榮光里,臺北市第01選區,2,吳思瑤,民主進步黨,2316,*
2020年區域立委選舉,2020,臺北市,北投區,榮光里,臺北市第01選區,3,李婉鈺,一邊一國行動黨,208,
2020年區域立委選舉,2020,臺北市,北投區,榮光里,臺北市第01選區,4,孫士堅,合一行動聯盟,8,
2020年區域立委選舉,2020,臺北市,北投區,榮光里,臺北市第01選區,5,賴宗育,人民民主黨,31,
2020年區域立委選舉,2020,臺北市,北投區,榮光里,臺北市第01選區,6,方儉,綠黨,38,
2020年區域立委選舉,2020,臺北市,北投區,榮光里,臺北市第01選區,7,汪志冰,中國國民黨,1772,
2020年區域立委選舉,2020,臺北市,北投區,榮華里,臺北市第01選區,1,王郁揚,無黨籍及未經政黨推薦,90,
2020年區域立委選舉,2020,臺北市,北投區,榮華里,臺北市第01選區,2,吳思瑤,民主進步黨,2425,*
2020年區域立委選舉,2020,臺北市,北投區,榮華里,臺北市第01選區,3,李婉鈺,一邊一國行動黨,125,
2020年區域立委選舉,2020,臺北市,北投區,榮華里,臺北市第01選區,4,孫士堅,合一行動聯盟,14,
2020年區域立委選舉,2020,臺北市,北投區,榮華里,臺北市第01選區,5,賴宗育,人民民主黨,41,
2020年區域立委選舉,2020,臺北市,北投區,榮華里,臺北市第01選區,6,方儉,綠黨,59,
2020年區域立委選舉,2020,臺北市,北投區,榮華里,臺北市第01選區,7,汪志冰,中國國民黨,2019,
2020年區域立委選舉,2020,臺北市,北投區,裕民里,臺北市第01選區,1,王郁揚,無黨籍及未經政黨推薦,126,
2020年區域立委選舉,2020,臺北市,北投區,裕民里,臺北市第01選區,2,吳思瑤,民主進步黨,2460,*
2020年區域立委選舉,2020,臺北市,北投區,裕民里,臺北市第01選區,3,李婉鈺,一邊一國行動黨,135,
2020年區域立委選舉,2020,臺北市,北投區,裕民里,臺北市第01選區,4,孫士堅,合一行動聯盟,27,
2020年區域立委選舉,2020,臺北市,北投區,裕民里,臺北市第01選區,5,賴宗育,人民民主黨,57,
2020年區域立委選舉,2020,臺北市,北投區,裕民里,臺北市第01選區,6,方儉,綠黨,46,
2020年區域立委選舉,2020,臺北市,北投區,裕民里,臺北市第01選區,7,汪志冰,中國國民黨,2058,
2020年區域立委選舉,2020,臺北市,北投區,振華里,臺北市第01選區,1,王郁揚,無黨籍及未經政黨推薦,78,
2020年區域立委選舉,2020,臺北市,北投區,振華里,臺北市第01選區,2,吳思瑤,民主進步黨,2382,*
2020年區域立委選舉,2020,臺北市,北投區,振華里,臺北市第01選區,3,李婉鈺,一邊一國行動黨,137,
2020年區域立委選舉,2020,臺北市,北投區,振華里,臺北市第01選區,4,孫士堅,合一行動聯盟,8,
2020年區域立委選舉,2020,臺北市,北投區,振華里,臺北市第01選區,5,賴宗育,人民民主黨,47,
2020年區域立委選舉,2020,臺北市,北投區,振華里,臺北市第01選區,6,方儉,綠黨,48,
2020年區域立委選舉,2020,臺北市,北投區,振華里,臺北市第01選區,7,汪志冰,中國國民黨,2098,
2020年區域立委選舉,2020,臺北市,北投區,永和里,臺北市第01選區,1,王郁揚,無黨籍及未經政黨推薦,113,
2020年區域立委選舉,2020,臺北市,北投區,永和里,臺北市第01選區,2,吳思瑤,民主進步黨,3010,*
2020年區域立委選舉,2020,臺北市,北投區,永和里,臺北市第01選區,3,李婉鈺,一邊一國行動黨,188,
2020年區域立委選舉,2020,臺北市,北投區,永和里,臺北市第01選區,4,孫士堅,合一行動聯盟,26,
2020年區域立委選舉,2020,臺北市,北投區,永和里,臺北市第01選區,5,賴宗育,人民民主黨,46,
2020年區域立委選舉,2020,臺北市,北投區,永和里,臺北市第01選區,6,方儉,綠黨,60,
2020年區域立委選舉,2020,臺北市,北投區,永和里,臺北市第01選區,7,汪志冰,中國國民黨,2351,
2020年區域立委選舉,2020,臺北市,北投區,永欣里,臺北市第01選區,1,王郁揚,無黨籍及未經政黨推薦,109,
2020年區域立委選舉,2020,臺北市,北投區,永欣里,臺北市第01選區,2,吳思瑤,民主進步黨,2385,*
2020年區域立委選舉,2020,臺北市,北投區,永欣里,臺北市第01選區,3,李婉鈺,一邊一國行動黨,146,
2020年區域立委選舉,2020,臺北市,北投區,永欣里,臺北市第01選區,4,孫士堅,合一行動聯盟,7,
2020年區域立委選舉,2020,臺北市,北投區,永欣里,臺北市第01選區,5,賴宗育,人民民主黨,59,
2020年區域立委選舉,2020,臺北市,北投區,永欣里,臺北市第01選區,6,方儉,綠黨,69,
2020年區域立委選舉,2020,臺北市,北投區,永欣里,臺北市第01選區,7,汪志冰,中國國民黨,2225,
2020年區域立委選舉,2020,臺北市,北投區,永明里,臺北市第01選區,1,王郁揚,無黨籍及未經政黨推薦,66,
2020年區域立委選舉,2020,臺北市,北投區,永明里,臺北市第01選區,2,吳思瑤,民主進步黨,1533,*
2020年區域立委選舉,2020,臺北市,北投區,永明里,臺北市第01選區,3,李婉鈺,一邊一國行動黨,104,
2020年區域立委選舉,2020,臺北市,北投區,永明里,臺北市第01選區,4,孫士堅,合一行動聯盟,10,
2020年區域立委選舉,2020,臺北市,北投區,永明里,臺北市第01選區,5,賴宗育,人民民主黨,27,
2020年區域立委選舉,2020,臺北市,北投區,永明里,臺北市第01選區,6,方儉,綠黨,33,
2020年區域立委選舉,2020,臺北市,北投區,永明里,臺北市第01選區,7,汪志冰,中國國民黨,1305,
2020年區域立委選舉,2020,臺北市,北投區,東華里,臺北市第01選區,1,王郁揚,無黨籍及未經政黨推薦,57,
2020年區域立委選舉,2020,臺北市,北投區,東華里,臺北市第01選區,2,吳思瑤,民主進步黨,1364,*
2020年區域立委選舉,2020,臺北市,北投區,東華里,臺北市第01選區,3,李婉鈺,一邊一國行動黨,87,
2020年區域立委選舉,2020,臺北市,北投區,東華里,臺北市第01選區,4,孫士堅,合一行動聯盟,5,
2020年區域立委選舉,2020,臺北市,北投區,東華里,臺北市第01選區,5,賴宗育,人民民主黨,22,
2020年區域立委選舉,2020,臺北市,北投區,東華里,臺北市第01選區,6,方儉,綠黨,36,
2020年區域立委選舉,2020,臺北市,北投區,東華里,臺北市第01選區,7,汪志冰,中國國民黨,1301,
2020年區域立委選舉,2020,臺北市,北投區,吉利里,臺北市第01選區,1,王郁揚,無黨籍及未經政黨推薦,101,
2020年區域立委選舉,2020,臺北市,北投區,吉利里,臺北市第01選區,2,吳思瑤,民主進步黨,2031,*
2020年區域立委選舉,2020,臺北市,北投區,吉利里,臺北市第01選區,3,李婉鈺,一邊一國行動黨,155,
2020年區域立委選舉,2020,臺北市,北投區,吉利里,臺北市第01選區,4,孫士堅,合一行動聯盟,17,
2020年區域立委選舉,2020,臺北市,北投區,吉利里,臺北市第01選區,5,賴宗育,人民民主黨,43,
2020年區域立委選舉,2020,臺北市,北投區,吉利里,臺北市第01選區,6,方儉,綠黨,51,
2020年區域立委選舉,2020,臺北市,北投區,吉利里,臺北市第01選區,7,汪志冰,中國國民黨,1927,
2020年區域立委選舉,2020,臺北市,北投區,吉慶里,臺北市第01選區,1,王郁揚,無黨籍及未經政黨推薦,71,
2020年區域立委選舉,2020,臺北市,北投區,吉慶里,臺北市第01選區,2,吳思瑤,民主進步黨,1848,*
2020年區域立委選舉,2020,臺北市,北投區,吉慶里,臺北市第01選區,3,李婉鈺,一邊一國行動黨,119,
2020年區域立委選舉,2020,臺北市,北投區,吉慶里,臺北市第01選區,4,孫士堅,合一行動聯盟,9,
2020年區域立委選舉,2020,臺北市,北投區,吉慶里,臺北市第01選區,5,賴宗育,人民民主黨,31,
2020年區域立委選舉,2020,臺北市,北投區,吉慶里,臺北市第01選區,6,方儉,綠黨,28,
2020年區域立委選舉,2020,臺北市,北投區,吉慶里,臺北市第01選區,7,汪志冰,中國國民黨,1120,
2020年區域立委選舉,2020,臺北市,北投區,尊賢里,臺北市第01選區,1,王郁揚,無黨籍及未經政黨推薦,51,
2020年區域立委選舉,2020,臺北市,北投區,尊賢里,臺北市第01選區,2,吳思瑤,民主進步黨,1679,*
2020年區域立委選舉,2020,臺北市,北投區,尊賢里,臺北市第01選區,3,李婉鈺,一邊一國行動黨,111,
2020年區域立委選舉,2020,臺北市,北投區,尊賢里,臺北市第01選區,4,孫士堅,合一行動聯盟,6,
2020年區域立委選舉,2020,臺北市,北投區,尊賢里,臺北市第01選區,5,賴宗育,人民民主黨,32,
2020年區域立委選舉,2020,臺北市,北投區,尊賢里,臺北市第01選區,6,方儉,綠黨,24,
2020年區域立委選舉,2020,臺北市,北投區,尊賢里,臺北市第01選區,7,汪志冰,中國國民黨,1092,
2020年區域立委選舉,2020,臺北市,北投區,立賢里,臺北市第01選區,1,王郁揚,無黨籍及未經政黨推薦,77,
2020年區域立委選舉,2020,臺北市,北投區,立賢里,臺北市第01選區,2,吳思瑤,民主進步黨,1888,*
2020年區域立委選舉,2020,臺北市,北投區,立賢里,臺北市第01選區,3,李婉鈺,一邊一國行動黨,119,
2020年區域立委選舉,2020,臺北市,北投區,立賢里,臺北市第01選區,4,孫士堅,合一行動聯盟,7,
2020年區域立委選舉,2020,臺北市,北投區,立賢里,臺北市第01選區,5,賴宗育,人民民主黨,43,
2020年區域立委選舉,2020,臺北市,北投區,立賢里,臺北市第01選區,6,方儉,綠黨,46,
2020年區域立委選舉,2020,臺北市,北投區,立賢里,臺北市第01選區,7,汪志冰,中國國民黨,1267,
2020年區域立委選舉,2020,臺北市,北投區,立農里,臺北市第01選區,1,王郁揚,無黨籍及未經政黨推薦,134,
2020年區域立委選舉,2020,臺北市,北投區,立農里,臺北市第01選區,2,吳思瑤,民主進步黨,3162,*
2020年區域立委選舉,2020,臺北市,北投區,立農里,臺北市第01選區,3,李婉鈺,一邊一國行動黨,181,
2020年區域立委選舉,2020,臺北市,北投區,立農里,臺北市第01選區,4,孫士堅,合一行動聯盟,15,
2020年區域立委選舉,2020,臺北市,北投區,立農里,臺北市第01選區,5,賴宗育,人民民主黨,62,
2020年區域立委選舉,2020,臺北市,北投區,立農里,臺北市第01選區,6,方儉,綠黨,48,
2020年區域立委選舉,2020,臺北市,北投區,立農里,臺北市第01選區,7,汪志冰,中國國民黨,2181,
2020年區域立委選舉,2020,臺北市,北投區,八仙里,臺北市第01選區,1,王郁揚,無黨籍及未經政黨推薦,62,
2020年區域立委選舉,2020,臺北市,北投區,八仙里,臺北市第01選區,2,吳思瑤,民主進步黨,1961,*
2020年區域立委選舉,2020,臺北市,北投區,八仙里,臺北市第01選區,3,李婉鈺,一邊一國行動黨,127,
2020年區域立委選舉,2020,臺北市,北投區,八仙里,臺北市第01選區,4,孫士堅,合一行動聯盟,10,
2020年區域立委選舉,2020,臺北市,北投區,八仙里,臺北市第01選區,5,賴宗育,人民民主黨,39,
2020年區域立委選舉,2020,臺北市,北投區,八仙里,臺北市第01選區,6,方儉,綠黨,33,
2020年區域立委選舉,2020,臺北市,北投區,八仙里,臺北市第01選區,7,汪志冰,中國國民黨,1296,
2020年區域立委選舉,2020,臺北市,北投區,洲美里,臺北市第01選區,1,王郁揚,無黨籍及未經政黨推薦,28,
2020年區域立委選舉,2020,臺北市,北投區,洲美里,臺北市第01選區,2,吳思瑤,民主進步黨,922,*
2020年區域立委選舉,2020,臺北市,北投區,洲美里,臺北市第01選區,3,李婉鈺,一邊一國行動黨,56,
2020年區域立委選舉,2020,臺北市,北投區,洲美里,臺北市第01選區,4,孫士堅,合一行動聯盟,1,
2020年區域立委選舉,2020,臺北市,北投區,洲美里,臺北市第01選區,5,賴宗育,人民民主黨,8,
2020年區域立委選舉,2020,臺北市,北投區,洲美里,臺北市第01選區,6,方儉,綠黨,13,
2020年區域立委選舉,2020,臺北市,北投區,洲美里,臺北市第01選區,7,汪志冰,中國國民黨,367,
2020年區域立委選舉,2020,臺北市,北投區,奇岩里,臺北市第01選區,1,王郁揚,無黨籍及未經政黨推薦,124,
2020年區域立委選舉,2020,臺北市,北投區,奇岩里,臺北市第01選區,2,吳思瑤,民主進步黨,3532,*
2020年區域立委選舉,2020,臺北市,北投區,奇岩里,臺北市第01選區,3,李婉鈺,一邊一國行動黨,237,
2020年區域立委選舉,2020,臺北市,北投區,奇岩里,臺北市第01選區,4,孫士堅,合一行動聯盟,29,
2020年區域立委選舉,2020,臺北市,北投區,奇岩里,臺北市第01選區,5,賴宗育,人民民主黨,67,
2020年區域立委選舉,2020,臺北市,北投區,奇岩里,臺北市第01選區,6,方儉,綠黨,78,
2020年區域立委選舉,2020,臺北市,北投區,奇岩里,臺北市第01選區,7,汪志冰,中國國民黨,2700,
2020年區域立委選舉,2020,臺北市,北投區,清江里,臺北市第01選區,1,王郁揚,無黨籍及未經政黨推薦,113,
2020年區域立委選舉,2020,臺北市,北投區,清江里,臺北市第01選區,2,吳思瑤,民主進步黨,3033,*
2020年區域立委選舉,2020,臺北市,北投區,清江里,臺北市第01選區,3,李婉鈺,一邊一國行動黨,172,
2020年區域立委選舉,2020,臺北市,北投區,清江里,臺北市第01選區,4,孫士堅,合一行動聯盟,22,
2020年區域立委選舉,2020,臺北市,北投區,清江里,臺北市第01選區,5,賴宗育,人民民主黨,53,
2020年區域立委選舉,2020,臺北市,北投區,清江里,臺北市第01選區,6,方儉,綠黨,61,
2020年區域立委選舉,2020,臺北市,北投區,清江里,臺北市第01選區,7,汪志冰,中國國民黨,2066,
2020年區域立委選舉,2020,臺北市,北投區,中央里,臺北市第01選區,1,王郁揚,無黨籍及未經政黨推薦,98,
2020年區域立委選舉,2020,臺北市,北投區,中央里,臺北市第01選區,2,吳思瑤,民主進步黨,3035,*
2020年區域立委選舉,2020,臺北市,北投區,中央里,臺北市第01選區,3,李婉鈺,一邊一國行動黨,192,
2020年區域立委選舉,2020,臺北市,北投區,中央里,臺北市第01選區,4,孫士堅,合一行動聯盟,20,
2020年區域立委選舉,2020,臺北市,北投區,中央里,臺北市第01選區,5,賴宗育,人民民主黨,43,
2020年區域立委選舉,2020,臺北市,北投區,中央里,臺北市第01選區,6,方儉,綠黨,38,
2020年區域立委選舉,2020,臺北市,北投區,中央里,臺北市第01選區,7,汪志冰,中國國民黨,1864,
2020年區域立委選舉,2020,臺北市,北投區,長安里,臺北市第01選區,1,王郁揚,無黨籍及未經政黨推薦,70,
2020年區域立委選舉,2020,臺北市,北投區,長安里,臺北市第01選區,2,吳思瑤,民主進步黨,2128,*
2020年區域立委選舉,2020,臺北市,北投區,長安里,臺北市第01選區,3,李婉鈺,一邊一國行動黨,137,
2020年區域立委選舉,2020,臺北市,北投區,長安里,臺北市第01選區,4,孫士堅,合一行動聯盟,12,
2020年區域立委選舉,2020,臺北市,北投區,長安里,臺北市第01選區,5,賴宗育,人民民主黨,35,
2020年區域立委選舉,2020,臺北市,北投區,長安里,臺北市第01選區,6,方儉,綠黨,42,
2020年區域立委選舉,2020,臺北市,北投區,長安里,臺北市第01選區,7,汪志冰,中國國民黨,1484,
2020年區域立委選舉,2020,臺北市,北投區,大同里,臺北市第01選區,1,王郁揚,無黨籍及未經政黨推薦,70,
2020年區域立委選舉,2020,臺北市,北投區,大同里,臺北市第01選區,2,吳思瑤,民主進步黨,2222,*
2020年區域立委選舉,2020,臺北市,北投區,大同里,臺北市第01選區,3,李婉鈺,一邊一國行動黨,126,
2020年區域立委選舉,2020,臺北市,北投區,大同里,臺北市第01選區,4,孫士堅,合一行動聯盟,7,
2020年區域立委選舉,2020,臺北市,北投區,大同里,臺北市第01選區,5,賴宗育,人民民主黨,36,
2020年區域立委選舉,2020,臺北市,北投區,大同里,臺北市第01選區,6,方儉,綠黨,23,
2020年區域立委選舉,2020,臺北市,北投區,大同里,臺北市第01選區,7,汪志冰,中國國民黨,1260,
2020年區域立委選舉,2020,臺北市,北投區,溫泉里,臺北市第01選區,1,王郁揚,無黨籍及未經政黨推薦,60,
2020年區域立委選舉,2020,臺北市,北投區,溫泉里,臺北市第01選區,2,吳思瑤,民主進步黨,2303,*
2020年區域立委選舉,2020,臺北市,北投區,溫泉里,臺北市第01選區,3,李婉鈺,一邊一國行動黨,155,
2020年區域立委選舉,2020,臺北市,北投區,溫泉里,臺北市第01選區,4,孫士堅,合一行動聯盟,10,
2020年區域立委選舉,2020,臺北市,北投區,溫泉里,臺北市第01選區,5,賴宗育,人民民主黨,24,
2020年區域立委選舉,2020,臺北市,北投區,溫泉里,臺北市第01選區,6,方儉,綠黨,48,
2020年區域立委選舉,2020,臺北市,北投區,溫泉里,臺北市第01選區,7,汪志冰,中國國民黨,1646,
2020年區域立委選舉,2020,臺北市,北投區,林泉里,臺北市第01選區,1,王郁揚,無黨籍及未經政黨推薦,43,
2020年區域立委選舉,2020,臺北市,北投區,林泉里,臺北市第01選區,2,吳思瑤,民主進步黨,875,*
2020年區域立委選舉,2020,臺北市,北投區,林泉里,臺北市第01選區,3,李婉鈺,一邊一國行動黨,78,
2020年區域立委選舉,2020,臺北市,北投區,林泉里,臺北市第01選區,4,孫士堅,合一行動聯盟,11,
2020年區域立委選舉,2020,臺北市,北投區,林泉里,臺北市第01選區,5,賴宗育,人民民主黨,13,
2020年區域立委選舉,2020,臺北市,北投區,林泉里,臺北市第01選區,6,方儉,綠黨,34,
2020年區域立委選舉,2020,臺北市,北投區,林泉里,臺北市第01選區,7,汪志冰,中國國民黨,773,
2020年區域立委選舉,2020,臺北市,北投區,中心里,臺北市第01選區,1,王郁揚,無黨籍及未經政黨推薦,71,
2020年區域立委選舉,2020,臺北市,北投區,中心里,臺北市第01選區,2,吳思瑤,民主進步黨,2058,*
2020年區域立委選舉,2020,臺北市,北投區,中心里,臺北市第01選區,3,李婉鈺,一邊一國行動黨,141,
2020年區域立委選舉,2020,臺北市,北投區,中心里,臺北市第01選區,4,孫士堅,合一行動聯盟,92,
2020年區域立委選舉,2020,臺北市,北投區,中心里,臺北市第01選區,5,賴宗育,人民民主黨,41,
2020年區域立委選舉,2020,臺北市,北投區,中心里,臺北市第01選區,6,方儉,綠黨,41,
2020年區域立委選舉,2020,臺北市,北投區,中心里,臺北市第01選區,7,汪志冰,中國國民黨,1568,
2020年區域立委選舉,2020,臺北市,北投區,中庸里,臺北市第01選區,1,王郁揚,無黨籍及未經政黨推薦,53,
2020年區域立委選舉,2020,臺北市,北投區,中庸里,臺北市第01選區,2,吳思瑤,民主進步黨,1536,*
2020年區域立委選舉,2020,臺北市,北投區,中庸里,臺北市第01選區,3,李婉鈺,一邊一國行動黨,89,
2020年區域立委選舉,2020,臺北市,北投區,中庸里,臺北市第01選區,4,孫士堅,合一行動聯盟,22,
2020年區域立委選舉,2020,臺北市,北投區,中庸里,臺北市第01選區,5,賴宗育,人民民主黨,23,
2020年區域立委選舉,2020,臺北市,北投區,中庸里,臺北市第01選區,6,方儉,綠黨,23,
2020年區域立委選舉,2020,臺北市,北投區,中庸里,臺北市第01選區,7,汪志冰,中國國民黨,938,
2020年區域立委選舉,2020,臺北市,北投區,開明里,臺北市第01選區,1,王郁揚,無黨籍及未經政黨推薦,87,
2020年區域立委選舉,2020,臺北市,北投區,開明里,臺北市第01選區,2,吳思瑤,民主進步黨,2095,*
2020年區域立委選舉,2020,臺北市,北投區,開明里,臺北市第01選區,3,李婉鈺,一邊一國行動黨,133,
2020年區域立委選舉,2020,臺北市,北投區,開明里,臺北市第01選區,4,孫士堅,合一行動聯盟,46,
2020年區域立委選舉,2020,臺北市,北投區,開明里,臺北市第01選區,5,賴宗育,人民民主黨,30,
2020年區域立委選舉,2020,臺北市,北投區,開明里,臺北市第01選區,6,方儉,綠黨,33,
2020年區域立委選舉,2020,臺北市,北投區,開明里,臺北市第01選區,7,汪志冰,中國國民黨,1880,
2020年區域立委選舉,2020,臺北市,北投區,中和里,臺北市第01選區,1,王郁揚,無黨籍及未經政黨推薦,67,
2020年區域立委選舉,2020,臺北市,北投區,中和里,臺北市第01選區,2,吳思瑤,民主進步黨,1566,*
2020年區域立委選舉,2020,臺北市,北投區,中和里,臺北市第01選區,3,李婉鈺,一邊一國行動黨,105,
2020年區域立委選舉,2020,臺北市,北投區,中和里,臺北市第01選區,4,孫士堅,合一行動聯盟,25,
2020年區域立委選舉,2020,臺北市,北投區,中和里,臺北市第01選區,5,賴宗育,人民民主黨,34,
2020年區域立委選舉,2020,臺北市,北投區,中和里,臺北市第01選區,6,方儉,綠黨,27,
2020年區域立委選舉,2020,臺北市,北投區,中和里,臺北市第01選區,7,汪志冰,中國國民黨,1361,
2020年區域立委選舉,2020,臺北市,北投區,智仁里,臺北市第01選區,1,王郁揚,無黨籍及未經政黨推薦,71,
2020年區域立委選舉,2020,臺北市,北投區,智仁里,臺北市第01選區,2,吳思瑤,民主進步黨,1940,*
2020年區域立委選舉,2020,臺北市,北投區,智仁里,臺北市第01選區,3,李婉鈺,一邊一國行動黨,126,
2020年區域立委選舉,2020,臺北市,北投區,智仁里,臺北市第01選區,4,孫士堅,合一行動聯盟,25,
2020年區域立委選舉,2020,臺北市,北投區,智仁里,臺北市第01選區,5,賴宗育,人民民主黨,41,
2020年區域立委選舉,2020,臺北市,北投區,智仁里,臺北市第01選區,6,方儉,綠黨,54,
2020年區域立委選舉,2020,臺北市,北投區,智仁里,臺北市第01選區,7,汪志冰,中國國民黨,1567,
2020年區域立委選舉,2020,臺北市,北投區,秀山里,臺北市第01選區,1,王郁揚,無黨籍及未經政黨推薦,39,
2020年區域立委選舉,2020,臺北市,北投區,秀山里,臺北市第01選區,2,吳思瑤,民主進步黨,1031,*
2020年區域立委選舉,2020,臺北市,北投區,秀山里,臺北市第01選區,3,李婉鈺,一邊一國行動黨,54,
2020年區域立委選舉,2020,臺北市,北投區,秀山里,臺北市第01選區,4,孫士堅,合一行動聯盟,14,
2020年區域立委選舉,2020,臺北市,北投區,秀山里,臺北市第01選區,5,賴宗育,人民民主黨,18,
2020年區域立委選舉,2020,臺北市,北投區,秀山里,臺北市第01選區,6,方儉,綠黨,11,
2020年區域立委選舉,2020,臺北市,北投區,秀山里,臺北市第01選區,7,汪志冰,中國國民黨,906,
2020年區域立委選舉,2020,臺北市,北投區,文化里,臺北市第01選區,1,王郁揚,無黨籍及未經政黨推薦,55,
2020年區域立委選舉,2020,臺北市,北投區,文化里,臺北市第01選區,2,吳思瑤,民主進步黨,977,*
2020年區域立委選舉,2020,臺北市,北投區,文化里,臺北市第01選區,3,李婉鈺,一邊一國行動黨,67,
2020年區域立委選舉,2020,臺北市,北投區,文化里,臺北市第01選區,4,孫士堅,合一行動聯盟,7,
2020年區域立委選舉,2020,臺北市,北投區,文化里,臺北市第01選區,5,賴宗育,人民民主黨,28,
2020年區域立委選舉,2020,臺北市,北投區,文化里,臺北市第01選區,6,方儉,綠黨,28,
2020年區域立委選舉,2020,臺北市,北投區,文化里,臺北市第01選區,7,汪志冰,中國國民黨,1515,
2020年區域立委選舉,2020,臺北市,北投區,豐年里,臺北市第01選區,1,王郁揚,無黨籍及未經政黨推薦,46,
2020年區域立委選舉,2020,臺北市,北投區,豐年里,臺北市第01選區,2,吳思瑤,民主進步黨,1490,*
2020年區域立委選舉,2020,臺北市,北投區,豐年里,臺北市第01選區,3,李婉鈺,一邊一國行動黨,102,
2020年區域立委選舉,2020,臺北市,北投區,豐年里,臺北市第01選區,4,孫士堅,合一行動聯盟,11,
2020年區域立委選舉,2020,臺北市,北投區,豐年里,臺北市第01選區,5,賴宗育,人民民主黨,30,
2020年區域立委選舉,2020,臺北市,北投區,豐年里,臺北市第01選區,6,方儉,綠黨,19,
2020年區域立委選舉,2020,臺北市,北投區,豐年里,臺北市第01選區,7,汪志冰,中國國民黨,1130,
2020年區域立委選舉,2020,臺北市,北投區,稻香里,臺北市第01選區,1,王郁揚,無黨籍及未經政黨推薦,59,
2020年區域立委選舉,2020,臺北市,北投區,稻香里,臺北市第01選區,2,吳思瑤,民主進步黨,1625,*
2020年區域立委選舉,2020,臺北市,北投區,稻香里,臺北市第01選區,3,李婉鈺,一邊一國行動黨,94,
2020年區域立委選舉,2020,臺北市,北投區,稻香里,臺北市第01選區,4,孫士堅,合一行動聯盟,8,
2020年區域立委選舉,2020,臺北市,北投區,稻香里,臺北市第01選區,5,賴宗育,人民民主黨,30,
2020年區域立委選舉,2020,臺北市,北投區,稻香里,臺北市第01選區,6,方儉,綠黨,37,
2020年區域立委選舉,2020,臺北市,北投區,稻香里,臺北市第01選區,7,汪志冰,中國國民黨,1612,
2020年區域立委選舉,2020,臺北市,北投區,桃源里,臺北市第01選區,1,王郁揚,無黨籍及未經政黨推薦,85,
2020年區域立委選舉,2020,臺北市,北投區,桃源里,臺北市第01選區,2,吳思瑤,民主進步黨,2224,*
2020年區域立委選舉,2020,臺北市,北投區,桃源里,臺北市第01選區,3,李婉鈺,一邊一國行動黨,138,
2020年區域立委選舉,2020,臺北市,北投區,桃源里,臺北市第01選區,4,孫士堅,合一行動聯盟,22,
2020年區域立委選舉,2020,臺北市,北投區,桃源里,臺北市第01選區,5,賴宗育,人民民主黨,38,
2020年區域立委選舉,2020,臺北市,北投區,桃源里,臺北市第01選區,6,方儉,綠黨,39,
2020年區域立委選舉,2020,臺北市,北投區,桃源里,臺北市第01選區,7,汪志冰,中國國民黨,1316,
2020年區域立委選舉,2020,臺北市,北投區,一德里,臺北市第01選區,1,王郁揚,無黨籍及未經政黨推薦,96,
2020年區域立委選舉,2020,臺北市,北投區,一德里,臺北市第01選區,2,吳思瑤,民主進步黨,2681,*
2020年區域立委選舉,2020,臺北市,北投區,一德里,臺北市第01選區,3,李婉鈺,一邊一國行動黨,195,
2020年區域立委選舉,2020,臺北市,北投區,一德里,臺北市第01選區,4,孫士堅,合一行動聯盟,21,
2020年區域立委選舉,2020,臺北市,北投區,一德里,臺北市第01選區,5,賴宗育,人民民主黨,43,
2020年區域立委選舉,2020,臺北市,北投區,一德里,臺北市第01選區,6,方儉,綠黨,45,
2020年區域立委選舉,2020,臺北市,北投區,一德里,臺北市第01選區,7,汪志冰,中國國民黨,1652,
2020年區域立委選舉,2020,臺北市,北投區,關渡里,臺北市第01選區,1,王郁揚,無黨籍及未經政黨推薦,146,
2020年區域立委選舉,2020,臺北市,北投區,關渡里,臺北市第01選區,2,吳思瑤,民主進步黨,3822,*
2020年區域立委選舉,2020,臺北市,北投區,關渡里,臺北市第01選區,3,李婉鈺,一邊一國行動黨,241,
2020年區域立委選舉,2020,臺北市,北投區,關渡里,臺北市第01選區,4,孫士堅,合一行動聯盟,27,
2020年區域立委選舉,2020,臺北市,北投區,關渡里,臺北市第01選區,5,賴宗育,人民民主黨,72,
2020年區域立委選舉,2020,臺北市,北投區,關渡里,臺北市第01選區,6,方儉,綠黨,62,
2020年區域立委選舉,2020,臺北市,北投區,關渡里,臺北市第01選區,7,汪志冰,中國國民黨,2732,
2020年區域立委選舉,2020,臺北市,北投區,泉源里,臺北市第01選區,1,王郁揚,無黨籍及未經政黨推薦,33,
2020年區域立委選舉,2020,臺北市,北投區,泉源里,臺北市第01選區,2,吳思瑤,民主進步黨,942,*
2020年區域立委選舉,2020,臺北市,北投區,泉源里,臺北市第01選區,3,李婉鈺,一邊一國行動黨,39,
2020年區域立委選舉,2020,臺北市,北投區,泉源里,臺北市第01選區,4,孫士堅,合一行動聯盟,4,
2020年區域立委選舉,2020,臺北市,北投區,泉源里,臺北市第01選區,5,賴宗育,人民民主黨,4,
2020年區域立委選舉,2020,臺北市,北投區,泉源里,臺北市第01選區,6,方儉,綠黨,11,
2020年區域立委選舉,2020,臺北市,北投區,泉源里,臺北市第01選區,7,汪志冰,中國國民黨,488,
2020年區域立委選舉,2020,臺北市,北投區,湖山里,臺北市第01選區,1,王郁揚,無黨籍及未經政黨推薦,22,
2020年區域立委選舉,2020,臺北市,北投區,湖山里,臺北市第01選區,2,吳思瑤,民主進步黨,590,*
2020年區域立委選舉,2020,臺北市,北投區,湖山里,臺北市第01選區,3,李婉鈺,一邊一國行動黨,40,
2020年區域立委選舉,2020,臺北市,北投區,湖山里,臺北市第01選區,4,孫士堅,合一行動聯盟,7,
2020年區域立委選舉,2020,臺北市,北投區,湖山里,臺北市第01選區,5,賴宗育,人民民主黨,8,
2020年區域立委選舉,2020,臺北市,北投區,湖山里,臺北市第01選區,6,方儉,綠黨,13,
2020年區域立委選舉,2020,臺北市,北投區,湖山里,臺北市第01選區,7,汪志冰,中國國民黨,384,
2020年區域立委選舉,2020,臺北市,北投區,大屯里,臺北市第01選區,1,王郁揚,無黨籍及未經政黨推薦,7,
2020年區域立委選舉,2020,臺北市,北投區,大屯里,臺北市第01選區,2,吳思瑤,民主進步黨,518,*
2020年區域立委選舉,2020,臺北市,北投區,大屯里,臺北市第01選區,3,李婉鈺,一邊一國行動黨,22,
2020年區域立委選舉,2020,臺北市,北投區,大屯里,臺北市第01選區,4,孫士堅,合一行動聯盟,5,
2020年區域立委選舉,2020,臺北市,北投區,大屯里,臺北市第01選區,5,賴宗育,人民民主黨,5,
2020年區域立委選舉,2020,臺北市,北投區,大屯里,臺北市第01選區,6,方儉,綠黨,6,
2020年區域立委選舉,2020,臺北市,北投區,大屯里,臺北市第01選區,7,汪志冰,中國國民黨,199,
2020年區域立委選舉,2020,臺北市,北投區,湖田里,臺北市第01選區,1,王郁揚,無黨籍及未經政黨推薦,14,
2020年區域立委選舉,2020,臺北市,北投區,湖田里,臺北市第01選區,2,吳思瑤,民主進步黨,350,*
2020年區域立委選舉,2020,臺北市,北投區,湖田里,臺北市第01選區,3,李婉鈺,一邊一國行動黨,22,
2020年區域立委選舉,2020,臺北市,北投區,湖田里,臺北市第01選區,4,孫士堅,合一行動聯盟,3,
2020年區域立委選舉,2020,臺北市,北投區,湖田里,臺北市第01選區,5,賴宗育,人民民主黨,7,
2020年區域立委選舉,2020,臺北市,北投區,湖田里,臺北市第01選區,6,方儉,綠黨,3,
2020年區域立委選舉,2020,臺北市,北投區,湖田里,臺北市第01選區,7,汪志冰,中國國民黨,198,
