選舉名稱,屆期,縣市,鄉鎮市區,村里,選區,號次,候選人,政黨,得票數,當選註記
2024年區域立委選舉,2024,臺北市,松山區,莊敬里,臺北市第03選區,1,余新造,人民最大黨,9,
2024年區域立委選舉,2024,臺北市,松山區,莊敬里,臺北市第03選區,2,陳源發,無黨籍及未經政黨推薦,28,
2024年區域立委選舉,2024,臺北市,松山區,莊敬里,臺北市第03選區,3,謝佩芬,民主進步黨,1202,
2024年區域立委選舉,2024,臺北市,松山區,莊敬里,臺北市第03選區,4,高士恩,制度救世島,1,
2024年區域立委選舉,2024,臺北市,松山區,莊敬里,臺北市第03選區,5,王鴻薇,中國國民黨,1746,*
2024年區域立委選舉,2024,臺北市,松山區,莊敬里,臺北市第03選區,6,楊時睿,台灣維新,18,
2024年區域立委選舉,2024,臺北市,松山區,莊敬里,臺北市第03選區,7,陳一郎,臺灣雙語無法黨,21,
2024年區域立委選舉,2024,臺北市,松山區,東榮里,臺北市第03選區,1,余新造,人民最大黨,7,
2024年區域立委選舉,2024,臺北市,松山區,東榮里,臺北市第03選區,2,陳源發,無黨籍及未經政黨推薦,23,
2024年區域立委選舉,2024,臺北市,松山區,東榮里,臺北市第03選區,3,謝佩芬,民主進步黨,2175,
2024年區域立委選舉,2024,臺北市,松山區,東榮里,臺北市第03選區,4,高士恩,制度救世島,1,
2024年區域立委選舉,2024,臺北市,松山區,東榮里,臺北市第03選區,5,王鴻薇,中國國民黨,2394,*
2024年區域立委選舉,2024,臺北市,松山區,東榮里,臺北市第03選區,6,楊時睿,台灣維新,27,
2024年區域立委選舉,2024,臺北市,松山區,東榮里,臺北市第03選區,7,陳一郎,臺灣雙語無法黨,27,
2024年區域立委選舉,2024,臺北市,松山區,三民里,臺北市第03選區,1,余新造,人民最大黨,8,
2024年區域立委選舉,2024,臺北市,松山區,三民里,臺北市第03選區,2,陳源發,無黨籍及未經政黨推薦,17,
2024年區域立委選舉,2024,臺北市,松山區,三民里,臺北市第03選區,3,謝佩芬,民主進步黨,1664,
2024年區域立委選舉,2024,臺北市,松山區,三民里,臺北市第03選區,4,高士恩,制度救世島,1,
2024年區域立委選舉,2024,臺北市,松山區,三民里,臺北市第03選區,5,王鴻薇,中國國民黨,2257,*
2024年區域立委選舉,2024,臺北市,松山區,三民里,臺北市第03選區,6,楊時睿,台灣維新,21,
2024年區域立委選舉,2024,臺北市,松山區,三民里,臺北市第03選區,7,陳一郎,臺灣雙語無法黨,13,
2024年區域立委選舉,2024,臺北市,松山區,新益里,臺北市第03選區,1,余新造,人民最大黨,5,
2024年區域立委選舉,2024,臺北市,松山區,新益里,臺北市第03選區,2,陳源發,無黨籍及未經政黨推薦,16,
2024年區域立委選舉,2024,臺北市,松山區,新益里,臺北市第03選區,3,謝佩芬,民主進步黨,1256,
2024年區域立委選舉,2024,臺北市,松山區,新益里,臺北市第03選區,4,高士恩,制度救世島,5,
2024年區域立委選舉,2024,臺北市,松山區,新益里,臺北市第03選區,5,王鴻薇,中國國民黨,1542,*
2024年區域立委選舉,2024,臺北市,松山區,新益里,臺北市第03選區,6,楊時睿,台灣維新,14,
2024年區域立委選舉,2024,臺北市,松山區,新益里,臺北市第03選區,7,陳一郎,臺灣雙語無法黨,13,
2024年區域立委選舉,2024,臺北市,松山區,富錦里,臺北市第03選區,1,余新造,人民最大黨,7,
2024年區域立委選舉,2024,臺北市,松山區,富錦里,臺北市第03選區,2,陳源發,無黨籍及未經政黨推薦,23,
2024年區域立委選舉,2024,臺北市,松山區,富錦里,臺北市第03選區,3,謝佩芬,民主進步黨,1266,
2024年區域立委選舉,2024,臺北市,松山區,富錦里,臺北市第03選區,4,高士恩,制度救世島,2,
2024年區域立委選舉,2024,臺北市,松山區,富錦里,臺北市第03選區,5,王鴻薇,中國國民黨,1703,*
2024年區域立委選舉,2024,臺北市,松山區,富錦里,臺北市第03選區,6,楊時睿,台灣維新,23,
2024年區域立委選舉,2024,臺北市,松山區,富錦里,臺北市第03選區,7,陳一郎,臺灣雙語無法黨,13,
2024年區域立委選舉,2024,臺北市,松山區,新東里,臺北市第03選區,1,余新造,人民最大黨,5,
2024年區域立委選舉,2024,臺北市,松山區,新東里,臺北市第03選區,2,陳源發,無黨籍及未經政黨推薦,25,
2024年區域立委選舉,2024,臺北市,松山區,新東里,臺北市第03選區,3,謝佩芬,民主進步黨,1267,
2024年區域立委選舉,2024,臺北市,松山區,新東里,臺北市第03選區,4,高士恩,制度救世島,2,
2024年區域立委選舉,2024,臺北市,松山區,新東里,臺北市第03選區,5,王鴻薇,中國國民黨,1654,*
2024年區域立委選舉,2024,臺北市,松山區,新東里,臺北市第03選區,6,楊時睿,台灣維新,20,
2024年區域立委選舉,2024,臺北市,松山區,新東里,臺北市第03選區,7,陳一郎,臺灣雙語無法黨,17,
2024年區域立委選舉,2024,臺北市,松山區,富泰里,臺北市第03選區,1,余新造,人民最大黨,13,
2024年區域立委選舉,2024,臺北市,松山區,富泰里,臺北市第03選區,2,陳源發,無黨籍及未經政黨推薦,19,
2024年區域立委選舉,2024,臺北市,松山區,富泰里,臺北市第03選區,3,謝佩芬,民主進步黨,1036,
2024年區域立委選舉,2024,臺北市,松山區,富泰里,臺北市第03選區,4,高士恩,制度救世島,1,
2024年區域立委選舉,2024,臺北市,松山區,富泰里,臺北市第03選區,5,王鴻薇,中國國民黨,1604,*
2024年區域立委選舉,2024,臺北市,松山區,富泰里,臺北市第03選區,6,楊時睿,台灣維新,10,
2024年區域立委選舉,2024,臺北市,松山區,富泰里,臺北市第03選區,7,陳一郎,臺灣雙語無法黨,9,
2024年區域立委選舉,2024,臺北市,松山區,介壽里,臺北市第03選區,1,余新造,人民最大黨,6,
2024年區域立委選舉,2024,臺北市,松山區,介壽里,臺北市第03選區,2,陳源發,無黨籍及未經政黨推薦,16,
2024年區域立委選舉,2024,臺北市,松山區,介壽里,臺北市第03選區,3,謝佩芬,民主進步黨,1188,
2024年區域立委選舉,2024,臺北市,松山區,介壽里,臺北市第03選區,4,高士恩,制度救世島,2,
2024年區域立委選舉,2024,臺北市,松山區,介壽里,臺北市第03選區,5,王鴻薇,中國國民黨,1290,*
2024年區域立委選舉,2024,臺北市,松山區,介壽里,臺北市第03選區,6,楊時睿,台灣維新,21,
2024年區域立委選舉,2024,臺北市,松山區,介壽里,臺北市第03選區,7,陳一郎,臺灣雙語無法黨,16,
2024年區域立委選舉,2024,臺北市,松山區,精忠里,臺北市第03選區,1,余新造,人民最大黨,4,
2024年區域立委選舉,2024,臺北市,松山區,精忠里,臺北市第03選區,2,陳源發,無黨籍及未經政黨推薦,22,
2024年區域立委選舉,2024,臺北市,松山區,精忠里,臺北市第03選區,3,謝佩芬,民主進步黨,1053,
2024年區域立委選舉,2024,臺北市,松山區,精忠里,臺北市第03選區,4,高士恩,制度救世島,1,
2024年區域立委選舉,2024,臺北市,松山區,精忠里,臺北市第03選區,5,王鴻薇,中國國民黨,1388,*
2024年區域立委選舉,2024,臺北市,松山區,精忠里,臺北市第03選區,6,楊時睿,台灣維新,13,
2024年區域立委選舉,2024,臺北市,松山區,精忠里,臺北市第03選區,7,陳一郎,臺灣雙語無法黨,17,
2024年區域立委選舉,2024,臺北市,松山區,東光里,臺北市第03選區,1,余新造,人民最大黨,3,
2024年區域立委選舉,2024,臺北市,松山區,東光里,臺北市第03選區,2,陳源發,無黨籍及未經政黨推薦,34,
2024年區域立委選舉,2024,臺北市,松山區,東光里,臺北市第03選區,3,謝佩芬,民主進步黨,1727,
2024年區域立委選舉,2024,臺北市,松山區,東光里,臺北市第03選區,4,高士恩,制度救世島,6,
2024年區域立委選舉,2024,臺北市,松山區,東光里,臺北市第03選區,5,王鴻薇,中國國民黨,2370,*
2024年區域立委選舉,2024,臺北市,松山區,東光里,臺北市第03選區,6,楊時睿,台灣維新,28,
2024年區域立委選舉,2024,臺北市,松山區,東光里,臺北市第03選區,7,陳一郎,臺灣雙語無法黨,24,
2024年區域立委選舉,2024,臺北市,松山區,龍田里,臺北市第03選區,1,余新造,人民最大黨,14,
2024年區域立委選舉,2024,臺北市,松山區,龍田里,臺北市第03選區,2,陳源發,無黨籍及未經政黨推薦,44,
2024年區域立委選舉,2024,臺北市,松山區,龍田里,臺北市第03選區,3,謝佩芬,民主進步黨,2030,
2024年區域立委選舉,2024,臺北市,松山區,龍田里,臺北市第03選區,4,高士恩,制度救世島,9,
2024年區域立委選舉,2024,臺北市,松山區,龍田里,臺北市第03選區,5,王鴻薇,中國國民黨,4017,*
2024年區域立委選舉,2024,臺北市,松山區,龍田里,臺北市第03選區,6,楊時睿,台灣維新,30,
2024年區域立委選舉,2024,臺北市,松山區,龍田里,臺北市第03選區,7,陳一郎,臺灣雙語無法黨,33,
2024年區域立委選舉,2024,臺北市,松山區,東昌里,臺北市第03選區,1,余新造,人民最大黨,1,
2024年區域立委選舉,2024,臺北市,松山區,東昌里,臺北市第03選區,2,陳源發,無黨籍及未經政黨推薦,13,
2024年區域立委選舉,2024,臺北市,松山區,東昌里,臺北市第03選區,3,謝佩芬,民主進步黨,707,
2024年區域立委選舉,2024,臺北市,松山區,東昌里,臺北市第03選區,4,高士恩,制度救世島,1,
2024年區域立委選舉,2024,臺北市,松山區,東昌里,臺北市第03選區,5,王鴻薇,中國國民黨,737,*
2024年區域立委選舉,2024,臺北市,松山區,東昌里,臺北市第03選區,6,楊時睿,台灣維新,10,
2024年區域立委選舉,2024,臺北市,松山區,東昌里,臺北市第03選區,7,陳一郎,臺灣雙語無法黨,15,
2024年區域立委選舉,2024,臺北市,松山區,東勢里,臺北市第03選區,1,余新造,人民最大黨,3,
2024年區域立委選舉,2024,臺北市,松山區,東勢里,臺北市第03選區,2,陳源發,無黨籍及未經政黨推薦,12,
2024年區域立委選舉,2024,臺北市,松山區,東勢里,臺北市第03選區,3,謝佩芬,民主進步黨,1161,
2024年區域立委選舉,2024,臺北市,松山區,東勢里,臺北市第03選區,4,高士恩,制度救世島,2,
2024年區域立委選舉,2024,臺北市,松山區,東勢里,臺北市第03選區,5,王鴻薇,中國國民黨,1288,*
2024年區域立委選舉,2024,臺北市,松山區,東勢里,臺北市第03選區,6,楊時睿,台灣維新,18,
2024年區域立委選舉,2024,臺北市,松山區,東勢里,臺北市第03選區,7,陳一郎,臺灣雙語無法黨,14,
2024年區域立委選舉,2024,臺北市,松山區,中華里,臺北市第03選區,1,余新造,人民最大黨,11,
2024年區域立委選舉,2024,臺北市,松山區,中華里,臺北市第03選區,2,陳源發,無黨籍及未經政黨推薦,38,
2024年區域立委選舉,2024,臺北市,松山區,中華里,臺北市第03選區,3,謝佩芬,民主進步黨,1475,
2024年區域立委選舉,2024,臺北市,松山區,中華里,臺北市第03選區,4,高士恩,制度救世島,2,
2024年區域立委選舉,2024,臺北市,松山區,中華里,臺北市第03選區,5,王鴻薇,中國國民黨,2120,*
2024年區域立委選舉,2024,臺北市,松山區,中華里,臺北市第03選區,6,楊時睿,台灣維新,19,
2024年區域立委選舉,2024,臺北市,松山區,中華里,臺北市第03選區,7,陳一郎,臺灣雙語無法黨,29,
2024年區域立委選舉,2024,臺北市,松山區,民有里,臺北市第03選區,1,余新造,人民最大黨,9,
2024年區域立委選舉,2024,臺北市,松山區,民有里,臺北市第03選區,2,陳源發,無黨籍及未經政黨推薦,37,
2024年區域立委選舉,2024,臺北市,松山區,民有里,臺北市第03選區,3,謝佩芬,民主進步黨,2559,
2024年區域立委選舉,2024,臺北市,松山區,民有里,臺北市第03選區,4,高士恩,制度救世島,5,
2024年區域立委選舉,2024,臺北市,松山區,民有里,臺北市第03選區,5,王鴻薇,中國國民黨,2657,*
2024年區域立委選舉,2024,臺北市,松山區,民有里,臺北市第03選區,6,楊時睿,台灣維新,24,
2024年區域立委選舉,2024,臺北市,松山區,民有里,臺北市第03選區,7,陳一郎,臺灣雙語無法黨,23,
2024年區域立委選舉,2024,臺北市,松山區,民福里,臺北市第03選區,1,余新造,人民最大黨,6,
2024年區域立委選舉,2024,臺北市,松山區,民福里,臺北市第03選區,2,陳源發,無黨籍及未經政黨推薦,30,
2024年區域立委選舉,2024,臺北市,松山區,民福里,臺北市第03選區,3,謝佩芬,民主進步黨,1461,
2024年區域立委選舉,2024,臺北市,松山區,民福里,臺北市第03選區,4,高士恩,制度救世島,4,
2024年區域立委選舉,2024,臺北市,松山區,民福里,臺北市第03選區,5,王鴻薇,中國國民黨,2249,*
2024年區域立委選舉,2024,臺北市,松山區,民福里,臺北市第03選區,6,楊時睿,台灣維新,25,
2024年區域立委選舉,2024,臺北市,松山區,民福里,臺北市第03選區,7,陳一郎,臺灣雙語無法黨,23,
2024年區域立委選舉,2024,臺北市,松山區,慈祐里,臺北市第07選區,1,李承龍,中華愛國同心黨,12,
2024年區域立委選舉,2024,臺北市,松山區,慈祐里,臺北市第07選區,2,徐巧芯,中國國民黨,2007,*
2024年區域立委選舉,2024,臺北市,松山區,慈祐里,臺北市第07選區,3,羅丹,台灣維新,34,
2024年區域立委選舉,2024,臺北市,松山區,慈祐里,臺北市第07選區,4,陳韋安,無黨籍及未經政黨推薦,102,
2024年區域立委選舉,2024,臺北市,松山區,慈祐里,臺北市第07選區,5,許淑華,民主進步黨,2235,
2024年區域立委選舉,2024,臺北市,松山區,安平里,臺北市第03選區,1,余新造,人民最大黨,15,
2024年區域立委選舉,2024,臺北市,松山區,安平里,臺北市第03選區,2,陳源發,無黨籍及未經政黨推薦,53,
2024年區域立委選舉,2024,臺北市,松山區,安平里,臺北市第03選區,3,謝佩芬,民主進步黨,2266,
2024年區域立委選舉,2024,臺北市,松山區,安平里,臺北市第03選區,4,高士恩,制度救世島,4,
2024年區域立委選舉,2024,臺北市,松山區,安平里,臺北市第03選區,5,王鴻薇,中國國民黨,2480,*
2024年區域立委選舉,2024,臺北市,松山區,安平里,臺北市第03選區,6,楊時睿,台灣維新,34,
2024年區域立委選舉,2024,臺北市,松山區,安平里,臺北市第03選區,7,陳一郎,臺灣雙語無法黨,32,
2024年區域立委選舉,2024,臺北市,松山區,鵬程里,臺北市第03選區,1,余新造,人民最大黨,7,
2024年區域立委選舉,2024,臺北市,松山區,鵬程里,臺北市第03選區,2,陳源發,無黨籍及未經政黨推薦,23,
2024年區域立委選舉,2024,臺北市,松山區,鵬程里,臺北市第03選區,3,謝佩芬,民主進步黨,1103,
2024年區域立委選舉,2024,臺北市,松山區,鵬程里,臺北市第03選區,4,高士恩,制度救世島,2,
2024年區域立委選舉,2024,臺北市,松山區,鵬程里,臺北市第03選區,5,王鴻薇,中國國民黨,1762,*
2024年區域立委選舉,2024,臺北市,松山區,鵬程里,臺北市第03選區,6,楊時睿,台灣維新,23,
2024年區域立委選舉,2024,臺北市,松山區,鵬程里,臺北市第03選區,7,陳一郎,臺灣雙語無法黨,8,
2024年區域立委選舉,2024,臺北市,松山區,自強里,臺北市第03選區,1,余新造,人民最大黨,9,
2024年區域立委選舉,2024,臺北市,松山區,自強里,臺北市第03選區,2,陳源發,無黨籍及未經政黨推薦,44,
2024年區域立委選舉,2024,臺北市,松山區,自強里,臺北市第03選區,3,謝佩芬,民主進步黨,1353,
2024年區域立委選舉,2024,臺北市,松山區,自強里,臺北市第03選區,4,高士恩,制度救世島,4,
2024年區域立委選舉,2024,臺北市,松山區,自強里,臺北市第03選區,5,王鴻薇,中國國民黨,4010,*
2024年區域立委選舉,2024,臺北市,松山區,自強里,臺北市第03選區,6,楊時睿,台灣維新,35,
2024年區域立委選舉,2024,臺北市,松山區,自強里,臺北市第03選區,7,陳一郎,臺灣雙語無法黨,29,
2024年區域立委選舉,2024,臺北市,松山區,吉祥里,臺北市第07選區,1,李承龍,中華愛國同心黨,8,
2024年區域立委選舉,2024,臺北市,松山區,吉祥里,臺北市第07選區,2,徐巧芯,中國國民黨,2595,*
2024年區域立委選舉,2024,臺北市,松山區,吉祥里,臺北市第07選區,3,羅丹,台灣維新,28,
2024年區域立委選舉,2024,臺北市,松山區,吉祥里,臺北市第07選區,4,陳韋安,無黨籍及未經政黨推薦,84,
2024年區域立委選舉,2024,臺北市,松山區,吉祥里,臺北市第07選區,5,許淑華,民主進步黨,2114,
2024年區域立委選舉,2024,臺北市,松山區,新聚里,臺北市第07選區,1,李承龍,中華愛國同心黨,3,
2024年區域立委選舉,2024,臺北市,松山區,新聚里,臺北市第07選區,2,徐巧芯,中國國民黨,2437,*
2024年區域立委選舉,2024,臺北市,松山區,新聚里,臺北市第07選區,3,羅丹,台灣維新,35,
2024年區域立委選舉,2024,臺北市,松山區,新聚里,臺北市第07選區,4,陳韋安,無黨籍及未經政黨推薦,98,
2024年區域立委選舉,2024,臺北市,松山區,新聚里,臺北市第07選區,5,許淑華,民主進步黨,2110,
2024年區域立委選舉,2024,臺北市,松山區,復盛里,臺北市第07選區,1,李承龍,中華愛國同心黨,6,
2024年區域立委選舉,2024,臺北市,松山區,復盛里,臺北市第07選區,2,徐巧芯,中國國民黨,2020,*
2024年區域立委選舉,2024,臺北市,松山區,復盛里,臺北市第07選區,3,羅丹,台灣維新,22,
2024年區域立委選舉,2024,臺北市,松山區,復盛里,臺北市第07選區,4,陳韋安,無黨籍及未經政黨推薦,72,
2024年區域立委選舉,2024,臺北市,松山區,復盛里,臺北市第07選區,5,許淑華,民主進步黨,1586,
2024年區域立委選舉,2024,臺北市,松山區,中正里,臺北市第07選區,1,李承龍,中華愛國同心黨,6,
2024年區域立委選舉,2024,臺北市,松山區,中正里,臺北市第07選區,2,徐巧芯,中國國民黨,2582,*
2024年區域立委選舉,2024,臺北市,松山區,中正里,臺北市第07選區,3,羅丹,台灣維新,28,
2024年區域立委選舉,2024,臺北市,松山區,中正里,臺北市第07選區,4,陳韋安,無黨籍及未經政黨推薦,94,
2024年區域立委選舉,2024,臺北市,松山區,中正里,臺北市第07選區,5,許淑華,民主進步黨,2574,
2024年區域立委選舉,2024,臺北市,松山區,中崙里,臺北市第07選區,1,李承龍,中華愛國同心黨,3,
2024年區域立委選舉,2024,臺北市,松山區,中崙里,臺北市第07選區,2,徐巧芯,中國國民黨,1266,*
2024年區域立委選舉,2024,臺北市,松山區,中崙里,臺北市第07選區,3,羅丹,台灣維新,6,
2024年區域立委選舉,2024,臺北市,松山區,中崙里,臺北市第07選區,4,陳韋安,無黨籍及未經政黨推薦,45,
2024年區域立委選舉,2024,臺北市,松山區,中崙里,臺北市第07選區,5,許淑華,民主進步黨,1062,
2024年區域立委選舉,2024,臺北市,松山區,美仁里,臺北市第07選區,1,李承龍,中華愛國同心黨,1,
2024年區域立委選舉,2024,臺北市,松山區,美仁里,臺北市第07選區,2,徐巧芯,中國國民黨,976,*
2024年區域立委選舉,2024,臺北市,松山區,美仁里,臺北市第07選區,3,羅丹,台灣維新,18,
2024年區域立委選舉,2024,臺北市,松山區,美仁里,臺北市第07選區,4,陳韋安,無黨籍及未經政黨推薦,29,
2024年區域立委選舉,2024,臺北市,松山區,美仁里,臺北市第07選區,5,許淑華,民主進步黨,995,
2024年區域立委選舉,2024,臺北市,松山區,吉仁里,臺北市第07選區,1,李承龍,中華愛國同心黨,2,
2024年區域立委選舉,2024,臺北市,松山區,吉仁里,臺北市第07選區,2,徐巧芯,中國國民黨,1126,*
2024年區域立委選舉,2024,臺北市,松山區,吉仁里,臺北市第07選區,3,羅丹,台灣維新,10,
2024年區域立委選舉,2024,臺北市,松山區,吉仁里,臺北市第07選區,4,陳韋安,無黨籍及未經政黨推薦,40,
2024年區域立委選舉,2024,臺北市,松山區,吉仁里,臺北市第07選區,5,許淑華,民主進步黨,1077,
2024年區域立委選舉,2024,臺北市,松山區,敦化里,臺北市第07選區,1,李承龍,中華愛國同心黨,10,
2024年區域立委選舉,2024,臺北市,松山區,敦化里,臺北市第07選區,2,徐巧芯,中國國民黨,2006,*
2024年區域立委選舉,2024,臺北市,松山區,敦化里,臺北市第07選區,3,羅丹,台灣維新,29,
2024年區域立委選舉,2024,臺北市,松山區,敦化里,臺北市第07選區,4,陳韋安,無黨籍及未經政黨推薦,74,
2024年區域立委選舉,2024,臺北市,松山區,敦化里,臺北市第07選區,5,許淑華,民主進步黨,1930,
2024年區域立委選舉,2024,臺北市,松山區,復源里,臺北市第07選區,1,李承龍,中華愛國同心黨,2,
2024年區域立委選舉,2024,臺北市,松山區,復源里,臺北市第07選區,2,徐巧芯,中國國民黨,1037,*
2024年區域立委選舉,2024,臺北市,松山區,復源里,臺北市第07選區,3,羅丹,台灣維新,10,
2024年區域立委選舉,2024,臺北市,松山區,復源里,臺北市第07選區,4,陳韋安,無黨籍及未經政黨推薦,33,
2024年區域立委選舉,2024,臺北市,松山區,復源里,臺北市第07選區,5,許淑華,民主進步黨,883,
2024年區域立委選舉,2024,臺北市,松山區,復建里,臺北市第07選區,1,李承龍,中華愛國同心黨,3,
2024年區域立委選舉,2024,臺北市,松山區,復建里,臺北市第07選區,2,徐巧芯,中國國民黨,1417,*
2024年區域立委選舉,2024,臺北市,松山區,復建里,臺北市第07選區,3,羅丹,台灣維新,19,
2024年區域立委選舉,2024,臺北市,松山區,復建里,臺北市第07選區,4,陳韋安,無黨籍及未經政黨推薦,49,
2024年區域立委選舉,2024,臺北市,松山區,復建里,臺北市第07選區,5,許淑華,民主進步黨,1144,
2024年區域立委選舉,2024,臺北市,松山區,復勢里,臺北市第07選區,1,李承龍,中華愛國同心黨,8,
2024年區域立委選舉,2024,臺北市,松山區,復勢里,臺北市第07選區,2,徐巧芯,中國國民黨,1815,*
2024年區域立委選舉,2024,臺北市,松山區,復勢里,臺北市第07選區,3,羅丹,台灣維新,24,
2024年區域立委選舉,2024,臺北市,松山區,復勢里,臺北市第07選區,4,陳韋安,無黨籍及未經政黨推薦,94,
2024年區域立委選舉,2024,臺北市,松山區,復勢里,臺北市第07選區,5,許淑華,民主進步黨,1790,
2024年區域立委選舉,2024,臺北市,松山區,福成里,臺北市第07選區,1,李承龍,中華愛國同心黨,4,
2024年區域立委選舉,2024,臺北市,松山區,福成里,臺北市第07選區,2,徐巧芯,中國國民黨,764,*
2024年區域立委選舉,2024,臺北市,松山區,福成里,臺北市第07選區,3,羅丹,台灣維新,12,
2024年區域立委選舉,2024,臺北市,松山區,福成里,臺北市第07選區,4,陳韋安,無黨籍及未經政黨推薦,25,
2024年區域立委選舉,2024,臺北市,松山區,福成里,臺北市第07選區,5,許淑華,民主進步黨,713,
2024年區域立委選舉,2024,臺北市,松山區,松基里,臺北市第03選區,1,余新造,人民最大黨,5,
2024年區域立委選舉,2024,臺北市,松山區,松基里,臺北市第03選區,2,陳源發,無黨籍及未經政黨推薦,16,
2024年區域立委選舉,2024,臺北市,松山區,松基里,臺北市第03選區,3,謝佩芬,民主進步黨,1021,
2024年區域立委選舉,2024,臺北市,松山區,松基里,臺北市第03選區,4,高士恩,制度救世島,3,
2024年區域立委選舉,2024,臺北市,松山區,松基里,臺北市第03選區,5,王鴻薇,中國國民黨,1045,*
2024年區域立委選舉,2024,臺北市,松山區,松基里,臺北市第03選區,6,楊時睿,台灣維新,11,
2024年區域立委選舉,2024,臺北市,松山區,松基里,臺北市第03選區,7,陳一郎,臺灣雙語無法黨,12,
2024年區域立委選舉,2024,臺北市,信義區,西村里,臺北市第07選區,1,李承龍,中華愛國同心黨,8,
2024年區域立委選舉,2024,臺北市,信義區,西村里,臺北市第07選區,2,徐巧芯,中國國民黨,1912,*
2024年區域立委選舉,2024,臺北市,信義區,西村里,臺北市第07選區,3,羅丹,台灣維新,13,
2024年區域立委選舉,2024,臺北市,信義區,西村里,臺北市第07選區,4,陳韋安,無黨籍及未經政黨推薦,45,
2024年區域立委選舉,2024,臺北市,信義區,西村里,臺北市第07選區,5,許淑華,民主進步黨,784,
2024年區域立委選舉,2024,臺北市,信義區,正和里,臺北市第07選區,1,李承龍,中華愛國同心黨,4,
2024年區域立委選舉,2024,臺北市,信義區,正和里,臺北市第07選區,2,徐巧芯,中國國民黨,1556,*
2024年區域立委選舉,2024,臺北市,信義區,正和里,臺北市第07選區,3,羅丹,台灣維新,19,
2024年區域立委選舉,2024,臺北市,信義區,正和里,臺北市第07選區,4,陳韋安,無黨籍及未經政黨推薦,51,
2024年區域立委選舉,2024,臺北市,信義區,正和里,臺北市第07選區,5,許淑華,民主進步黨,978,
2024年區域立委選舉,2024,臺北市,信義區,興隆里,臺北市第07選區,1,李承龍,中華愛國同心黨,2,
2024年區域立委選舉,2024,臺北市,信義區,興隆里,臺北市第07選區,2,徐巧芯,中國國民黨,846,*
2024年區域立委選舉,2024,臺北市,信義區,興隆里,臺北市第07選區,3,羅丹,台灣維新,8,
2024年區域立委選舉,2024,臺北市,信義區,興隆里,臺北市第07選區,4,陳韋安,無黨籍及未經政黨推薦,32,
2024年區域立委選舉,2024,臺北市,信義區,興隆里,臺北市第07選區,5,許淑華,民主進步黨,510,
2024年區域立委選舉,2024,臺北市,信義區,中興里,臺北市第07選區,1,李承龍,中華愛國同心黨,4,
2024年區域立委選舉,2024,臺北市,信義區,中興里,臺北市第07選區,2,徐巧芯,中國國民黨,1075,*
2024年區域立委選舉,2024,臺北市,信義區,中興里,臺北市第07選區,3,羅丹,台灣維新,13,
2024年區域立委選舉,2024,臺北市,信義區,中興里,臺北市第07選區,4,陳韋安,無黨籍及未經政黨推薦,28,
2024年區域立委選舉,2024,臺北市,信義區,中興里,臺北市第07選區,5,許淑華,民主進步黨,811,
2024年區域立委選舉,2024,臺北市,信義區,新仁里,臺北市第07選區,1,李承龍,中華愛國同心黨,4,
2024年區域立委選舉,2024,臺北市,信義區,新仁里,臺北市第07選區,2,徐巧芯,中國國民黨,1119,*
2024年區域立委選舉,2024,臺北市,信義區,新仁里,臺北市第07選區,3,羅丹,台灣維新,8,
2024年區域立委選舉,2024,臺北市,信義區,新仁里,臺北市第07選區,4,陳韋安,無黨籍及未經政黨推薦,16,
2024年區域立委選舉,2024,臺北市,信義區,新仁里,臺北市第07選區,5,許淑華,民主進步黨,734,
2024年區域立委選舉,2024,臺北市,信義區,興雅里,臺北市第07選區,1,李承龍,中華愛國同心黨,9,
2024年區域立委選舉,2024,臺北市,信義區,興雅里,臺北市第07選區,2,徐巧芯,中國國民黨,1696,*
2024年區域立委選舉,2024,臺北市,信義區,興雅里,臺北市第07選區,3,羅丹,台灣維新,21,
2024年區域立委選舉,2024,臺北市,信義區,興雅里,臺北市第07選區,4,陳韋安,無黨籍及未經政黨推薦,68,
2024年區域立委選舉,2024,臺北市,信義區,興雅里,臺北市第07選區,5,許淑華,民主進步黨,1461,
2024年區域立委選舉,2024,臺北市,信義區,敦厚里,臺北市第07選區,1,李承龍,中華愛國同心黨,4,
2024年區域立委選舉,2024,臺北市,信義區,敦厚里,臺北市第07選區,2,徐巧芯,中國國民黨,1552,*
2024年區域立委選舉,2024,臺北市,信義區,敦厚里,臺北市第07選區,3,羅丹,台灣維新,22,
2024年區域立委選舉,2024,臺北市,信義區,敦厚里,臺北市第07選區,4,陳韋安,無黨籍及未經政黨推薦,50,
2024年區域立委選舉,2024,臺北市,信義區,敦厚里,臺北市第07選區,5,許淑華,民主進步黨,1338,
2024年區域立委選舉,2024,臺北市,信義區,廣居里,臺北市第07選區,1,李承龍,中華愛國同心黨,8,
2024年區域立委選舉,2024,臺北市,信義區,廣居里,臺北市第07選區,2,徐巧芯,中國國民黨,2494,*
2024年區域立委選舉,2024,臺北市,信義區,廣居里,臺北市第07選區,3,羅丹,台灣維新,26,
2024年區域立委選舉,2024,臺北市,信義區,廣居里,臺北市第07選區,4,陳韋安,無黨籍及未經政黨推薦,60,
2024年區域立委選舉,2024,臺北市,信義區,廣居里,臺北市第07選區,5,許淑華,民主進步黨,1838,
2024年區域立委選舉,2024,臺北市,信義區,安康里,臺北市第07選區,1,李承龍,中華愛國同心黨,9,
2024年區域立委選舉,2024,臺北市,信義區,安康里,臺北市第07選區,2,徐巧芯,中國國民黨,3295,*
2024年區域立委選舉,2024,臺北市,信義區,安康里,臺北市第07選區,3,羅丹,台灣維新,37,
2024年區域立委選舉,2024,臺北市,信義區,安康里,臺北市第07選區,4,陳韋安,無黨籍及未經政黨推薦,96,
2024年區域立委選舉,2024,臺北市,信義區,安康里,臺北市第07選區,5,許淑華,民主進步黨,2566,
2024年區域立委選舉,2024,臺北市,信義區,六藝里,臺北市第07選區,1,李承龍,中華愛國同心黨,8,
2024年區域立委選舉,2024,臺北市,信義區,六藝里,臺北市第07選區,2,徐巧芯,中國國民黨,1027,*
2024年區域立委選舉,2024,臺北市,信義區,六藝里,臺北市第07選區,3,羅丹,台灣維新,20,
2024年區域立委選舉,2024,臺北市,信義區,六藝里,臺北市第07選區,4,陳韋安,無黨籍及未經政黨推薦,43,
2024年區域立委選舉,2024,臺北市,信義區,六藝里,臺北市第07選區,5,許淑華,民主進步黨,1097,
2024年區域立委選舉,2024,臺北市,信義區,雅祥里,臺北市第07選區,1,李承龍,中華愛國同心黨,5,
2024年區域立委選舉,2024,臺北市,信義區,雅祥里,臺北市第07選區,2,徐巧芯,中國國民黨,1481,*
2024年區域立委選舉,2024,臺北市,信義區,雅祥里,臺北市第07選區,3,羅丹,台灣維新,23,
2024年區域立委選舉,2024,臺北市,信義區,雅祥里,臺北市第07選區,4,陳韋安,無黨籍及未經政黨推薦,49,
2024年區域立委選舉,2024,臺北市,信義區,雅祥里,臺北市第07選區,5,許淑華,民主進步黨,1474,
2024年區域立委選舉,2024,臺北市,信義區,五常里,臺北市第07選區,1,李承龍,中華愛國同心黨,6,
2024年區域立委選舉,2024,臺北市,信義區,五常里,臺北市第07選區,2,徐巧芯,中國國民黨,1134,*
2024年區域立委選舉,2024,臺北市,信義區,五常里,臺北市第07選區,3,羅丹,台灣維新,20,
2024年區域立委選舉,2024,臺北市,信義區,五常里,臺北市第07選區,4,陳韋安,無黨籍及未經政黨推薦,54,
2024年區域立委選舉,2024,臺北市,信義區,五常里,臺北市第07選區,5,許淑華,民主進步黨,1029,
2024年區域立委選舉,2024,臺北市,信義區,五全里,臺北市第07選區,1,李承龍,中華愛國同心黨,4,
2024年區域立委選舉,2024,臺北市,信義區,五全里,臺北市第07選區,2,徐巧芯,中國國民黨,1366,*
2024年區域立委選舉,2024,臺北市,信義區,五全里,臺北市第07選區,3,羅丹,台灣維新,28,
2024年區域立委選舉,2024,臺北市,信義區,五全里,臺北市第07選區,4,陳韋安,無黨籍及未經政黨推薦,48,
2024年區域立委選舉,2024,臺北市,信義區,五全里,臺北市第07選區,5,許淑華,民主進步黨,1545,
2024年區域立委選舉,2024,臺北市,信義區,永吉里,臺北市第07選區,1,李承龍,中華愛國同心黨,7,
2024年區域立委選舉,2024,臺北市,信義區,永吉里,臺北市第07選區,2,徐巧芯,中國國民黨,871,*
2024年區域立委選舉,2024,臺北市,信義區,永吉里,臺北市第07選區,3,羅丹,台灣維新,11,
2024年區域立委選舉,2024,臺北市,信義區,永吉里,臺北市第07選區,4,陳韋安,無黨籍及未經政黨推薦,47,
2024年區域立委選舉,2024,臺北市,信義區,永吉里,臺北市第07選區,5,許淑華,民主進步黨,1280,
2024年區域立委選舉,2024,臺北市,信義區,長春里,臺北市第07選區,1,李承龍,中華愛國同心黨,4,
2024年區域立委選舉,2024,臺北市,信義區,長春里,臺北市第07選區,2,徐巧芯,中國國民黨,1160,*
2024年區域立委選舉,2024,臺北市,信義區,長春里,臺北市第07選區,3,羅丹,台灣維新,16,
2024年區域立委選舉,2024,臺北市,信義區,長春里,臺北市第07選區,4,陳韋安,無黨籍及未經政黨推薦,53,
2024年區域立委選舉,2024,臺北市,信義區,長春里,臺北市第07選區,5,許淑華,民主進步黨,1295,
2024年區域立委選舉,2024,臺北市,信義區,四育里,臺北市第07選區,1,李承龍,中華愛國同心黨,6,
2024年區域立委選舉,2024,臺北市,信義區,四育里,臺北市第07選區,2,徐巧芯,中國國民黨,1553,*
2024年區域立委選舉,2024,臺北市,信義區,四育里,臺北市第07選區,3,羅丹,台灣維新,31,
2024年區域立委選舉,2024,臺北市,信義區,四育里,臺北市第07選區,4,陳韋安,無黨籍及未經政黨推薦,83,
2024年區域立委選舉,2024,臺北市,信義區,四育里,臺北市第07選區,5,許淑華,民主進步黨,1723,
2024年區域立委選舉,2024,臺北市,信義區,四維里,臺北市第07選區,1,李承龍,中華愛國同心黨,4,
2024年區域立委選舉,2024,臺北市,信義區,四維里,臺北市第07選區,2,徐巧芯,中國國民黨,1687,*
2024年區域立委選舉,2024,臺北市,信義區,四維里,臺北市第07選區,3,羅丹,台灣維新,30,
2024年區域立委選舉,2024,臺北市,信義區,四維里,臺北市第07選區,4,陳韋安,無黨籍及未經政黨推薦,54,
2024年區域立委選舉,2024,臺北市,信義區,四維里,臺北市第07選區,5,許淑華,民主進步黨,1342,
2024年區域立委選舉,2024,臺北市,信義區,永春里,臺北市第07選區,1,李承龍,中華愛國同心黨,2,
2024年區域立委選舉,2024,臺北市,信義區,永春里,臺北市第07選區,2,徐巧芯,中國國民黨,1458,*
2024年區域立委選舉,2024,臺北市,信義區,永春里,臺北市第07選區,3,羅丹,台灣維新,20,
2024年區域立委選舉,2024,臺北市,信義區,永春里,臺北市第07選區,4,陳韋安,無黨籍及未經政黨推薦,51,
2024年區域立委選舉,2024,臺北市,信義區,永春里,臺北市第07選區,5,許淑華,民主進步黨,1413,
2024年區域立委選舉,2024,臺北市,信義區,富台里,臺北市第07選區,1,李承龍,中華愛國同心黨,3,
2024年區域立委選舉,2024,臺北市,信義區,富台里,臺北市第07選區,2,徐巧芯,中國國民黨,1696,*
2024年區域立委選舉,2024,臺北市,信義區,富台里,臺北市第07選區,3,羅丹,台灣維新,19,
2024年區域立委選舉,2024,臺北市,信義區,富台里,臺北市第07選區,4,陳韋安,無黨籍及未經政黨推薦,54,
2024年區域立委選舉,2024,臺北市,信義區,富台里,臺北市第07選區,5,許淑華,民主進步黨,999,
2024年區域立委選舉,2024,臺北市,信義區,國業里,臺北市第07選區,1,李承龍,中華愛國同心黨,6,
2024年區域立委選舉,2024,臺北市,信義區,國業里,臺北市第07選區,2,徐巧芯,中國國民黨,2334,*
2024年區域立委選舉,2024,臺北市,信義區,國業里,臺北市第07選區,3,羅丹,台灣維新,23,
2024年區域立委選舉,2024,臺北市,信義區,國業里,臺北市第07選區,4,陳韋安,無黨籍及未經政黨推薦,77,
2024年區域立委選舉,2024,臺北市,信義區,國業里,臺北市第07選區,5,許淑華,民主進步黨,1852,
2024年區域立委選舉,2024,臺北市,信義區,松隆里,臺北市第07選區,1,李承龍,中華愛國同心黨,2,
2024年區域立委選舉,2024,臺北市,信義區,松隆里,臺北市第07選區,2,徐巧芯,中國國民黨,633,*
2024年區域立委選舉,2024,臺北市,信義區,松隆里,臺北市第07選區,3,羅丹,台灣維新,16,
2024年區域立委選舉,2024,臺北市,信義區,松隆里,臺北市第07選區,4,陳韋安,無黨籍及未經政黨推薦,33,
2024年區域立委選舉,2024,臺北市,信義區,松隆里,臺北市第07選區,5,許淑華,民主進步黨,573,
2024年區域立委選舉,2024,臺北市,信義區,松友里,臺北市第07選區,1,李承龍,中華愛國同心黨,6,
2024年區域立委選舉,2024,臺北市,信義區,松友里,臺北市第07選區,2,徐巧芯,中國國民黨,2050,*
2024年區域立委選舉,2024,臺北市,信義區,松友里,臺北市第07選區,3,羅丹,台灣維新,19,
2024年區域立委選舉,2024,臺北市,信義區,松友里,臺北市第07選區,4,陳韋安,無黨籍及未經政黨推薦,74,
2024年區域立委選舉,2024,臺北市,信義區,松友里,臺北市第07選區,5,許淑華,民主進步黨,1754,
2024年區域立委選舉,2024,臺北市,信義區,松光里,臺北市第07選區,1,李承龍,中華愛國同心黨,7,
2024年區域立委選舉,2024,臺北市,信義區,松光里,臺北市第07選區,2,徐巧芯,中國國民黨,1429,*
2024年區域立委選舉,2024,臺北市,信義區,松光里,臺北市第07選區,3,羅丹,台灣維新,10,
2024年區域立委選舉,2024,臺北市,信義區,松光里,臺北市第07選區,4,陳韋安,無黨籍及未經政黨推薦,50,
2024年區域立委選舉,2024,臺北市,信義區,松光里,臺北市第07選區,5,許淑華,民主進步黨,1423,
2024年區域立委選舉,2024,臺北市,信義區,中坡里,臺北市第07選區,1,李承龍,中華愛國同心黨,1,
2024年區域立委選舉,2024,臺北市,信義區,中坡里,臺北市第07選區,2,徐巧芯,中國國民黨,1371,*
2024年區域立委選舉,2024,臺北市,信義區,中坡里,臺北市第07選區,3,羅丹,台灣維新,17,
2024年區域立委選舉,2024,臺北市,信義區,中坡里,臺北市第07選區,4,陳韋安,無黨籍及未經政黨推薦,65,
2024年區域立委選舉,2024,臺北市,信義區,中坡里,臺北市第07選區,5,許淑華,民主進步黨,1239,
2024年區域立委選舉,2024,臺北市,信義區,中行里,臺北市第07選區,1,李承龍,中華愛國同心黨,8,
2024年區域立委選舉,2024,臺北市,信義區,中行里,臺北市第07選區,2,徐巧芯,中國國民黨,2180,*
2024年區域立委選舉,2024,臺北市,信義區,中行里,臺北市第07選區,3,羅丹,台灣維新,29,
2024年區域立委選舉,2024,臺北市,信義區,中行里,臺北市第07選區,4,陳韋安,無黨籍及未經政黨推薦,128,
2024年區域立委選舉,2024,臺北市,信義區,中行里,臺北市第07選區,5,許淑華,民主進步黨,2315,
2024年區域立委選舉,2024,臺北市,信義區,大道里,臺北市第07選區,1,李承龍,中華愛國同心黨,6,
2024年區域立委選舉,2024,臺北市,信義區,大道里,臺北市第07選區,2,徐巧芯,中國國民黨,1825,*
2024年區域立委選舉,2024,臺北市,信義區,大道里,臺北市第07選區,3,羅丹,台灣維新,20,
2024年區域立委選舉,2024,臺北市,信義區,大道里,臺北市第07選區,4,陳韋安,無黨籍及未經政黨推薦,72,
2024年區域立委選舉,2024,臺北市,信義區,大道里,臺北市第07選區,5,許淑華,民主進步黨,1716,
2024年區域立委選舉,2024,臺北市,信義區,大仁里,臺北市第07選區,1,李承龍,中華愛國同心黨,15,
2024年區域立委選舉,2024,臺北市,信義區,大仁里,臺北市第07選區,2,徐巧芯,中國國民黨,1771,*
2024年區域立委選舉,2024,臺北市,信義區,大仁里,臺北市第07選區,3,羅丹,台灣維新,25,
2024年區域立委選舉,2024,臺北市,信義區,大仁里,臺北市第07選區,4,陳韋安,無黨籍及未經政黨推薦,105,
2024年區域立委選舉,2024,臺北市,信義區,大仁里,臺北市第07選區,5,許淑華,民主進步黨,1727,
2024年區域立委選舉,2024,臺北市,信義區,景新里,臺北市第07選區,1,李承龍,中華愛國同心黨,3,
2024年區域立委選舉,2024,臺北市,信義區,景新里,臺北市第07選區,2,徐巧芯,中國國民黨,1758,*
2024年區域立委選舉,2024,臺北市,信義區,景新里,臺北市第07選區,3,羅丹,台灣維新,15,
2024年區域立委選舉,2024,臺北市,信義區,景新里,臺北市第07選區,4,陳韋安,無黨籍及未經政黨推薦,43,
2024年區域立委選舉,2024,臺北市,信義區,景新里,臺北市第07選區,5,許淑華,民主進步黨,1217,
2024年區域立委選舉,2024,臺北市,信義區,惠安里,臺北市第07選區,1,李承龍,中華愛國同心黨,9,
2024年區域立委選舉,2024,臺北市,信義區,惠安里,臺北市第07選區,2,徐巧芯,中國國民黨,2149,*
2024年區域立委選舉,2024,臺北市,信義區,惠安里,臺北市第07選區,3,羅丹,台灣維新,22,
2024年區域立委選舉,2024,臺北市,信義區,惠安里,臺北市第07選區,4,陳韋安,無黨籍及未經政黨推薦,71,
2024年區域立委選舉,2024,臺北市,信義區,惠安里,臺北市第07選區,5,許淑華,民主進步黨,1562,
2024年區域立委選舉,2024,臺北市,信義區,三張里,臺北市第07選區,1,李承龍,中華愛國同心黨,6,
2024年區域立委選舉,2024,臺北市,信義區,三張里,臺北市第07選區,2,徐巧芯,中國國民黨,2863,*
2024年區域立委選舉,2024,臺北市,信義區,三張里,臺北市第07選區,3,羅丹,台灣維新,20,
2024年區域立委選舉,2024,臺北市,信義區,三張里,臺北市第07選區,4,陳韋安,無黨籍及未經政黨推薦,84,
2024年區域立委選舉,2024,臺北市,信義區,三張里,臺北市第07選區,5,許淑華,民主進步黨,2249,
2024年區域立委選舉,2024,臺北市,信義區,三犁里,臺北市第07選區,1,李承龍,中華愛國同心黨,3,
2024年區域立委選舉,2024,臺北市,信義區,三犁里,臺北市第07選區,2,徐巧芯,中國國民黨,1640,*
2024年區域立委選舉,2024,臺北市,信義區,三犁里,臺北市第07選區,3,羅丹,台灣維新,12,
2024年區域立委選舉,2024,臺北市,信義區,三犁里,臺北市第07選區,4,陳韋安,無黨籍及未經政黨推薦,37,
2024年區域立委選舉,2024,臺北市,信義區,三犁里,臺北市第07選區,5,許淑華,民主進步黨,1389,
2024年區域立委選舉,2024,臺北市,信義區,六合里,臺北市第07選區,1,李承龍,中華愛國同心黨,7,
2024年區域立委選舉,2024,臺北市,信義區,六合里,臺北市第07選區,2,徐巧芯,中國國民黨,2317,*
2024年區域立委選舉,2024,臺北市,信義區,六合里,臺北市第07選區,3,羅丹,台灣維新,19,
2024年區域立委選舉,2024,臺北市,信義區,六合里,臺北市第07選區,4,陳韋安,無黨籍及未經政黨推薦,68,
2024年區域立委選舉,2024,臺北市,信義區,六合里,臺北市第07選區,5,許淑華,民主進步黨,1556,
2024年區域立委選舉,2024,臺北市,信義區,泰和里,臺北市第07選區,1,李承龍,中華愛國同心黨,7,
2024年區域立委選舉,2024,臺北市,信義區,泰和里,臺北市第07選區,2,徐巧芯,中國國民黨,2332,*
2024年區域立委選舉,2024,臺北市,信義區,泰和里,臺北市第07選區,3,羅丹,台灣維新,23,
2024年區域立委選舉,2024,臺北市,信義區,泰和里,臺北市第07選區,4,陳韋安,無黨籍及未經政黨推薦,104,
2024年區域立委選舉,2024,臺北市,信義區,泰和里,臺北市第07選區,5,許淑華,民主進步黨,1947,
2024年區域立委選舉,2024,臺北市,信義區,景聯里,臺北市第07選區,1,李承龍,中華愛國同心黨,3,
2024年區域立委選舉,2024,臺北市,信義區,景聯里,臺北市第07選區,2,徐巧芯,中國國民黨,1480,*
2024年區域立委選舉,2024,臺北市,信義區,景聯里,臺北市第07選區,3,羅丹,台灣維新,23,
2024年區域立委選舉,2024,臺北市,信義區,景聯里,臺北市第07選區,4,陳韋安,無黨籍及未經政黨推薦,62,
2024年區域立委選舉,2024,臺北市,信義區,景聯里,臺北市第07選區,5,許淑華,民主進步黨,1157,
2024年區域立委選舉,2024,臺北市,信義區,景勤里,臺北市第07選區,1,李承龍,中華愛國同心黨,8,
2024年區域立委選舉,2024,臺北市,信義區,景勤里,臺北市第07選區,2,徐巧芯,中國國民黨,1241,*
2024年區域立委選舉,2024,臺北市,信義區,景勤里,臺北市第07選區,3,羅丹,台灣維新,14,
2024年區域立委選舉,2024,臺北市,信義區,景勤里,臺北市第07選區,4,陳韋安,無黨籍及未經政黨推薦,36,
2024年區域立委選舉,2024,臺北市,信義區,景勤里,臺北市第07選區,5,許淑華,民主進步黨,983,
2024年區域立委選舉,2024,臺北市,信義區,雙和里,臺北市第07選區,1,李承龍,中華愛國同心黨,7,
2024年區域立委選舉,2024,臺北市,信義區,雙和里,臺北市第07選區,2,徐巧芯,中國國民黨,2416,*
2024年區域立委選舉,2024,臺北市,信義區,雙和里,臺北市第07選區,3,羅丹,台灣維新,28,
2024年區域立委選舉,2024,臺北市,信義區,雙和里,臺北市第07選區,4,陳韋安,無黨籍及未經政黨推薦,66,
2024年區域立委選舉,2024,臺北市,信義區,雙和里,臺北市第07選區,5,許淑華,民主進步黨,1868,
2024年區域立委選舉,2024,臺北市,信義區,嘉興里,臺北市第07選區,1,李承龍,中華愛國同心黨,2,
2024年區域立委選舉,2024,臺北市,信義區,嘉興里,臺北市第07選區,2,徐巧芯,中國國民黨,969,*
2024年區域立委選舉,2024,臺北市,信義區,嘉興里,臺北市第07選區,3,羅丹,台灣維新,16,
2024年區域立委選舉,2024,臺北市,信義區,嘉興里,臺北市第07選區,4,陳韋安,無黨籍及未經政黨推薦,38,
2024年區域立委選舉,2024,臺北市,信義區,嘉興里,臺北市第07選區,5,許淑華,民主進步黨,856,
2024年區域立委選舉,2024,臺北市,信義區,黎順里,臺北市第07選區,1,李承龍,中華愛國同心黨,5,
2024年區域立委選舉,2024,臺北市,信義區,黎順里,臺北市第07選區,2,徐巧芯,中國國民黨,1301,*
2024年區域立委選舉,2024,臺北市,信義區,黎順里,臺北市第07選區,3,羅丹,台灣維新,9,
2024年區域立委選舉,2024,臺北市,信義區,黎順里,臺北市第07選區,4,陳韋安,無黨籍及未經政黨推薦,50,
2024年區域立委選舉,2024,臺北市,信義區,黎順里,臺北市第07選區,5,許淑華,民主進步黨,1001,
2024年區域立委選舉,2024,臺北市,信義區,黎平里,臺北市第07選區,1,李承龍,中華愛國同心黨,10,
2024年區域立委選舉,2024,臺北市,信義區,黎平里,臺北市第07選區,2,徐巧芯,中國國民黨,2360,*
2024年區域立委選舉,2024,臺北市,信義區,黎平里,臺北市第07選區,3,羅丹,台灣維新,28,
2024年區域立委選舉,2024,臺北市,信義區,黎平里,臺北市第07選區,4,陳韋安,無黨籍及未經政黨推薦,94,
2024年區域立委選舉,2024,臺北市,信義區,黎平里,臺北市第07選區,5,許淑華,民主進步黨,1750,
2024年區域立委選舉,2024,臺北市,信義區,黎忠里,臺北市第07選區,1,李承龍,中華愛國同心黨,12,
2024年區域立委選舉,2024,臺北市,信義區,黎忠里,臺北市第07選區,2,徐巧芯,中國國民黨,1615,*
2024年區域立委選舉,2024,臺北市,信義區,黎忠里,臺北市第07選區,3,羅丹,台灣維新,22,
2024年區域立委選舉,2024,臺北市,信義區,黎忠里,臺北市第07選區,4,陳韋安,無黨籍及未經政黨推薦,84,
2024年區域立委選舉,2024,臺北市,信義區,黎忠里,臺北市第07選區,5,許淑華,民主進步黨,1172,
2024年區域立委選舉,2024,臺北市,信義區,黎安里,臺北市第07選區,1,李承龍,中華愛國同心黨,8,
2024年區域立委選舉,2024,臺北市,信義區,黎安里,臺北市第07選區,2,徐巧芯,中國國民黨,667,*
2024年區域立委選舉,2024,臺北市,信義區,黎安里,臺北市第07選區,3,羅丹,台灣維新,3,
2024年區域立委選舉,2024,臺北市,信義區,黎安里,臺北市第07選區,4,陳韋安,無黨籍及未經政黨推薦,24,
2024年區域立委選舉,2024,臺北市,信義區,黎安里,臺北市第07選區,5,許淑華,民主進步黨,377,
2024年區域立委選舉,2024,臺北市,大安區,德安里,臺北市第06選區,1,張雪卿,制度救世島,21,
2024年區域立委選舉,2024,臺北市,大安區,德安里,臺北市第06選區,2,苗博雅,社會民主黨,1274,
2024年區域立委選舉,2024,臺北市,大安區,德安里,臺北市第06選區,3,崔建章,臺灣雙語無法黨,32,
2024年區域立委選舉,2024,臺北市,大安區,德安里,臺北市第06選區,4,羅智強,中國國民黨,1783,*
2024年區域立委選舉,2024,臺北市,大安區,德安里,臺北市第06選區,5,朱翊銘,台灣維新,15,
2024年區域立委選舉,2024,臺北市,大安區,仁慈里,臺北市第06選區,1,張雪卿,制度救世島,11,
2024年區域立委選舉,2024,臺北市,大安區,仁慈里,臺北市第06選區,2,苗博雅,社會民主黨,1553,
2024年區域立委選舉,2024,臺北市,大安區,仁慈里,臺北市第06選區,3,崔建章,臺灣雙語無法黨,34,
2024年區域立委選舉,2024,臺北市,大安區,仁慈里,臺北市第06選區,4,羅智強,中國國民黨,1484,*
2024年區域立委選舉,2024,臺北市,大安區,仁慈里,臺北市第06選區,5,朱翊銘,台灣維新,9,
2024年區域立委選舉,2024,臺北市,大安區,和安里,臺北市第06選區,1,張雪卿,制度救世島,18,
2024年區域立委選舉,2024,臺北市,大安區,和安里,臺北市第06選區,2,苗博雅,社會民主黨,1705,
2024年區域立委選舉,2024,臺北市,大安區,和安里,臺北市第06選區,3,崔建章,臺灣雙語無法黨,32,
2024年區域立委選舉,2024,臺北市,大安區,和安里,臺北市第06選區,4,羅智強,中國國民黨,2034,*
2024年區域立委選舉,2024,臺北市,大安區,和安里,臺北市第06選區,5,朱翊銘,台灣維新,23,
2024年區域立委選舉,2024,臺北市,大安區,民炤里,臺北市第06選區,1,張雪卿,制度救世島,18,
2024年區域立委選舉,2024,臺北市,大安區,民炤里,臺北市第06選區,2,苗博雅,社會民主黨,2223,
2024年區域立委選舉,2024,臺北市,大安區,民炤里,臺北市第06選區,3,崔建章,臺灣雙語無法黨,74,
2024年區域立委選舉,2024,臺北市,大安區,民炤里,臺北市第06選區,4,羅智強,中國國民黨,2201,*
2024年區域立委選舉,2024,臺北市,大安區,民炤里,臺北市第06選區,5,朱翊銘,台灣維新,23,
2024年區域立委選舉,2024,臺北市,大安區,仁愛里,臺北市第06選區,1,張雪卿,制度救世島,16,
2024年區域立委選舉,2024,臺北市,大安區,仁愛里,臺北市第06選區,2,苗博雅,社會民主黨,1218,
2024年區域立委選舉,2024,臺北市,大安區,仁愛里,臺北市第06選區,3,崔建章,臺灣雙語無法黨,32,
2024年區域立委選舉,2024,臺北市,大安區,仁愛里,臺北市第06選區,4,羅智強,中國國民黨,1384,*
2024年區域立委選舉,2024,臺北市,大安區,仁愛里,臺北市第06選區,5,朱翊銘,台灣維新,4,
2024年區域立委選舉,2024,臺北市,大安區,義村里,臺北市第06選區,1,張雪卿,制度救世島,16,
2024年區域立委選舉,2024,臺北市,大安區,義村里,臺北市第06選區,2,苗博雅,社會民主黨,1202,
2024年區域立委選舉,2024,臺北市,大安區,義村里,臺北市第06選區,3,崔建章,臺灣雙語無法黨,43,
2024年區域立委選舉,2024,臺北市,大安區,義村里,臺北市第06選區,4,羅智強,中國國民黨,2016,*
2024年區域立委選舉,2024,臺北市,大安區,義村里,臺北市第06選區,5,朱翊銘,台灣維新,2,
2024年區域立委選舉,2024,臺北市,大安區,民輝里,臺北市第06選區,1,張雪卿,制度救世島,26,
2024年區域立委選舉,2024,臺北市,大安區,民輝里,臺北市第06選區,2,苗博雅,社會民主黨,1819,
2024年區域立委選舉,2024,臺北市,大安區,民輝里,臺北市第06選區,3,崔建章,臺灣雙語無法黨,60,
2024年區域立委選舉,2024,臺北市,大安區,民輝里,臺北市第06選區,4,羅智強,中國國民黨,1897,*
2024年區域立委選舉,2024,臺北市,大安區,民輝里,臺北市第06選區,5,朱翊銘,台灣維新,14,
2024年區域立委選舉,2024,臺北市,大安區,昌隆里,臺北市第06選區,1,張雪卿,制度救世島,5,
2024年區域立委選舉,2024,臺北市,大安區,昌隆里,臺北市第06選區,2,苗博雅,社會民主黨,896,
2024年區域立委選舉,2024,臺北市,大安區,昌隆里,臺北市第06選區,3,崔建章,臺灣雙語無法黨,17,
2024年區域立委選舉,2024,臺北市,大安區,昌隆里,臺北市第06選區,4,羅智強,中國國民黨,857,*
2024年區域立委選舉,2024,臺北市,大安區,昌隆里,臺北市第06選區,5,朱翊銘,台灣維新,10,
2024年區域立委選舉,2024,臺北市,大安區,誠安里,臺北市第06選區,1,張雪卿,制度救世島,21,
2024年區域立委選舉,2024,臺北市,大安區,誠安里,臺北市第06選區,2,苗博雅,社會民主黨,1087,
2024年區域立委選舉,2024,臺北市,大安區,誠安里,臺北市第06選區,3,崔建章,臺灣雙語無法黨,42,
2024年區域立委選舉,2024,臺北市,大安區,誠安里,臺北市第06選區,4,羅智強,中國國民黨,1079,*
2024年區域立委選舉,2024,臺北市,大安區,誠安里,臺北市第06選區,5,朱翊銘,台灣維新,6,
2024年區域立委選舉,2024,臺北市,大安區,光武里,臺北市第06選區,1,張雪卿,制度救世島,34,
2024年區域立委選舉,2024,臺北市,大安區,光武里,臺北市第06選區,2,苗博雅,社會民主黨,1879,
2024年區域立委選舉,2024,臺北市,大安區,光武里,臺北市第06選區,3,崔建章,臺灣雙語無法黨,51,
2024年區域立委選舉,2024,臺北市,大安區,光武里,臺北市第06選區,4,羅智強,中國國民黨,2158,*
2024年區域立委選舉,2024,臺北市,大安區,光武里,臺北市第06選區,5,朱翊銘,台灣維新,20,
2024年區域立委選舉,2024,臺北市,大安區,龍坡里,臺北市第06選區,1,張雪卿,制度救世島,17,
2024年區域立委選舉,2024,臺北市,大安區,龍坡里,臺北市第06選區,2,苗博雅,社會民主黨,1487,
2024年區域立委選舉,2024,臺北市,大安區,龍坡里,臺北市第06選區,3,崔建章,臺灣雙語無法黨,36,
2024年區域立委選舉,2024,臺北市,大安區,龍坡里,臺北市第06選區,4,羅智強,中國國民黨,1666,*
2024年區域立委選舉,2024,臺北市,大安區,龍坡里,臺北市第06選區,5,朱翊銘,台灣維新,8,
2024年區域立委選舉,2024,臺北市,大安區,龍泉里,臺北市第06選區,1,張雪卿,制度救世島,16,
2024年區域立委選舉,2024,臺北市,大安區,龍泉里,臺北市第06選區,2,苗博雅,社會民主黨,1384,
2024年區域立委選舉,2024,臺北市,大安區,龍泉里,臺北市第06選區,3,崔建章,臺灣雙語無法黨,45,
2024年區域立委選舉,2024,臺北市,大安區,龍泉里,臺北市第06選區,4,羅智強,中國國民黨,1371,*
2024年區域立委選舉,2024,臺北市,大安區,龍泉里,臺北市第06選區,5,朱翊銘,台灣維新,13,
2024年區域立委選舉,2024,臺北市,大安區,古風里,臺北市第06選區,1,張雪卿,制度救世島,9,
2024年區域立委選舉,2024,臺北市,大安區,古風里,臺北市第06選區,2,苗博雅,社會民主黨,1149,
2024年區域立委選舉,2024,臺北市,大安區,古風里,臺北市第06選區,3,崔建章,臺灣雙語無法黨,42,
2024年區域立委選舉,2024,臺北市,大安區,古風里,臺北市第06選區,4,羅智強,中國國民黨,1204,*
2024年區域立委選舉,2024,臺北市,大安區,古風里,臺北市第06選區,5,朱翊銘,台灣維新,8,
2024年區域立委選舉,2024,臺北市,大安區,古莊里,臺北市第06選區,1,張雪卿,制度救世島,23,
2024年區域立委選舉,2024,臺北市,大安區,古莊里,臺北市第06選區,2,苗博雅,社會民主黨,1968,
2024年區域立委選舉,2024,臺北市,大安區,古莊里,臺北市第06選區,3,崔建章,臺灣雙語無法黨,62,
2024年區域立委選舉,2024,臺北市,大安區,古莊里,臺北市第06選區,4,羅智強,中國國民黨,2158,*
2024年區域立委選舉,2024,臺北市,大安區,古莊里,臺北市第06選區,5,朱翊銘,台灣維新,35,
2024年區域立委選舉,2024,臺北市,大安區,龍安里,臺北市第06選區,1,張雪卿,制度救世島,17,
2024年區域立委選舉,2024,臺北市,大安區,龍安里,臺北市第06選區,2,苗博雅,社會民主黨,1759,
2024年區域立委選舉,2024,臺北市,大安區,龍安里,臺北市第06選區,3,崔建章,臺灣雙語無法黨,48,
2024年區域立委選舉,2024,臺北市,大安區,龍安里,臺北市第06選區,4,羅智強,中國國民黨,1835,*
2024年區域立委選舉,2024,臺北市,大安區,龍安里,臺北市第06選區,5,朱翊銘,台灣維新,12,
2024年區域立委選舉,2024,臺北市,大安區,錦安里,臺北市第06選區,1,張雪卿,制度救世島,16,
2024年區域立委選舉,2024,臺北市,大安區,錦安里,臺北市第06選區,2,苗博雅,社會民主黨,1626,
2024年區域立委選舉,2024,臺北市,大安區,錦安里,臺北市第06選區,3,崔建章,臺灣雙語無法黨,44,
2024年區域立委選舉,2024,臺北市,大安區,錦安里,臺北市第06選區,4,羅智強,中國國民黨,1717,*
2024年區域立委選舉,2024,臺北市,大安區,錦安里,臺北市第06選區,5,朱翊銘,台灣維新,15,
2024年區域立委選舉,2024,臺北市,大安區,福住里,臺北市第06選區,1,張雪卿,制度救世島,16,
2024年區域立委選舉,2024,臺北市,大安區,福住里,臺北市第06選區,2,苗博雅,社會民主黨,1638,
2024年區域立委選舉,2024,臺北市,大安區,福住里,臺北市第06選區,3,崔建章,臺灣雙語無法黨,50,
2024年區域立委選舉,2024,臺北市,大安區,福住里,臺北市第06選區,4,羅智強,中國國民黨,1690,*
2024年區域立委選舉,2024,臺北市,大安區,福住里,臺北市第06選區,5,朱翊銘,台灣維新,13,
2024年區域立委選舉,2024,臺北市,大安區,永康里,臺北市第06選區,1,張雪卿,制度救世島,9,
2024年區域立委選舉,2024,臺北市,大安區,永康里,臺北市第06選區,2,苗博雅,社會民主黨,867,
2024年區域立委選舉,2024,臺北市,大安區,永康里,臺北市第06選區,3,崔建章,臺灣雙語無法黨,23,
2024年區域立委選舉,2024,臺北市,大安區,永康里,臺北市第06選區,4,羅智強,中國國民黨,1132,*
2024年區域立委選舉,2024,臺北市,大安區,永康里,臺北市第06選區,5,朱翊銘,台灣維新,5,
2024年區域立委選舉,2024,臺北市,大安區,光明里,臺北市第06選區,1,張雪卿,制度救世島,11,
2024年區域立委選舉,2024,臺北市,大安區,光明里,臺北市第06選區,2,苗博雅,社會民主黨,963,
2024年區域立委選舉,2024,臺北市,大安區,光明里,臺北市第06選區,3,崔建章,臺灣雙語無法黨,39,
2024年區域立委選舉,2024,臺北市,大安區,光明里,臺北市第06選區,4,羅智強,中國國民黨,1072,*
2024年區域立委選舉,2024,臺北市,大安區,光明里,臺北市第06選區,5,朱翊銘,台灣維新,7,
2024年區域立委選舉,2024,臺北市,大安區,錦泰里,臺北市第06選區,1,張雪卿,制度救世島,14,
2024年區域立委選舉,2024,臺北市,大安區,錦泰里,臺北市第06選區,2,苗博雅,社會民主黨,925,
2024年區域立委選舉,2024,臺北市,大安區,錦泰里,臺北市第06選區,3,崔建章,臺灣雙語無法黨,30,
2024年區域立委選舉,2024,臺北市,大安區,錦泰里,臺北市第06選區,4,羅智強,中國國民黨,1137,*
2024年區域立委選舉,2024,臺北市,大安區,錦泰里,臺北市第06選區,5,朱翊銘,台灣維新,9,
2024年區域立委選舉,2024,臺北市,大安區,錦華里,臺北市第06選區,1,張雪卿,制度救世島,17,
2024年區域立委選舉,2024,臺北市,大安區,錦華里,臺北市第06選區,2,苗博雅,社會民主黨,1467,
2024年區域立委選舉,2024,臺北市,大安區,錦華里,臺北市第06選區,3,崔建章,臺灣雙語無法黨,43,
2024年區域立委選舉,2024,臺北市,大安區,錦華里,臺北市第06選區,4,羅智強,中國國民黨,1826,*
2024年區域立委選舉,2024,臺北市,大安區,錦華里,臺北市第06選區,5,朱翊銘,台灣維新,13,
2024年區域立委選舉,2024,臺北市,大安區,龍圖里,臺北市第06選區,1,張雪卿,制度救世島,13,
2024年區域立委選舉,2024,臺北市,大安區,龍圖里,臺北市第06選區,2,苗博雅,社會民主黨,1636,
2024年區域立委選舉,2024,臺北市,大安區,龍圖里,臺北市第06選區,3,崔建章,臺灣雙語無法黨,47,
2024年區域立委選舉,2024,臺北市,大安區,龍圖里,臺北市第06選區,4,羅智強,中國國民黨,2176,*
2024年區域立委選舉,2024,臺北市,大安區,龍圖里,臺北市第06選區,5,朱翊銘,台灣維新,12,
2024年區域立委選舉,2024,臺北市,大安區,新龍里,臺北市第06選區,1,張雪卿,制度救世島,16,
2024年區域立委選舉,2024,臺北市,大安區,新龍里,臺北市第06選區,2,苗博雅,社會民主黨,1473,
2024年區域立委選舉,2024,臺北市,大安區,新龍里,臺北市第06選區,3,崔建章,臺灣雙語無法黨,55,
2024年區域立委選舉,2024,臺北市,大安區,新龍里,臺北市第06選區,4,羅智強,中國國民黨,2496,*
2024年區域立委選舉,2024,臺北市,大安區,新龍里,臺北市第06選區,5,朱翊銘,台灣維新,14,
2024年區域立委選舉,2024,臺北市,大安區,龍陣里,臺北市第06選區,1,張雪卿,制度救世島,7,
2024年區域立委選舉,2024,臺北市,大安區,龍陣里,臺北市第06選區,2,苗博雅,社會民主黨,946,
2024年區域立委選舉,2024,臺北市,大安區,龍陣里,臺北市第06選區,3,崔建章,臺灣雙語無法黨,22,
2024年區域立委選舉,2024,臺北市,大安區,龍陣里,臺北市第06選區,4,羅智強,中國國民黨,1065,*
2024年區域立委選舉,2024,臺北市,大安區,龍陣里,臺北市第06選區,5,朱翊銘,台灣維新,4,
2024年區域立委選舉,2024,臺北市,大安區,龍雲里,臺北市第06選區,1,張雪卿,制度救世島,18,
2024年區域立委選舉,2024,臺北市,大安區,龍雲里,臺北市第06選區,2,苗博雅,社會民主黨,1221,
2024年區域立委選舉,2024,臺北市,大安區,龍雲里,臺北市第06選區,3,崔建章,臺灣雙語無法黨,22,
2024年區域立委選舉,2024,臺北市,大安區,龍雲里,臺北市第06選區,4,羅智強,中國國民黨,1395,*
2024年區域立委選舉,2024,臺北市,大安區,龍雲里,臺北市第06選區,5,朱翊銘,台灣維新,8,
2024年區域立委選舉,2024,臺北市,大安區,龍生里,臺北市第06選區,1,張雪卿,制度救世島,21,
2024年區域立委選舉,2024,臺北市,大安區,龍生里,臺北市第06選區,2,苗博雅,社會民主黨,1683,
2024年區域立委選舉,2024,臺北市,大安區,龍生里,臺北市第06選區,3,崔建章,臺灣雙語無法黨,55,
2024年區域立委選舉,2024,臺北市,大安區,龍生里,臺北市第06選區,4,羅智強,中國國民黨,2082,*
2024年區域立委選舉,2024,臺北市,大安區,龍生里,臺北市第06選區,5,朱翊銘,台灣維新,17,
2024年區域立委選舉,2024,臺北市,大安區,住安里,臺北市第06選區,1,張雪卿,制度救世島,19,
2024年區域立委選舉,2024,臺北市,大安區,住安里,臺北市第06選區,2,苗博雅,社會民主黨,1213,
2024年區域立委選舉,2024,臺北市,大安區,住安里,臺北市第06選區,3,崔建章,臺灣雙語無法黨,27,
2024年區域立委選舉,2024,臺北市,大安區,住安里,臺北市第06選區,4,羅智強,中國國民黨,1590,*
2024年區域立委選舉,2024,臺北市,大安區,住安里,臺北市第06選區,5,朱翊銘,台灣維新,6,
2024年區域立委選舉,2024,臺北市,大安區,義安里,臺北市第06選區,1,張雪卿,制度救世島,13,
2024年區域立委選舉,2024,臺北市,大安區,義安里,臺北市第06選區,2,苗博雅,社會民主黨,1277,
2024年區域立委選舉,2024,臺北市,大安區,義安里,臺北市第06選區,3,崔建章,臺灣雙語無法黨,49,
2024年區域立委選舉,2024,臺北市,大安區,義安里,臺北市第06選區,4,羅智強,中國國民黨,1711,*
2024年區域立委選舉,2024,臺北市,大安區,義安里,臺北市第06選區,5,朱翊銘,台灣維新,11,
2024年區域立委選舉,2024,臺北市,大安區,通化里,臺北市第06選區,1,張雪卿,制度救世島,26,
2024年區域立委選舉,2024,臺北市,大安區,通化里,臺北市第06選區,2,苗博雅,社會民主黨,1779,
2024年區域立委選舉,2024,臺北市,大安區,通化里,臺北市第06選區,3,崔建章,臺灣雙語無法黨,44,
2024年區域立委選舉,2024,臺北市,大安區,通化里,臺北市第06選區,4,羅智強,中國國民黨,1641,*
2024年區域立委選舉,2024,臺北市,大安區,通化里,臺北市第06選區,5,朱翊銘,台灣維新,15,
2024年區域立委選舉,2024,臺北市,大安區,通安里,臺北市第06選區,1,張雪卿,制度救世島,13,
2024年區域立委選舉,2024,臺北市,大安區,通安里,臺北市第06選區,2,苗博雅,社會民主黨,1413,
2024年區域立委選舉,2024,臺北市,大安區,通安里,臺北市第06選區,3,崔建章,臺灣雙語無法黨,48,
2024年區域立委選舉,2024,臺北市,大安區,通安里,臺北市第06選區,4,羅智強,中國國民黨,1675,*
2024年區域立委選舉,2024,臺北市,大安區,通安里,臺北市第06選區,5,朱翊銘,台灣維新,17,
2024年區域立委選舉,2024,臺北市,大安區,臨江里,臺北市第06選區,1,張雪卿,制度救世島,30,
2024年區域立委選舉,2024,臺北市,大安區,臨江里,臺北市第06選區,2,苗博雅,社會民主黨,1109,
2024年區域立委選舉,2024,臺北市,大安區,臨江里,臺北市第06選區,3,崔建章,臺灣雙語無法黨,32,
2024年區域立委選舉,2024,臺北市,大安區,臨江里,臺北市第06選區,4,羅智強,中國國民黨,1207,*
2024年區域立委選舉,2024,臺北市,大安區,臨江里,臺北市第06選區,5,朱翊銘,台灣維新,13,
2024年區域立委選舉,2024,臺北市,大安區,法治里,臺北市第06選區,1,張雪卿,制度救世島,18,
2024年區域立委選舉,2024,臺北市,大安區,法治里,臺北市第06選區,2,苗博雅,社會民主黨,1072,
2024年區域立委選舉,2024,臺北市,大安區,法治里,臺北市第06選區,3,崔建章,臺灣雙語無法黨,33,
2024年區域立委選舉,2024,臺北市,大安區,法治里,臺北市第06選區,4,羅智強,中國國民黨,1557,*
2024年區域立委選舉,2024,臺北市,大安區,法治里,臺北市第06選區,5,朱翊銘,台灣維新,14,
2024年區域立委選舉,2024,臺北市,大安區,全安里,臺北市第06選區,1,張雪卿,制度救世島,15,
2024年區域立委選舉,2024,臺北市,大安區,全安里,臺北市第06選區,2,苗博雅,社會民主黨,1058,
2024年區域立委選舉,2024,臺北市,大安區,全安里,臺北市第06選區,3,崔建章,臺灣雙語無法黨,32,
2024年區域立委選舉,2024,臺北市,大安區,全安里,臺北市第06選區,4,羅智強,中國國民黨,1389,*
2024年區域立委選舉,2024,臺北市,大安區,全安里,臺北市第06選區,5,朱翊銘,台灣維新,7,
2024年區域立委選舉,2024,臺北市,大安區,群賢里,臺北市第06選區,1,張雪卿,制度救世島,16,
2024年區域立委選舉,2024,臺北市,大安區,群賢里,臺北市第06選區,2,苗博雅,社會民主黨,1341,
2024年區域立委選舉,2024,臺北市,大安區,群賢里,臺北市第06選區,3,崔建章,臺灣雙語無法黨,40,
2024年區域立委選舉,2024,臺北市,大安區,群賢里,臺北市第06選區,4,羅智強,中國國民黨,1850,*
2024年區域立委選舉,2024,臺北市,大安區,群賢里,臺北市第06選區,5,朱翊銘,台灣維新,16,
2024年區域立委選舉,2024,臺北市,大安區,群英里,臺北市第06選區,1,張雪卿,制度救世島,20,
2024年區域立委選舉,2024,臺北市,大安區,群英里,臺北市第06選區,2,苗博雅,社會民主黨,1295,
2024年區域立委選舉,2024,臺北市,大安區,群英里,臺北市第06選區,3,崔建章,臺灣雙語無法黨,68,
2024年區域立委選舉,2024,臺北市,大安區,群英里,臺北市第06選區,4,羅智強,中國國民黨,2788,*
2024年區域立委選舉,2024,臺北市,大安區,群英里,臺北市第06選區,5,朱翊銘,台灣維新,17,
2024年區域立委選舉,2024,臺北市,大安區,虎嘯里,臺北市第06選區,1,張雪卿,制度救世島,9,
2024年區域立委選舉,2024,臺北市,大安區,虎嘯里,臺北市第06選區,2,苗博雅,社會民主黨,986,
2024年區域立委選舉,2024,臺北市,大安區,虎嘯里,臺北市第06選區,3,崔建章,臺灣雙語無法黨,36,
2024年區域立委選舉,2024,臺北市,大安區,虎嘯里,臺北市第06選區,4,羅智強,中國國民黨,1165,*
2024年區域立委選舉,2024,臺北市,大安區,虎嘯里,臺北市第06選區,5,朱翊銘,台灣維新,8,
2024年區域立委選舉,2024,臺北市,大安區,臥龍里,臺北市第06選區,1,張雪卿,制度救世島,8,
2024年區域立委選舉,2024,臺北市,大安區,臥龍里,臺北市第06選區,2,苗博雅,社會民主黨,531,
2024年區域立委選舉,2024,臺北市,大安區,臥龍里,臺北市第06選區,3,崔建章,臺灣雙語無法黨,15,
2024年區域立委選舉,2024,臺北市,大安區,臥龍里,臺北市第06選區,4,羅智強,中國國民黨,642,*
2024年區域立委選舉,2024,臺北市,大安區,臥龍里,臺北市第06選區,5,朱翊銘,台灣維新,8,
2024年區域立委選舉,2024,臺北市,大安區,龍淵里,臺北市第06選區,1,張雪卿,制度救世島,18,
2024年區域立委選舉,2024,臺北市,大安區,龍淵里,臺北市第06選區,2,苗博雅,社會民主黨,2444,
2024年區域立委選舉,2024,臺北市,大安區,龍淵里,臺北市第06選區,3,崔建章,臺灣雙語無法黨,69,
2024年區域立委選舉,2024,臺北市,大安區,龍淵里,臺北市第06選區,4,羅智強,中國國民黨,2643,*
2024年區域立委選舉,2024,臺北市,大安區,龍淵里,臺北市第06選區,5,朱翊銘,台灣維新,15,
2024年區域立委選舉,2024,臺北市,大安區,龍門里,臺北市第06選區,1,張雪卿,制度救世島,4,
2024年區域立委選舉,2024,臺北市,大安區,龍門里,臺北市第06選區,2,苗博雅,社會民主黨,1140,
2024年區域立委選舉,2024,臺北市,大安區,龍門里,臺北市第06選區,3,崔建章,臺灣雙語無法黨,26,
2024年區域立委選舉,2024,臺北市,大安區,龍門里,臺北市第06選區,4,羅智強,中國國民黨,1221,*
2024年區域立委選舉,2024,臺北市,大安區,龍門里,臺北市第06選區,5,朱翊銘,台灣維新,9,
2024年區域立委選舉,2024,臺北市,大安區,大學里,臺北市第06選區,1,張雪卿,制度救世島,27,
2024年區域立委選舉,2024,臺北市,大安區,大學里,臺北市第06選區,2,苗博雅,社會民主黨,2283,
2024年區域立委選舉,2024,臺北市,大安區,大學里,臺北市第06選區,3,崔建章,臺灣雙語無法黨,68,
2024年區域立委選舉,2024,臺北市,大安區,大學里,臺北市第06選區,4,羅智強,中國國民黨,2571,*
2024年區域立委選舉,2024,臺北市,大安區,大學里,臺北市第06選區,5,朱翊銘,台灣維新,20,
2024年區域立委選舉,2024,臺北市,大安區,芳和里,臺北市第06選區,1,張雪卿,制度救世島,12,
2024年區域立委選舉,2024,臺北市,大安區,芳和里,臺北市第06選區,2,苗博雅,社會民主黨,1494,
2024年區域立委選舉,2024,臺北市,大安區,芳和里,臺北市第06選區,3,崔建章,臺灣雙語無法黨,47,
2024年區域立委選舉,2024,臺北市,大安區,芳和里,臺北市第06選區,4,羅智強,中國國民黨,1787,*
2024年區域立委選舉,2024,臺北市,大安區,芳和里,臺北市第06選區,5,朱翊銘,台灣維新,13,
2024年區域立委選舉,2024,臺北市,大安區,黎元里,臺北市第06選區,1,張雪卿,制度救世島,16,
2024年區域立委選舉,2024,臺北市,大安區,黎元里,臺北市第06選區,2,苗博雅,社會民主黨,1570,
2024年區域立委選舉,2024,臺北市,大安區,黎元里,臺北市第06選區,3,崔建章,臺灣雙語無法黨,39,
2024年區域立委選舉,2024,臺北市,大安區,黎元里,臺北市第06選區,4,羅智強,中國國民黨,1625,*
2024年區域立委選舉,2024,臺北市,大安區,黎元里,臺北市第06選區,5,朱翊銘,台灣維新,18,
2024年區域立委選舉,2024,臺北市,大安區,黎孝里,臺北市第06選區,1,張雪卿,制度救世島,27,
2024年區域立委選舉,2024,臺北市,大安區,黎孝里,臺北市第06選區,2,苗博雅,社會民主黨,2159,
2024年區域立委選舉,2024,臺北市,大安區,黎孝里,臺北市第06選區,3,崔建章,臺灣雙語無法黨,68,
2024年區域立委選舉,2024,臺北市,大安區,黎孝里,臺北市第06選區,4,羅智強,中國國民黨,2380,*
2024年區域立委選舉,2024,臺北市,大安區,黎孝里,臺北市第06選區,5,朱翊銘,台灣維新,23,
2024年區域立委選舉,2024,臺北市,大安區,黎和里,臺北市第06選區,1,張雪卿,制度救世島,17,
2024年區域立委選舉,2024,臺北市,大安區,黎和里,臺北市第06選區,2,苗博雅,社會民主黨,1226,
2024年區域立委選舉,2024,臺北市,大安區,黎和里,臺北市第06選區,3,崔建章,臺灣雙語無法黨,50,
2024年區域立委選舉,2024,臺北市,大安區,黎和里,臺北市第06選區,4,羅智強,中國國民黨,1587,*
2024年區域立委選舉,2024,臺北市,大安區,黎和里,臺北市第06選區,5,朱翊銘,台灣維新,20,
2024年區域立委選舉,2024,臺北市,大安區,建安里,臺北市第06選區,1,張雪卿,制度救世島,21,
2024年區域立委選舉,2024,臺北市,大安區,建安里,臺北市第06選區,2,苗博雅,社會民主黨,1168,
2024年區域立委選舉,2024,臺北市,大安區,建安里,臺北市第06選區,3,崔建章,臺灣雙語無法黨,30,
2024年區域立委選舉,2024,臺北市,大安區,建安里,臺北市第06選區,4,羅智強,中國國民黨,1421,*
2024年區域立委選舉,2024,臺北市,大安區,建安里,臺北市第06選區,5,朱翊銘,台灣維新,8,
2024年區域立委選舉,2024,臺北市,大安區,建倫里,臺北市第06選區,1,張雪卿,制度救世島,16,
2024年區域立委選舉,2024,臺北市,大安區,建倫里,臺北市第06選區,2,苗博雅,社會民主黨,1443,
2024年區域立委選舉,2024,臺北市,大安區,建倫里,臺北市第06選區,3,崔建章,臺灣雙語無法黨,38,
2024年區域立委選舉,2024,臺北市,大安區,建倫里,臺北市第06選區,4,羅智強,中國國民黨,1787,*
2024年區域立委選舉,2024,臺北市,大安區,建倫里,臺北市第06選區,5,朱翊銘,台灣維新,8,
2024年區域立委選舉,2024,臺北市,大安區,敦安里,臺北市第06選區,1,張雪卿,制度救世島,21,
2024年區域立委選舉,2024,臺北市,大安區,敦安里,臺北市第06選區,2,苗博雅,社會民主黨,1600,
2024年區域立委選舉,2024,臺北市,大安區,敦安里,臺北市第06選區,3,崔建章,臺灣雙語無法黨,40,
2024年區域立委選舉,2024,臺北市,大安區,敦安里,臺北市第06選區,4,羅智強,中國國民黨,1725,*
2024年區域立委選舉,2024,臺北市,大安區,敦安里,臺北市第06選區,5,朱翊銘,台灣維新,10,
2024年區域立委選舉,2024,臺北市,大安區,正聲里,臺北市第06選區,1,張雪卿,制度救世島,16,
2024年區域立委選舉,2024,臺北市,大安區,正聲里,臺北市第06選區,2,苗博雅,社會民主黨,1089,
2024年區域立委選舉,2024,臺北市,大安區,正聲里,臺北市第06選區,3,崔建章,臺灣雙語無法黨,28,
2024年區域立委選舉,2024,臺北市,大安區,正聲里,臺北市第06選區,4,羅智強,中國國民黨,1396,*
2024年區域立委選舉,2024,臺北市,大安區,正聲里,臺北市第06選區,5,朱翊銘,台灣維新,11,
2024年區域立委選舉,2024,臺北市,大安區,敦煌里,臺北市第06選區,1,張雪卿,制度救世島,24,
2024年區域立委選舉,2024,臺北市,大安區,敦煌里,臺北市第06選區,2,苗博雅,社會民主黨,1587,
2024年區域立委選舉,2024,臺北市,大安區,敦煌里,臺北市第06選區,3,崔建章,臺灣雙語無法黨,45,
2024年區域立委選舉,2024,臺北市,大安區,敦煌里,臺北市第06選區,4,羅智強,中國國民黨,1714,*
2024年區域立委選舉,2024,臺北市,大安區,敦煌里,臺北市第06選區,5,朱翊銘,台灣維新,8,
2024年區域立委選舉,2024,臺北市,大安區,華聲里,臺北市第06選區,1,張雪卿,制度救世島,12,
2024年區域立委選舉,2024,臺北市,大安區,華聲里,臺北市第06選區,2,苗博雅,社會民主黨,1014,
2024年區域立委選舉,2024,臺北市,大安區,華聲里,臺北市第06選區,3,崔建章,臺灣雙語無法黨,30,
2024年區域立委選舉,2024,臺北市,大安區,華聲里,臺北市第06選區,4,羅智強,中國國民黨,1241,*
2024年區域立委選舉,2024,臺北市,大安區,華聲里,臺北市第06選區,5,朱翊銘,台灣維新,10,
2024年區域立委選舉,2024,臺北市,大安區,車層里,臺北市第06選區,1,張雪卿,制度救世島,18,
2024年區域立委選舉,2024,臺北市,大安區,車層里,臺北市第06選區,2,苗博雅,社會民主黨,1604,
2024年區域立委選舉,2024,臺北市,大安區,車層里,臺北市第06選區,3,崔建章,臺灣雙語無法黨,50,
2024年區域立委選舉,2024,臺北市,大安區,車層里,臺北市第06選區,4,羅智強,中國國民黨,1782,*
2024年區域立委選舉,2024,臺北市,大安區,車層里,臺北市第06選區,5,朱翊銘,台灣維新,12,
2024年區域立委選舉,2024,臺北市,大安區,光信里,臺北市第06選區,1,張雪卿,制度救世島,19,
2024年區域立委選舉,2024,臺北市,大安區,光信里,臺北市第06選區,2,苗博雅,社會民主黨,1897,
2024年區域立委選舉,2024,臺北市,大安區,光信里,臺北市第06選區,3,崔建章,臺灣雙語無法黨,54,
2024年區域立委選舉,2024,臺北市,大安區,光信里,臺北市第06選區,4,羅智強,中國國民黨,2221,*
2024年區域立委選舉,2024,臺北市,大安區,光信里,臺北市第06選區,5,朱翊銘,台灣維新,19,
2024年區域立委選舉,2024,臺北市,大安區,學府里,臺北市第06選區,1,張雪卿,制度救世島,15,
2024年區域立委選舉,2024,臺北市,大安區,學府里,臺北市第06選區,2,苗博雅,社會民主黨,535,
2024年區域立委選舉,2024,臺北市,大安區,學府里,臺北市第06選區,3,崔建章,臺灣雙語無法黨,16,
2024年區域立委選舉,2024,臺北市,大安區,學府里,臺北市第06選區,4,羅智強,中國國民黨,742,*
2024年區域立委選舉,2024,臺北市,大安區,學府里,臺北市第06選區,5,朱翊銘,台灣維新,5,
2024年區域立委選舉,2024,臺北市,中山區,正守里,臺北市第03選區,1,余新造,人民最大黨,4,
2024年區域立委選舉,2024,臺北市,中山區,正守里,臺北市第03選區,2,陳源發,無黨籍及未經政黨推薦,25,
2024年區域立委選舉,2024,臺北市,中山區,正守里,臺北市第03選區,3,謝佩芬,民主進步黨,951,
2024年區域立委選舉,2024,臺北市,中山區,正守里,臺北市第03選區,4,高士恩,制度救世島,5,
2024年區域立委選舉,2024,臺北市,中山區,正守里,臺北市第03選區,5,王鴻薇,中國國民黨,966,*
2024年區域立委選舉,2024,臺北市,中山區,正守里,臺北市第03選區,6,楊時睿,台灣維新,19,
2024年區域立委選舉,2024,臺北市,中山區,正守里,臺北市第03選區,7,陳一郎,臺灣雙語無法黨,9,
2024年區域立委選舉,2024,臺北市,中山區,正義里,臺北市第03選區,1,余新造,人民最大黨,15,
2024年區域立委選舉,2024,臺北市,中山區,正義里,臺北市第03選區,2,陳源發,無黨籍及未經政黨推薦,31,
2024年區域立委選舉,2024,臺北市,中山區,正義里,臺北市第03選區,3,謝佩芬,民主進步黨,1306,
2024年區域立委選舉,2024,臺北市,中山區,正義里,臺北市第03選區,4,高士恩,制度救世島,5,
2024年區域立委選舉,2024,臺北市,中山區,正義里,臺北市第03選區,5,王鴻薇,中國國民黨,1566,*
2024年區域立委選舉,2024,臺北市,中山區,正義里,臺北市第03選區,6,楊時睿,台灣維新,26,
2024年區域立委選舉,2024,臺北市,中山區,正義里,臺北市第03選區,7,陳一郎,臺灣雙語無法黨,15,
2024年區域立委選舉,2024,臺北市,中山區,正得里,臺北市第03選區,1,余新造,人民最大黨,7,
2024年區域立委選舉,2024,臺北市,中山區,正得里,臺北市第03選區,2,陳源發,無黨籍及未經政黨推薦,29,
2024年區域立委選舉,2024,臺北市,中山區,正得里,臺北市第03選區,3,謝佩芬,民主進步黨,952,
2024年區域立委選舉,2024,臺北市,中山區,正得里,臺北市第03選區,4,高士恩,制度救世島,1,
2024年區域立委選舉,2024,臺北市,中山區,正得里,臺北市第03選區,5,王鴻薇,中國國民黨,1132,*
2024年區域立委選舉,2024,臺北市,中山區,正得里,臺北市第03選區,6,楊時睿,台灣維新,10,
2024年區域立委選舉,2024,臺北市,中山區,正得里,臺北市第03選區,7,陳一郎,臺灣雙語無法黨,19,
2024年區域立委選舉,2024,臺北市,中山區,民安里,臺北市第03選區,1,余新造,人民最大黨,9,
2024年區域立委選舉,2024,臺北市,中山區,民安里,臺北市第03選區,2,陳源發,無黨籍及未經政黨推薦,24,
2024年區域立委選舉,2024,臺北市,中山區,民安里,臺北市第03選區,3,謝佩芬,民主進步黨,1332,
2024年區域立委選舉,2024,臺北市,中山區,民安里,臺北市第03選區,4,高士恩,制度救世島,2,
2024年區域立委選舉,2024,臺北市,中山區,民安里,臺北市第03選區,5,王鴻薇,中國國民黨,1247,*
2024年區域立委選舉,2024,臺北市,中山區,民安里,臺北市第03選區,6,楊時睿,台灣維新,11,
2024年區域立委選舉,2024,臺北市,中山區,民安里,臺北市第03選區,7,陳一郎,臺灣雙語無法黨,13,
2024年區域立委選舉,2024,臺北市,中山區,康樂里,臺北市第03選區,1,余新造,人民最大黨,5,
2024年區域立委選舉,2024,臺北市,中山區,康樂里,臺北市第03選區,2,陳源發,無黨籍及未經政黨推薦,22,
2024年區域立委選舉,2024,臺北市,中山區,康樂里,臺北市第03選區,3,謝佩芬,民主進步黨,677,
2024年區域立委選舉,2024,臺北市,中山區,康樂里,臺北市第03選區,4,高士恩,制度救世島,3,
2024年區域立委選舉,2024,臺北市,中山區,康樂里,臺北市第03選區,5,王鴻薇,中國國民黨,837,*
2024年區域立委選舉,2024,臺北市,中山區,康樂里,臺北市第03選區,6,楊時睿,台灣維新,10,
2024年區域立委選舉,2024,臺北市,中山區,康樂里,臺北市第03選區,7,陳一郎,臺灣雙語無法黨,5,
2024年區域立委選舉,2024,臺北市,中山區,中山里,臺北市第03選區,1,余新造,人民最大黨,20,
2024年區域立委選舉,2024,臺北市,中山區,中山里,臺北市第03選區,2,陳源發,無黨籍及未經政黨推薦,58,
2024年區域立委選舉,2024,臺北市,中山區,中山里,臺北市第03選區,3,謝佩芬,民主進步黨,1877,
2024年區域立委選舉,2024,臺北市,中山區,中山里,臺北市第03選區,4,高士恩,制度救世島,7,
2024年區域立委選舉,2024,臺北市,中山區,中山里,臺北市第03選區,5,王鴻薇,中國國民黨,2001,*
2024年區域立委選舉,2024,臺北市,中山區,中山里,臺北市第03選區,6,楊時睿,台灣維新,30,
2024年區域立委選舉,2024,臺北市,中山區,中山里,臺北市第03選區,7,陳一郎,臺灣雙語無法黨,28,
2024年區域立委選舉,2024,臺北市,中山區,聚盛里,臺北市第03選區,1,余新造,人民最大黨,8,
2024年區域立委選舉,2024,臺北市,中山區,聚盛里,臺北市第03選區,2,陳源發,無黨籍及未經政黨推薦,20,
2024年區域立委選舉,2024,臺北市,中山區,聚盛里,臺北市第03選區,3,謝佩芬,民主進步黨,969,
2024年區域立委選舉,2024,臺北市,中山區,聚盛里,臺北市第03選區,4,高士恩,制度救世島,2,
2024年區域立委選舉,2024,臺北市,中山區,聚盛里,臺北市第03選區,5,王鴻薇,中國國民黨,1244,*
2024年區域立委選舉,2024,臺北市,中山區,聚盛里,臺北市第03選區,6,楊時睿,台灣維新,18,
2024年區域立委選舉,2024,臺北市,中山區,聚盛里,臺北市第03選區,7,陳一郎,臺灣雙語無法黨,11,
2024年區域立委選舉,2024,臺北市,中山區,集英里,臺北市第03選區,1,余新造,人民最大黨,26,
2024年區域立委選舉,2024,臺北市,中山區,集英里,臺北市第03選區,2,陳源發,無黨籍及未經政黨推薦,31,
2024年區域立委選舉,2024,臺北市,中山區,集英里,臺北市第03選區,3,謝佩芬,民主進步黨,2120,
2024年區域立委選舉,2024,臺北市,中山區,集英里,臺北市第03選區,4,高士恩,制度救世島,9,
2024年區域立委選舉,2024,臺北市,中山區,集英里,臺北市第03選區,5,王鴻薇,中國國民黨,1736,*
2024年區域立委選舉,2024,臺北市,中山區,集英里,臺北市第03選區,6,楊時睿,台灣維新,47,
2024年區域立委選舉,2024,臺北市,中山區,集英里,臺北市第03選區,7,陳一郎,臺灣雙語無法黨,37,
2024年區域立委選舉,2024,臺北市,中山區,聚葉里,臺北市第03選區,1,余新造,人民最大黨,8,
2024年區域立委選舉,2024,臺北市,中山區,聚葉里,臺北市第03選區,2,陳源發,無黨籍及未經政黨推薦,28,
2024年區域立委選舉,2024,臺北市,中山區,聚葉里,臺北市第03選區,3,謝佩芬,民主進步黨,1103,
2024年區域立委選舉,2024,臺北市,中山區,聚葉里,臺北市第03選區,4,高士恩,制度救世島,4,
2024年區域立委選舉,2024,臺北市,中山區,聚葉里,臺北市第03選區,5,王鴻薇,中國國民黨,1116,*
2024年區域立委選舉,2024,臺北市,中山區,聚葉里,臺北市第03選區,6,楊時睿,台灣維新,17,
2024年區域立委選舉,2024,臺北市,中山區,聚葉里,臺北市第03選區,7,陳一郎,臺灣雙語無法黨,14,
2024年區域立委選舉,2024,臺北市,中山區,恆安里,臺北市第03選區,1,余新造,人民最大黨,14,
2024年區域立委選舉,2024,臺北市,中山區,恆安里,臺北市第03選區,2,陳源發,無黨籍及未經政黨推薦,40,
2024年區域立委選舉,2024,臺北市,中山區,恆安里,臺北市第03選區,3,謝佩芬,民主進步黨,1368,
2024年區域立委選舉,2024,臺北市,中山區,恆安里,臺北市第03選區,4,高士恩,制度救世島,5,
2024年區域立委選舉,2024,臺北市,中山區,恆安里,臺北市第03選區,5,王鴻薇,中國國民黨,1523,*
2024年區域立委選舉,2024,臺北市,中山區,恆安里,臺北市第03選區,6,楊時睿,台灣維新,28,
2024年區域立委選舉,2024,臺北市,中山區,恆安里,臺北市第03選區,7,陳一郎,臺灣雙語無法黨,13,
2024年區域立委選舉,2024,臺北市,中山區,晴光里,臺北市第03選區,1,余新造,人民最大黨,12,
2024年區域立委選舉,2024,臺北市,中山區,晴光里,臺北市第03選區,2,陳源發,無黨籍及未經政黨推薦,35,
2024年區域立委選舉,2024,臺北市,中山區,晴光里,臺北市第03選區,3,謝佩芬,民主進步黨,1440,
2024年區域立委選舉,2024,臺北市,中山區,晴光里,臺北市第03選區,4,高士恩,制度救世島,1,
2024年區域立委選舉,2024,臺北市,中山區,晴光里,臺北市第03選區,5,王鴻薇,中國國民黨,1637,*
2024年區域立委選舉,2024,臺北市,中山區,晴光里,臺北市第03選區,6,楊時睿,台灣維新,25,
2024年區域立委選舉,2024,臺北市,中山區,晴光里,臺北市第03選區,7,陳一郎,臺灣雙語無法黨,22,
2024年區域立委選舉,2024,臺北市,中山區,圓山里,臺北市第03選區,1,余新造,人民最大黨,7,
2024年區域立委選舉,2024,臺北市,中山區,圓山里,臺北市第03選區,2,陳源發,無黨籍及未經政黨推薦,30,
2024年區域立委選舉,2024,臺北市,中山區,圓山里,臺北市第03選區,3,謝佩芬,民主進步黨,1195,
2024年區域立委選舉,2024,臺北市,中山區,圓山里,臺北市第03選區,4,高士恩,制度救世島,3,
2024年區域立委選舉,2024,臺北市,中山區,圓山里,臺北市第03選區,5,王鴻薇,中國國民黨,1117,*
2024年區域立委選舉,2024,臺北市,中山區,圓山里,臺北市第03選區,6,楊時睿,台灣維新,24,
2024年區域立委選舉,2024,臺北市,中山區,圓山里,臺北市第03選區,7,陳一郎,臺灣雙語無法黨,13,
2024年區域立委選舉,2024,臺北市,中山區,劍潭里,臺北市第03選區,1,余新造,人民最大黨,7,
2024年區域立委選舉,2024,臺北市,中山區,劍潭里,臺北市第03選區,2,陳源發,無黨籍及未經政黨推薦,18,
2024年區域立委選舉,2024,臺北市,中山區,劍潭里,臺北市第03選區,3,謝佩芬,民主進步黨,467,
2024年區域立委選舉,2024,臺北市,中山區,劍潭里,臺北市第03選區,4,高士恩,制度救世島,0,
2024年區域立委選舉,2024,臺北市,中山區,劍潭里,臺北市第03選區,5,王鴻薇,中國國民黨,1643,*
2024年區域立委選舉,2024,臺北市,中山區,劍潭里,臺北市第03選區,6,楊時睿,台灣維新,15,
2024年區域立委選舉,2024,臺北市,中山區,劍潭里,臺北市第03選區,7,陳一郎,臺灣雙語無法黨,9,
2024年區域立委選舉,2024,臺北市,中山區,大直里,臺北市第03選區,1,余新造,人民最大黨,19,
2024年區域立委選舉,2024,臺北市,中山區,大直里,臺北市第03選區,2,陳源發,無黨籍及未經政黨推薦,62,
2024年區域立委選舉,2024,臺北市,中山區,大直里,臺北市第03選區,3,謝佩芬,民主進步黨,2175,
2024年區域立委選舉,2024,臺北市,中山區,大直里,臺北市第03選區,4,高士恩,制度救世島,9,
2024年區域立委選舉,2024,臺北市,中山區,大直里,臺北市第03選區,5,王鴻薇,中國國民黨,2817,*
2024年區域立委選舉,2024,臺北市,中山區,大直里,臺北市第03選區,6,楊時睿,台灣維新,40,
2024年區域立委選舉,2024,臺北市,中山區,大直里,臺北市第03選區,7,陳一郎,臺灣雙語無法黨,33,
2024年區域立委選舉,2024,臺北市,中山區,成功里,臺北市第03選區,1,余新造,人民最大黨,12,
2024年區域立委選舉,2024,臺北市,中山區,成功里,臺北市第03選區,2,陳源發,無黨籍及未經政黨推薦,30,
2024年區域立委選舉,2024,臺北市,中山區,成功里,臺北市第03選區,3,謝佩芬,民主進步黨,1688,
2024年區域立委選舉,2024,臺北市,中山區,成功里,臺北市第03選區,4,高士恩,制度救世島,2,
2024年區域立委選舉,2024,臺北市,中山區,成功里,臺北市第03選區,5,王鴻薇,中國國民黨,1906,*
2024年區域立委選舉,2024,臺北市,中山區,成功里,臺北市第03選區,6,楊時睿,台灣維新,18,
2024年區域立委選舉,2024,臺北市,中山區,成功里,臺北市第03選區,7,陳一郎,臺灣雙語無法黨,17,
2024年區域立委選舉,2024,臺北市,中山區,永安里,臺北市第03選區,1,余新造,人民最大黨,15,
2024年區域立委選舉,2024,臺北市,中山區,永安里,臺北市第03選區,2,陳源發,無黨籍及未經政黨推薦,35,
2024年區域立委選舉,2024,臺北市,中山區,永安里,臺北市第03選區,3,謝佩芬,民主進步黨,2518,
2024年區域立委選舉,2024,臺北市,中山區,永安里,臺北市第03選區,4,高士恩,制度救世島,5,
2024年區域立委選舉,2024,臺北市,中山區,永安里,臺北市第03選區,5,王鴻薇,中國國民黨,2833,*
2024年區域立委選舉,2024,臺北市,中山區,永安里,臺北市第03選區,6,楊時睿,台灣維新,37,
2024年區域立委選舉,2024,臺北市,中山區,永安里,臺北市第03選區,7,陳一郎,臺灣雙語無法黨,30,
2024年區域立委選舉,2024,臺北市,中山區,大佳里,臺北市第03選區,1,余新造,人民最大黨,3,
2024年區域立委選舉,2024,臺北市,中山區,大佳里,臺北市第03選區,2,陳源發,無黨籍及未經政黨推薦,8,
2024年區域立委選舉,2024,臺北市,中山區,大佳里,臺北市第03選區,3,謝佩芬,民主進步黨,307,
2024年區域立委選舉,2024,臺北市,中山區,大佳里,臺北市第03選區,4,高士恩,制度救世島,1,
2024年區域立委選舉,2024,臺北市,中山區,大佳里,臺北市第03選區,5,王鴻薇,中國國民黨,186,*
2024年區域立委選舉,2024,臺北市,中山區,大佳里,臺北市第03選區,6,楊時睿,台灣維新,5,
2024年區域立委選舉,2024,臺北市,中山區,大佳里,臺北市第03選區,7,陳一郎,臺灣雙語無法黨,2,
2024年區域立委選舉,2024,臺北市,中山區,新喜里,臺北市第03選區,1,余新造,人民最大黨,15,
2024年區域立委選舉,2024,臺北市,中山區,新喜里,臺北市第03選區,2,陳源發,無黨籍及未經政黨推薦,33,
2024年區域立委選舉,2024,臺北市,中山區,新喜里,臺北市第03選區,3,謝佩芬,民主進步黨,1528,
2024年區域立委選舉,2024,臺北市,中山區,新喜里,臺北市第03選區,4,高士恩,制度救世島,2,
2024年區域立委選舉,2024,臺北市,中山區,新喜里,臺北市第03選區,5,王鴻薇,中國國民黨,1338,*
2024年區域立委選舉,2024,臺北市,中山區,新喜里,臺北市第03選區,6,楊時睿,台灣維新,30,
2024年區域立委選舉,2024,臺北市,中山區,新喜里,臺北市第03選區,7,陳一郎,臺灣雙語無法黨,26,
2024年區域立委選舉,2024,臺北市,中山區,新庄里,臺北市第03選區,1,余新造,人民最大黨,10,
2024年區域立委選舉,2024,臺北市,中山區,新庄里,臺北市第03選區,2,陳源發,無黨籍及未經政黨推薦,33,
2024年區域立委選舉,2024,臺北市,中山區,新庄里,臺北市第03選區,3,謝佩芬,民主進步黨,1485,
2024年區域立委選舉,2024,臺北市,中山區,新庄里,臺北市第03選區,4,高士恩,制度救世島,5,
2024年區域立委選舉,2024,臺北市,中山區,新庄里,臺北市第03選區,5,王鴻薇,中國國民黨,1338,*
2024年區域立委選舉,2024,臺北市,中山區,新庄里,臺北市第03選區,6,楊時睿,台灣維新,23,
2024年區域立委選舉,2024,臺北市,中山區,新庄里,臺北市第03選區,7,陳一郎,臺灣雙語無法黨,15,
2024年區域立委選舉,2024,臺北市,中山區,新福里,臺北市第03選區,1,余新造,人民最大黨,15,
2024年區域立委選舉,2024,臺北市,中山區,新福里,臺北市第03選區,2,陳源發,無黨籍及未經政黨推薦,39,
2024年區域立委選舉,2024,臺北市,中山區,新福里,臺北市第03選區,3,謝佩芬,民主進步黨,1617,
2024年區域立委選舉,2024,臺北市,中山區,新福里,臺北市第03選區,4,高士恩,制度救世島,1,
2024年區域立委選舉,2024,臺北市,中山區,新福里,臺北市第03選區,5,王鴻薇,中國國民黨,1272,*
2024年區域立委選舉,2024,臺北市,中山區,新福里,臺北市第03選區,6,楊時睿,台灣維新,22,
2024年區域立委選舉,2024,臺北市,中山區,新福里,臺北市第03選區,7,陳一郎,臺灣雙語無法黨,23,
2024年區域立委選舉,2024,臺北市,中山區,松江里,臺北市第03選區,1,余新造,人民最大黨,11,
2024年區域立委選舉,2024,臺北市,中山區,松江里,臺北市第03選區,2,陳源發,無黨籍及未經政黨推薦,30,
2024年區域立委選舉,2024,臺北市,中山區,松江里,臺北市第03選區,3,謝佩芬,民主進步黨,1889,
2024年區域立委選舉,2024,臺北市,中山區,松江里,臺北市第03選區,4,高士恩,制度救世島,4,
2024年區域立委選舉,2024,臺北市,中山區,松江里,臺北市第03選區,5,王鴻薇,中國國民黨,1805,*
2024年區域立委選舉,2024,臺北市,中山區,松江里,臺北市第03選區,6,楊時睿,台灣維新,23,
2024年區域立委選舉,2024,臺北市,中山區,松江里,臺北市第03選區,7,陳一郎,臺灣雙語無法黨,24,
2024年區域立委選舉,2024,臺北市,中山區,新生里,臺北市第03選區,1,余新造,人民最大黨,3,
2024年區域立委選舉,2024,臺北市,中山區,新生里,臺北市第03選區,2,陳源發,無黨籍及未經政黨推薦,31,
2024年區域立委選舉,2024,臺北市,中山區,新生里,臺北市第03選區,3,謝佩芬,民主進步黨,1433,
2024年區域立委選舉,2024,臺北市,中山區,新生里,臺北市第03選區,4,高士恩,制度救世島,2,
2024年區域立委選舉,2024,臺北市,中山區,新生里,臺北市第03選區,5,王鴻薇,中國國民黨,1325,*
2024年區域立委選舉,2024,臺北市,中山區,新生里,臺北市第03選區,6,楊時睿,台灣維新,11,
2024年區域立委選舉,2024,臺北市,中山區,新生里,臺北市第03選區,7,陳一郎,臺灣雙語無法黨,13,
2024年區域立委選舉,2024,臺北市,中山區,中庄里,臺北市第03選區,1,余新造,人民最大黨,3,
2024年區域立委選舉,2024,臺北市,中山區,中庄里,臺北市第03選區,2,陳源發,無黨籍及未經政黨推薦,33,
2024年區域立委選舉,2024,臺北市,中山區,中庄里,臺北市第03選區,3,謝佩芬,民主進步黨,1569,
2024年區域立委選舉,2024,臺北市,中山區,中庄里,臺北市第03選區,4,高士恩,制度救世島,3,
2024年區域立委選舉,2024,臺北市,中山區,中庄里,臺北市第03選區,5,王鴻薇,中國國民黨,1344,*
2024年區域立委選舉,2024,臺北市,中山區,中庄里,臺北市第03選區,6,楊時睿,台灣維新,24,
2024年區域立委選舉,2024,臺北市,中山區,中庄里,臺北市第03選區,7,陳一郎,臺灣雙語無法黨,17,
2024年區域立委選舉,2024,臺北市,中山區,行政里,臺北市第03選區,1,余新造,人民最大黨,8,
2024年區域立委選舉,2024,臺北市,中山區,行政里,臺北市第03選區,2,陳源發,無黨籍及未經政黨推薦,20,
2024年區域立委選舉,2024,臺北市,中山區,行政里,臺北市第03選區,3,謝佩芬,民主進步黨,1770,
2024年區域立委選舉,2024,臺北市,中山區,行政里,臺北市第03選區,4,高士恩,制度救世島,3,
2024年區域立委選舉,2024,臺北市,中山區,行政里,臺北市第03選區,5,王鴻薇,中國國民黨,1828,*
2024年區域立委選舉,2024,臺北市,中山區,行政里,臺北市第03選區,6,楊時睿,台灣維新,32,
2024年區域立委選舉,2024,臺北市,中山區,行政里,臺北市第03選區,7,陳一郎,臺灣雙語無法黨,8,
2024年區域立委選舉,2024,臺北市,中山區,行仁里,臺北市第03選區,1,余新造,人民最大黨,13,
2024年區域立委選舉,2024,臺北市,中山區,行仁里,臺北市第03選區,2,陳源發,無黨籍及未經政黨推薦,44,
2024年區域立委選舉,2024,臺北市,中山區,行仁里,臺北市第03選區,3,謝佩芬,民主進步黨,2412,
2024年區域立委選舉,2024,臺北市,中山區,行仁里,臺北市第03選區,4,高士恩,制度救世島,5,
2024年區域立委選舉,2024,臺北市,中山區,行仁里,臺北市第03選區,5,王鴻薇,中國國民黨,2191,*
2024年區域立委選舉,2024,臺北市,中山區,行仁里,臺北市第03選區,6,楊時睿,台灣維新,37,
2024年區域立委選舉,2024,臺北市,中山區,行仁里,臺北市第03選區,7,陳一郎,臺灣雙語無法黨,18,
2024年區域立委選舉,2024,臺北市,中山區,行孝里,臺北市第03選區,1,余新造,人民最大黨,11,
2024年區域立委選舉,2024,臺北市,中山區,行孝里,臺北市第03選區,2,陳源發,無黨籍及未經政黨推薦,21,
2024年區域立委選舉,2024,臺北市,中山區,行孝里,臺北市第03選區,3,謝佩芬,民主進步黨,1339,
2024年區域立委選舉,2024,臺北市,中山區,行孝里,臺北市第03選區,4,高士恩,制度救世島,0,
2024年區域立委選舉,2024,臺北市,中山區,行孝里,臺北市第03選區,5,王鴻薇,中國國民黨,1215,*
2024年區域立委選舉,2024,臺北市,中山區,行孝里,臺北市第03選區,6,楊時睿,台灣維新,16,
2024年區域立委選舉,2024,臺北市,中山區,行孝里,臺北市第03選區,7,陳一郎,臺灣雙語無法黨,21,
2024年區域立委選舉,2024,臺北市,中山區,下埤里,臺北市第03選區,1,余新造,人民最大黨,10,
2024年區域立委選舉,2024,臺北市,中山區,下埤里,臺北市第03選區,2,陳源發,無黨籍及未經政黨推薦,48,
2024年區域立委選舉,2024,臺北市,中山區,下埤里,臺北市第03選區,3,謝佩芬,民主進步黨,2290,
2024年區域立委選舉,2024,臺北市,中山區,下埤里,臺北市第03選區,4,高士恩,制度救世島,6,
2024年區域立委選舉,2024,臺北市,中山區,下埤里,臺北市第03選區,5,王鴻薇,中國國民黨,2199,*
2024年區域立委選舉,2024,臺北市,中山區,下埤里,臺北市第03選區,6,楊時睿,台灣維新,26,
2024年區域立委選舉,2024,臺北市,中山區,下埤里,臺北市第03選區,7,陳一郎,臺灣雙語無法黨,16,
2024年區域立委選舉,2024,臺北市,中山區,江寧里,臺北市第03選區,1,余新造,人民最大黨,21,
2024年區域立委選舉,2024,臺北市,中山區,江寧里,臺北市第03選區,2,陳源發,無黨籍及未經政黨推薦,50,
2024年區域立委選舉,2024,臺北市,中山區,江寧里,臺北市第03選區,3,謝佩芬,民主進步黨,1917,
2024年區域立委選舉,2024,臺北市,中山區,江寧里,臺北市第03選區,4,高士恩,制度救世島,5,
2024年區域立委選舉,2024,臺北市,中山區,江寧里,臺北市第03選區,5,王鴻薇,中國國民黨,2074,*
2024年區域立委選舉,2024,臺北市,中山區,江寧里,臺北市第03選區,6,楊時睿,台灣維新,25,
2024年區域立委選舉,2024,臺北市,中山區,江寧里,臺北市第03選區,7,陳一郎,臺灣雙語無法黨,19,
2024年區域立委選舉,2024,臺北市,中山區,江山里,臺北市第03選區,1,余新造,人民最大黨,11,
2024年區域立委選舉,2024,臺北市,中山區,江山里,臺北市第03選區,2,陳源發,無黨籍及未經政黨推薦,60,
2024年區域立委選舉,2024,臺北市,中山區,江山里,臺北市第03選區,3,謝佩芬,民主進步黨,2274,
2024年區域立委選舉,2024,臺北市,中山區,江山里,臺北市第03選區,4,高士恩,制度救世島,5,
2024年區域立委選舉,2024,臺北市,中山區,江山里,臺北市第03選區,5,王鴻薇,中國國民黨,2114,*
2024年區域立委選舉,2024,臺北市,中山區,江山里,臺北市第03選區,6,楊時睿,台灣維新,29,
2024年區域立委選舉,2024,臺北市,中山區,江山里,臺北市第03選區,7,陳一郎,臺灣雙語無法黨,20,
2024年區域立委選舉,2024,臺北市,中山區,中吉里,臺北市第03選區,1,余新造,人民最大黨,21,
2024年區域立委選舉,2024,臺北市,中山區,中吉里,臺北市第03選區,2,陳源發,無黨籍及未經政黨推薦,41,
2024年區域立委選舉,2024,臺北市,中山區,中吉里,臺北市第03選區,3,謝佩芬,民主進步黨,1742,
2024年區域立委選舉,2024,臺北市,中山區,中吉里,臺北市第03選區,4,高士恩,制度救世島,2,
2024年區域立委選舉,2024,臺北市,中山區,中吉里,臺北市第03選區,5,王鴻薇,中國國民黨,1452,*
2024年區域立委選舉,2024,臺北市,中山區,中吉里,臺北市第03選區,6,楊時睿,台灣維新,28,
2024年區域立委選舉,2024,臺北市,中山區,中吉里,臺北市第03選區,7,陳一郎,臺灣雙語無法黨,18,
2024年區域立委選舉,2024,臺北市,中山區,中原里,臺北市第03選區,1,余新造,人民最大黨,7,
2024年區域立委選舉,2024,臺北市,中山區,中原里,臺北市第03選區,2,陳源發,無黨籍及未經政黨推薦,30,
2024年區域立委選舉,2024,臺北市,中山區,中原里,臺北市第03選區,3,謝佩芬,民主進步黨,1562,
2024年區域立委選舉,2024,臺北市,中山區,中原里,臺北市第03選區,4,高士恩,制度救世島,6,
2024年區域立委選舉,2024,臺北市,中山區,中原里,臺北市第03選區,5,王鴻薇,中國國民黨,1348,*
2024年區域立委選舉,2024,臺北市,中山區,中原里,臺北市第03選區,6,楊時睿,台灣維新,18,
2024年區域立委選舉,2024,臺北市,中山區,中原里,臺北市第03選區,7,陳一郎,臺灣雙語無法黨,24,
2024年區域立委選舉,2024,臺北市,中山區,興亞里,臺北市第03選區,1,余新造,人民最大黨,12,
2024年區域立委選舉,2024,臺北市,中山區,興亞里,臺北市第03選區,2,陳源發,無黨籍及未經政黨推薦,31,
2024年區域立委選舉,2024,臺北市,中山區,興亞里,臺北市第03選區,3,謝佩芬,民主進步黨,1602,
2024年區域立委選舉,2024,臺北市,中山區,興亞里,臺北市第03選區,4,高士恩,制度救世島,4,
2024年區域立委選舉,2024,臺北市,中山區,興亞里,臺北市第03選區,5,王鴻薇,中國國民黨,1575,*
2024年區域立委選舉,2024,臺北市,中山區,興亞里,臺北市第03選區,6,楊時睿,台灣維新,21,
2024年區域立委選舉,2024,臺北市,中山區,興亞里,臺北市第03選區,7,陳一郎,臺灣雙語無法黨,22,
2024年區域立委選舉,2024,臺北市,中山區,中央里,臺北市第03選區,1,余新造,人民最大黨,7,
2024年區域立委選舉,2024,臺北市,中山區,中央里,臺北市第03選區,2,陳源發,無黨籍及未經政黨推薦,24,
2024年區域立委選舉,2024,臺北市,中山區,中央里,臺北市第03選區,3,謝佩芬,民主進步黨,1058,
2024年區域立委選舉,2024,臺北市,中山區,中央里,臺北市第03選區,4,高士恩,制度救世島,3,
2024年區域立委選舉,2024,臺北市,中山區,中央里,臺北市第03選區,5,王鴻薇,中國國民黨,1069,*
2024年區域立委選舉,2024,臺北市,中山區,中央里,臺北市第03選區,6,楊時睿,台灣維新,21,
2024年區域立委選舉,2024,臺北市,中山區,中央里,臺北市第03選區,7,陳一郎,臺灣雙語無法黨,12,
2024年區域立委選舉,2024,臺北市,中山區,朱馥里,臺北市第03選區,1,余新造,人民最大黨,19,
2024年區域立委選舉,2024,臺北市,中山區,朱馥里,臺北市第03選區,2,陳源發,無黨籍及未經政黨推薦,37,
2024年區域立委選舉,2024,臺北市,中山區,朱馥里,臺北市第03選區,3,謝佩芬,民主進步黨,1498,
2024年區域立委選舉,2024,臺北市,中山區,朱馥里,臺北市第03選區,4,高士恩,制度救世島,3,
2024年區域立委選舉,2024,臺北市,中山區,朱馥里,臺北市第03選區,5,王鴻薇,中國國民黨,1710,*
2024年區域立委選舉,2024,臺北市,中山區,朱馥里,臺北市第03選區,6,楊時睿,台灣維新,28,
2024年區域立委選舉,2024,臺北市,中山區,朱馥里,臺北市第03選區,7,陳一郎,臺灣雙語無法黨,11,
2024年區域立委選舉,2024,臺北市,中山區,龍洲里,臺北市第03選區,1,余新造,人民最大黨,7,
2024年區域立委選舉,2024,臺北市,中山區,龍洲里,臺北市第03選區,2,陳源發,無黨籍及未經政黨推薦,19,
2024年區域立委選舉,2024,臺北市,中山區,龍洲里,臺北市第03選區,3,謝佩芬,民主進步黨,944,
2024年區域立委選舉,2024,臺北市,中山區,龍洲里,臺北市第03選區,4,高士恩,制度救世島,1,
2024年區域立委選舉,2024,臺北市,中山區,龍洲里,臺北市第03選區,5,王鴻薇,中國國民黨,2092,*
2024年區域立委選舉,2024,臺北市,中山區,龍洲里,臺北市第03選區,6,楊時睿,台灣維新,14,
2024年區域立委選舉,2024,臺北市,中山區,龍洲里,臺北市第03選區,7,陳一郎,臺灣雙語無法黨,14,
2024年區域立委選舉,2024,臺北市,中山區,朱園里,臺北市第03選區,1,余新造,人民最大黨,7,
2024年區域立委選舉,2024,臺北市,中山區,朱園里,臺北市第03選區,2,陳源發,無黨籍及未經政黨推薦,21,
2024年區域立委選舉,2024,臺北市,中山區,朱園里,臺北市第03選區,3,謝佩芬,民主進步黨,1345,
2024年區域立委選舉,2024,臺北市,中山區,朱園里,臺北市第03選區,4,高士恩,制度救世島,1,
2024年區域立委選舉,2024,臺北市,中山區,朱園里,臺北市第03選區,5,王鴻薇,中國國民黨,1299,*
2024年區域立委選舉,2024,臺北市,中山區,朱園里,臺北市第03選區,6,楊時睿,台灣維新,9,
2024年區域立委選舉,2024,臺北市,中山區,朱園里,臺北市第03選區,7,陳一郎,臺灣雙語無法黨,12,
2024年區域立委選舉,2024,臺北市,中山區,埤頭里,臺北市第03選區,1,余新造,人民最大黨,6,
2024年區域立委選舉,2024,臺北市,中山區,埤頭里,臺北市第03選區,2,陳源發,無黨籍及未經政黨推薦,22,
2024年區域立委選舉,2024,臺北市,中山區,埤頭里,臺北市第03選區,3,謝佩芬,民主進步黨,868,
2024年區域立委選舉,2024,臺北市,中山區,埤頭里,臺北市第03選區,4,高士恩,制度救世島,1,
2024年區域立委選舉,2024,臺北市,中山區,埤頭里,臺北市第03選區,5,王鴻薇,中國國民黨,1007,*
2024年區域立委選舉,2024,臺北市,中山區,埤頭里,臺北市第03選區,6,楊時睿,台灣維新,19,
2024年區域立委選舉,2024,臺北市,中山區,埤頭里,臺北市第03選區,7,陳一郎,臺灣雙語無法黨,13,
2024年區域立委選舉,2024,臺北市,中山區,朱崙里,臺北市第03選區,1,余新造,人民最大黨,6,
2024年區域立委選舉,2024,臺北市,中山區,朱崙里,臺北市第03選區,2,陳源發,無黨籍及未經政黨推薦,9,
2024年區域立委選舉,2024,臺北市,中山區,朱崙里,臺北市第03選區,3,謝佩芬,民主進步黨,881,
2024年區域立委選舉,2024,臺北市,中山區,朱崙里,臺北市第03選區,4,高士恩,制度救世島,0,
2024年區域立委選舉,2024,臺北市,中山區,朱崙里,臺北市第03選區,5,王鴻薇,中國國民黨,935,*
2024年區域立委選舉,2024,臺北市,中山區,朱崙里,臺北市第03選區,6,楊時睿,台灣維新,15,
2024年區域立委選舉,2024,臺北市,中山區,朱崙里,臺北市第03選區,7,陳一郎,臺灣雙語無法黨,8,
2024年區域立委選舉,2024,臺北市,中山區,力行里,臺北市第03選區,1,余新造,人民最大黨,13,
2024年區域立委選舉,2024,臺北市,中山區,力行里,臺北市第03選區,2,陳源發,無黨籍及未經政黨推薦,37,
2024年區域立委選舉,2024,臺北市,中山區,力行里,臺北市第03選區,3,謝佩芬,民主進步黨,1779,
2024年區域立委選舉,2024,臺北市,中山區,力行里,臺北市第03選區,4,高士恩,制度救世島,2,
2024年區域立委選舉,2024,臺北市,中山區,力行里,臺北市第03選區,5,王鴻薇,中國國民黨,1775,*
2024年區域立委選舉,2024,臺北市,中山區,力行里,臺北市第03選區,6,楊時睿,台灣維新,23,
2024年區域立委選舉,2024,臺北市,中山區,力行里,臺北市第03選區,7,陳一郎,臺灣雙語無法黨,9,
2024年區域立委選舉,2024,臺北市,中山區,復華里,臺北市第03選區,1,余新造,人民最大黨,6,
2024年區域立委選舉,2024,臺北市,中山區,復華里,臺北市第03選區,2,陳源發,無黨籍及未經政黨推薦,26,
2024年區域立委選舉,2024,臺北市,中山區,復華里,臺北市第03選區,3,謝佩芬,民主進步黨,1125,
2024年區域立委選舉,2024,臺北市,中山區,復華里,臺北市第03選區,4,高士恩,制度救世島,3,
2024年區域立委選舉,2024,臺北市,中山區,復華里,臺北市第03選區,5,王鴻薇,中國國民黨,1549,*
2024年區域立委選舉,2024,臺北市,中山區,復華里,臺北市第03選區,6,楊時睿,台灣維新,31,
2024年區域立委選舉,2024,臺北市,中山區,復華里,臺北市第03選區,7,陳一郎,臺灣雙語無法黨,15,
2024年區域立委選舉,2024,臺北市,中山區,金泰里,臺北市第03選區,1,余新造,人民最大黨,10,
2024年區域立委選舉,2024,臺北市,中山區,金泰里,臺北市第03選區,2,陳源發,無黨籍及未經政黨推薦,44,
2024年區域立委選舉,2024,臺北市,中山區,金泰里,臺北市第03選區,3,謝佩芬,民主進步黨,1930,
2024年區域立委選舉,2024,臺北市,中山區,金泰里,臺北市第03選區,4,高士恩,制度救世島,5,
2024年區域立委選舉,2024,臺北市,中山區,金泰里,臺北市第03選區,5,王鴻薇,中國國民黨,2479,*
2024年區域立委選舉,2024,臺北市,中山區,金泰里,臺北市第03選區,6,楊時睿,台灣維新,41,
2024年區域立委選舉,2024,臺北市,中山區,金泰里,臺北市第03選區,7,陳一郎,臺灣雙語無法黨,42,
2024年區域立委選舉,2024,臺北市,中山區,北安里,臺北市第03選區,1,余新造,人民最大黨,6,
2024年區域立委選舉,2024,臺北市,中山區,北安里,臺北市第03選區,2,陳源發,無黨籍及未經政黨推薦,9,
2024年區域立委選舉,2024,臺北市,中山區,北安里,臺北市第03選區,3,謝佩芬,民主進步黨,578,
2024年區域立委選舉,2024,臺北市,中山區,北安里,臺北市第03選區,4,高士恩,制度救世島,1,
2024年區域立委選舉,2024,臺北市,中山區,北安里,臺北市第03選區,5,王鴻薇,中國國民黨,897,*
2024年區域立委選舉,2024,臺北市,中山區,北安里,臺北市第03選區,6,楊時睿,台灣維新,8,
2024年區域立委選舉,2024,臺北市,中山區,北安里,臺北市第03選區,7,陳一郎,臺灣雙語無法黨,9,
2024年區域立委選舉,2024,臺北市,中正區,水源里,臺北市第08選區,1,劉佩玲,台灣維新,16,
2024年區域立委選舉,2024,臺北市,中正區,水源里,臺北市第08選區,2,賴士葆,中國國民黨,726,*
2024年區域立委選舉,2024,臺北市,中正區,水源里,臺北市第08選區,3,王閔生,民主進步黨,674,
2024年區域立委選舉,2024,臺北市,中正區,水源里,臺北市第08選區,4,賴宣任,小民參政歐巴桑聯盟,61,
2024年區域立委選舉,2024,臺北市,中正區,水源里,臺北市第08選區,5,夏萬浪,無黨籍及未經政黨推薦,4,
2024年區域立委選舉,2024,臺北市,中正區,水源里,臺北市第08選區,6,張其祿,台灣民眾黨,249,
2024年區域立委選舉,2024,臺北市,中正區,水源里,臺北市第08選區,7,張維學,無黨籍及未經政黨推薦,5,
2024年區域立委選舉,2024,臺北市,中正區,水源里,臺北市第08選區,8,胡之壯,興中同盟會,3,
2024年區域立委選舉,2024,臺北市,中正區,富水里,臺北市第08選區,1,劉佩玲,台灣維新,12,
2024年區域立委選舉,2024,臺北市,中正區,富水里,臺北市第08選區,2,賴士葆,中國國民黨,678,*
2024年區域立委選舉,2024,臺北市,中正區,富水里,臺北市第08選區,3,王閔生,民主進步黨,332,
2024年區域立委選舉,2024,臺北市,中正區,富水里,臺北市第08選區,4,賴宣任,小民參政歐巴桑聯盟,66,
2024年區域立委選舉,2024,臺北市,中正區,富水里,臺北市第08選區,5,夏萬浪,無黨籍及未經政黨推薦,5,
2024年區域立委選舉,2024,臺北市,中正區,富水里,臺北市第08選區,6,張其祿,台灣民眾黨,242,
2024年區域立委選舉,2024,臺北市,中正區,富水里,臺北市第08選區,7,張維學,無黨籍及未經政黨推薦,2,
2024年區域立委選舉,2024,臺北市,中正區,富水里,臺北市第08選區,8,胡之壯,興中同盟會,1,
2024年區域立委選舉,2024,臺北市,中正區,文盛里,臺北市第08選區,1,劉佩玲,台灣維新,10,
2024年區域立委選舉,2024,臺北市,中正區,文盛里,臺北市第08選區,2,賴士葆,中國國民黨,690,*
2024年區域立委選舉,2024,臺北市,中正區,文盛里,臺北市第08選區,3,王閔生,民主進步黨,583,
2024年區域立委選舉,2024,臺北市,中正區,文盛里,臺北市第08選區,4,賴宣任,小民參政歐巴桑聯盟,60,
2024年區域立委選舉,2024,臺北市,中正區,文盛里,臺北市第08選區,5,夏萬浪,無黨籍及未經政黨推薦,5,
2024年區域立委選舉,2024,臺北市,中正區,文盛里,臺北市第08選區,6,張其祿,台灣民眾黨,226,
2024年區域立委選舉,2024,臺北市,中正區,文盛里,臺北市第08選區,7,張維學,無黨籍及未經政黨推薦,1,
2024年區域立委選舉,2024,臺北市,中正區,文盛里,臺北市第08選區,8,胡之壯,興中同盟會,4,
2024年區域立委選舉,2024,臺北市,中正區,林興里,臺北市第08選區,1,劉佩玲,台灣維新,14,
2024年區域立委選舉,2024,臺北市,中正區,林興里,臺北市第08選區,2,賴士葆,中國國民黨,1366,*
2024年區域立委選舉,2024,臺北市,中正區,林興里,臺北市第08選區,3,王閔生,民主進步黨,866,
2024年區域立委選舉,2024,臺北市,中正區,林興里,臺北市第08選區,4,賴宣任,小民參政歐巴桑聯盟,147,
2024年區域立委選舉,2024,臺北市,中正區,林興里,臺北市第08選區,5,夏萬浪,無黨籍及未經政黨推薦,15,
2024年區域立委選舉,2024,臺北市,中正區,林興里,臺北市第08選區,6,張其祿,台灣民眾黨,449,
2024年區域立委選舉,2024,臺北市,中正區,林興里,臺北市第08選區,7,張維學,無黨籍及未經政黨推薦,7,
2024年區域立委選舉,2024,臺北市,中正區,林興里,臺北市第08選區,8,胡之壯,興中同盟會,2,
2024年區域立委選舉,2024,臺北市,中正區,河堤里,臺北市第08選區,1,劉佩玲,台灣維新,18,
2024年區域立委選舉,2024,臺北市,中正區,河堤里,臺北市第08選區,2,賴士葆,中國國民黨,1238,*
2024年區域立委選舉,2024,臺北市,中正區,河堤里,臺北市第08選區,3,王閔生,民主進步黨,859,
2024年區域立委選舉,2024,臺北市,中正區,河堤里,臺北市第08選區,4,賴宣任,小民參政歐巴桑聯盟,137,
2024年區域立委選舉,2024,臺北市,中正區,河堤里,臺北市第08選區,5,夏萬浪,無黨籍及未經政黨推薦,38,
2024年區域立委選舉,2024,臺北市,中正區,河堤里,臺北市第08選區,6,張其祿,台灣民眾黨,405,
2024年區域立委選舉,2024,臺北市,中正區,河堤里,臺北市第08選區,7,張維學,無黨籍及未經政黨推薦,7,
2024年區域立委選舉,2024,臺北市,中正區,河堤里,臺北市第08選區,8,胡之壯,興中同盟會,3,
2024年區域立委選舉,2024,臺北市,中正區,頂東里,臺北市第08選區,1,劉佩玲,台灣維新,31,
2024年區域立委選舉,2024,臺北市,中正區,頂東里,臺北市第08選區,2,賴士葆,中國國民黨,1624,*
2024年區域立委選舉,2024,臺北市,中正區,頂東里,臺北市第08選區,3,王閔生,民主進步黨,1308,
2024年區域立委選舉,2024,臺北市,中正區,頂東里,臺北市第08選區,4,賴宣任,小民參政歐巴桑聯盟,173,
2024年區域立委選舉,2024,臺北市,中正區,頂東里,臺北市第08選區,5,夏萬浪,無黨籍及未經政黨推薦,15,
2024年區域立委選舉,2024,臺北市,中正區,頂東里,臺北市第08選區,6,張其祿,台灣民眾黨,559,
2024年區域立委選舉,2024,臺北市,中正區,頂東里,臺北市第08選區,7,張維學,無黨籍及未經政黨推薦,3,
2024年區域立委選舉,2024,臺北市,中正區,頂東里,臺北市第08選區,8,胡之壯,興中同盟會,1,
2024年區域立委選舉,2024,臺北市,中正區,網溪里,臺北市第08選區,1,劉佩玲,台灣維新,28,
2024年區域立委選舉,2024,臺北市,中正區,網溪里,臺北市第08選區,2,賴士葆,中國國民黨,1422,*
2024年區域立委選舉,2024,臺北市,中正區,網溪里,臺北市第08選區,3,王閔生,民主進步黨,1170,
2024年區域立委選舉,2024,臺北市,中正區,網溪里,臺北市第08選區,4,賴宣任,小民參政歐巴桑聯盟,162,
2024年區域立委選舉,2024,臺北市,中正區,網溪里,臺北市第08選區,5,夏萬浪,無黨籍及未經政黨推薦,204,
2024年區域立委選舉,2024,臺北市,中正區,網溪里,臺北市第08選區,6,張其祿,台灣民眾黨,487,
2024年區域立委選舉,2024,臺北市,中正區,網溪里,臺北市第08選區,7,張維學,無黨籍及未經政黨推薦,5,
2024年區域立委選舉,2024,臺北市,中正區,網溪里,臺北市第08選區,8,胡之壯,興中同盟會,1,
2024年區域立委選舉,2024,臺北市,中正區,板溪里,臺北市第08選區,1,劉佩玲,台灣維新,43,
2024年區域立委選舉,2024,臺北市,中正區,板溪里,臺北市第08選區,2,賴士葆,中國國民黨,1000,*
2024年區域立委選舉,2024,臺北市,中正區,板溪里,臺北市第08選區,3,王閔生,民主進步黨,687,
2024年區域立委選舉,2024,臺北市,中正區,板溪里,臺北市第08選區,4,賴宣任,小民參政歐巴桑聯盟,83,
2024年區域立委選舉,2024,臺北市,中正區,板溪里,臺北市第08選區,5,夏萬浪,無黨籍及未經政黨推薦,21,
2024年區域立委選舉,2024,臺北市,中正區,板溪里,臺北市第08選區,6,張其祿,台灣民眾黨,322,
2024年區域立委選舉,2024,臺北市,中正區,板溪里,臺北市第08選區,7,張維學,無黨籍及未經政黨推薦,5,
2024年區域立委選舉,2024,臺北市,中正區,板溪里,臺北市第08選區,8,胡之壯,興中同盟會,1,
2024年區域立委選舉,2024,臺北市,中正區,螢圃里,臺北市第08選區,1,劉佩玲,台灣維新,31,
2024年區域立委選舉,2024,臺北市,中正區,螢圃里,臺北市第08選區,2,賴士葆,中國國民黨,1571,*
2024年區域立委選舉,2024,臺北市,中正區,螢圃里,臺北市第08選區,3,王閔生,民主進步黨,1096,
2024年區域立委選舉,2024,臺北市,中正區,螢圃里,臺北市第08選區,4,賴宣任,小民參政歐巴桑聯盟,143,
2024年區域立委選舉,2024,臺北市,中正區,螢圃里,臺北市第08選區,5,夏萬浪,無黨籍及未經政黨推薦,50,
2024年區域立委選舉,2024,臺北市,中正區,螢圃里,臺北市第08選區,6,張其祿,台灣民眾黨,534,
2024年區域立委選舉,2024,臺北市,中正區,螢圃里,臺北市第08選區,7,張維學,無黨籍及未經政黨推薦,2,
2024年區域立委選舉,2024,臺北市,中正區,螢圃里,臺北市第08選區,8,胡之壯,興中同盟會,1,
2024年區域立委選舉,2024,臺北市,中正區,螢雪里,臺北市第08選區,1,劉佩玲,台灣維新,30,
2024年區域立委選舉,2024,臺北市,中正區,螢雪里,臺北市第08選區,2,賴士葆,中國國民黨,1137,*
2024年區域立委選舉,2024,臺北市,中正區,螢雪里,臺北市第08選區,3,王閔生,民主進步黨,814,
2024年區域立委選舉,2024,臺北市,中正區,螢雪里,臺北市第08選區,4,賴宣任,小民參政歐巴桑聯盟,135,
2024年區域立委選舉,2024,臺北市,中正區,螢雪里,臺北市第08選區,5,夏萬浪,無黨籍及未經政黨推薦,21,
2024年區域立委選舉,2024,臺北市,中正區,螢雪里,臺北市第08選區,6,張其祿,台灣民眾黨,419,
2024年區域立委選舉,2024,臺北市,中正區,螢雪里,臺北市第08選區,7,張維學,無黨籍及未經政黨推薦,4,
2024年區域立委選舉,2024,臺北市,中正區,螢雪里,臺北市第08選區,8,胡之壯,興中同盟會,1,
2024年區域立委選舉,2024,臺北市,中正區,永功里,臺北市第05選區,1,鍾小平,中國國民黨,1251,
2024年區域立委選舉,2024,臺北市,中正區,永功里,臺北市第05選區,2,陳燕玉,無黨籍及未經政黨推薦,3,
2024年區域立委選舉,2024,臺北市,中正區,永功里,臺北市第05選區,3,許敬民,合一行動聯盟,4,
2024年區域立委選舉,2024,臺北市,中正區,永功里,臺北市第05選區,4,林志成,無黨籍及未經政黨推薦,4,
2024年區域立委選舉,2024,臺北市,中正區,永功里,臺北市第05選區,5,于美人,無黨籍及未經政黨推薦,777,
2024年區域立委選舉,2024,臺北市,中正區,永功里,臺北市第05選區,6,蘇諍,經濟黨,8,
2024年區域立委選舉,2024,臺北市,中正區,永功里,臺北市第05選區,7,吳沛憶,民主進步黨,1517,*
2024年區域立委選舉,2024,臺北市,中正區,永功里,臺北市第05選區,8,孫智麗,無黨籍及未經政黨推薦,32,
2024年區域立委選舉,2024,臺北市,中正區,永功里,臺北市第05選區,9,張華特,台灣麻將最大黨,21,
2024年區域立委選舉,2024,臺北市,中正區,永功里,臺北市第05選區,10,李慧曦,司法改革黨,22,
2024年區域立委選舉,2024,臺北市,中正區,永昌里,臺北市第05選區,1,鍾小平,中國國民黨,996,
2024年區域立委選舉,2024,臺北市,中正區,永昌里,臺北市第05選區,2,陳燕玉,無黨籍及未經政黨推薦,8,
2024年區域立委選舉,2024,臺北市,中正區,永昌里,臺北市第05選區,3,許敬民,合一行動聯盟,3,
2024年區域立委選舉,2024,臺北市,中正區,永昌里,臺北市第05選區,4,林志成,無黨籍及未經政黨推薦,2,
2024年區域立委選舉,2024,臺北市,中正區,永昌里,臺北市第05選區,5,于美人,無黨籍及未經政黨推薦,633,
2024年區域立委選舉,2024,臺北市,中正區,永昌里,臺北市第05選區,6,蘇諍,經濟黨,13,
2024年區域立委選舉,2024,臺北市,中正區,永昌里,臺北市第05選區,7,吳沛憶,民主進步黨,1090,*
2024年區域立委選舉,2024,臺北市,中正區,永昌里,臺北市第05選區,8,孫智麗,無黨籍及未經政黨推薦,25,
2024年區域立委選舉,2024,臺北市,中正區,永昌里,臺北市第05選區,9,張華特,台灣麻將最大黨,15,
2024年區域立委選舉,2024,臺北市,中正區,永昌里,臺北市第05選區,10,李慧曦,司法改革黨,34,
2024年區域立委選舉,2024,臺北市,中正區,龍興里,臺北市第05選區,1,鍾小平,中國國民黨,636,
2024年區域立委選舉,2024,臺北市,中正區,龍興里,臺北市第05選區,2,陳燕玉,無黨籍及未經政黨推薦,3,
2024年區域立委選舉,2024,臺北市,中正區,龍興里,臺北市第05選區,3,許敬民,合一行動聯盟,0,
2024年區域立委選舉,2024,臺北市,中正區,龍興里,臺北市第05選區,4,林志成,無黨籍及未經政黨推薦,3,
2024年區域立委選舉,2024,臺北市,中正區,龍興里,臺北市第05選區,5,于美人,無黨籍及未經政黨推薦,471,
2024年區域立委選舉,2024,臺北市,中正區,龍興里,臺北市第05選區,6,蘇諍,經濟黨,3,
2024年區域立委選舉,2024,臺北市,中正區,龍興里,臺北市第05選區,7,吳沛憶,民主進步黨,798,*
2024年區域立委選舉,2024,臺北市,中正區,龍興里,臺北市第05選區,8,孫智麗,無黨籍及未經政黨推薦,33,
2024年區域立委選舉,2024,臺北市,中正區,龍興里,臺北市第05選區,9,張華特,台灣麻將最大黨,8,
2024年區域立委選舉,2024,臺北市,中正區,龍興里,臺北市第05選區,10,李慧曦,司法改革黨,16,
2024年區域立委選舉,2024,臺北市,中正區,忠勤里,臺北市第05選區,1,鍾小平,中國國民黨,1363,
2024年區域立委選舉,2024,臺北市,中正區,忠勤里,臺北市第05選區,2,陳燕玉,無黨籍及未經政黨推薦,10,
2024年區域立委選舉,2024,臺北市,中正區,忠勤里,臺北市第05選區,3,許敬民,合一行動聯盟,6,
2024年區域立委選舉,2024,臺北市,中正區,忠勤里,臺北市第05選區,4,林志成,無黨籍及未經政黨推薦,2,
2024年區域立委選舉,2024,臺北市,中正區,忠勤里,臺北市第05選區,5,于美人,無黨籍及未經政黨推薦,922,
2024年區域立委選舉,2024,臺北市,中正區,忠勤里,臺北市第05選區,6,蘇諍,經濟黨,15,
2024年區域立委選舉,2024,臺北市,中正區,忠勤里,臺北市第05選區,7,吳沛憶,民主進步黨,1198,*
2024年區域立委選舉,2024,臺北市,中正區,忠勤里,臺北市第05選區,8,孫智麗,無黨籍及未經政黨推薦,23,
2024年區域立委選舉,2024,臺北市,中正區,忠勤里,臺北市第05選區,9,張華特,台灣麻將最大黨,17,
2024年區域立委選舉,2024,臺北市,中正區,忠勤里,臺北市第05選區,10,李慧曦,司法改革黨,39,
2024年區域立委選舉,2024,臺北市,中正區,廈安里,臺北市第05選區,1,鍾小平,中國國民黨,760,
2024年區域立委選舉,2024,臺北市,中正區,廈安里,臺北市第05選區,2,陳燕玉,無黨籍及未經政黨推薦,3,
2024年區域立委選舉,2024,臺北市,中正區,廈安里,臺北市第05選區,3,許敬民,合一行動聯盟,4,
2024年區域立委選舉,2024,臺北市,中正區,廈安里,臺北市第05選區,4,林志成,無黨籍及未經政黨推薦,3,
2024年區域立委選舉,2024,臺北市,中正區,廈安里,臺北市第05選區,5,于美人,無黨籍及未經政黨推薦,630,
2024年區域立委選舉,2024,臺北市,中正區,廈安里,臺北市第05選區,6,蘇諍,經濟黨,8,
2024年區域立委選舉,2024,臺北市,中正區,廈安里,臺北市第05選區,7,吳沛憶,民主進步黨,975,*
2024年區域立委選舉,2024,臺北市,中正區,廈安里,臺北市第05選區,8,孫智麗,無黨籍及未經政黨推薦,18,
2024年區域立委選舉,2024,臺北市,中正區,廈安里,臺北市第05選區,9,張華特,台灣麻將最大黨,9,
2024年區域立委選舉,2024,臺北市,中正區,廈安里,臺北市第05選區,10,李慧曦,司法改革黨,30,
2024年區域立委選舉,2024,臺北市,中正區,愛國里,臺北市第05選區,1,鍾小平,中國國民黨,619,
2024年區域立委選舉,2024,臺北市,中正區,愛國里,臺北市第05選區,2,陳燕玉,無黨籍及未經政黨推薦,2,
2024年區域立委選舉,2024,臺北市,中正區,愛國里,臺北市第05選區,3,許敬民,合一行動聯盟,2,
2024年區域立委選舉,2024,臺北市,中正區,愛國里,臺北市第05選區,4,林志成,無黨籍及未經政黨推薦,1,
2024年區域立委選舉,2024,臺北市,中正區,愛國里,臺北市第05選區,5,于美人,無黨籍及未經政黨推薦,459,
2024年區域立委選舉,2024,臺北市,中正區,愛國里,臺北市第05選區,6,蘇諍,經濟黨,3,
2024年區域立委選舉,2024,臺北市,中正區,愛國里,臺北市第05選區,7,吳沛憶,民主進步黨,735,*
2024年區域立委選舉,2024,臺北市,中正區,愛國里,臺北市第05選區,8,孫智麗,無黨籍及未經政黨推薦,18,
2024年區域立委選舉,2024,臺北市,中正區,愛國里,臺北市第05選區,9,張華特,台灣麻將最大黨,7,
2024年區域立委選舉,2024,臺北市,中正區,愛國里,臺北市第05選區,10,李慧曦,司法改革黨,19,
2024年區域立委選舉,2024,臺北市,中正區,南門里,臺北市第05選區,1,鍾小平,中國國民黨,649,
2024年區域立委選舉,2024,臺北市,中正區,南門里,臺北市第05選區,2,陳燕玉,無黨籍及未經政黨推薦,0,
2024年區域立委選舉,2024,臺北市,中正區,南門里,臺北市第05選區,3,許敬民,合一行動聯盟,0,
2024年區域立委選舉,2024,臺北市,中正區,南門里,臺北市第05選區,4,林志成,無黨籍及未經政黨推薦,2,
2024年區域立委選舉,2024,臺北市,中正區,南門里,臺北市第05選區,5,于美人,無黨籍及未經政黨推薦,320,
2024年區域立委選舉,2024,臺北市,中正區,南門里,臺北市第05選區,6,蘇諍,經濟黨,3,
2024年區域立委選舉,2024,臺北市,中正區,南門里,臺北市第05選區,7,吳沛憶,民主進步黨,509,*
2024年區域立委選舉,2024,臺北市,中正區,南門里,臺北市第05選區,8,孫智麗,無黨籍及未經政黨推薦,21,
2024年區域立委選舉,2024,臺北市,中正區,南門里,臺北市第05選區,9,張華特,台灣麻將最大黨,4,
2024年區域立委選舉,2024,臺北市,中正區,南門里,臺北市第05選區,10,李慧曦,司法改革黨,11,
2024年區域立委選舉,2024,臺北市,中正區,龍光里,臺北市第05選區,1,鍾小平,中國國民黨,699,
2024年區域立委選舉,2024,臺北市,中正區,龍光里,臺北市第05選區,2,陳燕玉,無黨籍及未經政黨推薦,2,
2024年區域立委選舉,2024,臺北市,中正區,龍光里,臺北市第05選區,3,許敬民,合一行動聯盟,2,
2024年區域立委選舉,2024,臺北市,中正區,龍光里,臺北市第05選區,4,林志成,無黨籍及未經政黨推薦,3,
2024年區域立委選舉,2024,臺北市,中正區,龍光里,臺北市第05選區,5,于美人,無黨籍及未經政黨推薦,378,
2024年區域立委選舉,2024,臺北市,中正區,龍光里,臺北市第05選區,6,蘇諍,經濟黨,6,
2024年區域立委選舉,2024,臺北市,中正區,龍光里,臺北市第05選區,7,吳沛憶,民主進步黨,667,*
2024年區域立委選舉,2024,臺北市,中正區,龍光里,臺北市第05選區,8,孫智麗,無黨籍及未經政黨推薦,17,
2024年區域立委選舉,2024,臺北市,中正區,龍光里,臺北市第05選區,9,張華特,台灣麻將最大黨,2,
2024年區域立委選舉,2024,臺北市,中正區,龍光里,臺北市第05選區,10,李慧曦,司法改革黨,21,
2024年區域立委選舉,2024,臺北市,中正區,南福里,臺北市第05選區,1,鍾小平,中國國民黨,2485,
2024年區域立委選舉,2024,臺北市,中正區,南福里,臺北市第05選區,2,陳燕玉,無黨籍及未經政黨推薦,2,
2024年區域立委選舉,2024,臺北市,中正區,南福里,臺北市第05選區,3,許敬民,合一行動聯盟,4,
2024年區域立委選舉,2024,臺北市,中正區,南福里,臺北市第05選區,4,林志成,無黨籍及未經政黨推薦,5,
2024年區域立委選舉,2024,臺北市,中正區,南福里,臺北市第05選區,5,于美人,無黨籍及未經政黨推薦,1479,
2024年區域立委選舉,2024,臺北市,中正區,南福里,臺北市第05選區,6,蘇諍,經濟黨,19,
2024年區域立委選舉,2024,臺北市,中正區,南福里,臺北市第05選區,7,吳沛憶,民主進步黨,2364,*
2024年區域立委選舉,2024,臺北市,中正區,南福里,臺北市第05選區,8,孫智麗,無黨籍及未經政黨推薦,67,
2024年區域立委選舉,2024,臺北市,中正區,南福里,臺北市第05選區,9,張華特,台灣麻將最大黨,21,
2024年區域立委選舉,2024,臺北市,中正區,南福里,臺北市第05選區,10,李慧曦,司法改革黨,64,
2024年區域立委選舉,2024,臺北市,中正區,龍福里,臺北市第05選區,1,鍾小平,中國國民黨,1039,
2024年區域立委選舉,2024,臺北市,中正區,龍福里,臺北市第05選區,2,陳燕玉,無黨籍及未經政黨推薦,5,
2024年區域立委選舉,2024,臺北市,中正區,龍福里,臺北市第05選區,3,許敬民,合一行動聯盟,0,
2024年區域立委選舉,2024,臺北市,中正區,龍福里,臺北市第05選區,4,林志成,無黨籍及未經政黨推薦,2,
2024年區域立委選舉,2024,臺北市,中正區,龍福里,臺北市第05選區,5,于美人,無黨籍及未經政黨推薦,623,
2024年區域立委選舉,2024,臺北市,中正區,龍福里,臺北市第05選區,6,蘇諍,經濟黨,4,
2024年區域立委選舉,2024,臺北市,中正區,龍福里,臺北市第05選區,7,吳沛憶,民主進步黨,1127,*
2024年區域立委選舉,2024,臺北市,中正區,龍福里,臺北市第05選區,8,孫智麗,無黨籍及未經政黨推薦,42,
2024年區域立委選舉,2024,臺北市,中正區,龍福里,臺北市第05選區,9,張華特,台灣麻將最大黨,11,
2024年區域立委選舉,2024,臺北市,中正區,龍福里,臺北市第05選區,10,李慧曦,司法改革黨,24,
2024年區域立委選舉,2024,臺北市,中正區,新營里,臺北市第05選區,1,鍾小平,中國國民黨,1910,
2024年區域立委選舉,2024,臺北市,中正區,新營里,臺北市第05選區,2,陳燕玉,無黨籍及未經政黨推薦,1,
2024年區域立委選舉,2024,臺北市,中正區,新營里,臺北市第05選區,3,許敬民,合一行動聯盟,5,
2024年區域立委選舉,2024,臺北市,中正區,新營里,臺北市第05選區,4,林志成,無黨籍及未經政黨推薦,0,
2024年區域立委選舉,2024,臺北市,中正區,新營里,臺北市第05選區,5,于美人,無黨籍及未經政黨推薦,1079,
2024年區域立委選舉,2024,臺北市,中正區,新營里,臺北市第05選區,6,蘇諍,經濟黨,17,
2024年區域立委選舉,2024,臺北市,中正區,新營里,臺北市第05選區,7,吳沛憶,民主進步黨,1610,*
2024年區域立委選舉,2024,臺北市,中正區,新營里,臺北市第05選區,8,孫智麗,無黨籍及未經政黨推薦,84,
2024年區域立委選舉,2024,臺北市,中正區,新營里,臺北市第05選區,9,張華特,台灣麻將最大黨,19,
2024年區域立委選舉,2024,臺北市,中正區,新營里,臺北市第05選區,10,李慧曦,司法改革黨,36,
2024年區域立委選舉,2024,臺北市,中正區,建國里,臺北市第05選區,1,鍾小平,中國國民黨,299,
2024年區域立委選舉,2024,臺北市,中正區,建國里,臺北市第05選區,2,陳燕玉,無黨籍及未經政黨推薦,2,
2024年區域立委選舉,2024,臺北市,中正區,建國里,臺北市第05選區,3,許敬民,合一行動聯盟,1,
2024年區域立委選舉,2024,臺北市,中正區,建國里,臺北市第05選區,4,林志成,無黨籍及未經政黨推薦,1,
2024年區域立委選舉,2024,臺北市,中正區,建國里,臺北市第05選區,5,于美人,無黨籍及未經政黨推薦,253,
2024年區域立委選舉,2024,臺北市,中正區,建國里,臺北市第05選區,6,蘇諍,經濟黨,2,
2024年區域立委選舉,2024,臺北市,中正區,建國里,臺北市第05選區,7,吳沛憶,民主進步黨,330,*
2024年區域立委選舉,2024,臺北市,中正區,建國里,臺北市第05選區,8,孫智麗,無黨籍及未經政黨推薦,11,
2024年區域立委選舉,2024,臺北市,中正區,建國里,臺北市第05選區,9,張華特,台灣麻將最大黨,7,
2024年區域立委選舉,2024,臺北市,中正區,建國里,臺北市第05選區,10,李慧曦,司法改革黨,8,
2024年區域立委選舉,2024,臺北市,中正區,光復里,臺北市第05選區,1,鍾小平,中國國民黨,771,
2024年區域立委選舉,2024,臺北市,中正區,光復里,臺北市第05選區,2,陳燕玉,無黨籍及未經政黨推薦,1,
2024年區域立委選舉,2024,臺北市,中正區,光復里,臺北市第05選區,3,許敬民,合一行動聯盟,3,
2024年區域立委選舉,2024,臺北市,中正區,光復里,臺北市第05選區,4,林志成,無黨籍及未經政黨推薦,5,
2024年區域立委選舉,2024,臺北市,中正區,光復里,臺北市第05選區,5,于美人,無黨籍及未經政黨推薦,479,
2024年區域立委選舉,2024,臺北市,中正區,光復里,臺北市第05選區,6,蘇諍,經濟黨,7,
2024年區域立委選舉,2024,臺北市,中正區,光復里,臺北市第05選區,7,吳沛憶,民主進步黨,813,*
2024年區域立委選舉,2024,臺北市,中正區,光復里,臺北市第05選區,8,孫智麗,無黨籍及未經政黨推薦,23,
2024年區域立委選舉,2024,臺北市,中正區,光復里,臺北市第05選區,9,張華特,台灣麻將最大黨,9,
2024年區域立委選舉,2024,臺北市,中正區,光復里,臺北市第05選區,10,李慧曦,司法改革黨,19,
2024年區域立委選舉,2024,臺北市,中正區,黎明里,臺北市第05選區,1,鍾小平,中國國民黨,642,
2024年區域立委選舉,2024,臺北市,中正區,黎明里,臺北市第05選區,2,陳燕玉,無黨籍及未經政黨推薦,2,
2024年區域立委選舉,2024,臺北市,中正區,黎明里,臺北市第05選區,3,許敬民,合一行動聯盟,2,
2024年區域立委選舉,2024,臺北市,中正區,黎明里,臺北市第05選區,4,林志成,無黨籍及未經政黨推薦,5,
2024年區域立委選舉,2024,臺北市,中正區,黎明里,臺北市第05選區,5,于美人,無黨籍及未經政黨推薦,426,
2024年區域立委選舉,2024,臺北市,中正區,黎明里,臺北市第05選區,6,蘇諍,經濟黨,5,
2024年區域立委選舉,2024,臺北市,中正區,黎明里,臺北市第05選區,7,吳沛憶,民主進步黨,585,*
2024年區域立委選舉,2024,臺北市,中正區,黎明里,臺北市第05選區,8,孫智麗,無黨籍及未經政黨推薦,14,
2024年區域立委選舉,2024,臺北市,中正區,黎明里,臺北市第05選區,9,張華特,台灣麻將最大黨,8,
2024年區域立委選舉,2024,臺北市,中正區,黎明里,臺北市第05選區,10,李慧曦,司法改革黨,29,
2024年區域立委選舉,2024,臺北市,中正區,梅花里,臺北市第05選區,1,鍾小平,中國國民黨,687,
2024年區域立委選舉,2024,臺北市,中正區,梅花里,臺北市第05選區,2,陳燕玉,無黨籍及未經政黨推薦,2,
2024年區域立委選舉,2024,臺北市,中正區,梅花里,臺北市第05選區,3,許敬民,合一行動聯盟,1,
2024年區域立委選舉,2024,臺北市,中正區,梅花里,臺北市第05選區,4,林志成,無黨籍及未經政黨推薦,2,
2024年區域立委選舉,2024,臺北市,中正區,梅花里,臺北市第05選區,5,于美人,無黨籍及未經政黨推薦,359,
2024年區域立委選舉,2024,臺北市,中正區,梅花里,臺北市第05選區,6,蘇諍,經濟黨,8,
2024年區域立委選舉,2024,臺北市,中正區,梅花里,臺北市第05選區,7,吳沛憶,民主進步黨,760,*
2024年區域立委選舉,2024,臺北市,中正區,梅花里,臺北市第05選區,8,孫智麗,無黨籍及未經政黨推薦,26,
2024年區域立委選舉,2024,臺北市,中正區,梅花里,臺北市第05選區,9,張華特,台灣麻將最大黨,5,
2024年區域立委選舉,2024,臺北市,中正區,梅花里,臺北市第05選區,10,李慧曦,司法改革黨,24,
2024年區域立委選舉,2024,臺北市,中正區,幸福里,臺北市第05選區,1,鍾小平,中國國民黨,1095,
2024年區域立委選舉,2024,臺北市,中正區,幸福里,臺北市第05選區,2,陳燕玉,無黨籍及未經政黨推薦,3,
2024年區域立委選舉,2024,臺北市,中正區,幸福里,臺北市第05選區,3,許敬民,合一行動聯盟,4,
2024年區域立委選舉,2024,臺北市,中正區,幸福里,臺北市第05選區,4,林志成,無黨籍及未經政黨推薦,2,
2024年區域立委選舉,2024,臺北市,中正區,幸福里,臺北市第05選區,5,于美人,無黨籍及未經政黨推薦,600,
2024年區域立委選舉,2024,臺北市,中正區,幸福里,臺北市第05選區,6,蘇諍,經濟黨,10,
2024年區域立委選舉,2024,臺北市,中正區,幸福里,臺北市第05選區,7,吳沛憶,民主進步黨,1094,*
2024年區域立委選舉,2024,臺北市,中正區,幸福里,臺北市第05選區,8,孫智麗,無黨籍及未經政黨推薦,51,
2024年區域立委選舉,2024,臺北市,中正區,幸福里,臺北市第05選區,9,張華特,台灣麻將最大黨,12,
2024年區域立委選舉,2024,臺北市,中正區,幸福里,臺北市第05選區,10,李慧曦,司法改革黨,23,
2024年區域立委選舉,2024,臺北市,中正區,幸市里,臺北市第05選區,1,鍾小平,中國國民黨,963,
2024年區域立委選舉,2024,臺北市,中正區,幸市里,臺北市第05選區,2,陳燕玉,無黨籍及未經政黨推薦,4,
2024年區域立委選舉,2024,臺北市,中正區,幸市里,臺北市第05選區,3,許敬民,合一行動聯盟,1,
2024年區域立委選舉,2024,臺北市,中正區,幸市里,臺北市第05選區,4,林志成,無黨籍及未經政黨推薦,0,
2024年區域立委選舉,2024,臺北市,中正區,幸市里,臺北市第05選區,5,于美人,無黨籍及未經政黨推薦,461,
2024年區域立委選舉,2024,臺北市,中正區,幸市里,臺北市第05選區,6,蘇諍,經濟黨,9,
2024年區域立委選舉,2024,臺北市,中正區,幸市里,臺北市第05選區,7,吳沛憶,民主進步黨,1088,*
2024年區域立委選舉,2024,臺北市,中正區,幸市里,臺北市第05選區,8,孫智麗,無黨籍及未經政黨推薦,37,
2024年區域立委選舉,2024,臺北市,中正區,幸市里,臺北市第05選區,9,張華特,台灣麻將最大黨,14,
2024年區域立委選舉,2024,臺北市,中正區,幸市里,臺北市第05選區,10,李慧曦,司法改革黨,28,
2024年區域立委選舉,2024,臺北市,中正區,東門里,臺北市第05選區,1,鍾小平,中國國民黨,898,
2024年區域立委選舉,2024,臺北市,中正區,東門里,臺北市第05選區,2,陳燕玉,無黨籍及未經政黨推薦,4,
2024年區域立委選舉,2024,臺北市,中正區,東門里,臺北市第05選區,3,許敬民,合一行動聯盟,4,
2024年區域立委選舉,2024,臺北市,中正區,東門里,臺北市第05選區,4,林志成,無黨籍及未經政黨推薦,2,
2024年區域立委選舉,2024,臺北市,中正區,東門里,臺北市第05選區,5,于美人,無黨籍及未經政黨推薦,432,
2024年區域立委選舉,2024,臺北市,中正區,東門里,臺北市第05選區,6,蘇諍,經濟黨,6,
2024年區域立委選舉,2024,臺北市,中正區,東門里,臺北市第05選區,7,吳沛憶,民主進步黨,768,*
2024年區域立委選舉,2024,臺北市,中正區,東門里,臺北市第05選區,8,孫智麗,無黨籍及未經政黨推薦,24,
2024年區域立委選舉,2024,臺北市,中正區,東門里,臺北市第05選區,9,張華特,台灣麻將最大黨,10,
2024年區域立委選舉,2024,臺北市,中正區,東門里,臺北市第05選區,10,李慧曦,司法改革黨,17,
2024年區域立委選舉,2024,臺北市,中正區,文北里,臺北市第05選區,1,鍾小平,中國國民黨,1195,
2024年區域立委選舉,2024,臺北市,中正區,文北里,臺北市第05選區,2,陳燕玉,無黨籍及未經政黨推薦,2,
2024年區域立委選舉,2024,臺北市,中正區,文北里,臺北市第05選區,3,許敬民,合一行動聯盟,1,
2024年區域立委選舉,2024,臺北市,中正區,文北里,臺北市第05選區,4,林志成,無黨籍及未經政黨推薦,3,
2024年區域立委選舉,2024,臺北市,中正區,文北里,臺北市第05選區,5,于美人,無黨籍及未經政黨推薦,603,
2024年區域立委選舉,2024,臺北市,中正區,文北里,臺北市第05選區,6,蘇諍,經濟黨,6,
2024年區域立委選舉,2024,臺北市,中正區,文北里,臺北市第05選區,7,吳沛憶,民主進步黨,1289,*
2024年區域立委選舉,2024,臺北市,中正區,文北里,臺北市第05選區,8,孫智麗,無黨籍及未經政黨推薦,57,
2024年區域立委選舉,2024,臺北市,中正區,文北里,臺北市第05選區,9,張華特,台灣麻將最大黨,8,
2024年區域立委選舉,2024,臺北市,中正區,文北里,臺北市第05選區,10,李慧曦,司法改革黨,28,
2024年區域立委選舉,2024,臺北市,中正區,文祥里,臺北市第05選區,1,鍾小平,中國國民黨,1659,
2024年區域立委選舉,2024,臺北市,中正區,文祥里,臺北市第05選區,2,陳燕玉,無黨籍及未經政黨推薦,2,
2024年區域立委選舉,2024,臺北市,中正區,文祥里,臺北市第05選區,3,許敬民,合一行動聯盟,1,
2024年區域立委選舉,2024,臺北市,中正區,文祥里,臺北市第05選區,4,林志成,無黨籍及未經政黨推薦,3,
2024年區域立委選舉,2024,臺北市,中正區,文祥里,臺北市第05選區,5,于美人,無黨籍及未經政黨推薦,915,
2024年區域立委選舉,2024,臺北市,中正區,文祥里,臺北市第05選區,6,蘇諍,經濟黨,10,
2024年區域立委選舉,2024,臺北市,中正區,文祥里,臺北市第05選區,7,吳沛憶,民主進步黨,1770,*
2024年區域立委選舉,2024,臺北市,中正區,文祥里,臺北市第05選區,8,孫智麗,無黨籍及未經政黨推薦,64,
2024年區域立委選舉,2024,臺北市,中正區,文祥里,臺北市第05選區,9,張華特,台灣麻將最大黨,16,
2024年區域立委選舉,2024,臺北市,中正區,文祥里,臺北市第05選區,10,李慧曦,司法改革黨,38,
2024年區域立委選舉,2024,臺北市,中正區,三愛里,臺北市第05選區,1,鍾小平,中國國民黨,1822,
2024年區域立委選舉,2024,臺北市,中正區,三愛里,臺北市第05選區,2,陳燕玉,無黨籍及未經政黨推薦,3,
2024年區域立委選舉,2024,臺北市,中正區,三愛里,臺北市第05選區,3,許敬民,合一行動聯盟,7,
2024年區域立委選舉,2024,臺北市,中正區,三愛里,臺北市第05選區,4,林志成,無黨籍及未經政黨推薦,3,
2024年區域立委選舉,2024,臺北市,中正區,三愛里,臺北市第05選區,5,于美人,無黨籍及未經政黨推薦,1012,
2024年區域立委選舉,2024,臺北市,中正區,三愛里,臺北市第05選區,6,蘇諍,經濟黨,5,
2024年區域立委選舉,2024,臺北市,中正區,三愛里,臺北市第05選區,7,吳沛憶,民主進步黨,1919,*
2024年區域立委選舉,2024,臺北市,中正區,三愛里,臺北市第05選區,8,孫智麗,無黨籍及未經政黨推薦,54,
2024年區域立委選舉,2024,臺北市,中正區,三愛里,臺北市第05選區,9,張華特,台灣麻將最大黨,13,
2024年區域立委選舉,2024,臺北市,中正區,三愛里,臺北市第05選區,10,李慧曦,司法改革黨,42,
2024年區域立委選舉,2024,臺北市,大同區,玉泉里,臺北市第02選區,1,熊嘉玲,制度救世島,3,
2024年區域立委選舉,2024,臺北市,大同區,玉泉里,臺北市第02選區,2,何梅娟,人民最大黨,16,
2024年區域立委選舉,2024,臺北市,大同區,玉泉里,臺北市第02選區,3,王世堅,民主進步黨,1027,*
2024年區域立委選舉,2024,臺北市,大同區,玉泉里,臺北市第02選區,4,郭啟源,中華統一促進黨,2,
2024年區域立委選舉,2024,臺北市,大同區,玉泉里,臺北市第02選區,5,游淑慧,中國國民黨,645,
2024年區域立委選舉,2024,臺北市,大同區,建明里,臺北市第02選區,1,熊嘉玲,制度救世島,9,
2024年區域立委選舉,2024,臺北市,大同區,建明里,臺北市第02選區,2,何梅娟,人民最大黨,14,
2024年區域立委選舉,2024,臺北市,大同區,建明里,臺北市第02選區,3,王世堅,民主進步黨,1142,*
2024年區域立委選舉,2024,臺北市,大同區,建明里,臺北市第02選區,4,郭啟源,中華統一促進黨,1,
2024年區域立委選舉,2024,臺北市,大同區,建明里,臺北市第02選區,5,游淑慧,中國國民黨,675,
2024年區域立委選舉,2024,臺北市,大同區,建功里,臺北市第02選區,1,熊嘉玲,制度救世島,5,
2024年區域立委選舉,2024,臺北市,大同區,建功里,臺北市第02選區,2,何梅娟,人民最大黨,11,
2024年區域立委選舉,2024,臺北市,大同區,建功里,臺北市第02選區,3,王世堅,民主進步黨,1785,*
2024年區域立委選舉,2024,臺北市,大同區,建功里,臺北市第02選區,4,郭啟源,中華統一促進黨,4,
2024年區域立委選舉,2024,臺北市,大同區,建功里,臺北市第02選區,5,游淑慧,中國國民黨,965,
2024年區域立委選舉,2024,臺北市,大同區,建泰里,臺北市第02選區,1,熊嘉玲,制度救世島,6,
2024年區域立委選舉,2024,臺北市,大同區,建泰里,臺北市第02選區,2,何梅娟,人民最大黨,12,
2024年區域立委選舉,2024,臺北市,大同區,建泰里,臺北市第02選區,3,王世堅,民主進步黨,1375,*
2024年區域立委選舉,2024,臺北市,大同區,建泰里,臺北市第02選區,4,郭啟源,中華統一促進黨,3,
2024年區域立委選舉,2024,臺北市,大同區,建泰里,臺北市第02選區,5,游淑慧,中國國民黨,691,
2024年區域立委選舉,2024,臺北市,大同區,永樂里,臺北市第02選區,1,熊嘉玲,制度救世島,19,
2024年區域立委選舉,2024,臺北市,大同區,永樂里,臺北市第02選區,2,何梅娟,人民最大黨,28,
2024年區域立委選舉,2024,臺北市,大同區,永樂里,臺北市第02選區,3,王世堅,民主進步黨,1976,*
2024年區域立委選舉,2024,臺北市,大同區,永樂里,臺北市第02選區,4,郭啟源,中華統一促進黨,3,
2024年區域立委選舉,2024,臺北市,大同區,永樂里,臺北市第02選區,5,游淑慧,中國國民黨,1017,
2024年區域立委選舉,2024,臺北市,大同區,朝陽里,臺北市第02選區,1,熊嘉玲,制度救世島,20,
2024年區域立委選舉,2024,臺北市,大同區,朝陽里,臺北市第02選區,2,何梅娟,人民最大黨,22,
2024年區域立委選舉,2024,臺北市,大同區,朝陽里,臺北市第02選區,3,王世堅,民主進步黨,1659,*
2024年區域立委選舉,2024,臺北市,大同區,朝陽里,臺北市第02選區,4,郭啟源,中華統一促進黨,2,
2024年區域立委選舉,2024,臺北市,大同區,朝陽里,臺北市第02選區,5,游淑慧,中國國民黨,898,
2024年區域立委選舉,2024,臺北市,大同區,星明里,臺北市第02選區,1,熊嘉玲,制度救世島,23,
2024年區域立委選舉,2024,臺北市,大同區,星明里,臺北市第02選區,2,何梅娟,人民最大黨,33,
2024年區域立委選舉,2024,臺北市,大同區,星明里,臺北市第02選區,3,王世堅,民主進步黨,1990,*
2024年區域立委選舉,2024,臺北市,大同區,星明里,臺北市第02選區,4,郭啟源,中華統一促進黨,1,
2024年區域立委選舉,2024,臺北市,大同區,星明里,臺北市第02選區,5,游淑慧,中國國民黨,1230,
2024年區域立委選舉,2024,臺北市,大同區,光能里,臺北市第02選區,1,熊嘉玲,制度救世島,17,
2024年區域立委選舉,2024,臺北市,大同區,光能里,臺北市第02選區,2,何梅娟,人民最大黨,25,
2024年區域立委選舉,2024,臺北市,大同區,光能里,臺北市第02選區,3,王世堅,民主進步黨,1994,*
2024年區域立委選舉,2024,臺北市,大同區,光能里,臺北市第02選區,4,郭啟源,中華統一促進黨,2,
2024年區域立委選舉,2024,臺北市,大同區,光能里,臺北市第02選區,5,游淑慧,中國國民黨,1040,
2024年區域立委選舉,2024,臺北市,大同區,大有里,臺北市第02選區,1,熊嘉玲,制度救世島,9,
2024年區域立委選舉,2024,臺北市,大同區,大有里,臺北市第02選區,2,何梅娟,人民最大黨,19,
2024年區域立委選舉,2024,臺北市,大同區,大有里,臺北市第02選區,3,王世堅,民主進步黨,1790,*
2024年區域立委選舉,2024,臺北市,大同區,大有里,臺北市第02選區,4,郭啟源,中華統一促進黨,5,
2024年區域立委選舉,2024,臺北市,大同區,大有里,臺北市第02選區,5,游淑慧,中國國民黨,890,
2024年區域立委選舉,2024,臺北市,大同區,延平里,臺北市第02選區,1,熊嘉玲,制度救世島,17,
2024年區域立委選舉,2024,臺北市,大同區,延平里,臺北市第02選區,2,何梅娟,人民最大黨,17,
2024年區域立委選舉,2024,臺北市,大同區,延平里,臺北市第02選區,3,王世堅,民主進步黨,1434,*
2024年區域立委選舉,2024,臺北市,大同區,延平里,臺北市第02選區,4,郭啟源,中華統一促進黨,4,
2024年區域立委選舉,2024,臺北市,大同區,延平里,臺北市第02選區,5,游淑慧,中國國民黨,895,
2024年區域立委選舉,2024,臺北市,大同區,雙連里,臺北市第02選區,1,熊嘉玲,制度救世島,24,
2024年區域立委選舉,2024,臺北市,大同區,雙連里,臺北市第02選區,2,何梅娟,人民最大黨,48,
2024年區域立委選舉,2024,臺北市,大同區,雙連里,臺北市第02選區,3,王世堅,民主進步黨,3303,*
2024年區域立委選舉,2024,臺北市,大同區,雙連里,臺北市第02選區,4,郭啟源,中華統一促進黨,7,
2024年區域立委選舉,2024,臺北市,大同區,雙連里,臺北市第02選區,5,游淑慧,中國國民黨,1906,
2024年區域立委選舉,2024,臺北市,大同區,南芳里,臺北市第02選區,1,熊嘉玲,制度救世島,11,
2024年區域立委選舉,2024,臺北市,大同區,南芳里,臺北市第02選區,2,何梅娟,人民最大黨,18,
2024年區域立委選舉,2024,臺北市,大同區,南芳里,臺北市第02選區,3,王世堅,民主進步黨,1534,*
2024年區域立委選舉,2024,臺北市,大同區,南芳里,臺北市第02選區,4,郭啟源,中華統一促進黨,1,
2024年區域立委選舉,2024,臺北市,大同區,南芳里,臺北市第02選區,5,游淑慧,中國國民黨,898,
2024年區域立委選舉,2024,臺北市,大同區,民權里,臺北市第02選區,1,熊嘉玲,制度救世島,28,
2024年區域立委選舉,2024,臺北市,大同區,民權里,臺北市第02選區,2,何梅娟,人民最大黨,28,
2024年區域立委選舉,2024,臺北市,大同區,民權里,臺北市第02選區,3,王世堅,民主進步黨,2295,*
2024年區域立委選舉,2024,臺北市,大同區,民權里,臺北市第02選區,4,郭啟源,中華統一促進黨,6,
2024年區域立委選舉,2024,臺北市,大同區,民權里,臺北市第02選區,5,游淑慧,中國國民黨,1466,
2024年區域立委選舉,2024,臺北市,大同區,景星里,臺北市第02選區,1,熊嘉玲,制度救世島,8,
2024年區域立委選舉,2024,臺北市,大同區,景星里,臺北市第02選區,2,何梅娟,人民最大黨,15,
2024年區域立委選舉,2024,臺北市,大同區,景星里,臺北市第02選區,3,王世堅,民主進步黨,885,*
2024年區域立委選舉,2024,臺北市,大同區,景星里,臺北市第02選區,4,郭啟源,中華統一促進黨,3,
2024年區域立委選舉,2024,臺北市,大同區,景星里,臺北市第02選區,5,游淑慧,中國國民黨,491,
2024年區域立委選舉,2024,臺北市,大同區,隆和里,臺北市第02選區,1,熊嘉玲,制度救世島,15,
2024年區域立委選舉,2024,臺北市,大同區,隆和里,臺北市第02選區,2,何梅娟,人民最大黨,20,
2024年區域立委選舉,2024,臺北市,大同區,隆和里,臺北市第02選區,3,王世堅,民主進步黨,1300,*
2024年區域立委選舉,2024,臺北市,大同區,隆和里,臺北市第02選區,4,郭啟源,中華統一促進黨,0,
2024年區域立委選舉,2024,臺北市,大同區,隆和里,臺北市第02選區,5,游淑慧,中國國民黨,796,
2024年區域立委選舉,2024,臺北市,大同區,蓬萊里,臺北市第02選區,1,熊嘉玲,制度救世島,32,
2024年區域立委選舉,2024,臺北市,大同區,蓬萊里,臺北市第02選區,2,何梅娟,人民最大黨,35,
2024年區域立委選舉,2024,臺北市,大同區,蓬萊里,臺北市第02選區,3,王世堅,民主進步黨,1707,*
2024年區域立委選舉,2024,臺北市,大同區,蓬萊里,臺北市第02選區,4,郭啟源,中華統一促進黨,5,
2024年區域立委選舉,2024,臺北市,大同區,蓬萊里,臺北市第02選區,5,游淑慧,中國國民黨,1160,
2024年區域立委選舉,2024,臺北市,大同區,國順里,臺北市第02選區,1,熊嘉玲,制度救世島,8,
2024年區域立委選舉,2024,臺北市,大同區,國順里,臺北市第02選區,2,何梅娟,人民最大黨,17,
2024年區域立委選舉,2024,臺北市,大同區,國順里,臺北市第02選區,3,王世堅,民主進步黨,1185,*
2024年區域立委選舉,2024,臺北市,大同區,國順里,臺北市第02選區,4,郭啟源,中華統一促進黨,3,
2024年區域立委選舉,2024,臺北市,大同區,國順里,臺北市第02選區,5,游淑慧,中國國民黨,576,
2024年區域立委選舉,2024,臺北市,大同區,國慶里,臺北市第02選區,1,熊嘉玲,制度救世島,9,
2024年區域立委選舉,2024,臺北市,大同區,國慶里,臺北市第02選區,2,何梅娟,人民最大黨,25,
2024年區域立委選舉,2024,臺北市,大同區,國慶里,臺北市第02選區,3,王世堅,民主進步黨,1790,*
2024年區域立委選舉,2024,臺北市,大同區,國慶里,臺北市第02選區,4,郭啟源,中華統一促進黨,8,
2024年區域立委選舉,2024,臺北市,大同區,國慶里,臺北市第02選區,5,游淑慧,中國國民黨,998,
2024年區域立委選舉,2024,臺北市,大同區,揚雅里,臺北市第02選區,1,熊嘉玲,制度救世島,9,
2024年區域立委選舉,2024,臺北市,大同區,揚雅里,臺北市第02選區,2,何梅娟,人民最大黨,23,
2024年區域立委選舉,2024,臺北市,大同區,揚雅里,臺北市第02選區,3,王世堅,民主進步黨,1283,*
2024年區域立委選舉,2024,臺北市,大同區,揚雅里,臺北市第02選區,4,郭啟源,中華統一促進黨,0,
2024年區域立委選舉,2024,臺北市,大同區,揚雅里,臺北市第02選區,5,游淑慧,中國國民黨,767,
2024年區域立委選舉,2024,臺北市,大同區,斯文里,臺北市第02選區,1,熊嘉玲,制度救世島,23,
2024年區域立委選舉,2024,臺北市,大同區,斯文里,臺北市第02選區,2,何梅娟,人民最大黨,25,
2024年區域立委選舉,2024,臺北市,大同區,斯文里,臺北市第02選區,3,王世堅,民主進步黨,1886,*
2024年區域立委選舉,2024,臺北市,大同區,斯文里,臺北市第02選區,4,郭啟源,中華統一促進黨,5,
2024年區域立委選舉,2024,臺北市,大同區,斯文里,臺北市第02選區,5,游淑慧,中國國民黨,993,
2024年區域立委選舉,2024,臺北市,大同區,鄰江里,臺北市第02選區,1,熊嘉玲,制度救世島,16,
2024年區域立委選舉,2024,臺北市,大同區,鄰江里,臺北市第02選區,2,何梅娟,人民最大黨,40,
2024年區域立委選舉,2024,臺北市,大同區,鄰江里,臺北市第02選區,3,王世堅,民主進步黨,2449,*
2024年區域立委選舉,2024,臺北市,大同區,鄰江里,臺北市第02選區,4,郭啟源,中華統一促進黨,7,
2024年區域立委選舉,2024,臺北市,大同區,鄰江里,臺北市第02選區,5,游淑慧,中國國民黨,1287,
2024年區域立委選舉,2024,臺北市,大同區,至聖里,臺北市第02選區,1,熊嘉玲,制度救世島,43,
2024年區域立委選舉,2024,臺北市,大同區,至聖里,臺北市第02選區,2,何梅娟,人民最大黨,49,
2024年區域立委選舉,2024,臺北市,大同區,至聖里,臺北市第02選區,3,王世堅,民主進步黨,2957,*
2024年區域立委選舉,2024,臺北市,大同區,至聖里,臺北市第02選區,4,郭啟源,中華統一促進黨,9,
2024年區域立委選舉,2024,臺北市,大同區,至聖里,臺北市第02選區,5,游淑慧,中國國民黨,1737,
2024年區域立委選舉,2024,臺北市,大同區,老師里,臺北市第02選區,1,熊嘉玲,制度救世島,20,
2024年區域立委選舉,2024,臺北市,大同區,老師里,臺北市第02選區,2,何梅娟,人民最大黨,37,
2024年區域立委選舉,2024,臺北市,大同區,老師里,臺北市第02選區,3,王世堅,民主進步黨,2232,*
2024年區域立委選舉,2024,臺北市,大同區,老師里,臺北市第02選區,4,郭啟源,中華統一促進黨,2,
2024年區域立委選舉,2024,臺北市,大同區,老師里,臺北市第02選區,5,游淑慧,中國國民黨,1132,
2024年區域立委選舉,2024,臺北市,大同區,重慶里,臺北市第02選區,1,熊嘉玲,制度救世島,22,
2024年區域立委選舉,2024,臺北市,大同區,重慶里,臺北市第02選區,2,何梅娟,人民最大黨,28,
2024年區域立委選舉,2024,臺北市,大同區,重慶里,臺北市第02選區,3,王世堅,民主進步黨,2331,*
2024年區域立委選舉,2024,臺北市,大同區,重慶里,臺北市第02選區,4,郭啟源,中華統一促進黨,5,
2024年區域立委選舉,2024,臺北市,大同區,重慶里,臺北市第02選區,5,游淑慧,中國國民黨,1588,
2024年區域立委選舉,2024,臺北市,大同區,保安里,臺北市第02選區,1,熊嘉玲,制度救世島,18,
2024年區域立委選舉,2024,臺北市,大同區,保安里,臺北市第02選區,2,何梅娟,人民最大黨,25,
2024年區域立委選舉,2024,臺北市,大同區,保安里,臺北市第02選區,3,王世堅,民主進步黨,1779,*
2024年區域立委選舉,2024,臺北市,大同區,保安里,臺北市第02選區,4,郭啟源,中華統一促進黨,3,
2024年區域立委選舉,2024,臺北市,大同區,保安里,臺北市第02選區,5,游淑慧,中國國民黨,924,
2024年區域立委選舉,2024,臺北市,萬華區,福星里,臺北市第05選區,1,鍾小平,中國國民黨,1146,
2024年區域立委選舉,2024,臺北市,萬華區,福星里,臺北市第05選區,2,陳燕玉,無黨籍及未經政黨推薦,5,
2024年區域立委選舉,2024,臺北市,萬華區,福星里,臺北市第05選區,3,許敬民,合一行動聯盟,6,
2024年區域立委選舉,2024,臺北市,萬華區,福星里,臺北市第05選區,4,林志成,無黨籍及未經政黨推薦,0,
2024年區域立委選舉,2024,臺北市,萬華區,福星里,臺北市第05選區,5,于美人,無黨籍及未經政黨推薦,718,
2024年區域立委選舉,2024,臺北市,萬華區,福星里,臺北市第05選區,6,蘇諍,經濟黨,15,
2024年區域立委選舉,2024,臺北市,萬華區,福星里,臺北市第05選區,7,吳沛憶,民主進步黨,1099,*
2024年區域立委選舉,2024,臺北市,萬華區,福星里,臺北市第05選區,8,孫智麗,無黨籍及未經政黨推薦,17,
2024年區域立委選舉,2024,臺北市,萬華區,福星里,臺北市第05選區,9,張華特,台灣麻將最大黨,23,
2024年區域立委選舉,2024,臺北市,萬華區,福星里,臺北市第05選區,10,李慧曦,司法改革黨,21,
2024年區域立委選舉,2024,臺北市,萬華區,萬壽里,臺北市第05選區,1,鍾小平,中國國民黨,720,
2024年區域立委選舉,2024,臺北市,萬華區,萬壽里,臺北市第05選區,2,陳燕玉,無黨籍及未經政黨推薦,2,
2024年區域立委選舉,2024,臺北市,萬華區,萬壽里,臺北市第05選區,3,許敬民,合一行動聯盟,2,
2024年區域立委選舉,2024,臺北市,萬華區,萬壽里,臺北市第05選區,4,林志成,無黨籍及未經政黨推薦,1,
2024年區域立委選舉,2024,臺北市,萬華區,萬壽里,臺北市第05選區,5,于美人,無黨籍及未經政黨推薦,378,
2024年區域立委選舉,2024,臺北市,萬華區,萬壽里,臺北市第05選區,6,蘇諍,經濟黨,5,
2024年區域立委選舉,2024,臺北市,萬華區,萬壽里,臺北市第05選區,7,吳沛憶,民主進步黨,646,*
2024年區域立委選舉,2024,臺北市,萬華區,萬壽里,臺北市第05選區,8,孫智麗,無黨籍及未經政黨推薦,9,
2024年區域立委選舉,2024,臺北市,萬華區,萬壽里,臺北市第05選區,9,張華特,台灣麻將最大黨,6,
2024年區域立委選舉,2024,臺北市,萬華區,萬壽里,臺北市第05選區,10,李慧曦,司法改革黨,18,
2024年區域立委選舉,2024,臺北市,萬華區,西門里,臺北市第05選區,1,鍾小平,中國國民黨,756,
2024年區域立委選舉,2024,臺北市,萬華區,西門里,臺北市第05選區,2,陳燕玉,無黨籍及未經政黨推薦,1,
2024年區域立委選舉,2024,臺北市,萬華區,西門里,臺北市第05選區,3,許敬民,合一行動聯盟,3,
2024年區域立委選舉,2024,臺北市,萬華區,西門里,臺北市第05選區,4,林志成,無黨籍及未經政黨推薦,0,
2024年區域立委選舉,2024,臺北市,萬華區,西門里,臺北市第05選區,5,于美人,無黨籍及未經政黨推薦,499,
2024年區域立委選舉,2024,臺北市,萬華區,西門里,臺北市第05選區,6,蘇諍,經濟黨,6,
2024年區域立委選舉,2024,臺北市,萬華區,西門里,臺北市第05選區,7,吳沛憶,民主進步黨,735,*
2024年區域立委選舉,2024,臺北市,萬華區,西門里,臺北市第05選區,8,孫智麗,無黨籍及未經政黨推薦,14,
2024年區域立委選舉,2024,臺北市,萬華區,西門里,臺北市第05選區,9,張華特,台灣麻將最大黨,12,
2024年區域立委選舉,2024,臺北市,萬華區,西門里,臺北市第05選區,10,李慧曦,司法改革黨,29,
2024年區域立委選舉,2024,臺北市,萬華區,新起里,臺北市第05選區,1,鍾小平,中國國民黨,1396,
2024年區域立委選舉,2024,臺北市,萬華區,新起里,臺北市第05選區,2,陳燕玉,無黨籍及未經政黨推薦,5,
2024年區域立委選舉,2024,臺北市,萬華區,新起里,臺北市第05選區,3,許敬民,合一行動聯盟,2,
2024年區域立委選舉,2024,臺北市,萬華區,新起里,臺北市第05選區,4,林志成,無黨籍及未經政黨推薦,2,
2024年區域立委選舉,2024,臺北市,萬華區,新起里,臺北市第05選區,5,于美人,無黨籍及未經政黨推薦,976,
2024年區域立委選舉,2024,臺北市,萬華區,新起里,臺北市第05選區,6,蘇諍,經濟黨,10,
2024年區域立委選舉,2024,臺北市,萬華區,新起里,臺北市第05選區,7,吳沛憶,民主進步黨,1753,*
2024年區域立委選舉,2024,臺北市,萬華區,新起里,臺北市第05選區,8,孫智麗,無黨籍及未經政黨推薦,35,
2024年區域立委選舉,2024,臺北市,萬華區,新起里,臺北市第05選區,9,張華特,台灣麻將最大黨,31,
2024年區域立委選舉,2024,臺北市,萬華區,新起里,臺北市第05選區,10,李慧曦,司法改革黨,27,
2024年區域立委選舉,2024,臺北市,萬華區,菜園里,臺北市第05選區,1,鍾小平,中國國民黨,1160,
2024年區域立委選舉,2024,臺北市,萬華區,菜園里,臺北市第05選區,2,陳燕玉,無黨籍及未經政黨推薦,1,
2024年區域立委選舉,2024,臺北市,萬華區,菜園里,臺北市第05選區,3,許敬民,合一行動聯盟,3,
2024年區域立委選舉,2024,臺北市,萬華區,菜園里,臺北市第05選區,4,林志成,無黨籍及未經政黨推薦,1,
2024年區域立委選舉,2024,臺北市,萬華區,菜園里,臺北市第05選區,5,于美人,無黨籍及未經政黨推薦,821,
2024年區域立委選舉,2024,臺北市,萬華區,菜園里,臺北市第05選區,6,蘇諍,經濟黨,11,
2024年區域立委選舉,2024,臺北市,萬華區,菜園里,臺北市第05選區,7,吳沛憶,民主進步黨,1617,*
2024年區域立委選舉,2024,臺北市,萬華區,菜園里,臺北市第05選區,8,孫智麗,無黨籍及未經政黨推薦,24,
2024年區域立委選舉,2024,臺北市,萬華區,菜園里,臺北市第05選區,9,張華特,台灣麻將最大黨,22,
2024年區域立委選舉,2024,臺北市,萬華區,菜園里,臺北市第05選區,10,李慧曦,司法改革黨,22,
2024年區域立委選舉,2024,臺北市,萬華區,青山里,臺北市第05選區,1,鍾小平,中國國民黨,1046,
2024年區域立委選舉,2024,臺北市,萬華區,青山里,臺北市第05選區,2,陳燕玉,無黨籍及未經政黨推薦,7,
2024年區域立委選舉,2024,臺北市,萬華區,青山里,臺北市第05選區,3,許敬民,合一行動聯盟,9,
2024年區域立委選舉,2024,臺北市,萬華區,青山里,臺北市第05選區,4,林志成,無黨籍及未經政黨推薦,4,
2024年區域立委選舉,2024,臺北市,萬華區,青山里,臺北市第05選區,5,于美人,無黨籍及未經政黨推薦,794,
2024年區域立委選舉,2024,臺北市,萬華區,青山里,臺北市第05選區,6,蘇諍,經濟黨,12,
2024年區域立委選舉,2024,臺北市,萬華區,青山里,臺北市第05選區,7,吳沛憶,民主進步黨,1586,*
2024年區域立委選舉,2024,臺北市,萬華區,青山里,臺北市第05選區,8,孫智麗,無黨籍及未經政黨推薦,26,
2024年區域立委選舉,2024,臺北市,萬華區,青山里,臺北市第05選區,9,張華特,台灣麻將最大黨,27,
2024年區域立委選舉,2024,臺北市,萬華區,青山里,臺北市第05選區,10,李慧曦,司法改革黨,27,
2024年區域立委選舉,2024,臺北市,萬華區,富民里,臺北市第05選區,1,鍾小平,中國國民黨,820,
2024年區域立委選舉,2024,臺北市,萬華區,富民里,臺北市第05選區,2,陳燕玉,無黨籍及未經政黨推薦,4,
2024年區域立委選舉,2024,臺北市,萬華區,富民里,臺北市第05選區,3,許敬民,合一行動聯盟,3,
2024年區域立委選舉,2024,臺北市,萬華區,富民里,臺北市第05選區,4,林志成,無黨籍及未經政黨推薦,4,
2024年區域立委選舉,2024,臺北市,萬華區,富民里,臺北市第05選區,5,于美人,無黨籍及未經政黨推薦,651,
2024年區域立委選舉,2024,臺北市,萬華區,富民里,臺北市第05選區,6,蘇諍,經濟黨,11,
2024年區域立委選舉,2024,臺北市,萬華區,富民里,臺北市第05選區,7,吳沛憶,民主進步黨,1389,*
2024年區域立委選舉,2024,臺北市,萬華區,富民里,臺北市第05選區,8,孫智麗,無黨籍及未經政黨推薦,15,
2024年區域立委選舉,2024,臺北市,萬華區,富民里,臺北市第05選區,9,張華特,台灣麻將最大黨,16,
2024年區域立委選舉,2024,臺北市,萬華區,富民里,臺北市第05選區,10,李慧曦,司法改革黨,27,
2024年區域立委選舉,2024,臺北市,萬華區,福音里,臺北市第05選區,1,鍾小平,中國國民黨,682,
2024年區域立委選舉,2024,臺北市,萬華區,福音里,臺北市第05選區,2,陳燕玉,無黨籍及未經政黨推薦,0,
2024年區域立委選舉,2024,臺北市,萬華區,福音里,臺北市第05選區,3,許敬民,合一行動聯盟,1,
2024年區域立委選舉,2024,臺北市,萬華區,福音里,臺北市第05選區,4,林志成,無黨籍及未經政黨推薦,3,
2024年區域立委選舉,2024,臺北市,萬華區,福音里,臺北市第05選區,5,于美人,無黨籍及未經政黨推薦,526,
2024年區域立委選舉,2024,臺北市,萬華區,福音里,臺北市第05選區,6,蘇諍,經濟黨,2,
2024年區域立委選舉,2024,臺北市,萬華區,福音里,臺北市第05選區,7,吳沛憶,民主進步黨,1098,*
2024年區域立委選舉,2024,臺北市,萬華區,福音里,臺北市第05選區,8,孫智麗,無黨籍及未經政黨推薦,19,
2024年區域立委選舉,2024,臺北市,萬華區,福音里,臺北市第05選區,9,張華特,台灣麻將最大黨,9,
2024年區域立委選舉,2024,臺北市,萬華區,福音里,臺北市第05選區,10,李慧曦,司法改革黨,13,
2024年區域立委選舉,2024,臺北市,萬華區,仁德里,臺北市第05選區,1,鍾小平,中國國民黨,893,
2024年區域立委選舉,2024,臺北市,萬華區,仁德里,臺北市第05選區,2,陳燕玉,無黨籍及未經政黨推薦,3,
2024年區域立委選舉,2024,臺北市,萬華區,仁德里,臺北市第05選區,3,許敬民,合一行動聯盟,2,
2024年區域立委選舉,2024,臺北市,萬華區,仁德里,臺北市第05選區,4,林志成,無黨籍及未經政黨推薦,1,
2024年區域立委選舉,2024,臺北市,萬華區,仁德里,臺北市第05選區,5,于美人,無黨籍及未經政黨推薦,665,
2024年區域立委選舉,2024,臺北市,萬華區,仁德里,臺北市第05選區,6,蘇諍,經濟黨,12,
2024年區域立委選舉,2024,臺北市,萬華區,仁德里,臺北市第05選區,7,吳沛憶,民主進步黨,1267,*
2024年區域立委選舉,2024,臺北市,萬華區,仁德里,臺北市第05選區,8,孫智麗,無黨籍及未經政黨推薦,25,
2024年區域立委選舉,2024,臺北市,萬華區,仁德里,臺北市第05選區,9,張華特,台灣麻將最大黨,5,
2024年區域立委選舉,2024,臺北市,萬華區,仁德里,臺北市第05選區,10,李慧曦,司法改革黨,19,
2024年區域立委選舉,2024,臺北市,萬華區,富福里,臺北市第05選區,1,鍾小平,中國國民黨,794,
2024年區域立委選舉,2024,臺北市,萬華區,富福里,臺北市第05選區,2,陳燕玉,無黨籍及未經政黨推薦,2,
2024年區域立委選舉,2024,臺北市,萬華區,富福里,臺北市第05選區,3,許敬民,合一行動聯盟,1,
2024年區域立委選舉,2024,臺北市,萬華區,富福里,臺北市第05選區,4,林志成,無黨籍及未經政黨推薦,2,
2024年區域立委選舉,2024,臺北市,萬華區,富福里,臺北市第05選區,5,于美人,無黨籍及未經政黨推薦,670,
2024年區域立委選舉,2024,臺北市,萬華區,富福里,臺北市第05選區,6,蘇諍,經濟黨,11,
2024年區域立委選舉,2024,臺北市,萬華區,富福里,臺北市第05選區,7,吳沛憶,民主進步黨,1366,*
2024年區域立委選舉,2024,臺北市,萬華區,富福里,臺北市第05選區,8,孫智麗,無黨籍及未經政黨推薦,16,
2024年區域立委選舉,2024,臺北市,萬華區,富福里,臺北市第05選區,9,張華特,台灣麻將最大黨,12,
2024年區域立委選舉,2024,臺北市,萬華區,富福里,臺北市第05選區,10,李慧曦,司法改革黨,23,
2024年區域立委選舉,2024,臺北市,萬華區,頂碩里,臺北市第05選區,1,鍾小平,中國國民黨,1070,
2024年區域立委選舉,2024,臺北市,萬華區,頂碩里,臺北市第05選區,2,陳燕玉,無黨籍及未經政黨推薦,2,
2024年區域立委選舉,2024,臺北市,萬華區,頂碩里,臺北市第05選區,3,許敬民,合一行動聯盟,1,
2024年區域立委選舉,2024,臺北市,萬華區,頂碩里,臺北市第05選區,4,林志成,無黨籍及未經政黨推薦,4,
2024年區域立委選舉,2024,臺北市,萬華區,頂碩里,臺北市第05選區,5,于美人,無黨籍及未經政黨推薦,1042,
2024年區域立委選舉,2024,臺北市,萬華區,頂碩里,臺北市第05選區,6,蘇諍,經濟黨,16,
2024年區域立委選舉,2024,臺北市,萬華區,頂碩里,臺北市第05選區,7,吳沛憶,民主進步黨,2020,*
2024年區域立委選舉,2024,臺北市,萬華區,頂碩里,臺北市第05選區,8,孫智麗,無黨籍及未經政黨推薦,32,
2024年區域立委選舉,2024,臺北市,萬華區,頂碩里,臺北市第05選區,9,張華特,台灣麻將最大黨,17,
2024年區域立委選舉,2024,臺北市,萬華區,頂碩里,臺北市第05選區,10,李慧曦,司法改革黨,64,
2024年區域立委選舉,2024,臺北市,萬華區,雙園里,臺北市第05選區,1,鍾小平,中國國民黨,805,
2024年區域立委選舉,2024,臺北市,萬華區,雙園里,臺北市第05選區,2,陳燕玉,無黨籍及未經政黨推薦,4,
2024年區域立委選舉,2024,臺北市,萬華區,雙園里,臺北市第05選區,3,許敬民,合一行動聯盟,4,
2024年區域立委選舉,2024,臺北市,萬華區,雙園里,臺北市第05選區,4,林志成,無黨籍及未經政黨推薦,3,
2024年區域立委選舉,2024,臺北市,萬華區,雙園里,臺北市第05選區,5,于美人,無黨籍及未經政黨推薦,741,
2024年區域立委選舉,2024,臺北市,萬華區,雙園里,臺北市第05選區,6,蘇諍,經濟黨,9,
2024年區域立委選舉,2024,臺北市,萬華區,雙園里,臺北市第05選區,7,吳沛憶,民主進步黨,1248,*
2024年區域立委選舉,2024,臺北市,萬華區,雙園里,臺北市第05選區,8,孫智麗,無黨籍及未經政黨推薦,24,
2024年區域立委選舉,2024,臺北市,萬華區,雙園里,臺北市第05選區,9,張華特,台灣麻將最大黨,10,
2024年區域立委選舉,2024,臺北市,萬華區,雙園里,臺北市第05選區,10,李慧曦,司法改革黨,32,
2024年區域立委選舉,2024,臺北市,萬華區,新忠里,臺北市第05選區,1,鍾小平,中國國民黨,1175,
2024年區域立委選舉,2024,臺北市,萬華區,新忠里,臺北市第05選區,2,陳燕玉,無黨籍及未經政黨推薦,3,
2024年區域立委選舉,2024,臺北市,萬華區,新忠里,臺北市第05選區,3,許敬民,合一行動聯盟,2,
2024年區域立委選舉,2024,臺北市,萬華區,新忠里,臺北市第05選區,4,林志成,無黨籍及未經政黨推薦,3,
2024年區域立委選舉,2024,臺北市,萬華區,新忠里,臺北市第05選區,5,于美人,無黨籍及未經政黨推薦,427,
2024年區域立委選舉,2024,臺北市,萬華區,新忠里,臺北市第05選區,6,蘇諍,經濟黨,5,
2024年區域立委選舉,2024,臺北市,萬華區,新忠里,臺北市第05選區,7,吳沛憶,民主進步黨,421,*
2024年區域立委選舉,2024,臺北市,萬華區,新忠里,臺北市第05選區,8,孫智麗,無黨籍及未經政黨推薦,18,
2024年區域立委選舉,2024,臺北市,萬華區,新忠里,臺北市第05選區,9,張華特,台灣麻將最大黨,8,
2024年區域立委選舉,2024,臺北市,萬華區,新忠里,臺北市第05選區,10,李慧曦,司法改革黨,19,
2024年區域立委選舉,2024,臺北市,萬華區,新和里,臺北市第05選區,1,鍾小平,中國國民黨,2541,
2024年區域立委選舉,2024,臺北市,萬華區,新和里,臺北市第05選區,2,陳燕玉,無黨籍及未經政黨推薦,7,
2024年區域立委選舉,2024,臺北市,萬華區,新和里,臺北市第05選區,3,許敬民,合一行動聯盟,6,
2024年區域立委選舉,2024,臺北市,萬華區,新和里,臺北市第05選區,4,林志成,無黨籍及未經政黨推薦,3,
2024年區域立委選舉,2024,臺北市,萬華區,新和里,臺北市第05選區,5,于美人,無黨籍及未經政黨推薦,1346,
2024年區域立委選舉,2024,臺北市,萬華區,新和里,臺北市第05選區,6,蘇諍,經濟黨,4,
2024年區域立委選舉,2024,臺北市,萬華區,新和里,臺北市第05選區,7,吳沛憶,民主進步黨,1164,*
2024年區域立委選舉,2024,臺北市,萬華區,新和里,臺北市第05選區,8,孫智麗,無黨籍及未經政黨推薦,26,
2024年區域立委選舉,2024,臺北市,萬華區,新和里,臺北市第05選區,9,張華特,台灣麻將最大黨,22,
2024年區域立委選舉,2024,臺北市,萬華區,新和里,臺北市第05選區,10,李慧曦,司法改革黨,57,
2024年區域立委選舉,2024,臺北市,萬華區,糖廍里,臺北市第05選區,1,鍾小平,中國國民黨,999,
2024年區域立委選舉,2024,臺北市,萬華區,糖廍里,臺北市第05選區,2,陳燕玉,無黨籍及未經政黨推薦,5,
2024年區域立委選舉,2024,臺北市,萬華區,糖廍里,臺北市第05選區,3,許敬民,合一行動聯盟,4,
2024年區域立委選舉,2024,臺北市,萬華區,糖廍里,臺北市第05選區,4,林志成,無黨籍及未經政黨推薦,7,
2024年區域立委選舉,2024,臺北市,萬華區,糖廍里,臺北市第05選區,5,于美人,無黨籍及未經政黨推薦,689,
2024年區域立委選舉,2024,臺北市,萬華區,糖廍里,臺北市第05選區,6,蘇諍,經濟黨,7,
2024年區域立委選舉,2024,臺北市,萬華區,糖廍里,臺北市第05選區,7,吳沛憶,民主進步黨,1519,*
2024年區域立委選舉,2024,臺北市,萬華區,糖廍里,臺北市第05選區,8,孫智麗,無黨籍及未經政黨推薦,14,
2024年區域立委選舉,2024,臺北市,萬華區,糖廍里,臺北市第05選區,9,張華特,台灣麻將最大黨,11,
2024年區域立委選舉,2024,臺北市,萬華區,糖廍里,臺北市第05選區,10,李慧曦,司法改革黨,31,
2024年區域立委選舉,2024,臺北市,萬華區,和平里,臺北市第05選區,1,鍾小平,中國國民黨,957,
2024年區域立委選舉,2024,臺北市,萬華區,和平里,臺北市第05選區,2,陳燕玉,無黨籍及未經政黨推薦,3,
2024年區域立委選舉,2024,臺北市,萬華區,和平里,臺北市第05選區,3,許敬民,合一行動聯盟,3,
2024年區域立委選舉,2024,臺北市,萬華區,和平里,臺北市第05選區,4,林志成,無黨籍及未經政黨推薦,5,
2024年區域立委選舉,2024,臺北市,萬華區,和平里,臺北市第05選區,5,于美人,無黨籍及未經政黨推薦,961,
2024年區域立委選舉,2024,臺北市,萬華區,和平里,臺北市第05選區,6,蘇諍,經濟黨,10,
2024年區域立委選舉,2024,臺北市,萬華區,和平里,臺北市第05選區,7,吳沛憶,民主進步黨,1898,*
2024年區域立委選舉,2024,臺北市,萬華區,和平里,臺北市第05選區,8,孫智麗,無黨籍及未經政黨推薦,27,
2024年區域立委選舉,2024,臺北市,萬華區,和平里,臺北市第05選區,9,張華特,台灣麻將最大黨,15,
2024年區域立委選舉,2024,臺北市,萬華區,和平里,臺北市第05選區,10,李慧曦,司法改革黨,30,
2024年區域立委選舉,2024,臺北市,萬華區,綠堤里,臺北市第05選區,1,鍾小平,中國國民黨,934,
2024年區域立委選舉,2024,臺北市,萬華區,綠堤里,臺北市第05選區,2,陳燕玉,無黨籍及未經政黨推薦,1,
2024年區域立委選舉,2024,臺北市,萬華區,綠堤里,臺北市第05選區,3,許敬民,合一行動聯盟,7,
2024年區域立委選舉,2024,臺北市,萬華區,綠堤里,臺北市第05選區,4,林志成,無黨籍及未經政黨推薦,1,
2024年區域立委選舉,2024,臺北市,萬華區,綠堤里,臺北市第05選區,5,于美人,無黨籍及未經政黨推薦,524,
2024年區域立委選舉,2024,臺北市,萬華區,綠堤里,臺北市第05選區,6,蘇諍,經濟黨,9,
2024年區域立委選舉,2024,臺北市,萬華區,綠堤里,臺北市第05選區,7,吳沛憶,民主進步黨,909,*
2024年區域立委選舉,2024,臺北市,萬華區,綠堤里,臺北市第05選區,8,孫智麗,無黨籍及未經政黨推薦,18,
2024年區域立委選舉,2024,臺北市,萬華區,綠堤里,臺北市第05選區,9,張華特,台灣麻將最大黨,10,
2024年區域立委選舉,2024,臺北市,萬華區,綠堤里,臺北市第05選區,10,李慧曦,司法改革黨,9,
2024年區域立委選舉,2024,臺北市,萬華區,華江里,臺北市第05選區,1,鍾小平,中國國民黨,1377,
2024年區域立委選舉,2024,臺北市,萬華區,華江里,臺北市第05選區,2,陳燕玉,無黨籍及未經政黨推薦,5,
2024年區域立委選舉,2024,臺北市,萬華區,華江里,臺北市第05選區,3,許敬民,合一行動聯盟,6,
2024年區域立委選舉,2024,臺北市,萬華區,華江里,臺北市第05選區,4,林志成,無黨籍及未經政黨推薦,1,
2024年區域立委選舉,2024,臺北市,萬華區,華江里,臺北市第05選區,5,于美人,無黨籍及未經政黨推薦,1295,
2024年區域立委選舉,2024,臺北市,萬華區,華江里,臺北市第05選區,6,蘇諍,經濟黨,13,
2024年區域立委選舉,2024,臺北市,萬華區,華江里,臺北市第05選區,7,吳沛憶,民主進步黨,2141,*
2024年區域立委選舉,2024,臺北市,萬華區,華江里,臺北市第05選區,8,孫智麗,無黨籍及未經政黨推薦,35,
2024年區域立委選舉,2024,臺北市,萬華區,華江里,臺北市第05選區,9,張華特,台灣麻將最大黨,18,
2024年區域立委選舉,2024,臺北市,萬華區,華江里,臺北市第05選區,10,李慧曦,司法改革黨,30,
2024年區域立委選舉,2024,臺北市,萬華區,柳鄉里,臺北市第05選區,1,鍾小平,中國國民黨,769,
2024年區域立委選舉,2024,臺北市,萬華區,柳鄉里,臺北市第05選區,2,陳燕玉,無黨籍及未經政黨推薦,5,
2024年區域立委選舉,2024,臺北市,萬華區,柳鄉里,臺北市第05選區,3,許敬民,合一行動聯盟,1,
2024年區域立委選舉,2024,臺北市,萬華區,柳鄉里,臺北市第05選區,4,林志成,無黨籍及未經政黨推薦,0,
2024年區域立委選舉,2024,臺北市,萬華區,柳鄉里,臺北市第05選區,5,于美人,無黨籍及未經政黨推薦,693,
2024年區域立委選舉,2024,臺北市,萬華區,柳鄉里,臺北市第05選區,6,蘇諍,經濟黨,7,
2024年區域立委選舉,2024,臺北市,萬華區,柳鄉里,臺北市第05選區,7,吳沛憶,民主進步黨,1356,*
2024年區域立委選舉,2024,臺北市,萬華區,柳鄉里,臺北市第05選區,8,孫智麗,無黨籍及未經政黨推薦,30,
2024年區域立委選舉,2024,臺北市,萬華區,柳鄉里,臺北市第05選區,9,張華特,台灣麻將最大黨,8,
2024年區域立委選舉,2024,臺北市,萬華區,柳鄉里,臺北市第05選區,10,李慧曦,司法改革黨,25,
2024年區域立委選舉,2024,臺北市,萬華區,日善里,臺北市第05選區,1,鍾小平,中國國民黨,580,
2024年區域立委選舉,2024,臺北市,萬華區,日善里,臺北市第05選區,2,陳燕玉,無黨籍及未經政黨推薦,1,
2024年區域立委選舉,2024,臺北市,萬華區,日善里,臺北市第05選區,3,許敬民,合一行動聯盟,0,
2024年區域立委選舉,2024,臺北市,萬華區,日善里,臺北市第05選區,4,林志成,無黨籍及未經政黨推薦,3,
2024年區域立委選舉,2024,臺北市,萬華區,日善里,臺北市第05選區,5,于美人,無黨籍及未經政黨推薦,562,
2024年區域立委選舉,2024,臺北市,萬華區,日善里,臺北市第05選區,6,蘇諍,經濟黨,4,
2024年區域立委選舉,2024,臺北市,萬華區,日善里,臺北市第05選區,7,吳沛憶,民主進步黨,965,*
2024年區域立委選舉,2024,臺北市,萬華區,日善里,臺北市第05選區,8,孫智麗,無黨籍及未經政黨推薦,16,
2024年區域立委選舉,2024,臺北市,萬華區,日善里,臺北市第05選區,9,張華特,台灣麻將最大黨,6,
2024年區域立委選舉,2024,臺北市,萬華區,日善里,臺北市第05選區,10,李慧曦,司法改革黨,21,
2024年區域立委選舉,2024,臺北市,萬華區,新安里,臺北市第05選區,1,鍾小平,中國國民黨,1383,
2024年區域立委選舉,2024,臺北市,萬華區,新安里,臺北市第05選區,2,陳燕玉,無黨籍及未經政黨推薦,5,
2024年區域立委選舉,2024,臺北市,萬華區,新安里,臺北市第05選區,3,許敬民,合一行動聯盟,5,
2024年區域立委選舉,2024,臺北市,萬華區,新安里,臺北市第05選區,4,林志成,無黨籍及未經政黨推薦,4,
2024年區域立委選舉,2024,臺北市,萬華區,新安里,臺北市第05選區,5,于美人,無黨籍及未經政黨推薦,757,
2024年區域立委選舉,2024,臺北市,萬華區,新安里,臺北市第05選區,6,蘇諍,經濟黨,5,
2024年區域立委選舉,2024,臺北市,萬華區,新安里,臺北市第05選區,7,吳沛憶,民主進步黨,1044,*
2024年區域立委選舉,2024,臺北市,萬華區,新安里,臺北市第05選區,8,孫智麗,無黨籍及未經政黨推薦,25,
2024年區域立委選舉,2024,臺北市,萬華區,新安里,臺北市第05選區,9,張華特,台灣麻將最大黨,21,
2024年區域立委選舉,2024,臺北市,萬華區,新安里,臺北市第05選區,10,李慧曦,司法改革黨,40,
2024年區域立委選舉,2024,臺北市,萬華區,忠德里,臺北市第05選區,1,鍾小平,中國國民黨,731,
2024年區域立委選舉,2024,臺北市,萬華區,忠德里,臺北市第05選區,2,陳燕玉,無黨籍及未經政黨推薦,4,
2024年區域立委選舉,2024,臺北市,萬華區,忠德里,臺北市第05選區,3,許敬民,合一行動聯盟,3,
2024年區域立委選舉,2024,臺北市,萬華區,忠德里,臺北市第05選區,4,林志成,無黨籍及未經政黨推薦,3,
2024年區域立委選舉,2024,臺北市,萬華區,忠德里,臺北市第05選區,5,于美人,無黨籍及未經政黨推薦,680,
2024年區域立委選舉,2024,臺北市,萬華區,忠德里,臺北市第05選區,6,蘇諍,經濟黨,6,
2024年區域立委選舉,2024,臺北市,萬華區,忠德里,臺北市第05選區,7,吳沛憶,民主進步黨,1225,*
2024年區域立委選舉,2024,臺北市,萬華區,忠德里,臺北市第05選區,8,孫智麗,無黨籍及未經政黨推薦,18,
2024年區域立委選舉,2024,臺北市,萬華區,忠德里,臺北市第05選區,9,張華特,台灣麻將最大黨,10,
2024年區域立委選舉,2024,臺北市,萬華區,忠德里,臺北市第05選區,10,李慧曦,司法改革黨,31,
2024年區域立委選舉,2024,臺北市,萬華區,孝德里,臺北市第05選區,1,鍾小平,中國國民黨,490,
2024年區域立委選舉,2024,臺北市,萬華區,孝德里,臺北市第05選區,2,陳燕玉,無黨籍及未經政黨推薦,4,
2024年區域立委選舉,2024,臺北市,萬華區,孝德里,臺北市第05選區,3,許敬民,合一行動聯盟,4,
2024年區域立委選舉,2024,臺北市,萬華區,孝德里,臺北市第05選區,4,林志成,無黨籍及未經政黨推薦,1,
2024年區域立委選舉,2024,臺北市,萬華區,孝德里,臺北市第05選區,5,于美人,無黨籍及未經政黨推薦,491,
2024年區域立委選舉,2024,臺北市,萬華區,孝德里,臺北市第05選區,6,蘇諍,經濟黨,6,
2024年區域立委選舉,2024,臺北市,萬華區,孝德里,臺北市第05選區,7,吳沛憶,民主進步黨,956,*
2024年區域立委選舉,2024,臺北市,萬華區,孝德里,臺北市第05選區,8,孫智麗,無黨籍及未經政黨推薦,10,
2024年區域立委選舉,2024,臺北市,萬華區,孝德里,臺北市第05選區,9,張華特,台灣麻將最大黨,5,
2024年區域立委選舉,2024,臺北市,萬華區,孝德里,臺北市第05選區,10,李慧曦,司法改革黨,13,
2024年區域立委選舉,2024,臺北市,萬華區,和德里,臺北市第05選區,1,鍾小平,中國國民黨,951,
2024年區域立委選舉,2024,臺北市,萬華區,和德里,臺北市第05選區,2,陳燕玉,無黨籍及未經政黨推薦,8,
2024年區域立委選舉,2024,臺北市,萬華區,和德里,臺北市第05選區,3,許敬民,合一行動聯盟,3,
2024年區域立委選舉,2024,臺北市,萬華區,和德里,臺北市第05選區,4,林志成,無黨籍及未經政黨推薦,5,
2024年區域立委選舉,2024,臺北市,萬華區,和德里,臺北市第05選區,5,于美人,無黨籍及未經政黨推薦,862,
2024年區域立委選舉,2024,臺北市,萬華區,和德里,臺北市第05選區,6,蘇諍,經濟黨,14,
2024年區域立委選舉,2024,臺北市,萬華區,和德里,臺北市第05選區,7,吳沛憶,民主進步黨,1633,*
2024年區域立委選舉,2024,臺北市,萬華區,和德里,臺北市第05選區,8,孫智麗,無黨籍及未經政黨推薦,22,
2024年區域立委選舉,2024,臺北市,萬華區,和德里,臺北市第05選區,9,張華特,台灣麻將最大黨,12,
2024年區域立委選舉,2024,臺北市,萬華區,和德里,臺北市第05選區,10,李慧曦,司法改革黨,17,
2024年區域立委選舉,2024,臺北市,萬華區,錦德里,臺北市第05選區,1,鍾小平,中國國民黨,862,
2024年區域立委選舉,2024,臺北市,萬華區,錦德里,臺北市第05選區,2,陳燕玉,無黨籍及未經政黨推薦,5,
2024年區域立委選舉,2024,臺北市,萬華區,錦德里,臺北市第05選區,3,許敬民,合一行動聯盟,2,
2024年區域立委選舉,2024,臺北市,萬華區,錦德里,臺北市第05選區,4,林志成,無黨籍及未經政黨推薦,3,
2024年區域立委選舉,2024,臺北市,萬華區,錦德里,臺北市第05選區,5,于美人,無黨籍及未經政黨推薦,875,
2024年區域立委選舉,2024,臺北市,萬華區,錦德里,臺北市第05選區,6,蘇諍,經濟黨,5,
2024年區域立委選舉,2024,臺北市,萬華區,錦德里,臺北市第05選區,7,吳沛憶,民主進步黨,1471,*
2024年區域立委選舉,2024,臺北市,萬華區,錦德里,臺北市第05選區,8,孫智麗,無黨籍及未經政黨推薦,22,
2024年區域立委選舉,2024,臺北市,萬華區,錦德里,臺北市第05選區,9,張華特,台灣麻將最大黨,6,
2024年區域立委選舉,2024,臺北市,萬華區,錦德里,臺北市第05選區,10,李慧曦,司法改革黨,26,
2024年區域立委選舉,2024,臺北市,萬華區,全德里,臺北市第05選區,1,鍾小平,中國國民黨,775,
2024年區域立委選舉,2024,臺北市,萬華區,全德里,臺北市第05選區,2,陳燕玉,無黨籍及未經政黨推薦,2,
2024年區域立委選舉,2024,臺北市,萬華區,全德里,臺北市第05選區,3,許敬民,合一行動聯盟,4,
2024年區域立委選舉,2024,臺北市,萬華區,全德里,臺北市第05選區,4,林志成,無黨籍及未經政黨推薦,1,
2024年區域立委選舉,2024,臺北市,萬華區,全德里,臺北市第05選區,5,于美人,無黨籍及未經政黨推薦,595,
2024年區域立委選舉,2024,臺北市,萬華區,全德里,臺北市第05選區,6,蘇諍,經濟黨,6,
2024年區域立委選舉,2024,臺北市,萬華區,全德里,臺北市第05選區,7,吳沛憶,民主進步黨,1127,*
2024年區域立委選舉,2024,臺北市,萬華區,全德里,臺北市第05選區,8,孫智麗,無黨籍及未經政黨推薦,25,
2024年區域立委選舉,2024,臺北市,萬華區,全德里,臺北市第05選區,9,張華特,台灣麻將最大黨,10,
2024年區域立委選舉,2024,臺北市,萬華區,全德里,臺北市第05選區,10,李慧曦,司法改革黨,15,
2024年區域立委選舉,2024,臺北市,萬華區,保德里,臺北市第05選區,1,鍾小平,中國國民黨,594,
2024年區域立委選舉,2024,臺北市,萬華區,保德里,臺北市第05選區,2,陳燕玉,無黨籍及未經政黨推薦,3,
2024年區域立委選舉,2024,臺北市,萬華區,保德里,臺北市第05選區,3,許敬民,合一行動聯盟,1,
2024年區域立委選舉,2024,臺北市,萬華區,保德里,臺北市第05選區,4,林志成,無黨籍及未經政黨推薦,0,
2024年區域立委選舉,2024,臺北市,萬華區,保德里,臺北市第05選區,5,于美人,無黨籍及未經政黨推薦,454,
2024年區域立委選舉,2024,臺北市,萬華區,保德里,臺北市第05選區,6,蘇諍,經濟黨,5,
2024年區域立委選舉,2024,臺北市,萬華區,保德里,臺北市第05選區,7,吳沛憶,民主進步黨,853,*
2024年區域立委選舉,2024,臺北市,萬華區,保德里,臺北市第05選區,8,孫智麗,無黨籍及未經政黨推薦,19,
2024年區域立委選舉,2024,臺北市,萬華區,保德里,臺北市第05選區,9,張華特,台灣麻將最大黨,8,
2024年區域立委選舉,2024,臺北市,萬華區,保德里,臺北市第05選區,10,李慧曦,司法改革黨,20,
2024年區域立委選舉,2024,臺北市,萬華區,銘德里,臺北市第05選區,1,鍾小平,中國國民黨,776,
2024年區域立委選舉,2024,臺北市,萬華區,銘德里,臺北市第05選區,2,陳燕玉,無黨籍及未經政黨推薦,3,
2024年區域立委選舉,2024,臺北市,萬華區,銘德里,臺北市第05選區,3,許敬民,合一行動聯盟,5,
2024年區域立委選舉,2024,臺北市,萬華區,銘德里,臺北市第05選區,4,林志成,無黨籍及未經政黨推薦,1,
2024年區域立委選舉,2024,臺北市,萬華區,銘德里,臺北市第05選區,5,于美人,無黨籍及未經政黨推薦,690,
2024年區域立委選舉,2024,臺北市,萬華區,銘德里,臺北市第05選區,6,蘇諍,經濟黨,11,
2024年區域立委選舉,2024,臺北市,萬華區,銘德里,臺北市第05選區,7,吳沛憶,民主進步黨,1223,*
2024年區域立委選舉,2024,臺北市,萬華區,銘德里,臺北市第05選區,8,孫智麗,無黨籍及未經政黨推薦,21,
2024年區域立委選舉,2024,臺北市,萬華區,銘德里,臺北市第05選區,9,張華特,台灣麻將最大黨,9,
2024年區域立委選舉,2024,臺北市,萬華區,銘德里,臺北市第05選區,10,李慧曦,司法改革黨,22,
2024年區域立委選舉,2024,臺北市,萬華區,榮德里,臺北市第05選區,1,鍾小平,中國國民黨,630,
2024年區域立委選舉,2024,臺北市,萬華區,榮德里,臺北市第05選區,2,陳燕玉,無黨籍及未經政黨推薦,4,
2024年區域立委選舉,2024,臺北市,萬華區,榮德里,臺北市第05選區,3,許敬民,合一行動聯盟,2,
2024年區域立委選舉,2024,臺北市,萬華區,榮德里,臺北市第05選區,4,林志成,無黨籍及未經政黨推薦,3,
2024年區域立委選舉,2024,臺北市,萬華區,榮德里,臺北市第05選區,5,于美人,無黨籍及未經政黨推薦,502,
2024年區域立委選舉,2024,臺北市,萬華區,榮德里,臺北市第05選區,6,蘇諍,經濟黨,5,
2024年區域立委選舉,2024,臺北市,萬華區,榮德里,臺北市第05選區,7,吳沛憶,民主進步黨,930,*
2024年區域立委選舉,2024,臺北市,萬華區,榮德里,臺北市第05選區,8,孫智麗,無黨籍及未經政黨推薦,20,
2024年區域立委選舉,2024,臺北市,萬華區,榮德里,臺北市第05選區,9,張華特,台灣麻將最大黨,6,
2024年區域立委選舉,2024,臺北市,萬華區,榮德里,臺北市第05選區,10,李慧曦,司法改革黨,10,
2024年區域立委選舉,2024,臺北市,萬華區,壽德里,臺北市第05選區,1,鍾小平,中國國民黨,899,
2024年區域立委選舉,2024,臺北市,萬華區,壽德里,臺北市第05選區,2,陳燕玉,無黨籍及未經政黨推薦,2,
2024年區域立委選舉,2024,臺北市,萬華區,壽德里,臺北市第05選區,3,許敬民,合一行動聯盟,2,
2024年區域立委選舉,2024,臺北市,萬華區,壽德里,臺北市第05選區,4,林志成,無黨籍及未經政黨推薦,4,
2024年區域立委選舉,2024,臺北市,萬華區,壽德里,臺北市第05選區,5,于美人,無黨籍及未經政黨推薦,701,
2024年區域立委選舉,2024,臺北市,萬華區,壽德里,臺北市第05選區,6,蘇諍,經濟黨,9,
2024年區域立委選舉,2024,臺北市,萬華區,壽德里,臺北市第05選區,7,吳沛憶,民主進步黨,1255,*
2024年區域立委選舉,2024,臺北市,萬華區,壽德里,臺北市第05選區,8,孫智麗,無黨籍及未經政黨推薦,18,
2024年區域立委選舉,2024,臺北市,萬華區,壽德里,臺北市第05選區,9,張華特,台灣麻將最大黨,8,
2024年區域立委選舉,2024,臺北市,萬華區,壽德里,臺北市第05選區,10,李慧曦,司法改革黨,25,
2024年區域立委選舉,2024,臺北市,萬華區,興德里,臺北市第05選區,1,鍾小平,中國國民黨,672,
2024年區域立委選舉,2024,臺北市,萬華區,興德里,臺北市第05選區,2,陳燕玉,無黨籍及未經政黨推薦,5,
2024年區域立委選舉,2024,臺北市,萬華區,興德里,臺北市第05選區,3,許敬民,合一行動聯盟,5,
2024年區域立委選舉,2024,臺北市,萬華區,興德里,臺北市第05選區,4,林志成,無黨籍及未經政黨推薦,3,
2024年區域立委選舉,2024,臺北市,萬華區,興德里,臺北市第05選區,5,于美人,無黨籍及未經政黨推薦,609,
2024年區域立委選舉,2024,臺北市,萬華區,興德里,臺北市第05選區,6,蘇諍,經濟黨,6,
2024年區域立委選舉,2024,臺北市,萬華區,興德里,臺北市第05選區,7,吳沛憶,民主進步黨,1208,*
2024年區域立委選舉,2024,臺北市,萬華區,興德里,臺北市第05選區,8,孫智麗,無黨籍及未經政黨推薦,19,
2024年區域立委選舉,2024,臺北市,萬華區,興德里,臺北市第05選區,9,張華特,台灣麻將最大黨,8,
2024年區域立委選舉,2024,臺北市,萬華區,興德里,臺北市第05選區,10,李慧曦,司法改革黨,32,
2024年區域立委選舉,2024,臺北市,萬華區,華中里,臺北市第05選區,1,鍾小平,中國國民黨,1008,
2024年區域立委選舉,2024,臺北市,萬華區,華中里,臺北市第05選區,2,陳燕玉,無黨籍及未經政黨推薦,5,
2024年區域立委選舉,2024,臺北市,萬華區,華中里,臺北市第05選區,3,許敬民,合一行動聯盟,4,
2024年區域立委選舉,2024,臺北市,萬華區,華中里,臺北市第05選區,4,林志成,無黨籍及未經政黨推薦,1,
2024年區域立委選舉,2024,臺北市,萬華區,華中里,臺北市第05選區,5,于美人,無黨籍及未經政黨推薦,916,
2024年區域立委選舉,2024,臺北市,萬華區,華中里,臺北市第05選區,6,蘇諍,經濟黨,13,
2024年區域立委選舉,2024,臺北市,萬華區,華中里,臺北市第05選區,7,吳沛憶,民主進步黨,1702,*
2024年區域立委選舉,2024,臺北市,萬華區,華中里,臺北市第05選區,8,孫智麗,無黨籍及未經政黨推薦,18,
2024年區域立委選舉,2024,臺北市,萬華區,華中里,臺北市第05選區,9,張華特,台灣麻將最大黨,12,
2024年區域立委選舉,2024,臺北市,萬華區,華中里,臺北市第05選區,10,李慧曦,司法改革黨,31,
2024年區域立委選舉,2024,臺北市,萬華區,日祥里,臺北市第05選區,1,鍾小平,中國國民黨,1515,
2024年區域立委選舉,2024,臺北市,萬華區,日祥里,臺北市第05選區,2,陳燕玉,無黨籍及未經政黨推薦,5,
2024年區域立委選舉,2024,臺北市,萬華區,日祥里,臺北市第05選區,3,許敬民,合一行動聯盟,4,
2024年區域立委選舉,2024,臺北市,萬華區,日祥里,臺北市第05選區,4,林志成,無黨籍及未經政黨推薦,2,
2024年區域立委選舉,2024,臺北市,萬華區,日祥里,臺北市第05選區,5,于美人,無黨籍及未經政黨推薦,883,
2024年區域立委選舉,2024,臺北市,萬華區,日祥里,臺北市第05選區,6,蘇諍,經濟黨,13,
2024年區域立委選舉,2024,臺北市,萬華區,日祥里,臺北市第05選區,7,吳沛憶,民主進步黨,1141,*
2024年區域立委選舉,2024,臺北市,萬華區,日祥里,臺北市第05選區,8,孫智麗,無黨籍及未經政黨推薦,28,
2024年區域立委選舉,2024,臺北市,萬華區,日祥里,臺北市第05選區,9,張華特,台灣麻將最大黨,19,
2024年區域立委選舉,2024,臺北市,萬華區,日祥里,臺北市第05選區,10,李慧曦,司法改革黨,30,
2024年區域立委選舉,2024,臺北市,萬華區,忠貞里,臺北市第05選區,1,鍾小平,中國國民黨,1486,
2024年區域立委選舉,2024,臺北市,萬華區,忠貞里,臺北市第05選區,2,陳燕玉,無黨籍及未經政黨推薦,5,
2024年區域立委選舉,2024,臺北市,萬華區,忠貞里,臺北市第05選區,3,許敬民,合一行動聯盟,4,
2024年區域立委選舉,2024,臺北市,萬華區,忠貞里,臺北市第05選區,4,林志成,無黨籍及未經政黨推薦,2,
2024年區域立委選舉,2024,臺北市,萬華區,忠貞里,臺北市第05選區,5,于美人,無黨籍及未經政黨推薦,605,
2024年區域立委選舉,2024,臺北市,萬華區,忠貞里,臺北市第05選區,6,蘇諍,經濟黨,12,
2024年區域立委選舉,2024,臺北市,萬華區,忠貞里,臺北市第05選區,7,吳沛憶,民主進步黨,751,*
2024年區域立委選舉,2024,臺北市,萬華區,忠貞里,臺北市第05選區,8,孫智麗,無黨籍及未經政黨推薦,15,
2024年區域立委選舉,2024,臺北市,萬華區,忠貞里,臺北市第05選區,9,張華特,台灣麻將最大黨,11,
2024年區域立委選舉,2024,臺北市,萬華區,忠貞里,臺北市第05選區,10,李慧曦,司法改革黨,33,
2024年區域立委選舉,2024,臺北市,萬華區,凌霄里,臺北市第05選區,1,鍾小平,中國國民黨,982,
2024年區域立委選舉,2024,臺北市,萬華區,凌霄里,臺北市第05選區,2,陳燕玉,無黨籍及未經政黨推薦,1,
2024年區域立委選舉,2024,臺北市,萬華區,凌霄里,臺北市第05選區,3,許敬民,合一行動聯盟,4,
2024年區域立委選舉,2024,臺北市,萬華區,凌霄里,臺北市第05選區,4,林志成,無黨籍及未經政黨推薦,2,
2024年區域立委選舉,2024,臺北市,萬華區,凌霄里,臺北市第05選區,5,于美人,無黨籍及未經政黨推薦,543,
2024年區域立委選舉,2024,臺北市,萬華區,凌霄里,臺北市第05選區,6,蘇諍,經濟黨,7,
2024年區域立委選舉,2024,臺北市,萬華區,凌霄里,臺北市第05選區,7,吳沛憶,民主進步黨,611,*
2024年區域立委選舉,2024,臺北市,萬華區,凌霄里,臺北市第05選區,8,孫智麗,無黨籍及未經政黨推薦,7,
2024年區域立委選舉,2024,臺北市,萬華區,凌霄里,臺北市第05選區,9,張華特,台灣麻將最大黨,10,
2024年區域立委選舉,2024,臺北市,萬華區,凌霄里,臺北市第05選區,10,李慧曦,司法改革黨,26,
2024年區域立委選舉,2024,臺北市,萬華區,騰雲里,臺北市第05選區,1,鍾小平,中國國民黨,822,
2024年區域立委選舉,2024,臺北市,萬華區,騰雲里,臺北市第05選區,2,陳燕玉,無黨籍及未經政黨推薦,3,
2024年區域立委選舉,2024,臺北市,萬華區,騰雲里,臺北市第05選區,3,許敬民,合一行動聯盟,1,
2024年區域立委選舉,2024,臺北市,萬華區,騰雲里,臺北市第05選區,4,林志成,無黨籍及未經政黨推薦,2,
2024年區域立委選舉,2024,臺北市,萬華區,騰雲里,臺北市第05選區,5,于美人,無黨籍及未經政黨推薦,461,
2024年區域立委選舉,2024,臺北市,萬華區,騰雲里,臺北市第05選區,6,蘇諍,經濟黨,3,
2024年區域立委選舉,2024,臺北市,萬華區,騰雲里,臺北市第05選區,7,吳沛憶,民主進步黨,599,*
2024年區域立委選舉,2024,臺北市,萬華區,騰雲里,臺北市第05選區,8,孫智麗,無黨籍及未經政黨推薦,21,
2024年區域立委選舉,2024,臺北市,萬華區,騰雲里,臺北市第05選區,9,張華特,台灣麻將最大黨,13,
2024年區域立委選舉,2024,臺北市,萬華區,騰雲里,臺北市第05選區,10,李慧曦,司法改革黨,15,
2024年區域立委選舉,2024,臺北市,文山區,景行里,臺北市第08選區,1,劉佩玲,台灣維新,19,
2024年區域立委選舉,2024,臺北市,文山區,景行里,臺北市第08選區,2,賴士葆,中國國民黨,1822,*
2024年區域立委選舉,2024,臺北市,文山區,景行里,臺北市第08選區,3,王閔生,民主進步黨,1783,
2024年區域立委選舉,2024,臺北市,文山區,景行里,臺北市第08選區,4,賴宣任,小民參政歐巴桑聯盟,160,
2024年區域立委選舉,2024,臺北市,文山區,景行里,臺北市第08選區,5,夏萬浪,無黨籍及未經政黨推薦,10,
2024年區域立委選舉,2024,臺北市,文山區,景行里,臺北市第08選區,6,張其祿,台灣民眾黨,776,
2024年區域立委選舉,2024,臺北市,文山區,景行里,臺北市第08選區,7,張維學,無黨籍及未經政黨推薦,1,
2024年區域立委選舉,2024,臺北市,文山區,景行里,臺北市第08選區,8,胡之壯,興中同盟會,3,
2024年區域立委選舉,2024,臺北市,文山區,景東里,臺北市第08選區,1,劉佩玲,台灣維新,29,
2024年區域立委選舉,2024,臺北市,文山區,景東里,臺北市第08選區,2,賴士葆,中國國民黨,2134,*
2024年區域立委選舉,2024,臺北市,文山區,景東里,臺北市第08選區,3,王閔生,民主進步黨,1262,
2024年區域立委選舉,2024,臺北市,文山區,景東里,臺北市第08選區,4,賴宣任,小民參政歐巴桑聯盟,127,
2024年區域立委選舉,2024,臺北市,文山區,景東里,臺北市第08選區,5,夏萬浪,無黨籍及未經政黨推薦,9,
2024年區域立委選舉,2024,臺北市,文山區,景東里,臺北市第08選區,6,張其祿,台灣民眾黨,669,
2024年區域立委選舉,2024,臺北市,文山區,景東里,臺北市第08選區,7,張維學,無黨籍及未經政黨推薦,2,
2024年區域立委選舉,2024,臺北市,文山區,景東里,臺北市第08選區,8,胡之壯,興中同盟會,4,
2024年區域立委選舉,2024,臺北市,文山區,景美里,臺北市第08選區,1,劉佩玲,台灣維新,20,
2024年區域立委選舉,2024,臺北市,文山區,景美里,臺北市第08選區,2,賴士葆,中國國民黨,1378,*
2024年區域立委選舉,2024,臺北市,文山區,景美里,臺北市第08選區,3,王閔生,民主進步黨,1110,
2024年區域立委選舉,2024,臺北市,文山區,景美里,臺北市第08選區,4,賴宣任,小民參政歐巴桑聯盟,103,
2024年區域立委選舉,2024,臺北市,文山區,景美里,臺北市第08選區,5,夏萬浪,無黨籍及未經政黨推薦,8,
2024年區域立委選舉,2024,臺北市,文山區,景美里,臺北市第08選區,6,張其祿,台灣民眾黨,427,
2024年區域立委選舉,2024,臺北市,文山區,景美里,臺北市第08選區,7,張維學,無黨籍及未經政黨推薦,3,
2024年區域立委選舉,2024,臺北市,文山區,景美里,臺北市第08選區,8,胡之壯,興中同盟會,5,
2024年區域立委選舉,2024,臺北市,文山區,景慶里,臺北市第08選區,1,劉佩玲,台灣維新,17,
2024年區域立委選舉,2024,臺北市,文山區,景慶里,臺北市第08選區,2,賴士葆,中國國民黨,1686,*
2024年區域立委選舉,2024,臺北市,文山區,景慶里,臺北市第08選區,3,王閔生,民主進步黨,1337,
2024年區域立委選舉,2024,臺北市,文山區,景慶里,臺北市第08選區,4,賴宣任,小民參政歐巴桑聯盟,131,
2024年區域立委選舉,2024,臺北市,文山區,景慶里,臺北市第08選區,5,夏萬浪,無黨籍及未經政黨推薦,9,
2024年區域立委選舉,2024,臺北市,文山區,景慶里,臺北市第08選區,6,張其祿,台灣民眾黨,570,
2024年區域立委選舉,2024,臺北市,文山區,景慶里,臺北市第08選區,7,張維學,無黨籍及未經政黨推薦,5,
2024年區域立委選舉,2024,臺北市,文山區,景慶里,臺北市第08選區,8,胡之壯,興中同盟會,2,
2024年區域立委選舉,2024,臺北市,文山區,景仁里,臺北市第08選區,1,劉佩玲,台灣維新,21,
2024年區域立委選舉,2024,臺北市,文山區,景仁里,臺北市第08選區,2,賴士葆,中國國民黨,1712,*
2024年區域立委選舉,2024,臺北市,文山區,景仁里,臺北市第08選區,3,王閔生,民主進步黨,1128,
2024年區域立委選舉,2024,臺北市,文山區,景仁里,臺北市第08選區,4,賴宣任,小民參政歐巴桑聯盟,135,
2024年區域立委選舉,2024,臺北市,文山區,景仁里,臺北市第08選區,5,夏萬浪,無黨籍及未經政黨推薦,5,
2024年區域立委選舉,2024,臺北市,文山區,景仁里,臺北市第08選區,6,張其祿,台灣民眾黨,485,
2024年區域立委選舉,2024,臺北市,文山區,景仁里,臺北市第08選區,7,張維學,無黨籍及未經政黨推薦,4,
2024年區域立委選舉,2024,臺北市,文山區,景仁里,臺北市第08選區,8,胡之壯,興中同盟會,4,
2024年區域立委選舉,2024,臺北市,文山區,景華里,臺北市第08選區,1,劉佩玲,台灣維新,17,
2024年區域立委選舉,2024,臺北市,文山區,景華里,臺北市第08選區,2,賴士葆,中國國民黨,1581,*
2024年區域立委選舉,2024,臺北市,文山區,景華里,臺北市第08選區,3,王閔生,民主進步黨,1146,
2024年區域立委選舉,2024,臺北市,文山區,景華里,臺北市第08選區,4,賴宣任,小民參政歐巴桑聯盟,110,
2024年區域立委選舉,2024,臺北市,文山區,景華里,臺北市第08選區,5,夏萬浪,無黨籍及未經政黨推薦,6,
2024年區域立委選舉,2024,臺北市,文山區,景華里,臺北市第08選區,6,張其祿,台灣民眾黨,516,
2024年區域立委選舉,2024,臺北市,文山區,景華里,臺北市第08選區,7,張維學,無黨籍及未經政黨推薦,2,
2024年區域立委選舉,2024,臺北市,文山區,景華里,臺北市第08選區,8,胡之壯,興中同盟會,2,
2024年區域立委選舉,2024,臺北市,文山區,萬有里,臺北市第08選區,1,劉佩玲,台灣維新,7,
2024年區域立委選舉,2024,臺北市,文山區,萬有里,臺北市第08選區,2,賴士葆,中國國民黨,1561,*
2024年區域立委選舉,2024,臺北市,文山區,萬有里,臺北市第08選區,3,王閔生,民主進步黨,1249,
2024年區域立委選舉,2024,臺北市,文山區,萬有里,臺北市第08選區,4,賴宣任,小民參政歐巴桑聯盟,96,
2024年區域立委選舉,2024,臺北市,文山區,萬有里,臺北市第08選區,5,夏萬浪,無黨籍及未經政黨推薦,16,
2024年區域立委選舉,2024,臺北市,文山區,萬有里,臺北市第08選區,6,張其祿,台灣民眾黨,487,
2024年區域立委選舉,2024,臺北市,文山區,萬有里,臺北市第08選區,7,張維學,無黨籍及未經政黨推薦,1,
2024年區域立委選舉,2024,臺北市,文山區,萬有里,臺北市第08選區,8,胡之壯,興中同盟會,2,
2024年區域立委選舉,2024,臺北市,文山區,萬祥里,臺北市第08選區,1,劉佩玲,台灣維新,14,
2024年區域立委選舉,2024,臺北市,文山區,萬祥里,臺北市第08選區,2,賴士葆,中國國民黨,1206,*
2024年區域立委選舉,2024,臺北市,文山區,萬祥里,臺北市第08選區,3,王閔生,民主進步黨,999,
2024年區域立委選舉,2024,臺北市,文山區,萬祥里,臺北市第08選區,4,賴宣任,小民參政歐巴桑聯盟,90,
2024年區域立委選舉,2024,臺北市,文山區,萬祥里,臺北市第08選區,5,夏萬浪,無黨籍及未經政黨推薦,4,
2024年區域立委選舉,2024,臺北市,文山區,萬祥里,臺北市第08選區,6,張其祿,台灣民眾黨,410,
2024年區域立委選舉,2024,臺北市,文山區,萬祥里,臺北市第08選區,7,張維學,無黨籍及未經政黨推薦,7,
2024年區域立委選舉,2024,臺北市,文山區,萬祥里,臺北市第08選區,8,胡之壯,興中同盟會,3,
2024年區域立委選舉,2024,臺北市,文山區,萬隆里,臺北市第08選區,1,劉佩玲,台灣維新,12,
2024年區域立委選舉,2024,臺北市,文山區,萬隆里,臺北市第08選區,2,賴士葆,中國國民黨,2147,*
2024年區域立委選舉,2024,臺北市,文山區,萬隆里,臺北市第08選區,3,王閔生,民主進步黨,1392,
2024年區域立委選舉,2024,臺北市,文山區,萬隆里,臺北市第08選區,4,賴宣任,小民參政歐巴桑聯盟,125,
2024年區域立委選舉,2024,臺北市,文山區,萬隆里,臺北市第08選區,5,夏萬浪,無黨籍及未經政黨推薦,12,
2024年區域立委選舉,2024,臺北市,文山區,萬隆里,臺北市第08選區,6,張其祿,台灣民眾黨,644,
2024年區域立委選舉,2024,臺北市,文山區,萬隆里,臺北市第08選區,7,張維學,無黨籍及未經政黨推薦,5,
2024年區域立委選舉,2024,臺北市,文山區,萬隆里,臺北市第08選區,8,胡之壯,興中同盟會,3,
2024年區域立委選舉,2024,臺北市,文山區,萬年里,臺北市第08選區,1,劉佩玲,台灣維新,26,
2024年區域立委選舉,2024,臺北市,文山區,萬年里,臺北市第08選區,2,賴士葆,中國國民黨,1430,*
2024年區域立委選舉,2024,臺北市,文山區,萬年里,臺北市第08選區,3,王閔生,民主進步黨,1145,
2024年區域立委選舉,2024,臺北市,文山區,萬年里,臺北市第08選區,4,賴宣任,小民參政歐巴桑聯盟,116,
2024年區域立委選舉,2024,臺北市,文山區,萬年里,臺北市第08選區,5,夏萬浪,無黨籍及未經政黨推薦,7,
2024年區域立委選舉,2024,臺北市,文山區,萬年里,臺北市第08選區,6,張其祿,台灣民眾黨,508,
2024年區域立委選舉,2024,臺北市,文山區,萬年里,臺北市第08選區,7,張維學,無黨籍及未經政黨推薦,3,
2024年區域立委選舉,2024,臺北市,文山區,萬年里,臺北市第08選區,8,胡之壯,興中同盟會,3,
2024年區域立委選舉,2024,臺北市,文山區,萬和里,臺北市第08選區,1,劉佩玲,台灣維新,12,
2024年區域立委選舉,2024,臺北市,文山區,萬和里,臺北市第08選區,2,賴士葆,中國國民黨,1218,*
2024年區域立委選舉,2024,臺北市,文山區,萬和里,臺北市第08選區,3,王閔生,民主進步黨,540,
2024年區域立委選舉,2024,臺北市,文山區,萬和里,臺北市第08選區,4,賴宣任,小民參政歐巴桑聯盟,64,
2024年區域立委選舉,2024,臺北市,文山區,萬和里,臺北市第08選區,5,夏萬浪,無黨籍及未經政黨推薦,3,
2024年區域立委選舉,2024,臺北市,文山區,萬和里,臺北市第08選區,6,張其祿,台灣民眾黨,295,
2024年區域立委選舉,2024,臺北市,文山區,萬和里,臺北市第08選區,7,張維學,無黨籍及未經政黨推薦,1,
2024年區域立委選舉,2024,臺北市,文山區,萬和里,臺北市第08選區,8,胡之壯,興中同盟會,2,
2024年區域立委選舉,2024,臺北市,文山區,萬盛里,臺北市第08選區,1,劉佩玲,台灣維新,14,
2024年區域立委選舉,2024,臺北市,文山區,萬盛里,臺北市第08選區,2,賴士葆,中國國民黨,1402,*
2024年區域立委選舉,2024,臺北市,文山區,萬盛里,臺北市第08選區,3,王閔生,民主進步黨,932,
2024年區域立委選舉,2024,臺北市,文山區,萬盛里,臺北市第08選區,4,賴宣任,小民參政歐巴桑聯盟,104,
2024年區域立委選舉,2024,臺北市,文山區,萬盛里,臺北市第08選區,5,夏萬浪,無黨籍及未經政黨推薦,10,
2024年區域立委選舉,2024,臺北市,文山區,萬盛里,臺北市第08選區,6,張其祿,台灣民眾黨,430,
2024年區域立委選舉,2024,臺北市,文山區,萬盛里,臺北市第08選區,7,張維學,無黨籍及未經政黨推薦,3,
2024年區域立委選舉,2024,臺北市,文山區,萬盛里,臺北市第08選區,8,胡之壯,興中同盟會,5,
2024年區域立委選舉,2024,臺北市,文山區,興豐里,臺北市第08選區,1,劉佩玲,台灣維新,8,
2024年區域立委選舉,2024,臺北市,文山區,興豐里,臺北市第08選區,2,賴士葆,中國國民黨,1435,*
2024年區域立委選舉,2024,臺北市,文山區,興豐里,臺北市第08選區,3,王閔生,民主進步黨,1039,
2024年區域立委選舉,2024,臺北市,文山區,興豐里,臺北市第08選區,4,賴宣任,小民參政歐巴桑聯盟,92,
2024年區域立委選舉,2024,臺北市,文山區,興豐里,臺北市第08選區,5,夏萬浪,無黨籍及未經政黨推薦,9,
2024年區域立委選舉,2024,臺北市,文山區,興豐里,臺北市第08選區,6,張其祿,台灣民眾黨,446,
2024年區域立委選舉,2024,臺北市,文山區,興豐里,臺北市第08選區,7,張維學,無黨籍及未經政黨推薦,2,
2024年區域立委選舉,2024,臺北市,文山區,興豐里,臺北市第08選區,8,胡之壯,興中同盟會,0,
2024年區域立委選舉,2024,臺北市,文山區,興光里,臺北市第08選區,1,劉佩玲,台灣維新,12,
2024年區域立委選舉,2024,臺北市,文山區,興光里,臺北市第08選區,2,賴士葆,中國國民黨,1099,*
2024年區域立委選舉,2024,臺北市,文山區,興光里,臺北市第08選區,3,王閔生,民主進步黨,750,
2024年區域立委選舉,2024,臺北市,文山區,興光里,臺北市第08選區,4,賴宣任,小民參政歐巴桑聯盟,73,
2024年區域立委選舉,2024,臺北市,文山區,興光里,臺北市第08選區,5,夏萬浪,無黨籍及未經政黨推薦,5,
2024年區域立委選舉,2024,臺北市,文山區,興光里,臺北市第08選區,6,張其祿,台灣民眾黨,420,
2024年區域立委選舉,2024,臺北市,文山區,興光里,臺北市第08選區,7,張維學,無黨籍及未經政黨推薦,4,
2024年區域立委選舉,2024,臺北市,文山區,興光里,臺北市第08選區,8,胡之壯,興中同盟會,2,
2024年區域立委選舉,2024,臺北市,文山區,興家里,臺北市第08選區,1,劉佩玲,台灣維新,25,
2024年區域立委選舉,2024,臺北市,文山區,興家里,臺北市第08選區,2,賴士葆,中國國民黨,2351,*
2024年區域立委選舉,2024,臺北市,文山區,興家里,臺北市第08選區,3,王閔生,民主進步黨,1283,
2024年區域立委選舉,2024,臺北市,文山區,興家里,臺北市第08選區,4,賴宣任,小民參政歐巴桑聯盟,166,
2024年區域立委選舉,2024,臺北市,文山區,興家里,臺北市第08選區,5,夏萬浪,無黨籍及未經政黨推薦,10,
2024年區域立委選舉,2024,臺北市,文山區,興家里,臺北市第08選區,6,張其祿,台灣民眾黨,693,
2024年區域立委選舉,2024,臺北市,文山區,興家里,臺北市第08選區,7,張維學,無黨籍及未經政黨推薦,5,
2024年區域立委選舉,2024,臺北市,文山區,興家里,臺北市第08選區,8,胡之壯,興中同盟會,2,
2024年區域立委選舉,2024,臺北市,文山區,興得里,臺北市第08選區,1,劉佩玲,台灣維新,24,
2024年區域立委選舉,2024,臺北市,文山區,興得里,臺北市第08選區,2,賴士葆,中國國民黨,1782,*
2024年區域立委選舉,2024,臺北市,文山區,興得里,臺北市第08選區,3,王閔生,民主進步黨,1146,
2024年區域立委選舉,2024,臺北市,文山區,興得里,臺北市第08選區,4,賴宣任,小民參政歐巴桑聯盟,116,
2024年區域立委選舉,2024,臺北市,文山區,興得里,臺北市第08選區,5,夏萬浪,無黨籍及未經政黨推薦,21,
2024年區域立委選舉,2024,臺北市,文山區,興得里,臺北市第08選區,6,張其祿,台灣民眾黨,634,
2024年區域立委選舉,2024,臺北市,文山區,興得里,臺北市第08選區,7,張維學,無黨籍及未經政黨推薦,2,
2024年區域立委選舉,2024,臺北市,文山區,興得里,臺北市第08選區,8,胡之壯,興中同盟會,3,
2024年區域立委選舉,2024,臺北市,文山區,興業里,臺北市第08選區,1,劉佩玲,台灣維新,16,
2024年區域立委選舉,2024,臺北市,文山區,興業里,臺北市第08選區,2,賴士葆,中國國民黨,1713,*
2024年區域立委選舉,2024,臺北市,文山區,興業里,臺北市第08選區,3,王閔生,民主進步黨,895,
2024年區域立委選舉,2024,臺北市,文山區,興業里,臺北市第08選區,4,賴宣任,小民參政歐巴桑聯盟,115,
2024年區域立委選舉,2024,臺北市,文山區,興業里,臺北市第08選區,5,夏萬浪,無黨籍及未經政黨推薦,7,
2024年區域立委選舉,2024,臺北市,文山區,興業里,臺北市第08選區,6,張其祿,台灣民眾黨,509,
2024年區域立委選舉,2024,臺北市,文山區,興業里,臺北市第08選區,7,張維學,無黨籍及未經政黨推薦,2,
2024年區域立委選舉,2024,臺北市,文山區,興業里,臺北市第08選區,8,胡之壯,興中同盟會,2,
2024年區域立委選舉,2024,臺北市,文山區,興安里,臺北市第08選區,1,劉佩玲,台灣維新,17,
2024年區域立委選舉,2024,臺北市,文山區,興安里,臺北市第08選區,2,賴士葆,中國國民黨,2123,*
2024年區域立委選舉,2024,臺北市,文山區,興安里,臺北市第08選區,3,王閔生,民主進步黨,1238,
2024年區域立委選舉,2024,臺北市,文山區,興安里,臺北市第08選區,4,賴宣任,小民參政歐巴桑聯盟,139,
2024年區域立委選舉,2024,臺北市,文山區,興安里,臺北市第08選區,5,夏萬浪,無黨籍及未經政黨推薦,8,
2024年區域立委選舉,2024,臺北市,文山區,興安里,臺北市第08選區,6,張其祿,台灣民眾黨,628,
2024年區域立委選舉,2024,臺北市,文山區,興安里,臺北市第08選區,7,張維學,無黨籍及未經政黨推薦,2,
2024年區域立委選舉,2024,臺北市,文山區,興安里,臺北市第08選區,8,胡之壯,興中同盟會,1,
2024年區域立委選舉,2024,臺北市,文山區,興福里,臺北市第08選區,1,劉佩玲,台灣維新,26,
2024年區域立委選舉,2024,臺北市,文山區,興福里,臺北市第08選區,2,賴士葆,中國國民黨,1499,*
2024年區域立委選舉,2024,臺北市,文山區,興福里,臺北市第08選區,3,王閔生,民主進步黨,1167,
2024年區域立委選舉,2024,臺北市,文山區,興福里,臺北市第08選區,4,賴宣任,小民參政歐巴桑聯盟,120,
2024年區域立委選舉,2024,臺北市,文山區,興福里,臺北市第08選區,5,夏萬浪,無黨籍及未經政黨推薦,14,
2024年區域立委選舉,2024,臺北市,文山區,興福里,臺北市第08選區,6,張其祿,台灣民眾黨,515,
2024年區域立委選舉,2024,臺北市,文山區,興福里,臺北市第08選區,7,張維學,無黨籍及未經政黨推薦,2,
2024年區域立委選舉,2024,臺北市,文山區,興福里,臺北市第08選區,8,胡之壯,興中同盟會,2,
2024年區域立委選舉,2024,臺北市,文山區,興旺里,臺北市第08選區,1,劉佩玲,台灣維新,35,
2024年區域立委選舉,2024,臺北市,文山區,興旺里,臺北市第08選區,2,賴士葆,中國國民黨,2511,*
2024年區域立委選舉,2024,臺北市,文山區,興旺里,臺北市第08選區,3,王閔生,民主進步黨,1398,
2024年區域立委選舉,2024,臺北市,文山區,興旺里,臺北市第08選區,4,賴宣任,小民參政歐巴桑聯盟,175,
2024年區域立委選舉,2024,臺北市,文山區,興旺里,臺北市第08選區,5,夏萬浪,無黨籍及未經政黨推薦,8,
2024年區域立委選舉,2024,臺北市,文山區,興旺里,臺北市第08選區,6,張其祿,台灣民眾黨,891,
2024年區域立委選舉,2024,臺北市,文山區,興旺里,臺北市第08選區,7,張維學,無黨籍及未經政黨推薦,4,
2024年區域立委選舉,2024,臺北市,文山區,興旺里,臺北市第08選區,8,胡之壯,興中同盟會,3,
2024年區域立委選舉,2024,臺北市,文山區,興泰里,臺北市第08選區,1,劉佩玲,台灣維新,11,
2024年區域立委選舉,2024,臺北市,文山區,興泰里,臺北市第08選區,2,賴士葆,中國國民黨,1220,*
2024年區域立委選舉,2024,臺北市,文山區,興泰里,臺北市第08選區,3,王閔生,民主進步黨,823,
2024年區域立委選舉,2024,臺北市,文山區,興泰里,臺北市第08選區,4,賴宣任,小民參政歐巴桑聯盟,96,
2024年區域立委選舉,2024,臺北市,文山區,興泰里,臺北市第08選區,5,夏萬浪,無黨籍及未經政黨推薦,6,
2024年區域立委選舉,2024,臺北市,文山區,興泰里,臺北市第08選區,6,張其祿,台灣民眾黨,453,
2024年區域立委選舉,2024,臺北市,文山區,興泰里,臺北市第08選區,7,張維學,無黨籍及未經政黨推薦,2,
2024年區域立委選舉,2024,臺北市,文山區,興泰里,臺北市第08選區,8,胡之壯,興中同盟會,0,
2024年區域立委選舉,2024,臺北市,文山區,興昌里,臺北市第08選區,1,劉佩玲,台灣維新,21,
2024年區域立委選舉,2024,臺北市,文山區,興昌里,臺北市第08選區,2,賴士葆,中國國民黨,1951,*
2024年區域立委選舉,2024,臺北市,文山區,興昌里,臺北市第08選區,3,王閔生,民主進步黨,1163,
2024年區域立委選舉,2024,臺北市,文山區,興昌里,臺北市第08選區,4,賴宣任,小民參政歐巴桑聯盟,118,
2024年區域立委選舉,2024,臺北市,文山區,興昌里,臺北市第08選區,5,夏萬浪,無黨籍及未經政黨推薦,11,
2024年區域立委選舉,2024,臺北市,文山區,興昌里,臺北市第08選區,6,張其祿,台灣民眾黨,604,
2024年區域立委選舉,2024,臺北市,文山區,興昌里,臺北市第08選區,7,張維學,無黨籍及未經政黨推薦,4,
2024年區域立委選舉,2024,臺北市,文山區,興昌里,臺北市第08選區,8,胡之壯,興中同盟會,0,
2024年區域立委選舉,2024,臺北市,文山區,試院里,臺北市第08選區,1,劉佩玲,台灣維新,28,
2024年區域立委選舉,2024,臺北市,文山區,試院里,臺北市第08選區,2,賴士葆,中國國民黨,2141,*
2024年區域立委選舉,2024,臺北市,文山區,試院里,臺北市第08選區,3,王閔生,民主進步黨,1260,
2024年區域立委選舉,2024,臺北市,文山區,試院里,臺北市第08選區,4,賴宣任,小民參政歐巴桑聯盟,142,
2024年區域立委選舉,2024,臺北市,文山區,試院里,臺北市第08選區,5,夏萬浪,無黨籍及未經政黨推薦,10,
2024年區域立委選舉,2024,臺北市,文山區,試院里,臺北市第08選區,6,張其祿,台灣民眾黨,686,
2024年區域立委選舉,2024,臺北市,文山區,試院里,臺北市第08選區,7,張維學,無黨籍及未經政黨推薦,5,
2024年區域立委選舉,2024,臺北市,文山區,試院里,臺北市第08選區,8,胡之壯,興中同盟會,6,
2024年區域立委選舉,2024,臺北市,文山區,華興里,臺北市第08選區,1,劉佩玲,台灣維新,46,
2024年區域立委選舉,2024,臺北市,文山區,華興里,臺北市第08選區,2,賴士葆,中國國民黨,2630,*
2024年區域立委選舉,2024,臺北市,文山區,華興里,臺北市第08選區,3,王閔生,民主進步黨,1742,
2024年區域立委選舉,2024,臺北市,文山區,華興里,臺北市第08選區,4,賴宣任,小民參政歐巴桑聯盟,155,
2024年區域立委選舉,2024,臺北市,文山區,華興里,臺北市第08選區,5,夏萬浪,無黨籍及未經政黨推薦,11,
2024年區域立委選舉,2024,臺北市,文山區,華興里,臺北市第08選區,6,張其祿,台灣民眾黨,798,
2024年區域立委選舉,2024,臺北市,文山區,華興里,臺北市第08選區,7,張維學,無黨籍及未經政黨推薦,8,
2024年區域立委選舉,2024,臺北市,文山區,華興里,臺北市第08選區,8,胡之壯,興中同盟會,2,
2024年區域立委選舉,2024,臺北市,文山區,明義里,臺北市第08選區,1,劉佩玲,台灣維新,34,
2024年區域立委選舉,2024,臺北市,文山區,明義里,臺北市第08選區,2,賴士葆,中國國民黨,1068,*
2024年區域立委選舉,2024,臺北市,文山區,明義里,臺北市第08選區,3,王閔生,民主進步黨,698,
2024年區域立委選舉,2024,臺北市,文山區,明義里,臺北市第08選區,4,賴宣任,小民參政歐巴桑聯盟,83,
2024年區域立委選舉,2024,臺北市,文山區,明義里,臺北市第08選區,5,夏萬浪,無黨籍及未經政黨推薦,3,
2024年區域立委選舉,2024,臺北市,文山區,明義里,臺北市第08選區,6,張其祿,台灣民眾黨,385,
2024年區域立委選舉,2024,臺北市,文山區,明義里,臺北市第08選區,7,張維學,無黨籍及未經政黨推薦,1,
2024年區域立委選舉,2024,臺北市,文山區,明義里,臺北市第08選區,8,胡之壯,興中同盟會,1,
2024年區域立委選舉,2024,臺北市,文山區,明興里,臺北市第08選區,1,劉佩玲,台灣維新,28,
2024年區域立委選舉,2024,臺北市,文山區,明興里,臺北市第08選區,2,賴士葆,中國國民黨,2035,*
2024年區域立委選舉,2024,臺北市,文山區,明興里,臺北市第08選區,3,王閔生,民主進步黨,1230,
2024年區域立委選舉,2024,臺北市,文山區,明興里,臺北市第08選區,4,賴宣任,小民參政歐巴桑聯盟,147,
2024年區域立委選舉,2024,臺北市,文山區,明興里,臺北市第08選區,5,夏萬浪,無黨籍及未經政黨推薦,8,
2024年區域立委選舉,2024,臺北市,文山區,明興里,臺北市第08選區,6,張其祿,台灣民眾黨,678,
2024年區域立委選舉,2024,臺北市,文山區,明興里,臺北市第08選區,7,張維學,無黨籍及未經政黨推薦,8,
2024年區域立委選舉,2024,臺北市,文山區,明興里,臺北市第08選區,8,胡之壯,興中同盟會,6,
2024年區域立委選舉,2024,臺北市,文山區,木柵里,臺北市第08選區,1,劉佩玲,台灣維新,30,
2024年區域立委選舉,2024,臺北市,文山區,木柵里,臺北市第08選區,2,賴士葆,中國國民黨,3125,*
2024年區域立委選舉,2024,臺北市,文山區,木柵里,臺北市第08選區,3,王閔生,民主進步黨,1682,
2024年區域立委選舉,2024,臺北市,文山區,木柵里,臺北市第08選區,4,賴宣任,小民參政歐巴桑聯盟,203,
2024年區域立委選舉,2024,臺北市,文山區,木柵里,臺北市第08選區,5,夏萬浪,無黨籍及未經政黨推薦,9,
2024年區域立委選舉,2024,臺北市,文山區,木柵里,臺北市第08選區,6,張其祿,台灣民眾黨,854,
2024年區域立委選舉,2024,臺北市,文山區,木柵里,臺北市第08選區,7,張維學,無黨籍及未經政黨推薦,5,
2024年區域立委選舉,2024,臺北市,文山區,木柵里,臺北市第08選區,8,胡之壯,興中同盟會,6,
2024年區域立委選舉,2024,臺北市,文山區,木新里,臺北市第08選區,1,劉佩玲,台灣維新,29,
2024年區域立委選舉,2024,臺北市,文山區,木新里,臺北市第08選區,2,賴士葆,中國國民黨,2405,*
2024年區域立委選舉,2024,臺北市,文山區,木新里,臺北市第08選區,3,王閔生,民主進步黨,2034,
2024年區域立委選舉,2024,臺北市,文山區,木新里,臺北市第08選區,4,賴宣任,小民參政歐巴桑聯盟,176,
2024年區域立委選舉,2024,臺北市,文山區,木新里,臺北市第08選區,5,夏萬浪,無黨籍及未經政黨推薦,10,
2024年區域立委選舉,2024,臺北市,文山區,木新里,臺北市第08選區,6,張其祿,台灣民眾黨,788,
2024年區域立委選舉,2024,臺北市,文山區,木新里,臺北市第08選區,7,張維學,無黨籍及未經政黨推薦,6,
2024年區域立委選舉,2024,臺北市,文山區,木新里,臺北市第08選區,8,胡之壯,興中同盟會,4,
2024年區域立委選舉,2024,臺北市,文山區,順興里,臺北市第08選區,1,劉佩玲,台灣維新,24,
2024年區域立委選舉,2024,臺北市,文山區,順興里,臺北市第08選區,2,賴士葆,中國國民黨,2046,*
2024年區域立委選舉,2024,臺北市,文山區,順興里,臺北市第08選區,3,王閔生,民主進步黨,1577,
2024年區域立委選舉,2024,臺北市,文山區,順興里,臺北市第08選區,4,賴宣任,小民參政歐巴桑聯盟,125,
2024年區域立委選舉,2024,臺北市,文山區,順興里,臺北市第08選區,5,夏萬浪,無黨籍及未經政黨推薦,9,
2024年區域立委選舉,2024,臺北市,文山區,順興里,臺北市第08選區,6,張其祿,台灣民眾黨,710,
2024年區域立委選舉,2024,臺北市,文山區,順興里,臺北市第08選區,7,張維學,無黨籍及未經政黨推薦,4,
2024年區域立委選舉,2024,臺北市,文山區,順興里,臺北市第08選區,8,胡之壯,興中同盟會,1,
2024年區域立委選舉,2024,臺北市,文山區,樟林里,臺北市第08選區,1,劉佩玲,台灣維新,21,
2024年區域立委選舉,2024,臺北市,文山區,樟林里,臺北市第08選區,2,賴士葆,中國國民黨,2468,*
2024年區域立委選舉,2024,臺北市,文山區,樟林里,臺北市第08選區,3,王閔生,民主進步黨,1573,
2024年區域立委選舉,2024,臺北市,文山區,樟林里,臺北市第08選區,4,賴宣任,小民參政歐巴桑聯盟,160,
2024年區域立委選舉,2024,臺北市,文山區,樟林里,臺北市第08選區,5,夏萬浪,無黨籍及未經政黨推薦,10,
2024年區域立委選舉,2024,臺北市,文山區,樟林里,臺北市第08選區,6,張其祿,台灣民眾黨,770,
2024年區域立委選舉,2024,臺北市,文山區,樟林里,臺北市第08選區,7,張維學,無黨籍及未經政黨推薦,5,
2024年區域立委選舉,2024,臺北市,文山區,樟林里,臺北市第08選區,8,胡之壯,興中同盟會,5,
2024年區域立委選舉,2024,臺北市,文山區,樟新里,臺北市第08選區,1,劉佩玲,台灣維新,25,
2024年區域立委選舉,2024,臺北市,文山區,樟新里,臺北市第08選區,2,賴士葆,中國國民黨,1604,*
2024年區域立委選舉,2024,臺北市,文山區,樟新里,臺北市第08選區,3,王閔生,民主進步黨,999,
2024年區域立委選舉,2024,臺北市,文山區,樟新里,臺北市第08選區,4,賴宣任,小民參政歐巴桑聯盟,120,
2024年區域立委選舉,2024,臺北市,文山區,樟新里,臺北市第08選區,5,夏萬浪,無黨籍及未經政黨推薦,4,
2024年區域立委選舉,2024,臺北市,文山區,樟新里,臺北市第08選區,6,張其祿,台灣民眾黨,538,
2024年區域立委選舉,2024,臺北市,文山區,樟新里,臺北市第08選區,7,張維學,無黨籍及未經政黨推薦,1,
2024年區域立委選舉,2024,臺北市,文山區,樟新里,臺北市第08選區,8,胡之壯,興中同盟會,2,
2024年區域立委選舉,2024,臺北市,文山區,樟腳里,臺北市第08選區,1,劉佩玲,台灣維新,16,
2024年區域立委選舉,2024,臺北市,文山區,樟腳里,臺北市第08選區,2,賴士葆,中國國民黨,1485,*
2024年區域立委選舉,2024,臺北市,文山區,樟腳里,臺北市第08選區,3,王閔生,民主進步黨,1165,
2024年區域立委選舉,2024,臺北市,文山區,樟腳里,臺北市第08選區,4,賴宣任,小民參政歐巴桑聯盟,88,
2024年區域立委選舉,2024,臺北市,文山區,樟腳里,臺北市第08選區,5,夏萬浪,無黨籍及未經政黨推薦,6,
2024年區域立委選舉,2024,臺北市,文山區,樟腳里,臺北市第08選區,6,張其祿,台灣民眾黨,523,
2024年區域立委選舉,2024,臺北市,文山區,樟腳里,臺北市第08選區,7,張維學,無黨籍及未經政黨推薦,4,
2024年區域立委選舉,2024,臺北市,文山區,樟腳里,臺北市第08選區,8,胡之壯,興中同盟會,1,
2024年區域立委選舉,2024,臺北市,文山區,萬芳里,臺北市第08選區,1,劉佩玲,台灣維新,24,
2024年區域立委選舉,2024,臺北市,文山區,萬芳里,臺北市第08選區,2,賴士葆,中國國民黨,2341,*
2024年區域立委選舉,2024,臺北市,文山區,萬芳里,臺北市第08選區,3,王閔生,民主進步黨,1377,
2024年區域立委選舉,2024,臺北市,文山區,萬芳里,臺北市第08選區,4,賴宣任,小民參政歐巴桑聯盟,192,
2024年區域立委選舉,2024,臺北市,文山區,萬芳里,臺北市第08選區,5,夏萬浪,無黨籍及未經政黨推薦,11,
2024年區域立委選舉,2024,臺北市,文山區,萬芳里,臺北市第08選區,6,張其祿,台灣民眾黨,740,
2024年區域立委選舉,2024,臺北市,文山區,萬芳里,臺北市第08選區,7,張維學,無黨籍及未經政黨推薦,7,
2024年區域立委選舉,2024,臺北市,文山區,萬芳里,臺北市第08選區,8,胡之壯,興中同盟會,3,
2024年區域立委選舉,2024,臺北市,文山區,博嘉里,臺北市第08選區,1,劉佩玲,台灣維新,20,
2024年區域立委選舉,2024,臺北市,文山區,博嘉里,臺北市第08選區,2,賴士葆,中國國民黨,1583,*
2024年區域立委選舉,2024,臺北市,文山區,博嘉里,臺北市第08選區,3,王閔生,民主進步黨,1241,
2024年區域立委選舉,2024,臺北市,文山區,博嘉里,臺北市第08選區,4,賴宣任,小民參政歐巴桑聯盟,110,
2024年區域立委選舉,2024,臺北市,文山區,博嘉里,臺北市第08選區,5,夏萬浪,無黨籍及未經政黨推薦,13,
2024年區域立委選舉,2024,臺北市,文山區,博嘉里,臺北市第08選區,6,張其祿,台灣民眾黨,474,
2024年區域立委選舉,2024,臺北市,文山區,博嘉里,臺北市第08選區,7,張維學,無黨籍及未經政黨推薦,5,
2024年區域立委選舉,2024,臺北市,文山區,博嘉里,臺北市第08選區,8,胡之壯,興中同盟會,2,
2024年區域立委選舉,2024,臺北市,文山區,萬興里,臺北市第08選區,1,劉佩玲,台灣維新,30,
2024年區域立委選舉,2024,臺北市,文山區,萬興里,臺北市第08選區,2,賴士葆,中國國民黨,2252,*
2024年區域立委選舉,2024,臺北市,文山區,萬興里,臺北市第08選區,3,王閔生,民主進步黨,1752,
2024年區域立委選舉,2024,臺北市,文山區,萬興里,臺北市第08選區,4,賴宣任,小民參政歐巴桑聯盟,158,
2024年區域立委選舉,2024,臺北市,文山區,萬興里,臺北市第08選區,5,夏萬浪,無黨籍及未經政黨推薦,12,
2024年區域立委選舉,2024,臺北市,文山區,萬興里,臺北市第08選區,6,張其祿,台灣民眾黨,788,
2024年區域立委選舉,2024,臺北市,文山區,萬興里,臺北市第08選區,7,張維學,無黨籍及未經政黨推薦,9,
2024年區域立委選舉,2024,臺北市,文山區,萬興里,臺北市第08選區,8,胡之壯,興中同盟會,5,
2024年區域立委選舉,2024,臺北市,文山區,指南里,臺北市第08選區,1,劉佩玲,台灣維新,12,
2024年區域立委選舉,2024,臺北市,文山區,指南里,臺北市第08選區,2,賴士葆,中國國民黨,999,*
2024年區域立委選舉,2024,臺北市,文山區,指南里,臺北市第08選區,3,王閔生,民主進步黨,941,
2024年區域立委選舉,2024,臺北市,文山區,指南里,臺北市第08選區,4,賴宣任,小民參政歐巴桑聯盟,98,
2024年區域立委選舉,2024,臺北市,文山區,指南里,臺北市第08選區,5,夏萬浪,無黨籍及未經政黨推薦,6,
2024年區域立委選舉,2024,臺北市,文山區,指南里,臺北市第08選區,6,張其祿,台灣民眾黨,388,
2024年區域立委選舉,2024,臺北市,文山區,指南里,臺北市第08選區,7,張維學,無黨籍及未經政黨推薦,2,
2024年區域立委選舉,2024,臺北市,文山區,指南里,臺北市第08選區,8,胡之壯,興中同盟會,2,
2024年區域立委選舉,2024,臺北市,文山區,老泉里,臺北市第08選區,1,劉佩玲,台灣維新,2,
2024年區域立委選舉,2024,臺北市,文山區,老泉里,臺北市第08選區,2,賴士葆,中國國民黨,178,*
2024年區域立委選舉,2024,臺北市,文山區,老泉里,臺北市第08選區,3,王閔生,民主進步黨,283,
2024年區域立委選舉,2024,臺北市,文山區,老泉里,臺北市第08選區,4,賴宣任,小民參政歐巴桑聯盟,11,
2024年區域立委選舉,2024,臺北市,文山區,老泉里,臺北市第08選區,5,夏萬浪,無黨籍及未經政黨推薦,0,
2024年區域立委選舉,2024,臺北市,文山區,老泉里,臺北市第08選區,6,張其祿,台灣民眾黨,48,
2024年區域立委選舉,2024,臺北市,文山區,老泉里,臺北市第08選區,7,張維學,無黨籍及未經政黨推薦,0,
2024年區域立委選舉,2024,臺北市,文山區,老泉里,臺北市第08選區,8,胡之壯,興中同盟會,0,
2024年區域立委選舉,2024,臺北市,文山區,忠順里,臺北市第08選區,1,劉佩玲,台灣維新,9,
2024年區域立委選舉,2024,臺北市,文山區,忠順里,臺北市第08選區,2,賴士葆,中國國民黨,1428,*
2024年區域立委選舉,2024,臺北市,文山區,忠順里,臺北市第08選區,3,王閔生,民主進步黨,777,
2024年區域立委選舉,2024,臺北市,文山區,忠順里,臺北市第08選區,4,賴宣任,小民參政歐巴桑聯盟,64,
2024年區域立委選舉,2024,臺北市,文山區,忠順里,臺北市第08選區,5,夏萬浪,無黨籍及未經政黨推薦,8,
2024年區域立委選舉,2024,臺北市,文山區,忠順里,臺北市第08選區,6,張其祿,台灣民眾黨,399,
2024年區域立委選舉,2024,臺北市,文山區,忠順里,臺北市第08選區,7,張維學,無黨籍及未經政黨推薦,3,
2024年區域立委選舉,2024,臺北市,文山區,忠順里,臺北市第08選區,8,胡之壯,興中同盟會,2,
2024年區域立委選舉,2024,臺北市,文山區,萬美里,臺北市第08選區,1,劉佩玲,台灣維新,27,
2024年區域立委選舉,2024,臺北市,文山區,萬美里,臺北市第08選區,2,賴士葆,中國國民黨,2075,*
2024年區域立委選舉,2024,臺北市,文山區,萬美里,臺北市第08選區,3,王閔生,民主進步黨,1281,
2024年區域立委選舉,2024,臺北市,文山區,萬美里,臺北市第08選區,4,賴宣任,小民參政歐巴桑聯盟,144,
2024年區域立委選舉,2024,臺北市,文山區,萬美里,臺北市第08選區,5,夏萬浪,無黨籍及未經政黨推薦,14,
2024年區域立委選舉,2024,臺北市,文山區,萬美里,臺北市第08選區,6,張其祿,台灣民眾黨,639,
2024年區域立委選舉,2024,臺北市,文山區,萬美里,臺北市第08選區,7,張維學,無黨籍及未經政黨推薦,2,
2024年區域立委選舉,2024,臺北市,文山區,萬美里,臺北市第08選區,8,胡之壯,興中同盟會,3,
2024年區域立委選舉,2024,臺北市,文山區,政大里,臺北市第08選區,1,劉佩玲,台灣維新,18,
2024年區域立委選舉,2024,臺北市,文山區,政大里,臺北市第08選區,2,賴士葆,中國國民黨,2146,*
2024年區域立委選舉,2024,臺北市,文山區,政大里,臺北市第08選區,3,王閔生,民主進步黨,1478,
2024年區域立委選舉,2024,臺北市,文山區,政大里,臺北市第08選區,4,賴宣任,小民參政歐巴桑聯盟,176,
2024年區域立委選舉,2024,臺北市,文山區,政大里,臺北市第08選區,5,夏萬浪,無黨籍及未經政黨推薦,19,
2024年區域立委選舉,2024,臺北市,文山區,政大里,臺北市第08選區,6,張其祿,台灣民眾黨,752,
2024年區域立委選舉,2024,臺北市,文山區,政大里,臺北市第08選區,7,張維學,無黨籍及未經政黨推薦,6,
2024年區域立委選舉,2024,臺北市,文山區,政大里,臺北市第08選區,8,胡之壯,興中同盟會,6,
2024年區域立委選舉,2024,臺北市,文山區,樟文里,臺北市第08選區,1,劉佩玲,台灣維新,26,
2024年區域立委選舉,2024,臺北市,文山區,樟文里,臺北市第08選區,2,賴士葆,中國國民黨,1711,*
2024年區域立委選舉,2024,臺北市,文山區,樟文里,臺北市第08選區,3,王閔生,民主進步黨,1321,
2024年區域立委選舉,2024,臺北市,文山區,樟文里,臺北市第08選區,4,賴宣任,小民參政歐巴桑聯盟,104,
2024年區域立委選舉,2024,臺北市,文山區,樟文里,臺北市第08選區,5,夏萬浪,無黨籍及未經政黨推薦,7,
2024年區域立委選舉,2024,臺北市,文山區,樟文里,臺北市第08選區,6,張其祿,台灣民眾黨,531,
2024年區域立委選舉,2024,臺北市,文山區,樟文里,臺北市第08選區,7,張維學,無黨籍及未經政黨推薦,8,
2024年區域立委選舉,2024,臺北市,文山區,樟文里,臺北市第08選區,8,胡之壯,興中同盟會,1,
2024年區域立委選舉,2024,臺北市,文山區,興邦里,臺北市第08選區,1,劉佩玲,台灣維新,18,
2024年區域立委選舉,2024,臺北市,文山區,興邦里,臺北市第08選區,2,賴士葆,中國國民黨,1696,*
2024年區域立委選舉,2024,臺北市,文山區,興邦里,臺北市第08選區,3,王閔生,民主進步黨,816,
2024年區域立委選舉,2024,臺北市,文山區,興邦里,臺北市第08選區,4,賴宣任,小民參政歐巴桑聯盟,82,
2024年區域立委選舉,2024,臺北市,文山區,興邦里,臺北市第08選區,5,夏萬浪,無黨籍及未經政黨推薦,7,
2024年區域立委選舉,2024,臺北市,文山區,興邦里,臺北市第08選區,6,張其祿,台灣民眾黨,496,
2024年區域立委選舉,2024,臺北市,文山區,興邦里,臺北市第08選區,7,張維學,無黨籍及未經政黨推薦,3,
2024年區域立委選舉,2024,臺北市,文山區,興邦里,臺北市第08選區,8,胡之壯,興中同盟會,5,
2024年區域立委選舉,2024,臺北市,文山區,樟樹里,臺北市第08選區,1,劉佩玲,台灣維新,19,
2024年區域立委選舉,2024,臺北市,文山區,樟樹里,臺北市第08選區,2,賴士葆,中國國民黨,1270,*
2024年區域立委選舉,2024,臺北市,文山區,樟樹里,臺北市第08選區,3,王閔生,民主進步黨,949,
2024年區域立委選舉,2024,臺北市,文山區,樟樹里,臺北市第08選區,4,賴宣任,小民參政歐巴桑聯盟,98,
2024年區域立委選舉,2024,臺北市,文山區,樟樹里,臺北市第08選區,5,夏萬浪,無黨籍及未經政黨推薦,8,
2024年區域立委選舉,2024,臺北市,文山區,樟樹里,臺北市第08選區,6,張其祿,台灣民眾黨,448,
2024年區域立委選舉,2024,臺北市,文山區,樟樹里,臺北市第08選區,7,張維學,無黨籍及未經政黨推薦,2,
2024年區域立委選舉,2024,臺北市,文山區,樟樹里,臺北市第08選區,8,胡之壯,興中同盟會,2,
2024年區域立委選舉,2024,臺北市,南港區,南港里,臺北市第04選區,1,李彥秀,中國國民黨,1659,*
2024年區域立委選舉,2024,臺北市,南港區,南港里,臺北市第04選區,2,吳欣岱,台灣基進,407,
2024年區域立委選舉,2024,臺北市,南港區,南港里,臺北市第04選區,3,高嘉瑜,民主進步黨,1418,
2024年區域立委選舉,2024,臺北市,南港區,南港里,臺北市第04選區,4,黃啟彬,制度救世島,4,
2024年區域立委選舉,2024,臺北市,南港區,南港里,臺北市第04選區,5,林秋彤,台灣整復師聯盟工黨,34,
2024年區域立委選舉,2024,臺北市,南港區,中南里,臺北市第04選區,1,李彥秀,中國國民黨,927,*
2024年區域立委選舉,2024,臺北市,南港區,中南里,臺北市第04選區,2,吳欣岱,台灣基進,225,
2024年區域立委選舉,2024,臺北市,南港區,中南里,臺北市第04選區,3,高嘉瑜,民主進步黨,907,
2024年區域立委選舉,2024,臺北市,南港區,中南里,臺北市第04選區,4,黃啟彬,制度救世島,7,
2024年區域立委選舉,2024,臺北市,南港區,中南里,臺北市第04選區,5,林秋彤,台灣整復師聯盟工黨,12,
2024年區域立委選舉,2024,臺北市,南港區,新富里,臺北市第04選區,1,李彥秀,中國國民黨,1062,*
2024年區域立委選舉,2024,臺北市,南港區,新富里,臺北市第04選區,2,吳欣岱,台灣基進,253,
2024年區域立委選舉,2024,臺北市,南港區,新富里,臺北市第04選區,3,高嘉瑜,民主進步黨,983,
2024年區域立委選舉,2024,臺北市,南港區,新富里,臺北市第04選區,4,黃啟彬,制度救世島,2,
2024年區域立委選舉,2024,臺北市,南港區,新富里,臺北市第04選區,5,林秋彤,台灣整復師聯盟工黨,22,
2024年區域立委選舉,2024,臺北市,南港區,三重里,臺北市第04選區,1,李彥秀,中國國民黨,2165,*
2024年區域立委選舉,2024,臺北市,南港區,三重里,臺北市第04選區,2,吳欣岱,台灣基進,498,
2024年區域立委選舉,2024,臺北市,南港區,三重里,臺北市第04選區,3,高嘉瑜,民主進步黨,1810,
2024年區域立委選舉,2024,臺北市,南港區,三重里,臺北市第04選區,4,黃啟彬,制度救世島,9,
2024年區域立委選舉,2024,臺北市,南港區,三重里,臺北市第04選區,5,林秋彤,台灣整復師聯盟工黨,41,
2024年區域立委選舉,2024,臺北市,南港區,東新里,臺北市第04選區,1,李彥秀,中國國民黨,1971,*
2024年區域立委選舉,2024,臺北市,南港區,東新里,臺北市第04選區,2,吳欣岱,台灣基進,419,
2024年區域立委選舉,2024,臺北市,南港區,東新里,臺北市第04選區,3,高嘉瑜,民主進步黨,1673,
2024年區域立委選舉,2024,臺北市,南港區,東新里,臺北市第04選區,4,黃啟彬,制度救世島,1,
2024年區域立委選舉,2024,臺北市,南港區,東新里,臺北市第04選區,5,林秋彤,台灣整復師聯盟工黨,34,
2024年區域立委選舉,2024,臺北市,南港區,新光里,臺北市第04選區,1,李彥秀,中國國民黨,1165,*
2024年區域立委選舉,2024,臺北市,南港區,新光里,臺北市第04選區,2,吳欣岱,台灣基進,232,
2024年區域立委選舉,2024,臺北市,南港區,新光里,臺北市第04選區,3,高嘉瑜,民主進步黨,840,
2024年區域立委選舉,2024,臺北市,南港區,新光里,臺北市第04選區,4,黃啟彬,制度救世島,3,
2024年區域立委選舉,2024,臺北市,南港區,新光里,臺北市第04選區,5,林秋彤,台灣整復師聯盟工黨,26,
2024年區域立委選舉,2024,臺北市,南港區,東明里,臺北市第04選區,1,李彥秀,中國國民黨,1684,*
2024年區域立委選舉,2024,臺北市,南港區,東明里,臺北市第04選區,2,吳欣岱,台灣基進,363,
2024年區域立委選舉,2024,臺北市,南港區,東明里,臺北市第04選區,3,高嘉瑜,民主進步黨,1281,
2024年區域立委選舉,2024,臺北市,南港區,東明里,臺北市第04選區,4,黃啟彬,制度救世島,12,
2024年區域立委選舉,2024,臺北市,南港區,東明里,臺北市第04選區,5,林秋彤,台灣整復師聯盟工黨,32,
2024年區域立委選舉,2024,臺北市,南港區,西新里,臺北市第04選區,1,李彥秀,中國國民黨,1096,*
2024年區域立委選舉,2024,臺北市,南港區,西新里,臺北市第04選區,2,吳欣岱,台灣基進,313,
2024年區域立委選舉,2024,臺北市,南港區,西新里,臺北市第04選區,3,高嘉瑜,民主進步黨,1363,
2024年區域立委選舉,2024,臺北市,南港區,西新里,臺北市第04選區,4,黃啟彬,制度救世島,2,
2024年區域立委選舉,2024,臺北市,南港區,西新里,臺北市第04選區,5,林秋彤,台灣整復師聯盟工黨,20,
2024年區域立委選舉,2024,臺北市,南港區,玉成里,臺北市第04選區,1,李彥秀,中國國民黨,1299,*
2024年區域立委選舉,2024,臺北市,南港區,玉成里,臺北市第04選區,2,吳欣岱,台灣基進,313,
2024年區域立委選舉,2024,臺北市,南港區,玉成里,臺北市第04選區,3,高嘉瑜,民主進步黨,1250,
2024年區域立委選舉,2024,臺北市,南港區,玉成里,臺北市第04選區,4,黃啟彬,制度救世島,10,
2024年區域立委選舉,2024,臺北市,南港區,玉成里,臺北市第04選區,5,林秋彤,台灣整復師聯盟工黨,24,
2024年區域立委選舉,2024,臺北市,南港區,合成里,臺北市第04選區,1,李彥秀,中國國民黨,1866,*
2024年區域立委選舉,2024,臺北市,南港區,合成里,臺北市第04選區,2,吳欣岱,台灣基進,426,
2024年區域立委選舉,2024,臺北市,南港區,合成里,臺北市第04選區,3,高嘉瑜,民主進步黨,1628,
2024年區域立委選舉,2024,臺北市,南港區,合成里,臺北市第04選區,4,黃啟彬,制度救世島,45,
2024年區域立委選舉,2024,臺北市,南港區,合成里,臺北市第04選區,5,林秋彤,台灣整復師聯盟工黨,40,
2024年區域立委選舉,2024,臺北市,南港區,成福里,臺北市第04選區,1,李彥秀,中國國民黨,2463,*
2024年區域立委選舉,2024,臺北市,南港區,成福里,臺北市第04選區,2,吳欣岱,台灣基進,411,
2024年區域立委選舉,2024,臺北市,南港區,成福里,臺北市第04選區,3,高嘉瑜,民主進步黨,1707,
2024年區域立委選舉,2024,臺北市,南港區,成福里,臺北市第04選區,4,黃啟彬,制度救世島,6,
2024年區域立委選舉,2024,臺北市,南港區,成福里,臺北市第04選區,5,林秋彤,台灣整復師聯盟工黨,56,
2024年區域立委選舉,2024,臺北市,南港區,萬福里,臺北市第04選區,1,李彥秀,中國國民黨,1462,*
2024年區域立委選舉,2024,臺北市,南港區,萬福里,臺北市第04選區,2,吳欣岱,台灣基進,242,
2024年區域立委選舉,2024,臺北市,南港區,萬福里,臺北市第04選區,3,高嘉瑜,民主進步黨,1036,
2024年區域立委選舉,2024,臺北市,南港區,萬福里,臺北市第04選區,4,黃啟彬,制度救世島,5,
2024年區域立委選舉,2024,臺北市,南港區,萬福里,臺北市第04選區,5,林秋彤,台灣整復師聯盟工黨,27,
2024年區域立委選舉,2024,臺北市,南港區,鴻福里,臺北市第04選區,1,李彥秀,中國國民黨,1368,*
2024年區域立委選舉,2024,臺北市,南港區,鴻福里,臺北市第04選區,2,吳欣岱,台灣基進,269,
2024年區域立委選舉,2024,臺北市,南港區,鴻福里,臺北市第04選區,3,高嘉瑜,民主進步黨,1123,
2024年區域立委選舉,2024,臺北市,南港區,鴻福里,臺北市第04選區,4,黃啟彬,制度救世島,3,
2024年區域立委選舉,2024,臺北市,南港區,鴻福里,臺北市第04選區,5,林秋彤,台灣整復師聯盟工黨,27,
2024年區域立委選舉,2024,臺北市,南港區,百福里,臺北市第04選區,1,李彥秀,中國國民黨,1491,*
2024年區域立委選舉,2024,臺北市,南港區,百福里,臺北市第04選區,2,吳欣岱,台灣基進,342,
2024年區域立委選舉,2024,臺北市,南港區,百福里,臺北市第04選區,3,高嘉瑜,民主進步黨,1295,
2024年區域立委選舉,2024,臺北市,南港區,百福里,臺北市第04選區,4,黃啟彬,制度救世島,5,
2024年區域立委選舉,2024,臺北市,南港區,百福里,臺北市第04選區,5,林秋彤,台灣整復師聯盟工黨,23,
2024年區域立委選舉,2024,臺北市,南港區,聯成里,臺北市第04選區,1,李彥秀,中國國民黨,1452,*
2024年區域立委選舉,2024,臺北市,南港區,聯成里,臺北市第04選區,2,吳欣岱,台灣基進,287,
2024年區域立委選舉,2024,臺北市,南港區,聯成里,臺北市第04選區,3,高嘉瑜,民主進步黨,1169,
2024年區域立委選舉,2024,臺北市,南港區,聯成里,臺北市第04選區,4,黃啟彬,制度救世島,11,
2024年區域立委選舉,2024,臺北市,南港區,聯成里,臺北市第04選區,5,林秋彤,台灣整復師聯盟工黨,32,
2024年區域立委選舉,2024,臺北市,南港區,舊莊里,臺北市第04選區,1,李彥秀,中國國民黨,2524,*
2024年區域立委選舉,2024,臺北市,南港區,舊莊里,臺北市第04選區,2,吳欣岱,台灣基進,514,
2024年區域立委選舉,2024,臺北市,南港區,舊莊里,臺北市第04選區,3,高嘉瑜,民主進步黨,2073,
2024年區域立委選舉,2024,臺北市,南港區,舊莊里,臺北市第04選區,4,黃啟彬,制度救世島,10,
2024年區域立委選舉,2024,臺北市,南港區,舊莊里,臺北市第04選區,5,林秋彤,台灣整復師聯盟工黨,40,
2024年區域立委選舉,2024,臺北市,南港區,中研里,臺北市第04選區,1,李彥秀,中國國民黨,2624,*
2024年區域立委選舉,2024,臺北市,南港區,中研里,臺北市第04選區,2,吳欣岱,台灣基進,582,
2024年區域立委選舉,2024,臺北市,南港區,中研里,臺北市第04選區,3,高嘉瑜,民主進步黨,2288,
2024年區域立委選舉,2024,臺北市,南港區,中研里,臺北市第04選區,4,黃啟彬,制度救世島,16,
2024年區域立委選舉,2024,臺北市,南港區,中研里,臺北市第04選區,5,林秋彤,台灣整復師聯盟工黨,48,
2024年區域立委選舉,2024,臺北市,南港區,九如里,臺北市第04選區,1,李彥秀,中國國民黨,2072,*
2024年區域立委選舉,2024,臺北市,南港區,九如里,臺北市第04選區,2,吳欣岱,台灣基進,350,
2024年區域立委選舉,2024,臺北市,南港區,九如里,臺北市第04選區,3,高嘉瑜,民主進步黨,1325,
2024年區域立委選舉,2024,臺北市,南港區,九如里,臺北市第04選區,4,黃啟彬,制度救世島,5,
2024年區域立委選舉,2024,臺北市,南港區,九如里,臺北市第04選區,5,林秋彤,台灣整復師聯盟工黨,31,
2024年區域立委選舉,2024,臺北市,南港區,仁福里,臺北市第04選區,1,李彥秀,中國國民黨,1923,*
2024年區域立委選舉,2024,臺北市,南港區,仁福里,臺北市第04選區,2,吳欣岱,台灣基進,360,
2024年區域立委選舉,2024,臺北市,南港區,仁福里,臺北市第04選區,3,高嘉瑜,民主進步黨,1171,
2024年區域立委選舉,2024,臺北市,南港區,仁福里,臺北市第04選區,4,黃啟彬,制度救世島,4,
2024年區域立委選舉,2024,臺北市,南港區,仁福里,臺北市第04選區,5,林秋彤,台灣整復師聯盟工黨,35,
2024年區域立委選舉,2024,臺北市,南港區,重陽里,臺北市第04選區,1,李彥秀,中國國民黨,1811,*
2024年區域立委選舉,2024,臺北市,南港區,重陽里,臺北市第04選區,2,吳欣岱,台灣基進,414,
2024年區域立委選舉,2024,臺北市,南港區,重陽里,臺北市第04選區,3,高嘉瑜,民主進步黨,1400,
2024年區域立委選舉,2024,臺北市,南港區,重陽里,臺北市第04選區,4,黃啟彬,制度救世島,2,
2024年區域立委選舉,2024,臺北市,南港區,重陽里,臺北市第04選區,5,林秋彤,台灣整復師聯盟工黨,38,
2024年區域立委選舉,2024,臺北市,內湖區,西湖里,臺北市第04選區,1,李彥秀,中國國民黨,1951,*
2024年區域立委選舉,2024,臺北市,內湖區,西湖里,臺北市第04選區,2,吳欣岱,台灣基進,560,
2024年區域立委選舉,2024,臺北市,內湖區,西湖里,臺北市第04選區,3,高嘉瑜,民主進步黨,1925,
2024年區域立委選舉,2024,臺北市,內湖區,西湖里,臺北市第04選區,4,黃啟彬,制度救世島,1,
2024年區域立委選舉,2024,臺北市,內湖區,西湖里,臺北市第04選區,5,林秋彤,台灣整復師聯盟工黨,27,
2024年區域立委選舉,2024,臺北市,內湖區,西康里,臺北市第04選區,1,李彥秀,中國國民黨,2904,*
2024年區域立委選舉,2024,臺北市,內湖區,西康里,臺北市第04選區,2,吳欣岱,台灣基進,646,
2024年區域立委選舉,2024,臺北市,內湖區,西康里,臺北市第04選區,3,高嘉瑜,民主進步黨,2317,
2024年區域立委選舉,2024,臺北市,內湖區,西康里,臺北市第04選區,4,黃啟彬,制度救世島,11,
2024年區域立委選舉,2024,臺北市,內湖區,西康里,臺北市第04選區,5,林秋彤,台灣整復師聯盟工黨,54,
2024年區域立委選舉,2024,臺北市,內湖區,西安里,臺北市第04選區,1,李彥秀,中國國民黨,2031,*
2024年區域立委選舉,2024,臺北市,內湖區,西安里,臺北市第04選區,2,吳欣岱,台灣基進,480,
2024年區域立委選舉,2024,臺北市,內湖區,西安里,臺北市第04選區,3,高嘉瑜,民主進步黨,1603,
2024年區域立委選舉,2024,臺北市,內湖區,西安里,臺北市第04選區,4,黃啟彬,制度救世島,12,
2024年區域立委選舉,2024,臺北市,內湖區,西安里,臺北市第04選區,5,林秋彤,台灣整復師聯盟工黨,27,
2024年區域立委選舉,2024,臺北市,內湖區,港墘里,臺北市第04選區,1,李彥秀,中國國民黨,1677,*
2024年區域立委選舉,2024,臺北市,內湖區,港墘里,臺北市第04選區,2,吳欣岱,台灣基進,427,
2024年區域立委選舉,2024,臺北市,內湖區,港墘里,臺北市第04選區,3,高嘉瑜,民主進步黨,1578,
2024年區域立委選舉,2024,臺北市,內湖區,港墘里,臺北市第04選區,4,黃啟彬,制度救世島,4,
2024年區域立委選舉,2024,臺北市,內湖區,港墘里,臺北市第04選區,5,林秋彤,台灣整復師聯盟工黨,29,
2024年區域立委選舉,2024,臺北市,內湖區,港都里,臺北市第04選區,1,李彥秀,中國國民黨,1408,*
2024年區域立委選舉,2024,臺北市,內湖區,港都里,臺北市第04選區,2,吳欣岱,台灣基進,405,
2024年區域立委選舉,2024,臺北市,內湖區,港都里,臺北市第04選區,3,高嘉瑜,民主進步黨,1468,
2024年區域立委選舉,2024,臺北市,內湖區,港都里,臺北市第04選區,4,黃啟彬,制度救世島,3,
2024年區域立委選舉,2024,臺北市,內湖區,港都里,臺北市第04選區,5,林秋彤,台灣整復師聯盟工黨,34,
2024年區域立委選舉,2024,臺北市,內湖區,港富里,臺北市第04選區,1,李彥秀,中國國民黨,2530,*
2024年區域立委選舉,2024,臺北市,內湖區,港富里,臺北市第04選區,2,吳欣岱,台灣基進,708,
2024年區域立委選舉,2024,臺北市,內湖區,港富里,臺北市第04選區,3,高嘉瑜,民主進步黨,2487,
2024年區域立委選舉,2024,臺北市,內湖區,港富里,臺北市第04選區,4,黃啟彬,制度救世島,11,
2024年區域立委選舉,2024,臺北市,內湖區,港富里,臺北市第04選區,5,林秋彤,台灣整復師聯盟工黨,40,
2024年區域立委選舉,2024,臺北市,內湖區,港華里,臺北市第04選區,1,李彥秀,中國國民黨,2441,*
2024年區域立委選舉,2024,臺北市,內湖區,港華里,臺北市第04選區,2,吳欣岱,台灣基進,652,
2024年區域立委選舉,2024,臺北市,內湖區,港華里,臺北市第04選區,3,高嘉瑜,民主進步黨,2375,
2024年區域立委選舉,2024,臺北市,內湖區,港華里,臺北市第04選區,4,黃啟彬,制度救世島,8,
2024年區域立委選舉,2024,臺北市,內湖區,港華里,臺北市第04選區,5,林秋彤,台灣整復師聯盟工黨,41,
2024年區域立委選舉,2024,臺北市,內湖區,內湖里,臺北市第04選區,1,李彥秀,中國國民黨,1986,*
2024年區域立委選舉,2024,臺北市,內湖區,內湖里,臺北市第04選區,2,吳欣岱,台灣基進,464,
2024年區域立委選舉,2024,臺北市,內湖區,內湖里,臺北市第04選區,3,高嘉瑜,民主進步黨,1519,
2024年區域立委選舉,2024,臺北市,內湖區,內湖里,臺北市第04選區,4,黃啟彬,制度救世島,8,
2024年區域立委選舉,2024,臺北市,內湖區,內湖里,臺北市第04選區,5,林秋彤,台灣整復師聯盟工黨,28,
2024年區域立委選舉,2024,臺北市,內湖區,湖濱里,臺北市第04選區,1,李彥秀,中國國民黨,2695,*
2024年區域立委選舉,2024,臺北市,內湖區,湖濱里,臺北市第04選區,2,吳欣岱,台灣基進,572,
2024年區域立委選舉,2024,臺北市,內湖區,湖濱里,臺北市第04選區,3,高嘉瑜,民主進步黨,1947,
2024年區域立委選舉,2024,臺北市,內湖區,湖濱里,臺北市第04選區,4,黃啟彬,制度救世島,5,
2024年區域立委選舉,2024,臺北市,內湖區,湖濱里,臺北市第04選區,5,林秋彤,台灣整復師聯盟工黨,48,
2024年區域立委選舉,2024,臺北市,內湖區,紫星里,臺北市第04選區,1,李彥秀,中國國民黨,2229,*
2024年區域立委選舉,2024,臺北市,內湖區,紫星里,臺北市第04選區,2,吳欣岱,台灣基進,641,
2024年區域立委選舉,2024,臺北市,內湖區,紫星里,臺北市第04選區,3,高嘉瑜,民主進步黨,2070,
2024年區域立委選舉,2024,臺北市,內湖區,紫星里,臺北市第04選區,4,黃啟彬,制度救世島,4,
2024年區域立委選舉,2024,臺北市,內湖區,紫星里,臺北市第04選區,5,林秋彤,台灣整復師聯盟工黨,41,
2024年區域立委選舉,2024,臺北市,內湖區,大湖里,臺北市第04選區,1,李彥秀,中國國民黨,1631,*
2024年區域立委選舉,2024,臺北市,內湖區,大湖里,臺北市第04選區,2,吳欣岱,台灣基進,382,
2024年區域立委選舉,2024,臺北市,內湖區,大湖里,臺北市第04選區,3,高嘉瑜,民主進步黨,1253,
2024年區域立委選舉,2024,臺北市,內湖區,大湖里,臺北市第04選區,4,黃啟彬,制度救世島,2,
2024年區域立委選舉,2024,臺北市,內湖區,大湖里,臺北市第04選區,5,林秋彤,台灣整復師聯盟工黨,27,
2024年區域立委選舉,2024,臺北市,內湖區,金龍里,臺北市第04選區,1,李彥秀,中國國民黨,1583,*
2024年區域立委選舉,2024,臺北市,內湖區,金龍里,臺北市第04選區,2,吳欣岱,台灣基進,383,
2024年區域立委選舉,2024,臺北市,內湖區,金龍里,臺北市第04選區,3,高嘉瑜,民主進步黨,1335,
2024年區域立委選舉,2024,臺北市,內湖區,金龍里,臺北市第04選區,4,黃啟彬,制度救世島,4,
2024年區域立委選舉,2024,臺北市,內湖區,金龍里,臺北市第04選區,5,林秋彤,台灣整復師聯盟工黨,29,
2024年區域立委選舉,2024,臺北市,內湖區,金瑞里,臺北市第04選區,1,李彥秀,中國國民黨,1913,*
2024年區域立委選舉,2024,臺北市,內湖區,金瑞里,臺北市第04選區,2,吳欣岱,台灣基進,481,
2024年區域立委選舉,2024,臺北市,內湖區,金瑞里,臺北市第04選區,3,高嘉瑜,民主進步黨,1743,
2024年區域立委選舉,2024,臺北市,內湖區,金瑞里,臺北市第04選區,4,黃啟彬,制度救世島,5,
2024年區域立委選舉,2024,臺北市,內湖區,金瑞里,臺北市第04選區,5,林秋彤,台灣整復師聯盟工黨,32,
2024年區域立委選舉,2024,臺北市,內湖區,碧山里,臺北市第04選區,1,李彥秀,中國國民黨,2085,*
2024年區域立委選舉,2024,臺北市,內湖區,碧山里,臺北市第04選區,2,吳欣岱,台灣基進,517,
2024年區域立委選舉,2024,臺北市,內湖區,碧山里,臺北市第04選區,3,高嘉瑜,民主進步黨,1702,
2024年區域立委選舉,2024,臺北市,內湖區,碧山里,臺北市第04選區,4,黃啟彬,制度救世島,10,
2024年區域立委選舉,2024,臺北市,內湖區,碧山里,臺北市第04選區,5,林秋彤,台灣整復師聯盟工黨,24,
2024年區域立委選舉,2024,臺北市,內湖區,紫雲里,臺北市第04選區,1,李彥秀,中國國民黨,1818,*
2024年區域立委選舉,2024,臺北市,內湖區,紫雲里,臺北市第04選區,2,吳欣岱,台灣基進,383,
2024年區域立委選舉,2024,臺北市,內湖區,紫雲里,臺北市第04選區,3,高嘉瑜,民主進步黨,1237,
2024年區域立委選舉,2024,臺北市,內湖區,紫雲里,臺北市第04選區,4,黃啟彬,制度救世島,3,
2024年區域立委選舉,2024,臺北市,內湖區,紫雲里,臺北市第04選區,5,林秋彤,台灣整復師聯盟工黨,28,
2024年區域立委選舉,2024,臺北市,內湖區,清白里,臺北市第04選區,1,李彥秀,中國國民黨,2631,*
2024年區域立委選舉,2024,臺北市,內湖區,清白里,臺北市第04選區,2,吳欣岱,台灣基進,621,
2024年區域立委選舉,2024,臺北市,內湖區,清白里,臺北市第04選區,3,高嘉瑜,民主進步黨,2028,
2024年區域立委選舉,2024,臺北市,內湖區,清白里,臺北市第04選區,4,黃啟彬,制度救世島,13,
2024年區域立委選舉,2024,臺北市,內湖區,清白里,臺北市第04選區,5,林秋彤,台灣整復師聯盟工黨,42,
2024年區域立委選舉,2024,臺北市,內湖區,葫洲里,臺北市第04選區,1,李彥秀,中國國民黨,2142,*
2024年區域立委選舉,2024,臺北市,內湖區,葫洲里,臺北市第04選區,2,吳欣岱,台灣基進,434,
2024年區域立委選舉,2024,臺北市,內湖區,葫洲里,臺北市第04選區,3,高嘉瑜,民主進步黨,1670,
2024年區域立委選舉,2024,臺北市,內湖區,葫洲里,臺北市第04選區,4,黃啟彬,制度救世島,7,
2024年區域立委選舉,2024,臺北市,內湖區,葫洲里,臺北市第04選區,5,林秋彤,台灣整復師聯盟工黨,41,
2024年區域立委選舉,2024,臺北市,內湖區,紫陽里,臺北市第04選區,1,李彥秀,中國國民黨,2469,*
2024年區域立委選舉,2024,臺北市,內湖區,紫陽里,臺北市第04選區,2,吳欣岱,台灣基進,613,
2024年區域立委選舉,2024,臺北市,內湖區,紫陽里,臺北市第04選區,3,高嘉瑜,民主進步黨,2108,
2024年區域立委選舉,2024,臺北市,內湖區,紫陽里,臺北市第04選區,4,黃啟彬,制度救世島,7,
2024年區域立委選舉,2024,臺北市,內湖區,紫陽里,臺北市第04選區,5,林秋彤,台灣整復師聯盟工黨,42,
2024年區域立委選舉,2024,臺北市,內湖區,瑞陽里,臺北市第04選區,1,李彥秀,中國國民黨,2708,*
2024年區域立委選舉,2024,臺北市,內湖區,瑞陽里,臺北市第04選區,2,吳欣岱,台灣基進,458,
2024年區域立委選舉,2024,臺北市,內湖區,瑞陽里,臺北市第04選區,3,高嘉瑜,民主進步黨,1689,
2024年區域立委選舉,2024,臺北市,內湖區,瑞陽里,臺北市第04選區,4,黃啟彬,制度救世島,8,
2024年區域立委選舉,2024,臺北市,內湖區,瑞陽里,臺北市第04選區,5,林秋彤,台灣整復師聯盟工黨,30,
2024年區域立委選舉,2024,臺北市,內湖區,瑞光里,臺北市第04選區,1,李彥秀,中國國民黨,1486,*
2024年區域立委選舉,2024,臺北市,內湖區,瑞光里,臺北市第04選區,2,吳欣岱,台灣基進,300,
2024年區域立委選舉,2024,臺北市,內湖區,瑞光里,臺北市第04選區,3,高嘉瑜,民主進步黨,996,
2024年區域立委選舉,2024,臺北市,內湖區,瑞光里,臺北市第04選區,4,黃啟彬,制度救世島,10,
2024年區域立委選舉,2024,臺北市,內湖區,瑞光里,臺北市第04選區,5,林秋彤,台灣整復師聯盟工黨,11,
2024年區域立委選舉,2024,臺北市,內湖區,五分里,臺北市第04選區,1,李彥秀,中國國民黨,2640,*
2024年區域立委選舉,2024,臺北市,內湖區,五分里,臺北市第04選區,2,吳欣岱,台灣基進,711,
2024年區域立委選舉,2024,臺北市,內湖區,五分里,臺北市第04選區,3,高嘉瑜,民主進步黨,2656,
2024年區域立委選舉,2024,臺北市,內湖區,五分里,臺北市第04選區,4,黃啟彬,制度救世島,10,
2024年區域立委選舉,2024,臺北市,內湖區,五分里,臺北市第04選區,5,林秋彤,台灣整復師聯盟工黨,41,
2024年區域立委選舉,2024,臺北市,內湖區,東湖里,臺北市第04選區,1,李彥秀,中國國民黨,2147,*
2024年區域立委選舉,2024,臺北市,內湖區,東湖里,臺北市第04選區,2,吳欣岱,台灣基進,553,
2024年區域立委選舉,2024,臺北市,內湖區,東湖里,臺北市第04選區,3,高嘉瑜,民主進步黨,2187,
2024年區域立委選舉,2024,臺北市,內湖區,東湖里,臺北市第04選區,4,黃啟彬,制度救世島,8,
2024年區域立委選舉,2024,臺北市,內湖區,東湖里,臺北市第04選區,5,林秋彤,台灣整復師聯盟工黨,36,
2024年區域立委選舉,2024,臺北市,內湖區,樂康里,臺北市第04選區,1,李彥秀,中國國民黨,1983,*
2024年區域立委選舉,2024,臺北市,內湖區,樂康里,臺北市第04選區,2,吳欣岱,台灣基進,536,
2024年區域立委選舉,2024,臺北市,內湖區,樂康里,臺北市第04選區,3,高嘉瑜,民主進步黨,2026,
2024年區域立委選舉,2024,臺北市,內湖區,樂康里,臺北市第04選區,4,黃啟彬,制度救世島,4,
2024年區域立委選舉,2024,臺北市,內湖區,樂康里,臺北市第04選區,5,林秋彤,台灣整復師聯盟工黨,37,
2024年區域立委選舉,2024,臺北市,內湖區,內溝里,臺北市第04選區,1,李彥秀,中國國民黨,1303,*
2024年區域立委選舉,2024,臺北市,內湖區,內溝里,臺北市第04選區,2,吳欣岱,台灣基進,308,
2024年區域立委選舉,2024,臺北市,內湖區,內溝里,臺北市第04選區,3,高嘉瑜,民主進步黨,1231,
2024年區域立委選舉,2024,臺北市,內湖區,內溝里,臺北市第04選區,4,黃啟彬,制度救世島,4,
2024年區域立委選舉,2024,臺北市,內湖區,內溝里,臺北市第04選區,5,林秋彤,台灣整復師聯盟工黨,27,
2024年區域立委選舉,2024,臺北市,內湖區,週美里,臺北市第04選區,1,李彥秀,中國國民黨,2607,*
2024年區域立委選舉,2024,臺北市,內湖區,週美里,臺北市第04選區,2,吳欣岱,台灣基進,606,
2024年區域立委選舉,2024,臺北市,內湖區,週美里,臺北市第04選區,3,高嘉瑜,民主進步黨,2314,
2024年區域立委選舉,2024,臺北市,內湖區,週美里,臺北市第04選區,4,黃啟彬,制度救世島,6,
2024年區域立委選舉,2024,臺北市,內湖區,週美里,臺北市第04選區,5,林秋彤,台灣整復師聯盟工黨,31,
2024年區域立委選舉,2024,臺北市,內湖區,行善里,臺北市第04選區,1,李彥秀,中國國民黨,2008,*
2024年區域立委選舉,2024,臺北市,內湖區,行善里,臺北市第04選區,2,吳欣岱,台灣基進,512,
2024年區域立委選舉,2024,臺北市,內湖區,行善里,臺北市第04選區,3,高嘉瑜,民主進步黨,1880,
2024年區域立委選舉,2024,臺北市,內湖區,行善里,臺北市第04選區,4,黃啟彬,制度救世島,9,
2024年區域立委選舉,2024,臺北市,內湖區,行善里,臺北市第04選區,5,林秋彤,台灣整復師聯盟工黨,37,
2024年區域立委選舉,2024,臺北市,內湖區,石潭里,臺北市第04選區,1,李彥秀,中國國民黨,1192,*
2024年區域立委選舉,2024,臺北市,內湖區,石潭里,臺北市第04選區,2,吳欣岱,台灣基進,287,
2024年區域立委選舉,2024,臺北市,內湖區,石潭里,臺北市第04選區,3,高嘉瑜,民主進步黨,953,
2024年區域立委選舉,2024,臺北市,內湖區,石潭里,臺北市第04選區,4,黃啟彬,制度救世島,9,
2024年區域立委選舉,2024,臺北市,內湖區,石潭里,臺北市第04選區,5,林秋彤,台灣整復師聯盟工黨,18,
2024年區域立委選舉,2024,臺北市,內湖區,湖興里,臺北市第04選區,1,李彥秀,中國國民黨,2085,*
2024年區域立委選舉,2024,臺北市,內湖區,湖興里,臺北市第04選區,2,吳欣岱,台灣基進,557,
2024年區域立委選舉,2024,臺北市,內湖區,湖興里,臺北市第04選區,3,高嘉瑜,民主進步黨,1824,
2024年區域立委選舉,2024,臺北市,內湖區,湖興里,臺北市第04選區,4,黃啟彬,制度救世島,7,
2024年區域立委選舉,2024,臺北市,內湖區,湖興里,臺北市第04選區,5,林秋彤,台灣整復師聯盟工黨,29,
2024年區域立委選舉,2024,臺北市,內湖區,湖元里,臺北市第04選區,1,李彥秀,中國國民黨,1654,*
2024年區域立委選舉,2024,臺北市,內湖區,湖元里,臺北市第04選區,2,吳欣岱,台灣基進,474,
2024年區域立委選舉,2024,臺北市,內湖區,湖元里,臺北市第04選區,3,高嘉瑜,民主進步黨,1708,
2024年區域立委選舉,2024,臺北市,內湖區,湖元里,臺北市第04選區,4,黃啟彬,制度救世島,8,
2024年區域立委選舉,2024,臺北市,內湖區,湖元里,臺北市第04選區,5,林秋彤,台灣整復師聯盟工黨,27,
2024年區域立委選舉,2024,臺北市,內湖區,安湖里,臺北市第04選區,1,李彥秀,中國國民黨,1989,*
2024年區域立委選舉,2024,臺北市,內湖區,安湖里,臺北市第04選區,2,吳欣岱,台灣基進,547,
2024年區域立委選舉,2024,臺北市,內湖區,安湖里,臺北市第04選區,3,高嘉瑜,民主進步黨,1984,
2024年區域立委選舉,2024,臺北市,內湖區,安湖里,臺北市第04選區,4,黃啟彬,制度救世島,9,
2024年區域立委選舉,2024,臺北市,內湖區,安湖里,臺北市第04選區,5,林秋彤,台灣整復師聯盟工黨,32,
2024年區域立委選舉,2024,臺北市,內湖區,秀湖里,臺北市第04選區,1,李彥秀,中國國民黨,2008,*
2024年區域立委選舉,2024,臺北市,內湖區,秀湖里,臺北市第04選區,2,吳欣岱,台灣基進,412,
2024年區域立委選舉,2024,臺北市,內湖區,秀湖里,臺北市第04選區,3,高嘉瑜,民主進步黨,1383,
2024年區域立委選舉,2024,臺北市,內湖區,秀湖里,臺北市第04選區,4,黃啟彬,制度救世島,2,
2024年區域立委選舉,2024,臺北市,內湖區,秀湖里,臺北市第04選區,5,林秋彤,台灣整復師聯盟工黨,35,
2024年區域立委選舉,2024,臺北市,內湖區,安泰里,臺北市第04選區,1,李彥秀,中國國民黨,1528,*
2024年區域立委選舉,2024,臺北市,內湖區,安泰里,臺北市第04選區,2,吳欣岱,台灣基進,343,
2024年區域立委選舉,2024,臺北市,內湖區,安泰里,臺北市第04選區,3,高嘉瑜,民主進步黨,1315,
2024年區域立委選舉,2024,臺北市,內湖區,安泰里,臺北市第04選區,4,黃啟彬,制度救世島,12,
2024年區域立委選舉,2024,臺北市,內湖區,安泰里,臺北市第04選區,5,林秋彤,台灣整復師聯盟工黨,19,
2024年區域立委選舉,2024,臺北市,內湖區,金湖里,臺北市第04選區,1,李彥秀,中國國民黨,2968,*
2024年區域立委選舉,2024,臺北市,內湖區,金湖里,臺北市第04選區,2,吳欣岱,台灣基進,664,
2024年區域立委選舉,2024,臺北市,內湖區,金湖里,臺北市第04選區,3,高嘉瑜,民主進步黨,2222,
2024年區域立委選舉,2024,臺北市,內湖區,金湖里,臺北市第04選區,4,黃啟彬,制度救世島,7,
2024年區域立委選舉,2024,臺北市,內湖區,金湖里,臺北市第04選區,5,林秋彤,台灣整復師聯盟工黨,45,
2024年區域立委選舉,2024,臺北市,內湖區,康寧里,臺北市第04選區,1,李彥秀,中國國民黨,2368,*
2024年區域立委選舉,2024,臺北市,內湖區,康寧里,臺北市第04選區,2,吳欣岱,台灣基進,608,
2024年區域立委選舉,2024,臺北市,內湖區,康寧里,臺北市第04選區,3,高嘉瑜,民主進步黨,1993,
2024年區域立委選舉,2024,臺北市,內湖區,康寧里,臺北市第04選區,4,黃啟彬,制度救世島,7,
2024年區域立委選舉,2024,臺北市,內湖區,康寧里,臺北市第04選區,5,林秋彤,台灣整復師聯盟工黨,33,
2024年區域立委選舉,2024,臺北市,內湖區,明湖里,臺北市第04選區,1,李彥秀,中國國民黨,1400,*
2024年區域立委選舉,2024,臺北市,內湖區,明湖里,臺北市第04選區,2,吳欣岱,台灣基進,377,
2024年區域立委選舉,2024,臺北市,內湖區,明湖里,臺北市第04選區,3,高嘉瑜,民主進步黨,1372,
2024年區域立委選舉,2024,臺北市,內湖區,明湖里,臺北市第04選區,4,黃啟彬,制度救世島,3,
2024年區域立委選舉,2024,臺北市,內湖區,明湖里,臺北市第04選區,5,林秋彤,台灣整復師聯盟工黨,18,
2024年區域立委選舉,2024,臺北市,內湖區,蘆洲里,臺北市第04選區,1,李彥秀,中國國民黨,325,*
2024年區域立委選舉,2024,臺北市,內湖區,蘆洲里,臺北市第04選區,2,吳欣岱,台灣基進,73,
2024年區域立委選舉,2024,臺北市,內湖區,蘆洲里,臺北市第04選區,3,高嘉瑜,民主進步黨,278,
2024年區域立委選舉,2024,臺北市,內湖區,蘆洲里,臺北市第04選區,4,黃啟彬,制度救世島,2,
2024年區域立委選舉,2024,臺北市,內湖區,蘆洲里,臺北市第04選區,5,林秋彤,台灣整復師聯盟工黨,7,
2024年區域立委選舉,2024,臺北市,內湖區,麗山里,臺北市第04選區,1,李彥秀,中國國民黨,1508,*
2024年區域立委選舉,2024,臺北市,內湖區,麗山里,臺北市第04選區,2,吳欣岱,台灣基進,448,
2024年區域立委選舉,2024,臺北市,內湖區,麗山里,臺北市第04選區,3,高嘉瑜,民主進步黨,1620,
2024年區域立委選舉,2024,臺北市,內湖區,麗山里,臺北市第04選區,4,黃啟彬,制度救世島,5,
2024年區域立委選舉,2024,臺北市,內湖區,麗山里,臺北市第04選區,5,林秋彤,台灣整復師聯盟工黨,18,
2024年區域立委選舉,2024,臺北市,內湖區,寶湖里,臺北市第04選區,1,李彥秀,中國國民黨,2995,*
2024年區域立委選舉,2024,臺北市,內湖區,寶湖里,臺北市第04選區,2,吳欣岱,台灣基進,662,
2024年區域立委選舉,2024,臺北市,內湖區,寶湖里,臺北市第04選區,3,高嘉瑜,民主進步黨,2162,
2024年區域立委選舉,2024,臺北市,內湖區,寶湖里,臺北市第04選區,4,黃啟彬,制度救世島,10,
2024年區域立委選舉,2024,臺北市,內湖區,寶湖里,臺北市第04選區,5,林秋彤,台灣整復師聯盟工黨,51,
2024年區域立委選舉,2024,臺北市,內湖區,南湖里,臺北市第04選區,1,李彥秀,中國國民黨,1633,*
2024年區域立委選舉,2024,臺北市,內湖區,南湖里,臺北市第04選區,2,吳欣岱,台灣基進,357,
2024年區域立委選舉,2024,臺北市,內湖區,南湖里,臺北市第04選區,3,高嘉瑜,民主進步黨,1343,
2024年區域立委選舉,2024,臺北市,內湖區,南湖里,臺北市第04選區,4,黃啟彬,制度救世島,2,
2024年區域立委選舉,2024,臺北市,內湖區,南湖里,臺北市第04選區,5,林秋彤,台灣整復師聯盟工黨,23,
2024年區域立委選舉,2024,臺北市,士林區,仁勇里,臺北市第02選區,1,熊嘉玲,制度救世島,6,
2024年區域立委選舉,2024,臺北市,士林區,仁勇里,臺北市第02選區,2,何梅娟,人民最大黨,23,
2024年區域立委選舉,2024,臺北市,士林區,仁勇里,臺北市第02選區,3,王世堅,民主進步黨,1401,*
2024年區域立委選舉,2024,臺北市,士林區,仁勇里,臺北市第02選區,4,郭啟源,中華統一促進黨,3,
2024年區域立委選舉,2024,臺北市,士林區,仁勇里,臺北市第02選區,5,游淑慧,中國國民黨,873,
2024年區域立委選舉,2024,臺北市,士林區,義信里,臺北市第02選區,1,熊嘉玲,制度救世島,8,
2024年區域立委選舉,2024,臺北市,士林區,義信里,臺北市第02選區,2,何梅娟,人民最大黨,17,
2024年區域立委選舉,2024,臺北市,士林區,義信里,臺北市第02選區,3,王世堅,民主進步黨,1007,*
2024年區域立委選舉,2024,臺北市,士林區,義信里,臺北市第02選區,4,郭啟源,中華統一促進黨,3,
2024年區域立委選舉,2024,臺北市,士林區,義信里,臺北市第02選區,5,游淑慧,中國國民黨,841,
2024年區域立委選舉,2024,臺北市,士林區,福林里,臺北市第02選區,1,熊嘉玲,制度救世島,11,
2024年區域立委選舉,2024,臺北市,士林區,福林里,臺北市第02選區,2,何梅娟,人民最大黨,13,
2024年區域立委選舉,2024,臺北市,士林區,福林里,臺北市第02選區,3,王世堅,民主進步黨,999,*
2024年區域立委選舉,2024,臺北市,士林區,福林里,臺北市第02選區,4,郭啟源,中華統一促進黨,5,
2024年區域立委選舉,2024,臺北市,士林區,福林里,臺北市第02選區,5,游淑慧,中國國民黨,777,
2024年區域立委選舉,2024,臺北市,士林區,福德里,臺北市第02選區,1,熊嘉玲,制度救世島,18,
2024年區域立委選舉,2024,臺北市,士林區,福德里,臺北市第02選區,2,何梅娟,人民最大黨,12,
2024年區域立委選舉,2024,臺北市,士林區,福德里,臺北市第02選區,3,王世堅,民主進步黨,1451,*
2024年區域立委選舉,2024,臺北市,士林區,福德里,臺北市第02選區,4,郭啟源,中華統一促進黨,4,
2024年區域立委選舉,2024,臺北市,士林區,福德里,臺北市第02選區,5,游淑慧,中國國民黨,1244,
2024年區域立委選舉,2024,臺北市,士林區,福志里,臺北市第02選區,1,熊嘉玲,制度救世島,22,
2024年區域立委選舉,2024,臺北市,士林區,福志里,臺北市第02選區,2,何梅娟,人民最大黨,25,
2024年區域立委選舉,2024,臺北市,士林區,福志里,臺北市第02選區,3,王世堅,民主進步黨,2393,*
2024年區域立委選舉,2024,臺北市,士林區,福志里,臺北市第02選區,4,郭啟源,中華統一促進黨,5,
2024年區域立委選舉,2024,臺北市,士林區,福志里,臺北市第02選區,5,游淑慧,中國國民黨,2167,
2024年區域立委選舉,2024,臺北市,士林區,舊佳里,臺北市第02選區,1,熊嘉玲,制度救世島,14,
2024年區域立委選舉,2024,臺北市,士林區,舊佳里,臺北市第02選區,2,何梅娟,人民最大黨,28,
2024年區域立委選舉,2024,臺北市,士林區,舊佳里,臺北市第02選區,3,王世堅,民主進步黨,2011,*
2024年區域立委選舉,2024,臺北市,士林區,舊佳里,臺北市第02選區,4,郭啟源,中華統一促進黨,4,
2024年區域立委選舉,2024,臺北市,士林區,舊佳里,臺北市第02選區,5,游淑慧,中國國民黨,1536,
2024年區域立委選舉,2024,臺北市,士林區,福佳里,臺北市第02選區,1,熊嘉玲,制度救世島,23,
2024年區域立委選舉,2024,臺北市,士林區,福佳里,臺北市第02選區,2,何梅娟,人民最大黨,49,
2024年區域立委選舉,2024,臺北市,士林區,福佳里,臺北市第02選區,3,王世堅,民主進步黨,2651,*
2024年區域立委選舉,2024,臺北市,士林區,福佳里,臺北市第02選區,4,郭啟源,中華統一促進黨,8,
2024年區域立委選舉,2024,臺北市,士林區,福佳里,臺北市第02選區,5,游淑慧,中國國民黨,1896,
2024年區域立委選舉,2024,臺北市,士林區,後港里,臺北市第02選區,1,熊嘉玲,制度救世島,26,
2024年區域立委選舉,2024,臺北市,士林區,後港里,臺北市第02選區,2,何梅娟,人民最大黨,38,
2024年區域立委選舉,2024,臺北市,士林區,後港里,臺北市第02選區,3,王世堅,民主進步黨,2833,*
2024年區域立委選舉,2024,臺北市,士林區,後港里,臺北市第02選區,4,郭啟源,中華統一促進黨,2,
2024年區域立委選舉,2024,臺北市,士林區,後港里,臺北市第02選區,5,游淑慧,中國國民黨,1772,
2024年區域立委選舉,2024,臺北市,士林區,福中里,臺北市第02選區,1,熊嘉玲,制度救世島,18,
2024年區域立委選舉,2024,臺北市,士林區,福中里,臺北市第02選區,2,何梅娟,人民最大黨,41,
2024年區域立委選舉,2024,臺北市,士林區,福中里,臺北市第02選區,3,王世堅,民主進步黨,2481,*
2024年區域立委選舉,2024,臺北市,士林區,福中里,臺北市第02選區,4,郭啟源,中華統一促進黨,12,
2024年區域立委選舉,2024,臺北市,士林區,福中里,臺北市第02選區,5,游淑慧,中國國民黨,1447,
2024年區域立委選舉,2024,臺北市,士林區,前港里,臺北市第02選區,1,熊嘉玲,制度救世島,12,
2024年區域立委選舉,2024,臺北市,士林區,前港里,臺北市第02選區,2,何梅娟,人民最大黨,21,
2024年區域立委選舉,2024,臺北市,士林區,前港里,臺北市第02選區,3,王世堅,民主進步黨,1622,*
2024年區域立委選舉,2024,臺北市,士林區,前港里,臺北市第02選區,4,郭啟源,中華統一促進黨,10,
2024年區域立委選舉,2024,臺北市,士林區,前港里,臺北市第02選區,5,游淑慧,中國國民黨,951,
2024年區域立委選舉,2024,臺北市,士林區,百齡里,臺北市第02選區,1,熊嘉玲,制度救世島,19,
2024年區域立委選舉,2024,臺北市,士林區,百齡里,臺北市第02選區,2,何梅娟,人民最大黨,47,
2024年區域立委選舉,2024,臺北市,士林區,百齡里,臺北市第02選區,3,王世堅,民主進步黨,2432,*
2024年區域立委選舉,2024,臺北市,士林區,百齡里,臺北市第02選區,4,郭啟源,中華統一促進黨,9,
2024年區域立委選舉,2024,臺北市,士林區,百齡里,臺北市第02選區,5,游淑慧,中國國民黨,1532,
2024年區域立委選舉,2024,臺北市,士林區,承德里,臺北市第02選區,1,熊嘉玲,制度救世島,17,
2024年區域立委選舉,2024,臺北市,士林區,承德里,臺北市第02選區,2,何梅娟,人民最大黨,37,
2024年區域立委選舉,2024,臺北市,士林區,承德里,臺北市第02選區,3,王世堅,民主進步黨,1844,*
2024年區域立委選舉,2024,臺北市,士林區,承德里,臺北市第02選區,4,郭啟源,中華統一促進黨,11,
2024年區域立委選舉,2024,臺北市,士林區,承德里,臺北市第02選區,5,游淑慧,中國國民黨,1479,
2024年區域立委選舉,2024,臺北市,士林區,福華里,臺北市第02選區,1,熊嘉玲,制度救世島,18,
2024年區域立委選舉,2024,臺北市,士林區,福華里,臺北市第02選區,2,何梅娟,人民最大黨,48,
2024年區域立委選舉,2024,臺北市,士林區,福華里,臺北市第02選區,3,王世堅,民主進步黨,2094,*
2024年區域立委選舉,2024,臺北市,士林區,福華里,臺北市第02選區,4,郭啟源,中華統一促進黨,7,
2024年區域立委選舉,2024,臺北市,士林區,福華里,臺北市第02選區,5,游淑慧,中國國民黨,1471,
2024年區域立委選舉,2024,臺北市,士林區,明勝里,臺北市第02選區,1,熊嘉玲,制度救世島,16,
2024年區域立委選舉,2024,臺北市,士林區,明勝里,臺北市第02選區,2,何梅娟,人民最大黨,25,
2024年區域立委選舉,2024,臺北市,士林區,明勝里,臺北市第02選區,3,王世堅,民主進步黨,1710,*
2024年區域立委選舉,2024,臺北市,士林區,明勝里,臺北市第02選區,4,郭啟源,中華統一促進黨,5,
2024年區域立委選舉,2024,臺北市,士林區,明勝里,臺北市第02選區,5,游淑慧,中國國民黨,1186,
2024年區域立委選舉,2024,臺北市,士林區,福順里,臺北市第02選區,1,熊嘉玲,制度救世島,19,
2024年區域立委選舉,2024,臺北市,士林區,福順里,臺北市第02選區,2,何梅娟,人民最大黨,37,
2024年區域立委選舉,2024,臺北市,士林區,福順里,臺北市第02選區,3,王世堅,民主進步黨,2003,*
2024年區域立委選舉,2024,臺北市,士林區,福順里,臺北市第02選區,4,郭啟源,中華統一促進黨,6,
2024年區域立委選舉,2024,臺北市,士林區,福順里,臺北市第02選區,5,游淑慧,中國國民黨,1135,
2024年區域立委選舉,2024,臺北市,士林區,富光里,臺北市第02選區,1,熊嘉玲,制度救世島,16,
2024年區域立委選舉,2024,臺北市,士林區,富光里,臺北市第02選區,2,何梅娟,人民最大黨,45,
2024年區域立委選舉,2024,臺北市,士林區,富光里,臺北市第02選區,3,王世堅,民主進步黨,2245,*
2024年區域立委選舉,2024,臺北市,士林區,富光里,臺北市第02選區,4,郭啟源,中華統一促進黨,7,
2024年區域立委選舉,2024,臺北市,士林區,富光里,臺北市第02選區,5,游淑慧,中國國民黨,1209,
2024年區域立委選舉,2024,臺北市,士林區,葫蘆里,臺北市第02選區,1,熊嘉玲,制度救世島,19,
2024年區域立委選舉,2024,臺北市,士林區,葫蘆里,臺北市第02選區,2,何梅娟,人民最大黨,38,
2024年區域立委選舉,2024,臺北市,士林區,葫蘆里,臺北市第02選區,3,王世堅,民主進步黨,2637,*
2024年區域立委選舉,2024,臺北市,士林區,葫蘆里,臺北市第02選區,4,郭啟源,中華統一促進黨,8,
2024年區域立委選舉,2024,臺北市,士林區,葫蘆里,臺北市第02選區,5,游淑慧,中國國民黨,1756,
2024年區域立委選舉,2024,臺北市,士林區,葫東里,臺北市第02選區,1,熊嘉玲,制度救世島,24,
2024年區域立委選舉,2024,臺北市,士林區,葫東里,臺北市第02選區,2,何梅娟,人民最大黨,31,
2024年區域立委選舉,2024,臺北市,士林區,葫東里,臺北市第02選區,3,王世堅,民主進步黨,1548,*
2024年區域立委選舉,2024,臺北市,士林區,葫東里,臺北市第02選區,4,郭啟源,中華統一促進黨,3,
2024年區域立委選舉,2024,臺北市,士林區,葫東里,臺北市第02選區,5,游淑慧,中國國民黨,849,
2024年區域立委選舉,2024,臺北市,士林區,社子里,臺北市第02選區,1,熊嘉玲,制度救世島,15,
2024年區域立委選舉,2024,臺北市,士林區,社子里,臺北市第02選區,2,何梅娟,人民最大黨,47,
2024年區域立委選舉,2024,臺北市,士林區,社子里,臺北市第02選區,3,王世堅,民主進步黨,2464,*
2024年區域立委選舉,2024,臺北市,士林區,社子里,臺北市第02選區,4,郭啟源,中華統一促進黨,10,
2024年區域立委選舉,2024,臺北市,士林區,社子里,臺北市第02選區,5,游淑慧,中國國民黨,1303,
2024年區域立委選舉,2024,臺北市,士林區,社新里,臺北市第02選區,1,熊嘉玲,制度救世島,19,
2024年區域立委選舉,2024,臺北市,士林區,社新里,臺北市第02選區,2,何梅娟,人民最大黨,50,
2024年區域立委選舉,2024,臺北市,士林區,社新里,臺北市第02選區,3,王世堅,民主進步黨,3407,*
2024年區域立委選舉,2024,臺北市,士林區,社新里,臺北市第02選區,4,郭啟源,中華統一促進黨,11,
2024年區域立委選舉,2024,臺北市,士林區,社新里,臺北市第02選區,5,游淑慧,中國國民黨,1841,
2024年區域立委選舉,2024,臺北市,士林區,社園里,臺北市第02選區,1,熊嘉玲,制度救世島,20,
2024年區域立委選舉,2024,臺北市,士林區,社園里,臺北市第02選區,2,何梅娟,人民最大黨,41,
2024年區域立委選舉,2024,臺北市,士林區,社園里,臺北市第02選區,3,王世堅,民主進步黨,2875,*
2024年區域立委選舉,2024,臺北市,士林區,社園里,臺北市第02選區,4,郭啟源,中華統一促進黨,9,
2024年區域立委選舉,2024,臺北市,士林區,社園里,臺北市第02選區,5,游淑慧,中國國民黨,1307,
2024年區域立委選舉,2024,臺北市,士林區,永倫里,臺北市第02選區,1,熊嘉玲,制度救世島,20,
2024年區域立委選舉,2024,臺北市,士林區,永倫里,臺北市第02選區,2,何梅娟,人民最大黨,41,
2024年區域立委選舉,2024,臺北市,士林區,永倫里,臺北市第02選區,3,王世堅,民主進步黨,2801,*
2024年區域立委選舉,2024,臺北市,士林區,永倫里,臺北市第02選區,4,郭啟源,中華統一促進黨,9,
2024年區域立委選舉,2024,臺北市,士林區,永倫里,臺北市第02選區,5,游淑慧,中國國民黨,1372,
2024年區域立委選舉,2024,臺北市,士林區,福安里,臺北市第02選區,1,熊嘉玲,制度救世島,18,
2024年區域立委選舉,2024,臺北市,士林區,福安里,臺北市第02選區,2,何梅娟,人民最大黨,39,
2024年區域立委選舉,2024,臺北市,士林區,福安里,臺北市第02選區,3,王世堅,民主進步黨,2247,*
2024年區域立委選舉,2024,臺北市,士林區,福安里,臺北市第02選區,4,郭啟源,中華統一促進黨,8,
2024年區域立委選舉,2024,臺北市,士林區,福安里,臺北市第02選區,5,游淑慧,中國國民黨,671,
2024年區域立委選舉,2024,臺北市,士林區,富洲里,臺北市第02選區,1,熊嘉玲,制度救世島,15,
2024年區域立委選舉,2024,臺北市,士林區,富洲里,臺北市第02選區,2,何梅娟,人民最大黨,49,
2024年區域立委選舉,2024,臺北市,士林區,富洲里,臺北市第02選區,3,王世堅,民主進步黨,2726,*
2024年區域立委選舉,2024,臺北市,士林區,富洲里,臺北市第02選區,4,郭啟源,中華統一促進黨,3,
2024年區域立委選舉,2024,臺北市,士林區,富洲里,臺北市第02選區,5,游淑慧,中國國民黨,948,
2024年區域立委選舉,2024,臺北市,士林區,岩山里,臺北市第02選區,1,熊嘉玲,制度救世島,3,
2024年區域立委選舉,2024,臺北市,士林區,岩山里,臺北市第02選區,2,何梅娟,人民最大黨,25,
2024年區域立委選舉,2024,臺北市,士林區,岩山里,臺北市第02選區,3,王世堅,民主進步黨,997,*
2024年區域立委選舉,2024,臺北市,士林區,岩山里,臺北市第02選區,4,郭啟源,中華統一促進黨,1,
2024年區域立委選舉,2024,臺北市,士林區,岩山里,臺北市第02選區,5,游淑慧,中國國民黨,950,
2024年區域立委選舉,2024,臺北市,士林區,名山里,臺北市第02選區,1,熊嘉玲,制度救世島,21,
2024年區域立委選舉,2024,臺北市,士林區,名山里,臺北市第02選區,2,何梅娟,人民最大黨,35,
2024年區域立委選舉,2024,臺北市,士林區,名山里,臺北市第02選區,3,王世堅,民主進步黨,2309,*
2024年區域立委選舉,2024,臺北市,士林區,名山里,臺北市第02選區,4,郭啟源,中華統一促進黨,9,
2024年區域立委選舉,2024,臺北市,士林區,名山里,臺北市第02選區,5,游淑慧,中國國民黨,1991,
2024年區域立委選舉,2024,臺北市,士林區,德行里,臺北市第01選區,1,吳思瑤,民主進步黨,1331,*
2024年區域立委選舉,2024,臺北市,士林區,德行里,臺北市第01選區,2,張斯綱,中國國民黨,964,
2024年區域立委選舉,2024,臺北市,士林區,德行里,臺北市第01選區,3,賴宗育,人民民主黨,12,
2024年區域立委選舉,2024,臺北市,士林區,德行里,臺北市第01選區,4,侯漢廷,無黨籍及未經政黨推薦,383,
2024年區域立委選舉,2024,臺北市,士林區,德行里,臺北市第01選區,5,張臺勝,人民最大黨,1,
2024年區域立委選舉,2024,臺北市,士林區,德行里,臺北市第01選區,6,胡金城,人民最大黨,5,
2024年區域立委選舉,2024,臺北市,士林區,德行里,臺北市第01選區,7,許盛鋒,無黨籍及未經政黨推薦,3,
2024年區域立委選舉,2024,臺北市,士林區,德行里,臺北市第01選區,8,陳執中,臺灣雙語無法黨,11,
2024年區域立委選舉,2024,臺北市,士林區,德華里,臺北市第01選區,1,吳思瑤,民主進步黨,1723,*
2024年區域立委選舉,2024,臺北市,士林區,德華里,臺北市第01選區,2,張斯綱,中國國民黨,1132,
2024年區域立委選舉,2024,臺北市,士林區,德華里,臺北市第01選區,3,賴宗育,人民民主黨,10,
2024年區域立委選舉,2024,臺北市,士林區,德華里,臺北市第01選區,4,侯漢廷,無黨籍及未經政黨推薦,468,
2024年區域立委選舉,2024,臺北市,士林區,德華里,臺北市第01選區,5,張臺勝,人民最大黨,4,
2024年區域立委選舉,2024,臺北市,士林區,德華里,臺北市第01選區,6,胡金城,人民最大黨,6,
2024年區域立委選舉,2024,臺北市,士林區,德華里,臺北市第01選區,7,許盛鋒,無黨籍及未經政黨推薦,5,
2024年區域立委選舉,2024,臺北市,士林區,德華里,臺北市第01選區,8,陳執中,臺灣雙語無法黨,25,
2024年區域立委選舉,2024,臺北市,士林區,聖山里,臺北市第02選區,1,熊嘉玲,制度救世島,12,
2024年區域立委選舉,2024,臺北市,士林區,聖山里,臺北市第02選區,2,何梅娟,人民最大黨,23,
2024年區域立委選舉,2024,臺北市,士林區,聖山里,臺北市第02選區,3,王世堅,民主進步黨,1542,*
2024年區域立委選舉,2024,臺北市,士林區,聖山里,臺北市第02選區,4,郭啟源,中華統一促進黨,6,
2024年區域立委選舉,2024,臺北市,士林區,聖山里,臺北市第02選區,5,游淑慧,中國國民黨,1528,
2024年區域立委選舉,2024,臺北市,士林區,忠誠里,臺北市第01選區,1,吳思瑤,民主進步黨,1182,*
2024年區域立委選舉,2024,臺北市,士林區,忠誠里,臺北市第01選區,2,張斯綱,中國國民黨,1589,
2024年區域立委選舉,2024,臺北市,士林區,忠誠里,臺北市第01選區,3,賴宗育,人民民主黨,9,
2024年區域立委選舉,2024,臺北市,士林區,忠誠里,臺北市第01選區,4,侯漢廷,無黨籍及未經政黨推薦,480,
2024年區域立委選舉,2024,臺北市,士林區,忠誠里,臺北市第01選區,5,張臺勝,人民最大黨,6,
2024年區域立委選舉,2024,臺北市,士林區,忠誠里,臺北市第01選區,6,胡金城,人民最大黨,3,
2024年區域立委選舉,2024,臺北市,士林區,忠誠里,臺北市第01選區,7,許盛鋒,無黨籍及未經政黨推薦,5,
2024年區域立委選舉,2024,臺北市,士林區,忠誠里,臺北市第01選區,8,陳執中,臺灣雙語無法黨,18,
2024年區域立委選舉,2024,臺北市,士林區,芝山里,臺北市第02選區,1,熊嘉玲,制度救世島,32,
2024年區域立委選舉,2024,臺北市,士林區,芝山里,臺北市第02選區,2,何梅娟,人民最大黨,30,
2024年區域立委選舉,2024,臺北市,士林區,芝山里,臺北市第02選區,3,王世堅,民主進步黨,2440,*
2024年區域立委選舉,2024,臺北市,士林區,芝山里,臺北市第02選區,4,郭啟源,中華統一促進黨,6,
2024年區域立委選舉,2024,臺北市,士林區,芝山里,臺北市第02選區,5,游淑慧,中國國民黨,2083,
2024年區域立委選舉,2024,臺北市,士林區,東山里,臺北市第02選區,1,熊嘉玲,制度救世島,10,
2024年區域立委選舉,2024,臺北市,士林區,東山里,臺北市第02選區,2,何梅娟,人民最大黨,29,
2024年區域立委選舉,2024,臺北市,士林區,東山里,臺北市第02選區,3,王世堅,民主進步黨,1358,*
2024年區域立委選舉,2024,臺北市,士林區,東山里,臺北市第02選區,4,郭啟源,中華統一促進黨,8,
2024年區域立委選舉,2024,臺北市,士林區,東山里,臺北市第02選區,5,游淑慧,中國國民黨,1606,
2024年區域立委選舉,2024,臺北市,士林區,三玉里,臺北市第01選區,1,吳思瑤,民主進步黨,1624,*
2024年區域立委選舉,2024,臺北市,士林區,三玉里,臺北市第01選區,2,張斯綱,中國國民黨,1398,
2024年區域立委選舉,2024,臺北市,士林區,三玉里,臺北市第01選區,3,賴宗育,人民民主黨,9,
2024年區域立委選舉,2024,臺北市,士林區,三玉里,臺北市第01選區,4,侯漢廷,無黨籍及未經政黨推薦,479,
2024年區域立委選舉,2024,臺北市,士林區,三玉里,臺北市第01選區,5,張臺勝,人民最大黨,4,
2024年區域立委選舉,2024,臺北市,士林區,三玉里,臺北市第01選區,6,胡金城,人民最大黨,1,
2024年區域立委選舉,2024,臺北市,士林區,三玉里,臺北市第01選區,7,許盛鋒,無黨籍及未經政黨推薦,1,
2024年區域立委選舉,2024,臺北市,士林區,三玉里,臺北市第01選區,8,陳執中,臺灣雙語無法黨,18,
2024年區域立委選舉,2024,臺北市,士林區,蘭雅里,臺北市第01選區,1,吳思瑤,民主進步黨,2455,*
2024年區域立委選舉,2024,臺北市,士林區,蘭雅里,臺北市第01選區,2,張斯綱,中國國民黨,1992,
2024年區域立委選舉,2024,臺北市,士林區,蘭雅里,臺北市第01選區,3,賴宗育,人民民主黨,21,
2024年區域立委選舉,2024,臺北市,士林區,蘭雅里,臺北市第01選區,4,侯漢廷,無黨籍及未經政黨推薦,771,
2024年區域立委選舉,2024,臺北市,士林區,蘭雅里,臺北市第01選區,5,張臺勝,人民最大黨,3,
2024年區域立委選舉,2024,臺北市,士林區,蘭雅里,臺北市第01選區,6,胡金城,人民最大黨,5,
2024年區域立委選舉,2024,臺北市,士林區,蘭雅里,臺北市第01選區,7,許盛鋒,無黨籍及未經政黨推薦,1,
2024年區域立委選舉,2024,臺北市,士林區,蘭雅里,臺北市第01選區,8,陳執中,臺灣雙語無法黨,26,
2024年區域立委選舉,2024,臺北市,士林區,蘭興里,臺北市第01選區,1,吳思瑤,民主進步黨,1894,*
2024年區域立委選舉,2024,臺北市,士林區,蘭興里,臺北市第01選區,2,張斯綱,中國國民黨,1491,
2024年區域立委選舉,2024,臺北市,士林區,蘭興里,臺北市第01選區,3,賴宗育,人民民主黨,12,
2024年區域立委選舉,2024,臺北市,士林區,蘭興里,臺北市第01選區,4,侯漢廷,無黨籍及未經政黨推薦,507,
2024年區域立委選舉,2024,臺北市,士林區,蘭興里,臺北市第01選區,5,張臺勝,人民最大黨,3,
2024年區域立委選舉,2024,臺北市,士林區,蘭興里,臺北市第01選區,6,胡金城,人民最大黨,3,
2024年區域立委選舉,2024,臺北市,士林區,蘭興里,臺北市第01選區,7,許盛鋒,無黨籍及未經政黨推薦,5,
2024年區域立委選舉,2024,臺北市,士林區,蘭興里,臺北市第01選區,8,陳執中,臺灣雙語無法黨,14,
2024年區域立委選舉,2024,臺北市,士林區,天福里,臺北市第01選區,1,吳思瑤,民主進步黨,1730,*
2024年區域立委選舉,2024,臺北市,士林區,天福里,臺北市第01選區,2,張斯綱,中國國民黨,1382,
2024年區域立委選舉,2024,臺北市,士林區,天福里,臺北市第01選區,3,賴宗育,人民民主黨,13,
2024年區域立委選舉,2024,臺北市,士林區,天福里,臺北市第01選區,4,侯漢廷,無黨籍及未經政黨推薦,548,
2024年區域立委選舉,2024,臺北市,士林區,天福里,臺北市第01選區,5,張臺勝,人民最大黨,8,
2024年區域立委選舉,2024,臺北市,士林區,天福里,臺北市第01選區,6,胡金城,人民最大黨,5,
2024年區域立委選舉,2024,臺北市,士林區,天福里,臺北市第01選區,7,許盛鋒,無黨籍及未經政黨推薦,1,
2024年區域立委選舉,2024,臺北市,士林區,天福里,臺北市第01選區,8,陳執中,臺灣雙語無法黨,20,
2024年區域立委選舉,2024,臺北市,士林區,天祿里,臺北市第01選區,1,吳思瑤,民主進步黨,1552,*
2024年區域立委選舉,2024,臺北市,士林區,天祿里,臺北市第01選區,2,張斯綱,中國國民黨,1019,
2024年區域立委選舉,2024,臺北市,士林區,天祿里,臺北市第01選區,3,賴宗育,人民民主黨,12,
2024年區域立委選舉,2024,臺北市,士林區,天祿里,臺北市第01選區,4,侯漢廷,無黨籍及未經政黨推薦,431,
2024年區域立委選舉,2024,臺北市,士林區,天祿里,臺北市第01選區,5,張臺勝,人民最大黨,3,
2024年區域立委選舉,2024,臺北市,士林區,天祿里,臺北市第01選區,6,胡金城,人民最大黨,3,
2024年區域立委選舉,2024,臺北市,士林區,天祿里,臺北市第01選區,7,許盛鋒,無黨籍及未經政黨推薦,3,
2024年區域立委選舉,2024,臺北市,士林區,天祿里,臺北市第01選區,8,陳執中,臺灣雙語無法黨,14,
2024年區域立委選舉,2024,臺北市,士林區,天壽里,臺北市第01選區,1,吳思瑤,民主進步黨,1368,*
2024年區域立委選舉,2024,臺北市,士林區,天壽里,臺北市第01選區,2,張斯綱,中國國民黨,1189,
2024年區域立委選舉,2024,臺北市,士林區,天壽里,臺北市第01選區,3,賴宗育,人民民主黨,11,
2024年區域立委選舉,2024,臺北市,士林區,天壽里,臺北市第01選區,4,侯漢廷,無黨籍及未經政黨推薦,399,
2024年區域立委選舉,2024,臺北市,士林區,天壽里,臺北市第01選區,5,張臺勝,人民最大黨,0,
2024年區域立委選舉,2024,臺北市,士林區,天壽里,臺北市第01選區,6,胡金城,人民最大黨,2,
2024年區域立委選舉,2024,臺北市,士林區,天壽里,臺北市第01選區,7,許盛鋒,無黨籍及未經政黨推薦,1,
2024年區域立委選舉,2024,臺北市,士林區,天壽里,臺北市第01選區,8,陳執中,臺灣雙語無法黨,18,
2024年區域立委選舉,2024,臺北市,士林區,天和里,臺北市第01選區,1,吳思瑤,民主進步黨,2003,*
2024年區域立委選舉,2024,臺北市,士林區,天和里,臺北市第01選區,2,張斯綱,中國國民黨,1692,
2024年區域立委選舉,2024,臺北市,士林區,天和里,臺北市第01選區,3,賴宗育,人民民主黨,17,
2024年區域立委選舉,2024,臺北市,士林區,天和里,臺北市第01選區,4,侯漢廷,無黨籍及未經政黨推薦,662,
2024年區域立委選舉,2024,臺北市,士林區,天和里,臺北市第01選區,5,張臺勝,人民最大黨,3,
2024年區域立委選舉,2024,臺北市,士林區,天和里,臺北市第01選區,6,胡金城,人民最大黨,1,
2024年區域立委選舉,2024,臺北市,士林區,天和里,臺北市第01選區,7,許盛鋒,無黨籍及未經政黨推薦,10,
2024年區域立委選舉,2024,臺北市,士林區,天和里,臺北市第01選區,8,陳執中,臺灣雙語無法黨,15,
2024年區域立委選舉,2024,臺北市,士林區,天山里,臺北市第01選區,1,吳思瑤,民主進步黨,1753,*
2024年區域立委選舉,2024,臺北市,士林區,天山里,臺北市第01選區,2,張斯綱,中國國民黨,1630,
2024年區域立委選舉,2024,臺北市,士林區,天山里,臺北市第01選區,3,賴宗育,人民民主黨,15,
2024年區域立委選舉,2024,臺北市,士林區,天山里,臺北市第01選區,4,侯漢廷,無黨籍及未經政黨推薦,611,
2024年區域立委選舉,2024,臺北市,士林區,天山里,臺北市第01選區,5,張臺勝,人民最大黨,3,
2024年區域立委選舉,2024,臺北市,士林區,天山里,臺北市第01選區,6,胡金城,人民最大黨,3,
2024年區域立委選舉,2024,臺北市,士林區,天山里,臺北市第01選區,7,許盛鋒,無黨籍及未經政黨推薦,3,
2024年區域立委選舉,2024,臺北市,士林區,天山里,臺北市第01選區,8,陳執中,臺灣雙語無法黨,15,
2024年區域立委選舉,2024,臺北市,士林區,天玉里,臺北市第01選區,1,吳思瑤,民主進步黨,2382,*
2024年區域立委選舉,2024,臺北市,士林區,天玉里,臺北市第01選區,2,張斯綱,中國國民黨,2007,
2024年區域立委選舉,2024,臺北市,士林區,天玉里,臺北市第01選區,3,賴宗育,人民民主黨,22,
2024年區域立委選舉,2024,臺北市,士林區,天玉里,臺北市第01選區,4,侯漢廷,無黨籍及未經政黨推薦,697,
2024年區域立委選舉,2024,臺北市,士林區,天玉里,臺北市第01選區,5,張臺勝,人民最大黨,2,
2024年區域立委選舉,2024,臺北市,士林區,天玉里,臺北市第01選區,6,胡金城,人民最大黨,3,
2024年區域立委選舉,2024,臺北市,士林區,天玉里,臺北市第01選區,7,許盛鋒,無黨籍及未經政黨推薦,5,
2024年區域立委選舉,2024,臺北市,士林區,天玉里,臺北市第01選區,8,陳執中,臺灣雙語無法黨,21,
2024年區域立委選舉,2024,臺北市,士林區,天母里,臺北市第01選區,1,吳思瑤,民主進步黨,1764,*
2024年區域立委選舉,2024,臺北市,士林區,天母里,臺北市第01選區,2,張斯綱,中國國民黨,1554,
2024年區域立委選舉,2024,臺北市,士林區,天母里,臺北市第01選區,3,賴宗育,人民民主黨,15,
2024年區域立委選舉,2024,臺北市,士林區,天母里,臺北市第01選區,4,侯漢廷,無黨籍及未經政黨推薦,563,
2024年區域立委選舉,2024,臺北市,士林區,天母里,臺北市第01選區,5,張臺勝,人民最大黨,6,
2024年區域立委選舉,2024,臺北市,士林區,天母里,臺北市第01選區,6,胡金城,人民最大黨,4,
2024年區域立委選舉,2024,臺北市,士林區,天母里,臺北市第01選區,7,許盛鋒,無黨籍及未經政黨推薦,2,
2024年區域立委選舉,2024,臺北市,士林區,天母里,臺北市第01選區,8,陳執中,臺灣雙語無法黨,18,
2024年區域立委選舉,2024,臺北市,士林區,永福里,臺北市第02選區,1,熊嘉玲,制度救世島,3,
2024年區域立委選舉,2024,臺北市,士林區,永福里,臺北市第02選區,2,何梅娟,人民最大黨,2,
2024年區域立委選舉,2024,臺北市,士林區,永福里,臺北市第02選區,3,王世堅,民主進步黨,506,*
2024年區域立委選舉,2024,臺北市,士林區,永福里,臺北市第02選區,4,郭啟源,中華統一促進黨,1,
2024年區域立委選舉,2024,臺北市,士林區,永福里,臺北市第02選區,5,游淑慧,中國國民黨,261,
2024年區域立委選舉,2024,臺北市,士林區,公館里,臺北市第02選區,1,熊嘉玲,制度救世島,4,
2024年區域立委選舉,2024,臺北市,士林區,公館里,臺北市第02選區,2,何梅娟,人民最大黨,18,
2024年區域立委選舉,2024,臺北市,士林區,公館里,臺北市第02選區,3,王世堅,民主進步黨,539,*
2024年區域立委選舉,2024,臺北市,士林區,公館里,臺北市第02選區,4,郭啟源,中華統一促進黨,1,
2024年區域立委選舉,2024,臺北市,士林區,公館里,臺北市第02選區,5,游淑慧,中國國民黨,225,
2024年區域立委選舉,2024,臺北市,士林區,新安里,臺北市第02選區,1,熊嘉玲,制度救世島,8,
2024年區域立委選舉,2024,臺北市,士林區,新安里,臺北市第02選區,2,何梅娟,人民最大黨,13,
2024年區域立委選舉,2024,臺北市,士林區,新安里,臺北市第02選區,3,王世堅,民主進步黨,701,*
2024年區域立委選舉,2024,臺北市,士林區,新安里,臺北市第02選區,4,郭啟源,中華統一促進黨,5,
2024年區域立委選舉,2024,臺北市,士林區,新安里,臺北市第02選區,5,游淑慧,中國國民黨,428,
2024年區域立委選舉,2024,臺北市,士林區,陽明里,臺北市第02選區,1,熊嘉玲,制度救世島,11,
2024年區域立委選舉,2024,臺北市,士林區,陽明里,臺北市第02選區,2,何梅娟,人民最大黨,24,
2024年區域立委選舉,2024,臺北市,士林區,陽明里,臺北市第02選區,3,王世堅,民主進步黨,927,*
2024年區域立委選舉,2024,臺北市,士林區,陽明里,臺北市第02選區,4,郭啟源,中華統一促進黨,7,
2024年區域立委選舉,2024,臺北市,士林區,陽明里,臺北市第02選區,5,游淑慧,中國國民黨,754,
2024年區域立委選舉,2024,臺北市,士林區,菁山里,臺北市第02選區,1,熊嘉玲,制度救世島,5,
2024年區域立委選舉,2024,臺北市,士林區,菁山里,臺北市第02選區,2,何梅娟,人民最大黨,20,
2024年區域立委選舉,2024,臺北市,士林區,菁山里,臺北市第02選區,3,王世堅,民主進步黨,558,*
2024年區域立委選舉,2024,臺北市,士林區,菁山里,臺北市第02選區,4,郭啟源,中華統一促進黨,1,
2024年區域立委選舉,2024,臺北市,士林區,菁山里,臺北市第02選區,5,游淑慧,中國國民黨,348,
2024年區域立委選舉,2024,臺北市,士林區,平等里,臺北市第02選區,1,熊嘉玲,制度救世島,9,
2024年區域立委選舉,2024,臺北市,士林區,平等里,臺北市第02選區,2,何梅娟,人民最大黨,7,
2024年區域立委選舉,2024,臺北市,士林區,平等里,臺北市第02選區,3,王世堅,民主進步黨,680,*
2024年區域立委選舉,2024,臺北市,士林區,平等里,臺北市第02選區,4,郭啟源,中華統一促進黨,2,
2024年區域立委選舉,2024,臺北市,士林區,平等里,臺北市第02選區,5,游淑慧,中國國民黨,242,
2024年區域立委選舉,2024,臺北市,士林區,溪山里,臺北市第02選區,1,熊嘉玲,制度救世島,6,
2024年區域立委選舉,2024,臺北市,士林區,溪山里,臺北市第02選區,2,何梅娟,人民最大黨,13,
2024年區域立委選舉,2024,臺北市,士林區,溪山里,臺北市第02選區,3,王世堅,民主進步黨,587,*
2024年區域立委選舉,2024,臺北市,士林區,溪山里,臺北市第02選區,4,郭啟源,中華統一促進黨,1,
2024年區域立委選舉,2024,臺北市,士林區,溪山里,臺北市第02選區,5,游淑慧,中國國民黨,329,
2024年區域立委選舉,2024,臺北市,士林區,翠山里,臺北市第02選區,1,熊嘉玲,制度救世島,5,
2024年區域立委選舉,2024,臺北市,士林區,翠山里,臺北市第02選區,2,何梅娟,人民最大黨,12,
2024年區域立委選舉,2024,臺北市,士林區,翠山里,臺北市第02選區,3,王世堅,民主進步黨,635,*
2024年區域立委選舉,2024,臺北市,士林區,翠山里,臺北市第02選區,4,郭啟源,中華統一促進黨,2,
2024年區域立委選舉,2024,臺北市,士林區,翠山里,臺北市第02選區,5,游淑慧,中國國民黨,1027,
2024年區域立委選舉,2024,臺北市,士林區,臨溪里,臺北市第02選區,1,熊嘉玲,制度救世島,12,
2024年區域立委選舉,2024,臺北市,士林區,臨溪里,臺北市第02選區,2,何梅娟,人民最大黨,18,
2024年區域立委選舉,2024,臺北市,士林區,臨溪里,臺北市第02選區,3,王世堅,民主進步黨,856,*
2024年區域立委選舉,2024,臺北市,士林區,臨溪里,臺北市第02選區,4,郭啟源,中華統一促進黨,2,
2024年區域立委選舉,2024,臺北市,士林區,臨溪里,臺北市第02選區,5,游淑慧,中國國民黨,754,
2024年區域立委選舉,2024,臺北市,北投區,建民里,臺北市第01選區,1,吳思瑤,民主進步黨,1420,*
2024年區域立委選舉,2024,臺北市,北投區,建民里,臺北市第01選區,2,張斯綱,中國國民黨,921,
2024年區域立委選舉,2024,臺北市,北投區,建民里,臺北市第01選區,3,賴宗育,人民民主黨,7,
2024年區域立委選舉,2024,臺北市,北投區,建民里,臺北市第01選區,4,侯漢廷,無黨籍及未經政黨推薦,387,
2024年區域立委選舉,2024,臺北市,北投區,建民里,臺北市第01選區,5,張臺勝,人民最大黨,3,
2024年區域立委選舉,2024,臺北市,北投區,建民里,臺北市第01選區,6,胡金城,人民最大黨,3,
2024年區域立委選舉,2024,臺北市,北投區,建民里,臺北市第01選區,7,許盛鋒,無黨籍及未經政黨推薦,1,
2024年區域立委選舉,2024,臺北市,北投區,建民里,臺北市第01選區,8,陳執中,臺灣雙語無法黨,15,
2024年區域立委選舉,2024,臺北市,北投區,文林里,臺北市第01選區,1,吳思瑤,民主進步黨,1389,*
2024年區域立委選舉,2024,臺北市,北投區,文林里,臺北市第01選區,2,張斯綱,中國國民黨,923,
2024年區域立委選舉,2024,臺北市,北投區,文林里,臺北市第01選區,3,賴宗育,人民民主黨,12,
2024年區域立委選舉,2024,臺北市,北投區,文林里,臺北市第01選區,4,侯漢廷,無黨籍及未經政黨推薦,360,
2024年區域立委選舉,2024,臺北市,北投區,文林里,臺北市第01選區,5,張臺勝,人民最大黨,3,
2024年區域立委選舉,2024,臺北市,北投區,文林里,臺北市第01選區,6,胡金城,人民最大黨,5,
2024年區域立委選舉,2024,臺北市,北投區,文林里,臺北市第01選區,7,許盛鋒,無黨籍及未經政黨推薦,4,
2024年區域立委選舉,2024,臺北市,北投區,文林里,臺北市第01選區,8,陳執中,臺灣雙語無法黨,12,
2024年區域立委選舉,2024,臺北市,北投區,石牌里,臺北市第01選區,1,吳思瑤,民主進步黨,1576,*
2024年區域立委選舉,2024,臺北市,北投區,石牌里,臺北市第01選區,2,張斯綱,中國國民黨,1134,
2024年區域立委選舉,2024,臺北市,北投區,石牌里,臺北市第01選區,3,賴宗育,人民民主黨,17,
2024年區域立委選舉,2024,臺北市,北投區,石牌里,臺北市第01選區,4,侯漢廷,無黨籍及未經政黨推薦,398,
2024年區域立委選舉,2024,臺北市,北投區,石牌里,臺北市第01選區,5,張臺勝,人民最大黨,3,
2024年區域立委選舉,2024,臺北市,北投區,石牌里,臺北市第01選區,6,胡金城,人民最大黨,6,
2024年區域立委選舉,2024,臺北市,北投區,石牌里,臺北市第01選區,7,許盛鋒,無黨籍及未經政黨推薦,0,
2024年區域立委選舉,2024,臺北市,北投區,石牌里,臺北市第01選區,8,陳執中,臺灣雙語無法黨,11,
2024年區域立委選舉,2024,臺北市,北投區,福興里,臺北市第01選區,1,吳思瑤,民主進步黨,2025,*
2024年區域立委選舉,2024,臺北市,北投區,福興里,臺北市第01選區,2,張斯綱,中國國民黨,1492,
2024年區域立委選舉,2024,臺北市,北投區,福興里,臺北市第01選區,3,賴宗育,人民民主黨,17,
2024年區域立委選舉,2024,臺北市,北投區,福興里,臺北市第01選區,4,侯漢廷,無黨籍及未經政黨推薦,694,
2024年區域立委選舉,2024,臺北市,北投區,福興里,臺北市第01選區,5,張臺勝,人民最大黨,3,
2024年區域立委選舉,2024,臺北市,北投區,福興里,臺北市第01選區,6,胡金城,人民最大黨,3,
2024年區域立委選舉,2024,臺北市,北投區,福興里,臺北市第01選區,7,許盛鋒,無黨籍及未經政黨推薦,4,
2024年區域立委選舉,2024,臺北市,北投區,福興里,臺北市第01選區,8,陳執中,臺灣雙語無法黨,23,
2024年區域立委選舉,2024,臺北市,北投區,榮光里,臺北市第01選區,1,吳思瑤,民主進步黨,1901,*
2024年區域立委選舉,2024,臺北市,北投區,榮光里,臺北市第01選區,2,張斯綱,中國國民黨,1554,
2024年區域立委選舉,2024,臺北市,北投區,榮光里,臺北市第01選區,3,賴宗育,人民民主黨,21,
2024年區域立委選舉,2024,臺北市,北投區,榮光里,臺北市第01選區,4,侯漢廷,無黨籍及未經政黨推薦,616,
2024年區域立委選舉,2024,臺北市,北投區,榮光里,臺北市第01選區,5,張臺勝,人民最大黨,7,
2024年區域立委選舉,2024,臺北市,北投區,榮光里,臺北市第01選區,6,胡金城,人民最大黨,3,
2024年區域立委選舉,2024,臺北市,北投區,榮光里,臺北市第01選區,7,許盛鋒,無黨籍及未經政黨推薦,5,
2024年區域立委選舉,2024,臺北市,北投區,榮光里,臺北市第01選區,8,陳執中,臺灣雙語無法黨,26,
2024年區域立委選舉,2024,臺北市,北投區,榮華里,臺北市第01選區,1,吳思瑤,民主進步黨,2053,*
2024年區域立委選舉,2024,臺北市,北投區,榮華里,臺北市第01選區,2,張斯綱,中國國民黨,1795,
2024年區域立委選舉,2024,臺北市,北投區,榮華里,臺北市第01選區,3,賴宗育,人民民主黨,19,
2024年區域立委選舉,2024,臺北市,北投區,榮華里,臺北市第01選區,4,侯漢廷,無黨籍及未經政黨推薦,612,
2024年區域立委選舉,2024,臺北市,北投區,榮華里,臺北市第01選區,5,張臺勝,人民最大黨,0,
2024年區域立委選舉,2024,臺北市,北投區,榮華里,臺北市第01選區,6,胡金城,人民最大黨,5,
2024年區域立委選舉,2024,臺北市,北投區,榮華里,臺北市第01選區,7,許盛鋒,無黨籍及未經政黨推薦,6,
2024年區域立委選舉,2024,臺北市,北投區,榮華里,臺北市第01選區,8,陳執中,臺灣雙語無法黨,27,
2024年區域立委選舉,2024,臺北市,北投區,裕民里,臺北市第01選區,1,吳思瑤,民主進步黨,2191,*
2024年區域立委選舉,2024,臺北市,北投區,裕民里,臺北市第01選區,2,張斯綱,中國國民黨,1816,
2024年區域立委選舉,2024,臺北市,北投區,裕民里,臺北市第01選區,3,賴宗育,人民民主黨,16,
2024年區域立委選舉,2024,臺北市,北投區,裕民里,臺北市第01選區,4,侯漢廷,無黨籍及未經政黨推薦,668,
2024年區域立委選舉,2024,臺北市,北投區,裕民里,臺北市第01選區,5,張臺勝,人民最大黨,0,
2024年區域立委選舉,2024,臺北市,北投區,裕民里,臺北市第01選區,6,胡金城,人民最大黨,3,
2024年區域立委選舉,2024,臺北市,北投區,裕民里,臺北市第01選區,7,許盛鋒,無黨籍及未經政黨推薦,3,
2024年區域立委選舉,2024,臺北市,北投區,裕民里,臺北市第01選區,8,陳執中,臺灣雙語無法黨,18,
2024年區域立委選舉,2024,臺北市,北投區,振華里,臺北市第01選區,1,吳思瑤,民主進步黨,1999,*
2024年區域立委選舉,2024,臺北市,北投區,振華里,臺北市第01選區,2,張斯綱,中國國民黨,1817,
2024年區域立委選舉,2024,臺北市,北投區,振華里,臺北市第01選區,3,賴宗育,人民民主黨,19,
2024年區域立委選舉,2024,臺北市,北投區,振華里,臺北市第01選區,4,侯漢廷,無黨籍及未經政黨推薦,648,
2024年區域立委選舉,2024,臺北市,北投區,振華里,臺北市第01選區,5,張臺勝,人民最大黨,5,
2024年區域立委選舉,2024,臺北市,北投區,振華里,臺北市第01選區,6,胡金城,人民最大黨,5,
2024年區域立委選舉,2024,臺北市,北投區,振華里,臺北市第01選區,7,許盛鋒,無黨籍及未經政黨推薦,1,
2024年區域立委選舉,2024,臺北市,北投區,振華里,臺北市第01選區,8,陳執中,臺灣雙語無法黨,16,
2024年區域立委選舉,2024,臺北市,北投區,永和里,臺北市第01選區,1,吳思瑤,民主進步黨,2694,*
2024年區域立委選舉,2024,臺北市,北投區,永和里,臺北市第01選區,2,張斯綱,中國國民黨,2089,
2024年區域立委選舉,2024,臺北市,北投區,永和里,臺北市第01選區,3,賴宗育,人民民主黨,20,
2024年區域立委選舉,2024,臺北市,北投區,永和里,臺北市第01選區,4,侯漢廷,無黨籍及未經政黨推薦,757,
2024年區域立委選舉,2024,臺北市,北投區,永和里,臺北市第01選區,5,張臺勝,人民最大黨,5,
2024年區域立委選舉,2024,臺北市,北投區,永和里,臺北市第01選區,6,胡金城,人民最大黨,2,
2024年區域立委選舉,2024,臺北市,北投區,永和里,臺北市第01選區,7,許盛鋒,無黨籍及未經政黨推薦,6,
2024年區域立委選舉,2024,臺北市,北投區,永和里,臺北市第01選區,8,陳執中,臺灣雙語無法黨,17,
2024年區域立委選舉,2024,臺北市,北投區,永欣里,臺北市第01選區,1,吳思瑤,民主進步黨,2169,*
2024年區域立委選舉,2024,臺北市,北投區,永欣里,臺北市第01選區,2,張斯綱,中國國民黨,1911,
2024年區域立委選舉,2024,臺北市,北投區,永欣里,臺北市第01選區,3,賴宗育,人民民主黨,16,
2024年區域立委選舉,2024,臺北市,北投區,永欣里,臺北市第01選區,4,侯漢廷,無黨籍及未經政黨推薦,725,
2024年區域立委選舉,2024,臺北市,北投區,永欣里,臺北市第01選區,5,張臺勝,人民最大黨,7,
2024年區域立委選舉,2024,臺北市,北投區,永欣里,臺北市第01選區,6,胡金城,人民最大黨,6,
2024年區域立委選舉,2024,臺北市,北投區,永欣里,臺北市第01選區,7,許盛鋒,無黨籍及未經政黨推薦,0,
2024年區域立委選舉,2024,臺北市,北投區,永欣里,臺北市第01選區,8,陳執中,臺灣雙語無法黨,30,
2024年區域立委選舉,2024,臺北市,北投區,永明里,臺北市第01選區,1,吳思瑤,民主進步黨,1319,*
2024年區域立委選舉,2024,臺北市,北投區,永明里,臺北市第01選區,2,張斯綱,中國國民黨,1131,
2024年區域立委選舉,2024,臺北市,北投區,永明里,臺北市第01選區,3,賴宗育,人民民主黨,14,
2024年區域立委選舉,2024,臺北市,北投區,永明里,臺北市第01選區,4,侯漢廷,無黨籍及未經政黨推薦,447,
2024年區域立委選舉,2024,臺北市,北投區,永明里,臺北市第01選區,5,張臺勝,人民最大黨,2,
2024年區域立委選舉,2024,臺北市,北投區,永明里,臺北市第01選區,6,胡金城,人民最大黨,1,
2024年區域立委選舉,2024,臺北市,北投區,永明里,臺北市第01選區,7,許盛鋒,無黨籍及未經政黨推薦,8,
2024年區域立委選舉,2024,臺北市,北投區,永明里,臺北市第01選區,8,陳執中,臺灣雙語無法黨,15,
2024年區域立委選舉,2024,臺北市,北投區,東華里,臺北市第01選區,1,吳思瑤,民主進步黨,1166,*
2024年區域立委選舉,2024,臺北市,北投區,東華里,臺北市第01選區,2,張斯綱,中國國民黨,1108,
2024年區域立委選舉,2024,臺北市,北投區,東華里,臺北市第01選區,3,賴宗育,人民民主黨,18,
2024年區域立委選舉,2024,臺北市,北投區,東華里,臺北市第01選區,4,侯漢廷,無黨籍及未經政黨推薦,388,
2024年區域立委選舉,2024,臺北市,北投區,東華里,臺北市第01選區,5,張臺勝,人民最大黨,1,
2024年區域立委選舉,2024,臺北市,北投區,東華里,臺北市第01選區,6,胡金城,人民最大黨,2,
2024年區域立委選舉,2024,臺北市,北投區,東華里,臺北市第01選區,7,許盛鋒,無黨籍及未經政黨推薦,4,
2024年區域立委選舉,2024,臺北市,北投區,東華里,臺北市第01選區,8,陳執中,臺灣雙語無法黨,18,
2024年區域立委選舉,2024,臺北市,北投區,吉利里,臺北市第01選區,1,吳思瑤,民主進步黨,1747,*
2024年區域立委選舉,2024,臺北市,北投區,吉利里,臺北市第01選區,2,張斯綱,中國國民黨,1662,
2024年區域立委選舉,2024,臺北市,北投區,吉利里,臺北市第01選區,3,賴宗育,人民民主黨,26,
2024年區域立委選舉,2024,臺北市,北投區,吉利里,臺北市第01選區,4,侯漢廷,無黨籍及未經政黨推薦,676,
2024年區域立委選舉,2024,臺北市,北投區,吉利里,臺北市第01選區,5,張臺勝,人民最大黨,3,
2024年區域立委選舉,2024,臺北市,北投區,吉利里,臺北市第01選區,6,胡金城,人民最大黨,7,
2024年區域立委選舉,2024,臺北市,北投區,吉利里,臺北市第01選區,7,許盛鋒,無黨籍及未經政黨推薦,3,
2024年區域立委選舉,2024,臺北市,北投區,吉利里,臺北市第01選區,8,陳執中,臺灣雙語無法黨,29,
2024年區域立委選舉,2024,臺北市,北投區,吉慶里,臺北市第01選區,1,吳思瑤,民主進步黨,1630,*
2024年區域立委選舉,2024,臺北市,北投區,吉慶里,臺北市第01選區,2,張斯綱,中國國民黨,1046,
2024年區域立委選舉,2024,臺北市,北投區,吉慶里,臺北市第01選區,3,賴宗育,人民民主黨,17,
2024年區域立委選舉,2024,臺北市,北投區,吉慶里,臺北市第01選區,4,侯漢廷,無黨籍及未經政黨推薦,420,
2024年區域立委選舉,2024,臺北市,北投區,吉慶里,臺北市第01選區,5,張臺勝,人民最大黨,0,
2024年區域立委選舉,2024,臺北市,北投區,吉慶里,臺北市第01選區,6,胡金城,人民最大黨,7,
2024年區域立委選舉,2024,臺北市,北投區,吉慶里,臺北市第01選區,7,許盛鋒,無黨籍及未經政黨推薦,3,
2024年區域立委選舉,2024,臺北市,北投區,吉慶里,臺北市第01選區,8,陳執中,臺灣雙語無法黨,14,
2024年區域立委選舉,2024,臺北市,北投區,尊賢里,臺北市第01選區,1,吳思瑤,民主進步黨,1489,*
2024年區域立委選舉,2024,臺北市,北投區,尊賢里,臺北市第01選區,2,張斯綱,中國國民黨,946,
2024年區域立委選舉,2024,臺北市,北投區,尊賢里,臺北市第01選區,3,賴宗育,人民民主黨,11,
2024年區域立委選舉,2024,臺北市,北投區,尊賢里,臺北市第01選區,4,侯漢廷,無黨籍及未經政黨推薦,411,
2024年區域立委選舉,2024,臺北市,北投區,尊賢里,臺北市第01選區,5,張臺勝,人民最大黨,3,
2024年區域立委選舉,2024,臺北市,北投區,尊賢里,臺北市第01選區,6,胡金城,人民最大黨,3,
2024年區域立委選舉,2024,臺北市,北投區,尊賢里,臺北市第01選區,7,許盛鋒,無黨籍及未經政黨推薦,4,
2024年區域立委選舉,2024,臺北市,北投區,尊賢里,臺北市第01選區,8,陳執中,臺灣雙語無法黨,12,
2024年區域立委選舉,2024,臺北市,北投區,立賢里,臺北市第01選區,1,吳思瑤,民主進步黨,1594,*
2024年區域立委選舉,2024,臺北市,北投區,立賢里,臺北市第01選區,2,張斯綱,中國國民黨,1101,
2024年區域立委選舉,2024,臺北市,北投區,立賢里,臺北市第01選區,3,賴宗育,人民民主黨,13,
2024年區域立委選舉,2024,臺北市,北投區,立賢里,臺北市第01選區,4,侯漢廷,無黨籍及未經政黨推薦,516,
2024年區域立委選舉,2024,臺北市,北投區,立賢里,臺北市第01選區,5,張臺勝,人民最大黨,4,
2024年區域立委選舉,2024,臺北市,北投區,立賢里,臺北市第01選區,6,胡金城,人民最大黨,0,
2024年區域立委選舉,2024,臺北市,北投區,立賢里,臺北市第01選區,7,許盛鋒,無黨籍及未經政黨推薦,6,
2024年區域立委選舉,2024,臺北市,北投區,立賢里,臺北市第01選區,8,陳執中,臺灣雙語無法黨,16,
2024年區域立委選舉,2024,臺北市,北投區,立農里,臺北市第01選區,1,吳思瑤,民主進步黨,2732,*
2024年區域立委選舉,2024,臺北市,北投區,立農里,臺北市第01選區,2,張斯綱,中國國民黨,1953,
2024年區域立委選舉,2024,臺北市,北投區,立農里,臺北市第01選區,3,賴宗育,人民民主黨,37,
2024年區域立委選舉,2024,臺北市,北投區,立農里,臺北市第01選區,4,侯漢廷,無黨籍及未經政黨推薦,924,
2024年區域立委選舉,2024,臺北市,北投區,立農里,臺北市第01選區,5,張臺勝,人民最大黨,9,
2024年區域立委選舉,2024,臺北市,北投區,立農里,臺北市第01選區,6,胡金城,人民最大黨,13,
2024年區域立委選舉,2024,臺北市,北投區,立農里,臺北市第01選區,7,許盛鋒,無黨籍及未經政黨推薦,10,
2024年區域立委選舉,2024,臺北市,北投區,立農里,臺北市第01選區,8,陳執中,臺灣雙語無法黨,33,
2024年區域立委選舉,2024,臺北市,北投區,八仙里,臺北市第01選區,1,吳思瑤,民主進步黨,1612,*
2024年區域立委選舉,2024,臺北市,北投區,八仙里,臺北市第01選區,2,張斯綱,中國國民黨,1115,
2024年區域立委選舉,2024,臺北市,北投區,八仙里,臺北市第01選區,3,賴宗育,人民民主黨,18,
2024年區域立委選舉,2024,臺北市,北投區,八仙里,臺北市第01選區,4,侯漢廷,無黨籍及未經政黨推薦,446,
2024年區域立委選舉,2024,臺北市,北投區,八仙里,臺北市第01選區,5,張臺勝,人民最大黨,2,
2024年區域立委選舉,2024,臺北市,北投區,八仙里,臺北市第01選區,6,胡金城,人民最大黨,1,
2024年區域立委選舉,2024,臺北市,北投區,八仙里,臺北市第01選區,7,許盛鋒,無黨籍及未經政黨推薦,3,
2024年區域立委選舉,2024,臺北市,北投區,八仙里,臺北市第01選區,8,陳執中,臺灣雙語無法黨,10,
2024年區域立委選舉,2024,臺北市,北投區,洲美里,臺北市第01選區,1,吳思瑤,民主進步黨,882,*
2024年區域立委選舉,2024,臺北市,北投區,洲美里,臺北市第01選區,2,張斯綱,中國國民黨,376,
2024年區域立委選舉,2024,臺北市,北投區,洲美里,臺北市第01選區,3,賴宗育,人民民主黨,6,
2024年區域立委選舉,2024,臺北市,北投區,洲美里,臺北市第01選區,4,侯漢廷,無黨籍及未經政黨推薦,234,
2024年區域立委選舉,2024,臺北市,北投區,洲美里,臺北市第01選區,5,張臺勝,人民最大黨,2,
2024年區域立委選舉,2024,臺北市,北投區,洲美里,臺北市第01選區,6,胡金城,人民最大黨,2,
2024年區域立委選舉,2024,臺北市,北投區,洲美里,臺北市第01選區,7,許盛鋒,無黨籍及未經政黨推薦,0,
2024年區域立委選舉,2024,臺北市,北投區,洲美里,臺北市第01選區,8,陳執中,臺灣雙語無法黨,9,
2024年區域立委選舉,2024,臺北市,北投區,奇岩里,臺北市第01選區,1,吳思瑤,民主進步黨,3375,*
2024年區域立委選舉,2024,臺北市,北投區,奇岩里,臺北市第01選區,2,張斯綱,中國國民黨,2462,
2024年區域立委選舉,2024,臺北市,北投區,奇岩里,臺北市第01選區,3,賴宗育,人民民主黨,31,
2024年區域立委選舉,2024,臺北市,北投區,奇岩里,臺北市第01選區,4,侯漢廷,無黨籍及未經政黨推薦,1035,
2024年區域立委選舉,2024,臺北市,北投區,奇岩里,臺北市第01選區,5,張臺勝,人民最大黨,1,
2024年區域立委選舉,2024,臺北市,北投區,奇岩里,臺北市第01選區,6,胡金城,人民最大黨,10,
2024年區域立委選舉,2024,臺北市,北投區,奇岩里,臺北市第01選區,7,許盛鋒,無黨籍及未經政黨推薦,9,
2024年區域立委選舉,2024,臺北市,北投區,奇岩里,臺北市第01選區,8,陳執中,臺灣雙語無法黨,31,
2024年區域立委選舉,2024,臺北市,北投區,清江里,臺北市第01選區,1,吳思瑤,民主進步黨,2581,*
2024年區域立委選舉,2024,臺北市,北投區,清江里,臺北市第01選區,2,張斯綱,中國國民黨,1792,
2024年區域立委選舉,2024,臺北市,北投區,清江里,臺北市第01選區,3,賴宗育,人民民主黨,17,
2024年區域立委選舉,2024,臺北市,北投區,清江里,臺北市第01選區,4,侯漢廷,無黨籍及未經政黨推薦,795,
2024年區域立委選舉,2024,臺北市,北投區,清江里,臺北市第01選區,5,張臺勝,人民最大黨,5,
2024年區域立委選舉,2024,臺北市,北投區,清江里,臺北市第01選區,6,胡金城,人民最大黨,4,
2024年區域立委選舉,2024,臺北市,北投區,清江里,臺北市第01選區,7,許盛鋒,無黨籍及未經政黨推薦,10,
2024年區域立委選舉,2024,臺北市,北投區,清江里,臺北市第01選區,8,陳執中,臺灣雙語無法黨,27,
2024年區域立委選舉,2024,臺北市,北投區,中央里,臺北市第01選區,1,吳思瑤,民主進步黨,2430,*
2024年區域立委選舉,2024,臺北市,北投區,中央里,臺北市第01選區,2,張斯綱,中國國民黨,1655,
2024年區域立委選舉,2024,臺北市,北投區,中央里,臺北市第01選區,3,賴宗育,人民民主黨,27,
2024年區域立委選舉,2024,臺北市,北投區,中央里,臺北市第01選區,4,侯漢廷,無黨籍及未經政黨推薦,689,
2024年區域立委選舉,2024,臺北市,北投區,中央里,臺北市第01選區,5,張臺勝,人民最大黨,3,
2024年區域立委選舉,2024,臺北市,北投區,中央里,臺北市第01選區,6,胡金城,人民最大黨,5,
2024年區域立委選舉,2024,臺北市,北投區,中央里,臺北市第01選區,7,許盛鋒,無黨籍及未經政黨推薦,10,
2024年區域立委選舉,2024,臺北市,北投區,中央里,臺北市第01選區,8,陳執中,臺灣雙語無法黨,29,
2024年區域立委選舉,2024,臺北市,北投區,長安里,臺北市第01選區,1,吳思瑤,民主進步黨,1779,*
2024年區域立委選舉,2024,臺北市,北投區,長安里,臺北市第01選區,2,張斯綱,中國國民黨,1196,
2024年區域立委選舉,2024,臺北市,北投區,長安里,臺北市第01選區,3,賴宗育,人民民主黨,14,
2024年區域立委選舉,2024,臺北市,北投區,長安里,臺北市第01選區,4,侯漢廷,無黨籍及未經政黨推薦,541,
2024年區域立委選舉,2024,臺北市,北投區,長安里,臺北市第01選區,5,張臺勝,人民最大黨,3,
2024年區域立委選舉,2024,臺北市,北投區,長安里,臺北市第01選區,6,胡金城,人民最大黨,5,
2024年區域立委選舉,2024,臺北市,北投區,長安里,臺北市第01選區,7,許盛鋒,無黨籍及未經政黨推薦,2,
2024年區域立委選舉,2024,臺北市,北投區,長安里,臺北市第01選區,8,陳執中,臺灣雙語無法黨,20,
2024年區域立委選舉,2024,臺北市,北投區,大同里,臺北市第01選區,1,吳思瑤,民主進步黨,1725,*
2024年區域立委選舉,2024,臺北市,北投區,大同里,臺北市第01選區,2,張斯綱,中國國民黨,1079,
2024年區域立委選舉,2024,臺北市,北投區,大同里,臺北市第01選區,3,賴宗育,人民民主黨,12,
2024年區域立委選舉,2024,臺北市,北投區,大同里,臺北市第01選區,4,侯漢廷,無黨籍及未經政黨推薦,474,
2024年區域立委選舉,2024,臺北市,北投區,大同里,臺北市第01選區,5,張臺勝,人民最大黨,3,
2024年區域立委選舉,2024,臺北市,北投區,大同里,臺北市第01選區,6,胡金城,人民最大黨,4,
2024年區域立委選舉,2024,臺北市,北投區,大同里,臺北市第01選區,7,許盛鋒,無黨籍及未經政黨推薦,8,
2024年區域立委選舉,2024,臺北市,北投區,大同里,臺北市第01選區,8,陳執中,臺灣雙語無法黨,19,
2024年區域立委選舉,2024,臺北市,北投區,溫泉里,臺北市第01選區,1,吳思瑤,民主進步黨,1952,*
2024年區域立委選舉,2024,臺北市,北投區,溫泉里,臺北市第01選區,2,張斯綱,中國國民黨,1389,
2024年區域立委選舉,2024,臺北市,北投區,溫泉里,臺北市第01選區,3,賴宗育,人民民主黨,21,
2024年區域立委選舉,2024,臺北市,北投區,溫泉里,臺北市第01選區,4,侯漢廷,無黨籍及未經政黨推薦,549,
2024年區域立委選舉,2024,臺北市,北投區,溫泉里,臺北市第01選區,5,張臺勝,人民最大黨,2,
2024年區域立委選舉,2024,臺北市,北投區,溫泉里,臺北市第01選區,6,胡金城,人民最大黨,11,
2024年區域立委選舉,2024,臺北市,北投區,溫泉里,臺北市第01選區,7,許盛鋒,無黨籍及未經政黨推薦,10,
2024年區域立委選舉,2024,臺北市,北投區,溫泉里,臺北市第01選區,8,陳執中,臺灣雙語無法黨,17,
2024年區域立委選舉,2024,臺北市,北投區,林泉里,臺北市第01選區,1,吳思瑤,民主進步黨,747,*
2024年區域立委選舉,2024,臺北市,北投區,林泉里,臺北市第01選區,2,張斯綱,中國國民黨,652,
2024年區域立委選舉,2024,臺北市,北投區,林泉里,臺北市第01選區,3,賴宗育,人民民主黨,5,
2024年區域立委選舉,2024,臺北市,北投區,林泉里,臺北市第01選區,4,侯漢廷,無黨籍及未經政黨推薦,279,
2024年區域立委選舉,2024,臺北市,北投區,林泉里,臺北市第01選區,5,張臺勝,人民最大黨,1,
2024年區域立委選舉,2024,臺北市,北投區,林泉里,臺北市第01選區,6,胡金城,人民最大黨,1,
2024年區域立委選舉,2024,臺北市,北投區,林泉里,臺北市第01選區,7,許盛鋒,無黨籍及未經政黨推薦,5,
2024年區域立委選舉,2024,臺北市,北投區,林泉里,臺北市第01選區,8,陳執中,臺灣雙語無法黨,6,
2024年區域立委選舉,2024,臺北市,北投區,中心里,臺北市第01選區,1,吳思瑤,民主進步黨,1745,*
2024年區域立委選舉,2024,臺北市,北投區,中心里,臺北市第01選區,2,張斯綱,中國國民黨,1373,
2024年區域立委選舉,2024,臺北市,北投區,中心里,臺北市第01選區,3,賴宗育,人民民主黨,14,
2024年區域立委選舉,2024,臺北市,北投區,中心里,臺北市第01選區,4,侯漢廷,無黨籍及未經政黨推薦,657,
2024年區域立委選舉,2024,臺北市,北投區,中心里,臺北市第01選區,5,張臺勝,人民最大黨,1,
2024年區域立委選舉,2024,臺北市,北投區,中心里,臺北市第01選區,6,胡金城,人民最大黨,11,
2024年區域立委選舉,2024,臺北市,北投區,中心里,臺北市第01選區,7,許盛鋒,無黨籍及未經政黨推薦,4,
2024年區域立委選舉,2024,臺北市,北投區,中心里,臺北市第01選區,8,陳執中,臺灣雙語無法黨,30,
2024年區域立委選舉,2024,臺北市,北投區,中庸里,臺北市第01選區,1,吳思瑤,民主進步黨,1235,*
2024年區域立委選舉,2024,臺北市,北投區,中庸里,臺北市第01選區,2,張斯綱,中國國民黨,752,
2024年區域立委選舉,2024,臺北市,北投區,中庸里,臺北市第01選區,3,賴宗育,人民民主黨,6,
2024年區域立委選舉,2024,臺北市,北投區,中庸里,臺北市第01選區,4,侯漢廷,無黨籍及未經政黨推薦,387,
2024年區域立委選舉,2024,臺北市,北投區,中庸里,臺北市第01選區,5,張臺勝,人民最大黨,2,
2024年區域立委選舉,2024,臺北市,北投區,中庸里,臺北市第01選區,6,胡金城,人民最大黨,8,
2024年區域立委選舉,2024,臺北市,北投區,中庸里,臺北市第01選區,7,許盛鋒,無黨籍及未經政黨推薦,3,
2024年區域立委選舉,2024,臺北市,北投區,中庸里,臺北市第01選區,8,陳執中,臺灣雙語無法黨,8,
2024年區域立委選舉,2024,臺北市,北投區,開明里,臺北市第01選區,1,吳思瑤,民主進步黨,1783,*
2024年區域立委選舉,2024,臺北市,北投區,開明里,臺北市第01選區,2,張斯綱,中國國民黨,1563,
2024年區域立委選舉,2024,臺北市,北投區,開明里,臺北市第01選區,3,賴宗育,人民民主黨,25,
2024年區域立委選舉,2024,臺北市,北投區,開明里,臺北市第01選區,4,侯漢廷,無黨籍及未經政黨推薦,655,
2024年區域立委選舉,2024,臺北市,北投區,開明里,臺北市第01選區,5,張臺勝,人民最大黨,5,
2024年區域立委選舉,2024,臺北市,北投區,開明里,臺北市第01選區,6,胡金城,人民最大黨,9,
2024年區域立委選舉,2024,臺北市,北投區,開明里,臺北市第01選區,7,許盛鋒,無黨籍及未經政黨推薦,5,
2024年區域立委選舉,2024,臺北市,北投區,開明里,臺北市第01選區,8,陳執中,臺灣雙語無法黨,15,
2024年區域立委選舉,2024,臺北市,北投區,中和里,臺北市第01選區,1,吳思瑤,民主進步黨,1359,*
2024年區域立委選舉,2024,臺北市,北投區,中和里,臺北市第01選區,2,張斯綱,中國國民黨,1128,
2024年區域立委選舉,2024,臺北市,北投區,中和里,臺北市第01選區,3,賴宗育,人民民主黨,13,
2024年區域立委選舉,2024,臺北市,北投區,中和里,臺北市第01選區,4,侯漢廷,無黨籍及未經政黨推薦,476,
2024年區域立委選舉,2024,臺北市,北投區,中和里,臺北市第01選區,5,張臺勝,人民最大黨,0,
2024年區域立委選舉,2024,臺北市,北投區,中和里,臺北市第01選區,6,胡金城,人民最大黨,3,
2024年區域立委選舉,2024,臺北市,北投區,中和里,臺北市第01選區,7,許盛鋒,無黨籍及未經政黨推薦,2,
2024年區域立委選舉,2024,臺北市,北投區,中和里,臺北市第01選區,8,陳執中,臺灣雙語無法黨,13,
2024年區域立委選舉,2024,臺北市,北投區,智仁里,臺北市第01選區,1,吳思瑤,民主進步黨,1559,*
2024年區域立委選舉,2024,臺北市,北投區,智仁里,臺北市第01選區,2,張斯綱,中國國民黨,1368,
2024年區域立委選舉,2024,臺北市,北投區,智仁里,臺北市第01選區,3,賴宗育,人民民主黨,20,
2024年區域立委選舉,2024,臺北市,北投區,智仁里,臺北市第01選區,4,侯漢廷,無黨籍及未經政黨推薦,613,
2024年區域立委選舉,2024,臺北市,北投區,智仁里,臺北市第01選區,5,張臺勝,人民最大黨,4,
2024年區域立委選舉,2024,臺北市,北投區,智仁里,臺北市第01選區,6,胡金城,人民最大黨,4,
2024年區域立委選舉,2024,臺北市,北投區,智仁里,臺北市第01選區,7,許盛鋒,無黨籍及未經政黨推薦,9,
2024年區域立委選舉,2024,臺北市,北投區,智仁里,臺北市第01選區,8,陳執中,臺灣雙語無法黨,15,
2024年區域立委選舉,2024,臺北市,北投區,秀山里,臺北市第01選區,1,吳思瑤,民主進步黨,849,*
2024年區域立委選舉,2024,臺北市,北投區,秀山里,臺北市第01選區,2,張斯綱,中國國民黨,750,
2024年區域立委選舉,2024,臺北市,北投區,秀山里,臺北市第01選區,3,賴宗育,人民民主黨,13,
2024年區域立委選舉,2024,臺北市,北投區,秀山里,臺北市第01選區,4,侯漢廷,無黨籍及未經政黨推薦,272,
2024年區域立委選舉,2024,臺北市,北投區,秀山里,臺北市第01選區,5,張臺勝,人民最大黨,1,
2024年區域立委選舉,2024,臺北市,北投區,秀山里,臺北市第01選區,6,胡金城,人民最大黨,5,
2024年區域立委選舉,2024,臺北市,北投區,秀山里,臺北市第01選區,7,許盛鋒,無黨籍及未經政黨推薦,5,
2024年區域立委選舉,2024,臺北市,北投區,秀山里,臺北市第01選區,8,陳執中,臺灣雙語無法黨,10,
2024年區域立委選舉,2024,臺北市,北投區,文化里,臺北市第01選區,1,吳思瑤,民主進步黨,756,*
2024年區域立委選舉,2024,臺北市,北投區,文化里,臺北市第01選區,2,張斯綱,中國國民黨,1242,
2024年區域立委選舉,2024,臺北市,北投區,文化里,臺北市第01選區,3,賴宗育,人民民主黨,7,
2024年區域立委選舉,2024,臺北市,北投區,文化里,臺北市第01選區,4,侯漢廷,無黨籍及未經政黨推薦,417,
2024年區域立委選舉,2024,臺北市,北投區,文化里,臺北市第01選區,5,張臺勝,人民最大黨,1,
2024年區域立委選舉,2024,臺北市,北投區,文化里,臺北市第01選區,6,胡金城,人民最大黨,1,
2024年區域立委選舉,2024,臺北市,北投區,文化里,臺北市第01選區,7,許盛鋒,無黨籍及未經政黨推薦,0,
2024年區域立委選舉,2024,臺北市,北投區,文化里,臺北市第01選區,8,陳執中,臺灣雙語無法黨,13,
2024年區域立委選舉,2024,臺北市,北投區,豐年里,臺北市第01選區,1,吳思瑤,民主進步黨,1103,*
2024年區域立委選舉,2024,臺北市,北投區,豐年里,臺北市第01選區,2,張斯綱,中國國民黨,925,
2024年區域立委選舉,2024,臺北市,北投區,豐年里,臺北市第01選區,3,賴宗育,人民民主黨,13,
2024年區域立委選舉,2024,臺北市,北投區,豐年里,臺北市第01選區,4,侯漢廷,無黨籍及未經政黨推薦,417,
2024年區域立委選舉,2024,臺北市,北投區,豐年里,臺北市第01選區,5,張臺勝,人民最大黨,3,
2024年區域立委選舉,2024,臺北市,北投區,豐年里,臺北市第01選區,6,胡金城,人民最大黨,5,
2024年區域立委選舉,2024,臺北市,北投區,豐年里,臺北市第01選區,7,許盛鋒,無黨籍及未經政黨推薦,1,
2024年區域立委選舉,2024,臺北市,北投區,豐年里,臺北市第01選區,8,陳執中,臺灣雙語無法黨,8,
2024年區域立委選舉,2024,臺北市,北投區,稻香里,臺北市第01選區,1,吳思瑤,民主進步黨,1455,*
2024年區域立委選舉,2024,臺北市,北投區,稻香里,臺北市第01選區,2,張斯綱,中國國民黨,1324,
2024年區域立委選舉,2024,臺北市,北投區,稻香里,臺北市第01選區,3,賴宗育,人民民主黨,6,
2024年區域立委選舉,2024,臺北市,北投區,稻香里,臺北市第01選區,4,侯漢廷,無黨籍及未經政黨推薦,507,
2024年區域立委選舉,2024,臺北市,北投區,稻香里,臺北市第01選區,5,張臺勝,人民最大黨,3,
2024年區域立委選舉,2024,臺北市,北投區,稻香里,臺北市第01選區,6,胡金城,人民最大黨,6,
2024年區域立委選舉,2024,臺北市,北投區,稻香里,臺北市第01選區,7,許盛鋒,無黨籍及未經政黨推薦,3,
2024年區域立委選舉,2024,臺北市,北投區,稻香里,臺北市第01選區,8,陳執中,臺灣雙語無法黨,17,
2024年區域立委選舉,2024,臺北市,北投區,桃源里,臺北市第01選區,1,吳思瑤,民主進步黨,1778,*
2024年區域立委選舉,2024,臺北市,北投區,桃源里,臺北市第01選區,2,張斯綱,中國國民黨,1254,
2024年區域立委選舉,2024,臺北市,北投區,桃源里,臺北市第01選區,3,賴宗育,人民民主黨,24,
2024年區域立委選舉,2024,臺北市,北投區,桃源里,臺北市第01選區,4,侯漢廷,無黨籍及未經政黨推薦,555,
2024年區域立委選舉,2024,臺北市,北投區,桃源里,臺北市第01選區,5,張臺勝,人民最大黨,4,
2024年區域立委選舉,2024,臺北市,北投區,桃源里,臺北市第01選區,6,胡金城,人民最大黨,7,
2024年區域立委選舉,2024,臺北市,北投區,桃源里,臺北市第01選區,7,許盛鋒,無黨籍及未經政黨推薦,6,
2024年區域立委選舉,2024,臺北市,北投區,桃源里,臺北市第01選區,8,陳執中,臺灣雙語無法黨,19,
2024年區域立委選舉,2024,臺北市,北投區,一德里,臺北市第01選區,1,吳思瑤,民主進步黨,2327,*
2024年區域立委選舉,2024,臺北市,北投區,一德里,臺北市第01選區,2,張斯綱,中國國民黨,1462,
2024年區域立委選舉,2024,臺北市,北投區,一德里,臺北市第01選區,3,賴宗育,人民民主黨,21,
2024年區域立委選舉,2024,臺北市,北投區,一德里,臺北市第01選區,4,侯漢廷,無黨籍及未經政黨推薦,635,
2024年區域立委選舉,2024,臺北市,北投區,一德里,臺北市第01選區,5,張臺勝,人民最大黨,2,
2024年區域立委選舉,2024,臺北市,北投區,一德里,臺北市第01選區,6,胡金城,人民最大黨,8,
2024年區域立委選舉,2024,臺北市,北投區,一德里,臺北市第01選區,7,許盛鋒,無黨籍及未經政黨推薦,8,
2024年區域立委選舉,2024,臺北市,北投區,一德里,臺北市第01選區,8,陳執中,臺灣雙語無法黨,23,
2024年區域立委選舉,2024,臺北市,北投區,關渡里,臺北市第01選區,1,吳思瑤,民主進步黨,3143,*
2024年區域立委選舉,2024,臺北市,北投區,關渡里,臺北市第01選區,2,張斯綱,中國國民黨,2361,
2024年區域立委選舉,2024,臺北市,北投區,關渡里,臺北市第01選區,3,賴宗育,人民民主黨,28,
2024年區域立委選舉,2024,臺北市,北投區,關渡里,臺北市第01選區,4,侯漢廷,無黨籍及未經政黨推薦,838,
2024年區域立委選舉,2024,臺北市,北投區,關渡里,臺北市第01選區,5,張臺勝,人民最大黨,8,
2024年區域立委選舉,2024,臺北市,北投區,關渡里,臺北市第01選區,6,胡金城,人民最大黨,15,
2024年區域立委選舉,2024,臺北市,北投區,關渡里,臺北市第01選區,7,許盛鋒,無黨籍及未經政黨推薦,11,
2024年區域立委選舉,2024,臺北市,北投區,關渡里,臺北市第01選區,8,陳執中,臺灣雙語無法黨,28,
2024年區域立委選舉,2024,臺北市,北投區,泉源里,臺北市第01選區,1,吳思瑤,民主進步黨,781,*
2024年區域立委選舉,2024,臺北市,北投區,泉源里,臺北市第01選區,2,張斯綱,中國國民黨,420,
2024年區域立委選舉,2024,臺北市,北投區,泉源里,臺北市第01選區,3,賴宗育,人民民主黨,11,
2024年區域立委選舉,2024,臺北市,北投區,泉源里,臺北市第01選區,4,侯漢廷,無黨籍及未經政黨推薦,169,
2024年區域立委選舉,2024,臺北市,北投區,泉源里,臺北市第01選區,5,張臺勝,人民最大黨,1,
2024年區域立委選舉,2024,臺北市,北投區,泉源里,臺北市第01選區,6,胡金城,人民最大黨,3,
2024年區域立委選舉,2024,臺北市,北投區,泉源里,臺北市第01選區,7,許盛鋒,無黨籍及未經政黨推薦,1,
2024年區域立委選舉,2024,臺北市,北投區,泉源里,臺北市第01選區,8,陳執中,臺灣雙語無法黨,7,
2024年區域立委選舉,2024,臺北市,北投區,湖山里,臺北市第01選區,1,吳思瑤,民主進步黨,467,*
2024年區域立委選舉,2024,臺北市,北投區,湖山里,臺北市第01選區,2,張斯綱,中國國民黨,351,
2024年區域立委選舉,2024,臺北市,北投區,湖山里,臺北市第01選區,3,賴宗育,人民民主黨,0,
2024年區域立委選舉,2024,臺北市,北投區,湖山里,臺北市第01選區,4,侯漢廷,無黨籍及未經政黨推薦,100,
2024年區域立委選舉,2024,臺北市,北投區,湖山里,臺北市第01選區,5,張臺勝,人民最大黨,0,
2024年區域立委選舉,2024,臺北市,北投區,湖山里,臺北市第01選區,6,胡金城,人民最大黨,3,
2024年區域立委選舉,2024,臺北市,北投區,湖山里,臺北市第01選區,7,許盛鋒,無黨籍及未經政黨推薦,2,
2024年區域立委選舉,2024,臺北市,北投區,湖山里,臺北市第01選區,8,陳執中,臺灣雙語無法黨,2,
2024年區域立委選舉,2024,臺北市,北投區,大屯里,臺北市第01選區,1,吳思瑤,民主進步黨,418,*
2024年區域立委選舉,2024,臺北市,北投區,大屯里,臺北市第01選區,2,張斯綱,中國國民黨,200,
2024年區域立委選舉,2024,臺北市,北投區,大屯里,臺北市第01選區,3,賴宗育,人民民主黨,2,
2024年區域立委選舉,2024,臺北市,北投區,大屯里,臺北市第01選區,4,侯漢廷,無黨籍及未經政黨推薦,80,
2024年區域立委選舉,2024,臺北市,北投區,大屯里,臺北市第01選區,5,張臺勝,人民最大黨,0,
2024年區域立委選舉,2024,臺北市,北投區,大屯里,臺北市第01選區,6,胡金城,人民最大黨,3,
2024年區域立委選舉,2024,臺北市,北投區,大屯里,臺北市第01選區,7,許盛鋒,無黨籍及未經政黨推薦,1,
2024年區域立委選舉,2024,臺北市,北投區,大屯里,臺北市第01選區,8,陳執中,臺灣雙語無法黨,4,
2024年區域立委選舉,2024,臺北市,北投區,湖田里,臺北市第01選區,1,吳思瑤,民主進步黨,262,*
2024年區域立委選舉,2024,臺北市,北投區,湖田里,臺北市第01選區,2,張斯綱,中國國民黨,210,
2024年區域立委選舉,2024,臺北市,北投區,湖田里,臺北市第01選區,3,賴宗育,人民民主黨,4,
2024年區域立委選舉,2024,臺北市,北投區,湖田里,臺北市第01選區,4,侯漢廷,無黨籍及未經政黨推薦,44,
2024年區域立委選舉,2024,臺北市,北投區,湖田里,臺北市第01選區,5,張臺勝,人民最大黨,0,
2024年區域立委選舉,2024,臺北市,北投區,湖田里,臺北市第01選區,6,胡金城,人民最大黨,3,
2024年區域立委選舉,2024,臺北市,北投區,湖田里,臺北市第01選區,7,許盛鋒,無黨籍及未經政黨推薦,0,
2024年區域立委選舉,2024,臺北市,北投區,湖田里,臺北市第01選區,8,陳執中,臺灣雙語無法黨,5,
