選舉名稱,屆期,縣市,鄉鎮市區,村里,選區,號次,候選人,政黨,得票數,當選註記
2022年直轄市長選舉,2022,臺北市,松山區,莊敬里,臺北市,1,張家豪,台灣動物保護黨,2,
2022年直轄市長選舉,2022,臺北市,松山區,莊敬里,臺北市,2,王文娟,無黨籍及未經政黨推薦,2,
2022年直轄市長選舉,2022,臺北市,松山區,莊敬里,臺北市,3,鄭匡宇,無黨籍及未經政黨推薦,0,
2022年直轄市長選舉,2022,臺北市,松山區,莊敬里,臺北市,4,黃聖峰,台澎黨,1,
2022年直轄市長選舉,2022,臺北市,松山區,莊敬里,臺北市,5,童文薰,無黨籍及未經政黨推薦,5,
2022年直轄市長選舉,2022,臺北市,松山區,莊敬里,臺北市,6,蔣萬安,中國國民黨,1345,*
2022年直轄市長選舉,2022,臺北市,松山區,莊敬里,臺北市,7,蘇煥智,台灣維新,4,
2022年直轄市長選舉,2022,臺北市,松山區,莊敬里,臺北市,8,黃珊珊,無黨籍及未經政黨推薦,617,
2022年直轄市長選舉,2022,臺北市,松山區,莊敬里,臺北市,9,施奉先,無黨籍及未經政黨推薦,1,
2022年直轄市長選舉,2022,臺北市,松山區,莊敬里,臺北市,10,唐新民,共和黨,1,
2022年直轄市長選舉,2022,臺北市,松山區,莊敬里,臺北市,11,謝立康,無黨籍及未經政黨推薦,0,
2022年直轄市長選舉,2022,臺北市,松山區,莊敬里,臺北市,12,陳時中,民主進步黨,816,
2022年直轄市長選舉,2022,臺北市,松山區,東榮里,臺北市,1,張家豪,台灣動物保護黨,8,
2022年直轄市長選舉,2022,臺北市,松山區,東榮里,臺北市,2,王文娟,無黨籍及未經政黨推薦,2,
2022年直轄市長選舉,2022,臺北市,松山區,東榮里,臺北市,3,鄭匡宇,無黨籍及未經政黨推薦,0,
2022年直轄市長選舉,2022,臺北市,松山區,東榮里,臺北市,4,黃聖峰,台澎黨,0,
2022年直轄市長選舉,2022,臺北市,松山區,東榮里,臺北市,5,童文薰,無黨籍及未經政黨推薦,6,
2022年直轄市長選舉,2022,臺北市,松山區,東榮里,臺北市,6,蔣萬安,中國國民黨,1824,*
2022年直轄市長選舉,2022,臺北市,松山區,東榮里,臺北市,7,蘇煥智,台灣維新,4,
2022年直轄市長選舉,2022,臺北市,松山區,東榮里,臺北市,8,黃珊珊,無黨籍及未經政黨推薦,899,
2022年直轄市長選舉,2022,臺北市,松山區,東榮里,臺北市,9,施奉先,無黨籍及未經政黨推薦,0,
2022年直轄市長選舉,2022,臺北市,松山區,東榮里,臺北市,10,唐新民,共和黨,0,
2022年直轄市長選舉,2022,臺北市,松山區,東榮里,臺北市,11,謝立康,無黨籍及未經政黨推薦,2,
2022年直轄市長選舉,2022,臺北市,松山區,東榮里,臺北市,12,陳時中,民主進步黨,1458,
2022年直轄市長選舉,2022,臺北市,松山區,三民里,臺北市,1,張家豪,台灣動物保護黨,3,
2022年直轄市長選舉,2022,臺北市,松山區,三民里,臺北市,2,王文娟,無黨籍及未經政黨推薦,2,
2022年直轄市長選舉,2022,臺北市,松山區,三民里,臺北市,3,鄭匡宇,無黨籍及未經政黨推薦,1,
2022年直轄市長選舉,2022,臺北市,松山區,三民里,臺北市,4,黃聖峰,台澎黨,0,
2022年直轄市長選舉,2022,臺北市,松山區,三民里,臺北市,5,童文薰,無黨籍及未經政黨推薦,3,
2022年直轄市長選舉,2022,臺北市,松山區,三民里,臺北市,6,蔣萬安,中國國民黨,1705,*
2022年直轄市長選舉,2022,臺北市,松山區,三民里,臺北市,7,蘇煥智,台灣維新,3,
2022年直轄市長選舉,2022,臺北市,松山區,三民里,臺北市,8,黃珊珊,無黨籍及未經政黨推薦,744,
2022年直轄市長選舉,2022,臺北市,松山區,三民里,臺北市,9,施奉先,無黨籍及未經政黨推薦,0,
2022年直轄市長選舉,2022,臺北市,松山區,三民里,臺北市,10,唐新民,共和黨,1,
2022年直轄市長選舉,2022,臺北市,松山區,三民里,臺北市,11,謝立康,無黨籍及未經政黨推薦,1,
2022年直轄市長選舉,2022,臺北市,松山區,三民里,臺北市,12,陳時中,民主進步黨,1116,
2022年直轄市長選舉,2022,臺北市,松山區,新益里,臺北市,1,張家豪,台灣動物保護黨,1,
2022年直轄市長選舉,2022,臺北市,松山區,新益里,臺北市,2,王文娟,無黨籍及未經政黨推薦,1,
2022年直轄市長選舉,2022,臺北市,松山區,新益里,臺北市,3,鄭匡宇,無黨籍及未經政黨推薦,1,
2022年直轄市長選舉,2022,臺北市,松山區,新益里,臺北市,4,黃聖峰,台澎黨,0,
2022年直轄市長選舉,2022,臺北市,松山區,新益里,臺北市,5,童文薰,無黨籍及未經政黨推薦,4,
2022年直轄市長選舉,2022,臺北市,松山區,新益里,臺北市,6,蔣萬安,中國國民黨,1166,*
2022年直轄市長選舉,2022,臺北市,松山區,新益里,臺北市,7,蘇煥智,台灣維新,0,
2022年直轄市長選舉,2022,臺北市,松山區,新益里,臺北市,8,黃珊珊,無黨籍及未經政黨推薦,615,
2022年直轄市長選舉,2022,臺北市,松山區,新益里,臺北市,9,施奉先,無黨籍及未經政黨推薦,0,
2022年直轄市長選舉,2022,臺北市,松山區,新益里,臺北市,10,唐新民,共和黨,0,
2022年直轄市長選舉,2022,臺北市,松山區,新益里,臺北市,11,謝立康,無黨籍及未經政黨推薦,0,
2022年直轄市長選舉,2022,臺北市,松山區,新益里,臺北市,12,陳時中,民主進步黨,857,
2022年直轄市長選舉,2022,臺北市,松山區,富錦里,臺北市,1,張家豪,台灣動物保護黨,5,
2022年直轄市長選舉,2022,臺北市,松山區,富錦里,臺北市,2,王文娟,無黨籍及未經政黨推薦,2,
2022年直轄市長選舉,2022,臺北市,松山區,富錦里,臺北市,3,鄭匡宇,無黨籍及未經政黨推薦,1,
2022年直轄市長選舉,2022,臺北市,松山區,富錦里,臺北市,4,黃聖峰,台澎黨,0,
2022年直轄市長選舉,2022,臺北市,松山區,富錦里,臺北市,5,童文薰,無黨籍及未經政黨推薦,2,
2022年直轄市長選舉,2022,臺北市,松山區,富錦里,臺北市,6,蔣萬安,中國國民黨,1327,*
2022年直轄市長選舉,2022,臺北市,松山區,富錦里,臺北市,7,蘇煥智,台灣維新,6,
2022年直轄市長選舉,2022,臺北市,松山區,富錦里,臺北市,8,黃珊珊,無黨籍及未經政黨推薦,631,
2022年直轄市長選舉,2022,臺北市,松山區,富錦里,臺北市,9,施奉先,無黨籍及未經政黨推薦,2,
2022年直轄市長選舉,2022,臺北市,松山區,富錦里,臺北市,10,唐新民,共和黨,0,
2022年直轄市長選舉,2022,臺北市,松山區,富錦里,臺北市,11,謝立康,無黨籍及未經政黨推薦,0,
2022年直轄市長選舉,2022,臺北市,松山區,富錦里,臺北市,12,陳時中,民主進步黨,858,
2022年直轄市長選舉,2022,臺北市,松山區,新東里,臺北市,1,張家豪,台灣動物保護黨,2,
2022年直轄市長選舉,2022,臺北市,松山區,新東里,臺北市,2,王文娟,無黨籍及未經政黨推薦,0,
2022年直轄市長選舉,2022,臺北市,松山區,新東里,臺北市,3,鄭匡宇,無黨籍及未經政黨推薦,0,
2022年直轄市長選舉,2022,臺北市,松山區,新東里,臺北市,4,黃聖峰,台澎黨,0,
2022年直轄市長選舉,2022,臺北市,松山區,新東里,臺北市,5,童文薰,無黨籍及未經政黨推薦,1,
2022年直轄市長選舉,2022,臺北市,松山區,新東里,臺北市,6,蔣萬安,中國國民黨,1235,*
2022年直轄市長選舉,2022,臺北市,松山區,新東里,臺北市,7,蘇煥智,台灣維新,3,
2022年直轄市長選舉,2022,臺北市,松山區,新東里,臺北市,8,黃珊珊,無黨籍及未經政黨推薦,617,
2022年直轄市長選舉,2022,臺北市,松山區,新東里,臺北市,9,施奉先,無黨籍及未經政黨推薦,0,
2022年直轄市長選舉,2022,臺北市,松山區,新東里,臺北市,10,唐新民,共和黨,0,
2022年直轄市長選舉,2022,臺北市,松山區,新東里,臺北市,11,謝立康,無黨籍及未經政黨推薦,1,
2022年直轄市長選舉,2022,臺北市,松山區,新東里,臺北市,12,陳時中,民主進步黨,853,
2022年直轄市長選舉,2022,臺北市,松山區,富泰里,臺北市,1,張家豪,台灣動物保護黨,3,
2022年直轄市長選舉,2022,臺北市,松山區,富泰里,臺北市,2,王文娟,無黨籍及未經政黨推薦,1,
2022年直轄市長選舉,2022,臺北市,松山區,富泰里,臺北市,3,鄭匡宇,無黨籍及未經政黨推薦,3,
2022年直轄市長選舉,2022,臺北市,松山區,富泰里,臺北市,4,黃聖峰,台澎黨,0,
2022年直轄市長選舉,2022,臺北市,松山區,富泰里,臺北市,5,童文薰,無黨籍及未經政黨推薦,4,
2022年直轄市長選舉,2022,臺北市,松山區,富泰里,臺北市,6,蔣萬安,中國國民黨,1277,*
2022年直轄市長選舉,2022,臺北市,松山區,富泰里,臺北市,7,蘇煥智,台灣維新,8,
2022年直轄市長選舉,2022,臺北市,松山區,富泰里,臺北市,8,黃珊珊,無黨籍及未經政黨推薦,518,
2022年直轄市長選舉,2022,臺北市,松山區,富泰里,臺北市,9,施奉先,無黨籍及未經政黨推薦,0,
2022年直轄市長選舉,2022,臺北市,松山區,富泰里,臺北市,10,唐新民,共和黨,1,
2022年直轄市長選舉,2022,臺北市,松山區,富泰里,臺北市,11,謝立康,無黨籍及未經政黨推薦,1,
2022年直轄市長選舉,2022,臺北市,松山區,富泰里,臺北市,12,陳時中,民主進步黨,649,
2022年直轄市長選舉,2022,臺北市,松山區,介壽里,臺北市,1,張家豪,台灣動物保護黨,1,
2022年直轄市長選舉,2022,臺北市,松山區,介壽里,臺北市,2,王文娟,無黨籍及未經政黨推薦,0,
2022年直轄市長選舉,2022,臺北市,松山區,介壽里,臺北市,3,鄭匡宇,無黨籍及未經政黨推薦,0,
2022年直轄市長選舉,2022,臺北市,松山區,介壽里,臺北市,4,黃聖峰,台澎黨,0,
2022年直轄市長選舉,2022,臺北市,松山區,介壽里,臺北市,5,童文薰,無黨籍及未經政黨推薦,4,
2022年直轄市長選舉,2022,臺北市,松山區,介壽里,臺北市,6,蔣萬安,中國國民黨,983,*
2022年直轄市長選舉,2022,臺北市,松山區,介壽里,臺北市,7,蘇煥智,台灣維新,1,
2022年直轄市長選舉,2022,臺北市,松山區,介壽里,臺北市,8,黃珊珊,無黨籍及未經政黨推薦,545,
2022年直轄市長選舉,2022,臺北市,松山區,介壽里,臺北市,9,施奉先,無黨籍及未經政黨推薦,1,
2022年直轄市長選舉,2022,臺北市,松山區,介壽里,臺北市,10,唐新民,共和黨,0,
2022年直轄市長選舉,2022,臺北市,松山區,介壽里,臺北市,11,謝立康,無黨籍及未經政黨推薦,0,
2022年直轄市長選舉,2022,臺北市,松山區,介壽里,臺北市,12,陳時中,民主進步黨,790,
2022年直轄市長選舉,2022,臺北市,松山區,精忠里,臺北市,1,張家豪,台灣動物保護黨,6,
2022年直轄市長選舉,2022,臺北市,松山區,精忠里,臺北市,2,王文娟,無黨籍及未經政黨推薦,1,
2022年直轄市長選舉,2022,臺北市,松山區,精忠里,臺北市,3,鄭匡宇,無黨籍及未經政黨推薦,2,
2022年直轄市長選舉,2022,臺北市,松山區,精忠里,臺北市,4,黃聖峰,台澎黨,0,
2022年直轄市長選舉,2022,臺北市,松山區,精忠里,臺北市,5,童文薰,無黨籍及未經政黨推薦,3,
2022年直轄市長選舉,2022,臺北市,松山區,精忠里,臺北市,6,蔣萬安,中國國民黨,1045,*
2022年直轄市長選舉,2022,臺北市,松山區,精忠里,臺北市,7,蘇煥智,台灣維新,5,
2022年直轄市長選舉,2022,臺北市,松山區,精忠里,臺北市,8,黃珊珊,無黨籍及未經政黨推薦,524,
2022年直轄市長選舉,2022,臺北市,松山區,精忠里,臺北市,9,施奉先,無黨籍及未經政黨推薦,1,
2022年直轄市長選舉,2022,臺北市,松山區,精忠里,臺北市,10,唐新民,共和黨,0,
2022年直轄市長選舉,2022,臺北市,松山區,精忠里,臺北市,11,謝立康,無黨籍及未經政黨推薦,0,
2022年直轄市長選舉,2022,臺北市,松山區,精忠里,臺北市,12,陳時中,民主進步黨,704,
2022年直轄市長選舉,2022,臺北市,松山區,東光里,臺北市,1,張家豪,台灣動物保護黨,7,
2022年直轄市長選舉,2022,臺北市,松山區,東光里,臺北市,2,王文娟,無黨籍及未經政黨推薦,1,
2022年直轄市長選舉,2022,臺北市,松山區,東光里,臺北市,3,鄭匡宇,無黨籍及未經政黨推薦,1,
2022年直轄市長選舉,2022,臺北市,松山區,東光里,臺北市,4,黃聖峰,台澎黨,1,
2022年直轄市長選舉,2022,臺北市,松山區,東光里,臺北市,5,童文薰,無黨籍及未經政黨推薦,4,
2022年直轄市長選舉,2022,臺北市,松山區,東光里,臺北市,6,蔣萬安,中國國民黨,1840,*
2022年直轄市長選舉,2022,臺北市,松山區,東光里,臺北市,7,蘇煥智,台灣維新,7,
2022年直轄市長選舉,2022,臺北市,松山區,東光里,臺北市,8,黃珊珊,無黨籍及未經政黨推薦,838,
2022年直轄市長選舉,2022,臺北市,松山區,東光里,臺北市,9,施奉先,無黨籍及未經政黨推薦,0,
2022年直轄市長選舉,2022,臺北市,松山區,東光里,臺北市,10,唐新民,共和黨,0,
2022年直轄市長選舉,2022,臺北市,松山區,東光里,臺北市,11,謝立康,無黨籍及未經政黨推薦,0,
2022年直轄市長選舉,2022,臺北市,松山區,東光里,臺北市,12,陳時中,民主進步黨,1151,
2022年直轄市長選舉,2022,臺北市,松山區,龍田里,臺北市,1,張家豪,台灣動物保護黨,4,
2022年直轄市長選舉,2022,臺北市,松山區,龍田里,臺北市,2,王文娟,無黨籍及未經政黨推薦,2,
2022年直轄市長選舉,2022,臺北市,松山區,龍田里,臺北市,3,鄭匡宇,無黨籍及未經政黨推薦,1,
2022年直轄市長選舉,2022,臺北市,松山區,龍田里,臺北市,4,黃聖峰,台澎黨,1,
2022年直轄市長選舉,2022,臺北市,松山區,龍田里,臺北市,5,童文薰,無黨籍及未經政黨推薦,7,
2022年直轄市長選舉,2022,臺北市,松山區,龍田里,臺北市,6,蔣萬安,中國國民黨,2985,*
2022年直轄市長選舉,2022,臺北市,松山區,龍田里,臺北市,7,蘇煥智,台灣維新,9,
2022年直轄市長選舉,2022,臺北市,松山區,龍田里,臺北市,8,黃珊珊,無黨籍及未經政黨推薦,1304,
2022年直轄市長選舉,2022,臺北市,松山區,龍田里,臺北市,9,施奉先,無黨籍及未經政黨推薦,2,
2022年直轄市長選舉,2022,臺北市,松山區,龍田里,臺北市,10,唐新民,共和黨,2,
2022年直轄市長選舉,2022,臺北市,松山區,龍田里,臺北市,11,謝立康,無黨籍及未經政黨推薦,0,
2022年直轄市長選舉,2022,臺北市,松山區,龍田里,臺北市,12,陳時中,民主進步黨,1183,
2022年直轄市長選舉,2022,臺北市,松山區,東昌里,臺北市,1,張家豪,台灣動物保護黨,0,
2022年直轄市長選舉,2022,臺北市,松山區,東昌里,臺北市,2,王文娟,無黨籍及未經政黨推薦,2,
2022年直轄市長選舉,2022,臺北市,松山區,東昌里,臺北市,3,鄭匡宇,無黨籍及未經政黨推薦,0,
2022年直轄市長選舉,2022,臺北市,松山區,東昌里,臺北市,4,黃聖峰,台澎黨,0,
2022年直轄市長選舉,2022,臺北市,松山區,東昌里,臺北市,5,童文薰,無黨籍及未經政黨推薦,1,
2022年直轄市長選舉,2022,臺北市,松山區,東昌里,臺北市,6,蔣萬安,中國國民黨,583,*
2022年直轄市長選舉,2022,臺北市,松山區,東昌里,臺北市,7,蘇煥智,台灣維新,2,
2022年直轄市長選舉,2022,臺北市,松山區,東昌里,臺北市,8,黃珊珊,無黨籍及未經政黨推薦,343,
2022年直轄市長選舉,2022,臺北市,松山區,東昌里,臺北市,9,施奉先,無黨籍及未經政黨推薦,0,
2022年直轄市長選舉,2022,臺北市,松山區,東昌里,臺北市,10,唐新民,共和黨,0,
2022年直轄市長選舉,2022,臺北市,松山區,東昌里,臺北市,11,謝立康,無黨籍及未經政黨推薦,0,
2022年直轄市長選舉,2022,臺北市,松山區,東昌里,臺北市,12,陳時中,民主進步黨,486,
2022年直轄市長選舉,2022,臺北市,松山區,東勢里,臺北市,1,張家豪,台灣動物保護黨,2,
2022年直轄市長選舉,2022,臺北市,松山區,東勢里,臺北市,2,王文娟,無黨籍及未經政黨推薦,2,
2022年直轄市長選舉,2022,臺北市,松山區,東勢里,臺北市,3,鄭匡宇,無黨籍及未經政黨推薦,0,
2022年直轄市長選舉,2022,臺北市,松山區,東勢里,臺北市,4,黃聖峰,台澎黨,1,
2022年直轄市長選舉,2022,臺北市,松山區,東勢里,臺北市,5,童文薰,無黨籍及未經政黨推薦,3,
2022年直轄市長選舉,2022,臺北市,松山區,東勢里,臺北市,6,蔣萬安,中國國民黨,935,*
2022年直轄市長選舉,2022,臺北市,松山區,東勢里,臺北市,7,蘇煥智,台灣維新,1,
2022年直轄市長選舉,2022,臺北市,松山區,東勢里,臺北市,8,黃珊珊,無黨籍及未經政黨推薦,537,
2022年直轄市長選舉,2022,臺北市,松山區,東勢里,臺北市,9,施奉先,無黨籍及未經政黨推薦,0,
2022年直轄市長選舉,2022,臺北市,松山區,東勢里,臺北市,10,唐新民,共和黨,0,
2022年直轄市長選舉,2022,臺北市,松山區,東勢里,臺北市,11,謝立康,無黨籍及未經政黨推薦,0,
2022年直轄市長選舉,2022,臺北市,松山區,東勢里,臺北市,12,陳時中,民主進步黨,796,
2022年直轄市長選舉,2022,臺北市,松山區,中華里,臺北市,1,張家豪,台灣動物保護黨,2,
2022年直轄市長選舉,2022,臺北市,松山區,中華里,臺北市,2,王文娟,無黨籍及未經政黨推薦,0,
2022年直轄市長選舉,2022,臺北市,松山區,中華里,臺北市,3,鄭匡宇,無黨籍及未經政黨推薦,1,
2022年直轄市長選舉,2022,臺北市,松山區,中華里,臺北市,4,黃聖峰,台澎黨,1,
2022年直轄市長選舉,2022,臺北市,松山區,中華里,臺北市,5,童文薰,無黨籍及未經政黨推薦,3,
2022年直轄市長選舉,2022,臺北市,松山區,中華里,臺北市,6,蔣萬安,中國國民黨,1590,*
2022年直轄市長選舉,2022,臺北市,松山區,中華里,臺北市,7,蘇煥智,台灣維新,1,
2022年直轄市長選舉,2022,臺北市,松山區,中華里,臺北市,8,黃珊珊,無黨籍及未經政黨推薦,697,
2022年直轄市長選舉,2022,臺北市,松山區,中華里,臺北市,9,施奉先,無黨籍及未經政黨推薦,1,
2022年直轄市長選舉,2022,臺北市,松山區,中華里,臺北市,10,唐新民,共和黨,0,
2022年直轄市長選舉,2022,臺北市,松山區,中華里,臺北市,11,謝立康,無黨籍及未經政黨推薦,1,
2022年直轄市長選舉,2022,臺北市,松山區,中華里,臺北市,12,陳時中,民主進步黨,1016,
2022年直轄市長選舉,2022,臺北市,松山區,民有里,臺北市,1,張家豪,台灣動物保護黨,6,
2022年直轄市長選舉,2022,臺北市,松山區,民有里,臺北市,2,王文娟,無黨籍及未經政黨推薦,1,
2022年直轄市長選舉,2022,臺北市,松山區,民有里,臺北市,3,鄭匡宇,無黨籍及未經政黨推薦,0,
2022年直轄市長選舉,2022,臺北市,松山區,民有里,臺北市,4,黃聖峰,台澎黨,0,
2022年直轄市長選舉,2022,臺北市,松山區,民有里,臺北市,5,童文薰,無黨籍及未經政黨推薦,11,
2022年直轄市長選舉,2022,臺北市,松山區,民有里,臺北市,6,蔣萬安,中國國民黨,1958,*
2022年直轄市長選舉,2022,臺北市,松山區,民有里,臺北市,7,蘇煥智,台灣維新,6,
2022年直轄市長選舉,2022,臺北市,松山區,民有里,臺北市,8,黃珊珊,無黨籍及未經政黨推薦,1070,
2022年直轄市長選舉,2022,臺北市,松山區,民有里,臺北市,9,施奉先,無黨籍及未經政黨推薦,0,
2022年直轄市長選舉,2022,臺北市,松山區,民有里,臺北市,10,唐新民,共和黨,0,
2022年直轄市長選舉,2022,臺北市,松山區,民有里,臺北市,11,謝立康,無黨籍及未經政黨推薦,1,
2022年直轄市長選舉,2022,臺北市,松山區,民有里,臺北市,12,陳時中,民主進步黨,1779,
2022年直轄市長選舉,2022,臺北市,松山區,民福里,臺北市,1,張家豪,台灣動物保護黨,8,
2022年直轄市長選舉,2022,臺北市,松山區,民福里,臺北市,2,王文娟,無黨籍及未經政黨推薦,1,
2022年直轄市長選舉,2022,臺北市,松山區,民福里,臺北市,3,鄭匡宇,無黨籍及未經政黨推薦,0,
2022年直轄市長選舉,2022,臺北市,松山區,民福里,臺北市,4,黃聖峰,台澎黨,0,
2022年直轄市長選舉,2022,臺北市,松山區,民福里,臺北市,5,童文薰,無黨籍及未經政黨推薦,10,
2022年直轄市長選舉,2022,臺北市,松山區,民福里,臺北市,6,蔣萬安,中國國民黨,1766,*
2022年直轄市長選舉,2022,臺北市,松山區,民福里,臺北市,7,蘇煥智,台灣維新,6,
2022年直轄市長選舉,2022,臺北市,松山區,民福里,臺北市,8,黃珊珊,無黨籍及未經政黨推薦,692,
2022年直轄市長選舉,2022,臺北市,松山區,民福里,臺北市,9,施奉先,無黨籍及未經政黨推薦,2,
2022年直轄市長選舉,2022,臺北市,松山區,民福里,臺北市,10,唐新民,共和黨,0,
2022年直轄市長選舉,2022,臺北市,松山區,民福里,臺北市,11,謝立康,無黨籍及未經政黨推薦,2,
2022年直轄市長選舉,2022,臺北市,松山區,民福里,臺北市,12,陳時中,民主進步黨,969,
2022年直轄市長選舉,2022,臺北市,松山區,慈祐里,臺北市,1,張家豪,台灣動物保護黨,13,
2022年直轄市長選舉,2022,臺北市,松山區,慈祐里,臺北市,2,王文娟,無黨籍及未經政黨推薦,1,
2022年直轄市長選舉,2022,臺北市,松山區,慈祐里,臺北市,3,鄭匡宇,無黨籍及未經政黨推薦,0,
2022年直轄市長選舉,2022,臺北市,松山區,慈祐里,臺北市,4,黃聖峰,台澎黨,0,
2022年直轄市長選舉,2022,臺北市,松山區,慈祐里,臺北市,5,童文薰,無黨籍及未經政黨推薦,6,
2022年直轄市長選舉,2022,臺北市,松山區,慈祐里,臺北市,6,蔣萬安,中國國民黨,1461,*
2022年直轄市長選舉,2022,臺北市,松山區,慈祐里,臺北市,7,蘇煥智,台灣維新,4,
2022年直轄市長選舉,2022,臺北市,松山區,慈祐里,臺北市,8,黃珊珊,無黨籍及未經政黨推薦,933,
2022年直轄市長選舉,2022,臺北市,松山區,慈祐里,臺北市,9,施奉先,無黨籍及未經政黨推薦,2,
2022年直轄市長選舉,2022,臺北市,松山區,慈祐里,臺北市,10,唐新民,共和黨,1,
2022年直轄市長選舉,2022,臺北市,松山區,慈祐里,臺北市,11,謝立康,無黨籍及未經政黨推薦,2,
2022年直轄市長選舉,2022,臺北市,松山區,慈祐里,臺北市,12,陳時中,民主進步黨,1410,
2022年直轄市長選舉,2022,臺北市,松山區,安平里,臺北市,1,張家豪,台灣動物保護黨,13,
2022年直轄市長選舉,2022,臺北市,松山區,安平里,臺北市,2,王文娟,無黨籍及未經政黨推薦,4,
2022年直轄市長選舉,2022,臺北市,松山區,安平里,臺北市,3,鄭匡宇,無黨籍及未經政黨推薦,1,
2022年直轄市長選舉,2022,臺北市,松山區,安平里,臺北市,4,黃聖峰,台澎黨,1,
2022年直轄市長選舉,2022,臺北市,松山區,安平里,臺北市,5,童文薰,無黨籍及未經政黨推薦,9,
2022年直轄市長選舉,2022,臺北市,松山區,安平里,臺北市,6,蔣萬安,中國國民黨,1911,*
2022年直轄市長選舉,2022,臺北市,松山區,安平里,臺北市,7,蘇煥智,台灣維新,10,
2022年直轄市長選舉,2022,臺北市,松山區,安平里,臺北市,8,黃珊珊,無黨籍及未經政黨推薦,1100,
2022年直轄市長選舉,2022,臺北市,松山區,安平里,臺北市,9,施奉先,無黨籍及未經政黨推薦,3,
2022年直轄市長選舉,2022,臺北市,松山區,安平里,臺北市,10,唐新民,共和黨,0,
2022年直轄市長選舉,2022,臺北市,松山區,安平里,臺北市,11,謝立康,無黨籍及未經政黨推薦,0,
2022年直轄市長選舉,2022,臺北市,松山區,安平里,臺北市,12,陳時中,民主進步黨,1556,
2022年直轄市長選舉,2022,臺北市,松山區,鵬程里,臺北市,1,張家豪,台灣動物保護黨,6,
2022年直轄市長選舉,2022,臺北市,松山區,鵬程里,臺北市,2,王文娟,無黨籍及未經政黨推薦,2,
2022年直轄市長選舉,2022,臺北市,松山區,鵬程里,臺北市,3,鄭匡宇,無黨籍及未經政黨推薦,0,
2022年直轄市長選舉,2022,臺北市,松山區,鵬程里,臺北市,4,黃聖峰,台澎黨,0,
2022年直轄市長選舉,2022,臺北市,松山區,鵬程里,臺北市,5,童文薰,無黨籍及未經政黨推薦,4,
2022年直轄市長選舉,2022,臺北市,松山區,鵬程里,臺北市,6,蔣萬安,中國國民黨,1420,*
2022年直轄市長選舉,2022,臺北市,松山區,鵬程里,臺北市,7,蘇煥智,台灣維新,3,
2022年直轄市長選舉,2022,臺北市,松山區,鵬程里,臺北市,8,黃珊珊,無黨籍及未經政黨推薦,636,
2022年直轄市長選舉,2022,臺北市,松山區,鵬程里,臺北市,9,施奉先,無黨籍及未經政黨推薦,1,
2022年直轄市長選舉,2022,臺北市,松山區,鵬程里,臺北市,10,唐新民,共和黨,0,
2022年直轄市長選舉,2022,臺北市,松山區,鵬程里,臺北市,11,謝立康,無黨籍及未經政黨推薦,0,
2022年直轄市長選舉,2022,臺北市,松山區,鵬程里,臺北市,12,陳時中,民主進步黨,734,
2022年直轄市長選舉,2022,臺北市,松山區,自強里,臺北市,1,張家豪,台灣動物保護黨,4,
2022年直轄市長選舉,2022,臺北市,松山區,自強里,臺北市,2,王文娟,無黨籍及未經政黨推薦,3,
2022年直轄市長選舉,2022,臺北市,松山區,自強里,臺北市,3,鄭匡宇,無黨籍及未經政黨推薦,1,
2022年直轄市長選舉,2022,臺北市,松山區,自強里,臺北市,4,黃聖峰,台澎黨,0,
2022年直轄市長選舉,2022,臺北市,松山區,自強里,臺北市,5,童文薰,無黨籍及未經政黨推薦,10,
2022年直轄市長選舉,2022,臺北市,松山區,自強里,臺北市,6,蔣萬安,中國國民黨,3150,*
2022年直轄市長選舉,2022,臺北市,松山區,自強里,臺北市,7,蘇煥智,台灣維新,10,
2022年直轄市長選舉,2022,臺北市,松山區,自強里,臺北市,8,黃珊珊,無黨籍及未經政黨推薦,1040,
2022年直轄市長選舉,2022,臺北市,松山區,自強里,臺北市,9,施奉先,無黨籍及未經政黨推薦,2,
2022年直轄市長選舉,2022,臺北市,松山區,自強里,臺北市,10,唐新民,共和黨,2,
2022年直轄市長選舉,2022,臺北市,松山區,自強里,臺北市,11,謝立康,無黨籍及未經政黨推薦,0,
2022年直轄市長選舉,2022,臺北市,松山區,自強里,臺北市,12,陳時中,民主進步黨,747,
2022年直轄市長選舉,2022,臺北市,松山區,吉祥里,臺北市,1,張家豪,台灣動物保護黨,10,
2022年直轄市長選舉,2022,臺北市,松山區,吉祥里,臺北市,2,王文娟,無黨籍及未經政黨推薦,1,
2022年直轄市長選舉,2022,臺北市,松山區,吉祥里,臺北市,3,鄭匡宇,無黨籍及未經政黨推薦,1,
2022年直轄市長選舉,2022,臺北市,松山區,吉祥里,臺北市,4,黃聖峰,台澎黨,0,
2022年直轄市長選舉,2022,臺北市,松山區,吉祥里,臺北市,5,童文薰,無黨籍及未經政黨推薦,4,
2022年直轄市長選舉,2022,臺北市,松山區,吉祥里,臺北市,6,蔣萬安,中國國民黨,1964,*
2022年直轄市長選舉,2022,臺北市,松山區,吉祥里,臺北市,7,蘇煥智,台灣維新,5,
2022年直轄市長選舉,2022,臺北市,松山區,吉祥里,臺北市,8,黃珊珊,無黨籍及未經政黨推薦,992,
2022年直轄市長選舉,2022,臺北市,松山區,吉祥里,臺北市,9,施奉先,無黨籍及未經政黨推薦,1,
2022年直轄市長選舉,2022,臺北市,松山區,吉祥里,臺北市,10,唐新民,共和黨,1,
2022年直轄市長選舉,2022,臺北市,松山區,吉祥里,臺北市,11,謝立康,無黨籍及未經政黨推薦,0,
2022年直轄市長選舉,2022,臺北市,松山區,吉祥里,臺北市,12,陳時中,民主進步黨,1392,
2022年直轄市長選舉,2022,臺北市,松山區,新聚里,臺北市,1,張家豪,台灣動物保護黨,6,
2022年直轄市長選舉,2022,臺北市,松山區,新聚里,臺北市,2,王文娟,無黨籍及未經政黨推薦,2,
2022年直轄市長選舉,2022,臺北市,松山區,新聚里,臺北市,3,鄭匡宇,無黨籍及未經政黨推薦,1,
2022年直轄市長選舉,2022,臺北市,松山區,新聚里,臺北市,4,黃聖峰,台澎黨,0,
2022年直轄市長選舉,2022,臺北市,松山區,新聚里,臺北市,5,童文薰,無黨籍及未經政黨推薦,7,
2022年直轄市長選舉,2022,臺北市,松山區,新聚里,臺北市,6,蔣萬安,中國國民黨,1801,*
2022年直轄市長選舉,2022,臺北市,松山區,新聚里,臺北市,7,蘇煥智,台灣維新,0,
2022年直轄市長選舉,2022,臺北市,松山區,新聚里,臺北市,8,黃珊珊,無黨籍及未經政黨推薦,1037,
2022年直轄市長選舉,2022,臺北市,松山區,新聚里,臺北市,9,施奉先,無黨籍及未經政黨推薦,1,
2022年直轄市長選舉,2022,臺北市,松山區,新聚里,臺北市,10,唐新民,共和黨,1,
2022年直轄市長選舉,2022,臺北市,松山區,新聚里,臺北市,11,謝立康,無黨籍及未經政黨推薦,3,
2022年直轄市長選舉,2022,臺北市,松山區,新聚里,臺北市,12,陳時中,民主進步黨,1383,
2022年直轄市長選舉,2022,臺北市,松山區,復盛里,臺北市,1,張家豪,台灣動物保護黨,2,
2022年直轄市長選舉,2022,臺北市,松山區,復盛里,臺北市,2,王文娟,無黨籍及未經政黨推薦,3,
2022年直轄市長選舉,2022,臺北市,松山區,復盛里,臺北市,3,鄭匡宇,無黨籍及未經政黨推薦,0,
2022年直轄市長選舉,2022,臺北市,松山區,復盛里,臺北市,4,黃聖峰,台澎黨,2,
2022年直轄市長選舉,2022,臺北市,松山區,復盛里,臺北市,5,童文薰,無黨籍及未經政黨推薦,2,
2022年直轄市長選舉,2022,臺北市,松山區,復盛里,臺北市,6,蔣萬安,中國國民黨,1657,*
2022年直轄市長選舉,2022,臺北市,松山區,復盛里,臺北市,7,蘇煥智,台灣維新,6,
2022年直轄市長選舉,2022,臺北市,松山區,復盛里,臺北市,8,黃珊珊,無黨籍及未經政黨推薦,786,
2022年直轄市長選舉,2022,臺北市,松山區,復盛里,臺北市,9,施奉先,無黨籍及未經政黨推薦,0,
2022年直轄市長選舉,2022,臺北市,松山區,復盛里,臺北市,10,唐新民,共和黨,2,
2022年直轄市長選舉,2022,臺北市,松山區,復盛里,臺北市,11,謝立康,無黨籍及未經政黨推薦,1,
2022年直轄市長選舉,2022,臺北市,松山區,復盛里,臺北市,12,陳時中,民主進步黨,1041,
2022年直轄市長選舉,2022,臺北市,松山區,中正里,臺北市,1,張家豪,台灣動物保護黨,12,
2022年直轄市長選舉,2022,臺北市,松山區,中正里,臺北市,2,王文娟,無黨籍及未經政黨推薦,1,
2022年直轄市長選舉,2022,臺北市,松山區,中正里,臺北市,3,鄭匡宇,無黨籍及未經政黨推薦,1,
2022年直轄市長選舉,2022,臺北市,松山區,中正里,臺北市,4,黃聖峰,台澎黨,1,
2022年直轄市長選舉,2022,臺北市,松山區,中正里,臺北市,5,童文薰,無黨籍及未經政黨推薦,11,
2022年直轄市長選舉,2022,臺北市,松山區,中正里,臺北市,6,蔣萬安,中國國民黨,1832,*
2022年直轄市長選舉,2022,臺北市,松山區,中正里,臺北市,7,蘇煥智,台灣維新,8,
2022年直轄市長選舉,2022,臺北市,松山區,中正里,臺北市,8,黃珊珊,無黨籍及未經政黨推薦,1171,
2022年直轄市長選舉,2022,臺北市,松山區,中正里,臺北市,9,施奉先,無黨籍及未經政黨推薦,0,
2022年直轄市長選舉,2022,臺北市,松山區,中正里,臺北市,10,唐新民,共和黨,0,
2022年直轄市長選舉,2022,臺北市,松山區,中正里,臺北市,11,謝立康,無黨籍及未經政黨推薦,0,
2022年直轄市長選舉,2022,臺北市,松山區,中正里,臺北市,12,陳時中,民主進步黨,1639,
2022年直轄市長選舉,2022,臺北市,松山區,中崙里,臺北市,1,張家豪,台灣動物保護黨,5,
2022年直轄市長選舉,2022,臺北市,松山區,中崙里,臺北市,2,王文娟,無黨籍及未經政黨推薦,2,
2022年直轄市長選舉,2022,臺北市,松山區,中崙里,臺北市,3,鄭匡宇,無黨籍及未經政黨推薦,0,
2022年直轄市長選舉,2022,臺北市,松山區,中崙里,臺北市,4,黃聖峰,台澎黨,0,
2022年直轄市長選舉,2022,臺北市,松山區,中崙里,臺北市,5,童文薰,無黨籍及未經政黨推薦,1,
2022年直轄市長選舉,2022,臺北市,松山區,中崙里,臺北市,6,蔣萬安,中國國民黨,880,*
2022年直轄市長選舉,2022,臺北市,松山區,中崙里,臺北市,7,蘇煥智,台灣維新,2,
2022年直轄市長選舉,2022,臺北市,松山區,中崙里,臺北市,8,黃珊珊,無黨籍及未經政黨推薦,576,
2022年直轄市長選舉,2022,臺北市,松山區,中崙里,臺北市,9,施奉先,無黨籍及未經政黨推薦,3,
2022年直轄市長選舉,2022,臺北市,松山區,中崙里,臺北市,10,唐新民,共和黨,0,
2022年直轄市長選舉,2022,臺北市,松山區,中崙里,臺北市,11,謝立康,無黨籍及未經政黨推薦,1,
2022年直轄市長選舉,2022,臺北市,松山區,中崙里,臺北市,12,陳時中,民主進步黨,660,
2022年直轄市長選舉,2022,臺北市,松山區,美仁里,臺北市,1,張家豪,台灣動物保護黨,0,
2022年直轄市長選舉,2022,臺北市,松山區,美仁里,臺北市,2,王文娟,無黨籍及未經政黨推薦,2,
2022年直轄市長選舉,2022,臺北市,松山區,美仁里,臺北市,3,鄭匡宇,無黨籍及未經政黨推薦,0,
2022年直轄市長選舉,2022,臺北市,松山區,美仁里,臺北市,4,黃聖峰,台澎黨,0,
2022年直轄市長選舉,2022,臺北市,松山區,美仁里,臺北市,5,童文薰,無黨籍及未經政黨推薦,2,
2022年直轄市長選舉,2022,臺北市,松山區,美仁里,臺北市,6,蔣萬安,中國國民黨,741,*
2022年直轄市長選舉,2022,臺北市,松山區,美仁里,臺北市,7,蘇煥智,台灣維新,4,
2022年直轄市長選舉,2022,臺北市,松山區,美仁里,臺北市,8,黃珊珊,無黨籍及未經政黨推薦,398,
2022年直轄市長選舉,2022,臺北市,松山區,美仁里,臺北市,9,施奉先,無黨籍及未經政黨推薦,0,
2022年直轄市長選舉,2022,臺北市,松山區,美仁里,臺北市,10,唐新民,共和黨,0,
2022年直轄市長選舉,2022,臺北市,松山區,美仁里,臺北市,11,謝立康,無黨籍及未經政黨推薦,0,
2022年直轄市長選舉,2022,臺北市,松山區,美仁里,臺北市,12,陳時中,民主進步黨,631,
2022年直轄市長選舉,2022,臺北市,松山區,吉仁里,臺北市,1,張家豪,台灣動物保護黨,1,
2022年直轄市長選舉,2022,臺北市,松山區,吉仁里,臺北市,2,王文娟,無黨籍及未經政黨推薦,0,
2022年直轄市長選舉,2022,臺北市,松山區,吉仁里,臺北市,3,鄭匡宇,無黨籍及未經政黨推薦,0,
2022年直轄市長選舉,2022,臺北市,松山區,吉仁里,臺北市,4,黃聖峰,台澎黨,0,
2022年直轄市長選舉,2022,臺北市,松山區,吉仁里,臺北市,5,童文薰,無黨籍及未經政黨推薦,2,
2022年直轄市長選舉,2022,臺北市,松山區,吉仁里,臺北市,6,蔣萬安,中國國民黨,832,*
2022年直轄市長選舉,2022,臺北市,松山區,吉仁里,臺北市,7,蘇煥智,台灣維新,1,
2022年直轄市長選舉,2022,臺北市,松山區,吉仁里,臺北市,8,黃珊珊,無黨籍及未經政黨推薦,517,
2022年直轄市長選舉,2022,臺北市,松山區,吉仁里,臺北市,9,施奉先,無黨籍及未經政黨推薦,1,
2022年直轄市長選舉,2022,臺北市,松山區,吉仁里,臺北市,10,唐新民,共和黨,1,
2022年直轄市長選舉,2022,臺北市,松山區,吉仁里,臺北市,11,謝立康,無黨籍及未經政黨推薦,1,
2022年直轄市長選舉,2022,臺北市,松山區,吉仁里,臺北市,12,陳時中,民主進步黨,669,
2022年直轄市長選舉,2022,臺北市,松山區,敦化里,臺北市,1,張家豪,台灣動物保護黨,3,
2022年直轄市長選舉,2022,臺北市,松山區,敦化里,臺北市,2,王文娟,無黨籍及未經政黨推薦,1,
2022年直轄市長選舉,2022,臺北市,松山區,敦化里,臺北市,3,鄭匡宇,無黨籍及未經政黨推薦,1,
2022年直轄市長選舉,2022,臺北市,松山區,敦化里,臺北市,4,黃聖峰,台澎黨,0,
2022年直轄市長選舉,2022,臺北市,松山區,敦化里,臺北市,5,童文薰,無黨籍及未經政黨推薦,11,
2022年直轄市長選舉,2022,臺北市,松山區,敦化里,臺北市,6,蔣萬安,中國國民黨,1499,*
2022年直轄市長選舉,2022,臺北市,松山區,敦化里,臺北市,7,蘇煥智,台灣維新,9,
2022年直轄市長選舉,2022,臺北市,松山區,敦化里,臺北市,8,黃珊珊,無黨籍及未經政黨推薦,889,
2022年直轄市長選舉,2022,臺北市,松山區,敦化里,臺北市,9,施奉先,無黨籍及未經政黨推薦,0,
2022年直轄市長選舉,2022,臺北市,松山區,敦化里,臺北市,10,唐新民,共和黨,0,
2022年直轄市長選舉,2022,臺北市,松山區,敦化里,臺北市,11,謝立康,無黨籍及未經政黨推薦,1,
2022年直轄市長選舉,2022,臺北市,松山區,敦化里,臺北市,12,陳時中,民主進步黨,1244,
2022年直轄市長選舉,2022,臺北市,松山區,復源里,臺北市,1,張家豪,台灣動物保護黨,2,
2022年直轄市長選舉,2022,臺北市,松山區,復源里,臺北市,2,王文娟,無黨籍及未經政黨推薦,2,
2022年直轄市長選舉,2022,臺北市,松山區,復源里,臺北市,3,鄭匡宇,無黨籍及未經政黨推薦,0,
2022年直轄市長選舉,2022,臺北市,松山區,復源里,臺北市,4,黃聖峰,台澎黨,0,
2022年直轄市長選舉,2022,臺北市,松山區,復源里,臺北市,5,童文薰,無黨籍及未經政黨推薦,3,
2022年直轄市長選舉,2022,臺北市,松山區,復源里,臺北市,6,蔣萬安,中國國民黨,802,*
2022年直轄市長選舉,2022,臺北市,松山區,復源里,臺北市,7,蘇煥智,台灣維新,1,
2022年直轄市長選舉,2022,臺北市,松山區,復源里,臺北市,8,黃珊珊,無黨籍及未經政黨推薦,430,
2022年直轄市長選舉,2022,臺北市,松山區,復源里,臺北市,9,施奉先,無黨籍及未經政黨推薦,0,
2022年直轄市長選舉,2022,臺北市,松山區,復源里,臺北市,10,唐新民,共和黨,1,
2022年直轄市長選舉,2022,臺北市,松山區,復源里,臺北市,11,謝立康,無黨籍及未經政黨推薦,0,
2022年直轄市長選舉,2022,臺北市,松山區,復源里,臺北市,12,陳時中,民主進步黨,531,
2022年直轄市長選舉,2022,臺北市,松山區,復建里,臺北市,1,張家豪,台灣動物保護黨,4,
2022年直轄市長選舉,2022,臺北市,松山區,復建里,臺北市,2,王文娟,無黨籍及未經政黨推薦,0,
2022年直轄市長選舉,2022,臺北市,松山區,復建里,臺北市,3,鄭匡宇,無黨籍及未經政黨推薦,0,
2022年直轄市長選舉,2022,臺北市,松山區,復建里,臺北市,4,黃聖峰,台澎黨,0,
2022年直轄市長選舉,2022,臺北市,松山區,復建里,臺北市,5,童文薰,無黨籍及未經政黨推薦,1,
2022年直轄市長選舉,2022,臺北市,松山區,復建里,臺北市,6,蔣萬安,中國國民黨,1034,*
2022年直轄市長選舉,2022,臺北市,松山區,復建里,臺北市,7,蘇煥智,台灣維新,2,
2022年直轄市長選舉,2022,臺北市,松山區,復建里,臺北市,8,黃珊珊,無黨籍及未經政黨推薦,644,
2022年直轄市長選舉,2022,臺北市,松山區,復建里,臺北市,9,施奉先,無黨籍及未經政黨推薦,0,
2022年直轄市長選舉,2022,臺北市,松山區,復建里,臺北市,10,唐新民,共和黨,1,
2022年直轄市長選舉,2022,臺北市,松山區,復建里,臺北市,11,謝立康,無黨籍及未經政黨推薦,1,
2022年直轄市長選舉,2022,臺北市,松山區,復建里,臺北市,12,陳時中,民主進步黨,728,
2022年直轄市長選舉,2022,臺北市,松山區,復勢里,臺北市,1,張家豪,台灣動物保護黨,11,
2022年直轄市長選舉,2022,臺北市,松山區,復勢里,臺北市,2,王文娟,無黨籍及未經政黨推薦,1,
2022年直轄市長選舉,2022,臺北市,松山區,復勢里,臺北市,3,鄭匡宇,無黨籍及未經政黨推薦,0,
2022年直轄市長選舉,2022,臺北市,松山區,復勢里,臺北市,4,黃聖峰,台澎黨,0,
2022年直轄市長選舉,2022,臺北市,松山區,復勢里,臺北市,5,童文薰,無黨籍及未經政黨推薦,2,
2022年直轄市長選舉,2022,臺北市,松山區,復勢里,臺北市,6,蔣萬安,中國國民黨,1324,*
2022年直轄市長選舉,2022,臺北市,松山區,復勢里,臺北市,7,蘇煥智,台灣維新,10,
2022年直轄市長選舉,2022,臺北市,松山區,復勢里,臺北市,8,黃珊珊,無黨籍及未經政黨推薦,876,
2022年直轄市長選舉,2022,臺北市,松山區,復勢里,臺北市,9,施奉先,無黨籍及未經政黨推薦,1,
2022年直轄市長選舉,2022,臺北市,松山區,復勢里,臺北市,10,唐新民,共和黨,0,
2022年直轄市長選舉,2022,臺北市,松山區,復勢里,臺北市,11,謝立康,無黨籍及未經政黨推薦,0,
2022年直轄市長選舉,2022,臺北市,松山區,復勢里,臺北市,12,陳時中,民主進步黨,1098,
2022年直轄市長選舉,2022,臺北市,松山區,福成里,臺北市,1,張家豪,台灣動物保護黨,3,
2022年直轄市長選舉,2022,臺北市,松山區,福成里,臺北市,2,王文娟,無黨籍及未經政黨推薦,1,
2022年直轄市長選舉,2022,臺北市,松山區,福成里,臺北市,3,鄭匡宇,無黨籍及未經政黨推薦,1,
2022年直轄市長選舉,2022,臺北市,松山區,福成里,臺北市,4,黃聖峰,台澎黨,0,
2022年直轄市長選舉,2022,臺北市,松山區,福成里,臺北市,5,童文薰,無黨籍及未經政黨推薦,1,
2022年直轄市長選舉,2022,臺北市,松山區,福成里,臺北市,6,蔣萬安,中國國民黨,585,*
2022年直轄市長選舉,2022,臺北市,松山區,福成里,臺北市,7,蘇煥智,台灣維新,2,
2022年直轄市長選舉,2022,臺北市,松山區,福成里,臺北市,8,黃珊珊,無黨籍及未經政黨推薦,324,
2022年直轄市長選舉,2022,臺北市,松山區,福成里,臺北市,9,施奉先,無黨籍及未經政黨推薦,0,
2022年直轄市長選舉,2022,臺北市,松山區,福成里,臺北市,10,唐新民,共和黨,0,
2022年直轄市長選舉,2022,臺北市,松山區,福成里,臺北市,11,謝立康,無黨籍及未經政黨推薦,0,
2022年直轄市長選舉,2022,臺北市,松山區,福成里,臺北市,12,陳時中,民主進步黨,463,
2022年直轄市長選舉,2022,臺北市,松山區,松基里,臺北市,1,張家豪,台灣動物保護黨,3,
2022年直轄市長選舉,2022,臺北市,松山區,松基里,臺北市,2,王文娟,無黨籍及未經政黨推薦,2,
2022年直轄市長選舉,2022,臺北市,松山區,松基里,臺北市,3,鄭匡宇,無黨籍及未經政黨推薦,0,
2022年直轄市長選舉,2022,臺北市,松山區,松基里,臺北市,4,黃聖峰,台澎黨,0,
2022年直轄市長選舉,2022,臺北市,松山區,松基里,臺北市,5,童文薰,無黨籍及未經政黨推薦,4,
2022年直轄市長選舉,2022,臺北市,松山區,松基里,臺北市,6,蔣萬安,中國國民黨,838,*
2022年直轄市長選舉,2022,臺北市,松山區,松基里,臺北市,7,蘇煥智,台灣維新,1,
2022年直轄市長選舉,2022,臺北市,松山區,松基里,臺北市,8,黃珊珊,無黨籍及未經政黨推薦,398,
2022年直轄市長選舉,2022,臺北市,松山區,松基里,臺北市,9,施奉先,無黨籍及未經政黨推薦,0,
2022年直轄市長選舉,2022,臺北市,松山區,松基里,臺北市,10,唐新民,共和黨,1,
2022年直轄市長選舉,2022,臺北市,松山區,松基里,臺北市,11,謝立康,無黨籍及未經政黨推薦,0,
2022年直轄市長選舉,2022,臺北市,松山區,松基里,臺北市,12,陳時中,民主進步黨,691,
2022年直轄市長選舉,2022,臺北市,信義區,西村里,臺北市,1,張家豪,台灣動物保護黨,4,
2022年直轄市長選舉,2022,臺北市,信義區,西村里,臺北市,2,王文娟,無黨籍及未經政黨推薦,2,
2022年直轄市長選舉,2022,臺北市,信義區,西村里,臺北市,3,鄭匡宇,無黨籍及未經政黨推薦,0,
2022年直轄市長選舉,2022,臺北市,信義區,西村里,臺北市,4,黃聖峰,台澎黨,0,
2022年直轄市長選舉,2022,臺北市,信義區,西村里,臺北市,5,童文薰,無黨籍及未經政黨推薦,0,
2022年直轄市長選舉,2022,臺北市,信義區,西村里,臺北市,6,蔣萬安,中國國民黨,1527,*
2022年直轄市長選舉,2022,臺北市,信義區,西村里,臺北市,7,蘇煥智,台灣維新,0,
2022年直轄市長選舉,2022,臺北市,信義區,西村里,臺北市,8,黃珊珊,無黨籍及未經政黨推薦,566,
2022年直轄市長選舉,2022,臺北市,信義區,西村里,臺北市,9,施奉先,無黨籍及未經政黨推薦,0,
2022年直轄市長選舉,2022,臺北市,信義區,西村里,臺北市,10,唐新民,共和黨,1,
2022年直轄市長選舉,2022,臺北市,信義區,西村里,臺北市,11,謝立康,無黨籍及未經政黨推薦,1,
2022年直轄市長選舉,2022,臺北市,信義區,西村里,臺北市,12,陳時中,民主進步黨,538,
2022年直轄市長選舉,2022,臺北市,信義區,正和里,臺北市,1,張家豪,台灣動物保護黨,3,
2022年直轄市長選舉,2022,臺北市,信義區,正和里,臺北市,2,王文娟,無黨籍及未經政黨推薦,0,
2022年直轄市長選舉,2022,臺北市,信義區,正和里,臺北市,3,鄭匡宇,無黨籍及未經政黨推薦,3,
2022年直轄市長選舉,2022,臺北市,信義區,正和里,臺北市,4,黃聖峰,台澎黨,0,
2022年直轄市長選舉,2022,臺北市,信義區,正和里,臺北市,5,童文薰,無黨籍及未經政黨推薦,3,
2022年直轄市長選舉,2022,臺北市,信義區,正和里,臺北市,6,蔣萬安,中國國民黨,1217,*
2022年直轄市長選舉,2022,臺北市,信義區,正和里,臺北市,7,蘇煥智,台灣維新,5,
2022年直轄市長選舉,2022,臺北市,信義區,正和里,臺北市,8,黃珊珊,無黨籍及未經政黨推薦,574,
2022年直轄市長選舉,2022,臺北市,信義區,正和里,臺北市,9,施奉先,無黨籍及未經政黨推薦,0,
2022年直轄市長選舉,2022,臺北市,信義區,正和里,臺北市,10,唐新民,共和黨,1,
2022年直轄市長選舉,2022,臺北市,信義區,正和里,臺北市,11,謝立康,無黨籍及未經政黨推薦,0,
2022年直轄市長選舉,2022,臺北市,信義區,正和里,臺北市,12,陳時中,民主進步黨,668,
2022年直轄市長選舉,2022,臺北市,信義區,興隆里,臺北市,1,張家豪,台灣動物保護黨,5,
2022年直轄市長選舉,2022,臺北市,信義區,興隆里,臺北市,2,王文娟,無黨籍及未經政黨推薦,0,
2022年直轄市長選舉,2022,臺北市,信義區,興隆里,臺北市,3,鄭匡宇,無黨籍及未經政黨推薦,2,
2022年直轄市長選舉,2022,臺北市,信義區,興隆里,臺北市,4,黃聖峰,台澎黨,0,
2022年直轄市長選舉,2022,臺北市,信義區,興隆里,臺北市,5,童文薰,無黨籍及未經政黨推薦,3,
2022年直轄市長選舉,2022,臺北市,信義區,興隆里,臺北市,6,蔣萬安,中國國民黨,666,*
2022年直轄市長選舉,2022,臺北市,信義區,興隆里,臺北市,7,蘇煥智,台灣維新,1,
2022年直轄市長選舉,2022,臺北市,信義區,興隆里,臺北市,8,黃珊珊,無黨籍及未經政黨推薦,289,
2022年直轄市長選舉,2022,臺北市,信義區,興隆里,臺北市,9,施奉先,無黨籍及未經政黨推薦,0,
2022年直轄市長選舉,2022,臺北市,信義區,興隆里,臺北市,10,唐新民,共和黨,0,
2022年直轄市長選舉,2022,臺北市,信義區,興隆里,臺北市,11,謝立康,無黨籍及未經政黨推薦,1,
2022年直轄市長選舉,2022,臺北市,信義區,興隆里,臺北市,12,陳時中,民主進步黨,368,
2022年直轄市長選舉,2022,臺北市,信義區,中興里,臺北市,1,張家豪,台灣動物保護黨,5,
2022年直轄市長選舉,2022,臺北市,信義區,中興里,臺北市,2,王文娟,無黨籍及未經政黨推薦,0,
2022年直轄市長選舉,2022,臺北市,信義區,中興里,臺北市,3,鄭匡宇,無黨籍及未經政黨推薦,1,
2022年直轄市長選舉,2022,臺北市,信義區,中興里,臺北市,4,黃聖峰,台澎黨,0,
2022年直轄市長選舉,2022,臺北市,信義區,中興里,臺北市,5,童文薰,無黨籍及未經政黨推薦,3,
2022年直轄市長選舉,2022,臺北市,信義區,中興里,臺北市,6,蔣萬安,中國國民黨,759,*
2022年直轄市長選舉,2022,臺北市,信義區,中興里,臺北市,7,蘇煥智,台灣維新,2,
2022年直轄市長選舉,2022,臺北市,信義區,中興里,臺北市,8,黃珊珊,無黨籍及未經政黨推薦,380,
2022年直轄市長選舉,2022,臺北市,信義區,中興里,臺北市,9,施奉先,無黨籍及未經政黨推薦,1,
2022年直轄市長選舉,2022,臺北市,信義區,中興里,臺北市,10,唐新民,共和黨,0,
2022年直轄市長選舉,2022,臺北市,信義區,中興里,臺北市,11,謝立康,無黨籍及未經政黨推薦,0,
2022年直轄市長選舉,2022,臺北市,信義區,中興里,臺北市,12,陳時中,民主進步黨,525,
2022年直轄市長選舉,2022,臺北市,信義區,新仁里,臺北市,1,張家豪,台灣動物保護黨,2,
2022年直轄市長選舉,2022,臺北市,信義區,新仁里,臺北市,2,王文娟,無黨籍及未經政黨推薦,1,
2022年直轄市長選舉,2022,臺北市,信義區,新仁里,臺北市,3,鄭匡宇,無黨籍及未經政黨推薦,0,
2022年直轄市長選舉,2022,臺北市,信義區,新仁里,臺北市,4,黃聖峰,台澎黨,0,
2022年直轄市長選舉,2022,臺北市,信義區,新仁里,臺北市,5,童文薰,無黨籍及未經政黨推薦,6,
2022年直轄市長選舉,2022,臺北市,信義區,新仁里,臺北市,6,蔣萬安,中國國民黨,879,*
2022年直轄市長選舉,2022,臺北市,信義區,新仁里,臺北市,7,蘇煥智,台灣維新,1,
2022年直轄市長選舉,2022,臺北市,信義區,新仁里,臺北市,8,黃珊珊,無黨籍及未經政黨推薦,375,
2022年直轄市長選舉,2022,臺北市,信義區,新仁里,臺北市,9,施奉先,無黨籍及未經政黨推薦,0,
2022年直轄市長選舉,2022,臺北市,信義區,新仁里,臺北市,10,唐新民,共和黨,0,
2022年直轄市長選舉,2022,臺北市,信義區,新仁里,臺北市,11,謝立康,無黨籍及未經政黨推薦,0,
2022年直轄市長選舉,2022,臺北市,信義區,新仁里,臺北市,12,陳時中,民主進步黨,451,
2022年直轄市長選舉,2022,臺北市,信義區,興雅里,臺北市,1,張家豪,台灣動物保護黨,10,
2022年直轄市長選舉,2022,臺北市,信義區,興雅里,臺北市,2,王文娟,無黨籍及未經政黨推薦,7,
2022年直轄市長選舉,2022,臺北市,信義區,興雅里,臺北市,3,鄭匡宇,無黨籍及未經政黨推薦,0,
2022年直轄市長選舉,2022,臺北市,信義區,興雅里,臺北市,4,黃聖峰,台澎黨,0,
2022年直轄市長選舉,2022,臺北市,信義區,興雅里,臺北市,5,童文薰,無黨籍及未經政黨推薦,3,
2022年直轄市長選舉,2022,臺北市,信義區,興雅里,臺北市,6,蔣萬安,中國國民黨,1304,*
2022年直轄市長選舉,2022,臺北市,信義區,興雅里,臺北市,7,蘇煥智,台灣維新,3,
2022年直轄市長選舉,2022,臺北市,信義區,興雅里,臺北市,8,黃珊珊,無黨籍及未經政黨推薦,700,
2022年直轄市長選舉,2022,臺北市,信義區,興雅里,臺北市,9,施奉先,無黨籍及未經政黨推薦,1,
2022年直轄市長選舉,2022,臺北市,信義區,興雅里,臺北市,10,唐新民,共和黨,2,
2022年直轄市長選舉,2022,臺北市,信義區,興雅里,臺北市,11,謝立康,無黨籍及未經政黨推薦,0,
2022年直轄市長選舉,2022,臺北市,信義區,興雅里,臺北市,12,陳時中,民主進步黨,907,
2022年直轄市長選舉,2022,臺北市,信義區,敦厚里,臺北市,1,張家豪,台灣動物保護黨,3,
2022年直轄市長選舉,2022,臺北市,信義區,敦厚里,臺北市,2,王文娟,無黨籍及未經政黨推薦,1,
2022年直轄市長選舉,2022,臺北市,信義區,敦厚里,臺北市,3,鄭匡宇,無黨籍及未經政黨推薦,0,
2022年直轄市長選舉,2022,臺北市,信義區,敦厚里,臺北市,4,黃聖峰,台澎黨,0,
2022年直轄市長選舉,2022,臺北市,信義區,敦厚里,臺北市,5,童文薰,無黨籍及未經政黨推薦,4,
2022年直轄市長選舉,2022,臺北市,信義區,敦厚里,臺北市,6,蔣萬安,中國國民黨,1182,*
2022年直轄市長選舉,2022,臺北市,信義區,敦厚里,臺北市,7,蘇煥智,台灣維新,8,
2022年直轄市長選舉,2022,臺北市,信義區,敦厚里,臺北市,8,黃珊珊,無黨籍及未經政黨推薦,679,
2022年直轄市長選舉,2022,臺北市,信義區,敦厚里,臺北市,9,施奉先,無黨籍及未經政黨推薦,0,
2022年直轄市長選舉,2022,臺北市,信義區,敦厚里,臺北市,10,唐新民,共和黨,0,
2022年直轄市長選舉,2022,臺北市,信義區,敦厚里,臺北市,11,謝立康,無黨籍及未經政黨推薦,0,
2022年直轄市長選舉,2022,臺北市,信義區,敦厚里,臺北市,12,陳時中,民主進步黨,800,
2022年直轄市長選舉,2022,臺北市,信義區,廣居里,臺北市,1,張家豪,台灣動物保護黨,6,
2022年直轄市長選舉,2022,臺北市,信義區,廣居里,臺北市,2,王文娟,無黨籍及未經政黨推薦,1,
2022年直轄市長選舉,2022,臺北市,信義區,廣居里,臺北市,3,鄭匡宇,無黨籍及未經政黨推薦,1,
2022年直轄市長選舉,2022,臺北市,信義區,廣居里,臺北市,4,黃聖峰,台澎黨,0,
2022年直轄市長選舉,2022,臺北市,信義區,廣居里,臺北市,5,童文薰,無黨籍及未經政黨推薦,4,
2022年直轄市長選舉,2022,臺北市,信義區,廣居里,臺北市,6,蔣萬安,中國國民黨,1837,*
2022年直轄市長選舉,2022,臺北市,信義區,廣居里,臺北市,7,蘇煥智,台灣維新,3,
2022年直轄市長選舉,2022,臺北市,信義區,廣居里,臺北市,8,黃珊珊,無黨籍及未經政黨推薦,964,
2022年直轄市長選舉,2022,臺北市,信義區,廣居里,臺北市,9,施奉先,無黨籍及未經政黨推薦,0,
2022年直轄市長選舉,2022,臺北市,信義區,廣居里,臺北市,10,唐新民,共和黨,0,
2022年直轄市長選舉,2022,臺北市,信義區,廣居里,臺北市,11,謝立康,無黨籍及未經政黨推薦,0,
2022年直轄市長選舉,2022,臺北市,信義區,廣居里,臺北市,12,陳時中,民主進步黨,1183,
2022年直轄市長選舉,2022,臺北市,信義區,安康里,臺北市,1,張家豪,台灣動物保護黨,5,
2022年直轄市長選舉,2022,臺北市,信義區,安康里,臺北市,2,王文娟,無黨籍及未經政黨推薦,2,
2022年直轄市長選舉,2022,臺北市,信義區,安康里,臺北市,3,鄭匡宇,無黨籍及未經政黨推薦,1,
2022年直轄市長選舉,2022,臺北市,信義區,安康里,臺北市,4,黃聖峰,台澎黨,2,
2022年直轄市長選舉,2022,臺北市,信義區,安康里,臺北市,5,童文薰,無黨籍及未經政黨推薦,7,
2022年直轄市長選舉,2022,臺北市,信義區,安康里,臺北市,6,蔣萬安,中國國民黨,2367,*
2022年直轄市長選舉,2022,臺北市,信義區,安康里,臺北市,7,蘇煥智,台灣維新,4,
2022年直轄市長選舉,2022,臺北市,信義區,安康里,臺北市,8,黃珊珊,無黨籍及未經政黨推薦,1279,
2022年直轄市長選舉,2022,臺北市,信義區,安康里,臺北市,9,施奉先,無黨籍及未經政黨推薦,1,
2022年直轄市長選舉,2022,臺北市,信義區,安康里,臺北市,10,唐新民,共和黨,6,
2022年直轄市長選舉,2022,臺北市,信義區,安康里,臺北市,11,謝立康,無黨籍及未經政黨推薦,0,
2022年直轄市長選舉,2022,臺北市,信義區,安康里,臺北市,12,陳時中,民主進步黨,1601,
2022年直轄市長選舉,2022,臺北市,信義區,六藝里,臺北市,1,張家豪,台灣動物保護黨,1,
2022年直轄市長選舉,2022,臺北市,信義區,六藝里,臺北市,2,王文娟,無黨籍及未經政黨推薦,1,
2022年直轄市長選舉,2022,臺北市,信義區,六藝里,臺北市,3,鄭匡宇,無黨籍及未經政黨推薦,1,
2022年直轄市長選舉,2022,臺北市,信義區,六藝里,臺北市,4,黃聖峰,台澎黨,0,
2022年直轄市長選舉,2022,臺北市,信義區,六藝里,臺北市,5,童文薰,無黨籍及未經政黨推薦,6,
2022年直轄市長選舉,2022,臺北市,信義區,六藝里,臺北市,6,蔣萬安,中國國民黨,825,*
2022年直轄市長選舉,2022,臺北市,信義區,六藝里,臺北市,7,蘇煥智,台灣維新,3,
2022年直轄市長選舉,2022,臺北市,信義區,六藝里,臺北市,8,黃珊珊,無黨籍及未經政黨推薦,478,
2022年直轄市長選舉,2022,臺北市,信義區,六藝里,臺北市,9,施奉先,無黨籍及未經政黨推薦,0,
2022年直轄市長選舉,2022,臺北市,信義區,六藝里,臺北市,10,唐新民,共和黨,0,
2022年直轄市長選舉,2022,臺北市,信義區,六藝里,臺北市,11,謝立康,無黨籍及未經政黨推薦,0,
2022年直轄市長選舉,2022,臺北市,信義區,六藝里,臺北市,12,陳時中,民主進步黨,660,
2022年直轄市長選舉,2022,臺北市,信義區,雅祥里,臺北市,1,張家豪,台灣動物保護黨,5,
2022年直轄市長選舉,2022,臺北市,信義區,雅祥里,臺北市,2,王文娟,無黨籍及未經政黨推薦,4,
2022年直轄市長選舉,2022,臺北市,信義區,雅祥里,臺北市,3,鄭匡宇,無黨籍及未經政黨推薦,1,
2022年直轄市長選舉,2022,臺北市,信義區,雅祥里,臺北市,4,黃聖峰,台澎黨,0,
2022年直轄市長選舉,2022,臺北市,信義區,雅祥里,臺北市,5,童文薰,無黨籍及未經政黨推薦,3,
2022年直轄市長選舉,2022,臺北市,信義區,雅祥里,臺北市,6,蔣萬安,中國國民黨,1144,*
2022年直轄市長選舉,2022,臺北市,信義區,雅祥里,臺北市,7,蘇煥智,台灣維新,5,
2022年直轄市長選舉,2022,臺北市,信義區,雅祥里,臺北市,8,黃珊珊,無黨籍及未經政黨推薦,712,
2022年直轄市長選舉,2022,臺北市,信義區,雅祥里,臺北市,9,施奉先,無黨籍及未經政黨推薦,1,
2022年直轄市長選舉,2022,臺北市,信義區,雅祥里,臺北市,10,唐新民,共和黨,0,
2022年直轄市長選舉,2022,臺北市,信義區,雅祥里,臺北市,11,謝立康,無黨籍及未經政黨推薦,1,
2022年直轄市長選舉,2022,臺北市,信義區,雅祥里,臺北市,12,陳時中,民主進步黨,1038,
2022年直轄市長選舉,2022,臺北市,信義區,五常里,臺北市,1,張家豪,台灣動物保護黨,1,
2022年直轄市長選舉,2022,臺北市,信義區,五常里,臺北市,2,王文娟,無黨籍及未經政黨推薦,1,
2022年直轄市長選舉,2022,臺北市,信義區,五常里,臺北市,3,鄭匡宇,無黨籍及未經政黨推薦,1,
2022年直轄市長選舉,2022,臺北市,信義區,五常里,臺北市,4,黃聖峰,台澎黨,0,
2022年直轄市長選舉,2022,臺北市,信義區,五常里,臺北市,5,童文薰,無黨籍及未經政黨推薦,1,
2022年直轄市長選舉,2022,臺北市,信義區,五常里,臺北市,6,蔣萬安,中國國民黨,859,*
2022年直轄市長選舉,2022,臺北市,信義區,五常里,臺北市,7,蘇煥智,台灣維新,2,
2022年直轄市長選舉,2022,臺北市,信義區,五常里,臺北市,8,黃珊珊,無黨籍及未經政黨推薦,453,
2022年直轄市長選舉,2022,臺北市,信義區,五常里,臺北市,9,施奉先,無黨籍及未經政黨推薦,1,
2022年直轄市長選舉,2022,臺北市,信義區,五常里,臺北市,10,唐新民,共和黨,0,
2022年直轄市長選舉,2022,臺北市,信義區,五常里,臺北市,11,謝立康,無黨籍及未經政黨推薦,0,
2022年直轄市長選舉,2022,臺北市,信義區,五常里,臺北市,12,陳時中,民主進步黨,625,
2022年直轄市長選舉,2022,臺北市,信義區,五全里,臺北市,1,張家豪,台灣動物保護黨,5,
2022年直轄市長選舉,2022,臺北市,信義區,五全里,臺北市,2,王文娟,無黨籍及未經政黨推薦,0,
2022年直轄市長選舉,2022,臺北市,信義區,五全里,臺北市,3,鄭匡宇,無黨籍及未經政黨推薦,2,
2022年直轄市長選舉,2022,臺北市,信義區,五全里,臺北市,4,黃聖峰,台澎黨,1,
2022年直轄市長選舉,2022,臺北市,信義區,五全里,臺北市,5,童文薰,無黨籍及未經政黨推薦,3,
2022年直轄市長選舉,2022,臺北市,信義區,五全里,臺北市,6,蔣萬安,中國國民黨,1037,*
2022年直轄市長選舉,2022,臺北市,信義區,五全里,臺北市,7,蘇煥智,台灣維新,2,
2022年直轄市長選舉,2022,臺北市,信義區,五全里,臺北市,8,黃珊珊,無黨籍及未經政黨推薦,685,
2022年直轄市長選舉,2022,臺北市,信義區,五全里,臺北市,9,施奉先,無黨籍及未經政黨推薦,1,
2022年直轄市長選舉,2022,臺北市,信義區,五全里,臺北市,10,唐新民,共和黨,0,
2022年直轄市長選舉,2022,臺北市,信義區,五全里,臺北市,11,謝立康,無黨籍及未經政黨推薦,0,
2022年直轄市長選舉,2022,臺北市,信義區,五全里,臺北市,12,陳時中,民主進步黨,971,
2022年直轄市長選舉,2022,臺北市,信義區,永吉里,臺北市,1,張家豪,台灣動物保護黨,1,
2022年直轄市長選舉,2022,臺北市,信義區,永吉里,臺北市,2,王文娟,無黨籍及未經政黨推薦,0,
2022年直轄市長選舉,2022,臺北市,信義區,永吉里,臺北市,3,鄭匡宇,無黨籍及未經政黨推薦,0,
2022年直轄市長選舉,2022,臺北市,信義區,永吉里,臺北市,4,黃聖峰,台澎黨,0,
2022年直轄市長選舉,2022,臺北市,信義區,永吉里,臺北市,5,童文薰,無黨籍及未經政黨推薦,2,
2022年直轄市長選舉,2022,臺北市,信義區,永吉里,臺北市,6,蔣萬安,中國國民黨,701,*
2022年直轄市長選舉,2022,臺北市,信義區,永吉里,臺北市,7,蘇煥智,台灣維新,0,
2022年直轄市長選舉,2022,臺北市,信義區,永吉里,臺北市,8,黃珊珊,無黨籍及未經政黨推薦,529,
2022年直轄市長選舉,2022,臺北市,信義區,永吉里,臺北市,9,施奉先,無黨籍及未經政黨推薦,1,
2022年直轄市長選舉,2022,臺北市,信義區,永吉里,臺北市,10,唐新民,共和黨,0,
2022年直轄市長選舉,2022,臺北市,信義區,永吉里,臺北市,11,謝立康,無黨籍及未經政黨推薦,0,
2022年直轄市長選舉,2022,臺北市,信義區,永吉里,臺北市,12,陳時中,民主進步黨,808,
2022年直轄市長選舉,2022,臺北市,信義區,長春里,臺北市,1,張家豪,台灣動物保護黨,5,
2022年直轄市長選舉,2022,臺北市,信義區,長春里,臺北市,2,王文娟,無黨籍及未經政黨推薦,2,
2022年直轄市長選舉,2022,臺北市,信義區,長春里,臺北市,3,鄭匡宇,無黨籍及未經政黨推薦,0,
2022年直轄市長選舉,2022,臺北市,信義區,長春里,臺北市,4,黃聖峰,台澎黨,0,
2022年直轄市長選舉,2022,臺北市,信義區,長春里,臺北市,5,童文薰,無黨籍及未經政黨推薦,6,
2022年直轄市長選舉,2022,臺北市,信義區,長春里,臺北市,6,蔣萬安,中國國民黨,959,*
2022年直轄市長選舉,2022,臺北市,信義區,長春里,臺北市,7,蘇煥智,台灣維新,1,
2022年直轄市長選舉,2022,臺北市,信義區,長春里,臺北市,8,黃珊珊,無黨籍及未經政黨推薦,584,
2022年直轄市長選舉,2022,臺北市,信義區,長春里,臺北市,9,施奉先,無黨籍及未經政黨推薦,0,
2022年直轄市長選舉,2022,臺北市,信義區,長春里,臺北市,10,唐新民,共和黨,0,
2022年直轄市長選舉,2022,臺北市,信義區,長春里,臺北市,11,謝立康,無黨籍及未經政黨推薦,0,
2022年直轄市長選舉,2022,臺北市,信義區,長春里,臺北市,12,陳時中,民主進步黨,811,
2022年直轄市長選舉,2022,臺北市,信義區,四育里,臺北市,1,張家豪,台灣動物保護黨,4,
2022年直轄市長選舉,2022,臺北市,信義區,四育里,臺北市,2,王文娟,無黨籍及未經政黨推薦,1,
2022年直轄市長選舉,2022,臺北市,信義區,四育里,臺北市,3,鄭匡宇,無黨籍及未經政黨推薦,1,
2022年直轄市長選舉,2022,臺北市,信義區,四育里,臺北市,4,黃聖峰,台澎黨,0,
2022年直轄市長選舉,2022,臺北市,信義區,四育里,臺北市,5,童文薰,無黨籍及未經政黨推薦,6,
2022年直轄市長選舉,2022,臺北市,信義區,四育里,臺北市,6,蔣萬安,中國國民黨,1248,*
2022年直轄市長選舉,2022,臺北市,信義區,四育里,臺北市,7,蘇煥智,台灣維新,4,
2022年直轄市長選舉,2022,臺北市,信義區,四育里,臺北市,8,黃珊珊,無黨籍及未經政黨推薦,705,
2022年直轄市長選舉,2022,臺北市,信義區,四育里,臺北市,9,施奉先,無黨籍及未經政黨推薦,1,
2022年直轄市長選舉,2022,臺北市,信義區,四育里,臺北市,10,唐新民,共和黨,0,
2022年直轄市長選舉,2022,臺北市,信義區,四育里,臺北市,11,謝立康,無黨籍及未經政黨推薦,1,
2022年直轄市長選舉,2022,臺北市,信義區,四育里,臺北市,12,陳時中,民主進步黨,1173,
2022年直轄市長選舉,2022,臺北市,信義區,四維里,臺北市,1,張家豪,台灣動物保護黨,3,
2022年直轄市長選舉,2022,臺北市,信義區,四維里,臺北市,2,王文娟,無黨籍及未經政黨推薦,1,
2022年直轄市長選舉,2022,臺北市,信義區,四維里,臺北市,3,鄭匡宇,無黨籍及未經政黨推薦,0,
2022年直轄市長選舉,2022,臺北市,信義區,四維里,臺北市,4,黃聖峰,台澎黨,2,
2022年直轄市長選舉,2022,臺北市,信義區,四維里,臺北市,5,童文薰,無黨籍及未經政黨推薦,3,
2022年直轄市長選舉,2022,臺北市,信義區,四維里,臺北市,6,蔣萬安,中國國民黨,1305,*
2022年直轄市長選舉,2022,臺北市,信義區,四維里,臺北市,7,蘇煥智,台灣維新,3,
2022年直轄市長選舉,2022,臺北市,信義區,四維里,臺北市,8,黃珊珊,無黨籍及未經政黨推薦,684,
2022年直轄市長選舉,2022,臺北市,信義區,四維里,臺北市,9,施奉先,無黨籍及未經政黨推薦,2,
2022年直轄市長選舉,2022,臺北市,信義區,四維里,臺北市,10,唐新民,共和黨,0,
2022年直轄市長選舉,2022,臺北市,信義區,四維里,臺北市,11,謝立康,無黨籍及未經政黨推薦,0,
2022年直轄市長選舉,2022,臺北市,信義區,四維里,臺北市,12,陳時中,民主進步黨,838,
2022年直轄市長選舉,2022,臺北市,信義區,永春里,臺北市,1,張家豪,台灣動物保護黨,2,
2022年直轄市長選舉,2022,臺北市,信義區,永春里,臺北市,2,王文娟,無黨籍及未經政黨推薦,0,
2022年直轄市長選舉,2022,臺北市,信義區,永春里,臺北市,3,鄭匡宇,無黨籍及未經政黨推薦,5,
2022年直轄市長選舉,2022,臺北市,信義區,永春里,臺北市,4,黃聖峰,台澎黨,0,
2022年直轄市長選舉,2022,臺北市,信義區,永春里,臺北市,5,童文薰,無黨籍及未經政黨推薦,3,
2022年直轄市長選舉,2022,臺北市,信義區,永春里,臺北市,6,蔣萬安,中國國民黨,1092,*
2022年直轄市長選舉,2022,臺北市,信義區,永春里,臺北市,7,蘇煥智,台灣維新,1,
2022年直轄市長選舉,2022,臺北市,信義區,永春里,臺北市,8,黃珊珊,無黨籍及未經政黨推薦,679,
2022年直轄市長選舉,2022,臺北市,信義區,永春里,臺北市,9,施奉先,無黨籍及未經政黨推薦,0,
2022年直轄市長選舉,2022,臺北市,信義區,永春里,臺北市,10,唐新民,共和黨,0,
2022年直轄市長選舉,2022,臺北市,信義區,永春里,臺北市,11,謝立康,無黨籍及未經政黨推薦,1,
2022年直轄市長選舉,2022,臺北市,信義區,永春里,臺北市,12,陳時中,民主進步黨,901,
2022年直轄市長選舉,2022,臺北市,信義區,富台里,臺北市,1,張家豪,台灣動物保護黨,2,
2022年直轄市長選舉,2022,臺北市,信義區,富台里,臺北市,2,王文娟,無黨籍及未經政黨推薦,1,
2022年直轄市長選舉,2022,臺北市,信義區,富台里,臺北市,3,鄭匡宇,無黨籍及未經政黨推薦,0,
2022年直轄市長選舉,2022,臺北市,信義區,富台里,臺北市,4,黃聖峰,台澎黨,0,
2022年直轄市長選舉,2022,臺北市,信義區,富台里,臺北市,5,童文薰,無黨籍及未經政黨推薦,5,
2022年直轄市長選舉,2022,臺北市,信義區,富台里,臺北市,6,蔣萬安,中國國民黨,1256,*
2022年直轄市長選舉,2022,臺北市,信義區,富台里,臺北市,7,蘇煥智,台灣維新,3,
2022年直轄市長選舉,2022,臺北市,信義區,富台里,臺北市,8,黃珊珊,無黨籍及未經政黨推薦,569,
2022年直轄市長選舉,2022,臺北市,信義區,富台里,臺北市,9,施奉先,無黨籍及未經政黨推薦,0,
2022年直轄市長選舉,2022,臺北市,信義區,富台里,臺北市,10,唐新民,共和黨,1,
2022年直轄市長選舉,2022,臺北市,信義區,富台里,臺北市,11,謝立康,無黨籍及未經政黨推薦,0,
2022年直轄市長選舉,2022,臺北市,信義區,富台里,臺北市,12,陳時中,民主進步黨,593,
2022年直轄市長選舉,2022,臺北市,信義區,國業里,臺北市,1,張家豪,台灣動物保護黨,10,
2022年直轄市長選舉,2022,臺北市,信義區,國業里,臺北市,2,王文娟,無黨籍及未經政黨推薦,1,
2022年直轄市長選舉,2022,臺北市,信義區,國業里,臺北市,3,鄭匡宇,無黨籍及未經政黨推薦,0,
2022年直轄市長選舉,2022,臺北市,信義區,國業里,臺北市,4,黃聖峰,台澎黨,1,
2022年直轄市長選舉,2022,臺北市,信義區,國業里,臺北市,5,童文薰,無黨籍及未經政黨推薦,1,
2022年直轄市長選舉,2022,臺北市,信義區,國業里,臺北市,6,蔣萬安,中國國民黨,1703,*
2022年直轄市長選舉,2022,臺北市,信義區,國業里,臺北市,7,蘇煥智,台灣維新,2,
2022年直轄市長選舉,2022,臺北市,信義區,國業里,臺北市,8,黃珊珊,無黨籍及未經政黨推薦,1009,
2022年直轄市長選舉,2022,臺北市,信義區,國業里,臺北市,9,施奉先,無黨籍及未經政黨推薦,0,
2022年直轄市長選舉,2022,臺北市,信義區,國業里,臺北市,10,唐新民,共和黨,1,
2022年直轄市長選舉,2022,臺北市,信義區,國業里,臺北市,11,謝立康,無黨籍及未經政黨推薦,0,
2022年直轄市長選舉,2022,臺北市,信義區,國業里,臺北市,12,陳時中,民主進步黨,1157,
2022年直轄市長選舉,2022,臺北市,信義區,松隆里,臺北市,1,張家豪,台灣動物保護黨,4,
2022年直轄市長選舉,2022,臺北市,信義區,松隆里,臺北市,2,王文娟,無黨籍及未經政黨推薦,0,
2022年直轄市長選舉,2022,臺北市,信義區,松隆里,臺北市,3,鄭匡宇,無黨籍及未經政黨推薦,0,
2022年直轄市長選舉,2022,臺北市,信義區,松隆里,臺北市,4,黃聖峰,台澎黨,0,
2022年直轄市長選舉,2022,臺北市,信義區,松隆里,臺北市,5,童文薰,無黨籍及未經政黨推薦,2,
2022年直轄市長選舉,2022,臺北市,信義區,松隆里,臺北市,6,蔣萬安,中國國民黨,529,*
2022年直轄市長選舉,2022,臺北市,信義區,松隆里,臺北市,7,蘇煥智,台灣維新,1,
2022年直轄市長選舉,2022,臺北市,信義區,松隆里,臺北市,8,黃珊珊,無黨籍及未經政黨推薦,277,
2022年直轄市長選舉,2022,臺北市,信義區,松隆里,臺北市,9,施奉先,無黨籍及未經政黨推薦,0,
2022年直轄市長選舉,2022,臺北市,信義區,松隆里,臺北市,10,唐新民,共和黨,0,
2022年直轄市長選舉,2022,臺北市,信義區,松隆里,臺北市,11,謝立康,無黨籍及未經政黨推薦,0,
2022年直轄市長選舉,2022,臺北市,信義區,松隆里,臺北市,12,陳時中,民主進步黨,359,
2022年直轄市長選舉,2022,臺北市,信義區,松友里,臺北市,1,張家豪,台灣動物保護黨,9,
2022年直轄市長選舉,2022,臺北市,信義區,松友里,臺北市,2,王文娟,無黨籍及未經政黨推薦,1,
2022年直轄市長選舉,2022,臺北市,信義區,松友里,臺北市,3,鄭匡宇,無黨籍及未經政黨推薦,1,
2022年直轄市長選舉,2022,臺北市,信義區,松友里,臺北市,4,黃聖峰,台澎黨,1,
2022年直轄市長選舉,2022,臺北市,信義區,松友里,臺北市,5,童文薰,無黨籍及未經政黨推薦,8,
2022年直轄市長選舉,2022,臺北市,信義區,松友里,臺北市,6,蔣萬安,中國國民黨,1563,*
2022年直轄市長選舉,2022,臺北市,信義區,松友里,臺北市,7,蘇煥智,台灣維新,5,
2022年直轄市長選舉,2022,臺北市,信義區,松友里,臺北市,8,黃珊珊,無黨籍及未經政黨推薦,872,
2022年直轄市長選舉,2022,臺北市,信義區,松友里,臺北市,9,施奉先,無黨籍及未經政黨推薦,0,
2022年直轄市長選舉,2022,臺北市,信義區,松友里,臺北市,10,唐新民,共和黨,1,
2022年直轄市長選舉,2022,臺北市,信義區,松友里,臺北市,11,謝立康,無黨籍及未經政黨推薦,1,
2022年直轄市長選舉,2022,臺北市,信義區,松友里,臺北市,12,陳時中,民主進步黨,1014,
2022年直轄市長選舉,2022,臺北市,信義區,松光里,臺北市,1,張家豪,台灣動物保護黨,4,
2022年直轄市長選舉,2022,臺北市,信義區,松光里,臺北市,2,王文娟,無黨籍及未經政黨推薦,0,
2022年直轄市長選舉,2022,臺北市,信義區,松光里,臺北市,3,鄭匡宇,無黨籍及未經政黨推薦,2,
2022年直轄市長選舉,2022,臺北市,信義區,松光里,臺北市,4,黃聖峰,台澎黨,1,
2022年直轄市長選舉,2022,臺北市,信義區,松光里,臺北市,5,童文薰,無黨籍及未經政黨推薦,2,
2022年直轄市長選舉,2022,臺北市,信義區,松光里,臺北市,6,蔣萬安,中國國民黨,1115,*
2022年直轄市長選舉,2022,臺北市,信義區,松光里,臺北市,7,蘇煥智,台灣維新,4,
2022年直轄市長選舉,2022,臺北市,信義區,松光里,臺北市,8,黃珊珊,無黨籍及未經政黨推薦,615,
2022年直轄市長選舉,2022,臺北市,信義區,松光里,臺北市,9,施奉先,無黨籍及未經政黨推薦,0,
2022年直轄市長選舉,2022,臺北市,信義區,松光里,臺北市,10,唐新民,共和黨,0,
2022年直轄市長選舉,2022,臺北市,信義區,松光里,臺北市,11,謝立康,無黨籍及未經政黨推薦,0,
2022年直轄市長選舉,2022,臺北市,信義區,松光里,臺北市,12,陳時中,民主進步黨,885,
2022年直轄市長選舉,2022,臺北市,信義區,中坡里,臺北市,1,張家豪,台灣動物保護黨,1,
2022年直轄市長選舉,2022,臺北市,信義區,中坡里,臺北市,2,王文娟,無黨籍及未經政黨推薦,3,
2022年直轄市長選舉,2022,臺北市,信義區,中坡里,臺北市,3,鄭匡宇,無黨籍及未經政黨推薦,1,
2022年直轄市長選舉,2022,臺北市,信義區,中坡里,臺北市,4,黃聖峰,台澎黨,0,
2022年直轄市長選舉,2022,臺北市,信義區,中坡里,臺北市,5,童文薰,無黨籍及未經政黨推薦,3,
2022年直轄市長選舉,2022,臺北市,信義區,中坡里,臺北市,6,蔣萬安,中國國民黨,1081,*
2022年直轄市長選舉,2022,臺北市,信義區,中坡里,臺北市,7,蘇煥智,台灣維新,1,
2022年直轄市長選舉,2022,臺北市,信義區,中坡里,臺北市,8,黃珊珊,無黨籍及未經政黨推薦,583,
2022年直轄市長選舉,2022,臺北市,信義區,中坡里,臺北市,9,施奉先,無黨籍及未經政黨推薦,1,
2022年直轄市長選舉,2022,臺北市,信義區,中坡里,臺北市,10,唐新民,共和黨,0,
2022年直轄市長選舉,2022,臺北市,信義區,中坡里,臺北市,11,謝立康,無黨籍及未經政黨推薦,0,
2022年直轄市長選舉,2022,臺北市,信義區,中坡里,臺北市,12,陳時中,民主進步黨,798,
2022年直轄市長選舉,2022,臺北市,信義區,中行里,臺北市,1,張家豪,台灣動物保護黨,4,
2022年直轄市長選舉,2022,臺北市,信義區,中行里,臺北市,2,王文娟,無黨籍及未經政黨推薦,4,
2022年直轄市長選舉,2022,臺北市,信義區,中行里,臺北市,3,鄭匡宇,無黨籍及未經政黨推薦,0,
2022年直轄市長選舉,2022,臺北市,信義區,中行里,臺北市,4,黃聖峰,台澎黨,1,
2022年直轄市長選舉,2022,臺北市,信義區,中行里,臺北市,5,童文薰,無黨籍及未經政黨推薦,9,
2022年直轄市長選舉,2022,臺北市,信義區,中行里,臺北市,6,蔣萬安,中國國民黨,1683,*
2022年直轄市長選舉,2022,臺北市,信義區,中行里,臺北市,7,蘇煥智,台灣維新,4,
2022年直轄市長選舉,2022,臺北市,信義區,中行里,臺北市,8,黃珊珊,無黨籍及未經政黨推薦,1045,
2022年直轄市長選舉,2022,臺北市,信義區,中行里,臺北市,9,施奉先,無黨籍及未經政黨推薦,1,
2022年直轄市長選舉,2022,臺北市,信義區,中行里,臺北市,10,唐新民,共和黨,0,
2022年直轄市長選舉,2022,臺北市,信義區,中行里,臺北市,11,謝立康,無黨籍及未經政黨推薦,2,
2022年直轄市長選舉,2022,臺北市,信義區,中行里,臺北市,12,陳時中,民主進步黨,1462,
2022年直轄市長選舉,2022,臺北市,信義區,大道里,臺北市,1,張家豪,台灣動物保護黨,8,
2022年直轄市長選舉,2022,臺北市,信義區,大道里,臺北市,2,王文娟,無黨籍及未經政黨推薦,0,
2022年直轄市長選舉,2022,臺北市,信義區,大道里,臺北市,3,鄭匡宇,無黨籍及未經政黨推薦,1,
2022年直轄市長選舉,2022,臺北市,信義區,大道里,臺北市,4,黃聖峰,台澎黨,1,
2022年直轄市長選舉,2022,臺北市,信義區,大道里,臺北市,5,童文薰,無黨籍及未經政黨推薦,6,
2022年直轄市長選舉,2022,臺北市,信義區,大道里,臺北市,6,蔣萬安,中國國民黨,1438,*
2022年直轄市長選舉,2022,臺北市,信義區,大道里,臺北市,7,蘇煥智,台灣維新,7,
2022年直轄市長選舉,2022,臺北市,信義區,大道里,臺北市,8,黃珊珊,無黨籍及未經政黨推薦,805,
2022年直轄市長選舉,2022,臺北市,信義區,大道里,臺北市,9,施奉先,無黨籍及未經政黨推薦,0,
2022年直轄市長選舉,2022,臺北市,信義區,大道里,臺北市,10,唐新民,共和黨,0,
2022年直轄市長選舉,2022,臺北市,信義區,大道里,臺北市,11,謝立康,無黨籍及未經政黨推薦,0,
2022年直轄市長選舉,2022,臺北市,信義區,大道里,臺北市,12,陳時中,民主進步黨,1114,
2022年直轄市長選舉,2022,臺北市,信義區,大仁里,臺北市,1,張家豪,台灣動物保護黨,7,
2022年直轄市長選舉,2022,臺北市,信義區,大仁里,臺北市,2,王文娟,無黨籍及未經政黨推薦,3,
2022年直轄市長選舉,2022,臺北市,信義區,大仁里,臺北市,3,鄭匡宇,無黨籍及未經政黨推薦,1,
2022年直轄市長選舉,2022,臺北市,信義區,大仁里,臺北市,4,黃聖峰,台澎黨,0,
2022年直轄市長選舉,2022,臺北市,信義區,大仁里,臺北市,5,童文薰,無黨籍及未經政黨推薦,3,
2022年直轄市長選舉,2022,臺北市,信義區,大仁里,臺北市,6,蔣萬安,中國國民黨,1042,*
2022年直轄市長選舉,2022,臺北市,信義區,大仁里,臺北市,7,蘇煥智,台灣維新,5,
2022年直轄市長選舉,2022,臺北市,信義區,大仁里,臺北市,8,黃珊珊,無黨籍及未經政黨推薦,626,
2022年直轄市長選舉,2022,臺北市,信義區,大仁里,臺北市,9,施奉先,無黨籍及未經政黨推薦,0,
2022年直轄市長選舉,2022,臺北市,信義區,大仁里,臺北市,10,唐新民,共和黨,0,
2022年直轄市長選舉,2022,臺北市,信義區,大仁里,臺北市,11,謝立康,無黨籍及未經政黨推薦,0,
2022年直轄市長選舉,2022,臺北市,信義區,大仁里,臺北市,12,陳時中,民主進步黨,787,
2022年直轄市長選舉,2022,臺北市,信義區,景新里,臺北市,1,張家豪,台灣動物保護黨,5,
2022年直轄市長選舉,2022,臺北市,信義區,景新里,臺北市,2,王文娟,無黨籍及未經政黨推薦,3,
2022年直轄市長選舉,2022,臺北市,信義區,景新里,臺北市,3,鄭匡宇,無黨籍及未經政黨推薦,2,
2022年直轄市長選舉,2022,臺北市,信義區,景新里,臺北市,4,黃聖峰,台澎黨,2,
2022年直轄市長選舉,2022,臺北市,信義區,景新里,臺北市,5,童文薰,無黨籍及未經政黨推薦,1,
2022年直轄市長選舉,2022,臺北市,信義區,景新里,臺北市,6,蔣萬安,中國國民黨,1355,*
2022年直轄市長選舉,2022,臺北市,信義區,景新里,臺北市,7,蘇煥智,台灣維新,4,
2022年直轄市長選舉,2022,臺北市,信義區,景新里,臺北市,8,黃珊珊,無黨籍及未經政黨推薦,626,
2022年直轄市長選舉,2022,臺北市,信義區,景新里,臺北市,9,施奉先,無黨籍及未經政黨推薦,0,
2022年直轄市長選舉,2022,臺北市,信義區,景新里,臺北市,10,唐新民,共和黨,1,
2022年直轄市長選舉,2022,臺北市,信義區,景新里,臺北市,11,謝立康,無黨籍及未經政黨推薦,0,
2022年直轄市長選舉,2022,臺北市,信義區,景新里,臺北市,12,陳時中,民主進步黨,729,
2022年直轄市長選舉,2022,臺北市,信義區,惠安里,臺北市,1,張家豪,台灣動物保護黨,8,
2022年直轄市長選舉,2022,臺北市,信義區,惠安里,臺北市,2,王文娟,無黨籍及未經政黨推薦,1,
2022年直轄市長選舉,2022,臺北市,信義區,惠安里,臺北市,3,鄭匡宇,無黨籍及未經政黨推薦,2,
2022年直轄市長選舉,2022,臺北市,信義區,惠安里,臺北市,4,黃聖峰,台澎黨,1,
2022年直轄市長選舉,2022,臺北市,信義區,惠安里,臺北市,5,童文薰,無黨籍及未經政黨推薦,5,
2022年直轄市長選舉,2022,臺北市,信義區,惠安里,臺北市,6,蔣萬安,中國國民黨,1722,*
2022年直轄市長選舉,2022,臺北市,信義區,惠安里,臺北市,7,蘇煥智,台灣維新,6,
2022年直轄市長選舉,2022,臺北市,信義區,惠安里,臺北市,8,黃珊珊,無黨籍及未經政黨推薦,859,
2022年直轄市長選舉,2022,臺北市,信義區,惠安里,臺北市,9,施奉先,無黨籍及未經政黨推薦,1,
2022年直轄市長選舉,2022,臺北市,信義區,惠安里,臺北市,10,唐新民,共和黨,2,
2022年直轄市長選舉,2022,臺北市,信義區,惠安里,臺北市,11,謝立康,無黨籍及未經政黨推薦,1,
2022年直轄市長選舉,2022,臺北市,信義區,惠安里,臺北市,12,陳時中,民主進步黨,852,
2022年直轄市長選舉,2022,臺北市,信義區,三張里,臺北市,1,張家豪,台灣動物保護黨,6,
2022年直轄市長選舉,2022,臺北市,信義區,三張里,臺北市,2,王文娟,無黨籍及未經政黨推薦,0,
2022年直轄市長選舉,2022,臺北市,信義區,三張里,臺北市,3,鄭匡宇,無黨籍及未經政黨推薦,2,
2022年直轄市長選舉,2022,臺北市,信義區,三張里,臺北市,4,黃聖峰,台澎黨,0,
2022年直轄市長選舉,2022,臺北市,信義區,三張里,臺北市,5,童文薰,無黨籍及未經政黨推薦,11,
2022年直轄市長選舉,2022,臺北市,信義區,三張里,臺北市,6,蔣萬安,中國國民黨,2254,*
2022年直轄市長選舉,2022,臺北市,信義區,三張里,臺北市,7,蘇煥智,台灣維新,3,
2022年直轄市長選舉,2022,臺北市,信義區,三張里,臺北市,8,黃珊珊,無黨籍及未經政黨推薦,1031,
2022年直轄市長選舉,2022,臺北市,信義區,三張里,臺北市,9,施奉先,無黨籍及未經政黨推薦,2,
2022年直轄市長選舉,2022,臺北市,信義區,三張里,臺北市,10,唐新民,共和黨,0,
2022年直轄市長選舉,2022,臺北市,信義區,三張里,臺北市,11,謝立康,無黨籍及未經政黨推薦,1,
2022年直轄市長選舉,2022,臺北市,信義區,三張里,臺北市,12,陳時中,民主進步黨,1365,
2022年直轄市長選舉,2022,臺北市,信義區,三犁里,臺北市,1,張家豪,台灣動物保護黨,4,
2022年直轄市長選舉,2022,臺北市,信義區,三犁里,臺北市,2,王文娟,無黨籍及未經政黨推薦,0,
2022年直轄市長選舉,2022,臺北市,信義區,三犁里,臺北市,3,鄭匡宇,無黨籍及未經政黨推薦,0,
2022年直轄市長選舉,2022,臺北市,信義區,三犁里,臺北市,4,黃聖峰,台澎黨,0,
2022年直轄市長選舉,2022,臺北市,信義區,三犁里,臺北市,5,童文薰,無黨籍及未經政黨推薦,4,
2022年直轄市長選舉,2022,臺北市,信義區,三犁里,臺北市,6,蔣萬安,中國國民黨,1279,*
2022年直轄市長選舉,2022,臺北市,信義區,三犁里,臺北市,7,蘇煥智,台灣維新,3,
2022年直轄市長選舉,2022,臺北市,信義區,三犁里,臺北市,8,黃珊珊,無黨籍及未經政黨推薦,610,
2022年直轄市長選舉,2022,臺北市,信義區,三犁里,臺北市,9,施奉先,無黨籍及未經政黨推薦,0,
2022年直轄市長選舉,2022,臺北市,信義區,三犁里,臺北市,10,唐新民,共和黨,0,
2022年直轄市長選舉,2022,臺北市,信義區,三犁里,臺北市,11,謝立康,無黨籍及未經政黨推薦,0,
2022年直轄市長選舉,2022,臺北市,信義區,三犁里,臺北市,12,陳時中,民主進步黨,771,
2022年直轄市長選舉,2022,臺北市,信義區,六合里,臺北市,1,張家豪,台灣動物保護黨,10,
2022年直轄市長選舉,2022,臺北市,信義區,六合里,臺北市,2,王文娟,無黨籍及未經政黨推薦,2,
2022年直轄市長選舉,2022,臺北市,信義區,六合里,臺北市,3,鄭匡宇,無黨籍及未經政黨推薦,0,
2022年直轄市長選舉,2022,臺北市,信義區,六合里,臺北市,4,黃聖峰,台澎黨,0,
2022年直轄市長選舉,2022,臺北市,信義區,六合里,臺北市,5,童文薰,無黨籍及未經政黨推薦,8,
2022年直轄市長選舉,2022,臺北市,信義區,六合里,臺北市,6,蔣萬安,中國國民黨,1832,*
2022年直轄市長選舉,2022,臺北市,信義區,六合里,臺北市,7,蘇煥智,台灣維新,5,
2022年直轄市長選舉,2022,臺北市,信義區,六合里,臺北市,8,黃珊珊,無黨籍及未經政黨推薦,847,
2022年直轄市長選舉,2022,臺北市,信義區,六合里,臺北市,9,施奉先,無黨籍及未經政黨推薦,0,
2022年直轄市長選舉,2022,臺北市,信義區,六合里,臺北市,10,唐新民,共和黨,1,
2022年直轄市長選舉,2022,臺北市,信義區,六合里,臺北市,11,謝立康,無黨籍及未經政黨推薦,1,
2022年直轄市長選舉,2022,臺北市,信義區,六合里,臺北市,12,陳時中,民主進步黨,890,
2022年直轄市長選舉,2022,臺北市,信義區,泰和里,臺北市,1,張家豪,台灣動物保護黨,2,
2022年直轄市長選舉,2022,臺北市,信義區,泰和里,臺北市,2,王文娟,無黨籍及未經政黨推薦,5,
2022年直轄市長選舉,2022,臺北市,信義區,泰和里,臺北市,3,鄭匡宇,無黨籍及未經政黨推薦,3,
2022年直轄市長選舉,2022,臺北市,信義區,泰和里,臺北市,4,黃聖峰,台澎黨,0,
2022年直轄市長選舉,2022,臺北市,信義區,泰和里,臺北市,5,童文薰,無黨籍及未經政黨推薦,6,
2022年直轄市長選舉,2022,臺北市,信義區,泰和里,臺北市,6,蔣萬安,中國國民黨,1830,*
2022年直轄市長選舉,2022,臺北市,信義區,泰和里,臺北市,7,蘇煥智,台灣維新,4,
2022年直轄市長選舉,2022,臺北市,信義區,泰和里,臺北市,8,黃珊珊,無黨籍及未經政黨推薦,944,
2022年直轄市長選舉,2022,臺北市,信義區,泰和里,臺北市,9,施奉先,無黨籍及未經政黨推薦,2,
2022年直轄市長選舉,2022,臺北市,信義區,泰和里,臺北市,10,唐新民,共和黨,0,
2022年直轄市長選舉,2022,臺北市,信義區,泰和里,臺北市,11,謝立康,無黨籍及未經政黨推薦,2,
2022年直轄市長選舉,2022,臺北市,信義區,泰和里,臺北市,12,陳時中,民主進步黨,1153,
2022年直轄市長選舉,2022,臺北市,信義區,景聯里,臺北市,1,張家豪,台灣動物保護黨,2,
2022年直轄市長選舉,2022,臺北市,信義區,景聯里,臺北市,2,王文娟,無黨籍及未經政黨推薦,0,
2022年直轄市長選舉,2022,臺北市,信義區,景聯里,臺北市,3,鄭匡宇,無黨籍及未經政黨推薦,1,
2022年直轄市長選舉,2022,臺北市,信義區,景聯里,臺北市,4,黃聖峰,台澎黨,0,
2022年直轄市長選舉,2022,臺北市,信義區,景聯里,臺北市,5,童文薰,無黨籍及未經政黨推薦,3,
2022年直轄市長選舉,2022,臺北市,信義區,景聯里,臺北市,6,蔣萬安,中國國民黨,1093,*
2022年直轄市長選舉,2022,臺北市,信義區,景聯里,臺北市,7,蘇煥智,台灣維新,1,
2022年直轄市長選舉,2022,臺北市,信義區,景聯里,臺北市,8,黃珊珊,無黨籍及未經政黨推薦,583,
2022年直轄市長選舉,2022,臺北市,信義區,景聯里,臺北市,9,施奉先,無黨籍及未經政黨推薦,0,
2022年直轄市長選舉,2022,臺北市,信義區,景聯里,臺北市,10,唐新民,共和黨,0,
2022年直轄市長選舉,2022,臺北市,信義區,景聯里,臺北市,11,謝立康,無黨籍及未經政黨推薦,1,
2022年直轄市長選舉,2022,臺北市,信義區,景聯里,臺北市,12,陳時中,民主進步黨,739,
2022年直轄市長選舉,2022,臺北市,信義區,景勤里,臺北市,1,張家豪,台灣動物保護黨,4,
2022年直轄市長選舉,2022,臺北市,信義區,景勤里,臺北市,2,王文娟,無黨籍及未經政黨推薦,2,
2022年直轄市長選舉,2022,臺北市,信義區,景勤里,臺北市,3,鄭匡宇,無黨籍及未經政黨推薦,0,
2022年直轄市長選舉,2022,臺北市,信義區,景勤里,臺北市,4,黃聖峰,台澎黨,1,
2022年直轄市長選舉,2022,臺北市,信義區,景勤里,臺北市,5,童文薰,無黨籍及未經政黨推薦,3,
2022年直轄市長選舉,2022,臺北市,信義區,景勤里,臺北市,6,蔣萬安,中國國民黨,983,*
2022年直轄市長選舉,2022,臺北市,信義區,景勤里,臺北市,7,蘇煥智,台灣維新,2,
2022年直轄市長選舉,2022,臺北市,信義區,景勤里,臺北市,8,黃珊珊,無黨籍及未經政黨推薦,407,
2022年直轄市長選舉,2022,臺北市,信義區,景勤里,臺北市,9,施奉先,無黨籍及未經政黨推薦,0,
2022年直轄市長選舉,2022,臺北市,信義區,景勤里,臺北市,10,唐新民,共和黨,0,
2022年直轄市長選舉,2022,臺北市,信義區,景勤里,臺北市,11,謝立康,無黨籍及未經政黨推薦,1,
2022年直轄市長選舉,2022,臺北市,信義區,景勤里,臺北市,12,陳時中,民主進步黨,581,
2022年直轄市長選舉,2022,臺北市,信義區,雙和里,臺北市,1,張家豪,台灣動物保護黨,6,
2022年直轄市長選舉,2022,臺北市,信義區,雙和里,臺北市,2,王文娟,無黨籍及未經政黨推薦,2,
2022年直轄市長選舉,2022,臺北市,信義區,雙和里,臺北市,3,鄭匡宇,無黨籍及未經政黨推薦,0,
2022年直轄市長選舉,2022,臺北市,信義區,雙和里,臺北市,4,黃聖峰,台澎黨,1,
2022年直轄市長選舉,2022,臺北市,信義區,雙和里,臺北市,5,童文薰,無黨籍及未經政黨推薦,9,
2022年直轄市長選舉,2022,臺北市,信義區,雙和里,臺北市,6,蔣萬安,中國國民黨,1897,*
2022年直轄市長選舉,2022,臺北市,信義區,雙和里,臺北市,7,蘇煥智,台灣維新,4,
2022年直轄市長選舉,2022,臺北市,信義區,雙和里,臺北市,8,黃珊珊,無黨籍及未經政黨推薦,943,
2022年直轄市長選舉,2022,臺北市,信義區,雙和里,臺北市,9,施奉先,無黨籍及未經政黨推薦,2,
2022年直轄市長選舉,2022,臺北市,信義區,雙和里,臺北市,10,唐新民,共和黨,1,
2022年直轄市長選舉,2022,臺北市,信義區,雙和里,臺北市,11,謝立康,無黨籍及未經政黨推薦,1,
2022年直轄市長選舉,2022,臺北市,信義區,雙和里,臺北市,12,陳時中,民主進步黨,1073,
2022年直轄市長選舉,2022,臺北市,信義區,嘉興里,臺北市,1,張家豪,台灣動物保護黨,1,
2022年直轄市長選舉,2022,臺北市,信義區,嘉興里,臺北市,2,王文娟,無黨籍及未經政黨推薦,0,
2022年直轄市長選舉,2022,臺北市,信義區,嘉興里,臺北市,3,鄭匡宇,無黨籍及未經政黨推薦,1,
2022年直轄市長選舉,2022,臺北市,信義區,嘉興里,臺北市,4,黃聖峰,台澎黨,0,
2022年直轄市長選舉,2022,臺北市,信義區,嘉興里,臺北市,5,童文薰,無黨籍及未經政黨推薦,2,
2022年直轄市長選舉,2022,臺北市,信義區,嘉興里,臺北市,6,蔣萬安,中國國民黨,780,*
2022年直轄市長選舉,2022,臺北市,信義區,嘉興里,臺北市,7,蘇煥智,台灣維新,2,
2022年直轄市長選舉,2022,臺北市,信義區,嘉興里,臺北市,8,黃珊珊,無黨籍及未經政黨推薦,422,
2022年直轄市長選舉,2022,臺北市,信義區,嘉興里,臺北市,9,施奉先,無黨籍及未經政黨推薦,1,
2022年直轄市長選舉,2022,臺北市,信義區,嘉興里,臺北市,10,唐新民,共和黨,0,
2022年直轄市長選舉,2022,臺北市,信義區,嘉興里,臺北市,11,謝立康,無黨籍及未經政黨推薦,0,
2022年直轄市長選舉,2022,臺北市,信義區,嘉興里,臺北市,12,陳時中,民主進步黨,555,
2022年直轄市長選舉,2022,臺北市,信義區,黎順里,臺北市,1,張家豪,台灣動物保護黨,2,
2022年直轄市長選舉,2022,臺北市,信義區,黎順里,臺北市,2,王文娟,無黨籍及未經政黨推薦,1,
2022年直轄市長選舉,2022,臺北市,信義區,黎順里,臺北市,3,鄭匡宇,無黨籍及未經政黨推薦,1,
2022年直轄市長選舉,2022,臺北市,信義區,黎順里,臺北市,4,黃聖峰,台澎黨,0,
2022年直轄市長選舉,2022,臺北市,信義區,黎順里,臺北市,5,童文薰,無黨籍及未經政黨推薦,9,
2022年直轄市長選舉,2022,臺北市,信義區,黎順里,臺北市,6,蔣萬安,中國國民黨,1032,*
2022年直轄市長選舉,2022,臺北市,信義區,黎順里,臺北市,7,蘇煥智,台灣維新,3,
2022年直轄市長選舉,2022,臺北市,信義區,黎順里,臺北市,8,黃珊珊,無黨籍及未經政黨推薦,498,
2022年直轄市長選舉,2022,臺北市,信義區,黎順里,臺北市,9,施奉先,無黨籍及未經政黨推薦,1,
2022年直轄市長選舉,2022,臺北市,信義區,黎順里,臺北市,10,唐新民,共和黨,1,
2022年直轄市長選舉,2022,臺北市,信義區,黎順里,臺北市,11,謝立康,無黨籍及未經政黨推薦,0,
2022年直轄市長選舉,2022,臺北市,信義區,黎順里,臺北市,12,陳時中,民主進步黨,614,
2022年直轄市長選舉,2022,臺北市,信義區,黎平里,臺北市,1,張家豪,台灣動物保護黨,5,
2022年直轄市長選舉,2022,臺北市,信義區,黎平里,臺北市,2,王文娟,無黨籍及未經政黨推薦,0,
2022年直轄市長選舉,2022,臺北市,信義區,黎平里,臺北市,3,鄭匡宇,無黨籍及未經政黨推薦,0,
2022年直轄市長選舉,2022,臺北市,信義區,黎平里,臺北市,4,黃聖峰,台澎黨,0,
2022年直轄市長選舉,2022,臺北市,信義區,黎平里,臺北市,5,童文薰,無黨籍及未經政黨推薦,4,
2022年直轄市長選舉,2022,臺北市,信義區,黎平里,臺北市,6,蔣萬安,中國國民黨,1826,*
2022年直轄市長選舉,2022,臺北市,信義區,黎平里,臺北市,7,蘇煥智,台灣維新,4,
2022年直轄市長選舉,2022,臺北市,信義區,黎平里,臺北市,8,黃珊珊,無黨籍及未經政黨推薦,872,
2022年直轄市長選舉,2022,臺北市,信義區,黎平里,臺北市,9,施奉先,無黨籍及未經政黨推薦,1,
2022年直轄市長選舉,2022,臺北市,信義區,黎平里,臺北市,10,唐新民,共和黨,1,
2022年直轄市長選舉,2022,臺北市,信義區,黎平里,臺北市,11,謝立康,無黨籍及未經政黨推薦,3,
2022年直轄市長選舉,2022,臺北市,信義區,黎平里,臺北市,12,陳時中,民主進步黨,1042,
2022年直轄市長選舉,2022,臺北市,信義區,黎忠里,臺北市,1,張家豪,台灣動物保護黨,4,
2022年直轄市長選舉,2022,臺北市,信義區,黎忠里,臺北市,2,王文娟,無黨籍及未經政黨推薦,1,
2022年直轄市長選舉,2022,臺北市,信義區,黎忠里,臺北市,3,鄭匡宇,無黨籍及未經政黨推薦,0,
2022年直轄市長選舉,2022,臺北市,信義區,黎忠里,臺北市,4,黃聖峰,台澎黨,0,
2022年直轄市長選舉,2022,臺北市,信義區,黎忠里,臺北市,5,童文薰,無黨籍及未經政黨推薦,4,
2022年直轄市長選舉,2022,臺北市,信義區,黎忠里,臺北市,6,蔣萬安,中國國民黨,1260,*
2022年直轄市長選舉,2022,臺北市,信義區,黎忠里,臺北市,7,蘇煥智,台灣維新,5,
2022年直轄市長選舉,2022,臺北市,信義區,黎忠里,臺北市,8,黃珊珊,無黨籍及未經政黨推薦,655,
2022年直轄市長選舉,2022,臺北市,信義區,黎忠里,臺北市,9,施奉先,無黨籍及未經政黨推薦,0,
2022年直轄市長選舉,2022,臺北市,信義區,黎忠里,臺北市,10,唐新民,共和黨,0,
2022年直轄市長選舉,2022,臺北市,信義區,黎忠里,臺北市,11,謝立康,無黨籍及未經政黨推薦,0,
2022年直轄市長選舉,2022,臺北市,信義區,黎忠里,臺北市,12,陳時中,民主進步黨,783,
2022年直轄市長選舉,2022,臺北市,信義區,黎安里,臺北市,1,張家豪,台灣動物保護黨,3,
2022年直轄市長選舉,2022,臺北市,信義區,黎安里,臺北市,2,王文娟,無黨籍及未經政黨推薦,3,
2022年直轄市長選舉,2022,臺北市,信義區,黎安里,臺北市,3,鄭匡宇,無黨籍及未經政黨推薦,0,
2022年直轄市長選舉,2022,臺北市,信義區,黎安里,臺北市,4,黃聖峰,台澎黨,0,
2022年直轄市長選舉,2022,臺北市,信義區,黎安里,臺北市,5,童文薰,無黨籍及未經政黨推薦,3,
2022年直轄市長選舉,2022,臺北市,信義區,黎安里,臺北市,6,蔣萬安,中國國民黨,571,*
2022年直轄市長選舉,2022,臺北市,信義區,黎安里,臺北市,7,蘇煥智,台灣維新,3,
2022年直轄市長選舉,2022,臺北市,信義區,黎安里,臺北市,8,黃珊珊,無黨籍及未經政黨推薦,189,
2022年直轄市長選舉,2022,臺北市,信義區,黎安里,臺北市,9,施奉先,無黨籍及未經政黨推薦,1,
2022年直轄市長選舉,2022,臺北市,信義區,黎安里,臺北市,10,唐新民,共和黨,0,
2022年直轄市長選舉,2022,臺北市,信義區,黎安里,臺北市,11,謝立康,無黨籍及未經政黨推薦,0,
2022年直轄市長選舉,2022,臺北市,信義區,黎安里,臺北市,12,陳時中,民主進步黨,251,
2022年直轄市長選舉,2022,臺北市,大安區,德安里,臺北市,1,張家豪,台灣動物保護黨,6,
2022年直轄市長選舉,2022,臺北市,大安區,德安里,臺北市,2,王文娟,無黨籍及未經政黨推薦,0,
2022年直轄市長選舉,2022,臺北市,大安區,德安里,臺北市,3,鄭匡宇,無黨籍及未經政黨推薦,0,
2022年直轄市長選舉,2022,臺北市,大安區,德安里,臺北市,4,黃聖峰,台澎黨,0,
2022年直轄市長選舉,2022,臺北市,大安區,德安里,臺北市,5,童文薰,無黨籍及未經政黨推薦,5,
2022年直轄市長選舉,2022,臺北市,大安區,德安里,臺北市,6,蔣萬安,中國國民黨,1373,*
2022年直轄市長選舉,2022,臺北市,大安區,德安里,臺北市,7,蘇煥智,台灣維新,1,
2022年直轄市長選舉,2022,臺北市,大安區,德安里,臺北市,8,黃珊珊,無黨籍及未經政黨推薦,551,
2022年直轄市長選舉,2022,臺北市,大安區,德安里,臺北市,9,施奉先,無黨籍及未經政黨推薦,0,
2022年直轄市長選舉,2022,臺北市,大安區,德安里,臺北市,10,唐新民,共和黨,1,
2022年直轄市長選舉,2022,臺北市,大安區,德安里,臺北市,11,謝立康,無黨籍及未經政黨推薦,0,
2022年直轄市長選舉,2022,臺北市,大安區,德安里,臺北市,12,陳時中,民主進步黨,809,
2022年直轄市長選舉,2022,臺北市,大安區,仁慈里,臺北市,1,張家豪,台灣動物保護黨,3,
2022年直轄市長選舉,2022,臺北市,大安區,仁慈里,臺北市,2,王文娟,無黨籍及未經政黨推薦,0,
2022年直轄市長選舉,2022,臺北市,大安區,仁慈里,臺北市,3,鄭匡宇,無黨籍及未經政黨推薦,2,
2022年直轄市長選舉,2022,臺北市,大安區,仁慈里,臺北市,4,黃聖峰,台澎黨,0,
2022年直轄市長選舉,2022,臺北市,大安區,仁慈里,臺北市,5,童文薰,無黨籍及未經政黨推薦,3,
2022年直轄市長選舉,2022,臺北市,大安區,仁慈里,臺北市,6,蔣萬安,中國國民黨,1109,*
2022年直轄市長選舉,2022,臺北市,大安區,仁慈里,臺北市,7,蘇煥智,台灣維新,1,
2022年直轄市長選舉,2022,臺北市,大安區,仁慈里,臺北市,8,黃珊珊,無黨籍及未經政黨推薦,636,
2022年直轄市長選舉,2022,臺北市,大安區,仁慈里,臺北市,9,施奉先,無黨籍及未經政黨推薦,2,
2022年直轄市長選舉,2022,臺北市,大安區,仁慈里,臺北市,10,唐新民,共和黨,0,
2022年直轄市長選舉,2022,臺北市,大安區,仁慈里,臺北市,11,謝立康,無黨籍及未經政黨推薦,0,
2022年直轄市長選舉,2022,臺北市,大安區,仁慈里,臺北市,12,陳時中,民主進步黨,938,
2022年直轄市長選舉,2022,臺北市,大安區,和安里,臺北市,1,張家豪,台灣動物保護黨,6,
2022年直轄市長選舉,2022,臺北市,大安區,和安里,臺北市,2,王文娟,無黨籍及未經政黨推薦,1,
2022年直轄市長選舉,2022,臺北市,大安區,和安里,臺北市,3,鄭匡宇,無黨籍及未經政黨推薦,1,
2022年直轄市長選舉,2022,臺北市,大安區,和安里,臺北市,4,黃聖峰,台澎黨,1,
2022年直轄市長選舉,2022,臺北市,大安區,和安里,臺北市,5,童文薰,無黨籍及未經政黨推薦,1,
2022年直轄市長選舉,2022,臺北市,大安區,和安里,臺北市,6,蔣萬安,中國國民黨,1602,*
2022年直轄市長選舉,2022,臺北市,大安區,和安里,臺北市,7,蘇煥智,台灣維新,2,
2022年直轄市長選舉,2022,臺北市,大安區,和安里,臺北市,8,黃珊珊,無黨籍及未經政黨推薦,858,
2022年直轄市長選舉,2022,臺北市,大安區,和安里,臺北市,9,施奉先,無黨籍及未經政黨推薦,0,
2022年直轄市長選舉,2022,臺北市,大安區,和安里,臺北市,10,唐新民,共和黨,2,
2022年直轄市長選舉,2022,臺北市,大安區,和安里,臺北市,11,謝立康,無黨籍及未經政黨推薦,0,
2022年直轄市長選舉,2022,臺北市,大安區,和安里,臺北市,12,陳時中,民主進步黨,984,
2022年直轄市長選舉,2022,臺北市,大安區,民炤里,臺北市,1,張家豪,台灣動物保護黨,11,
2022年直轄市長選舉,2022,臺北市,大安區,民炤里,臺北市,2,王文娟,無黨籍及未經政黨推薦,0,
2022年直轄市長選舉,2022,臺北市,大安區,民炤里,臺北市,3,鄭匡宇,無黨籍及未經政黨推薦,1,
2022年直轄市長選舉,2022,臺北市,大安區,民炤里,臺北市,4,黃聖峰,台澎黨,0,
2022年直轄市長選舉,2022,臺北市,大安區,民炤里,臺北市,5,童文薰,無黨籍及未經政黨推薦,3,
2022年直轄市長選舉,2022,臺北市,大安區,民炤里,臺北市,6,蔣萬安,中國國民黨,1725,*
2022年直轄市長選舉,2022,臺北市,大安區,民炤里,臺北市,7,蘇煥智,台灣維新,4,
2022年直轄市長選舉,2022,臺北市,大安區,民炤里,臺北市,8,黃珊珊,無黨籍及未經政黨推薦,919,
2022年直轄市長選舉,2022,臺北市,大安區,民炤里,臺北市,9,施奉先,無黨籍及未經政黨推薦,1,
2022年直轄市長選舉,2022,臺北市,大安區,民炤里,臺北市,10,唐新民,共和黨,1,
2022年直轄市長選舉,2022,臺北市,大安區,民炤里,臺北市,11,謝立康,無黨籍及未經政黨推薦,0,
2022年直轄市長選舉,2022,臺北市,大安區,民炤里,臺北市,12,陳時中,民主進步黨,1405,
2022年直轄市長選舉,2022,臺北市,大安區,仁愛里,臺北市,1,張家豪,台灣動物保護黨,1,
2022年直轄市長選舉,2022,臺北市,大安區,仁愛里,臺北市,2,王文娟,無黨籍及未經政黨推薦,0,
2022年直轄市長選舉,2022,臺北市,大安區,仁愛里,臺北市,3,鄭匡宇,無黨籍及未經政黨推薦,1,
2022年直轄市長選舉,2022,臺北市,大安區,仁愛里,臺北市,4,黃聖峰,台澎黨,0,
2022年直轄市長選舉,2022,臺北市,大安區,仁愛里,臺北市,5,童文薰,無黨籍及未經政黨推薦,1,
2022年直轄市長選舉,2022,臺北市,大安區,仁愛里,臺北市,6,蔣萬安,中國國民黨,1155,*
2022年直轄市長選舉,2022,臺北市,大安區,仁愛里,臺北市,7,蘇煥智,台灣維新,0,
2022年直轄市長選舉,2022,臺北市,大安區,仁愛里,臺北市,8,黃珊珊,無黨籍及未經政黨推薦,434,
2022年直轄市長選舉,2022,臺北市,大安區,仁愛里,臺北市,9,施奉先,無黨籍及未經政黨推薦,2,
2022年直轄市長選舉,2022,臺北市,大安區,仁愛里,臺北市,10,唐新民,共和黨,0,
2022年直轄市長選舉,2022,臺北市,大安區,仁愛里,臺北市,11,謝立康,無黨籍及未經政黨推薦,0,
2022年直轄市長選舉,2022,臺北市,大安區,仁愛里,臺北市,12,陳時中,民主進步黨,806,
2022年直轄市長選舉,2022,臺北市,大安區,義村里,臺北市,1,張家豪,台灣動物保護黨,3,
2022年直轄市長選舉,2022,臺北市,大安區,義村里,臺北市,2,王文娟,無黨籍及未經政黨推薦,0,
2022年直轄市長選舉,2022,臺北市,大安區,義村里,臺北市,3,鄭匡宇,無黨籍及未經政黨推薦,0,
2022年直轄市長選舉,2022,臺北市,大安區,義村里,臺北市,4,黃聖峰,台澎黨,1,
2022年直轄市長選舉,2022,臺北市,大安區,義村里,臺北市,5,童文薰,無黨籍及未經政黨推薦,6,
2022年直轄市長選舉,2022,臺北市,大安區,義村里,臺北市,6,蔣萬安,中國國民黨,1639,*
2022年直轄市長選舉,2022,臺北市,大安區,義村里,臺北市,7,蘇煥智,台灣維新,2,
2022年直轄市長選舉,2022,臺北市,大安區,義村里,臺北市,8,黃珊珊,無黨籍及未經政黨推薦,603,
2022年直轄市長選舉,2022,臺北市,大安區,義村里,臺北市,9,施奉先,無黨籍及未經政黨推薦,1,
2022年直轄市長選舉,2022,臺北市,大安區,義村里,臺北市,10,唐新民,共和黨,1,
2022年直轄市長選舉,2022,臺北市,大安區,義村里,臺北市,11,謝立康,無黨籍及未經政黨推薦,0,
2022年直轄市長選舉,2022,臺北市,大安區,義村里,臺北市,12,陳時中,民主進步黨,695,
2022年直轄市長選舉,2022,臺北市,大安區,民輝里,臺北市,1,張家豪,台灣動物保護黨,3,
2022年直轄市長選舉,2022,臺北市,大安區,民輝里,臺北市,2,王文娟,無黨籍及未經政黨推薦,1,
2022年直轄市長選舉,2022,臺北市,大安區,民輝里,臺北市,3,鄭匡宇,無黨籍及未經政黨推薦,1,
2022年直轄市長選舉,2022,臺北市,大安區,民輝里,臺北市,4,黃聖峰,台澎黨,0,
2022年直轄市長選舉,2022,臺北市,大安區,民輝里,臺北市,5,童文薰,無黨籍及未經政黨推薦,14,
2022年直轄市長選舉,2022,臺北市,大安區,民輝里,臺北市,6,蔣萬安,中國國民黨,1490,*
2022年直轄市長選舉,2022,臺北市,大安區,民輝里,臺北市,7,蘇煥智,台灣維新,10,
2022年直轄市長選舉,2022,臺北市,大安區,民輝里,臺北市,8,黃珊珊,無黨籍及未經政黨推薦,786,
2022年直轄市長選舉,2022,臺北市,大安區,民輝里,臺北市,9,施奉先,無黨籍及未經政黨推薦,0,
2022年直轄市長選舉,2022,臺北市,大安區,民輝里,臺北市,10,唐新民,共和黨,1,
2022年直轄市長選舉,2022,臺北市,大安區,民輝里,臺北市,11,謝立康,無黨籍及未經政黨推薦,0,
2022年直轄市長選舉,2022,臺北市,大安區,民輝里,臺北市,12,陳時中,民主進步黨,1148,
2022年直轄市長選舉,2022,臺北市,大安區,昌隆里,臺北市,1,張家豪,台灣動物保護黨,0,
2022年直轄市長選舉,2022,臺北市,大安區,昌隆里,臺北市,2,王文娟,無黨籍及未經政黨推薦,0,
2022年直轄市長選舉,2022,臺北市,大安區,昌隆里,臺北市,3,鄭匡宇,無黨籍及未經政黨推薦,1,
2022年直轄市長選舉,2022,臺北市,大安區,昌隆里,臺北市,4,黃聖峰,台澎黨,0,
2022年直轄市長選舉,2022,臺北市,大安區,昌隆里,臺北市,5,童文薰,無黨籍及未經政黨推薦,4,
2022年直轄市長選舉,2022,臺北市,大安區,昌隆里,臺北市,6,蔣萬安,中國國民黨,691,*
2022年直轄市長選舉,2022,臺北市,大安區,昌隆里,臺北市,7,蘇煥智,台灣維新,0,
2022年直轄市長選舉,2022,臺北市,大安區,昌隆里,臺北市,8,黃珊珊,無黨籍及未經政黨推薦,291,
2022年直轄市長選舉,2022,臺北市,大安區,昌隆里,臺北市,9,施奉先,無黨籍及未經政黨推薦,0,
2022年直轄市長選舉,2022,臺北市,大安區,昌隆里,臺北市,10,唐新民,共和黨,0,
2022年直轄市長選舉,2022,臺北市,大安區,昌隆里,臺北市,11,謝立康,無黨籍及未經政黨推薦,0,
2022年直轄市長選舉,2022,臺北市,大安區,昌隆里,臺北市,12,陳時中,民主進步黨,624,
2022年直轄市長選舉,2022,臺北市,大安區,誠安里,臺北市,1,張家豪,台灣動物保護黨,4,
2022年直轄市長選舉,2022,臺北市,大安區,誠安里,臺北市,2,王文娟,無黨籍及未經政黨推薦,0,
2022年直轄市長選舉,2022,臺北市,大安區,誠安里,臺北市,3,鄭匡宇,無黨籍及未經政黨推薦,0,
2022年直轄市長選舉,2022,臺北市,大安區,誠安里,臺北市,4,黃聖峰,台澎黨,1,
2022年直轄市長選舉,2022,臺北市,大安區,誠安里,臺北市,5,童文薰,無黨籍及未經政黨推薦,3,
2022年直轄市長選舉,2022,臺北市,大安區,誠安里,臺北市,6,蔣萬安,中國國民黨,919,*
2022年直轄市長選舉,2022,臺北市,大安區,誠安里,臺北市,7,蘇煥智,台灣維新,1,
2022年直轄市長選舉,2022,臺北市,大安區,誠安里,臺北市,8,黃珊珊,無黨籍及未經政黨推薦,403,
2022年直轄市長選舉,2022,臺北市,大安區,誠安里,臺北市,9,施奉先,無黨籍及未經政黨推薦,0,
2022年直轄市長選舉,2022,臺北市,大安區,誠安里,臺北市,10,唐新民,共和黨,0,
2022年直轄市長選舉,2022,臺北市,大安區,誠安里,臺北市,11,謝立康,無黨籍及未經政黨推薦,0,
2022年直轄市長選舉,2022,臺北市,大安區,誠安里,臺北市,12,陳時中,民主進步黨,721,
2022年直轄市長選舉,2022,臺北市,大安區,光武里,臺北市,1,張家豪,台灣動物保護黨,3,
2022年直轄市長選舉,2022,臺北市,大安區,光武里,臺北市,2,王文娟,無黨籍及未經政黨推薦,1,
2022年直轄市長選舉,2022,臺北市,大安區,光武里,臺北市,3,鄭匡宇,無黨籍及未經政黨推薦,1,
2022年直轄市長選舉,2022,臺北市,大安區,光武里,臺北市,4,黃聖峰,台澎黨,1,
2022年直轄市長選舉,2022,臺北市,大安區,光武里,臺北市,5,童文薰,無黨籍及未經政黨推薦,6,
2022年直轄市長選舉,2022,臺北市,大安區,光武里,臺北市,6,蔣萬安,中國國民黨,1672,*
2022年直轄市長選舉,2022,臺北市,大安區,光武里,臺北市,7,蘇煥智,台灣維新,9,
2022年直轄市長選舉,2022,臺北市,大安區,光武里,臺北市,8,黃珊珊,無黨籍及未經政黨推薦,761,
2022年直轄市長選舉,2022,臺北市,大安區,光武里,臺北市,9,施奉先,無黨籍及未經政黨推薦,0,
2022年直轄市長選舉,2022,臺北市,大安區,光武里,臺北市,10,唐新民,共和黨,0,
2022年直轄市長選舉,2022,臺北市,大安區,光武里,臺北市,11,謝立康,無黨籍及未經政黨推薦,0,
2022年直轄市長選舉,2022,臺北市,大安區,光武里,臺北市,12,陳時中,民主進步黨,1194,
2022年直轄市長選舉,2022,臺北市,大安區,龍坡里,臺北市,1,張家豪,台灣動物保護黨,12,
2022年直轄市長選舉,2022,臺北市,大安區,龍坡里,臺北市,2,王文娟,無黨籍及未經政黨推薦,1,
2022年直轄市長選舉,2022,臺北市,大安區,龍坡里,臺北市,3,鄭匡宇,無黨籍及未經政黨推薦,0,
2022年直轄市長選舉,2022,臺北市,大安區,龍坡里,臺北市,4,黃聖峰,台澎黨,2,
2022年直轄市長選舉,2022,臺北市,大安區,龍坡里,臺北市,5,童文薰,無黨籍及未經政黨推薦,8,
2022年直轄市長選舉,2022,臺北市,大安區,龍坡里,臺北市,6,蔣萬安,中國國民黨,1275,*
2022年直轄市長選舉,2022,臺北市,大安區,龍坡里,臺北市,7,蘇煥智,台灣維新,9,
2022年直轄市長選舉,2022,臺北市,大安區,龍坡里,臺北市,8,黃珊珊,無黨籍及未經政黨推薦,668,
2022年直轄市長選舉,2022,臺北市,大安區,龍坡里,臺北市,9,施奉先,無黨籍及未經政黨推薦,0,
2022年直轄市長選舉,2022,臺北市,大安區,龍坡里,臺北市,10,唐新民,共和黨,0,
2022年直轄市長選舉,2022,臺北市,大安區,龍坡里,臺北市,11,謝立康,無黨籍及未經政黨推薦,0,
2022年直轄市長選舉,2022,臺北市,大安區,龍坡里,臺北市,12,陳時中,民主進步黨,902,
2022年直轄市長選舉,2022,臺北市,大安區,龍泉里,臺北市,1,張家豪,台灣動物保護黨,2,
2022年直轄市長選舉,2022,臺北市,大安區,龍泉里,臺北市,2,王文娟,無黨籍及未經政黨推薦,0,
2022年直轄市長選舉,2022,臺北市,大安區,龍泉里,臺北市,3,鄭匡宇,無黨籍及未經政黨推薦,1,
2022年直轄市長選舉,2022,臺北市,大安區,龍泉里,臺北市,4,黃聖峰,台澎黨,0,
2022年直轄市長選舉,2022,臺北市,大安區,龍泉里,臺北市,5,童文薰,無黨籍及未經政黨推薦,3,
2022年直轄市長選舉,2022,臺北市,大安區,龍泉里,臺北市,6,蔣萬安,中國國民黨,1017,*
2022年直轄市長選舉,2022,臺北市,大安區,龍泉里,臺北市,7,蘇煥智,台灣維新,10,
2022年直轄市長選舉,2022,臺北市,大安區,龍泉里,臺北市,8,黃珊珊,無黨籍及未經政黨推薦,645,
2022年直轄市長選舉,2022,臺北市,大安區,龍泉里,臺北市,9,施奉先,無黨籍及未經政黨推薦,0,
2022年直轄市長選舉,2022,臺北市,大安區,龍泉里,臺北市,10,唐新民,共和黨,2,
2022年直轄市長選舉,2022,臺北市,大安區,龍泉里,臺北市,11,謝立康,無黨籍及未經政黨推薦,0,
2022年直轄市長選舉,2022,臺北市,大安區,龍泉里,臺北市,12,陳時中,民主進步黨,787,
2022年直轄市長選舉,2022,臺北市,大安區,古風里,臺北市,1,張家豪,台灣動物保護黨,4,
2022年直轄市長選舉,2022,臺北市,大安區,古風里,臺北市,2,王文娟,無黨籍及未經政黨推薦,0,
2022年直轄市長選舉,2022,臺北市,大安區,古風里,臺北市,3,鄭匡宇,無黨籍及未經政黨推薦,3,
2022年直轄市長選舉,2022,臺北市,大安區,古風里,臺北市,4,黃聖峰,台澎黨,0,
2022年直轄市長選舉,2022,臺北市,大安區,古風里,臺北市,5,童文薰,無黨籍及未經政黨推薦,1,
2022年直轄市長選舉,2022,臺北市,大安區,古風里,臺北市,6,蔣萬安,中國國民黨,1010,*
2022年直轄市長選舉,2022,臺北市,大安區,古風里,臺北市,7,蘇煥智,台灣維新,6,
2022年直轄市長選舉,2022,臺北市,大安區,古風里,臺北市,8,黃珊珊,無黨籍及未經政黨推薦,524,
2022年直轄市長選舉,2022,臺北市,大安區,古風里,臺北市,9,施奉先,無黨籍及未經政黨推薦,0,
2022年直轄市長選舉,2022,臺北市,大安區,古風里,臺北市,10,唐新民,共和黨,0,
2022年直轄市長選舉,2022,臺北市,大安區,古風里,臺北市,11,謝立康,無黨籍及未經政黨推薦,0,
2022年直轄市長選舉,2022,臺北市,大安區,古風里,臺北市,12,陳時中,民主進步黨,723,
2022年直轄市長選舉,2022,臺北市,大安區,古莊里,臺北市,1,張家豪,台灣動物保護黨,7,
2022年直轄市長選舉,2022,臺北市,大安區,古莊里,臺北市,2,王文娟,無黨籍及未經政黨推薦,1,
2022年直轄市長選舉,2022,臺北市,大安區,古莊里,臺北市,3,鄭匡宇,無黨籍及未經政黨推薦,1,
2022年直轄市長選舉,2022,臺北市,大安區,古莊里,臺北市,4,黃聖峰,台澎黨,3,
2022年直轄市長選舉,2022,臺北市,大安區,古莊里,臺北市,5,童文薰,無黨籍及未經政黨推薦,16,
2022年直轄市長選舉,2022,臺北市,大安區,古莊里,臺北市,6,蔣萬安,中國國民黨,1667,*
2022年直轄市長選舉,2022,臺北市,大安區,古莊里,臺北市,7,蘇煥智,台灣維新,9,
2022年直轄市長選舉,2022,臺北市,大安區,古莊里,臺北市,8,黃珊珊,無黨籍及未經政黨推薦,995,
2022年直轄市長選舉,2022,臺北市,大安區,古莊里,臺北市,9,施奉先,無黨籍及未經政黨推薦,1,
2022年直轄市長選舉,2022,臺北市,大安區,古莊里,臺北市,10,唐新民,共和黨,0,
2022年直轄市長選舉,2022,臺北市,大安區,古莊里,臺北市,11,謝立康,無黨籍及未經政黨推薦,0,
2022年直轄市長選舉,2022,臺北市,大安區,古莊里,臺北市,12,陳時中,民主進步黨,1177,
2022年直轄市長選舉,2022,臺北市,大安區,龍安里,臺北市,1,張家豪,台灣動物保護黨,2,
2022年直轄市長選舉,2022,臺北市,大安區,龍安里,臺北市,2,王文娟,無黨籍及未經政黨推薦,0,
2022年直轄市長選舉,2022,臺北市,大安區,龍安里,臺北市,3,鄭匡宇,無黨籍及未經政黨推薦,0,
2022年直轄市長選舉,2022,臺北市,大安區,龍安里,臺北市,4,黃聖峰,台澎黨,1,
2022年直轄市長選舉,2022,臺北市,大安區,龍安里,臺北市,5,童文薰,無黨籍及未經政黨推薦,10,
2022年直轄市長選舉,2022,臺北市,大安區,龍安里,臺北市,6,蔣萬安,中國國民黨,1346,*
2022年直轄市長選舉,2022,臺北市,大安區,龍安里,臺北市,7,蘇煥智,台灣維新,5,
2022年直轄市長選舉,2022,臺北市,大安區,龍安里,臺北市,8,黃珊珊,無黨籍及未經政黨推薦,802,
2022年直轄市長選舉,2022,臺北市,大安區,龍安里,臺北市,9,施奉先,無黨籍及未經政黨推薦,0,
2022年直轄市長選舉,2022,臺北市,大安區,龍安里,臺北市,10,唐新民,共和黨,1,
2022年直轄市長選舉,2022,臺北市,大安區,龍安里,臺北市,11,謝立康,無黨籍及未經政黨推薦,1,
2022年直轄市長選舉,2022,臺北市,大安區,龍安里,臺北市,12,陳時中,民主進步黨,1056,
2022年直轄市長選舉,2022,臺北市,大安區,錦安里,臺北市,1,張家豪,台灣動物保護黨,6,
2022年直轄市長選舉,2022,臺北市,大安區,錦安里,臺北市,2,王文娟,無黨籍及未經政黨推薦,0,
2022年直轄市長選舉,2022,臺北市,大安區,錦安里,臺北市,3,鄭匡宇,無黨籍及未經政黨推薦,0,
2022年直轄市長選舉,2022,臺北市,大安區,錦安里,臺北市,4,黃聖峰,台澎黨,0,
2022年直轄市長選舉,2022,臺北市,大安區,錦安里,臺北市,5,童文薰,無黨籍及未經政黨推薦,3,
2022年直轄市長選舉,2022,臺北市,大安區,錦安里,臺北市,6,蔣萬安,中國國民黨,1284,*
2022年直轄市長選舉,2022,臺北市,大安區,錦安里,臺北市,7,蘇煥智,台灣維新,6,
2022年直轄市長選舉,2022,臺北市,大安區,錦安里,臺北市,8,黃珊珊,無黨籍及未經政黨推薦,792,
2022年直轄市長選舉,2022,臺北市,大安區,錦安里,臺北市,9,施奉先,無黨籍及未經政黨推薦,1,
2022年直轄市長選舉,2022,臺北市,大安區,錦安里,臺北市,10,唐新民,共和黨,1,
2022年直轄市長選舉,2022,臺北市,大安區,錦安里,臺北市,11,謝立康,無黨籍及未經政黨推薦,0,
2022年直轄市長選舉,2022,臺北市,大安區,錦安里,臺北市,12,陳時中,民主進步黨,927,
2022年直轄市長選舉,2022,臺北市,大安區,福住里,臺北市,1,張家豪,台灣動物保護黨,5,
2022年直轄市長選舉,2022,臺北市,大安區,福住里,臺北市,2,王文娟,無黨籍及未經政黨推薦,0,
2022年直轄市長選舉,2022,臺北市,大安區,福住里,臺北市,3,鄭匡宇,無黨籍及未經政黨推薦,0,
2022年直轄市長選舉,2022,臺北市,大安區,福住里,臺北市,4,黃聖峰,台澎黨,0,
2022年直轄市長選舉,2022,臺北市,大安區,福住里,臺北市,5,童文薰,無黨籍及未經政黨推薦,4,
2022年直轄市長選舉,2022,臺北市,大安區,福住里,臺北市,6,蔣萬安,中國國民黨,1257,*
2022年直轄市長選舉,2022,臺北市,大安區,福住里,臺北市,7,蘇煥智,台灣維新,5,
2022年直轄市長選舉,2022,臺北市,大安區,福住里,臺北市,8,黃珊珊,無黨籍及未經政黨推薦,779,
2022年直轄市長選舉,2022,臺北市,大安區,福住里,臺北市,9,施奉先,無黨籍及未經政黨推薦,0,
2022年直轄市長選舉,2022,臺北市,大安區,福住里,臺北市,10,唐新民,共和黨,0,
2022年直轄市長選舉,2022,臺北市,大安區,福住里,臺北市,11,謝立康,無黨籍及未經政黨推薦,0,
2022年直轄市長選舉,2022,臺北市,大安區,福住里,臺北市,12,陳時中,民主進步黨,943,
2022年直轄市長選舉,2022,臺北市,大安區,永康里,臺北市,1,張家豪,台灣動物保護黨,5,
2022年直轄市長選舉,2022,臺北市,大安區,永康里,臺北市,2,王文娟,無黨籍及未經政黨推薦,0,
2022年直轄市長選舉,2022,臺北市,大安區,永康里,臺北市,3,鄭匡宇,無黨籍及未經政黨推薦,0,
2022年直轄市長選舉,2022,臺北市,大安區,永康里,臺北市,4,黃聖峰,台澎黨,0,
2022年直轄市長選舉,2022,臺北市,大安區,永康里,臺北市,5,童文薰,無黨籍及未經政黨推薦,1,
2022年直轄市長選舉,2022,臺北市,大安區,永康里,臺北市,6,蔣萬安,中國國民黨,873,*
2022年直轄市長選舉,2022,臺北市,大安區,永康里,臺北市,7,蘇煥智,台灣維新,2,
2022年直轄市長選舉,2022,臺北市,大安區,永康里,臺北市,8,黃珊珊,無黨籍及未經政黨推薦,488,
2022年直轄市長選舉,2022,臺北市,大安區,永康里,臺北市,9,施奉先,無黨籍及未經政黨推薦,0,
2022年直轄市長選舉,2022,臺北市,大安區,永康里,臺北市,10,唐新民,共和黨,0,
2022年直轄市長選舉,2022,臺北市,大安區,永康里,臺北市,11,謝立康,無黨籍及未經政黨推薦,0,
2022年直轄市長選舉,2022,臺北市,大安區,永康里,臺北市,12,陳時中,民主進步黨,537,
2022年直轄市長選舉,2022,臺北市,大安區,光明里,臺北市,1,張家豪,台灣動物保護黨,4,
2022年直轄市長選舉,2022,臺北市,大安區,光明里,臺北市,2,王文娟,無黨籍及未經政黨推薦,1,
2022年直轄市長選舉,2022,臺北市,大安區,光明里,臺北市,3,鄭匡宇,無黨籍及未經政黨推薦,1,
2022年直轄市長選舉,2022,臺北市,大安區,光明里,臺北市,4,黃聖峰,台澎黨,0,
2022年直轄市長選舉,2022,臺北市,大安區,光明里,臺北市,5,童文薰,無黨籍及未經政黨推薦,3,
2022年直轄市長選舉,2022,臺北市,大安區,光明里,臺北市,6,蔣萬安,中國國民黨,826,*
2022年直轄市長選舉,2022,臺北市,大安區,光明里,臺北市,7,蘇煥智,台灣維新,3,
2022年直轄市長選舉,2022,臺北市,大安區,光明里,臺北市,8,黃珊珊,無黨籍及未經政黨推薦,559,
2022年直轄市長選舉,2022,臺北市,大安區,光明里,臺北市,9,施奉先,無黨籍及未經政黨推薦,0,
2022年直轄市長選舉,2022,臺北市,大安區,光明里,臺北市,10,唐新民,共和黨,0,
2022年直轄市長選舉,2022,臺北市,大安區,光明里,臺北市,11,謝立康,無黨籍及未經政黨推薦,0,
2022年直轄市長選舉,2022,臺北市,大安區,光明里,臺北市,12,陳時中,民主進步黨,551,
2022年直轄市長選舉,2022,臺北市,大安區,錦泰里,臺北市,1,張家豪,台灣動物保護黨,4,
2022年直轄市長選舉,2022,臺北市,大安區,錦泰里,臺北市,2,王文娟,無黨籍及未經政黨推薦,0,
2022年直轄市長選舉,2022,臺北市,大安區,錦泰里,臺北市,3,鄭匡宇,無黨籍及未經政黨推薦,0,
2022年直轄市長選舉,2022,臺北市,大安區,錦泰里,臺北市,4,黃聖峰,台澎黨,1,
2022年直轄市長選舉,2022,臺北市,大安區,錦泰里,臺北市,5,童文薰,無黨籍及未經政黨推薦,5,
2022年直轄市長選舉,2022,臺北市,大安區,錦泰里,臺北市,6,蔣萬安,中國國民黨,882,*
2022年直轄市長選舉,2022,臺北市,大安區,錦泰里,臺北市,7,蘇煥智,台灣維新,6,
2022年直轄市長選舉,2022,臺北市,大安區,錦泰里,臺北市,8,黃珊珊,無黨籍及未經政黨推薦,513,
2022年直轄市長選舉,2022,臺北市,大安區,錦泰里,臺北市,9,施奉先,無黨籍及未經政黨推薦,0,
2022年直轄市長選舉,2022,臺北市,大安區,錦泰里,臺北市,10,唐新民,共和黨,1,
2022年直轄市長選舉,2022,臺北市,大安區,錦泰里,臺北市,11,謝立康,無黨籍及未經政黨推薦,0,
2022年直轄市長選舉,2022,臺北市,大安區,錦泰里,臺北市,12,陳時中,民主進步黨,555,
2022年直轄市長選舉,2022,臺北市,大安區,錦華里,臺北市,1,張家豪,台灣動物保護黨,2,
2022年直轄市長選舉,2022,臺北市,大安區,錦華里,臺北市,2,王文娟,無黨籍及未經政黨推薦,0,
2022年直轄市長選舉,2022,臺北市,大安區,錦華里,臺北市,3,鄭匡宇,無黨籍及未經政黨推薦,1,
2022年直轄市長選舉,2022,臺北市,大安區,錦華里,臺北市,4,黃聖峰,台澎黨,1,
2022年直轄市長選舉,2022,臺北市,大安區,錦華里,臺北市,5,童文薰,無黨籍及未經政黨推薦,5,
2022年直轄市長選舉,2022,臺北市,大安區,錦華里,臺北市,6,蔣萬安,中國國民黨,1319,*
2022年直轄市長選舉,2022,臺北市,大安區,錦華里,臺北市,7,蘇煥智,台灣維新,7,
2022年直轄市長選舉,2022,臺北市,大安區,錦華里,臺北市,8,黃珊珊,無黨籍及未經政黨推薦,791,
2022年直轄市長選舉,2022,臺北市,大安區,錦華里,臺北市,9,施奉先,無黨籍及未經政黨推薦,0,
2022年直轄市長選舉,2022,臺北市,大安區,錦華里,臺北市,10,唐新民,共和黨,0,
2022年直轄市長選舉,2022,臺北市,大安區,錦華里,臺北市,11,謝立康,無黨籍及未經政黨推薦,1,
2022年直轄市長選舉,2022,臺北市,大安區,錦華里,臺北市,12,陳時中,民主進步黨,847,
2022年直轄市長選舉,2022,臺北市,大安區,龍圖里,臺北市,1,張家豪,台灣動物保護黨,3,
2022年直轄市長選舉,2022,臺北市,大安區,龍圖里,臺北市,2,王文娟,無黨籍及未經政黨推薦,0,
2022年直轄市長選舉,2022,臺北市,大安區,龍圖里,臺北市,3,鄭匡宇,無黨籍及未經政黨推薦,1,
2022年直轄市長選舉,2022,臺北市,大安區,龍圖里,臺北市,4,黃聖峰,台澎黨,0,
2022年直轄市長選舉,2022,臺北市,大安區,龍圖里,臺北市,5,童文薰,無黨籍及未經政黨推薦,9,
2022年直轄市長選舉,2022,臺北市,大安區,龍圖里,臺北市,6,蔣萬安,中國國民黨,1686,*
2022年直轄市長選舉,2022,臺北市,大安區,龍圖里,臺北市,7,蘇煥智,台灣維新,7,
2022年直轄市長選舉,2022,臺北市,大安區,龍圖里,臺北市,8,黃珊珊,無黨籍及未經政黨推薦,820,
2022年直轄市長選舉,2022,臺北市,大安區,龍圖里,臺北市,9,施奉先,無黨籍及未經政黨推薦,0,
2022年直轄市長選舉,2022,臺北市,大安區,龍圖里,臺北市,10,唐新民,共和黨,0,
2022年直轄市長選舉,2022,臺北市,大安區,龍圖里,臺北市,11,謝立康,無黨籍及未經政黨推薦,0,
2022年直轄市長選舉,2022,臺北市,大安區,龍圖里,臺北市,12,陳時中,民主進步黨,998,
2022年直轄市長選舉,2022,臺北市,大安區,新龍里,臺北市,1,張家豪,台灣動物保護黨,3,
2022年直轄市長選舉,2022,臺北市,大安區,新龍里,臺北市,2,王文娟,無黨籍及未經政黨推薦,0,
2022年直轄市長選舉,2022,臺北市,大安區,新龍里,臺北市,3,鄭匡宇,無黨籍及未經政黨推薦,1,
2022年直轄市長選舉,2022,臺北市,大安區,新龍里,臺北市,4,黃聖峰,台澎黨,0,
2022年直轄市長選舉,2022,臺北市,大安區,新龍里,臺北市,5,童文薰,無黨籍及未經政黨推薦,3,
2022年直轄市長選舉,2022,臺北市,大安區,新龍里,臺北市,6,蔣萬安,中國國民黨,1931,*
2022年直轄市長選舉,2022,臺北市,大安區,新龍里,臺北市,7,蘇煥智,台灣維新,7,
2022年直轄市長選舉,2022,臺北市,大安區,新龍里,臺北市,8,黃珊珊,無黨籍及未經政黨推薦,962,
2022年直轄市長選舉,2022,臺北市,大安區,新龍里,臺北市,9,施奉先,無黨籍及未經政黨推薦,0,
2022年直轄市長選舉,2022,臺北市,大安區,新龍里,臺北市,10,唐新民,共和黨,1,
2022年直轄市長選舉,2022,臺北市,大安區,新龍里,臺北市,11,謝立康,無黨籍及未經政黨推薦,0,
2022年直轄市長選舉,2022,臺北市,大安區,新龍里,臺北市,12,陳時中,民主進步黨,769,
2022年直轄市長選舉,2022,臺北市,大安區,龍陣里,臺北市,1,張家豪,台灣動物保護黨,3,
2022年直轄市長選舉,2022,臺北市,大安區,龍陣里,臺北市,2,王文娟,無黨籍及未經政黨推薦,3,
2022年直轄市長選舉,2022,臺北市,大安區,龍陣里,臺北市,3,鄭匡宇,無黨籍及未經政黨推薦,0,
2022年直轄市長選舉,2022,臺北市,大安區,龍陣里,臺北市,4,黃聖峰,台澎黨,0,
2022年直轄市長選舉,2022,臺北市,大安區,龍陣里,臺北市,5,童文薰,無黨籍及未經政黨推薦,2,
2022年直轄市長選舉,2022,臺北市,大安區,龍陣里,臺北市,6,蔣萬安,中國國民黨,882,*
2022年直轄市長選舉,2022,臺北市,大安區,龍陣里,臺北市,7,蘇煥智,台灣維新,1,
2022年直轄市長選舉,2022,臺北市,大安區,龍陣里,臺北市,8,黃珊珊,無黨籍及未經政黨推薦,391,
2022年直轄市長選舉,2022,臺北市,大安區,龍陣里,臺北市,9,施奉先,無黨籍及未經政黨推薦,0,
2022年直轄市長選舉,2022,臺北市,大安區,龍陣里,臺北市,10,唐新民,共和黨,0,
2022年直轄市長選舉,2022,臺北市,大安區,龍陣里,臺北市,11,謝立康,無黨籍及未經政黨推薦,0,
2022年直轄市長選舉,2022,臺北市,大安區,龍陣里,臺北市,12,陳時中,民主進步黨,608,
2022年直轄市長選舉,2022,臺北市,大安區,龍雲里,臺北市,1,張家豪,台灣動物保護黨,12,
2022年直轄市長選舉,2022,臺北市,大安區,龍雲里,臺北市,2,王文娟,無黨籍及未經政黨推薦,3,
2022年直轄市長選舉,2022,臺北市,大安區,龍雲里,臺北市,3,鄭匡宇,無黨籍及未經政黨推薦,0,
2022年直轄市長選舉,2022,臺北市,大安區,龍雲里,臺北市,4,黃聖峰,台澎黨,2,
2022年直轄市長選舉,2022,臺北市,大安區,龍雲里,臺北市,5,童文薰,無黨籍及未經政黨推薦,3,
2022年直轄市長選舉,2022,臺北市,大安區,龍雲里,臺北市,6,蔣萬安,中國國民黨,1134,*
2022年直轄市長選舉,2022,臺北市,大安區,龍雲里,臺北市,7,蘇煥智,台灣維新,6,
2022年直轄市長選舉,2022,臺北市,大安區,龍雲里,臺北市,8,黃珊珊,無黨籍及未經政黨推薦,519,
2022年直轄市長選舉,2022,臺北市,大安區,龍雲里,臺北市,9,施奉先,無黨籍及未經政黨推薦,0,
2022年直轄市長選舉,2022,臺北市,大安區,龍雲里,臺北市,10,唐新民,共和黨,0,
2022年直轄市長選舉,2022,臺北市,大安區,龍雲里,臺北市,11,謝立康,無黨籍及未經政黨推薦,0,
2022年直轄市長選舉,2022,臺北市,大安區,龍雲里,臺北市,12,陳時中,民主進步黨,773,
2022年直轄市長選舉,2022,臺北市,大安區,龍生里,臺北市,1,張家豪,台灣動物保護黨,7,
2022年直轄市長選舉,2022,臺北市,大安區,龍生里,臺北市,2,王文娟,無黨籍及未經政黨推薦,1,
2022年直轄市長選舉,2022,臺北市,大安區,龍生里,臺北市,3,鄭匡宇,無黨籍及未經政黨推薦,0,
2022年直轄市長選舉,2022,臺北市,大安區,龍生里,臺北市,4,黃聖峰,台澎黨,2,
2022年直轄市長選舉,2022,臺北市,大安區,龍生里,臺北市,5,童文薰,無黨籍及未經政黨推薦,5,
2022年直轄市長選舉,2022,臺北市,大安區,龍生里,臺北市,6,蔣萬安,中國國民黨,1626,*
2022年直轄市長選舉,2022,臺北市,大安區,龍生里,臺北市,7,蘇煥智,台灣維新,5,
2022年直轄市長選舉,2022,臺北市,大安區,龍生里,臺北市,8,黃珊珊,無黨籍及未經政黨推薦,891,
2022年直轄市長選舉,2022,臺北市,大安區,龍生里,臺北市,9,施奉先,無黨籍及未經政黨推薦,0,
2022年直轄市長選舉,2022,臺北市,大安區,龍生里,臺北市,10,唐新民,共和黨,0,
2022年直轄市長選舉,2022,臺北市,大安區,龍生里,臺北市,11,謝立康,無黨籍及未經政黨推薦,0,
2022年直轄市長選舉,2022,臺北市,大安區,龍生里,臺北市,12,陳時中,民主進步黨,963,
2022年直轄市長選舉,2022,臺北市,大安區,住安里,臺北市,1,張家豪,台灣動物保護黨,6,
2022年直轄市長選舉,2022,臺北市,大安區,住安里,臺北市,2,王文娟,無黨籍及未經政黨推薦,0,
2022年直轄市長選舉,2022,臺北市,大安區,住安里,臺北市,3,鄭匡宇,無黨籍及未經政黨推薦,1,
2022年直轄市長選舉,2022,臺北市,大安區,住安里,臺北市,4,黃聖峰,台澎黨,0,
2022年直轄市長選舉,2022,臺北市,大安區,住安里,臺北市,5,童文薰,無黨籍及未經政黨推薦,7,
2022年直轄市長選舉,2022,臺北市,大安區,住安里,臺北市,6,蔣萬安,中國國民黨,1181,*
2022年直轄市長選舉,2022,臺北市,大安區,住安里,臺北市,7,蘇煥智,台灣維新,1,
2022年直轄市長選舉,2022,臺北市,大安區,住安里,臺北市,8,黃珊珊,無黨籍及未經政黨推薦,549,
2022年直轄市長選舉,2022,臺北市,大安區,住安里,臺北市,9,施奉先,無黨籍及未經政黨推薦,0,
2022年直轄市長選舉,2022,臺北市,大安區,住安里,臺北市,10,唐新民,共和黨,1,
2022年直轄市長選舉,2022,臺北市,大安區,住安里,臺北市,11,謝立康,無黨籍及未經政黨推薦,0,
2022年直轄市長選舉,2022,臺北市,大安區,住安里,臺北市,12,陳時中,民主進步黨,708,
2022年直轄市長選舉,2022,臺北市,大安區,義安里,臺北市,1,張家豪,台灣動物保護黨,4,
2022年直轄市長選舉,2022,臺北市,大安區,義安里,臺北市,2,王文娟,無黨籍及未經政黨推薦,0,
2022年直轄市長選舉,2022,臺北市,大安區,義安里,臺北市,3,鄭匡宇,無黨籍及未經政黨推薦,1,
2022年直轄市長選舉,2022,臺北市,大安區,義安里,臺北市,4,黃聖峰,台澎黨,0,
2022年直轄市長選舉,2022,臺北市,大安區,義安里,臺北市,5,童文薰,無黨籍及未經政黨推薦,4,
2022年直轄市長選舉,2022,臺北市,大安區,義安里,臺北市,6,蔣萬安,中國國民黨,1350,*
2022年直轄市長選舉,2022,臺北市,大安區,義安里,臺北市,7,蘇煥智,台灣維新,3,
2022年直轄市長選舉,2022,臺北市,大安區,義安里,臺北市,8,黃珊珊,無黨籍及未經政黨推薦,578,
2022年直轄市長選舉,2022,臺北市,大安區,義安里,臺北市,9,施奉先,無黨籍及未經政黨推薦,0,
2022年直轄市長選舉,2022,臺北市,大安區,義安里,臺北市,10,唐新民,共和黨,2,
2022年直轄市長選舉,2022,臺北市,大安區,義安里,臺北市,11,謝立康,無黨籍及未經政黨推薦,0,
2022年直轄市長選舉,2022,臺北市,大安區,義安里,臺北市,12,陳時中,民主進步黨,771,
2022年直轄市長選舉,2022,臺北市,大安區,通化里,臺北市,1,張家豪,台灣動物保護黨,6,
2022年直轄市長選舉,2022,臺北市,大安區,通化里,臺北市,2,王文娟,無黨籍及未經政黨推薦,3,
2022年直轄市長選舉,2022,臺北市,大安區,通化里,臺北市,3,鄭匡宇,無黨籍及未經政黨推薦,2,
2022年直轄市長選舉,2022,臺北市,大安區,通化里,臺北市,4,黃聖峰,台澎黨,0,
2022年直轄市長選舉,2022,臺北市,大安區,通化里,臺北市,5,童文薰,無黨籍及未經政黨推薦,5,
2022年直轄市長選舉,2022,臺北市,大安區,通化里,臺北市,6,蔣萬安,中國國民黨,1357,*
2022年直轄市長選舉,2022,臺北市,大安區,通化里,臺北市,7,蘇煥智,台灣維新,3,
2022年直轄市長選舉,2022,臺北市,大安區,通化里,臺北市,8,黃珊珊,無黨籍及未經政黨推薦,762,
2022年直轄市長選舉,2022,臺北市,大安區,通化里,臺北市,9,施奉先,無黨籍及未經政黨推薦,1,
2022年直轄市長選舉,2022,臺北市,大安區,通化里,臺北市,10,唐新民,共和黨,2,
2022年直轄市長選舉,2022,臺北市,大安區,通化里,臺北市,11,謝立康,無黨籍及未經政黨推薦,0,
2022年直轄市長選舉,2022,臺北市,大安區,通化里,臺北市,12,陳時中,民主進步黨,1129,
2022年直轄市長選舉,2022,臺北市,大安區,通安里,臺北市,1,張家豪,台灣動物保護黨,6,
2022年直轄市長選舉,2022,臺北市,大安區,通安里,臺北市,2,王文娟,無黨籍及未經政黨推薦,1,
2022年直轄市長選舉,2022,臺北市,大安區,通安里,臺北市,3,鄭匡宇,無黨籍及未經政黨推薦,1,
2022年直轄市長選舉,2022,臺北市,大安區,通安里,臺北市,4,黃聖峰,台澎黨,1,
2022年直轄市長選舉,2022,臺北市,大安區,通安里,臺北市,5,童文薰,無黨籍及未經政黨推薦,6,
2022年直轄市長選舉,2022,臺北市,大安區,通安里,臺北市,6,蔣萬安,中國國民黨,1365,*
2022年直轄市長選舉,2022,臺北市,大安區,通安里,臺北市,7,蘇煥智,台灣維新,3,
2022年直轄市長選舉,2022,臺北市,大安區,通安里,臺北市,8,黃珊珊,無黨籍及未經政黨推薦,624,
2022年直轄市長選舉,2022,臺北市,大安區,通安里,臺北市,9,施奉先,無黨籍及未經政黨推薦,0,
2022年直轄市長選舉,2022,臺北市,大安區,通安里,臺北市,10,唐新民,共和黨,0,
2022年直轄市長選舉,2022,臺北市,大安區,通安里,臺北市,11,謝立康,無黨籍及未經政黨推薦,0,
2022年直轄市長選舉,2022,臺北市,大安區,通安里,臺北市,12,陳時中,民主進步黨,930,
2022年直轄市長選舉,2022,臺北市,大安區,臨江里,臺北市,1,張家豪,台灣動物保護黨,1,
2022年直轄市長選舉,2022,臺北市,大安區,臨江里,臺北市,2,王文娟,無黨籍及未經政黨推薦,1,
2022年直轄市長選舉,2022,臺北市,大安區,臨江里,臺北市,3,鄭匡宇,無黨籍及未經政黨推薦,0,
2022年直轄市長選舉,2022,臺北市,大安區,臨江里,臺北市,4,黃聖峰,台澎黨,2,
2022年直轄市長選舉,2022,臺北市,大安區,臨江里,臺北市,5,童文薰,無黨籍及未經政黨推薦,4,
2022年直轄市長選舉,2022,臺北市,大安區,臨江里,臺北市,6,蔣萬安,中國國民黨,997,*
2022年直轄市長選舉,2022,臺北市,大安區,臨江里,臺北市,7,蘇煥智,台灣維新,5,
2022年直轄市長選舉,2022,臺北市,大安區,臨江里,臺北市,8,黃珊珊,無黨籍及未經政黨推薦,491,
2022年直轄市長選舉,2022,臺北市,大安區,臨江里,臺北市,9,施奉先,無黨籍及未經政黨推薦,0,
2022年直轄市長選舉,2022,臺北市,大安區,臨江里,臺北市,10,唐新民,共和黨,1,
2022年直轄市長選舉,2022,臺北市,大安區,臨江里,臺北市,11,謝立康,無黨籍及未經政黨推薦,0,
2022年直轄市長選舉,2022,臺北市,大安區,臨江里,臺北市,12,陳時中,民主進步黨,691,
2022年直轄市長選舉,2022,臺北市,大安區,法治里,臺北市,1,張家豪,台灣動物保護黨,5,
2022年直轄市長選舉,2022,臺北市,大安區,法治里,臺北市,2,王文娟,無黨籍及未經政黨推薦,1,
2022年直轄市長選舉,2022,臺北市,大安區,法治里,臺北市,3,鄭匡宇,無黨籍及未經政黨推薦,1,
2022年直轄市長選舉,2022,臺北市,大安區,法治里,臺北市,4,黃聖峰,台澎黨,0,
2022年直轄市長選舉,2022,臺北市,大安區,法治里,臺北市,5,童文薰,無黨籍及未經政黨推薦,3,
2022年直轄市長選舉,2022,臺北市,大安區,法治里,臺北市,6,蔣萬安,中國國民黨,1233,*
2022年直轄市長選舉,2022,臺北市,大安區,法治里,臺北市,7,蘇煥智,台灣維新,4,
2022年直轄市長選舉,2022,臺北市,大安區,法治里,臺北市,8,黃珊珊,無黨籍及未經政黨推薦,618,
2022年直轄市長選舉,2022,臺北市,大安區,法治里,臺北市,9,施奉先,無黨籍及未經政黨推薦,1,
2022年直轄市長選舉,2022,臺北市,大安區,法治里,臺北市,10,唐新民,共和黨,2,
2022年直轄市長選舉,2022,臺北市,大安區,法治里,臺北市,11,謝立康,無黨籍及未經政黨推薦,1,
2022年直轄市長選舉,2022,臺北市,大安區,法治里,臺北市,12,陳時中,民主進步黨,608,
2022年直轄市長選舉,2022,臺北市,大安區,全安里,臺北市,1,張家豪,台灣動物保護黨,4,
2022年直轄市長選舉,2022,臺北市,大安區,全安里,臺北市,2,王文娟,無黨籍及未經政黨推薦,0,
2022年直轄市長選舉,2022,臺北市,大安區,全安里,臺北市,3,鄭匡宇,無黨籍及未經政黨推薦,0,
2022年直轄市長選舉,2022,臺北市,大安區,全安里,臺北市,4,黃聖峰,台澎黨,0,
2022年直轄市長選舉,2022,臺北市,大安區,全安里,臺北市,5,童文薰,無黨籍及未經政黨推薦,2,
2022年直轄市長選舉,2022,臺北市,大安區,全安里,臺北市,6,蔣萬安,中國國民黨,1148,*
2022年直轄市長選舉,2022,臺北市,大安區,全安里,臺北市,7,蘇煥智,台灣維新,1,
2022年直轄市長選舉,2022,臺北市,大安區,全安里,臺北市,8,黃珊珊,無黨籍及未經政黨推薦,510,
2022年直轄市長選舉,2022,臺北市,大安區,全安里,臺北市,9,施奉先,無黨籍及未經政黨推薦,0,
2022年直轄市長選舉,2022,臺北市,大安區,全安里,臺北市,10,唐新民,共和黨,2,
2022年直轄市長選舉,2022,臺北市,大安區,全安里,臺北市,11,謝立康,無黨籍及未經政黨推薦,0,
2022年直轄市長選舉,2022,臺北市,大安區,全安里,臺北市,12,陳時中,民主進步黨,614,
2022年直轄市長選舉,2022,臺北市,大安區,群賢里,臺北市,1,張家豪,台灣動物保護黨,6,
2022年直轄市長選舉,2022,臺北市,大安區,群賢里,臺北市,2,王文娟,無黨籍及未經政黨推薦,0,
2022年直轄市長選舉,2022,臺北市,大安區,群賢里,臺北市,3,鄭匡宇,無黨籍及未經政黨推薦,1,
2022年直轄市長選舉,2022,臺北市,大安區,群賢里,臺北市,4,黃聖峰,台澎黨,0,
2022年直轄市長選舉,2022,臺北市,大安區,群賢里,臺北市,5,童文薰,無黨籍及未經政黨推薦,4,
2022年直轄市長選舉,2022,臺北市,大安區,群賢里,臺北市,6,蔣萬安,中國國民黨,1507,*
2022年直轄市長選舉,2022,臺北市,大安區,群賢里,臺北市,7,蘇煥智,台灣維新,5,
2022年直轄市長選舉,2022,臺北市,大安區,群賢里,臺北市,8,黃珊珊,無黨籍及未經政黨推薦,676,
2022年直轄市長選舉,2022,臺北市,大安區,群賢里,臺北市,9,施奉先,無黨籍及未經政黨推薦,1,
2022年直轄市長選舉,2022,臺北市,大安區,群賢里,臺北市,10,唐新民,共和黨,2,
2022年直轄市長選舉,2022,臺北市,大安區,群賢里,臺北市,11,謝立康,無黨籍及未經政黨推薦,0,
2022年直轄市長選舉,2022,臺北市,大安區,群賢里,臺北市,12,陳時中,民主進步黨,799,
2022年直轄市長選舉,2022,臺北市,大安區,群英里,臺北市,1,張家豪,台灣動物保護黨,8,
2022年直轄市長選舉,2022,臺北市,大安區,群英里,臺北市,2,王文娟,無黨籍及未經政黨推薦,0,
2022年直轄市長選舉,2022,臺北市,大安區,群英里,臺北市,3,鄭匡宇,無黨籍及未經政黨推薦,0,
2022年直轄市長選舉,2022,臺北市,大安區,群英里,臺北市,4,黃聖峰,台澎黨,2,
2022年直轄市長選舉,2022,臺北市,大安區,群英里,臺北市,5,童文薰,無黨籍及未經政黨推薦,12,
2022年直轄市長選舉,2022,臺北市,大安區,群英里,臺北市,6,蔣萬安,中國國民黨,2307,*
2022年直轄市長選舉,2022,臺北市,大安區,群英里,臺北市,7,蘇煥智,台灣維新,5,
2022年直轄市長選舉,2022,臺北市,大安區,群英里,臺北市,8,黃珊珊,無黨籍及未經政黨推薦,864,
2022年直轄市長選舉,2022,臺北市,大安區,群英里,臺北市,9,施奉先,無黨籍及未經政黨推薦,0,
2022年直轄市長選舉,2022,臺北市,大安區,群英里,臺北市,10,唐新民,共和黨,1,
2022年直轄市長選舉,2022,臺北市,大安區,群英里,臺北市,11,謝立康,無黨籍及未經政黨推薦,0,
2022年直轄市長選舉,2022,臺北市,大安區,群英里,臺北市,12,陳時中,民主進步黨,672,
2022年直轄市長選舉,2022,臺北市,大安區,虎嘯里,臺北市,1,張家豪,台灣動物保護黨,0,
2022年直轄市長選舉,2022,臺北市,大安區,虎嘯里,臺北市,2,王文娟,無黨籍及未經政黨推薦,0,
2022年直轄市長選舉,2022,臺北市,大安區,虎嘯里,臺北市,3,鄭匡宇,無黨籍及未經政黨推薦,0,
2022年直轄市長選舉,2022,臺北市,大安區,虎嘯里,臺北市,4,黃聖峰,台澎黨,0,
2022年直轄市長選舉,2022,臺北市,大安區,虎嘯里,臺北市,5,童文薰,無黨籍及未經政黨推薦,1,
2022年直轄市長選舉,2022,臺北市,大安區,虎嘯里,臺北市,6,蔣萬安,中國國民黨,911,*
2022年直轄市長選舉,2022,臺北市,大安區,虎嘯里,臺北市,7,蘇煥智,台灣維新,4,
2022年直轄市長選舉,2022,臺北市,大安區,虎嘯里,臺北市,8,黃珊珊,無黨籍及未經政黨推薦,433,
2022年直轄市長選舉,2022,臺北市,大安區,虎嘯里,臺北市,9,施奉先,無黨籍及未經政黨推薦,0,
2022年直轄市長選舉,2022,臺北市,大安區,虎嘯里,臺北市,10,唐新民,共和黨,0,
2022年直轄市長選舉,2022,臺北市,大安區,虎嘯里,臺北市,11,謝立康,無黨籍及未經政黨推薦,0,
2022年直轄市長選舉,2022,臺北市,大安區,虎嘯里,臺北市,12,陳時中,民主進步黨,604,
2022年直轄市長選舉,2022,臺北市,大安區,臥龍里,臺北市,1,張家豪,台灣動物保護黨,2,
2022年直轄市長選舉,2022,臺北市,大安區,臥龍里,臺北市,2,王文娟,無黨籍及未經政黨推薦,0,
2022年直轄市長選舉,2022,臺北市,大安區,臥龍里,臺北市,3,鄭匡宇,無黨籍及未經政黨推薦,0,
2022年直轄市長選舉,2022,臺北市,大安區,臥龍里,臺北市,4,黃聖峰,台澎黨,0,
2022年直轄市長選舉,2022,臺北市,大安區,臥龍里,臺北市,5,童文薰,無黨籍及未經政黨推薦,4,
2022年直轄市長選舉,2022,臺北市,大安區,臥龍里,臺北市,6,蔣萬安,中國國民黨,519,*
2022年直轄市長選舉,2022,臺北市,大安區,臥龍里,臺北市,7,蘇煥智,台灣維新,2,
2022年直轄市長選舉,2022,臺北市,大安區,臥龍里,臺北市,8,黃珊珊,無黨籍及未經政黨推薦,269,
2022年直轄市長選舉,2022,臺北市,大安區,臥龍里,臺北市,9,施奉先,無黨籍及未經政黨推薦,0,
2022年直轄市長選舉,2022,臺北市,大安區,臥龍里,臺北市,10,唐新民,共和黨,0,
2022年直轄市長選舉,2022,臺北市,大安區,臥龍里,臺北市,11,謝立康,無黨籍及未經政黨推薦,0,
2022年直轄市長選舉,2022,臺北市,大安區,臥龍里,臺北市,12,陳時中,民主進步黨,275,
2022年直轄市長選舉,2022,臺北市,大安區,龍淵里,臺北市,1,張家豪,台灣動物保護黨,11,
2022年直轄市長選舉,2022,臺北市,大安區,龍淵里,臺北市,2,王文娟,無黨籍及未經政黨推薦,0,
2022年直轄市長選舉,2022,臺北市,大安區,龍淵里,臺北市,3,鄭匡宇,無黨籍及未經政黨推薦,0,
2022年直轄市長選舉,2022,臺北市,大安區,龍淵里,臺北市,4,黃聖峰,台澎黨,2,
2022年直轄市長選舉,2022,臺北市,大安區,龍淵里,臺北市,5,童文薰,無黨籍及未經政黨推薦,9,
2022年直轄市長選舉,2022,臺北市,大安區,龍淵里,臺北市,6,蔣萬安,中國國民黨,2008,*
2022年直轄市長選舉,2022,臺北市,大安區,龍淵里,臺北市,7,蘇煥智,台灣維新,6,
2022年直轄市長選舉,2022,臺北市,大安區,龍淵里,臺北市,8,黃珊珊,無黨籍及未經政黨推薦,1176,
2022年直轄市長選舉,2022,臺北市,大安區,龍淵里,臺北市,9,施奉先,無黨籍及未經政黨推薦,0,
2022年直轄市長選舉,2022,臺北市,大安區,龍淵里,臺北市,10,唐新民,共和黨,3,
2022年直轄市長選舉,2022,臺北市,大安區,龍淵里,臺北市,11,謝立康,無黨籍及未經政黨推薦,0,
2022年直轄市長選舉,2022,臺北市,大安區,龍淵里,臺北市,12,陳時中,民主進步黨,1397,
2022年直轄市長選舉,2022,臺北市,大安區,龍門里,臺北市,1,張家豪,台灣動物保護黨,4,
2022年直轄市長選舉,2022,臺北市,大安區,龍門里,臺北市,2,王文娟,無黨籍及未經政黨推薦,1,
2022年直轄市長選舉,2022,臺北市,大安區,龍門里,臺北市,3,鄭匡宇,無黨籍及未經政黨推薦,0,
2022年直轄市長選舉,2022,臺北市,大安區,龍門里,臺北市,4,黃聖峰,台澎黨,0,
2022年直轄市長選舉,2022,臺北市,大安區,龍門里,臺北市,5,童文薰,無黨籍及未經政黨推薦,0,
2022年直轄市長選舉,2022,臺北市,大安區,龍門里,臺北市,6,蔣萬安,中國國民黨,924,*
2022年直轄市長選舉,2022,臺北市,大安區,龍門里,臺北市,7,蘇煥智,台灣維新,3,
2022年直轄市長選舉,2022,臺北市,大安區,龍門里,臺北市,8,黃珊珊,無黨籍及未經政黨推薦,511,
2022年直轄市長選舉,2022,臺北市,大安區,龍門里,臺北市,9,施奉先,無黨籍及未經政黨推薦,0,
2022年直轄市長選舉,2022,臺北市,大安區,龍門里,臺北市,10,唐新民,共和黨,0,
2022年直轄市長選舉,2022,臺北市,大安區,龍門里,臺北市,11,謝立康,無黨籍及未經政黨推薦,0,
2022年直轄市長選舉,2022,臺北市,大安區,龍門里,臺北市,12,陳時中,民主進步黨,738,
2022年直轄市長選舉,2022,臺北市,大安區,大學里,臺北市,1,張家豪,台灣動物保護黨,6,
2022年直轄市長選舉,2022,臺北市,大安區,大學里,臺北市,2,王文娟,無黨籍及未經政黨推薦,2,
2022年直轄市長選舉,2022,臺北市,大安區,大學里,臺北市,3,鄭匡宇,無黨籍及未經政黨推薦,1,
2022年直轄市長選舉,2022,臺北市,大安區,大學里,臺北市,4,黃聖峰,台澎黨,0,
2022年直轄市長選舉,2022,臺北市,大安區,大學里,臺北市,5,童文薰,無黨籍及未經政黨推薦,9,
2022年直轄市長選舉,2022,臺北市,大安區,大學里,臺北市,6,蔣萬安,中國國民黨,1986,*
2022年直轄市長選舉,2022,臺北市,大安區,大學里,臺北市,7,蘇煥智,台灣維新,8,
2022年直轄市長選舉,2022,臺北市,大安區,大學里,臺北市,8,黃珊珊,無黨籍及未經政黨推薦,1058,
2022年直轄市長選舉,2022,臺北市,大安區,大學里,臺北市,9,施奉先,無黨籍及未經政黨推薦,1,
2022年直轄市長選舉,2022,臺北市,大安區,大學里,臺北市,10,唐新民,共和黨,2,
2022年直轄市長選舉,2022,臺北市,大安區,大學里,臺北市,11,謝立康,無黨籍及未經政黨推薦,2,
2022年直轄市長選舉,2022,臺北市,大安區,大學里,臺北市,12,陳時中,民主進步黨,1412,
2022年直轄市長選舉,2022,臺北市,大安區,芳和里,臺北市,1,張家豪,台灣動物保護黨,4,
2022年直轄市長選舉,2022,臺北市,大安區,芳和里,臺北市,2,王文娟,無黨籍及未經政黨推薦,2,
2022年直轄市長選舉,2022,臺北市,大安區,芳和里,臺北市,3,鄭匡宇,無黨籍及未經政黨推薦,0,
2022年直轄市長選舉,2022,臺北市,大安區,芳和里,臺北市,4,黃聖峰,台澎黨,1,
2022年直轄市長選舉,2022,臺北市,大安區,芳和里,臺北市,5,童文薰,無黨籍及未經政黨推薦,7,
2022年直轄市長選舉,2022,臺北市,大安區,芳和里,臺北市,6,蔣萬安,中國國民黨,1451,*
2022年直轄市長選舉,2022,臺北市,大安區,芳和里,臺北市,7,蘇煥智,台灣維新,6,
2022年直轄市長選舉,2022,臺北市,大安區,芳和里,臺北市,8,黃珊珊,無黨籍及未經政黨推薦,698,
2022年直轄市長選舉,2022,臺北市,大安區,芳和里,臺北市,9,施奉先,無黨籍及未經政黨推薦,1,
2022年直轄市長選舉,2022,臺北市,大安區,芳和里,臺北市,10,唐新民,共和黨,1,
2022年直轄市長選舉,2022,臺北市,大安區,芳和里,臺北市,11,謝立康,無黨籍及未經政黨推薦,1,
2022年直轄市長選舉,2022,臺北市,大安區,芳和里,臺北市,12,陳時中,民主進步黨,879,
2022年直轄市長選舉,2022,臺北市,大安區,黎元里,臺北市,1,張家豪,台灣動物保護黨,9,
2022年直轄市長選舉,2022,臺北市,大安區,黎元里,臺北市,2,王文娟,無黨籍及未經政黨推薦,1,
2022年直轄市長選舉,2022,臺北市,大安區,黎元里,臺北市,3,鄭匡宇,無黨籍及未經政黨推薦,0,
2022年直轄市長選舉,2022,臺北市,大安區,黎元里,臺北市,4,黃聖峰,台澎黨,1,
2022年直轄市長選舉,2022,臺北市,大安區,黎元里,臺北市,5,童文薰,無黨籍及未經政黨推薦,5,
2022年直轄市長選舉,2022,臺北市,大安區,黎元里,臺北市,6,蔣萬安,中國國民黨,1324,*
2022年直轄市長選舉,2022,臺北市,大安區,黎元里,臺北市,7,蘇煥智,台灣維新,6,
2022年直轄市長選舉,2022,臺北市,大安區,黎元里,臺北市,8,黃珊珊,無黨籍及未經政黨推薦,784,
2022年直轄市長選舉,2022,臺北市,大安區,黎元里,臺北市,9,施奉先,無黨籍及未經政黨推薦,2,
2022年直轄市長選舉,2022,臺北市,大安區,黎元里,臺北市,10,唐新民,共和黨,1,
2022年直轄市長選舉,2022,臺北市,大安區,黎元里,臺北市,11,謝立康,無黨籍及未經政黨推薦,0,
2022年直轄市長選舉,2022,臺北市,大安區,黎元里,臺北市,12,陳時中,民主進步黨,902,
2022年直轄市長選舉,2022,臺北市,大安區,黎孝里,臺北市,1,張家豪,台灣動物保護黨,3,
2022年直轄市長選舉,2022,臺北市,大安區,黎孝里,臺北市,2,王文娟,無黨籍及未經政黨推薦,0,
2022年直轄市長選舉,2022,臺北市,大安區,黎孝里,臺北市,3,鄭匡宇,無黨籍及未經政黨推薦,0,
2022年直轄市長選舉,2022,臺北市,大安區,黎孝里,臺北市,4,黃聖峰,台澎黨,1,
2022年直轄市長選舉,2022,臺北市,大安區,黎孝里,臺北市,5,童文薰,無黨籍及未經政黨推薦,8,
2022年直轄市長選舉,2022,臺北市,大安區,黎孝里,臺北市,6,蔣萬安,中國國民黨,1931,*
2022年直轄市長選舉,2022,臺北市,大安區,黎孝里,臺北市,7,蘇煥智,台灣維新,6,
2022年直轄市長選舉,2022,臺北市,大安區,黎孝里,臺北市,8,黃珊珊,無黨籍及未經政黨推薦,1054,
2022年直轄市長選舉,2022,臺北市,大安區,黎孝里,臺北市,9,施奉先,無黨籍及未經政黨推薦,1,
2022年直轄市長選舉,2022,臺北市,大安區,黎孝里,臺北市,10,唐新民,共和黨,2,
2022年直轄市長選舉,2022,臺北市,大安區,黎孝里,臺北市,11,謝立康,無黨籍及未經政黨推薦,1,
2022年直轄市長選舉,2022,臺北市,大安區,黎孝里,臺北市,12,陳時中,民主進步黨,1223,
2022年直轄市長選舉,2022,臺北市,大安區,黎和里,臺北市,1,張家豪,台灣動物保護黨,8,
2022年直轄市長選舉,2022,臺北市,大安區,黎和里,臺北市,2,王文娟,無黨籍及未經政黨推薦,0,
2022年直轄市長選舉,2022,臺北市,大安區,黎和里,臺北市,3,鄭匡宇,無黨籍及未經政黨推薦,0,
2022年直轄市長選舉,2022,臺北市,大安區,黎和里,臺北市,4,黃聖峰,台澎黨,1,
2022年直轄市長選舉,2022,臺北市,大安區,黎和里,臺北市,5,童文薰,無黨籍及未經政黨推薦,6,
2022年直轄市長選舉,2022,臺北市,大安區,黎和里,臺北市,6,蔣萬安,中國國民黨,1257,*
2022年直轄市長選舉,2022,臺北市,大安區,黎和里,臺北市,7,蘇煥智,台灣維新,3,
2022年直轄市長選舉,2022,臺北市,大安區,黎和里,臺北市,8,黃珊珊,無黨籍及未經政黨推薦,661,
2022年直轄市長選舉,2022,臺北市,大安區,黎和里,臺北市,9,施奉先,無黨籍及未經政黨推薦,1,
2022年直轄市長選舉,2022,臺北市,大安區,黎和里,臺北市,10,唐新民,共和黨,0,
2022年直轄市長選舉,2022,臺北市,大安區,黎和里,臺北市,11,謝立康,無黨籍及未經政黨推薦,0,
2022年直轄市長選舉,2022,臺北市,大安區,黎和里,臺北市,12,陳時中,民主進步黨,660,
2022年直轄市長選舉,2022,臺北市,大安區,建安里,臺北市,1,張家豪,台灣動物保護黨,4,
2022年直轄市長選舉,2022,臺北市,大安區,建安里,臺北市,2,王文娟,無黨籍及未經政黨推薦,1,
2022年直轄市長選舉,2022,臺北市,大安區,建安里,臺北市,3,鄭匡宇,無黨籍及未經政黨推薦,0,
2022年直轄市長選舉,2022,臺北市,大安區,建安里,臺北市,4,黃聖峰,台澎黨,0,
2022年直轄市長選舉,2022,臺北市,大安區,建安里,臺北市,5,童文薰,無黨籍及未經政黨推薦,4,
2022年直轄市長選舉,2022,臺北市,大安區,建安里,臺北市,6,蔣萬安,中國國民黨,1128,*
2022年直轄市長選舉,2022,臺北市,大安區,建安里,臺北市,7,蘇煥智,台灣維新,3,
2022年直轄市長選舉,2022,臺北市,大安區,建安里,臺北市,8,黃珊珊,無黨籍及未經政黨推薦,479,
2022年直轄市長選舉,2022,臺北市,大安區,建安里,臺北市,9,施奉先,無黨籍及未經政黨推薦,1,
2022年直轄市長選舉,2022,臺北市,大安區,建安里,臺北市,10,唐新民,共和黨,0,
2022年直轄市長選舉,2022,臺北市,大安區,建安里,臺北市,11,謝立康,無黨籍及未經政黨推薦,1,
2022年直轄市長選舉,2022,臺北市,大安區,建安里,臺北市,12,陳時中,民主進步黨,745,
2022年直轄市長選舉,2022,臺北市,大安區,建倫里,臺北市,1,張家豪,台灣動物保護黨,2,
2022年直轄市長選舉,2022,臺北市,大安區,建倫里,臺北市,2,王文娟,無黨籍及未經政黨推薦,1,
2022年直轄市長選舉,2022,臺北市,大安區,建倫里,臺北市,3,鄭匡宇,無黨籍及未經政黨推薦,0,
2022年直轄市長選舉,2022,臺北市,大安區,建倫里,臺北市,4,黃聖峰,台澎黨,1,
2022年直轄市長選舉,2022,臺北市,大安區,建倫里,臺北市,5,童文薰,無黨籍及未經政黨推薦,1,
2022年直轄市長選舉,2022,臺北市,大安區,建倫里,臺北市,6,蔣萬安,中國國民黨,1421,*
2022年直轄市長選舉,2022,臺北市,大安區,建倫里,臺北市,7,蘇煥智,台灣維新,4,
2022年直轄市長選舉,2022,臺北市,大安區,建倫里,臺北市,8,黃珊珊,無黨籍及未經政黨推薦,487,
2022年直轄市長選舉,2022,臺北市,大安區,建倫里,臺北市,9,施奉先,無黨籍及未經政黨推薦,0,
2022年直轄市長選舉,2022,臺北市,大安區,建倫里,臺北市,10,唐新民,共和黨,1,
2022年直轄市長選舉,2022,臺北市,大安區,建倫里,臺北市,11,謝立康,無黨籍及未經政黨推薦,1,
2022年直轄市長選舉,2022,臺北市,大安區,建倫里,臺北市,12,陳時中,民主進步黨,917,
2022年直轄市長選舉,2022,臺北市,大安區,敦安里,臺北市,1,張家豪,台灣動物保護黨,9,
2022年直轄市長選舉,2022,臺北市,大安區,敦安里,臺北市,2,王文娟,無黨籍及未經政黨推薦,0,
2022年直轄市長選舉,2022,臺北市,大安區,敦安里,臺北市,3,鄭匡宇,無黨籍及未經政黨推薦,0,
2022年直轄市長選舉,2022,臺北市,大安區,敦安里,臺北市,4,黃聖峰,台澎黨,1,
2022年直轄市長選舉,2022,臺北市,大安區,敦安里,臺北市,5,童文薰,無黨籍及未經政黨推薦,7,
2022年直轄市長選舉,2022,臺北市,大安區,敦安里,臺北市,6,蔣萬安,中國國民黨,1339,*
2022年直轄市長選舉,2022,臺北市,大安區,敦安里,臺北市,7,蘇煥智,台灣維新,2,
2022年直轄市長選舉,2022,臺北市,大安區,敦安里,臺北市,8,黃珊珊,無黨籍及未經政黨推薦,673,
2022年直轄市長選舉,2022,臺北市,大安區,敦安里,臺北市,9,施奉先,無黨籍及未經政黨推薦,1,
2022年直轄市長選舉,2022,臺北市,大安區,敦安里,臺北市,10,唐新民,共和黨,0,
2022年直轄市長選舉,2022,臺北市,大安區,敦安里,臺北市,11,謝立康,無黨籍及未經政黨推薦,0,
2022年直轄市長選舉,2022,臺北市,大安區,敦安里,臺北市,12,陳時中,民主進步黨,988,
2022年直轄市長選舉,2022,臺北市,大安區,正聲里,臺北市,1,張家豪,台灣動物保護黨,3,
2022年直轄市長選舉,2022,臺北市,大安區,正聲里,臺北市,2,王文娟,無黨籍及未經政黨推薦,0,
2022年直轄市長選舉,2022,臺北市,大安區,正聲里,臺北市,3,鄭匡宇,無黨籍及未經政黨推薦,0,
2022年直轄市長選舉,2022,臺北市,大安區,正聲里,臺北市,4,黃聖峰,台澎黨,0,
2022年直轄市長選舉,2022,臺北市,大安區,正聲里,臺北市,5,童文薰,無黨籍及未經政黨推薦,4,
2022年直轄市長選舉,2022,臺北市,大安區,正聲里,臺北市,6,蔣萬安,中國國民黨,1092,*
2022年直轄市長選舉,2022,臺北市,大安區,正聲里,臺北市,7,蘇煥智,台灣維新,5,
2022年直轄市長選舉,2022,臺北市,大安區,正聲里,臺北市,8,黃珊珊,無黨籍及未經政黨推薦,530,
2022年直轄市長選舉,2022,臺北市,大安區,正聲里,臺北市,9,施奉先,無黨籍及未經政黨推薦,0,
2022年直轄市長選舉,2022,臺北市,大安區,正聲里,臺北市,10,唐新民,共和黨,1,
2022年直轄市長選舉,2022,臺北市,大安區,正聲里,臺北市,11,謝立康,無黨籍及未經政黨推薦,0,
2022年直轄市長選舉,2022,臺北市,大安區,正聲里,臺北市,12,陳時中,民主進步黨,691,
2022年直轄市長選舉,2022,臺北市,大安區,敦煌里,臺北市,1,張家豪,台灣動物保護黨,5,
2022年直轄市長選舉,2022,臺北市,大安區,敦煌里,臺北市,2,王文娟,無黨籍及未經政黨推薦,0,
2022年直轄市長選舉,2022,臺北市,大安區,敦煌里,臺北市,3,鄭匡宇,無黨籍及未經政黨推薦,1,
2022年直轄市長選舉,2022,臺北市,大安區,敦煌里,臺北市,4,黃聖峰,台澎黨,0,
2022年直轄市長選舉,2022,臺北市,大安區,敦煌里,臺北市,5,童文薰,無黨籍及未經政黨推薦,2,
2022年直轄市長選舉,2022,臺北市,大安區,敦煌里,臺北市,6,蔣萬安,中國國民黨,1333,*
2022年直轄市長選舉,2022,臺北市,大安區,敦煌里,臺北市,7,蘇煥智,台灣維新,3,
2022年直轄市長選舉,2022,臺北市,大安區,敦煌里,臺北市,8,黃珊珊,無黨籍及未經政黨推薦,674,
2022年直轄市長選舉,2022,臺北市,大安區,敦煌里,臺北市,9,施奉先,無黨籍及未經政黨推薦,1,
2022年直轄市長選舉,2022,臺北市,大安區,敦煌里,臺北市,10,唐新民,共和黨,0,
2022年直轄市長選舉,2022,臺北市,大安區,敦煌里,臺北市,11,謝立康,無黨籍及未經政黨推薦,0,
2022年直轄市長選舉,2022,臺北市,大安區,敦煌里,臺北市,12,陳時中,民主進步黨,950,
2022年直轄市長選舉,2022,臺北市,大安區,華聲里,臺北市,1,張家豪,台灣動物保護黨,1,
2022年直轄市長選舉,2022,臺北市,大安區,華聲里,臺北市,2,王文娟,無黨籍及未經政黨推薦,2,
2022年直轄市長選舉,2022,臺北市,大安區,華聲里,臺北市,3,鄭匡宇,無黨籍及未經政黨推薦,0,
2022年直轄市長選舉,2022,臺北市,大安區,華聲里,臺北市,4,黃聖峰,台澎黨,0,
2022年直轄市長選舉,2022,臺北市,大安區,華聲里,臺北市,5,童文薰,無黨籍及未經政黨推薦,3,
2022年直轄市長選舉,2022,臺北市,大安區,華聲里,臺北市,6,蔣萬安,中國國民黨,916,*
2022年直轄市長選舉,2022,臺北市,大安區,華聲里,臺北市,7,蘇煥智,台灣維新,2,
2022年直轄市長選舉,2022,臺北市,大安區,華聲里,臺北市,8,黃珊珊,無黨籍及未經政黨推薦,502,
2022年直轄市長選舉,2022,臺北市,大安區,華聲里,臺北市,9,施奉先,無黨籍及未經政黨推薦,0,
2022年直轄市長選舉,2022,臺北市,大安區,華聲里,臺北市,10,唐新民,共和黨,1,
2022年直轄市長選舉,2022,臺北市,大安區,華聲里,臺北市,11,謝立康,無黨籍及未經政黨推薦,0,
2022年直轄市長選舉,2022,臺北市,大安區,華聲里,臺北市,12,陳時中,民主進步黨,626,
2022年直轄市長選舉,2022,臺北市,大安區,車層里,臺北市,1,張家豪,台灣動物保護黨,7,
2022年直轄市長選舉,2022,臺北市,大安區,車層里,臺北市,2,王文娟,無黨籍及未經政黨推薦,0,
2022年直轄市長選舉,2022,臺北市,大安區,車層里,臺北市,3,鄭匡宇,無黨籍及未經政黨推薦,0,
2022年直轄市長選舉,2022,臺北市,大安區,車層里,臺北市,4,黃聖峰,台澎黨,2,
2022年直轄市長選舉,2022,臺北市,大安區,車層里,臺北市,5,童文薰,無黨籍及未經政黨推薦,5,
2022年直轄市長選舉,2022,臺北市,大安區,車層里,臺北市,6,蔣萬安,中國國民黨,1409,*
2022年直轄市長選舉,2022,臺北市,大安區,車層里,臺北市,7,蘇煥智,台灣維新,3,
2022年直轄市長選舉,2022,臺北市,大安區,車層里,臺北市,8,黃珊珊,無黨籍及未經政黨推薦,623,
2022年直轄市長選舉,2022,臺北市,大安區,車層里,臺北市,9,施奉先,無黨籍及未經政黨推薦,0,
2022年直轄市長選舉,2022,臺北市,大安區,車層里,臺北市,10,唐新民,共和黨,1,
2022年直轄市長選舉,2022,臺北市,大安區,車層里,臺北市,11,謝立康,無黨籍及未經政黨推薦,0,
2022年直轄市長選舉,2022,臺北市,大安區,車層里,臺北市,12,陳時中,民主進步黨,1078,
2022年直轄市長選舉,2022,臺北市,大安區,光信里,臺北市,1,張家豪,台灣動物保護黨,4,
2022年直轄市長選舉,2022,臺北市,大安區,光信里,臺北市,2,王文娟,無黨籍及未經政黨推薦,1,
2022年直轄市長選舉,2022,臺北市,大安區,光信里,臺北市,3,鄭匡宇,無黨籍及未經政黨推薦,0,
2022年直轄市長選舉,2022,臺北市,大安區,光信里,臺北市,4,黃聖峰,台澎黨,0,
2022年直轄市長選舉,2022,臺北市,大安區,光信里,臺北市,5,童文薰,無黨籍及未經政黨推薦,3,
2022年直轄市長選舉,2022,臺北市,大安區,光信里,臺北市,6,蔣萬安,中國國民黨,1813,*
2022年直轄市長選舉,2022,臺北市,大安區,光信里,臺北市,7,蘇煥智,台灣維新,4,
2022年直轄市長選舉,2022,臺北市,大安區,光信里,臺北市,8,黃珊珊,無黨籍及未經政黨推薦,885,
2022年直轄市長選舉,2022,臺北市,大安區,光信里,臺北市,9,施奉先,無黨籍及未經政黨推薦,1,
2022年直轄市長選舉,2022,臺北市,大安區,光信里,臺北市,10,唐新民,共和黨,2,
2022年直轄市長選舉,2022,臺北市,大安區,光信里,臺北市,11,謝立康,無黨籍及未經政黨推薦,0,
2022年直轄市長選舉,2022,臺北市,大安區,光信里,臺北市,12,陳時中,民主進步黨,1197,
2022年直轄市長選舉,2022,臺北市,大安區,學府里,臺北市,1,張家豪,台灣動物保護黨,4,
2022年直轄市長選舉,2022,臺北市,大安區,學府里,臺北市,2,王文娟,無黨籍及未經政黨推薦,0,
2022年直轄市長選舉,2022,臺北市,大安區,學府里,臺北市,3,鄭匡宇,無黨籍及未經政黨推薦,0,
2022年直轄市長選舉,2022,臺北市,大安區,學府里,臺北市,4,黃聖峰,台澎黨,0,
2022年直轄市長選舉,2022,臺北市,大安區,學府里,臺北市,5,童文薰,無黨籍及未經政黨推薦,1,
2022年直轄市長選舉,2022,臺北市,大安區,學府里,臺北市,6,蔣萬安,中國國民黨,669,*
2022年直轄市長選舉,2022,臺北市,大安區,學府里,臺北市,7,蘇煥智,台灣維新,4,
2022年直轄市長選舉,2022,臺北市,大安區,學府里,臺北市,8,黃珊珊,無黨籍及未經政黨推薦,253,
2022年直轄市長選舉,2022,臺北市,大安區,學府里,臺北市,9,施奉先,無黨籍及未經政黨推薦,0,
2022年直轄市長選舉,2022,臺北市,大安區,學府里,臺北市,10,唐新民,共和黨,0,
2022年直轄市長選舉,2022,臺北市,大安區,學府里,臺北市,11,謝立康,無黨籍及未經政黨推薦,0,
2022年直轄市長選舉,2022,臺北市,大安區,學府里,臺北市,12,陳時中,民主進步黨,348,
2022年直轄市長選舉,2022,臺北市,中山區,正守里,臺北市,1,張家豪,台灣動物保護黨,2,
2022年直轄市長選舉,2022,臺北市,中山區,正守里,臺北市,2,王文娟,無黨籍及未經政黨推薦,0,
2022年直轄市長選舉,2022,臺北市,中山區,正守里,臺北市,3,鄭匡宇,無黨籍及未經政黨推薦,0,
2022年直轄市長選舉,2022,臺北市,中山區,正守里,臺北市,4,黃聖峰,台澎黨,0,
2022年直轄市長選舉,2022,臺北市,中山區,正守里,臺北市,5,童文薰,無黨籍及未經政黨推薦,6,
2022年直轄市長選舉,2022,臺北市,中山區,正守里,臺北市,6,蔣萬安,中國國民黨,762,*
2022年直轄市長選舉,2022,臺北市,中山區,正守里,臺北市,7,蘇煥智,台灣維新,1,
2022年直轄市長選舉,2022,臺北市,中山區,正守里,臺北市,8,黃珊珊,無黨籍及未經政黨推薦,454,
2022年直轄市長選舉,2022,臺北市,中山區,正守里,臺北市,9,施奉先,無黨籍及未經政黨推薦,0,
2022年直轄市長選舉,2022,臺北市,中山區,正守里,臺北市,10,唐新民,共和黨,0,
2022年直轄市長選舉,2022,臺北市,中山區,正守里,臺北市,11,謝立康,無黨籍及未經政黨推薦,0,
2022年直轄市長選舉,2022,臺北市,中山區,正守里,臺北市,12,陳時中,民主進步黨,624,
2022年直轄市長選舉,2022,臺北市,中山區,正義里,臺北市,1,張家豪,台灣動物保護黨,4,
2022年直轄市長選舉,2022,臺北市,中山區,正義里,臺北市,2,王文娟,無黨籍及未經政黨推薦,2,
2022年直轄市長選舉,2022,臺北市,中山區,正義里,臺北市,3,鄭匡宇,無黨籍及未經政黨推薦,1,
2022年直轄市長選舉,2022,臺北市,中山區,正義里,臺北市,4,黃聖峰,台澎黨,0,
2022年直轄市長選舉,2022,臺北市,中山區,正義里,臺北市,5,童文薰,無黨籍及未經政黨推薦,4,
2022年直轄市長選舉,2022,臺北市,中山區,正義里,臺北市,6,蔣萬安,中國國民黨,1203,*
2022年直轄市長選舉,2022,臺北市,中山區,正義里,臺北市,7,蘇煥智,台灣維新,4,
2022年直轄市長選舉,2022,臺北市,中山區,正義里,臺北市,8,黃珊珊,無黨籍及未經政黨推薦,562,
2022年直轄市長選舉,2022,臺北市,中山區,正義里,臺北市,9,施奉先,無黨籍及未經政黨推薦,2,
2022年直轄市長選舉,2022,臺北市,中山區,正義里,臺北市,10,唐新民,共和黨,0,
2022年直轄市長選舉,2022,臺北市,中山區,正義里,臺北市,11,謝立康,無黨籍及未經政黨推薦,0,
2022年直轄市長選舉,2022,臺北市,中山區,正義里,臺北市,12,陳時中,民主進步黨,858,
2022年直轄市長選舉,2022,臺北市,中山區,正得里,臺北市,1,張家豪,台灣動物保護黨,2,
2022年直轄市長選舉,2022,臺北市,中山區,正得里,臺北市,2,王文娟,無黨籍及未經政黨推薦,1,
2022年直轄市長選舉,2022,臺北市,中山區,正得里,臺北市,3,鄭匡宇,無黨籍及未經政黨推薦,0,
2022年直轄市長選舉,2022,臺北市,中山區,正得里,臺北市,4,黃聖峰,台澎黨,0,
2022年直轄市長選舉,2022,臺北市,中山區,正得里,臺北市,5,童文薰,無黨籍及未經政黨推薦,4,
2022年直轄市長選舉,2022,臺北市,中山區,正得里,臺北市,6,蔣萬安,中國國民黨,825,*
2022年直轄市長選舉,2022,臺北市,中山區,正得里,臺北市,7,蘇煥智,台灣維新,2,
2022年直轄市長選舉,2022,臺北市,中山區,正得里,臺北市,8,黃珊珊,無黨籍及未經政黨推薦,436,
2022年直轄市長選舉,2022,臺北市,中山區,正得里,臺北市,9,施奉先,無黨籍及未經政黨推薦,0,
2022年直轄市長選舉,2022,臺北市,中山區,正得里,臺北市,10,唐新民,共和黨,0,
2022年直轄市長選舉,2022,臺北市,中山區,正得里,臺北市,11,謝立康,無黨籍及未經政黨推薦,0,
2022年直轄市長選舉,2022,臺北市,中山區,正得里,臺北市,12,陳時中,民主進步黨,636,
2022年直轄市長選舉,2022,臺北市,中山區,民安里,臺北市,1,張家豪,台灣動物保護黨,6,
2022年直轄市長選舉,2022,臺北市,中山區,民安里,臺北市,2,王文娟,無黨籍及未經政黨推薦,0,
2022年直轄市長選舉,2022,臺北市,中山區,民安里,臺北市,3,鄭匡宇,無黨籍及未經政黨推薦,1,
2022年直轄市長選舉,2022,臺北市,中山區,民安里,臺北市,4,黃聖峰,台澎黨,1,
2022年直轄市長選舉,2022,臺北市,中山區,民安里,臺北市,5,童文薰,無黨籍及未經政黨推薦,7,
2022年直轄市長選舉,2022,臺北市,中山區,民安里,臺北市,6,蔣萬安,中國國民黨,950,*
2022年直轄市長選舉,2022,臺北市,中山區,民安里,臺北市,7,蘇煥智,台灣維新,2,
2022年直轄市長選舉,2022,臺北市,中山區,民安里,臺北市,8,黃珊珊,無黨籍及未經政黨推薦,492,
2022年直轄市長選舉,2022,臺北市,中山區,民安里,臺北市,9,施奉先,無黨籍及未經政黨推薦,0,
2022年直轄市長選舉,2022,臺北市,中山區,民安里,臺北市,10,唐新民,共和黨,0,
2022年直轄市長選舉,2022,臺北市,中山區,民安里,臺北市,11,謝立康,無黨籍及未經政黨推薦,3,
2022年直轄市長選舉,2022,臺北市,中山區,民安里,臺北市,12,陳時中,民主進步黨,949,
2022年直轄市長選舉,2022,臺北市,中山區,康樂里,臺北市,1,張家豪,台灣動物保護黨,2,
2022年直轄市長選舉,2022,臺北市,中山區,康樂里,臺北市,2,王文娟,無黨籍及未經政黨推薦,0,
2022年直轄市長選舉,2022,臺北市,中山區,康樂里,臺北市,3,鄭匡宇,無黨籍及未經政黨推薦,0,
2022年直轄市長選舉,2022,臺北市,中山區,康樂里,臺北市,4,黃聖峰,台澎黨,0,
2022年直轄市長選舉,2022,臺北市,中山區,康樂里,臺北市,5,童文薰,無黨籍及未經政黨推薦,3,
2022年直轄市長選舉,2022,臺北市,中山區,康樂里,臺北市,6,蔣萬安,中國國民黨,675,*
2022年直轄市長選舉,2022,臺北市,中山區,康樂里,臺北市,7,蘇煥智,台灣維新,1,
2022年直轄市長選舉,2022,臺北市,中山區,康樂里,臺北市,8,黃珊珊,無黨籍及未經政黨推薦,251,
2022年直轄市長選舉,2022,臺北市,中山區,康樂里,臺北市,9,施奉先,無黨籍及未經政黨推薦,0,
2022年直轄市長選舉,2022,臺北市,中山區,康樂里,臺北市,10,唐新民,共和黨,0,
2022年直轄市長選舉,2022,臺北市,中山區,康樂里,臺北市,11,謝立康,無黨籍及未經政黨推薦,0,
2022年直轄市長選舉,2022,臺北市,中山區,康樂里,臺北市,12,陳時中,民主進步黨,457,
2022年直轄市長選舉,2022,臺北市,中山區,中山里,臺北市,1,張家豪,台灣動物保護黨,5,
2022年直轄市長選舉,2022,臺北市,中山區,中山里,臺北市,2,王文娟,無黨籍及未經政黨推薦,3,
2022年直轄市長選舉,2022,臺北市,中山區,中山里,臺北市,3,鄭匡宇,無黨籍及未經政黨推薦,0,
2022年直轄市長選舉,2022,臺北市,中山區,中山里,臺北市,4,黃聖峰,台澎黨,1,
2022年直轄市長選舉,2022,臺北市,中山區,中山里,臺北市,5,童文薰,無黨籍及未經政黨推薦,8,
2022年直轄市長選舉,2022,臺北市,中山區,中山里,臺北市,6,蔣萬安,中國國民黨,1505,*
2022年直轄市長選舉,2022,臺北市,中山區,中山里,臺北市,7,蘇煥智,台灣維新,8,
2022年直轄市長選舉,2022,臺北市,中山區,中山里,臺北市,8,黃珊珊,無黨籍及未經政黨推薦,778,
2022年直轄市長選舉,2022,臺北市,中山區,中山里,臺北市,9,施奉先,無黨籍及未經政黨推薦,2,
2022年直轄市長選舉,2022,臺北市,中山區,中山里,臺北市,10,唐新民,共和黨,0,
2022年直轄市長選舉,2022,臺北市,中山區,中山里,臺北市,11,謝立康,無黨籍及未經政黨推薦,1,
2022年直轄市長選舉,2022,臺北市,中山區,中山里,臺北市,12,陳時中,民主進步黨,1200,
2022年直轄市長選舉,2022,臺北市,中山區,聚盛里,臺北市,1,張家豪,台灣動物保護黨,6,
2022年直轄市長選舉,2022,臺北市,中山區,聚盛里,臺北市,2,王文娟,無黨籍及未經政黨推薦,1,
2022年直轄市長選舉,2022,臺北市,中山區,聚盛里,臺北市,3,鄭匡宇,無黨籍及未經政黨推薦,0,
2022年直轄市長選舉,2022,臺北市,中山區,聚盛里,臺北市,4,黃聖峰,台澎黨,0,
2022年直轄市長選舉,2022,臺北市,中山區,聚盛里,臺北市,5,童文薰,無黨籍及未經政黨推薦,4,
2022年直轄市長選舉,2022,臺北市,中山區,聚盛里,臺北市,6,蔣萬安,中國國民黨,1003,*
2022年直轄市長選舉,2022,臺北市,中山區,聚盛里,臺北市,7,蘇煥智,台灣維新,2,
2022年直轄市長選舉,2022,臺北市,中山區,聚盛里,臺北市,8,黃珊珊,無黨籍及未經政黨推薦,382,
2022年直轄市長選舉,2022,臺北市,中山區,聚盛里,臺北市,9,施奉先,無黨籍及未經政黨推薦,2,
2022年直轄市長選舉,2022,臺北市,中山區,聚盛里,臺北市,10,唐新民,共和黨,1,
2022年直轄市長選舉,2022,臺北市,中山區,聚盛里,臺北市,11,謝立康,無黨籍及未經政黨推薦,0,
2022年直轄市長選舉,2022,臺北市,中山區,聚盛里,臺北市,12,陳時中,民主進步黨,646,
2022年直轄市長選舉,2022,臺北市,中山區,集英里,臺北市,1,張家豪,台灣動物保護黨,4,
2022年直轄市長選舉,2022,臺北市,中山區,集英里,臺北市,2,王文娟,無黨籍及未經政黨推薦,2,
2022年直轄市長選舉,2022,臺北市,中山區,集英里,臺北市,3,鄭匡宇,無黨籍及未經政黨推薦,0,
2022年直轄市長選舉,2022,臺北市,中山區,集英里,臺北市,4,黃聖峰,台澎黨,0,
2022年直轄市長選舉,2022,臺北市,中山區,集英里,臺北市,5,童文薰,無黨籍及未經政黨推薦,8,
2022年直轄市長選舉,2022,臺北市,中山區,集英里,臺北市,6,蔣萬安,中國國民黨,1314,*
2022年直轄市長選舉,2022,臺北市,中山區,集英里,臺北市,7,蘇煥智,台灣維新,5,
2022年直轄市長選舉,2022,臺北市,中山區,集英里,臺北市,8,黃珊珊,無黨籍及未經政黨推薦,893,
2022年直轄市長選舉,2022,臺北市,中山區,集英里,臺北市,9,施奉先,無黨籍及未經政黨推薦,0,
2022年直轄市長選舉,2022,臺北市,中山區,集英里,臺北市,10,唐新民,共和黨,0,
2022年直轄市長選舉,2022,臺北市,中山區,集英里,臺北市,11,謝立康,無黨籍及未經政黨推薦,1,
2022年直轄市長選舉,2022,臺北市,中山區,集英里,臺北市,12,陳時中,民主進步黨,1412,
2022年直轄市長選舉,2022,臺北市,中山區,聚葉里,臺北市,1,張家豪,台灣動物保護黨,4,
2022年直轄市長選舉,2022,臺北市,中山區,聚葉里,臺北市,2,王文娟,無黨籍及未經政黨推薦,0,
2022年直轄市長選舉,2022,臺北市,中山區,聚葉里,臺北市,3,鄭匡宇,無黨籍及未經政黨推薦,0,
2022年直轄市長選舉,2022,臺北市,中山區,聚葉里,臺北市,4,黃聖峰,台澎黨,0,
2022年直轄市長選舉,2022,臺北市,中山區,聚葉里,臺北市,5,童文薰,無黨籍及未經政黨推薦,2,
2022年直轄市長選舉,2022,臺北市,中山區,聚葉里,臺北市,6,蔣萬安,中國國民黨,876,*
2022年直轄市長選舉,2022,臺北市,中山區,聚葉里,臺北市,7,蘇煥智,台灣維新,5,
2022年直轄市長選舉,2022,臺北市,中山區,聚葉里,臺北市,8,黃珊珊,無黨籍及未經政黨推薦,436,
2022年直轄市長選舉,2022,臺北市,中山區,聚葉里,臺北市,9,施奉先,無黨籍及未經政黨推薦,0,
2022年直轄市長選舉,2022,臺北市,中山區,聚葉里,臺北市,10,唐新民,共和黨,0,
2022年直轄市長選舉,2022,臺北市,中山區,聚葉里,臺北市,11,謝立康,無黨籍及未經政黨推薦,0,
2022年直轄市長選舉,2022,臺北市,中山區,聚葉里,臺北市,12,陳時中,民主進步黨,734,
2022年直轄市長選舉,2022,臺北市,中山區,恆安里,臺北市,1,張家豪,台灣動物保護黨,4,
2022年直轄市長選舉,2022,臺北市,中山區,恆安里,臺北市,2,王文娟,無黨籍及未經政黨推薦,0,
2022年直轄市長選舉,2022,臺北市,中山區,恆安里,臺北市,3,鄭匡宇,無黨籍及未經政黨推薦,1,
2022年直轄市長選舉,2022,臺北市,中山區,恆安里,臺北市,4,黃聖峰,台澎黨,3,
2022年直轄市長選舉,2022,臺北市,中山區,恆安里,臺北市,5,童文薰,無黨籍及未經政黨推薦,6,
2022年直轄市長選舉,2022,臺北市,中山區,恆安里,臺北市,6,蔣萬安,中國國民黨,1131,*
2022年直轄市長選舉,2022,臺北市,中山區,恆安里,臺北市,7,蘇煥智,台灣維新,1,
2022年直轄市長選舉,2022,臺北市,中山區,恆安里,臺北市,8,黃珊珊,無黨籍及未經政黨推薦,607,
2022年直轄市長選舉,2022,臺北市,中山區,恆安里,臺北市,9,施奉先,無黨籍及未經政黨推薦,0,
2022年直轄市長選舉,2022,臺北市,中山區,恆安里,臺北市,10,唐新民,共和黨,0,
2022年直轄市長選舉,2022,臺北市,中山區,恆安里,臺北市,11,謝立康,無黨籍及未經政黨推薦,0,
2022年直轄市長選舉,2022,臺北市,中山區,恆安里,臺北市,12,陳時中,民主進步黨,870,
2022年直轄市長選舉,2022,臺北市,中山區,晴光里,臺北市,1,張家豪,台灣動物保護黨,2,
2022年直轄市長選舉,2022,臺北市,中山區,晴光里,臺北市,2,王文娟,無黨籍及未經政黨推薦,1,
2022年直轄市長選舉,2022,臺北市,中山區,晴光里,臺北市,3,鄭匡宇,無黨籍及未經政黨推薦,0,
2022年直轄市長選舉,2022,臺北市,中山區,晴光里,臺北市,4,黃聖峰,台澎黨,1,
2022年直轄市長選舉,2022,臺北市,中山區,晴光里,臺北市,5,童文薰,無黨籍及未經政黨推薦,10,
2022年直轄市長選舉,2022,臺北市,中山區,晴光里,臺北市,6,蔣萬安,中國國民黨,1223,*
2022年直轄市長選舉,2022,臺北市,中山區,晴光里,臺北市,7,蘇煥智,台灣維新,1,
2022年直轄市長選舉,2022,臺北市,中山區,晴光里,臺北市,8,黃珊珊,無黨籍及未經政黨推薦,651,
2022年直轄市長選舉,2022,臺北市,中山區,晴光里,臺北市,9,施奉先,無黨籍及未經政黨推薦,1,
2022年直轄市長選舉,2022,臺北市,中山區,晴光里,臺北市,10,唐新民,共和黨,0,
2022年直轄市長選舉,2022,臺北市,中山區,晴光里,臺北市,11,謝立康,無黨籍及未經政黨推薦,0,
2022年直轄市長選舉,2022,臺北市,中山區,晴光里,臺北市,12,陳時中,民主進步黨,875,
2022年直轄市長選舉,2022,臺北市,中山區,圓山里,臺北市,1,張家豪,台灣動物保護黨,2,
2022年直轄市長選舉,2022,臺北市,中山區,圓山里,臺北市,2,王文娟,無黨籍及未經政黨推薦,0,
2022年直轄市長選舉,2022,臺北市,中山區,圓山里,臺北市,3,鄭匡宇,無黨籍及未經政黨推薦,1,
2022年直轄市長選舉,2022,臺北市,中山區,圓山里,臺北市,4,黃聖峰,台澎黨,0,
2022年直轄市長選舉,2022,臺北市,中山區,圓山里,臺北市,5,童文薰,無黨籍及未經政黨推薦,5,
2022年直轄市長選舉,2022,臺北市,中山區,圓山里,臺北市,6,蔣萬安,中國國民黨,879,*
2022年直轄市長選舉,2022,臺北市,中山區,圓山里,臺北市,7,蘇煥智,台灣維新,5,
2022年直轄市長選舉,2022,臺北市,中山區,圓山里,臺北市,8,黃珊珊,無黨籍及未經政黨推薦,511,
2022年直轄市長選舉,2022,臺北市,中山區,圓山里,臺北市,9,施奉先,無黨籍及未經政黨推薦,0,
2022年直轄市長選舉,2022,臺北市,中山區,圓山里,臺北市,10,唐新民,共和黨,3,
2022年直轄市長選舉,2022,臺北市,中山區,圓山里,臺北市,11,謝立康,無黨籍及未經政黨推薦,0,
2022年直轄市長選舉,2022,臺北市,中山區,圓山里,臺北市,12,陳時中,民主進步黨,766,
2022年直轄市長選舉,2022,臺北市,中山區,劍潭里,臺北市,1,張家豪,台灣動物保護黨,2,
2022年直轄市長選舉,2022,臺北市,中山區,劍潭里,臺北市,2,王文娟,無黨籍及未經政黨推薦,1,
2022年直轄市長選舉,2022,臺北市,中山區,劍潭里,臺北市,3,鄭匡宇,無黨籍及未經政黨推薦,3,
2022年直轄市長選舉,2022,臺北市,中山區,劍潭里,臺北市,4,黃聖峰,台澎黨,0,
2022年直轄市長選舉,2022,臺北市,中山區,劍潭里,臺北市,5,童文薰,無黨籍及未經政黨推薦,8,
2022年直轄市長選舉,2022,臺北市,中山區,劍潭里,臺北市,6,蔣萬安,中國國民黨,1411,*
2022年直轄市長選舉,2022,臺北市,中山區,劍潭里,臺北市,7,蘇煥智,台灣維新,3,
2022年直轄市長選舉,2022,臺北市,中山區,劍潭里,臺北市,8,黃珊珊,無黨籍及未經政黨推薦,386,
2022年直轄市長選舉,2022,臺北市,中山區,劍潭里,臺北市,9,施奉先,無黨籍及未經政黨推薦,0,
2022年直轄市長選舉,2022,臺北市,中山區,劍潭里,臺北市,10,唐新民,共和黨,3,
2022年直轄市長選舉,2022,臺北市,中山區,劍潭里,臺北市,11,謝立康,無黨籍及未經政黨推薦,0,
2022年直轄市長選舉,2022,臺北市,中山區,劍潭里,臺北市,12,陳時中,民主進步黨,257,
2022年直轄市長選舉,2022,臺北市,中山區,大直里,臺北市,1,張家豪,台灣動物保護黨,6,
2022年直轄市長選舉,2022,臺北市,中山區,大直里,臺北市,2,王文娟,無黨籍及未經政黨推薦,1,
2022年直轄市長選舉,2022,臺北市,中山區,大直里,臺北市,3,鄭匡宇,無黨籍及未經政黨推薦,1,
2022年直轄市長選舉,2022,臺北市,中山區,大直里,臺北市,4,黃聖峰,台澎黨,0,
2022年直轄市長選舉,2022,臺北市,中山區,大直里,臺北市,5,童文薰,無黨籍及未經政黨推薦,12,
2022年直轄市長選舉,2022,臺北市,中山區,大直里,臺北市,6,蔣萬安,中國國民黨,2273,*
2022年直轄市長選舉,2022,臺北市,中山區,大直里,臺北市,7,蘇煥智,台灣維新,5,
2022年直轄市長選舉,2022,臺北市,中山區,大直里,臺北市,8,黃珊珊,無黨籍及未經政黨推薦,1068,
2022年直轄市長選舉,2022,臺北市,中山區,大直里,臺北市,9,施奉先,無黨籍及未經政黨推薦,1,
2022年直轄市長選舉,2022,臺北市,中山區,大直里,臺北市,10,唐新民,共和黨,3,
2022年直轄市長選舉,2022,臺北市,中山區,大直里,臺北市,11,謝立康,無黨籍及未經政黨推薦,0,
2022年直轄市長選舉,2022,臺北市,中山區,大直里,臺北市,12,陳時中,民主進步黨,1453,
2022年直轄市長選舉,2022,臺北市,中山區,成功里,臺北市,1,張家豪,台灣動物保護黨,3,
2022年直轄市長選舉,2022,臺北市,中山區,成功里,臺北市,2,王文娟,無黨籍及未經政黨推薦,1,
2022年直轄市長選舉,2022,臺北市,中山區,成功里,臺北市,3,鄭匡宇,無黨籍及未經政黨推薦,2,
2022年直轄市長選舉,2022,臺北市,中山區,成功里,臺北市,4,黃聖峰,台澎黨,1,
2022年直轄市長選舉,2022,臺北市,中山區,成功里,臺北市,5,童文薰,無黨籍及未經政黨推薦,3,
2022年直轄市長選舉,2022,臺北市,中山區,成功里,臺北市,6,蔣萬安,中國國民黨,1527,*
2022年直轄市長選舉,2022,臺北市,中山區,成功里,臺北市,7,蘇煥智,台灣維新,7,
2022年直轄市長選舉,2022,臺北市,中山區,成功里,臺北市,8,黃珊珊,無黨籍及未經政黨推薦,630,
2022年直轄市長選舉,2022,臺北市,中山區,成功里,臺北市,9,施奉先,無黨籍及未經政黨推薦,0,
2022年直轄市長選舉,2022,臺北市,中山區,成功里,臺北市,10,唐新民,共和黨,0,
2022年直轄市長選舉,2022,臺北市,中山區,成功里,臺北市,11,謝立康,無黨籍及未經政黨推薦,0,
2022年直轄市長選舉,2022,臺北市,中山區,成功里,臺北市,12,陳時中,民主進步黨,1114,
2022年直轄市長選舉,2022,臺北市,中山區,永安里,臺北市,1,張家豪,台灣動物保護黨,5,
2022年直轄市長選舉,2022,臺北市,中山區,永安里,臺北市,2,王文娟,無黨籍及未經政黨推薦,2,
2022年直轄市長選舉,2022,臺北市,中山區,永安里,臺北市,3,鄭匡宇,無黨籍及未經政黨推薦,3,
2022年直轄市長選舉,2022,臺北市,中山區,永安里,臺北市,4,黃聖峰,台澎黨,1,
2022年直轄市長選舉,2022,臺北市,中山區,永安里,臺北市,5,童文薰,無黨籍及未經政黨推薦,11,
2022年直轄市長選舉,2022,臺北市,中山區,永安里,臺北市,6,蔣萬安,中國國民黨,2222,*
2022年直轄市長選舉,2022,臺北市,中山區,永安里,臺北市,7,蘇煥智,台灣維新,3,
2022年直轄市長選舉,2022,臺北市,中山區,永安里,臺北市,8,黃珊珊,無黨籍及未經政黨推薦,1189,
2022年直轄市長選舉,2022,臺北市,中山區,永安里,臺北市,9,施奉先,無黨籍及未經政黨推薦,1,
2022年直轄市長選舉,2022,臺北市,中山區,永安里,臺北市,10,唐新民,共和黨,1,
2022年直轄市長選舉,2022,臺北市,中山區,永安里,臺北市,11,謝立康,無黨籍及未經政黨推薦,0,
2022年直轄市長選舉,2022,臺北市,中山區,永安里,臺北市,12,陳時中,民主進步黨,1569,
2022年直轄市長選舉,2022,臺北市,中山區,大佳里,臺北市,1,張家豪,台灣動物保護黨,0,
2022年直轄市長選舉,2022,臺北市,中山區,大佳里,臺北市,2,王文娟,無黨籍及未經政黨推薦,0,
2022年直轄市長選舉,2022,臺北市,中山區,大佳里,臺北市,3,鄭匡宇,無黨籍及未經政黨推薦,0,
2022年直轄市長選舉,2022,臺北市,中山區,大佳里,臺北市,4,黃聖峰,台澎黨,0,
2022年直轄市長選舉,2022,臺北市,中山區,大佳里,臺北市,5,童文薰,無黨籍及未經政黨推薦,2,
2022年直轄市長選舉,2022,臺北市,中山區,大佳里,臺北市,6,蔣萬安,中國國民黨,187,*
2022年直轄市長選舉,2022,臺北市,中山區,大佳里,臺北市,7,蘇煥智,台灣維新,0,
2022年直轄市長選舉,2022,臺北市,中山區,大佳里,臺北市,8,黃珊珊,無黨籍及未經政黨推薦,113,
2022年直轄市長選舉,2022,臺北市,中山區,大佳里,臺北市,9,施奉先,無黨籍及未經政黨推薦,0,
2022年直轄市長選舉,2022,臺北市,中山區,大佳里,臺北市,10,唐新民,共和黨,0,
2022年直轄市長選舉,2022,臺北市,中山區,大佳里,臺北市,11,謝立康,無黨籍及未經政黨推薦,0,
2022年直轄市長選舉,2022,臺北市,中山區,大佳里,臺北市,12,陳時中,民主進步黨,253,
2022年直轄市長選舉,2022,臺北市,中山區,新喜里,臺北市,1,張家豪,台灣動物保護黨,2,
2022年直轄市長選舉,2022,臺北市,中山區,新喜里,臺北市,2,王文娟,無黨籍及未經政黨推薦,0,
2022年直轄市長選舉,2022,臺北市,中山區,新喜里,臺北市,3,鄭匡宇,無黨籍及未經政黨推薦,1,
2022年直轄市長選舉,2022,臺北市,中山區,新喜里,臺北市,4,黃聖峰,台澎黨,1,
2022年直轄市長選舉,2022,臺北市,中山區,新喜里,臺北市,5,童文薰,無黨籍及未經政黨推薦,4,
2022年直轄市長選舉,2022,臺北市,中山區,新喜里,臺北市,6,蔣萬安,中國國民黨,1026,*
2022年直轄市長選舉,2022,臺北市,中山區,新喜里,臺北市,7,蘇煥智,台灣維新,2,
2022年直轄市長選舉,2022,臺北市,中山區,新喜里,臺北市,8,黃珊珊,無黨籍及未經政黨推薦,655,
2022年直轄市長選舉,2022,臺北市,中山區,新喜里,臺北市,9,施奉先,無黨籍及未經政黨推薦,0,
2022年直轄市長選舉,2022,臺北市,中山區,新喜里,臺北市,10,唐新民,共和黨,1,
2022年直轄市長選舉,2022,臺北市,中山區,新喜里,臺北市,11,謝立康,無黨籍及未經政黨推薦,1,
2022年直轄市長選舉,2022,臺北市,中山區,新喜里,臺北市,12,陳時中,民主進步黨,1011,
2022年直轄市長選舉,2022,臺北市,中山區,新庄里,臺北市,1,張家豪,台灣動物保護黨,5,
2022年直轄市長選舉,2022,臺北市,中山區,新庄里,臺北市,2,王文娟,無黨籍及未經政黨推薦,2,
2022年直轄市長選舉,2022,臺北市,中山區,新庄里,臺北市,3,鄭匡宇,無黨籍及未經政黨推薦,0,
2022年直轄市長選舉,2022,臺北市,中山區,新庄里,臺北市,4,黃聖峰,台澎黨,1,
2022年直轄市長選舉,2022,臺北市,中山區,新庄里,臺北市,5,童文薰,無黨籍及未經政黨推薦,4,
2022年直轄市長選舉,2022,臺北市,中山區,新庄里,臺北市,6,蔣萬安,中國國民黨,1132,*
2022年直轄市長選舉,2022,臺北市,中山區,新庄里,臺北市,7,蘇煥智,台灣維新,3,
2022年直轄市長選舉,2022,臺北市,中山區,新庄里,臺北市,8,黃珊珊,無黨籍及未經政黨推薦,625,
2022年直轄市長選舉,2022,臺北市,中山區,新庄里,臺北市,9,施奉先,無黨籍及未經政黨推薦,0,
2022年直轄市長選舉,2022,臺北市,中山區,新庄里,臺北市,10,唐新民,共和黨,0,
2022年直轄市長選舉,2022,臺北市,中山區,新庄里,臺北市,11,謝立康,無黨籍及未經政黨推薦,0,
2022年直轄市長選舉,2022,臺北市,中山區,新庄里,臺北市,12,陳時中,民主進步黨,1016,
2022年直轄市長選舉,2022,臺北市,中山區,新福里,臺北市,1,張家豪,台灣動物保護黨,7,
2022年直轄市長選舉,2022,臺北市,中山區,新福里,臺北市,2,王文娟,無黨籍及未經政黨推薦,2,
2022年直轄市長選舉,2022,臺北市,中山區,新福里,臺北市,3,鄭匡宇,無黨籍及未經政黨推薦,0,
2022年直轄市長選舉,2022,臺北市,中山區,新福里,臺北市,4,黃聖峰,台澎黨,0,
2022年直轄市長選舉,2022,臺北市,中山區,新福里,臺北市,5,童文薰,無黨籍及未經政黨推薦,2,
2022年直轄市長選舉,2022,臺北市,中山區,新福里,臺北市,6,蔣萬安,中國國民黨,953,*
2022年直轄市長選舉,2022,臺北市,中山區,新福里,臺北市,7,蘇煥智,台灣維新,8,
2022年直轄市長選舉,2022,臺北市,中山區,新福里,臺北市,8,黃珊珊,無黨籍及未經政黨推薦,637,
2022年直轄市長選舉,2022,臺北市,中山區,新福里,臺北市,9,施奉先,無黨籍及未經政黨推薦,0,
2022年直轄市長選舉,2022,臺北市,中山區,新福里,臺北市,10,唐新民,共和黨,0,
2022年直轄市長選舉,2022,臺北市,中山區,新福里,臺北市,11,謝立康,無黨籍及未經政黨推薦,2,
2022年直轄市長選舉,2022,臺北市,中山區,新福里,臺北市,12,陳時中,民主進步黨,1118,
2022年直轄市長選舉,2022,臺北市,中山區,松江里,臺北市,1,張家豪,台灣動物保護黨,5,
2022年直轄市長選舉,2022,臺北市,中山區,松江里,臺北市,2,王文娟,無黨籍及未經政黨推薦,0,
2022年直轄市長選舉,2022,臺北市,中山區,松江里,臺北市,3,鄭匡宇,無黨籍及未經政黨推薦,2,
2022年直轄市長選舉,2022,臺北市,中山區,松江里,臺北市,4,黃聖峰,台澎黨,0,
2022年直轄市長選舉,2022,臺北市,中山區,松江里,臺北市,5,童文薰,無黨籍及未經政黨推薦,8,
2022年直轄市長選舉,2022,臺北市,中山區,松江里,臺北市,6,蔣萬安,中國國民黨,1339,*
2022年直轄市長選舉,2022,臺北市,中山區,松江里,臺北市,7,蘇煥智,台灣維新,6,
2022年直轄市長選舉,2022,臺北市,中山區,松江里,臺北市,8,黃珊珊,無黨籍及未經政黨推薦,798,
2022年直轄市長選舉,2022,臺北市,中山區,松江里,臺北市,9,施奉先,無黨籍及未經政黨推薦,0,
2022年直轄市長選舉,2022,臺北市,中山區,松江里,臺北市,10,唐新民,共和黨,0,
2022年直轄市長選舉,2022,臺北市,中山區,松江里,臺北市,11,謝立康,無黨籍及未經政黨推薦,1,
2022年直轄市長選舉,2022,臺北市,中山區,松江里,臺北市,12,陳時中,民主進步黨,1180,
2022年直轄市長選舉,2022,臺北市,中山區,新生里,臺北市,1,張家豪,台灣動物保護黨,6,
2022年直轄市長選舉,2022,臺北市,中山區,新生里,臺北市,2,王文娟,無黨籍及未經政黨推薦,0,
2022年直轄市長選舉,2022,臺北市,中山區,新生里,臺北市,3,鄭匡宇,無黨籍及未經政黨推薦,0,
2022年直轄市長選舉,2022,臺北市,中山區,新生里,臺北市,4,黃聖峰,台澎黨,0,
2022年直轄市長選舉,2022,臺北市,中山區,新生里,臺北市,5,童文薰,無黨籍及未經政黨推薦,3,
2022年直轄市長選舉,2022,臺北市,中山區,新生里,臺北市,6,蔣萬安,中國國民黨,1026,*
2022年直轄市長選舉,2022,臺北市,中山區,新生里,臺北市,7,蘇煥智,台灣維新,2,
2022年直轄市長選舉,2022,臺北市,中山區,新生里,臺北市,8,黃珊珊,無黨籍及未經政黨推薦,562,
2022年直轄市長選舉,2022,臺北市,中山區,新生里,臺北市,9,施奉先,無黨籍及未經政黨推薦,1,
2022年直轄市長選舉,2022,臺北市,中山區,新生里,臺北市,10,唐新民,共和黨,0,
2022年直轄市長選舉,2022,臺北市,中山區,新生里,臺北市,11,謝立康,無黨籍及未經政黨推薦,0,
2022年直轄市長選舉,2022,臺北市,中山區,新生里,臺北市,12,陳時中,民主進步黨,1010,
2022年直轄市長選舉,2022,臺北市,中山區,中庄里,臺北市,1,張家豪,台灣動物保護黨,5,
2022年直轄市長選舉,2022,臺北市,中山區,中庄里,臺北市,2,王文娟,無黨籍及未經政黨推薦,0,
2022年直轄市長選舉,2022,臺北市,中山區,中庄里,臺北市,3,鄭匡宇,無黨籍及未經政黨推薦,0,
2022年直轄市長選舉,2022,臺北市,中山區,中庄里,臺北市,4,黃聖峰,台澎黨,1,
2022年直轄市長選舉,2022,臺北市,中山區,中庄里,臺北市,5,童文薰,無黨籍及未經政黨推薦,5,
2022年直轄市長選舉,2022,臺北市,中山區,中庄里,臺北市,6,蔣萬安,中國國民黨,1017,*
2022年直轄市長選舉,2022,臺北市,中山區,中庄里,臺北市,7,蘇煥智,台灣維新,0,
2022年直轄市長選舉,2022,臺北市,中山區,中庄里,臺北市,8,黃珊珊,無黨籍及未經政黨推薦,588,
2022年直轄市長選舉,2022,臺北市,中山區,中庄里,臺北市,9,施奉先,無黨籍及未經政黨推薦,1,
2022年直轄市長選舉,2022,臺北市,中山區,中庄里,臺北市,10,唐新民,共和黨,0,
2022年直轄市長選舉,2022,臺北市,中山區,中庄里,臺北市,11,謝立康,無黨籍及未經政黨推薦,2,
2022年直轄市長選舉,2022,臺北市,中山區,中庄里,臺北市,12,陳時中,民主進步黨,1063,
2022年直轄市長選舉,2022,臺北市,中山區,行政里,臺北市,1,張家豪,台灣動物保護黨,10,
2022年直轄市長選舉,2022,臺北市,中山區,行政里,臺北市,2,王文娟,無黨籍及未經政黨推薦,1,
2022年直轄市長選舉,2022,臺北市,中山區,行政里,臺北市,3,鄭匡宇,無黨籍及未經政黨推薦,2,
2022年直轄市長選舉,2022,臺北市,中山區,行政里,臺北市,4,黃聖峰,台澎黨,0,
2022年直轄市長選舉,2022,臺北市,中山區,行政里,臺北市,5,童文薰,無黨籍及未經政黨推薦,4,
2022年直轄市長選舉,2022,臺北市,中山區,行政里,臺北市,6,蔣萬安,中國國民黨,1407,*
2022年直轄市長選舉,2022,臺北市,中山區,行政里,臺北市,7,蘇煥智,台灣維新,9,
2022年直轄市長選舉,2022,臺北市,中山區,行政里,臺北市,8,黃珊珊,無黨籍及未經政黨推薦,749,
2022年直轄市長選舉,2022,臺北市,中山區,行政里,臺北市,9,施奉先,無黨籍及未經政黨推薦,0,
2022年直轄市長選舉,2022,臺北市,中山區,行政里,臺北市,10,唐新民,共和黨,1,
2022年直轄市長選舉,2022,臺北市,中山區,行政里,臺北市,11,謝立康,無黨籍及未經政黨推薦,1,
2022年直轄市長選舉,2022,臺北市,中山區,行政里,臺北市,12,陳時中,民主進步黨,1148,
2022年直轄市長選舉,2022,臺北市,中山區,行仁里,臺北市,1,張家豪,台灣動物保護黨,3,
2022年直轄市長選舉,2022,臺北市,中山區,行仁里,臺北市,2,王文娟,無黨籍及未經政黨推薦,1,
2022年直轄市長選舉,2022,臺北市,中山區,行仁里,臺北市,3,鄭匡宇,無黨籍及未經政黨推薦,2,
2022年直轄市長選舉,2022,臺北市,中山區,行仁里,臺北市,4,黃聖峰,台澎黨,1,
2022年直轄市長選舉,2022,臺北市,中山區,行仁里,臺北市,5,童文薰,無黨籍及未經政黨推薦,4,
2022年直轄市長選舉,2022,臺北市,中山區,行仁里,臺北市,6,蔣萬安,中國國民黨,1758,*
2022年直轄市長選舉,2022,臺北市,中山區,行仁里,臺北市,7,蘇煥智,台灣維新,5,
2022年直轄市長選舉,2022,臺北市,中山區,行仁里,臺北市,8,黃珊珊,無黨籍及未經政黨推薦,924,
2022年直轄市長選舉,2022,臺北市,中山區,行仁里,臺北市,9,施奉先,無黨籍及未經政黨推薦,2,
2022年直轄市長選舉,2022,臺北市,中山區,行仁里,臺北市,10,唐新民,共和黨,0,
2022年直轄市長選舉,2022,臺北市,中山區,行仁里,臺北市,11,謝立康,無黨籍及未經政黨推薦,1,
2022年直轄市長選舉,2022,臺北市,中山區,行仁里,臺北市,12,陳時中,民主進步黨,1664,
2022年直轄市長選舉,2022,臺北市,中山區,行孝里,臺北市,1,張家豪,台灣動物保護黨,7,
2022年直轄市長選舉,2022,臺北市,中山區,行孝里,臺北市,2,王文娟,無黨籍及未經政黨推薦,0,
2022年直轄市長選舉,2022,臺北市,中山區,行孝里,臺北市,3,鄭匡宇,無黨籍及未經政黨推薦,0,
2022年直轄市長選舉,2022,臺北市,中山區,行孝里,臺北市,4,黃聖峰,台澎黨,1,
2022年直轄市長選舉,2022,臺北市,中山區,行孝里,臺北市,5,童文薰,無黨籍及未經政黨推薦,3,
2022年直轄市長選舉,2022,臺北市,中山區,行孝里,臺北市,6,蔣萬安,中國國民黨,953,*
2022年直轄市長選舉,2022,臺北市,中山區,行孝里,臺北市,7,蘇煥智,台灣維新,4,
2022年直轄市長選舉,2022,臺北市,中山區,行孝里,臺北市,8,黃珊珊,無黨籍及未經政黨推薦,595,
2022年直轄市長選舉,2022,臺北市,中山區,行孝里,臺北市,9,施奉先,無黨籍及未經政黨推薦,1,
2022年直轄市長選舉,2022,臺北市,中山區,行孝里,臺北市,10,唐新民,共和黨,0,
2022年直轄市長選舉,2022,臺北市,中山區,行孝里,臺北市,11,謝立康,無黨籍及未經政黨推薦,0,
2022年直轄市長選舉,2022,臺北市,中山區,行孝里,臺北市,12,陳時中,民主進步黨,820,
2022年直轄市長選舉,2022,臺北市,中山區,下埤里,臺北市,1,張家豪,台灣動物保護黨,11,
2022年直轄市長選舉,2022,臺北市,中山區,下埤里,臺北市,2,王文娟,無黨籍及未經政黨推薦,1,
2022年直轄市長選舉,2022,臺北市,中山區,下埤里,臺北市,3,鄭匡宇,無黨籍及未經政黨推薦,0,
2022年直轄市長選舉,2022,臺北市,中山區,下埤里,臺北市,4,黃聖峰,台澎黨,0,
2022年直轄市長選舉,2022,臺北市,中山區,下埤里,臺北市,5,童文薰,無黨籍及未經政黨推薦,6,
2022年直轄市長選舉,2022,臺北市,中山區,下埤里,臺北市,6,蔣萬安,中國國民黨,1689,*
2022年直轄市長選舉,2022,臺北市,中山區,下埤里,臺北市,7,蘇煥智,台灣維新,8,
2022年直轄市長選舉,2022,臺北市,中山區,下埤里,臺北市,8,黃珊珊,無黨籍及未經政黨推薦,929,
2022年直轄市長選舉,2022,臺北市,中山區,下埤里,臺北市,9,施奉先,無黨籍及未經政黨推薦,0,
2022年直轄市長選舉,2022,臺北市,中山區,下埤里,臺北市,10,唐新民,共和黨,0,
2022年直轄市長選舉,2022,臺北市,中山區,下埤里,臺北市,11,謝立康,無黨籍及未經政黨推薦,0,
2022年直轄市長選舉,2022,臺北市,中山區,下埤里,臺北市,12,陳時中,民主進步黨,1502,
2022年直轄市長選舉,2022,臺北市,中山區,江寧里,臺北市,1,張家豪,台灣動物保護黨,6,
2022年直轄市長選舉,2022,臺北市,中山區,江寧里,臺北市,2,王文娟,無黨籍及未經政黨推薦,2,
2022年直轄市長選舉,2022,臺北市,中山區,江寧里,臺北市,3,鄭匡宇,無黨籍及未經政黨推薦,1,
2022年直轄市長選舉,2022,臺北市,中山區,江寧里,臺北市,4,黃聖峰,台澎黨,0,
2022年直轄市長選舉,2022,臺北市,中山區,江寧里,臺北市,5,童文薰,無黨籍及未經政黨推薦,5,
2022年直轄市長選舉,2022,臺北市,中山區,江寧里,臺北市,6,蔣萬安,中國國民黨,1633,*
2022年直轄市長選舉,2022,臺北市,中山區,江寧里,臺北市,7,蘇煥智,台灣維新,11,
2022年直轄市長選舉,2022,臺北市,中山區,江寧里,臺北市,8,黃珊珊,無黨籍及未經政黨推薦,796,
2022年直轄市長選舉,2022,臺北市,中山區,江寧里,臺北市,9,施奉先,無黨籍及未經政黨推薦,0,
2022年直轄市長選舉,2022,臺北市,中山區,江寧里,臺北市,10,唐新民,共和黨,2,
2022年直轄市長選舉,2022,臺北市,中山區,江寧里,臺北市,11,謝立康,無黨籍及未經政黨推薦,0,
2022年直轄市長選舉,2022,臺北市,中山區,江寧里,臺北市,12,陳時中,民主進步黨,1292,
2022年直轄市長選舉,2022,臺北市,中山區,江山里,臺北市,1,張家豪,台灣動物保護黨,4,
2022年直轄市長選舉,2022,臺北市,中山區,江山里,臺北市,2,王文娟,無黨籍及未經政黨推薦,1,
2022年直轄市長選舉,2022,臺北市,中山區,江山里,臺北市,3,鄭匡宇,無黨籍及未經政黨推薦,0,
2022年直轄市長選舉,2022,臺北市,中山區,江山里,臺北市,4,黃聖峰,台澎黨,3,
2022年直轄市長選舉,2022,臺北市,中山區,江山里,臺北市,5,童文薰,無黨籍及未經政黨推薦,8,
2022年直轄市長選舉,2022,臺北市,中山區,江山里,臺北市,6,蔣萬安,中國國民黨,1621,*
2022年直轄市長選舉,2022,臺北市,中山區,江山里,臺北市,7,蘇煥智,台灣維新,5,
2022年直轄市長選舉,2022,臺北市,中山區,江山里,臺北市,8,黃珊珊,無黨籍及未經政黨推薦,853,
2022年直轄市長選舉,2022,臺北市,中山區,江山里,臺北市,9,施奉先,無黨籍及未經政黨推薦,1,
2022年直轄市長選舉,2022,臺北市,中山區,江山里,臺北市,10,唐新民,共和黨,1,
2022年直轄市長選舉,2022,臺北市,中山區,江山里,臺北市,11,謝立康,無黨籍及未經政黨推薦,1,
2022年直轄市長選舉,2022,臺北市,中山區,江山里,臺北市,12,陳時中,民主進步黨,1579,
2022年直轄市長選舉,2022,臺北市,中山區,中吉里,臺北市,1,張家豪,台灣動物保護黨,3,
2022年直轄市長選舉,2022,臺北市,中山區,中吉里,臺北市,2,王文娟,無黨籍及未經政黨推薦,0,
2022年直轄市長選舉,2022,臺北市,中山區,中吉里,臺北市,3,鄭匡宇,無黨籍及未經政黨推薦,0,
2022年直轄市長選舉,2022,臺北市,中山區,中吉里,臺北市,4,黃聖峰,台澎黨,0,
2022年直轄市長選舉,2022,臺北市,中山區,中吉里,臺北市,5,童文薰,無黨籍及未經政黨推薦,5,
2022年直轄市長選舉,2022,臺北市,中山區,中吉里,臺北市,6,蔣萬安,中國國民黨,1086,*
2022年直轄市長選舉,2022,臺北市,中山區,中吉里,臺北市,7,蘇煥智,台灣維新,3,
2022年直轄市長選舉,2022,臺北市,中山區,中吉里,臺北市,8,黃珊珊,無黨籍及未經政黨推薦,721,
2022年直轄市長選舉,2022,臺北市,中山區,中吉里,臺北市,9,施奉先,無黨籍及未經政黨推薦,1,
2022年直轄市長選舉,2022,臺北市,中山區,中吉里,臺北市,10,唐新民,共和黨,0,
2022年直轄市長選舉,2022,臺北市,中山區,中吉里,臺北市,11,謝立康,無黨籍及未經政黨推薦,2,
2022年直轄市長選舉,2022,臺北市,中山區,中吉里,臺北市,12,陳時中,民主進步黨,1183,
2022年直轄市長選舉,2022,臺北市,中山區,中原里,臺北市,1,張家豪,台灣動物保護黨,6,
2022年直轄市長選舉,2022,臺北市,中山區,中原里,臺北市,2,王文娟,無黨籍及未經政黨推薦,1,
2022年直轄市長選舉,2022,臺北市,中山區,中原里,臺北市,3,鄭匡宇,無黨籍及未經政黨推薦,2,
2022年直轄市長選舉,2022,臺北市,中山區,中原里,臺北市,4,黃聖峰,台澎黨,1,
2022年直轄市長選舉,2022,臺北市,中山區,中原里,臺北市,5,童文薰,無黨籍及未經政黨推薦,9,
2022年直轄市長選舉,2022,臺北市,中山區,中原里,臺北市,6,蔣萬安,中國國民黨,1112,*
2022年直轄市長選舉,2022,臺北市,中山區,中原里,臺北市,7,蘇煥智,台灣維新,4,
2022年直轄市長選舉,2022,臺北市,中山區,中原里,臺北市,8,黃珊珊,無黨籍及未經政黨推薦,590,
2022年直轄市長選舉,2022,臺北市,中山區,中原里,臺北市,9,施奉先,無黨籍及未經政黨推薦,0,
2022年直轄市長選舉,2022,臺北市,中山區,中原里,臺北市,10,唐新民,共和黨,0,
2022年直轄市長選舉,2022,臺北市,中山區,中原里,臺北市,11,謝立康,無黨籍及未經政黨推薦,0,
2022年直轄市長選舉,2022,臺北市,中山區,中原里,臺北市,12,陳時中,民主進步黨,1099,
2022年直轄市長選舉,2022,臺北市,中山區,興亞里,臺北市,1,張家豪,台灣動物保護黨,3,
2022年直轄市長選舉,2022,臺北市,中山區,興亞里,臺北市,2,王文娟,無黨籍及未經政黨推薦,0,
2022年直轄市長選舉,2022,臺北市,中山區,興亞里,臺北市,3,鄭匡宇,無黨籍及未經政黨推薦,1,
2022年直轄市長選舉,2022,臺北市,中山區,興亞里,臺北市,4,黃聖峰,台澎黨,0,
2022年直轄市長選舉,2022,臺北市,中山區,興亞里,臺北市,5,童文薰,無黨籍及未經政黨推薦,2,
2022年直轄市長選舉,2022,臺北市,中山區,興亞里,臺北市,6,蔣萬安,中國國民黨,1177,*
2022年直轄市長選舉,2022,臺北市,中山區,興亞里,臺北市,7,蘇煥智,台灣維新,4,
2022年直轄市長選舉,2022,臺北市,中山區,興亞里,臺北市,8,黃珊珊,無黨籍及未經政黨推薦,648,
2022年直轄市長選舉,2022,臺北市,中山區,興亞里,臺北市,9,施奉先,無黨籍及未經政黨推薦,0,
2022年直轄市長選舉,2022,臺北市,中山區,興亞里,臺北市,10,唐新民,共和黨,7,
2022年直轄市長選舉,2022,臺北市,中山區,興亞里,臺北市,11,謝立康,無黨籍及未經政黨推薦,1,
2022年直轄市長選舉,2022,臺北市,中山區,興亞里,臺北市,12,陳時中,民主進步黨,1072,
2022年直轄市長選舉,2022,臺北市,中山區,中央里,臺北市,1,張家豪,台灣動物保護黨,3,
2022年直轄市長選舉,2022,臺北市,中山區,中央里,臺北市,2,王文娟,無黨籍及未經政黨推薦,0,
2022年直轄市長選舉,2022,臺北市,中山區,中央里,臺北市,3,鄭匡宇,無黨籍及未經政黨推薦,1,
2022年直轄市長選舉,2022,臺北市,中山區,中央里,臺北市,4,黃聖峰,台澎黨,0,
2022年直轄市長選舉,2022,臺北市,中山區,中央里,臺北市,5,童文薰,無黨籍及未經政黨推薦,6,
2022年直轄市長選舉,2022,臺北市,中山區,中央里,臺北市,6,蔣萬安,中國國民黨,817,*
2022年直轄市長選舉,2022,臺北市,中山區,中央里,臺北市,7,蘇煥智,台灣維新,4,
2022年直轄市長選舉,2022,臺北市,中山區,中央里,臺北市,8,黃珊珊,無黨籍及未經政黨推薦,480,
2022年直轄市長選舉,2022,臺北市,中山區,中央里,臺北市,9,施奉先,無黨籍及未經政黨推薦,0,
2022年直轄市長選舉,2022,臺北市,中山區,中央里,臺北市,10,唐新民,共和黨,1,
2022年直轄市長選舉,2022,臺北市,中山區,中央里,臺北市,11,謝立康,無黨籍及未經政黨推薦,0,
2022年直轄市長選舉,2022,臺北市,中山區,中央里,臺北市,12,陳時中,民主進步黨,708,
2022年直轄市長選舉,2022,臺北市,中山區,朱馥里,臺北市,1,張家豪,台灣動物保護黨,11,
2022年直轄市長選舉,2022,臺北市,中山區,朱馥里,臺北市,2,王文娟,無黨籍及未經政黨推薦,0,
2022年直轄市長選舉,2022,臺北市,中山區,朱馥里,臺北市,3,鄭匡宇,無黨籍及未經政黨推薦,0,
2022年直轄市長選舉,2022,臺北市,中山區,朱馥里,臺北市,4,黃聖峰,台澎黨,0,
2022年直轄市長選舉,2022,臺北市,中山區,朱馥里,臺北市,5,童文薰,無黨籍及未經政黨推薦,2,
2022年直轄市長選舉,2022,臺北市,中山區,朱馥里,臺北市,6,蔣萬安,中國國民黨,1321,*
2022年直轄市長選舉,2022,臺北市,中山區,朱馥里,臺北市,7,蘇煥智,台灣維新,3,
2022年直轄市長選舉,2022,臺北市,中山區,朱馥里,臺北市,8,黃珊珊,無黨籍及未經政黨推薦,681,
2022年直轄市長選舉,2022,臺北市,中山區,朱馥里,臺北市,9,施奉先,無黨籍及未經政黨推薦,0,
2022年直轄市長選舉,2022,臺北市,中山區,朱馥里,臺北市,10,唐新民,共和黨,0,
2022年直轄市長選舉,2022,臺北市,中山區,朱馥里,臺北市,11,謝立康,無黨籍及未經政黨推薦,0,
2022年直轄市長選舉,2022,臺北市,中山區,朱馥里,臺北市,12,陳時中,民主進步黨,968,
2022年直轄市長選舉,2022,臺北市,中山區,龍洲里,臺北市,1,張家豪,台灣動物保護黨,4,
2022年直轄市長選舉,2022,臺北市,中山區,龍洲里,臺北市,2,王文娟,無黨籍及未經政黨推薦,0,
2022年直轄市長選舉,2022,臺北市,中山區,龍洲里,臺北市,3,鄭匡宇,無黨籍及未經政黨推薦,0,
2022年直轄市長選舉,2022,臺北市,中山區,龍洲里,臺北市,4,黃聖峰,台澎黨,0,
2022年直轄市長選舉,2022,臺北市,中山區,龍洲里,臺北市,5,童文薰,無黨籍及未經政黨推薦,2,
2022年直轄市長選舉,2022,臺北市,中山區,龍洲里,臺北市,6,蔣萬安,中國國民黨,1707,*
2022年直轄市長選舉,2022,臺北市,中山區,龍洲里,臺北市,7,蘇煥智,台灣維新,0,
2022年直轄市長選舉,2022,臺北市,中山區,龍洲里,臺北市,8,黃珊珊,無黨籍及未經政黨推薦,597,
2022年直轄市長選舉,2022,臺北市,中山區,龍洲里,臺北市,9,施奉先,無黨籍及未經政黨推薦,1,
2022年直轄市長選舉,2022,臺北市,中山區,龍洲里,臺北市,10,唐新民,共和黨,1,
2022年直轄市長選舉,2022,臺北市,中山區,龍洲里,臺北市,11,謝立康,無黨籍及未經政黨推薦,0,
2022年直轄市長選舉,2022,臺北市,中山區,龍洲里,臺北市,12,陳時中,民主進步黨,580,
2022年直轄市長選舉,2022,臺北市,中山區,朱園里,臺北市,1,張家豪,台灣動物保護黨,3,
2022年直轄市長選舉,2022,臺北市,中山區,朱園里,臺北市,2,王文娟,無黨籍及未經政黨推薦,0,
2022年直轄市長選舉,2022,臺北市,中山區,朱園里,臺北市,3,鄭匡宇,無黨籍及未經政黨推薦,2,
2022年直轄市長選舉,2022,臺北市,中山區,朱園里,臺北市,4,黃聖峰,台澎黨,0,
2022年直轄市長選舉,2022,臺北市,中山區,朱園里,臺北市,5,童文薰,無黨籍及未經政黨推薦,3,
2022年直轄市長選舉,2022,臺北市,中山區,朱園里,臺北市,6,蔣萬安,中國國民黨,980,*
2022年直轄市長選舉,2022,臺北市,中山區,朱園里,臺北市,7,蘇煥智,台灣維新,1,
2022年直轄市長選舉,2022,臺北市,中山區,朱園里,臺北市,8,黃珊珊,無黨籍及未經政黨推薦,550,
2022年直轄市長選舉,2022,臺北市,中山區,朱園里,臺北市,9,施奉先,無黨籍及未經政黨推薦,0,
2022年直轄市長選舉,2022,臺北市,中山區,朱園里,臺北市,10,唐新民,共和黨,0,
2022年直轄市長選舉,2022,臺北市,中山區,朱園里,臺北市,11,謝立康,無黨籍及未經政黨推薦,1,
2022年直轄市長選舉,2022,臺北市,中山區,朱園里,臺北市,12,陳時中,民主進步黨,893,
2022年直轄市長選舉,2022,臺北市,中山區,埤頭里,臺北市,1,張家豪,台灣動物保護黨,1,
2022年直轄市長選舉,2022,臺北市,中山區,埤頭里,臺北市,2,王文娟,無黨籍及未經政黨推薦,0,
2022年直轄市長選舉,2022,臺北市,中山區,埤頭里,臺北市,3,鄭匡宇,無黨籍及未經政黨推薦,1,
2022年直轄市長選舉,2022,臺北市,中山區,埤頭里,臺北市,4,黃聖峰,台澎黨,0,
2022年直轄市長選舉,2022,臺北市,中山區,埤頭里,臺北市,5,童文薰,無黨籍及未經政黨推薦,2,
2022年直轄市長選舉,2022,臺北市,中山區,埤頭里,臺北市,6,蔣萬安,中國國民黨,773,*
2022年直轄市長選舉,2022,臺北市,中山區,埤頭里,臺北市,7,蘇煥智,台灣維新,3,
2022年直轄市長選舉,2022,臺北市,中山區,埤頭里,臺北市,8,黃珊珊,無黨籍及未經政黨推薦,381,
2022年直轄市長選舉,2022,臺北市,中山區,埤頭里,臺北市,9,施奉先,無黨籍及未經政黨推薦,0,
2022年直轄市長選舉,2022,臺北市,中山區,埤頭里,臺北市,10,唐新民,共和黨,0,
2022年直轄市長選舉,2022,臺北市,中山區,埤頭里,臺北市,11,謝立康,無黨籍及未經政黨推薦,0,
2022年直轄市長選舉,2022,臺北市,中山區,埤頭里,臺北市,12,陳時中,民主進步黨,600,
2022年直轄市長選舉,2022,臺北市,中山區,朱崙里,臺北市,1,張家豪,台灣動物保護黨,3,
2022年直轄市長選舉,2022,臺北市,中山區,朱崙里,臺北市,2,王文娟,無黨籍及未經政黨推薦,0,
2022年直轄市長選舉,2022,臺北市,中山區,朱崙里,臺北市,3,鄭匡宇,無黨籍及未經政黨推薦,0,
2022年直轄市長選舉,2022,臺北市,中山區,朱崙里,臺北市,4,黃聖峰,台澎黨,0,
2022年直轄市長選舉,2022,臺北市,中山區,朱崙里,臺北市,5,童文薰,無黨籍及未經政黨推薦,4,
2022年直轄市長選舉,2022,臺北市,中山區,朱崙里,臺北市,6,蔣萬安,中國國民黨,699,*
2022年直轄市長選舉,2022,臺北市,中山區,朱崙里,臺北市,7,蘇煥智,台灣維新,4,
2022年直轄市長選舉,2022,臺北市,中山區,朱崙里,臺北市,8,黃珊珊,無黨籍及未經政黨推薦,376,
2022年直轄市長選舉,2022,臺北市,中山區,朱崙里,臺北市,9,施奉先,無黨籍及未經政黨推薦,0,
2022年直轄市長選舉,2022,臺北市,中山區,朱崙里,臺北市,10,唐新民,共和黨,1,
2022年直轄市長選舉,2022,臺北市,中山區,朱崙里,臺北市,11,謝立康,無黨籍及未經政黨推薦,1,
2022年直轄市長選舉,2022,臺北市,中山區,朱崙里,臺北市,12,陳時中,民主進步黨,571,
2022年直轄市長選舉,2022,臺北市,中山區,力行里,臺北市,1,張家豪,台灣動物保護黨,5,
2022年直轄市長選舉,2022,臺北市,中山區,力行里,臺北市,2,王文娟,無黨籍及未經政黨推薦,0,
2022年直轄市長選舉,2022,臺北市,中山區,力行里,臺北市,3,鄭匡宇,無黨籍及未經政黨推薦,0,
2022年直轄市長選舉,2022,臺北市,中山區,力行里,臺北市,4,黃聖峰,台澎黨,0,
2022年直轄市長選舉,2022,臺北市,中山區,力行里,臺北市,5,童文薰,無黨籍及未經政黨推薦,16,
2022年直轄市長選舉,2022,臺北市,中山區,力行里,臺北市,6,蔣萬安,中國國民黨,1315,*
2022年直轄市長選舉,2022,臺北市,中山區,力行里,臺北市,7,蘇煥智,台灣維新,4,
2022年直轄市長選舉,2022,臺北市,中山區,力行里,臺北市,8,黃珊珊,無黨籍及未經政黨推薦,746,
2022年直轄市長選舉,2022,臺北市,中山區,力行里,臺北市,9,施奉先,無黨籍及未經政黨推薦,0,
2022年直轄市長選舉,2022,臺北市,中山區,力行里,臺北市,10,唐新民,共和黨,1,
2022年直轄市長選舉,2022,臺北市,中山區,力行里,臺北市,11,謝立康,無黨籍及未經政黨推薦,0,
2022年直轄市長選舉,2022,臺北市,中山區,力行里,臺北市,12,陳時中,民主進步黨,1243,
2022年直轄市長選舉,2022,臺北市,中山區,復華里,臺北市,1,張家豪,台灣動物保護黨,4,
2022年直轄市長選舉,2022,臺北市,中山區,復華里,臺北市,2,王文娟,無黨籍及未經政黨推薦,1,
2022年直轄市長選舉,2022,臺北市,中山區,復華里,臺北市,3,鄭匡宇,無黨籍及未經政黨推薦,1,
2022年直轄市長選舉,2022,臺北市,中山區,復華里,臺北市,4,黃聖峰,台澎黨,0,
2022年直轄市長選舉,2022,臺北市,中山區,復華里,臺北市,5,童文薰,無黨籍及未經政黨推薦,1,
2022年直轄市長選舉,2022,臺北市,中山區,復華里,臺北市,6,蔣萬安,中國國民黨,1175,*
2022年直轄市長選舉,2022,臺北市,中山區,復華里,臺北市,7,蘇煥智,台灣維新,8,
2022年直轄市長選舉,2022,臺北市,中山區,復華里,臺北市,8,黃珊珊,無黨籍及未經政黨推薦,582,
2022年直轄市長選舉,2022,臺北市,中山區,復華里,臺北市,9,施奉先,無黨籍及未經政黨推薦,2,
2022年直轄市長選舉,2022,臺北市,中山區,復華里,臺北市,10,唐新民,共和黨,0,
2022年直轄市長選舉,2022,臺北市,中山區,復華里,臺北市,11,謝立康,無黨籍及未經政黨推薦,1,
2022年直轄市長選舉,2022,臺北市,中山區,復華里,臺北市,12,陳時中,民主進步黨,712,
2022年直轄市長選舉,2022,臺北市,中山區,金泰里,臺北市,1,張家豪,台灣動物保護黨,3,
2022年直轄市長選舉,2022,臺北市,中山區,金泰里,臺北市,2,王文娟,無黨籍及未經政黨推薦,0,
2022年直轄市長選舉,2022,臺北市,中山區,金泰里,臺北市,3,鄭匡宇,無黨籍及未經政黨推薦,0,
2022年直轄市長選舉,2022,臺北市,中山區,金泰里,臺北市,4,黃聖峰,台澎黨,1,
2022年直轄市長選舉,2022,臺北市,中山區,金泰里,臺北市,5,童文薰,無黨籍及未經政黨推薦,4,
2022年直轄市長選舉,2022,臺北市,中山區,金泰里,臺北市,6,蔣萬安,中國國民黨,1814,*
2022年直轄市長選舉,2022,臺北市,中山區,金泰里,臺北市,7,蘇煥智,台灣維新,4,
2022年直轄市長選舉,2022,臺北市,中山區,金泰里,臺北市,8,黃珊珊,無黨籍及未經政黨推薦,1039,
2022年直轄市長選舉,2022,臺北市,中山區,金泰里,臺北市,9,施奉先,無黨籍及未經政黨推薦,1,
2022年直轄市長選舉,2022,臺北市,中山區,金泰里,臺北市,10,唐新民,共和黨,1,
2022年直轄市長選舉,2022,臺北市,中山區,金泰里,臺北市,11,謝立康,無黨籍及未經政黨推薦,1,
2022年直轄市長選舉,2022,臺北市,中山區,金泰里,臺北市,12,陳時中,民主進步黨,1138,
2022年直轄市長選舉,2022,臺北市,中山區,北安里,臺北市,1,張家豪,台灣動物保護黨,2,
2022年直轄市長選舉,2022,臺北市,中山區,北安里,臺北市,2,王文娟,無黨籍及未經政黨推薦,0,
2022年直轄市長選舉,2022,臺北市,中山區,北安里,臺北市,3,鄭匡宇,無黨籍及未經政黨推薦,0,
2022年直轄市長選舉,2022,臺北市,中山區,北安里,臺北市,4,黃聖峰,台澎黨,0,
2022年直轄市長選舉,2022,臺北市,中山區,北安里,臺北市,5,童文薰,無黨籍及未經政黨推薦,1,
2022年直轄市長選舉,2022,臺北市,中山區,北安里,臺北市,6,蔣萬安,中國國民黨,728,*
2022年直轄市長選舉,2022,臺北市,中山區,北安里,臺北市,7,蘇煥智,台灣維新,1,
2022年直轄市長選舉,2022,臺北市,中山區,北安里,臺北市,8,黃珊珊,無黨籍及未經政黨推薦,303,
2022年直轄市長選舉,2022,臺北市,中山區,北安里,臺北市,9,施奉先,無黨籍及未經政黨推薦,0,
2022年直轄市長選舉,2022,臺北市,中山區,北安里,臺北市,10,唐新民,共和黨,0,
2022年直轄市長選舉,2022,臺北市,中山區,北安里,臺北市,11,謝立康,無黨籍及未經政黨推薦,0,
2022年直轄市長選舉,2022,臺北市,中山區,北安里,臺北市,12,陳時中,民主進步黨,390,
2022年直轄市長選舉,2022,臺北市,中正區,水源里,臺北市,1,張家豪,台灣動物保護黨,3,
2022年直轄市長選舉,2022,臺北市,中正區,水源里,臺北市,2,王文娟,無黨籍及未經政黨推薦,0,
2022年直轄市長選舉,2022,臺北市,中正區,水源里,臺北市,3,鄭匡宇,無黨籍及未經政黨推薦,0,
2022年直轄市長選舉,2022,臺北市,中正區,水源里,臺北市,4,黃聖峰,台澎黨,0,
2022年直轄市長選舉,2022,臺北市,中正區,水源里,臺北市,5,童文薰,無黨籍及未經政黨推薦,5,
2022年直轄市長選舉,2022,臺北市,中正區,水源里,臺北市,6,蔣萬安,中國國民黨,646,*
2022年直轄市長選舉,2022,臺北市,中正區,水源里,臺北市,7,蘇煥智,台灣維新,1,
2022年直轄市長選舉,2022,臺北市,中正區,水源里,臺北市,8,黃珊珊,無黨籍及未經政黨推薦,378,
2022年直轄市長選舉,2022,臺北市,中正區,水源里,臺北市,9,施奉先,無黨籍及未經政黨推薦,0,
2022年直轄市長選舉,2022,臺北市,中正區,水源里,臺北市,10,唐新民,共和黨,0,
2022年直轄市長選舉,2022,臺北市,中正區,水源里,臺北市,11,謝立康,無黨籍及未經政黨推薦,0,
2022年直轄市長選舉,2022,臺北市,中正區,水源里,臺北市,12,陳時中,民主進步黨,527,
2022年直轄市長選舉,2022,臺北市,中正區,富水里,臺北市,1,張家豪,台灣動物保護黨,1,
2022年直轄市長選舉,2022,臺北市,中正區,富水里,臺北市,2,王文娟,無黨籍及未經政黨推薦,0,
2022年直轄市長選舉,2022,臺北市,中正區,富水里,臺北市,3,鄭匡宇,無黨籍及未經政黨推薦,0,
2022年直轄市長選舉,2022,臺北市,中正區,富水里,臺北市,4,黃聖峰,台澎黨,0,
2022年直轄市長選舉,2022,臺北市,中正區,富水里,臺北市,5,童文薰,無黨籍及未經政黨推薦,1,
2022年直轄市長選舉,2022,臺北市,中正區,富水里,臺北市,6,蔣萬安,中國國民黨,591,*
2022年直轄市長選舉,2022,臺北市,中正區,富水里,臺北市,7,蘇煥智,台灣維新,0,
2022年直轄市長選舉,2022,臺北市,中正區,富水里,臺北市,8,黃珊珊,無黨籍及未經政黨推薦,360,
2022年直轄市長選舉,2022,臺北市,中正區,富水里,臺北市,9,施奉先,無黨籍及未經政黨推薦,0,
2022年直轄市長選舉,2022,臺北市,中正區,富水里,臺北市,10,唐新民,共和黨,0,
2022年直轄市長選舉,2022,臺北市,中正區,富水里,臺北市,11,謝立康,無黨籍及未經政黨推薦,0,
2022年直轄市長選舉,2022,臺北市,中正區,富水里,臺北市,12,陳時中,民主進步黨,238,
2022年直轄市長選舉,2022,臺北市,中正區,文盛里,臺北市,1,張家豪,台灣動物保護黨,8,
2022年直轄市長選舉,2022,臺北市,中正區,文盛里,臺北市,2,王文娟,無黨籍及未經政黨推薦,0,
2022年直轄市長選舉,2022,臺北市,中正區,文盛里,臺北市,3,鄭匡宇,無黨籍及未經政黨推薦,0,
2022年直轄市長選舉,2022,臺北市,中正區,文盛里,臺北市,4,黃聖峰,台澎黨,1,
2022年直轄市長選舉,2022,臺北市,中正區,文盛里,臺北市,5,童文薰,無黨籍及未經政黨推薦,2,
2022年直轄市長選舉,2022,臺北市,中正區,文盛里,臺北市,6,蔣萬安,中國國民黨,626,*
2022年直轄市長選舉,2022,臺北市,中正區,文盛里,臺北市,7,蘇煥智,台灣維新,5,
2022年直轄市長選舉,2022,臺北市,中正區,文盛里,臺北市,8,黃珊珊,無黨籍及未經政黨推薦,343,
2022年直轄市長選舉,2022,臺北市,中正區,文盛里,臺北市,9,施奉先,無黨籍及未經政黨推薦,1,
2022年直轄市長選舉,2022,臺北市,中正區,文盛里,臺北市,10,唐新民,共和黨,0,
2022年直轄市長選舉,2022,臺北市,中正區,文盛里,臺北市,11,謝立康,無黨籍及未經政黨推薦,0,
2022年直轄市長選舉,2022,臺北市,中正區,文盛里,臺北市,12,陳時中,民主進步黨,487,
2022年直轄市長選舉,2022,臺北市,中正區,林興里,臺北市,1,張家豪,台灣動物保護黨,5,
2022年直轄市長選舉,2022,臺北市,中正區,林興里,臺北市,2,王文娟,無黨籍及未經政黨推薦,1,
2022年直轄市長選舉,2022,臺北市,中正區,林興里,臺北市,3,鄭匡宇,無黨籍及未經政黨推薦,1,
2022年直轄市長選舉,2022,臺北市,中正區,林興里,臺北市,4,黃聖峰,台澎黨,0,
2022年直轄市長選舉,2022,臺北市,中正區,林興里,臺北市,5,童文薰,無黨籍及未經政黨推薦,8,
2022年直轄市長選舉,2022,臺北市,中正區,林興里,臺北市,6,蔣萬安,中國國民黨,1148,*
2022年直轄市長選舉,2022,臺北市,中正區,林興里,臺北市,7,蘇煥智,台灣維新,2,
2022年直轄市長選舉,2022,臺北市,中正區,林興里,臺北市,8,黃珊珊,無黨籍及未經政黨推薦,710,
2022年直轄市長選舉,2022,臺北市,中正區,林興里,臺北市,9,施奉先,無黨籍及未經政黨推薦,0,
2022年直轄市長選舉,2022,臺北市,中正區,林興里,臺北市,10,唐新民,共和黨,0,
2022年直轄市長選舉,2022,臺北市,中正區,林興里,臺北市,11,謝立康,無黨籍及未經政黨推薦,1,
2022年直轄市長選舉,2022,臺北市,中正區,林興里,臺北市,12,陳時中,民主進步黨,642,
2022年直轄市長選舉,2022,臺北市,中正區,河堤里,臺北市,1,張家豪,台灣動物保護黨,12,
2022年直轄市長選舉,2022,臺北市,中正區,河堤里,臺北市,2,王文娟,無黨籍及未經政黨推薦,0,
2022年直轄市長選舉,2022,臺北市,中正區,河堤里,臺北市,3,鄭匡宇,無黨籍及未經政黨推薦,1,
2022年直轄市長選舉,2022,臺北市,中正區,河堤里,臺北市,4,黃聖峰,台澎黨,2,
2022年直轄市長選舉,2022,臺北市,中正區,河堤里,臺北市,5,童文薰,無黨籍及未經政黨推薦,4,
2022年直轄市長選舉,2022,臺北市,中正區,河堤里,臺北市,6,蔣萬安,中國國民黨,1132,*
2022年直轄市長選舉,2022,臺北市,中正區,河堤里,臺北市,7,蘇煥智,台灣維新,7,
2022年直轄市長選舉,2022,臺北市,中正區,河堤里,臺北市,8,黃珊珊,無黨籍及未經政黨推薦,551,
2022年直轄市長選舉,2022,臺北市,中正區,河堤里,臺北市,9,施奉先,無黨籍及未經政黨推薦,1,
2022年直轄市長選舉,2022,臺北市,中正區,河堤里,臺北市,10,唐新民,共和黨,0,
2022年直轄市長選舉,2022,臺北市,中正區,河堤里,臺北市,11,謝立康,無黨籍及未經政黨推薦,0,
2022年直轄市長選舉,2022,臺北市,中正區,河堤里,臺北市,12,陳時中,民主進步黨,724,
2022年直轄市長選舉,2022,臺北市,中正區,頂東里,臺北市,1,張家豪,台灣動物保護黨,6,
2022年直轄市長選舉,2022,臺北市,中正區,頂東里,臺北市,2,王文娟,無黨籍及未經政黨推薦,2,
2022年直轄市長選舉,2022,臺北市,中正區,頂東里,臺北市,3,鄭匡宇,無黨籍及未經政黨推薦,3,
2022年直轄市長選舉,2022,臺北市,中正區,頂東里,臺北市,4,黃聖峰,台澎黨,0,
2022年直轄市長選舉,2022,臺北市,中正區,頂東里,臺北市,5,童文薰,無黨籍及未經政黨推薦,12,
2022年直轄市長選舉,2022,臺北市,中正區,頂東里,臺北市,6,蔣萬安,中國國民黨,1444,*
2022年直轄市長選舉,2022,臺北市,中正區,頂東里,臺北市,7,蘇煥智,台灣維新,4,
2022年直轄市長選舉,2022,臺北市,中正區,頂東里,臺北市,8,黃珊珊,無黨籍及未經政黨推薦,788,
2022年直轄市長選舉,2022,臺北市,中正區,頂東里,臺北市,9,施奉先,無黨籍及未經政黨推薦,0,
2022年直轄市長選舉,2022,臺北市,中正區,頂東里,臺北市,10,唐新民,共和黨,0,
2022年直轄市長選舉,2022,臺北市,中正區,頂東里,臺北市,11,謝立康,無黨籍及未經政黨推薦,0,
2022年直轄市長選舉,2022,臺北市,中正區,頂東里,臺北市,12,陳時中,民主進步黨,1049,
2022年直轄市長選舉,2022,臺北市,中正區,網溪里,臺北市,1,張家豪,台灣動物保護黨,13,
2022年直轄市長選舉,2022,臺北市,中正區,網溪里,臺北市,2,王文娟,無黨籍及未經政黨推薦,3,
2022年直轄市長選舉,2022,臺北市,中正區,網溪里,臺北市,3,鄭匡宇,無黨籍及未經政黨推薦,2,
2022年直轄市長選舉,2022,臺北市,中正區,網溪里,臺北市,4,黃聖峰,台澎黨,0,
2022年直轄市長選舉,2022,臺北市,中正區,網溪里,臺北市,5,童文薰,無黨籍及未經政黨推薦,7,
2022年直轄市長選舉,2022,臺北市,中正區,網溪里,臺北市,6,蔣萬安,中國國民黨,1364,*
2022年直轄市長選舉,2022,臺北市,中正區,網溪里,臺北市,7,蘇煥智,台灣維新,1,
2022年直轄市長選舉,2022,臺北市,中正區,網溪里,臺北市,8,黃珊珊,無黨籍及未經政黨推薦,800,
2022年直轄市長選舉,2022,臺北市,中正區,網溪里,臺北市,9,施奉先,無黨籍及未經政黨推薦,0,
2022年直轄市長選舉,2022,臺北市,中正區,網溪里,臺北市,10,唐新民,共和黨,0,
2022年直轄市長選舉,2022,臺北市,中正區,網溪里,臺北市,11,謝立康,無黨籍及未經政黨推薦,0,
2022年直轄市長選舉,2022,臺北市,中正區,網溪里,臺北市,12,陳時中,民主進步黨,962,
2022年直轄市長選舉,2022,臺北市,中正區,板溪里,臺北市,1,張家豪,台灣動物保護黨,4,
2022年直轄市長選舉,2022,臺北市,中正區,板溪里,臺北市,2,王文娟,無黨籍及未經政黨推薦,0,
2022年直轄市長選舉,2022,臺北市,中正區,板溪里,臺北市,3,鄭匡宇,無黨籍及未經政黨推薦,1,
2022年直轄市長選舉,2022,臺北市,中正區,板溪里,臺北市,4,黃聖峰,台澎黨,1,
2022年直轄市長選舉,2022,臺北市,中正區,板溪里,臺北市,5,童文薰,無黨籍及未經政黨推薦,2,
2022年直轄市長選舉,2022,臺北市,中正區,板溪里,臺北市,6,蔣萬安,中國國民黨,851,*
2022年直轄市長選舉,2022,臺北市,中正區,板溪里,臺北市,7,蘇煥智,台灣維新,3,
2022年直轄市長選舉,2022,臺北市,中正區,板溪里,臺北市,8,黃珊珊,無黨籍及未經政黨推薦,471,
2022年直轄市長選舉,2022,臺北市,中正區,板溪里,臺北市,9,施奉先,無黨籍及未經政黨推薦,0,
2022年直轄市長選舉,2022,臺北市,中正區,板溪里,臺北市,10,唐新民,共和黨,0,
2022年直轄市長選舉,2022,臺北市,中正區,板溪里,臺北市,11,謝立康,無黨籍及未經政黨推薦,0,
2022年直轄市長選舉,2022,臺北市,中正區,板溪里,臺北市,12,陳時中,民主進步黨,535,
2022年直轄市長選舉,2022,臺北市,中正區,螢圃里,臺北市,1,張家豪,台灣動物保護黨,5,
2022年直轄市長選舉,2022,臺北市,中正區,螢圃里,臺北市,2,王文娟,無黨籍及未經政黨推薦,1,
2022年直轄市長選舉,2022,臺北市,中正區,螢圃里,臺北市,3,鄭匡宇,無黨籍及未經政黨推薦,1,
2022年直轄市長選舉,2022,臺北市,中正區,螢圃里,臺北市,4,黃聖峰,台澎黨,0,
2022年直轄市長選舉,2022,臺北市,中正區,螢圃里,臺北市,5,童文薰,無黨籍及未經政黨推薦,6,
2022年直轄市長選舉,2022,臺北市,中正區,螢圃里,臺北市,6,蔣萬安,中國國民黨,1368,*
2022年直轄市長選舉,2022,臺北市,中正區,螢圃里,臺北市,7,蘇煥智,台灣維新,3,
2022年直轄市長選舉,2022,臺北市,中正區,螢圃里,臺北市,8,黃珊珊,無黨籍及未經政黨推薦,752,
2022年直轄市長選舉,2022,臺北市,中正區,螢圃里,臺北市,9,施奉先,無黨籍及未經政黨推薦,0,
2022年直轄市長選舉,2022,臺北市,中正區,螢圃里,臺北市,10,唐新民,共和黨,2,
2022年直轄市長選舉,2022,臺北市,中正區,螢圃里,臺北市,11,謝立康,無黨籍及未經政黨推薦,0,
2022年直轄市長選舉,2022,臺北市,中正區,螢圃里,臺北市,12,陳時中,民主進步黨,924,
2022年直轄市長選舉,2022,臺北市,中正區,螢雪里,臺北市,1,張家豪,台灣動物保護黨,3,
2022年直轄市長選舉,2022,臺北市,中正區,螢雪里,臺北市,2,王文娟,無黨籍及未經政黨推薦,4,
2022年直轄市長選舉,2022,臺北市,中正區,螢雪里,臺北市,3,鄭匡宇,無黨籍及未經政黨推薦,2,
2022年直轄市長選舉,2022,臺北市,中正區,螢雪里,臺北市,4,黃聖峰,台澎黨,0,
2022年直轄市長選舉,2022,臺北市,中正區,螢雪里,臺北市,5,童文薰,無黨籍及未經政黨推薦,6,
2022年直轄市長選舉,2022,臺北市,中正區,螢雪里,臺北市,6,蔣萬安,中國國民黨,1082,*
2022年直轄市長選舉,2022,臺北市,中正區,螢雪里,臺北市,7,蘇煥智,台灣維新,5,
2022年直轄市長選舉,2022,臺北市,中正區,螢雪里,臺北市,8,黃珊珊,無黨籍及未經政黨推薦,562,
2022年直轄市長選舉,2022,臺北市,中正區,螢雪里,臺北市,9,施奉先,無黨籍及未經政黨推薦,1,
2022年直轄市長選舉,2022,臺北市,中正區,螢雪里,臺北市,10,唐新民,共和黨,0,
2022年直轄市長選舉,2022,臺北市,中正區,螢雪里,臺北市,11,謝立康,無黨籍及未經政黨推薦,0,
2022年直轄市長選舉,2022,臺北市,中正區,螢雪里,臺北市,12,陳時中,民主進步黨,682,
2022年直轄市長選舉,2022,臺北市,中正區,永功里,臺北市,1,張家豪,台灣動物保護黨,7,
2022年直轄市長選舉,2022,臺北市,中正區,永功里,臺北市,2,王文娟,無黨籍及未經政黨推薦,0,
2022年直轄市長選舉,2022,臺北市,中正區,永功里,臺北市,3,鄭匡宇,無黨籍及未經政黨推薦,1,
2022年直轄市長選舉,2022,臺北市,中正區,永功里,臺北市,4,黃聖峰,台澎黨,2,
2022年直轄市長選舉,2022,臺北市,中正區,永功里,臺北市,5,童文薰,無黨籍及未經政黨推薦,7,
2022年直轄市長選舉,2022,臺北市,中正區,永功里,臺北市,6,蔣萬安,中國國民黨,1312,*
2022年直轄市長選舉,2022,臺北市,中正區,永功里,臺北市,7,蘇煥智,台灣維新,4,
2022年直轄市長選舉,2022,臺北市,中正區,永功里,臺北市,8,黃珊珊,無黨籍及未經政黨推薦,798,
2022年直轄市長選舉,2022,臺北市,中正區,永功里,臺北市,9,施奉先,無黨籍及未經政黨推薦,0,
2022年直轄市長選舉,2022,臺北市,中正區,永功里,臺北市,10,唐新民,共和黨,1,
2022年直轄市長選舉,2022,臺北市,中正區,永功里,臺北市,11,謝立康,無黨籍及未經政黨推薦,1,
2022年直轄市長選舉,2022,臺北市,中正區,永功里,臺北市,12,陳時中,民主進步黨,1078,
2022年直轄市長選舉,2022,臺北市,中正區,永昌里,臺北市,1,張家豪,台灣動物保護黨,3,
2022年直轄市長選舉,2022,臺北市,中正區,永昌里,臺北市,2,王文娟,無黨籍及未經政黨推薦,1,
2022年直轄市長選舉,2022,臺北市,中正區,永昌里,臺北市,3,鄭匡宇,無黨籍及未經政黨推薦,1,
2022年直轄市長選舉,2022,臺北市,中正區,永昌里,臺北市,4,黃聖峰,台澎黨,1,
2022年直轄市長選舉,2022,臺北市,中正區,永昌里,臺北市,5,童文薰,無黨籍及未經政黨推薦,6,
2022年直轄市長選舉,2022,臺北市,中正區,永昌里,臺北市,6,蔣萬安,中國國民黨,1152,*
2022年直轄市長選舉,2022,臺北市,中正區,永昌里,臺北市,7,蘇煥智,台灣維新,3,
2022年直轄市長選舉,2022,臺北市,中正區,永昌里,臺北市,8,黃珊珊,無黨籍及未經政黨推薦,604,
2022年直轄市長選舉,2022,臺北市,中正區,永昌里,臺北市,9,施奉先,無黨籍及未經政黨推薦,0,
2022年直轄市長選舉,2022,臺北市,中正區,永昌里,臺北市,10,唐新民,共和黨,0,
2022年直轄市長選舉,2022,臺北市,中正區,永昌里,臺北市,11,謝立康,無黨籍及未經政黨推薦,0,
2022年直轄市長選舉,2022,臺北市,中正區,永昌里,臺北市,12,陳時中,民主進步黨,860,
2022年直轄市長選舉,2022,臺北市,中正區,龍興里,臺北市,1,張家豪,台灣動物保護黨,6,
2022年直轄市長選舉,2022,臺北市,中正區,龍興里,臺北市,2,王文娟,無黨籍及未經政黨推薦,1,
2022年直轄市長選舉,2022,臺北市,中正區,龍興里,臺北市,3,鄭匡宇,無黨籍及未經政黨推薦,1,
2022年直轄市長選舉,2022,臺北市,中正區,龍興里,臺北市,4,黃聖峰,台澎黨,1,
2022年直轄市長選舉,2022,臺北市,中正區,龍興里,臺北市,5,童文薰,無黨籍及未經政黨推薦,0,
2022年直轄市長選舉,2022,臺北市,中正區,龍興里,臺北市,6,蔣萬安,中國國民黨,714,*
2022年直轄市長選舉,2022,臺北市,中正區,龍興里,臺北市,7,蘇煥智,台灣維新,4,
2022年直轄市長選舉,2022,臺北市,中正區,龍興里,臺北市,8,黃珊珊,無黨籍及未經政黨推薦,546,
2022年直轄市長選舉,2022,臺北市,中正區,龍興里,臺北市,9,施奉先,無黨籍及未經政黨推薦,1,
2022年直轄市長選舉,2022,臺北市,中正區,龍興里,臺北市,10,唐新民,共和黨,2,
2022年直轄市長選舉,2022,臺北市,中正區,龍興里,臺北市,11,謝立康,無黨籍及未經政黨推薦,0,
2022年直轄市長選舉,2022,臺北市,中正區,龍興里,臺北市,12,陳時中,民主進步黨,576,
2022年直轄市長選舉,2022,臺北市,中正區,忠勤里,臺北市,1,張家豪,台灣動物保護黨,14,
2022年直轄市長選舉,2022,臺北市,中正區,忠勤里,臺北市,2,王文娟,無黨籍及未經政黨推薦,2,
2022年直轄市長選舉,2022,臺北市,中正區,忠勤里,臺北市,3,鄭匡宇,無黨籍及未經政黨推薦,3,
2022年直轄市長選舉,2022,臺北市,中正區,忠勤里,臺北市,4,黃聖峰,台澎黨,0,
2022年直轄市長選舉,2022,臺北市,中正區,忠勤里,臺北市,5,童文薰,無黨籍及未經政黨推薦,7,
2022年直轄市長選舉,2022,臺北市,中正區,忠勤里,臺北市,6,蔣萬安,中國國民黨,1525,*
2022年直轄市長選舉,2022,臺北市,中正區,忠勤里,臺北市,7,蘇煥智,台灣維新,8,
2022年直轄市長選舉,2022,臺北市,中正區,忠勤里,臺北市,8,黃珊珊,無黨籍及未經政黨推薦,795,
2022年直轄市長選舉,2022,臺北市,中正區,忠勤里,臺北市,9,施奉先,無黨籍及未經政黨推薦,1,
2022年直轄市長選舉,2022,臺北市,中正區,忠勤里,臺北市,10,唐新民,共和黨,1,
2022年直轄市長選舉,2022,臺北市,中正區,忠勤里,臺北市,11,謝立康,無黨籍及未經政黨推薦,2,
2022年直轄市長選舉,2022,臺北市,中正區,忠勤里,臺北市,12,陳時中,民主進步黨,906,
2022年直轄市長選舉,2022,臺北市,中正區,廈安里,臺北市,1,張家豪,台灣動物保護黨,7,
2022年直轄市長選舉,2022,臺北市,中正區,廈安里,臺北市,2,王文娟,無黨籍及未經政黨推薦,1,
2022年直轄市長選舉,2022,臺北市,中正區,廈安里,臺北市,3,鄭匡宇,無黨籍及未經政黨推薦,0,
2022年直轄市長選舉,2022,臺北市,中正區,廈安里,臺北市,4,黃聖峰,台澎黨,0,
2022年直轄市長選舉,2022,臺北市,中正區,廈安里,臺北市,5,童文薰,無黨籍及未經政黨推薦,2,
2022年直轄市長選舉,2022,臺北市,中正區,廈安里,臺北市,6,蔣萬安,中國國民黨,841,*
2022年直轄市長選舉,2022,臺北市,中正區,廈安里,臺北市,7,蘇煥智,台灣維新,4,
2022年直轄市長選舉,2022,臺北市,中正區,廈安里,臺北市,8,黃珊珊,無黨籍及未經政黨推薦,622,
2022年直轄市長選舉,2022,臺北市,中正區,廈安里,臺北市,9,施奉先,無黨籍及未經政黨推薦,1,
2022年直轄市長選舉,2022,臺北市,中正區,廈安里,臺北市,10,唐新民,共和黨,0,
2022年直轄市長選舉,2022,臺北市,中正區,廈安里,臺北市,11,謝立康,無黨籍及未經政黨推薦,1,
2022年直轄市長選舉,2022,臺北市,中正區,廈安里,臺北市,12,陳時中,民主進步黨,710,
2022年直轄市長選舉,2022,臺北市,中正區,愛國里,臺北市,1,張家豪,台灣動物保護黨,2,
2022年直轄市長選舉,2022,臺北市,中正區,愛國里,臺北市,2,王文娟,無黨籍及未經政黨推薦,0,
2022年直轄市長選舉,2022,臺北市,中正區,愛國里,臺北市,3,鄭匡宇,無黨籍及未經政黨推薦,0,
2022年直轄市長選舉,2022,臺北市,中正區,愛國里,臺北市,4,黃聖峰,台澎黨,1,
2022年直轄市長選舉,2022,臺北市,中正區,愛國里,臺北市,5,童文薰,無黨籍及未經政黨推薦,3,
2022年直轄市長選舉,2022,臺北市,中正區,愛國里,臺北市,6,蔣萬安,中國國民黨,697,*
2022年直轄市長選舉,2022,臺北市,中正區,愛國里,臺北市,7,蘇煥智,台灣維新,4,
2022年直轄市長選舉,2022,臺北市,中正區,愛國里,臺北市,8,黃珊珊,無黨籍及未經政黨推薦,431,
2022年直轄市長選舉,2022,臺北市,中正區,愛國里,臺北市,9,施奉先,無黨籍及未經政黨推薦,1,
2022年直轄市長選舉,2022,臺北市,中正區,愛國里,臺北市,10,唐新民,共和黨,0,
2022年直轄市長選舉,2022,臺北市,中正區,愛國里,臺北市,11,謝立康,無黨籍及未經政黨推薦,0,
2022年直轄市長選舉,2022,臺北市,中正區,愛國里,臺北市,12,陳時中,民主進步黨,516,
2022年直轄市長選舉,2022,臺北市,中正區,南門里,臺北市,1,張家豪,台灣動物保護黨,0,
2022年直轄市長選舉,2022,臺北市,中正區,南門里,臺北市,2,王文娟,無黨籍及未經政黨推薦,0,
2022年直轄市長選舉,2022,臺北市,中正區,南門里,臺北市,3,鄭匡宇,無黨籍及未經政黨推薦,0,
2022年直轄市長選舉,2022,臺北市,中正區,南門里,臺北市,4,黃聖峰,台澎黨,0,
2022年直轄市長選舉,2022,臺北市,中正區,南門里,臺北市,5,童文薰,無黨籍及未經政黨推薦,4,
2022年直轄市長選舉,2022,臺北市,中正區,南門里,臺北市,6,蔣萬安,中國國民黨,638,*
2022年直轄市長選舉,2022,臺北市,中正區,南門里,臺北市,7,蘇煥智,台灣維新,3,
2022年直轄市長選舉,2022,臺北市,中正區,南門里,臺北市,8,黃珊珊,無黨籍及未經政黨推薦,366,
2022年直轄市長選舉,2022,臺北市,中正區,南門里,臺北市,9,施奉先,無黨籍及未經政黨推薦,0,
2022年直轄市長選舉,2022,臺北市,中正區,南門里,臺北市,10,唐新民,共和黨,0,
2022年直轄市長選舉,2022,臺北市,中正區,南門里,臺北市,11,謝立康,無黨籍及未經政黨推薦,0,
2022年直轄市長選舉,2022,臺北市,中正區,南門里,臺北市,12,陳時中,民主進步黨,370,
2022年直轄市長選舉,2022,臺北市,中正區,龍光里,臺北市,1,張家豪,台灣動物保護黨,3,
2022年直轄市長選舉,2022,臺北市,中正區,龍光里,臺北市,2,王文娟,無黨籍及未經政黨推薦,0,
2022年直轄市長選舉,2022,臺北市,中正區,龍光里,臺北市,3,鄭匡宇,無黨籍及未經政黨推薦,0,
2022年直轄市長選舉,2022,臺北市,中正區,龍光里,臺北市,4,黃聖峰,台澎黨,0,
2022年直轄市長選舉,2022,臺北市,中正區,龍光里,臺北市,5,童文薰,無黨籍及未經政黨推薦,4,
2022年直轄市長選舉,2022,臺北市,中正區,龍光里,臺北市,6,蔣萬安,中國國民黨,727,*
2022年直轄市長選舉,2022,臺北市,中正區,龍光里,臺北市,7,蘇煥智,台灣維新,9,
2022年直轄市長選舉,2022,臺北市,中正區,龍光里,臺北市,8,黃珊珊,無黨籍及未經政黨推薦,454,
2022年直轄市長選舉,2022,臺北市,中正區,龍光里,臺北市,9,施奉先,無黨籍及未經政黨推薦,0,
2022年直轄市長選舉,2022,臺北市,中正區,龍光里,臺北市,10,唐新民,共和黨,0,
2022年直轄市長選舉,2022,臺北市,中正區,龍光里,臺北市,11,謝立康,無黨籍及未經政黨推薦,1,
2022年直轄市長選舉,2022,臺北市,中正區,龍光里,臺北市,12,陳時中,民主進步黨,499,
2022年直轄市長選舉,2022,臺北市,中正區,南福里,臺北市,1,張家豪,台灣動物保護黨,8,
2022年直轄市長選舉,2022,臺北市,中正區,南福里,臺北市,2,王文娟,無黨籍及未經政黨推薦,1,
2022年直轄市長選舉,2022,臺北市,中正區,南福里,臺北市,3,鄭匡宇,無黨籍及未經政黨推薦,0,
2022年直轄市長選舉,2022,臺北市,中正區,南福里,臺北市,4,黃聖峰,台澎黨,0,
2022年直轄市長選舉,2022,臺北市,中正區,南福里,臺北市,5,童文薰,無黨籍及未經政黨推薦,7,
2022年直轄市長選舉,2022,臺北市,中正區,南福里,臺北市,6,蔣萬安,中國國民黨,2478,*
2022年直轄市長選舉,2022,臺北市,中正區,南福里,臺北市,7,蘇煥智,台灣維新,7,
2022年直轄市長選舉,2022,臺北市,中正區,南福里,臺北市,8,黃珊珊,無黨籍及未經政黨推薦,1615,
2022年直轄市長選舉,2022,臺北市,中正區,南福里,臺北市,9,施奉先,無黨籍及未經政黨推薦,0,
2022年直轄市長選舉,2022,臺北市,中正區,南福里,臺北市,10,唐新民,共和黨,0,
2022年直轄市長選舉,2022,臺北市,中正區,南福里,臺北市,11,謝立康,無黨籍及未經政黨推薦,1,
2022年直轄市長選舉,2022,臺北市,中正區,南福里,臺北市,12,陳時中,民主進步黨,1646,
2022年直轄市長選舉,2022,臺北市,中正區,龍福里,臺北市,1,張家豪,台灣動物保護黨,4,
2022年直轄市長選舉,2022,臺北市,中正區,龍福里,臺北市,2,王文娟,無黨籍及未經政黨推薦,0,
2022年直轄市長選舉,2022,臺北市,中正區,龍福里,臺北市,3,鄭匡宇,無黨籍及未經政黨推薦,1,
2022年直轄市長選舉,2022,臺北市,中正區,龍福里,臺北市,4,黃聖峰,台澎黨,0,
2022年直轄市長選舉,2022,臺北市,中正區,龍福里,臺北市,5,童文薰,無黨籍及未經政黨推薦,0,
2022年直轄市長選舉,2022,臺北市,中正區,龍福里,臺北市,6,蔣萬安,中國國民黨,1061,*
2022年直轄市長選舉,2022,臺北市,中正區,龍福里,臺北市,7,蘇煥智,台灣維新,3,
2022年直轄市長選舉,2022,臺北市,中正區,龍福里,臺北市,8,黃珊珊,無黨籍及未經政黨推薦,656,
2022年直轄市長選舉,2022,臺北市,中正區,龍福里,臺北市,9,施奉先,無黨籍及未經政黨推薦,0,
2022年直轄市長選舉,2022,臺北市,中正區,龍福里,臺北市,10,唐新民,共和黨,0,
2022年直轄市長選舉,2022,臺北市,中正區,龍福里,臺北市,11,謝立康,無黨籍及未經政黨推薦,1,
2022年直轄市長選舉,2022,臺北市,中正區,龍福里,臺北市,12,陳時中,民主進步黨,819,
2022年直轄市長選舉,2022,臺北市,中正區,新營里,臺北市,1,張家豪,台灣動物保護黨,5,
2022年直轄市長選舉,2022,臺北市,中正區,新營里,臺北市,2,王文娟,無黨籍及未經政黨推薦,2,
2022年直轄市長選舉,2022,臺北市,中正區,新營里,臺北市,3,鄭匡宇,無黨籍及未經政黨推薦,2,
2022年直轄市長選舉,2022,臺北市,中正區,新營里,臺北市,4,黃聖峰,台澎黨,0,
2022年直轄市長選舉,2022,臺北市,中正區,新營里,臺北市,5,童文薰,無黨籍及未經政黨推薦,8,
2022年直轄市長選舉,2022,臺北市,中正區,新營里,臺北市,6,蔣萬安,中國國民黨,1888,*
2022年直轄市長選舉,2022,臺北市,中正區,新營里,臺北市,7,蘇煥智,台灣維新,4,
2022年直轄市長選舉,2022,臺北市,中正區,新營里,臺北市,8,黃珊珊,無黨籍及未經政黨推薦,1261,
2022年直轄市長選舉,2022,臺北市,中正區,新營里,臺北市,9,施奉先,無黨籍及未經政黨推薦,0,
2022年直轄市長選舉,2022,臺北市,中正區,新營里,臺北市,10,唐新民,共和黨,0,
2022年直轄市長選舉,2022,臺北市,中正區,新營里,臺北市,11,謝立康,無黨籍及未經政黨推薦,0,
2022年直轄市長選舉,2022,臺北市,中正區,新營里,臺北市,12,陳時中,民主進步黨,1091,
2022年直轄市長選舉,2022,臺北市,中正區,建國里,臺北市,1,張家豪,台灣動物保護黨,1,
2022年直轄市長選舉,2022,臺北市,中正區,建國里,臺北市,2,王文娟,無黨籍及未經政黨推薦,0,
2022年直轄市長選舉,2022,臺北市,中正區,建國里,臺北市,3,鄭匡宇,無黨籍及未經政黨推薦,0,
2022年直轄市長選舉,2022,臺北市,中正區,建國里,臺北市,4,黃聖峰,台澎黨,0,
2022年直轄市長選舉,2022,臺北市,中正區,建國里,臺北市,5,童文薰,無黨籍及未經政黨推薦,1,
2022年直轄市長選舉,2022,臺北市,中正區,建國里,臺北市,6,蔣萬安,中國國民黨,357,*
2022年直轄市長選舉,2022,臺北市,中正區,建國里,臺北市,7,蘇煥智,台灣維新,2,
2022年直轄市長選舉,2022,臺北市,中正區,建國里,臺北市,8,黃珊珊,無黨籍及未經政黨推薦,224,
2022年直轄市長選舉,2022,臺北市,中正區,建國里,臺北市,9,施奉先,無黨籍及未經政黨推薦,1,
2022年直轄市長選舉,2022,臺北市,中正區,建國里,臺北市,10,唐新民,共和黨,0,
2022年直轄市長選舉,2022,臺北市,中正區,建國里,臺北市,11,謝立康,無黨籍及未經政黨推薦,0,
2022年直轄市長選舉,2022,臺北市,中正區,建國里,臺北市,12,陳時中,民主進步黨,217,
2022年直轄市長選舉,2022,臺北市,中正區,光復里,臺北市,1,張家豪,台灣動物保護黨,2,
2022年直轄市長選舉,2022,臺北市,中正區,光復里,臺北市,2,王文娟,無黨籍及未經政黨推薦,2,
2022年直轄市長選舉,2022,臺北市,中正區,光復里,臺北市,3,鄭匡宇,無黨籍及未經政黨推薦,0,
2022年直轄市長選舉,2022,臺北市,中正區,光復里,臺北市,4,黃聖峰,台澎黨,0,
2022年直轄市長選舉,2022,臺北市,中正區,光復里,臺北市,5,童文薰,無黨籍及未經政黨推薦,9,
2022年直轄市長選舉,2022,臺北市,中正區,光復里,臺北市,6,蔣萬安,中國國民黨,803,*
2022年直轄市長選舉,2022,臺北市,中正區,光復里,臺北市,7,蘇煥智,台灣維新,1,
2022年直轄市長選舉,2022,臺北市,中正區,光復里,臺北市,8,黃珊珊,無黨籍及未經政黨推薦,506,
2022年直轄市長選舉,2022,臺北市,中正區,光復里,臺北市,9,施奉先,無黨籍及未經政黨推薦,6,
2022年直轄市長選舉,2022,臺北市,中正區,光復里,臺北市,10,唐新民,共和黨,0,
2022年直轄市長選舉,2022,臺北市,中正區,光復里,臺北市,11,謝立康,無黨籍及未經政黨推薦,1,
2022年直轄市長選舉,2022,臺北市,中正區,光復里,臺北市,12,陳時中,民主進步黨,574,
2022年直轄市長選舉,2022,臺北市,中正區,黎明里,臺北市,1,張家豪,台灣動物保護黨,2,
2022年直轄市長選舉,2022,臺北市,中正區,黎明里,臺北市,2,王文娟,無黨籍及未經政黨推薦,0,
2022年直轄市長選舉,2022,臺北市,中正區,黎明里,臺北市,3,鄭匡宇,無黨籍及未經政黨推薦,1,
2022年直轄市長選舉,2022,臺北市,中正區,黎明里,臺北市,4,黃聖峰,台澎黨,1,
2022年直轄市長選舉,2022,臺北市,中正區,黎明里,臺北市,5,童文薰,無黨籍及未經政黨推薦,3,
2022年直轄市長選舉,2022,臺北市,中正區,黎明里,臺北市,6,蔣萬安,中國國民黨,668,*
2022年直轄市長選舉,2022,臺北市,中正區,黎明里,臺北市,7,蘇煥智,台灣維新,3,
2022年直轄市長選舉,2022,臺北市,中正區,黎明里,臺北市,8,黃珊珊,無黨籍及未經政黨推薦,383,
2022年直轄市長選舉,2022,臺北市,中正區,黎明里,臺北市,9,施奉先,無黨籍及未經政黨推薦,0,
2022年直轄市長選舉,2022,臺北市,中正區,黎明里,臺北市,10,唐新民,共和黨,0,
2022年直轄市長選舉,2022,臺北市,中正區,黎明里,臺北市,11,謝立康,無黨籍及未經政黨推薦,0,
2022年直轄市長選舉,2022,臺北市,中正區,黎明里,臺北市,12,陳時中,民主進步黨,445,
2022年直轄市長選舉,2022,臺北市,中正區,梅花里,臺北市,1,張家豪,台灣動物保護黨,0,
2022年直轄市長選舉,2022,臺北市,中正區,梅花里,臺北市,2,王文娟,無黨籍及未經政黨推薦,0,
2022年直轄市長選舉,2022,臺北市,中正區,梅花里,臺北市,3,鄭匡宇,無黨籍及未經政黨推薦,1,
2022年直轄市長選舉,2022,臺北市,中正區,梅花里,臺北市,4,黃聖峰,台澎黨,0,
2022年直轄市長選舉,2022,臺北市,中正區,梅花里,臺北市,5,童文薰,無黨籍及未經政黨推薦,9,
2022年直轄市長選舉,2022,臺北市,中正區,梅花里,臺北市,6,蔣萬安,中國國民黨,686,*
2022年直轄市長選舉,2022,臺北市,中正區,梅花里,臺北市,7,蘇煥智,台灣維新,5,
2022年直轄市長選舉,2022,臺北市,中正區,梅花里,臺北市,8,黃珊珊,無黨籍及未經政黨推薦,389,
2022年直轄市長選舉,2022,臺北市,中正區,梅花里,臺北市,9,施奉先,無黨籍及未經政黨推薦,0,
2022年直轄市長選舉,2022,臺北市,中正區,梅花里,臺北市,10,唐新民,共和黨,1,
2022年直轄市長選舉,2022,臺北市,中正區,梅花里,臺北市,11,謝立康,無黨籍及未經政黨推薦,0,
2022年直轄市長選舉,2022,臺北市,中正區,梅花里,臺北市,12,陳時中,民主進步黨,575,
2022年直轄市長選舉,2022,臺北市,中正區,幸福里,臺北市,1,張家豪,台灣動物保護黨,5,
2022年直轄市長選舉,2022,臺北市,中正區,幸福里,臺北市,2,王文娟,無黨籍及未經政黨推薦,0,
2022年直轄市長選舉,2022,臺北市,中正區,幸福里,臺北市,3,鄭匡宇,無黨籍及未經政黨推薦,0,
2022年直轄市長選舉,2022,臺北市,中正區,幸福里,臺北市,4,黃聖峰,台澎黨,0,
2022年直轄市長選舉,2022,臺北市,中正區,幸福里,臺北市,5,童文薰,無黨籍及未經政黨推薦,1,
2022年直轄市長選舉,2022,臺北市,中正區,幸福里,臺北市,6,蔣萬安,中國國民黨,1111,*
2022年直轄市長選舉,2022,臺北市,中正區,幸福里,臺北市,7,蘇煥智,台灣維新,3,
2022年直轄市長選舉,2022,臺北市,中正區,幸福里,臺北市,8,黃珊珊,無黨籍及未經政黨推薦,606,
2022年直轄市長選舉,2022,臺北市,中正區,幸福里,臺北市,9,施奉先,無黨籍及未經政黨推薦,0,
2022年直轄市長選舉,2022,臺北市,中正區,幸福里,臺北市,10,唐新民,共和黨,1,
2022年直轄市長選舉,2022,臺北市,中正區,幸福里,臺北市,11,謝立康,無黨籍及未經政黨推薦,2,
2022年直轄市長選舉,2022,臺北市,中正區,幸福里,臺北市,12,陳時中,民主進步黨,819,
2022年直轄市長選舉,2022,臺北市,中正區,幸市里,臺北市,1,張家豪,台灣動物保護黨,6,
2022年直轄市長選舉,2022,臺北市,中正區,幸市里,臺北市,2,王文娟,無黨籍及未經政黨推薦,0,
2022年直轄市長選舉,2022,臺北市,中正區,幸市里,臺北市,3,鄭匡宇,無黨籍及未經政黨推薦,1,
2022年直轄市長選舉,2022,臺北市,中正區,幸市里,臺北市,4,黃聖峰,台澎黨,1,
2022年直轄市長選舉,2022,臺北市,中正區,幸市里,臺北市,5,童文薰,無黨籍及未經政黨推薦,4,
2022年直轄市長選舉,2022,臺北市,中正區,幸市里,臺北市,6,蔣萬安,中國國民黨,982,*
2022年直轄市長選舉,2022,臺北市,中正區,幸市里,臺北市,7,蘇煥智,台灣維新,4,
2022年直轄市長選舉,2022,臺北市,中正區,幸市里,臺北市,8,黃珊珊,無黨籍及未經政黨推薦,509,
2022年直轄市長選舉,2022,臺北市,中正區,幸市里,臺北市,9,施奉先,無黨籍及未經政黨推薦,1,
2022年直轄市長選舉,2022,臺北市,中正區,幸市里,臺北市,10,唐新民,共和黨,1,
2022年直轄市長選舉,2022,臺北市,中正區,幸市里,臺北市,11,謝立康,無黨籍及未經政黨推薦,0,
2022年直轄市長選舉,2022,臺北市,中正區,幸市里,臺北市,12,陳時中,民主進步黨,797,
2022年直轄市長選舉,2022,臺北市,中正區,東門里,臺北市,1,張家豪,台灣動物保護黨,5,
2022年直轄市長選舉,2022,臺北市,中正區,東門里,臺北市,2,王文娟,無黨籍及未經政黨推薦,0,
2022年直轄市長選舉,2022,臺北市,中正區,東門里,臺北市,3,鄭匡宇,無黨籍及未經政黨推薦,0,
2022年直轄市長選舉,2022,臺北市,中正區,東門里,臺北市,4,黃聖峰,台澎黨,1,
2022年直轄市長選舉,2022,臺北市,中正區,東門里,臺北市,5,童文薰,無黨籍及未經政黨推薦,3,
2022年直轄市長選舉,2022,臺北市,中正區,東門里,臺北市,6,蔣萬安,中國國民黨,899,*
2022年直轄市長選舉,2022,臺北市,中正區,東門里,臺北市,7,蘇煥智,台灣維新,4,
2022年直轄市長選舉,2022,臺北市,中正區,東門里,臺北市,8,黃珊珊,無黨籍及未經政黨推薦,447,
2022年直轄市長選舉,2022,臺北市,中正區,東門里,臺北市,9,施奉先,無黨籍及未經政黨推薦,0,
2022年直轄市長選舉,2022,臺北市,中正區,東門里,臺北市,10,唐新民,共和黨,0,
2022年直轄市長選舉,2022,臺北市,中正區,東門里,臺北市,11,謝立康,無黨籍及未經政黨推薦,0,
2022年直轄市長選舉,2022,臺北市,中正區,東門里,臺北市,12,陳時中,民主進步黨,529,
2022年直轄市長選舉,2022,臺北市,中正區,文北里,臺北市,1,張家豪,台灣動物保護黨,2,
2022年直轄市長選舉,2022,臺北市,中正區,文北里,臺北市,2,王文娟,無黨籍及未經政黨推薦,0,
2022年直轄市長選舉,2022,臺北市,中正區,文北里,臺北市,3,鄭匡宇,無黨籍及未經政黨推薦,1,
2022年直轄市長選舉,2022,臺北市,中正區,文北里,臺北市,4,黃聖峰,台澎黨,1,
2022年直轄市長選舉,2022,臺北市,中正區,文北里,臺北市,5,童文薰,無黨籍及未經政黨推薦,3,
2022年直轄市長選舉,2022,臺北市,中正區,文北里,臺北市,6,蔣萬安,中國國民黨,1234,*
2022年直轄市長選舉,2022,臺北市,中正區,文北里,臺北市,7,蘇煥智,台灣維新,4,
2022年直轄市長選舉,2022,臺北市,中正區,文北里,臺北市,8,黃珊珊,無黨籍及未經政黨推薦,693,
2022年直轄市長選舉,2022,臺北市,中正區,文北里,臺北市,9,施奉先,無黨籍及未經政黨推薦,1,
2022年直轄市長選舉,2022,臺北市,中正區,文北里,臺北市,10,唐新民,共和黨,0,
2022年直轄市長選舉,2022,臺北市,中正區,文北里,臺北市,11,謝立康,無黨籍及未經政黨推薦,0,
2022年直轄市長選舉,2022,臺北市,中正區,文北里,臺北市,12,陳時中,民主進步黨,938,
2022年直轄市長選舉,2022,臺北市,中正區,文祥里,臺北市,1,張家豪,台灣動物保護黨,3,
2022年直轄市長選舉,2022,臺北市,中正區,文祥里,臺北市,2,王文娟,無黨籍及未經政黨推薦,1,
2022年直轄市長選舉,2022,臺北市,中正區,文祥里,臺北市,3,鄭匡宇,無黨籍及未經政黨推薦,1,
2022年直轄市長選舉,2022,臺北市,中正區,文祥里,臺北市,4,黃聖峰,台澎黨,0,
2022年直轄市長選舉,2022,臺北市,中正區,文祥里,臺北市,5,童文薰,無黨籍及未經政黨推薦,6,
2022年直轄市長選舉,2022,臺北市,中正區,文祥里,臺北市,6,蔣萬安,中國國民黨,1629,*
2022年直轄市長選舉,2022,臺北市,中正區,文祥里,臺北市,7,蘇煥智,台灣維新,3,
2022年直轄市長選舉,2022,臺北市,中正區,文祥里,臺北市,8,黃珊珊,無黨籍及未經政黨推薦,1047,
2022年直轄市長選舉,2022,臺北市,中正區,文祥里,臺北市,9,施奉先,無黨籍及未經政黨推薦,0,
2022年直轄市長選舉,2022,臺北市,中正區,文祥里,臺北市,10,唐新民,共和黨,2,
2022年直轄市長選舉,2022,臺北市,中正區,文祥里,臺北市,11,謝立康,無黨籍及未經政黨推薦,1,
2022年直轄市長選舉,2022,臺北市,中正區,文祥里,臺北市,12,陳時中,民主進步黨,1285,
2022年直轄市長選舉,2022,臺北市,中正區,三愛里,臺北市,1,張家豪,台灣動物保護黨,9,
2022年直轄市長選舉,2022,臺北市,中正區,三愛里,臺北市,2,王文娟,無黨籍及未經政黨推薦,1,
2022年直轄市長選舉,2022,臺北市,中正區,三愛里,臺北市,3,鄭匡宇,無黨籍及未經政黨推薦,0,
2022年直轄市長選舉,2022,臺北市,中正區,三愛里,臺北市,4,黃聖峰,台澎黨,0,
2022年直轄市長選舉,2022,臺北市,中正區,三愛里,臺北市,5,童文薰,無黨籍及未經政黨推薦,9,
2022年直轄市長選舉,2022,臺北市,中正區,三愛里,臺北市,6,蔣萬安,中國國民黨,1849,*
2022年直轄市長選舉,2022,臺北市,中正區,三愛里,臺北市,7,蘇煥智,台灣維新,4,
2022年直轄市長選舉,2022,臺北市,中正區,三愛里,臺北市,8,黃珊珊,無黨籍及未經政黨推薦,1079,
2022年直轄市長選舉,2022,臺北市,中正區,三愛里,臺北市,9,施奉先,無黨籍及未經政黨推薦,1,
2022年直轄市長選舉,2022,臺北市,中正區,三愛里,臺北市,10,唐新民,共和黨,1,
2022年直轄市長選舉,2022,臺北市,中正區,三愛里,臺北市,11,謝立康,無黨籍及未經政黨推薦,0,
2022年直轄市長選舉,2022,臺北市,中正區,三愛里,臺北市,12,陳時中,民主進步黨,1439,
2022年直轄市長選舉,2022,臺北市,大同區,玉泉里,臺北市,1,張家豪,台灣動物保護黨,4,
2022年直轄市長選舉,2022,臺北市,大同區,玉泉里,臺北市,2,王文娟,無黨籍及未經政黨推薦,0,
2022年直轄市長選舉,2022,臺北市,大同區,玉泉里,臺北市,3,鄭匡宇,無黨籍及未經政黨推薦,1,
2022年直轄市長選舉,2022,臺北市,大同區,玉泉里,臺北市,4,黃聖峰,台澎黨,0,
2022年直轄市長選舉,2022,臺北市,大同區,玉泉里,臺北市,5,童文薰,無黨籍及未經政黨推薦,3,
2022年直轄市長選舉,2022,臺北市,大同區,玉泉里,臺北市,6,蔣萬安,中國國民黨,537,*
2022年直轄市長選舉,2022,臺北市,大同區,玉泉里,臺北市,7,蘇煥智,台灣維新,0,
2022年直轄市長選舉,2022,臺北市,大同區,玉泉里,臺北市,8,黃珊珊,無黨籍及未經政黨推薦,397,
2022年直轄市長選舉,2022,臺北市,大同區,玉泉里,臺北市,9,施奉先,無黨籍及未經政黨推薦,0,
2022年直轄市長選舉,2022,臺北市,大同區,玉泉里,臺北市,10,唐新民,共和黨,0,
2022年直轄市長選舉,2022,臺北市,大同區,玉泉里,臺北市,11,謝立康,無黨籍及未經政黨推薦,2,
2022年直轄市長選舉,2022,臺北市,大同區,玉泉里,臺北市,12,陳時中,民主進步黨,606,
2022年直轄市長選舉,2022,臺北市,大同區,建明里,臺北市,1,張家豪,台灣動物保護黨,2,
2022年直轄市長選舉,2022,臺北市,大同區,建明里,臺北市,2,王文娟,無黨籍及未經政黨推薦,0,
2022年直轄市長選舉,2022,臺北市,大同區,建明里,臺北市,3,鄭匡宇,無黨籍及未經政黨推薦,0,
2022年直轄市長選舉,2022,臺北市,大同區,建明里,臺北市,4,黃聖峰,台澎黨,0,
2022年直轄市長選舉,2022,臺北市,大同區,建明里,臺北市,5,童文薰,無黨籍及未經政黨推薦,2,
2022年直轄市長選舉,2022,臺北市,大同區,建明里,臺北市,6,蔣萬安,中國國民黨,568,*
2022年直轄市長選舉,2022,臺北市,大同區,建明里,臺北市,7,蘇煥智,台灣維新,0,
2022年直轄市長選舉,2022,臺北市,大同區,建明里,臺北市,8,黃珊珊,無黨籍及未經政黨推薦,393,
2022年直轄市長選舉,2022,臺北市,大同區,建明里,臺北市,9,施奉先,無黨籍及未經政黨推薦,0,
2022年直轄市長選舉,2022,臺北市,大同區,建明里,臺北市,10,唐新民,共和黨,0,
2022年直轄市長選舉,2022,臺北市,大同區,建明里,臺北市,11,謝立康,無黨籍及未經政黨推薦,0,
2022年直轄市長選舉,2022,臺北市,大同區,建明里,臺北市,12,陳時中,民主進步黨,650,
2022年直轄市長選舉,2022,臺北市,大同區,建功里,臺北市,1,張家豪,台灣動物保護黨,2,
2022年直轄市長選舉,2022,臺北市,大同區,建功里,臺北市,2,王文娟,無黨籍及未經政黨推薦,1,
2022年直轄市長選舉,2022,臺北市,大同區,建功里,臺北市,3,鄭匡宇,無黨籍及未經政黨推薦,0,
2022年直轄市長選舉,2022,臺北市,大同區,建功里,臺北市,4,黃聖峰,台澎黨,0,
2022年直轄市長選舉,2022,臺北市,大同區,建功里,臺北市,5,童文薰,無黨籍及未經政黨推薦,2,
2022年直轄市長選舉,2022,臺北市,大同區,建功里,臺北市,6,蔣萬安,中國國民黨,838,*
2022年直轄市長選舉,2022,臺北市,大同區,建功里,臺北市,7,蘇煥智,台灣維新,5,
2022年直轄市長選舉,2022,臺北市,大同區,建功里,臺北市,8,黃珊珊,無黨籍及未經政黨推薦,639,
2022年直轄市長選舉,2022,臺北市,大同區,建功里,臺北市,9,施奉先,無黨籍及未經政黨推薦,0,
2022年直轄市長選舉,2022,臺北市,大同區,建功里,臺北市,10,唐新民,共和黨,0,
2022年直轄市長選舉,2022,臺北市,大同區,建功里,臺北市,11,謝立康,無黨籍及未經政黨推薦,0,
2022年直轄市長選舉,2022,臺北市,大同區,建功里,臺北市,12,陳時中,民主進步黨,999,
2022年直轄市長選舉,2022,臺北市,大同區,建泰里,臺北市,1,張家豪,台灣動物保護黨,1,
2022年直轄市長選舉,2022,臺北市,大同區,建泰里,臺北市,2,王文娟,無黨籍及未經政黨推薦,0,
2022年直轄市長選舉,2022,臺北市,大同區,建泰里,臺北市,3,鄭匡宇,無黨籍及未經政黨推薦,1,
2022年直轄市長選舉,2022,臺北市,大同區,建泰里,臺北市,4,黃聖峰,台澎黨,0,
2022年直轄市長選舉,2022,臺北市,大同區,建泰里,臺北市,5,童文薰,無黨籍及未經政黨推薦,3,
2022年直轄市長選舉,2022,臺北市,大同區,建泰里,臺北市,6,蔣萬安,中國國民黨,579,*
2022年直轄市長選舉,2022,臺北市,大同區,建泰里,臺北市,7,蘇煥智,台灣維新,2,
2022年直轄市長選舉,2022,臺北市,大同區,建泰里,臺北市,8,黃珊珊,無黨籍及未經政黨推薦,496,
2022年直轄市長選舉,2022,臺北市,大同區,建泰里,臺北市,9,施奉先,無黨籍及未經政黨推薦,0,
2022年直轄市長選舉,2022,臺北市,大同區,建泰里,臺北市,10,唐新民,共和黨,0,
2022年直轄市長選舉,2022,臺北市,大同區,建泰里,臺北市,11,謝立康,無黨籍及未經政黨推薦,0,
2022年直轄市長選舉,2022,臺北市,大同區,建泰里,臺北市,12,陳時中,民主進步黨,804,
2022年直轄市長選舉,2022,臺北市,大同區,永樂里,臺北市,1,張家豪,台灣動物保護黨,5,
2022年直轄市長選舉,2022,臺北市,大同區,永樂里,臺北市,2,王文娟,無黨籍及未經政黨推薦,1,
2022年直轄市長選舉,2022,臺北市,大同區,永樂里,臺北市,3,鄭匡宇,無黨籍及未經政黨推薦,1,
2022年直轄市長選舉,2022,臺北市,大同區,永樂里,臺北市,4,黃聖峰,台澎黨,1,
2022年直轄市長選舉,2022,臺北市,大同區,永樂里,臺北市,5,童文薰,無黨籍及未經政黨推薦,1,
2022年直轄市長選舉,2022,臺北市,大同區,永樂里,臺北市,6,蔣萬安,中國國民黨,868,*
2022年直轄市長選舉,2022,臺北市,大同區,永樂里,臺北市,7,蘇煥智,台灣維新,3,
2022年直轄市長選舉,2022,臺北市,大同區,永樂里,臺北市,8,黃珊珊,無黨籍及未經政黨推薦,737,
2022年直轄市長選舉,2022,臺北市,大同區,永樂里,臺北市,9,施奉先,無黨籍及未經政黨推薦,0,
2022年直轄市長選舉,2022,臺北市,大同區,永樂里,臺北市,10,唐新民,共和黨,0,
2022年直轄市長選舉,2022,臺北市,大同區,永樂里,臺北市,11,謝立康,無黨籍及未經政黨推薦,2,
2022年直轄市長選舉,2022,臺北市,大同區,永樂里,臺北市,12,陳時中,民主進步黨,1191,
2022年直轄市長選舉,2022,臺北市,大同區,朝陽里,臺北市,1,張家豪,台灣動物保護黨,4,
2022年直轄市長選舉,2022,臺北市,大同區,朝陽里,臺北市,2,王文娟,無黨籍及未經政黨推薦,0,
2022年直轄市長選舉,2022,臺北市,大同區,朝陽里,臺北市,3,鄭匡宇,無黨籍及未經政黨推薦,0,
2022年直轄市長選舉,2022,臺北市,大同區,朝陽里,臺北市,4,黃聖峰,台澎黨,0,
2022年直轄市長選舉,2022,臺北市,大同區,朝陽里,臺北市,5,童文薰,無黨籍及未經政黨推薦,6,
2022年直轄市長選舉,2022,臺北市,大同區,朝陽里,臺北市,6,蔣萬安,中國國民黨,804,*
2022年直轄市長選舉,2022,臺北市,大同區,朝陽里,臺北市,7,蘇煥智,台灣維新,2,
2022年直轄市長選舉,2022,臺北市,大同區,朝陽里,臺北市,8,黃珊珊,無黨籍及未經政黨推薦,575,
2022年直轄市長選舉,2022,臺北市,大同區,朝陽里,臺北市,9,施奉先,無黨籍及未經政黨推薦,0,
2022年直轄市長選舉,2022,臺北市,大同區,朝陽里,臺北市,10,唐新民,共和黨,1,
2022年直轄市長選舉,2022,臺北市,大同區,朝陽里,臺北市,11,謝立康,無黨籍及未經政黨推薦,1,
2022年直轄市長選舉,2022,臺北市,大同區,朝陽里,臺北市,12,陳時中,民主進步黨,912,
2022年直轄市長選舉,2022,臺北市,大同區,星明里,臺北市,1,張家豪,台灣動物保護黨,2,
2022年直轄市長選舉,2022,臺北市,大同區,星明里,臺北市,2,王文娟,無黨籍及未經政黨推薦,0,
2022年直轄市長選舉,2022,臺北市,大同區,星明里,臺北市,3,鄭匡宇,無黨籍及未經政黨推薦,0,
2022年直轄市長選舉,2022,臺北市,大同區,星明里,臺北市,4,黃聖峰,台澎黨,0,
2022年直轄市長選舉,2022,臺北市,大同區,星明里,臺北市,5,童文薰,無黨籍及未經政黨推薦,8,
2022年直轄市長選舉,2022,臺北市,大同區,星明里,臺北市,6,蔣萬安,中國國民黨,1092,*
2022年直轄市長選舉,2022,臺北市,大同區,星明里,臺北市,7,蘇煥智,台灣維新,3,
2022年直轄市長選舉,2022,臺北市,大同區,星明里,臺北市,8,黃珊珊,無黨籍及未經政黨推薦,801,
2022年直轄市長選舉,2022,臺北市,大同區,星明里,臺北市,9,施奉先,無黨籍及未經政黨推薦,0,
2022年直轄市長選舉,2022,臺北市,大同區,星明里,臺北市,10,唐新民,共和黨,0,
2022年直轄市長選舉,2022,臺北市,大同區,星明里,臺北市,11,謝立康,無黨籍及未經政黨推薦,0,
2022年直轄市長選舉,2022,臺北市,大同區,星明里,臺北市,12,陳時中,民主進步黨,1136,
2022年直轄市長選舉,2022,臺北市,大同區,光能里,臺北市,1,張家豪,台灣動物保護黨,4,
2022年直轄市長選舉,2022,臺北市,大同區,光能里,臺北市,2,王文娟,無黨籍及未經政黨推薦,0,
2022年直轄市長選舉,2022,臺北市,大同區,光能里,臺北市,3,鄭匡宇,無黨籍及未經政黨推薦,0,
2022年直轄市長選舉,2022,臺北市,大同區,光能里,臺北市,4,黃聖峰,台澎黨,0,
2022年直轄市長選舉,2022,臺北市,大同區,光能里,臺北市,5,童文薰,無黨籍及未經政黨推薦,4,
2022年直轄市長選舉,2022,臺北市,大同區,光能里,臺北市,6,蔣萬安,中國國民黨,883,*
2022年直轄市長選舉,2022,臺北市,大同區,光能里,臺北市,7,蘇煥智,台灣維新,3,
2022年直轄市長選舉,2022,臺北市,大同區,光能里,臺北市,8,黃珊珊,無黨籍及未經政黨推薦,769,
2022年直轄市長選舉,2022,臺北市,大同區,光能里,臺北市,9,施奉先,無黨籍及未經政黨推薦,0,
2022年直轄市長選舉,2022,臺北市,大同區,光能里,臺北市,10,唐新民,共和黨,0,
2022年直轄市長選舉,2022,臺北市,大同區,光能里,臺北市,11,謝立康,無黨籍及未經政黨推薦,0,
2022年直轄市長選舉,2022,臺北市,大同區,光能里,臺北市,12,陳時中,民主進步黨,1050,
2022年直轄市長選舉,2022,臺北市,大同區,大有里,臺北市,1,張家豪,台灣動物保護黨,4,
2022年直轄市長選舉,2022,臺北市,大同區,大有里,臺北市,2,王文娟,無黨籍及未經政黨推薦,0,
2022年直轄市長選舉,2022,臺北市,大同區,大有里,臺北市,3,鄭匡宇,無黨籍及未經政黨推薦,0,
2022年直轄市長選舉,2022,臺北市,大同區,大有里,臺北市,4,黃聖峰,台澎黨,2,
2022年直轄市長選舉,2022,臺北市,大同區,大有里,臺北市,5,童文薰,無黨籍及未經政黨推薦,4,
2022年直轄市長選舉,2022,臺北市,大同區,大有里,臺北市,6,蔣萬安,中國國民黨,734,*
2022年直轄市長選舉,2022,臺北市,大同區,大有里,臺北市,7,蘇煥智,台灣維新,4,
2022年直轄市長選舉,2022,臺北市,大同區,大有里,臺北市,8,黃珊珊,無黨籍及未經政黨推薦,611,
2022年直轄市長選舉,2022,臺北市,大同區,大有里,臺北市,9,施奉先,無黨籍及未經政黨推薦,0,
2022年直轄市長選舉,2022,臺北市,大同區,大有里,臺北市,10,唐新民,共和黨,0,
2022年直轄市長選舉,2022,臺北市,大同區,大有里,臺北市,11,謝立康,無黨籍及未經政黨推薦,0,
2022年直轄市長選舉,2022,臺北市,大同區,大有里,臺北市,12,陳時中,民主進步黨,1075,
2022年直轄市長選舉,2022,臺北市,大同區,延平里,臺北市,1,張家豪,台灣動物保護黨,2,
2022年直轄市長選舉,2022,臺北市,大同區,延平里,臺北市,2,王文娟,無黨籍及未經政黨推薦,1,
2022年直轄市長選舉,2022,臺北市,大同區,延平里,臺北市,3,鄭匡宇,無黨籍及未經政黨推薦,0,
2022年直轄市長選舉,2022,臺北市,大同區,延平里,臺北市,4,黃聖峰,台澎黨,1,
2022年直轄市長選舉,2022,臺北市,大同區,延平里,臺北市,5,童文薰,無黨籍及未經政黨推薦,3,
2022年直轄市長選舉,2022,臺北市,大同區,延平里,臺北市,6,蔣萬安,中國國民黨,776,*
2022年直轄市長選舉,2022,臺北市,大同區,延平里,臺北市,7,蘇煥智,台灣維新,3,
2022年直轄市長選舉,2022,臺北市,大同區,延平里,臺北市,8,黃珊珊,無黨籍及未經政黨推薦,598,
2022年直轄市長選舉,2022,臺北市,大同區,延平里,臺北市,9,施奉先,無黨籍及未經政黨推薦,0,
2022年直轄市長選舉,2022,臺北市,大同區,延平里,臺北市,10,唐新民,共和黨,0,
2022年直轄市長選舉,2022,臺北市,大同區,延平里,臺北市,11,謝立康,無黨籍及未經政黨推薦,0,
2022年直轄市長選舉,2022,臺北市,大同區,延平里,臺北市,12,陳時中,民主進步黨,824,
2022年直轄市長選舉,2022,臺北市,大同區,雙連里,臺北市,1,張家豪,台灣動物保護黨,10,
2022年直轄市長選舉,2022,臺北市,大同區,雙連里,臺北市,2,王文娟,無黨籍及未經政黨推薦,1,
2022年直轄市長選舉,2022,臺北市,大同區,雙連里,臺北市,3,鄭匡宇,無黨籍及未經政黨推薦,2,
2022年直轄市長選舉,2022,臺北市,大同區,雙連里,臺北市,4,黃聖峰,台澎黨,4,
2022年直轄市長選舉,2022,臺北市,大同區,雙連里,臺北市,5,童文薰,無黨籍及未經政黨推薦,6,
2022年直轄市長選舉,2022,臺北市,大同區,雙連里,臺北市,6,蔣萬安,中國國民黨,1597,*
2022年直轄市長選舉,2022,臺北市,大同區,雙連里,臺北市,7,蘇煥智,台灣維新,9,
2022年直轄市長選舉,2022,臺北市,大同區,雙連里,臺北市,8,黃珊珊,無黨籍及未經政黨推薦,1297,
2022年直轄市長選舉,2022,臺北市,大同區,雙連里,臺北市,9,施奉先,無黨籍及未經政黨推薦,0,
2022年直轄市長選舉,2022,臺北市,大同區,雙連里,臺北市,10,唐新民,共和黨,0,
2022年直轄市長選舉,2022,臺北市,大同區,雙連里,臺北市,11,謝立康,無黨籍及未經政黨推薦,1,
2022年直轄市長選舉,2022,臺北市,大同區,雙連里,臺北市,12,陳時中,民主進步黨,1928,
2022年直轄市長選舉,2022,臺北市,大同區,南芳里,臺北市,1,張家豪,台灣動物保護黨,2,
2022年直轄市長選舉,2022,臺北市,大同區,南芳里,臺北市,2,王文娟,無黨籍及未經政黨推薦,0,
2022年直轄市長選舉,2022,臺北市,大同區,南芳里,臺北市,3,鄭匡宇,無黨籍及未經政黨推薦,0,
2022年直轄市長選舉,2022,臺北市,大同區,南芳里,臺北市,4,黃聖峰,台澎黨,0,
2022年直轄市長選舉,2022,臺北市,大同區,南芳里,臺北市,5,童文薰,無黨籍及未經政黨推薦,0,
2022年直轄市長選舉,2022,臺北市,大同區,南芳里,臺北市,6,蔣萬安,中國國民黨,724,*
2022年直轄市長選舉,2022,臺北市,大同區,南芳里,臺北市,7,蘇煥智,台灣維新,3,
2022年直轄市長選舉,2022,臺北市,大同區,南芳里,臺北市,8,黃珊珊,無黨籍及未經政黨推薦,564,
2022年直轄市長選舉,2022,臺北市,大同區,南芳里,臺北市,9,施奉先,無黨籍及未經政黨推薦,1,
2022年直轄市長選舉,2022,臺北市,大同區,南芳里,臺北市,10,唐新民,共和黨,0,
2022年直轄市長選舉,2022,臺北市,大同區,南芳里,臺北市,11,謝立康,無黨籍及未經政黨推薦,0,
2022年直轄市長選舉,2022,臺北市,大同區,南芳里,臺北市,12,陳時中,民主進步黨,898,
2022年直轄市長選舉,2022,臺北市,大同區,民權里,臺北市,1,張家豪,台灣動物保護黨,7,
2022年直轄市長選舉,2022,臺北市,大同區,民權里,臺北市,2,王文娟,無黨籍及未經政黨推薦,0,
2022年直轄市長選舉,2022,臺北市,大同區,民權里,臺北市,3,鄭匡宇,無黨籍及未經政黨推薦,1,
2022年直轄市長選舉,2022,臺北市,大同區,民權里,臺北市,4,黃聖峰,台澎黨,1,
2022年直轄市長選舉,2022,臺北市,大同區,民權里,臺北市,5,童文薰,無黨籍及未經政黨推薦,5,
2022年直轄市長選舉,2022,臺北市,大同區,民權里,臺北市,6,蔣萬安,中國國民黨,1188,*
2022年直轄市長選舉,2022,臺北市,大同區,民權里,臺北市,7,蘇煥智,台灣維新,5,
2022年直轄市長選舉,2022,臺北市,大同區,民權里,臺北市,8,黃珊珊,無黨籍及未經政黨推薦,963,
2022年直轄市長選舉,2022,臺北市,大同區,民權里,臺北市,9,施奉先,無黨籍及未經政黨推薦,0,
2022年直轄市長選舉,2022,臺北市,大同區,民權里,臺北市,10,唐新民,共和黨,0,
2022年直轄市長選舉,2022,臺北市,大同區,民權里,臺北市,11,謝立康,無黨籍及未經政黨推薦,1,
2022年直轄市長選舉,2022,臺北市,大同區,民權里,臺北市,12,陳時中,民主進步黨,1355,
2022年直轄市長選舉,2022,臺北市,大同區,景星里,臺北市,1,張家豪,台灣動物保護黨,3,
2022年直轄市長選舉,2022,臺北市,大同區,景星里,臺北市,2,王文娟,無黨籍及未經政黨推薦,0,
2022年直轄市長選舉,2022,臺北市,大同區,景星里,臺北市,3,鄭匡宇,無黨籍及未經政黨推薦,0,
2022年直轄市長選舉,2022,臺北市,大同區,景星里,臺北市,4,黃聖峰,台澎黨,0,
2022年直轄市長選舉,2022,臺北市,大同區,景星里,臺北市,5,童文薰,無黨籍及未經政黨推薦,2,
2022年直轄市長選舉,2022,臺北市,大同區,景星里,臺北市,6,蔣萬安,中國國民黨,468,*
2022年直轄市長選舉,2022,臺北市,大同區,景星里,臺北市,7,蘇煥智,台灣維新,2,
2022年直轄市長選舉,2022,臺北市,大同區,景星里,臺北市,8,黃珊珊,無黨籍及未經政黨推薦,292,
2022年直轄市長選舉,2022,臺北市,大同區,景星里,臺北市,9,施奉先,無黨籍及未經政黨推薦,0,
2022年直轄市長選舉,2022,臺北市,大同區,景星里,臺北市,10,唐新民,共和黨,1,
2022年直轄市長選舉,2022,臺北市,大同區,景星里,臺北市,11,謝立康,無黨籍及未經政黨推薦,0,
2022年直轄市長選舉,2022,臺北市,大同區,景星里,臺北市,12,陳時中,民主進步黨,578,
2022年直轄市長選舉,2022,臺北市,大同區,隆和里,臺北市,1,張家豪,台灣動物保護黨,2,
2022年直轄市長選舉,2022,臺北市,大同區,隆和里,臺北市,2,王文娟,無黨籍及未經政黨推薦,1,
2022年直轄市長選舉,2022,臺北市,大同區,隆和里,臺北市,3,鄭匡宇,無黨籍及未經政黨推薦,0,
2022年直轄市長選舉,2022,臺北市,大同區,隆和里,臺北市,4,黃聖峰,台澎黨,2,
2022年直轄市長選舉,2022,臺北市,大同區,隆和里,臺北市,5,童文薰,無黨籍及未經政黨推薦,1,
2022年直轄市長選舉,2022,臺北市,大同區,隆和里,臺北市,6,蔣萬安,中國國民黨,601,*
2022年直轄市長選舉,2022,臺北市,大同區,隆和里,臺北市,7,蘇煥智,台灣維新,2,
2022年直轄市長選舉,2022,臺北市,大同區,隆和里,臺北市,8,黃珊珊,無黨籍及未經政黨推薦,582,
2022年直轄市長選舉,2022,臺北市,大同區,隆和里,臺北市,9,施奉先,無黨籍及未經政黨推薦,0,
2022年直轄市長選舉,2022,臺北市,大同區,隆和里,臺北市,10,唐新民,共和黨,0,
2022年直轄市長選舉,2022,臺北市,大同區,隆和里,臺北市,11,謝立康,無黨籍及未經政黨推薦,0,
2022年直轄市長選舉,2022,臺北市,大同區,隆和里,臺北市,12,陳時中,民主進步黨,792,
2022年直轄市長選舉,2022,臺北市,大同區,蓬萊里,臺北市,1,張家豪,台灣動物保護黨,6,
2022年直轄市長選舉,2022,臺北市,大同區,蓬萊里,臺北市,2,王文娟,無黨籍及未經政黨推薦,0,
2022年直轄市長選舉,2022,臺北市,大同區,蓬萊里,臺北市,3,鄭匡宇,無黨籍及未經政黨推薦,1,
2022年直轄市長選舉,2022,臺北市,大同區,蓬萊里,臺北市,4,黃聖峰,台澎黨,1,
2022年直轄市長選舉,2022,臺北市,大同區,蓬萊里,臺北市,5,童文薰,無黨籍及未經政黨推薦,4,
2022年直轄市長選舉,2022,臺北市,大同區,蓬萊里,臺北市,6,蔣萬安,中國國民黨,928,*
2022年直轄市長選舉,2022,臺北市,大同區,蓬萊里,臺北市,7,蘇煥智,台灣維新,2,
2022年直轄市長選舉,2022,臺北市,大同區,蓬萊里,臺北市,8,黃珊珊,無黨籍及未經政黨推薦,708,
2022年直轄市長選舉,2022,臺北市,大同區,蓬萊里,臺北市,9,施奉先,無黨籍及未經政黨推薦,0,
2022年直轄市長選舉,2022,臺北市,大同區,蓬萊里,臺北市,10,唐新民,共和黨,1,
2022年直轄市長選舉,2022,臺北市,大同區,蓬萊里,臺北市,11,謝立康,無黨籍及未經政黨推薦,1,
2022年直轄市長選舉,2022,臺北市,大同區,蓬萊里,臺北市,12,陳時中,民主進步黨,1028,
2022年直轄市長選舉,2022,臺北市,大同區,國順里,臺北市,1,張家豪,台灣動物保護黨,3,
2022年直轄市長選舉,2022,臺北市,大同區,國順里,臺北市,2,王文娟,無黨籍及未經政黨推薦,1,
2022年直轄市長選舉,2022,臺北市,大同區,國順里,臺北市,3,鄭匡宇,無黨籍及未經政黨推薦,1,
2022年直轄市長選舉,2022,臺北市,大同區,國順里,臺北市,4,黃聖峰,台澎黨,0,
2022年直轄市長選舉,2022,臺北市,大同區,國順里,臺北市,5,童文薰,無黨籍及未經政黨推薦,3,
2022年直轄市長選舉,2022,臺北市,大同區,國順里,臺北市,6,蔣萬安,中國國民黨,471,*
2022年直轄市長選舉,2022,臺北市,大同區,國順里,臺北市,7,蘇煥智,台灣維新,2,
2022年直轄市長選舉,2022,臺北市,大同區,國順里,臺北市,8,黃珊珊,無黨籍及未經政黨推薦,404,
2022年直轄市長選舉,2022,臺北市,大同區,國順里,臺北市,9,施奉先,無黨籍及未經政黨推薦,0,
2022年直轄市長選舉,2022,臺北市,大同區,國順里,臺北市,10,唐新民,共和黨,1,
2022年直轄市長選舉,2022,臺北市,大同區,國順里,臺北市,11,謝立康,無黨籍及未經政黨推薦,0,
2022年直轄市長選舉,2022,臺北市,大同區,國順里,臺北市,12,陳時中,民主進步黨,682,
2022年直轄市長選舉,2022,臺北市,大同區,國慶里,臺北市,1,張家豪,台灣動物保護黨,2,
2022年直轄市長選舉,2022,臺北市,大同區,國慶里,臺北市,2,王文娟,無黨籍及未經政黨推薦,0,
2022年直轄市長選舉,2022,臺北市,大同區,國慶里,臺北市,3,鄭匡宇,無黨籍及未經政黨推薦,0,
2022年直轄市長選舉,2022,臺北市,大同區,國慶里,臺北市,4,黃聖峰,台澎黨,0,
2022年直轄市長選舉,2022,臺北市,大同區,國慶里,臺北市,5,童文薰,無黨籍及未經政黨推薦,1,
2022年直轄市長選舉,2022,臺北市,大同區,國慶里,臺北市,6,蔣萬安,中國國民黨,872,*
2022年直轄市長選舉,2022,臺北市,大同區,國慶里,臺北市,7,蘇煥智,台灣維新,5,
2022年直轄市長選舉,2022,臺北市,大同區,國慶里,臺北市,8,黃珊珊,無黨籍及未經政黨推薦,702,
2022年直轄市長選舉,2022,臺北市,大同區,國慶里,臺北市,9,施奉先,無黨籍及未經政黨推薦,0,
2022年直轄市長選舉,2022,臺北市,大同區,國慶里,臺北市,10,唐新民,共和黨,0,
2022年直轄市長選舉,2022,臺北市,大同區,國慶里,臺北市,11,謝立康,無黨籍及未經政黨推薦,0,
2022年直轄市長選舉,2022,臺北市,大同區,國慶里,臺北市,12,陳時中,民主進步黨,1041,
2022年直轄市長選舉,2022,臺北市,大同區,揚雅里,臺北市,1,張家豪,台灣動物保護黨,5,
2022年直轄市長選舉,2022,臺北市,大同區,揚雅里,臺北市,2,王文娟,無黨籍及未經政黨推薦,0,
2022年直轄市長選舉,2022,臺北市,大同區,揚雅里,臺北市,3,鄭匡宇,無黨籍及未經政黨推薦,1,
2022年直轄市長選舉,2022,臺北市,大同區,揚雅里,臺北市,4,黃聖峰,台澎黨,0,
2022年直轄市長選舉,2022,臺北市,大同區,揚雅里,臺北市,5,童文薰,無黨籍及未經政黨推薦,4,
2022年直轄市長選舉,2022,臺北市,大同區,揚雅里,臺北市,6,蔣萬安,中國國民黨,649,*
2022年直轄市長選舉,2022,臺北市,大同區,揚雅里,臺北市,7,蘇煥智,台灣維新,1,
2022年直轄市長選舉,2022,臺北市,大同區,揚雅里,臺北市,8,黃珊珊,無黨籍及未經政黨推薦,464,
2022年直轄市長選舉,2022,臺北市,大同區,揚雅里,臺北市,9,施奉先,無黨籍及未經政黨推薦,0,
2022年直轄市長選舉,2022,臺北市,大同區,揚雅里,臺北市,10,唐新民,共和黨,1,
2022年直轄市長選舉,2022,臺北市,大同區,揚雅里,臺北市,11,謝立康,無黨籍及未經政黨推薦,0,
2022年直轄市長選舉,2022,臺北市,大同區,揚雅里,臺北市,12,陳時中,民主進步黨,861,
2022年直轄市長選舉,2022,臺北市,大同區,斯文里,臺北市,1,張家豪,台灣動物保護黨,6,
2022年直轄市長選舉,2022,臺北市,大同區,斯文里,臺北市,2,王文娟,無黨籍及未經政黨推薦,3,
2022年直轄市長選舉,2022,臺北市,大同區,斯文里,臺北市,3,鄭匡宇,無黨籍及未經政黨推薦,0,
2022年直轄市長選舉,2022,臺北市,大同區,斯文里,臺北市,4,黃聖峰,台澎黨,0,
2022年直轄市長選舉,2022,臺北市,大同區,斯文里,臺北市,5,童文薰,無黨籍及未經政黨推薦,7,
2022年直轄市長選舉,2022,臺北市,大同區,斯文里,臺北市,6,蔣萬安,中國國民黨,841,*
2022年直轄市長選舉,2022,臺北市,大同區,斯文里,臺北市,7,蘇煥智,台灣維新,5,
2022年直轄市長選舉,2022,臺北市,大同區,斯文里,臺北市,8,黃珊珊,無黨籍及未經政黨推薦,678,
2022年直轄市長選舉,2022,臺北市,大同區,斯文里,臺北市,9,施奉先,無黨籍及未經政黨推薦,0,
2022年直轄市長選舉,2022,臺北市,大同區,斯文里,臺北市,10,唐新民,共和黨,1,
2022年直轄市長選舉,2022,臺北市,大同區,斯文里,臺北市,11,謝立康,無黨籍及未經政黨推薦,1,
2022年直轄市長選舉,2022,臺北市,大同區,斯文里,臺北市,12,陳時中,民主進步黨,1134,
2022年直轄市長選舉,2022,臺北市,大同區,鄰江里,臺北市,1,張家豪,台灣動物保護黨,9,
2022年直轄市長選舉,2022,臺北市,大同區,鄰江里,臺北市,2,王文娟,無黨籍及未經政黨推薦,1,
2022年直轄市長選舉,2022,臺北市,大同區,鄰江里,臺北市,3,鄭匡宇,無黨籍及未經政黨推薦,2,
2022年直轄市長選舉,2022,臺北市,大同區,鄰江里,臺北市,4,黃聖峰,台澎黨,0,
2022年直轄市長選舉,2022,臺北市,大同區,鄰江里,臺北市,5,童文薰,無黨籍及未經政黨推薦,10,
2022年直轄市長選舉,2022,臺北市,大同區,鄰江里,臺北市,6,蔣萬安,中國國民黨,1138,*
2022年直轄市長選舉,2022,臺北市,大同區,鄰江里,臺北市,7,蘇煥智,台灣維新,5,
2022年直轄市長選舉,2022,臺北市,大同區,鄰江里,臺北市,8,黃珊珊,無黨籍及未經政黨推薦,927,
2022年直轄市長選舉,2022,臺北市,大同區,鄰江里,臺北市,9,施奉先,無黨籍及未經政黨推薦,2,
2022年直轄市長選舉,2022,臺北市,大同區,鄰江里,臺北市,10,唐新民,共和黨,0,
2022年直轄市長選舉,2022,臺北市,大同區,鄰江里,臺北市,11,謝立康,無黨籍及未經政黨推薦,1,
2022年直轄市長選舉,2022,臺北市,大同區,鄰江里,臺北市,12,陳時中,民主進步黨,1509,
2022年直轄市長選舉,2022,臺北市,大同區,至聖里,臺北市,1,張家豪,台灣動物保護黨,7,
2022年直轄市長選舉,2022,臺北市,大同區,至聖里,臺北市,2,王文娟,無黨籍及未經政黨推薦,1,
2022年直轄市長選舉,2022,臺北市,大同區,至聖里,臺北市,3,鄭匡宇,無黨籍及未經政黨推薦,1,
2022年直轄市長選舉,2022,臺北市,大同區,至聖里,臺北市,4,黃聖峰,台澎黨,0,
2022年直轄市長選舉,2022,臺北市,大同區,至聖里,臺北市,5,童文薰,無黨籍及未經政黨推薦,9,
2022年直轄市長選舉,2022,臺北市,大同區,至聖里,臺北市,6,蔣萬安,中國國民黨,1472,*
2022年直轄市長選舉,2022,臺北市,大同區,至聖里,臺北市,7,蘇煥智,台灣維新,4,
2022年直轄市長選舉,2022,臺北市,大同區,至聖里,臺北市,8,黃珊珊,無黨籍及未經政黨推薦,1077,
2022年直轄市長選舉,2022,臺北市,大同區,至聖里,臺北市,9,施奉先,無黨籍及未經政黨推薦,0,
2022年直轄市長選舉,2022,臺北市,大同區,至聖里,臺北市,10,唐新民,共和黨,1,
2022年直轄市長選舉,2022,臺北市,大同區,至聖里,臺北市,11,謝立康,無黨籍及未經政黨推薦,0,
2022年直轄市長選舉,2022,臺北市,大同區,至聖里,臺北市,12,陳時中,民主進步黨,1758,
2022年直轄市長選舉,2022,臺北市,大同區,老師里,臺北市,1,張家豪,台灣動物保護黨,4,
2022年直轄市長選舉,2022,臺北市,大同區,老師里,臺北市,2,王文娟,無黨籍及未經政黨推薦,0,
2022年直轄市長選舉,2022,臺北市,大同區,老師里,臺北市,3,鄭匡宇,無黨籍及未經政黨推薦,1,
2022年直轄市長選舉,2022,臺北市,大同區,老師里,臺北市,4,黃聖峰,台澎黨,2,
2022年直轄市長選舉,2022,臺北市,大同區,老師里,臺北市,5,童文薰,無黨籍及未經政黨推薦,5,
2022年直轄市長選舉,2022,臺北市,大同區,老師里,臺北市,6,蔣萬安,中國國民黨,937,*
2022年直轄市長選舉,2022,臺北市,大同區,老師里,臺北市,7,蘇煥智,台灣維新,5,
2022年直轄市長選舉,2022,臺北市,大同區,老師里,臺北市,8,黃珊珊,無黨籍及未經政黨推薦,828,
2022年直轄市長選舉,2022,臺北市,大同區,老師里,臺北市,9,施奉先,無黨籍及未經政黨推薦,0,
2022年直轄市長選舉,2022,臺北市,大同區,老師里,臺北市,10,唐新民,共和黨,0,
2022年直轄市長選舉,2022,臺北市,大同區,老師里,臺北市,11,謝立康,無黨籍及未經政黨推薦,2,
2022年直轄市長選舉,2022,臺北市,大同區,老師里,臺北市,12,陳時中,民主進步黨,1308,
2022年直轄市長選舉,2022,臺北市,大同區,重慶里,臺北市,1,張家豪,台灣動物保護黨,8,
2022年直轄市長選舉,2022,臺北市,大同區,重慶里,臺北市,2,王文娟,無黨籍及未經政黨推薦,2,
2022年直轄市長選舉,2022,臺北市,大同區,重慶里,臺北市,3,鄭匡宇,無黨籍及未經政黨推薦,2,
2022年直轄市長選舉,2022,臺北市,大同區,重慶里,臺北市,4,黃聖峰,台澎黨,2,
2022年直轄市長選舉,2022,臺北市,大同區,重慶里,臺北市,5,童文薰,無黨籍及未經政黨推薦,6,
2022年直轄市長選舉,2022,臺北市,大同區,重慶里,臺北市,6,蔣萬安,中國國民黨,1348,*
2022年直轄市長選舉,2022,臺北市,大同區,重慶里,臺北市,7,蘇煥智,台灣維新,2,
2022年直轄市長選舉,2022,臺北市,大同區,重慶里,臺北市,8,黃珊珊,無黨籍及未經政黨推薦,1019,
2022年直轄市長選舉,2022,臺北市,大同區,重慶里,臺北市,9,施奉先,無黨籍及未經政黨推薦,1,
2022年直轄市長選舉,2022,臺北市,大同區,重慶里,臺北市,10,唐新民,共和黨,1,
2022年直轄市長選舉,2022,臺北市,大同區,重慶里,臺北市,11,謝立康,無黨籍及未經政黨推薦,2,
2022年直轄市長選舉,2022,臺北市,大同區,重慶里,臺北市,12,陳時中,民主進步黨,1352,
2022年直轄市長選舉,2022,臺北市,大同區,保安里,臺北市,1,張家豪,台灣動物保護黨,6,
2022年直轄市長選舉,2022,臺北市,大同區,保安里,臺北市,2,王文娟,無黨籍及未經政黨推薦,0,
2022年直轄市長選舉,2022,臺北市,大同區,保安里,臺北市,3,鄭匡宇,無黨籍及未經政黨推薦,1,
2022年直轄市長選舉,2022,臺北市,大同區,保安里,臺北市,4,黃聖峰,台澎黨,0,
2022年直轄市長選舉,2022,臺北市,大同區,保安里,臺北市,5,童文薰,無黨籍及未經政黨推薦,3,
2022年直轄市長選舉,2022,臺北市,大同區,保安里,臺北市,6,蔣萬安,中國國民黨,787,*
2022年直轄市長選舉,2022,臺北市,大同區,保安里,臺北市,7,蘇煥智,台灣維新,8,
2022年直轄市長選舉,2022,臺北市,大同區,保安里,臺北市,8,黃珊珊,無黨籍及未經政黨推薦,742,
2022年直轄市長選舉,2022,臺北市,大同區,保安里,臺北市,9,施奉先,無黨籍及未經政黨推薦,0,
2022年直轄市長選舉,2022,臺北市,大同區,保安里,臺北市,10,唐新民,共和黨,2,
2022年直轄市長選舉,2022,臺北市,大同區,保安里,臺北市,11,謝立康,無黨籍及未經政黨推薦,0,
2022年直轄市長選舉,2022,臺北市,大同區,保安里,臺北市,12,陳時中,民主進步黨,1059,
2022年直轄市長選舉,2022,臺北市,萬華區,福星里,臺北市,1,張家豪,台灣動物保護黨,8,
2022年直轄市長選舉,2022,臺北市,萬華區,福星里,臺北市,2,王文娟,無黨籍及未經政黨推薦,1,
2022年直轄市長選舉,2022,臺北市,萬華區,福星里,臺北市,3,鄭匡宇,無黨籍及未經政黨推薦,2,
2022年直轄市長選舉,2022,臺北市,萬華區,福星里,臺北市,4,黃聖峰,台澎黨,0,
2022年直轄市長選舉,2022,臺北市,萬華區,福星里,臺北市,5,童文薰,無黨籍及未經政黨推薦,5,
2022年直轄市長選舉,2022,臺北市,萬華區,福星里,臺北市,6,蔣萬安,中國國民黨,1264,*
2022年直轄市長選舉,2022,臺北市,萬華區,福星里,臺北市,7,蘇煥智,台灣維新,4,
2022年直轄市長選舉,2022,臺北市,萬華區,福星里,臺北市,8,黃珊珊,無黨籍及未經政黨推薦,651,
2022年直轄市長選舉,2022,臺北市,萬華區,福星里,臺北市,9,施奉先,無黨籍及未經政黨推薦,1,
2022年直轄市長選舉,2022,臺北市,萬華區,福星里,臺北市,10,唐新民,共和黨,0,
2022年直轄市長選舉,2022,臺北市,萬華區,福星里,臺北市,11,謝立康,無黨籍及未經政黨推薦,0,
2022年直轄市長選舉,2022,臺北市,萬華區,福星里,臺北市,12,陳時中,民主進步黨,845,
2022年直轄市長選舉,2022,臺北市,萬華區,萬壽里,臺北市,1,張家豪,台灣動物保護黨,3,
2022年直轄市長選舉,2022,臺北市,萬華區,萬壽里,臺北市,2,王文娟,無黨籍及未經政黨推薦,2,
2022年直轄市長選舉,2022,臺北市,萬華區,萬壽里,臺北市,3,鄭匡宇,無黨籍及未經政黨推薦,0,
2022年直轄市長選舉,2022,臺北市,萬華區,萬壽里,臺北市,4,黃聖峰,台澎黨,0,
2022年直轄市長選舉,2022,臺北市,萬華區,萬壽里,臺北市,5,童文薰,無黨籍及未經政黨推薦,3,
2022年直轄市長選舉,2022,臺北市,萬華區,萬壽里,臺北市,6,蔣萬安,中國國民黨,707,*
2022年直轄市長選舉,2022,臺北市,萬華區,萬壽里,臺北市,7,蘇煥智,台灣維新,3,
2022年直轄市長選舉,2022,臺北市,萬華區,萬壽里,臺北市,8,黃珊珊,無黨籍及未經政黨推薦,346,
2022年直轄市長選舉,2022,臺北市,萬華區,萬壽里,臺北市,9,施奉先,無黨籍及未經政黨推薦,0,
2022年直轄市長選舉,2022,臺北市,萬華區,萬壽里,臺北市,10,唐新民,共和黨,0,
2022年直轄市長選舉,2022,臺北市,萬華區,萬壽里,臺北市,11,謝立康,無黨籍及未經政黨推薦,0,
2022年直轄市長選舉,2022,臺北市,萬華區,萬壽里,臺北市,12,陳時中,民主進步黨,477,
2022年直轄市長選舉,2022,臺北市,萬華區,西門里,臺北市,1,張家豪,台灣動物保護黨,1,
2022年直轄市長選舉,2022,臺北市,萬華區,西門里,臺北市,2,王文娟,無黨籍及未經政黨推薦,0,
2022年直轄市長選舉,2022,臺北市,萬華區,西門里,臺北市,3,鄭匡宇,無黨籍及未經政黨推薦,0,
2022年直轄市長選舉,2022,臺北市,萬華區,西門里,臺北市,4,黃聖峰,台澎黨,0,
2022年直轄市長選舉,2022,臺北市,萬華區,西門里,臺北市,5,童文薰,無黨籍及未經政黨推薦,1,
2022年直轄市長選舉,2022,臺北市,萬華區,西門里,臺北市,6,蔣萬安,中國國民黨,832,*
2022年直轄市長選舉,2022,臺北市,萬華區,西門里,臺北市,7,蘇煥智,台灣維新,0,
2022年直轄市長選舉,2022,臺北市,萬華區,西門里,臺北市,8,黃珊珊,無黨籍及未經政黨推薦,409,
2022年直轄市長選舉,2022,臺北市,萬華區,西門里,臺北市,9,施奉先,無黨籍及未經政黨推薦,0,
2022年直轄市長選舉,2022,臺北市,萬華區,西門里,臺北市,10,唐新民,共和黨,0,
2022年直轄市長選舉,2022,臺北市,萬華區,西門里,臺北市,11,謝立康,無黨籍及未經政黨推薦,0,
2022年直轄市長選舉,2022,臺北市,萬華區,西門里,臺北市,12,陳時中,民主進步黨,561,
2022年直轄市長選舉,2022,臺北市,萬華區,新起里,臺北市,1,張家豪,台灣動物保護黨,4,
2022年直轄市長選舉,2022,臺北市,萬華區,新起里,臺北市,2,王文娟,無黨籍及未經政黨推薦,0,
2022年直轄市長選舉,2022,臺北市,萬華區,新起里,臺北市,3,鄭匡宇,無黨籍及未經政黨推薦,2,
2022年直轄市長選舉,2022,臺北市,萬華區,新起里,臺北市,4,黃聖峰,台澎黨,2,
2022年直轄市長選舉,2022,臺北市,萬華區,新起里,臺北市,5,童文薰,無黨籍及未經政黨推薦,8,
2022年直轄市長選舉,2022,臺北市,萬華區,新起里,臺北市,6,蔣萬安,中國國民黨,1417,*
2022年直轄市長選舉,2022,臺北市,萬華區,新起里,臺北市,7,蘇煥智,台灣維新,5,
2022年直轄市長選舉,2022,臺北市,萬華區,新起里,臺北市,8,黃珊珊,無黨籍及未經政黨推薦,941,
2022年直轄市長選舉,2022,臺北市,萬華區,新起里,臺北市,9,施奉先,無黨籍及未經政黨推薦,0,
2022年直轄市長選舉,2022,臺北市,萬華區,新起里,臺北市,10,唐新民,共和黨,0,
2022年直轄市長選舉,2022,臺北市,萬華區,新起里,臺北市,11,謝立康,無黨籍及未經政黨推薦,0,
2022年直轄市長選舉,2022,臺北市,萬華區,新起里,臺北市,12,陳時中,民主進步黨,1251,
2022年直轄市長選舉,2022,臺北市,萬華區,菜園里,臺北市,1,張家豪,台灣動物保護黨,9,
2022年直轄市長選舉,2022,臺北市,萬華區,菜園里,臺北市,2,王文娟,無黨籍及未經政黨推薦,2,
2022年直轄市長選舉,2022,臺北市,萬華區,菜園里,臺北市,3,鄭匡宇,無黨籍及未經政黨推薦,1,
2022年直轄市長選舉,2022,臺北市,萬華區,菜園里,臺北市,4,黃聖峰,台澎黨,0,
2022年直轄市長選舉,2022,臺北市,萬華區,菜園里,臺北市,5,童文薰,無黨籍及未經政黨推薦,9,
2022年直轄市長選舉,2022,臺北市,萬華區,菜園里,臺北市,6,蔣萬安,中國國民黨,1208,*
2022年直轄市長選舉,2022,臺北市,萬華區,菜園里,臺北市,7,蘇煥智,台灣維新,4,
2022年直轄市長選舉,2022,臺北市,萬華區,菜園里,臺北市,8,黃珊珊,無黨籍及未經政黨推薦,888,
2022年直轄市長選舉,2022,臺北市,萬華區,菜園里,臺北市,9,施奉先,無黨籍及未經政黨推薦,1,
2022年直轄市長選舉,2022,臺北市,萬華區,菜園里,臺北市,10,唐新民,共和黨,0,
2022年直轄市長選舉,2022,臺北市,萬華區,菜園里,臺北市,11,謝立康,無黨籍及未經政黨推薦,1,
2022年直轄市長選舉,2022,臺北市,萬華區,菜園里,臺北市,12,陳時中,民主進步黨,1166,
2022年直轄市長選舉,2022,臺北市,萬華區,青山里,臺北市,1,張家豪,台灣動物保護黨,5,
2022年直轄市長選舉,2022,臺北市,萬華區,青山里,臺北市,2,王文娟,無黨籍及未經政黨推薦,2,
2022年直轄市長選舉,2022,臺北市,萬華區,青山里,臺北市,3,鄭匡宇,無黨籍及未經政黨推薦,3,
2022年直轄市長選舉,2022,臺北市,萬華區,青山里,臺北市,4,黃聖峰,台澎黨,2,
2022年直轄市長選舉,2022,臺北市,萬華區,青山里,臺北市,5,童文薰,無黨籍及未經政黨推薦,7,
2022年直轄市長選舉,2022,臺北市,萬華區,青山里,臺北市,6,蔣萬安,中國國民黨,1177,*
2022年直轄市長選舉,2022,臺北市,萬華區,青山里,臺北市,7,蘇煥智,台灣維新,0,
2022年直轄市長選舉,2022,臺北市,萬華區,青山里,臺北市,8,黃珊珊,無黨籍及未經政黨推薦,774,
2022年直轄市長選舉,2022,臺北市,萬華區,青山里,臺北市,9,施奉先,無黨籍及未經政黨推薦,3,
2022年直轄市長選舉,2022,臺北市,萬華區,青山里,臺北市,10,唐新民,共和黨,3,
2022年直轄市長選舉,2022,臺北市,萬華區,青山里,臺北市,11,謝立康,無黨籍及未經政黨推薦,1,
2022年直轄市長選舉,2022,臺北市,萬華區,青山里,臺北市,12,陳時中,民主進步黨,1159,
2022年直轄市長選舉,2022,臺北市,萬華區,富民里,臺北市,1,張家豪,台灣動物保護黨,8,
2022年直轄市長選舉,2022,臺北市,萬華區,富民里,臺北市,2,王文娟,無黨籍及未經政黨推薦,2,
2022年直轄市長選舉,2022,臺北市,萬華區,富民里,臺北市,3,鄭匡宇,無黨籍及未經政黨推薦,0,
2022年直轄市長選舉,2022,臺北市,萬華區,富民里,臺北市,4,黃聖峰,台澎黨,2,
2022年直轄市長選舉,2022,臺北市,萬華區,富民里,臺北市,5,童文薰,無黨籍及未經政黨推薦,5,
2022年直轄市長選舉,2022,臺北市,萬華區,富民里,臺北市,6,蔣萬安,中國國民黨,877,*
2022年直轄市長選舉,2022,臺北市,萬華區,富民里,臺北市,7,蘇煥智,台灣維新,5,
2022年直轄市長選舉,2022,臺北市,萬華區,富民里,臺北市,8,黃珊珊,無黨籍及未經政黨推薦,688,
2022年直轄市長選舉,2022,臺北市,萬華區,富民里,臺北市,9,施奉先,無黨籍及未經政黨推薦,1,
2022年直轄市長選舉,2022,臺北市,萬華區,富民里,臺北市,10,唐新民,共和黨,0,
2022年直轄市長選舉,2022,臺北市,萬華區,富民里,臺北市,11,謝立康,無黨籍及未經政黨推薦,1,
2022年直轄市長選舉,2022,臺北市,萬華區,富民里,臺北市,12,陳時中,民主進步黨,1102,
2022年直轄市長選舉,2022,臺北市,萬華區,福音里,臺北市,1,張家豪,台灣動物保護黨,1,
2022年直轄市長選舉,2022,臺北市,萬華區,福音里,臺北市,2,王文娟,無黨籍及未經政黨推薦,1,
2022年直轄市長選舉,2022,臺北市,萬華區,福音里,臺北市,3,鄭匡宇,無黨籍及未經政黨推薦,2,
2022年直轄市長選舉,2022,臺北市,萬華區,福音里,臺北市,4,黃聖峰,台澎黨,0,
2022年直轄市長選舉,2022,臺北市,萬華區,福音里,臺北市,5,童文薰,無黨籍及未經政黨推薦,3,
2022年直轄市長選舉,2022,臺北市,萬華區,福音里,臺北市,6,蔣萬安,中國國民黨,772,*
2022年直轄市長選舉,2022,臺北市,萬華區,福音里,臺北市,7,蘇煥智,台灣維新,5,
2022年直轄市長選舉,2022,臺北市,萬華區,福音里,臺北市,8,黃珊珊,無黨籍及未經政黨推薦,536,
2022年直轄市長選舉,2022,臺北市,萬華區,福音里,臺北市,9,施奉先,無黨籍及未經政黨推薦,3,
2022年直轄市長選舉,2022,臺北市,萬華區,福音里,臺北市,10,唐新民,共和黨,0,
2022年直轄市長選舉,2022,臺北市,萬華區,福音里,臺北市,11,謝立康,無黨籍及未經政黨推薦,1,
2022年直轄市長選舉,2022,臺北市,萬華區,福音里,臺北市,12,陳時中,民主進步黨,740,
2022年直轄市長選舉,2022,臺北市,萬華區,仁德里,臺北市,1,張家豪,台灣動物保護黨,3,
2022年直轄市長選舉,2022,臺北市,萬華區,仁德里,臺北市,2,王文娟,無黨籍及未經政黨推薦,1,
2022年直轄市長選舉,2022,臺北市,萬華區,仁德里,臺北市,3,鄭匡宇,無黨籍及未經政黨推薦,0,
2022年直轄市長選舉,2022,臺北市,萬華區,仁德里,臺北市,4,黃聖峰,台澎黨,0,
2022年直轄市長選舉,2022,臺北市,萬華區,仁德里,臺北市,5,童文薰,無黨籍及未經政黨推薦,5,
2022年直轄市長選舉,2022,臺北市,萬華區,仁德里,臺北市,6,蔣萬安,中國國民黨,999,*
2022年直轄市長選舉,2022,臺北市,萬華區,仁德里,臺北市,7,蘇煥智,台灣維新,1,
2022年直轄市長選舉,2022,臺北市,萬華區,仁德里,臺北市,8,黃珊珊,無黨籍及未經政黨推薦,663,
2022年直轄市長選舉,2022,臺北市,萬華區,仁德里,臺北市,9,施奉先,無黨籍及未經政黨推薦,0,
2022年直轄市長選舉,2022,臺北市,萬華區,仁德里,臺北市,10,唐新民,共和黨,0,
2022年直轄市長選舉,2022,臺北市,萬華區,仁德里,臺北市,11,謝立康,無黨籍及未經政黨推薦,0,
2022年直轄市長選舉,2022,臺北市,萬華區,仁德里,臺北市,12,陳時中,民主進步黨,959,
2022年直轄市長選舉,2022,臺北市,萬華區,富福里,臺北市,1,張家豪,台灣動物保護黨,3,
2022年直轄市長選舉,2022,臺北市,萬華區,富福里,臺北市,2,王文娟,無黨籍及未經政黨推薦,1,
2022年直轄市長選舉,2022,臺北市,萬華區,富福里,臺北市,3,鄭匡宇,無黨籍及未經政黨推薦,0,
2022年直轄市長選舉,2022,臺北市,萬華區,富福里,臺北市,4,黃聖峰,台澎黨,1,
2022年直轄市長選舉,2022,臺北市,萬華區,富福里,臺北市,5,童文薰,無黨籍及未經政黨推薦,5,
2022年直轄市長選舉,2022,臺北市,萬華區,富福里,臺北市,6,蔣萬安,中國國民黨,895,*
2022年直轄市長選舉,2022,臺北市,萬華區,富福里,臺北市,7,蘇煥智,台灣維新,1,
2022年直轄市長選舉,2022,臺北市,萬華區,富福里,臺北市,8,黃珊珊,無黨籍及未經政黨推薦,710,
2022年直轄市長選舉,2022,臺北市,萬華區,富福里,臺北市,9,施奉先,無黨籍及未經政黨推薦,4,
2022年直轄市長選舉,2022,臺北市,萬華區,富福里,臺北市,10,唐新民,共和黨,0,
2022年直轄市長選舉,2022,臺北市,萬華區,富福里,臺北市,11,謝立康,無黨籍及未經政黨推薦,1,
2022年直轄市長選舉,2022,臺北市,萬華區,富福里,臺北市,12,陳時中,民主進步黨,1001,
2022年直轄市長選舉,2022,臺北市,萬華區,頂碩里,臺北市,1,張家豪,台灣動物保護黨,6,
2022年直轄市長選舉,2022,臺北市,萬華區,頂碩里,臺北市,2,王文娟,無黨籍及未經政黨推薦,0,
2022年直轄市長選舉,2022,臺北市,萬華區,頂碩里,臺北市,3,鄭匡宇,無黨籍及未經政黨推薦,3,
2022年直轄市長選舉,2022,臺北市,萬華區,頂碩里,臺北市,4,黃聖峰,台澎黨,1,
2022年直轄市長選舉,2022,臺北市,萬華區,頂碩里,臺北市,5,童文薰,無黨籍及未經政黨推薦,10,
2022年直轄市長選舉,2022,臺北市,萬華區,頂碩里,臺北市,6,蔣萬安,中國國民黨,1317,*
2022年直轄市長選舉,2022,臺北市,萬華區,頂碩里,臺北市,7,蘇煥智,台灣維新,3,
2022年直轄市長選舉,2022,臺北市,萬華區,頂碩里,臺北市,8,黃珊珊,無黨籍及未經政黨推薦,1013,
2022年直轄市長選舉,2022,臺北市,萬華區,頂碩里,臺北市,9,施奉先,無黨籍及未經政黨推薦,4,
2022年直轄市長選舉,2022,臺北市,萬華區,頂碩里,臺北市,10,唐新民,共和黨,0,
2022年直轄市長選舉,2022,臺北市,萬華區,頂碩里,臺北市,11,謝立康,無黨籍及未經政黨推薦,2,
2022年直轄市長選舉,2022,臺北市,萬華區,頂碩里,臺北市,12,陳時中,民主進步黨,1570,
2022年直轄市長選舉,2022,臺北市,萬華區,雙園里,臺北市,1,張家豪,台灣動物保護黨,3,
2022年直轄市長選舉,2022,臺北市,萬華區,雙園里,臺北市,2,王文娟,無黨籍及未經政黨推薦,0,
2022年直轄市長選舉,2022,臺北市,萬華區,雙園里,臺北市,3,鄭匡宇,無黨籍及未經政黨推薦,1,
2022年直轄市長選舉,2022,臺北市,萬華區,雙園里,臺北市,4,黃聖峰,台澎黨,0,
2022年直轄市長選舉,2022,臺北市,萬華區,雙園里,臺北市,5,童文薰,無黨籍及未經政黨推薦,3,
2022年直轄市長選舉,2022,臺北市,萬華區,雙園里,臺北市,6,蔣萬安,中國國民黨,856,*
2022年直轄市長選舉,2022,臺北市,萬華區,雙園里,臺北市,7,蘇煥智,台灣維新,4,
2022年直轄市長選舉,2022,臺北市,萬華區,雙園里,臺北市,8,黃珊珊,無黨籍及未經政黨推薦,612,
2022年直轄市長選舉,2022,臺北市,萬華區,雙園里,臺北市,9,施奉先,無黨籍及未經政黨推薦,0,
2022年直轄市長選舉,2022,臺北市,萬華區,雙園里,臺北市,10,唐新民,共和黨,1,
2022年直轄市長選舉,2022,臺北市,萬華區,雙園里,臺北市,11,謝立康,無黨籍及未經政黨推薦,0,
2022年直轄市長選舉,2022,臺北市,萬華區,雙園里,臺北市,12,陳時中,民主進步黨,896,
2022年直轄市長選舉,2022,臺北市,萬華區,新忠里,臺北市,1,張家豪,台灣動物保護黨,2,
2022年直轄市長選舉,2022,臺北市,萬華區,新忠里,臺北市,2,王文娟,無黨籍及未經政黨推薦,0,
2022年直轄市長選舉,2022,臺北市,萬華區,新忠里,臺北市,3,鄭匡宇,無黨籍及未經政黨推薦,2,
2022年直轄市長選舉,2022,臺北市,萬華區,新忠里,臺北市,4,黃聖峰,台澎黨,0,
2022年直轄市長選舉,2022,臺北市,萬華區,新忠里,臺北市,5,童文薰,無黨籍及未經政黨推薦,2,
2022年直轄市長選舉,2022,臺北市,萬華區,新忠里,臺北市,6,蔣萬安,中國國民黨,1206,*
2022年直轄市長選舉,2022,臺北市,萬華區,新忠里,臺北市,7,蘇煥智,台灣維新,2,
2022年直轄市長選舉,2022,臺北市,萬華區,新忠里,臺北市,8,黃珊珊,無黨籍及未經政黨推薦,370,
2022年直轄市長選舉,2022,臺北市,萬華區,新忠里,臺北市,9,施奉先,無黨籍及未經政黨推薦,0,
2022年直轄市長選舉,2022,臺北市,萬華區,新忠里,臺北市,10,唐新民,共和黨,0,
2022年直轄市長選舉,2022,臺北市,萬華區,新忠里,臺北市,11,謝立康,無黨籍及未經政黨推薦,0,
2022年直轄市長選舉,2022,臺北市,萬華區,新忠里,臺北市,12,陳時中,民主進步黨,310,
2022年直轄市長選舉,2022,臺北市,萬華區,新和里,臺北市,1,張家豪,台灣動物保護黨,6,
2022年直轄市長選舉,2022,臺北市,萬華區,新和里,臺北市,2,王文娟,無黨籍及未經政黨推薦,0,
2022年直轄市長選舉,2022,臺北市,萬華區,新和里,臺北市,3,鄭匡宇,無黨籍及未經政黨推薦,2,
2022年直轄市長選舉,2022,臺北市,萬華區,新和里,臺北市,4,黃聖峰,台澎黨,0,
2022年直轄市長選舉,2022,臺北市,萬華區,新和里,臺北市,5,童文薰,無黨籍及未經政黨推薦,11,
2022年直轄市長選舉,2022,臺北市,萬華區,新和里,臺北市,6,蔣萬安,中國國民黨,2747,*
2022年直轄市長選舉,2022,臺北市,萬華區,新和里,臺北市,7,蘇煥智,台灣維新,4,
2022年直轄市長選舉,2022,臺北市,萬華區,新和里,臺北市,8,黃珊珊,無黨籍及未經政黨推薦,1136,
2022年直轄市長選舉,2022,臺北市,萬華區,新和里,臺北市,9,施奉先,無黨籍及未經政黨推薦,0,
2022年直轄市長選舉,2022,臺北市,萬華區,新和里,臺北市,10,唐新民,共和黨,0,
2022年直轄市長選舉,2022,臺北市,萬華區,新和里,臺北市,11,謝立康,無黨籍及未經政黨推薦,2,
2022年直轄市長選舉,2022,臺北市,萬華區,新和里,臺北市,12,陳時中,民主進步黨,812,
2022年直轄市長選舉,2022,臺北市,萬華區,糖廍里,臺北市,1,張家豪,台灣動物保護黨,8,
2022年直轄市長選舉,2022,臺北市,萬華區,糖廍里,臺北市,2,王文娟,無黨籍及未經政黨推薦,0,
2022年直轄市長選舉,2022,臺北市,萬華區,糖廍里,臺北市,3,鄭匡宇,無黨籍及未經政黨推薦,2,
2022年直轄市長選舉,2022,臺北市,萬華區,糖廍里,臺北市,4,黃聖峰,台澎黨,1,
2022年直轄市長選舉,2022,臺北市,萬華區,糖廍里,臺北市,5,童文薰,無黨籍及未經政黨推薦,6,
2022年直轄市長選舉,2022,臺北市,萬華區,糖廍里,臺北市,6,蔣萬安,中國國民黨,1098,*
2022年直轄市長選舉,2022,臺北市,萬華區,糖廍里,臺北市,7,蘇煥智,台灣維新,5,
2022年直轄市長選舉,2022,臺北市,萬華區,糖廍里,臺北市,8,黃珊珊,無黨籍及未經政黨推薦,782,
2022年直轄市長選舉,2022,臺北市,萬華區,糖廍里,臺北市,9,施奉先,無黨籍及未經政黨推薦,6,
2022年直轄市長選舉,2022,臺北市,萬華區,糖廍里,臺北市,10,唐新民,共和黨,1,
2022年直轄市長選舉,2022,臺北市,萬華區,糖廍里,臺北市,11,謝立康,無黨籍及未經政黨推薦,1,
2022年直轄市長選舉,2022,臺北市,萬華區,糖廍里,臺北市,12,陳時中,民主進步黨,1160,
2022年直轄市長選舉,2022,臺北市,萬華區,和平里,臺北市,1,張家豪,台灣動物保護黨,5,
2022年直轄市長選舉,2022,臺北市,萬華區,和平里,臺北市,2,王文娟,無黨籍及未經政黨推薦,0,
2022年直轄市長選舉,2022,臺北市,萬華區,和平里,臺北市,3,鄭匡宇,無黨籍及未經政黨推薦,0,
2022年直轄市長選舉,2022,臺北市,萬華區,和平里,臺北市,4,黃聖峰,台澎黨,1,
2022年直轄市長選舉,2022,臺北市,萬華區,和平里,臺北市,5,童文薰,無黨籍及未經政黨推薦,6,
2022年直轄市長選舉,2022,臺北市,萬華區,和平里,臺北市,6,蔣萬安,中國國民黨,1087,*
2022年直轄市長選舉,2022,臺北市,萬華區,和平里,臺北市,7,蘇煥智,台灣維新,2,
2022年直轄市長選舉,2022,臺北市,萬華區,和平里,臺北市,8,黃珊珊,無黨籍及未經政黨推薦,975,
2022年直轄市長選舉,2022,臺北市,萬華區,和平里,臺北市,9,施奉先,無黨籍及未經政黨推薦,0,
2022年直轄市長選舉,2022,臺北市,萬華區,和平里,臺北市,10,唐新民,共和黨,1,
2022年直轄市長選舉,2022,臺北市,萬華區,和平里,臺北市,11,謝立康,無黨籍及未經政黨推薦,3,
2022年直轄市長選舉,2022,臺北市,萬華區,和平里,臺北市,12,陳時中,民主進步黨,1523,
2022年直轄市長選舉,2022,臺北市,萬華區,綠堤里,臺北市,1,張家豪,台灣動物保護黨,6,
2022年直轄市長選舉,2022,臺北市,萬華區,綠堤里,臺北市,2,王文娟,無黨籍及未經政黨推薦,4,
2022年直轄市長選舉,2022,臺北市,萬華區,綠堤里,臺北市,3,鄭匡宇,無黨籍及未經政黨推薦,2,
2022年直轄市長選舉,2022,臺北市,萬華區,綠堤里,臺北市,4,黃聖峰,台澎黨,1,
2022年直轄市長選舉,2022,臺北市,萬華區,綠堤里,臺北市,5,童文薰,無黨籍及未經政黨推薦,2,
2022年直轄市長選舉,2022,臺北市,萬華區,綠堤里,臺北市,6,蔣萬安,中國國民黨,924,*
2022年直轄市長選舉,2022,臺北市,萬華區,綠堤里,臺北市,7,蘇煥智,台灣維新,3,
2022年直轄市長選舉,2022,臺北市,萬華區,綠堤里,臺北市,8,黃珊珊,無黨籍及未經政黨推薦,635,
2022年直轄市長選舉,2022,臺北市,萬華區,綠堤里,臺北市,9,施奉先,無黨籍及未經政黨推薦,0,
2022年直轄市長選舉,2022,臺北市,萬華區,綠堤里,臺北市,10,唐新民,共和黨,0,
2022年直轄市長選舉,2022,臺北市,萬華區,綠堤里,臺北市,11,謝立康,無黨籍及未經政黨推薦,0,
2022年直轄市長選舉,2022,臺北市,萬華區,綠堤里,臺北市,12,陳時中,民主進步黨,769,
2022年直轄市長選舉,2022,臺北市,萬華區,華江里,臺北市,1,張家豪,台灣動物保護黨,8,
2022年直轄市長選舉,2022,臺北市,萬華區,華江里,臺北市,2,王文娟,無黨籍及未經政黨推薦,1,
2022年直轄市長選舉,2022,臺北市,萬華區,華江里,臺北市,3,鄭匡宇,無黨籍及未經政黨推薦,1,
2022年直轄市長選舉,2022,臺北市,萬華區,華江里,臺北市,4,黃聖峰,台澎黨,0,
2022年直轄市長選舉,2022,臺北市,萬華區,華江里,臺北市,5,童文薰,無黨籍及未經政黨推薦,6,
2022年直轄市長選舉,2022,臺北市,萬華區,華江里,臺北市,6,蔣萬安,中國國民黨,1654,*
2022年直轄市長選舉,2022,臺北市,萬華區,華江里,臺北市,7,蘇煥智,台灣維新,4,
2022年直轄市長選舉,2022,臺北市,萬華區,華江里,臺北市,8,黃珊珊,無黨籍及未經政黨推薦,1295,
2022年直轄市長選舉,2022,臺北市,萬華區,華江里,臺北市,9,施奉先,無黨籍及未經政黨推薦,2,
2022年直轄市長選舉,2022,臺北市,萬華區,華江里,臺北市,10,唐新民,共和黨,1,
2022年直轄市長選舉,2022,臺北市,萬華區,華江里,臺北市,11,謝立康,無黨籍及未經政黨推薦,1,
2022年直轄市長選舉,2022,臺北市,萬華區,華江里,臺北市,12,陳時中,民主進步黨,1641,
2022年直轄市長選舉,2022,臺北市,萬華區,柳鄉里,臺北市,1,張家豪,台灣動物保護黨,7,
2022年直轄市長選舉,2022,臺北市,萬華區,柳鄉里,臺北市,2,王文娟,無黨籍及未經政黨推薦,0,
2022年直轄市長選舉,2022,臺北市,萬華區,柳鄉里,臺北市,3,鄭匡宇,無黨籍及未經政黨推薦,2,
2022年直轄市長選舉,2022,臺北市,萬華區,柳鄉里,臺北市,4,黃聖峰,台澎黨,2,
2022年直轄市長選舉,2022,臺北市,萬華區,柳鄉里,臺北市,5,童文薰,無黨籍及未經政黨推薦,6,
2022年直轄市長選舉,2022,臺北市,萬華區,柳鄉里,臺北市,6,蔣萬安,中國國民黨,870,*
2022年直轄市長選舉,2022,臺北市,萬華區,柳鄉里,臺北市,7,蘇煥智,台灣維新,7,
2022年直轄市長選舉,2022,臺北市,萬華區,柳鄉里,臺北市,8,黃珊珊,無黨籍及未經政黨推薦,681,
2022年直轄市長選舉,2022,臺北市,萬華區,柳鄉里,臺北市,9,施奉先,無黨籍及未經政黨推薦,2,
2022年直轄市長選舉,2022,臺北市,萬華區,柳鄉里,臺北市,10,唐新民,共和黨,2,
2022年直轄市長選舉,2022,臺北市,萬華區,柳鄉里,臺北市,11,謝立康,無黨籍及未經政黨推薦,0,
2022年直轄市長選舉,2022,臺北市,萬華區,柳鄉里,臺北市,12,陳時中,民主進步黨,1053,
2022年直轄市長選舉,2022,臺北市,萬華區,日善里,臺北市,1,張家豪,台灣動物保護黨,2,
2022年直轄市長選舉,2022,臺北市,萬華區,日善里,臺北市,2,王文娟,無黨籍及未經政黨推薦,1,
2022年直轄市長選舉,2022,臺北市,萬華區,日善里,臺北市,3,鄭匡宇,無黨籍及未經政黨推薦,0,
2022年直轄市長選舉,2022,臺北市,萬華區,日善里,臺北市,4,黃聖峰,台澎黨,0,
2022年直轄市長選舉,2022,臺北市,萬華區,日善里,臺北市,5,童文薰,無黨籍及未經政黨推薦,5,
2022年直轄市長選舉,2022,臺北市,萬華區,日善里,臺北市,6,蔣萬安,中國國民黨,729,*
2022年直轄市長選舉,2022,臺北市,萬華區,日善里,臺北市,7,蘇煥智,台灣維新,3,
2022年直轄市長選舉,2022,臺北市,萬華區,日善里,臺北市,8,黃珊珊,無黨籍及未經政黨推薦,537,
2022年直轄市長選舉,2022,臺北市,萬華區,日善里,臺北市,9,施奉先,無黨籍及未經政黨推薦,0,
2022年直轄市長選舉,2022,臺北市,萬華區,日善里,臺北市,10,唐新民,共和黨,2,
2022年直轄市長選舉,2022,臺北市,萬華區,日善里,臺北市,11,謝立康,無黨籍及未經政黨推薦,0,
2022年直轄市長選舉,2022,臺北市,萬華區,日善里,臺北市,12,陳時中,民主進步黨,744,
2022年直轄市長選舉,2022,臺北市,萬華區,新安里,臺北市,1,張家豪,台灣動物保護黨,8,
2022年直轄市長選舉,2022,臺北市,萬華區,新安里,臺北市,2,王文娟,無黨籍及未經政黨推薦,0,
2022年直轄市長選舉,2022,臺北市,萬華區,新安里,臺北市,3,鄭匡宇,無黨籍及未經政黨推薦,3,
2022年直轄市長選舉,2022,臺北市,萬華區,新安里,臺北市,4,黃聖峰,台澎黨,0,
2022年直轄市長選舉,2022,臺北市,萬華區,新安里,臺北市,5,童文薰,無黨籍及未經政黨推薦,5,
2022年直轄市長選舉,2022,臺北市,萬華區,新安里,臺北市,6,蔣萬安,中國國民黨,1458,*
2022年直轄市長選舉,2022,臺北市,萬華區,新安里,臺北市,7,蘇煥智,台灣維新,4,
2022年直轄市長選舉,2022,臺北市,萬華區,新安里,臺北市,8,黃珊珊,無黨籍及未經政黨推薦,717,
2022年直轄市長選舉,2022,臺北市,萬華區,新安里,臺北市,9,施奉先,無黨籍及未經政黨推薦,2,
2022年直轄市長選舉,2022,臺北市,萬華區,新安里,臺北市,10,唐新民,共和黨,0,
2022年直轄市長選舉,2022,臺北市,萬華區,新安里,臺北市,11,謝立康,無黨籍及未經政黨推薦,1,
2022年直轄市長選舉,2022,臺北市,萬華區,新安里,臺北市,12,陳時中,民主進步黨,767,
2022年直轄市長選舉,2022,臺北市,萬華區,忠德里,臺北市,1,張家豪,台灣動物保護黨,3,
2022年直轄市長選舉,2022,臺北市,萬華區,忠德里,臺北市,2,王文娟,無黨籍及未經政黨推薦,0,
2022年直轄市長選舉,2022,臺北市,萬華區,忠德里,臺北市,3,鄭匡宇,無黨籍及未經政黨推薦,0,
2022年直轄市長選舉,2022,臺北市,萬華區,忠德里,臺北市,4,黃聖峰,台澎黨,0,
2022年直轄市長選舉,2022,臺北市,萬華區,忠德里,臺北市,5,童文薰,無黨籍及未經政黨推薦,3,
2022年直轄市長選舉,2022,臺北市,萬華區,忠德里,臺北市,6,蔣萬安,中國國民黨,850,*
2022年直轄市長選舉,2022,臺北市,萬華區,忠德里,臺北市,7,蘇煥智,台灣維新,3,
2022年直轄市長選舉,2022,臺北市,萬華區,忠德里,臺北市,8,黃珊珊,無黨籍及未經政黨推薦,706,
2022年直轄市長選舉,2022,臺北市,萬華區,忠德里,臺北市,9,施奉先,無黨籍及未經政黨推薦,2,
2022年直轄市長選舉,2022,臺北市,萬華區,忠德里,臺北市,10,唐新民,共和黨,1,
2022年直轄市長選舉,2022,臺北市,萬華區,忠德里,臺北市,11,謝立康,無黨籍及未經政黨推薦,1,
2022年直轄市長選舉,2022,臺北市,萬華區,忠德里,臺北市,12,陳時中,民主進步黨,924,
2022年直轄市長選舉,2022,臺北市,萬華區,孝德里,臺北市,1,張家豪,台灣動物保護黨,3,
2022年直轄市長選舉,2022,臺北市,萬華區,孝德里,臺北市,2,王文娟,無黨籍及未經政黨推薦,0,
2022年直轄市長選舉,2022,臺北市,萬華區,孝德里,臺北市,3,鄭匡宇,無黨籍及未經政黨推薦,1,
2022年直轄市長選舉,2022,臺北市,萬華區,孝德里,臺北市,4,黃聖峰,台澎黨,0,
2022年直轄市長選舉,2022,臺北市,萬華區,孝德里,臺北市,5,童文薰,無黨籍及未經政黨推薦,3,
2022年直轄市長選舉,2022,臺北市,萬華區,孝德里,臺北市,6,蔣萬安,中國國民黨,577,*
2022年直轄市長選舉,2022,臺北市,萬華區,孝德里,臺北市,7,蘇煥智,台灣維新,2,
2022年直轄市長選舉,2022,臺北市,萬華區,孝德里,臺北市,8,黃珊珊,無黨籍及未經政黨推薦,487,
2022年直轄市長選舉,2022,臺北市,萬華區,孝德里,臺北市,9,施奉先,無黨籍及未經政黨推薦,0,
2022年直轄市長選舉,2022,臺北市,萬華區,孝德里,臺北市,10,唐新民,共和黨,0,
2022年直轄市長選舉,2022,臺北市,萬華區,孝德里,臺北市,11,謝立康,無黨籍及未經政黨推薦,1,
2022年直轄市長選舉,2022,臺北市,萬華區,孝德里,臺北市,12,陳時中,民主進步黨,730,
2022年直轄市長選舉,2022,臺北市,萬華區,和德里,臺北市,1,張家豪,台灣動物保護黨,6,
2022年直轄市長選舉,2022,臺北市,萬華區,和德里,臺北市,2,王文娟,無黨籍及未經政黨推薦,2,
2022年直轄市長選舉,2022,臺北市,萬華區,和德里,臺北市,3,鄭匡宇,無黨籍及未經政黨推薦,0,
2022年直轄市長選舉,2022,臺北市,萬華區,和德里,臺北市,4,黃聖峰,台澎黨,1,
2022年直轄市長選舉,2022,臺北市,萬華區,和德里,臺北市,5,童文薰,無黨籍及未經政黨推薦,7,
2022年直轄市長選舉,2022,臺北市,萬華區,和德里,臺北市,6,蔣萬安,中國國民黨,1119,*
2022年直轄市長選舉,2022,臺北市,萬華區,和德里,臺北市,7,蘇煥智,台灣維新,3,
2022年直轄市長選舉,2022,臺北市,萬華區,和德里,臺北市,8,黃珊珊,無黨籍及未經政黨推薦,823,
2022年直轄市長選舉,2022,臺北市,萬華區,和德里,臺北市,9,施奉先,無黨籍及未經政黨推薦,1,
2022年直轄市長選舉,2022,臺北市,萬華區,和德里,臺北市,10,唐新民,共和黨,2,
2022年直轄市長選舉,2022,臺北市,萬華區,和德里,臺北市,11,謝立康,無黨籍及未經政黨推薦,0,
2022年直轄市長選舉,2022,臺北市,萬華區,和德里,臺北市,12,陳時中,民主進步黨,1251,
2022年直轄市長選舉,2022,臺北市,萬華區,錦德里,臺北市,1,張家豪,台灣動物保護黨,6,
2022年直轄市長選舉,2022,臺北市,萬華區,錦德里,臺北市,2,王文娟,無黨籍及未經政黨推薦,4,
2022年直轄市長選舉,2022,臺北市,萬華區,錦德里,臺北市,3,鄭匡宇,無黨籍及未經政黨推薦,1,
2022年直轄市長選舉,2022,臺北市,萬華區,錦德里,臺北市,4,黃聖峰,台澎黨,4,
2022年直轄市長選舉,2022,臺北市,萬華區,錦德里,臺北市,5,童文薰,無黨籍及未經政黨推薦,3,
2022年直轄市長選舉,2022,臺北市,萬華區,錦德里,臺北市,6,蔣萬安,中國國民黨,1031,*
2022年直轄市長選舉,2022,臺北市,萬華區,錦德里,臺北市,7,蘇煥智,台灣維新,3,
2022年直轄市長選舉,2022,臺北市,萬華區,錦德里,臺北市,8,黃珊珊,無黨籍及未經政黨推薦,838,
2022年直轄市長選舉,2022,臺北市,萬華區,錦德里,臺北市,9,施奉先,無黨籍及未經政黨推薦,1,
2022年直轄市長選舉,2022,臺北市,萬華區,錦德里,臺北市,10,唐新民,共和黨,1,
2022年直轄市長選舉,2022,臺北市,萬華區,錦德里,臺北市,11,謝立康,無黨籍及未經政黨推薦,0,
2022年直轄市長選舉,2022,臺北市,萬華區,錦德里,臺北市,12,陳時中,民主進步黨,1165,
2022年直轄市長選舉,2022,臺北市,萬華區,全德里,臺北市,1,張家豪,台灣動物保護黨,3,
2022年直轄市長選舉,2022,臺北市,萬華區,全德里,臺北市,2,王文娟,無黨籍及未經政黨推薦,1,
2022年直轄市長選舉,2022,臺北市,萬華區,全德里,臺北市,3,鄭匡宇,無黨籍及未經政黨推薦,1,
2022年直轄市長選舉,2022,臺北市,萬華區,全德里,臺北市,4,黃聖峰,台澎黨,0,
2022年直轄市長選舉,2022,臺北市,萬華區,全德里,臺北市,5,童文薰,無黨籍及未經政黨推薦,5,
2022年直轄市長選舉,2022,臺北市,萬華區,全德里,臺北市,6,蔣萬安,中國國民黨,862,*
2022年直轄市長選舉,2022,臺北市,萬華區,全德里,臺北市,7,蘇煥智,台灣維新,3,
2022年直轄市長選舉,2022,臺北市,萬華區,全德里,臺北市,8,黃珊珊,無黨籍及未經政黨推薦,629,
2022年直轄市長選舉,2022,臺北市,萬華區,全德里,臺北市,9,施奉先,無黨籍及未經政黨推薦,1,
2022年直轄市長選舉,2022,臺北市,萬華區,全德里,臺北市,10,唐新民,共和黨,0,
2022年直轄市長選舉,2022,臺北市,萬華區,全德里,臺北市,11,謝立康,無黨籍及未經政黨推薦,0,
2022年直轄市長選舉,2022,臺北市,萬華區,全德里,臺北市,12,陳時中,民主進步黨,819,
2022年直轄市長選舉,2022,臺北市,萬華區,保德里,臺北市,1,張家豪,台灣動物保護黨,1,
2022年直轄市長選舉,2022,臺北市,萬華區,保德里,臺北市,2,王文娟,無黨籍及未經政黨推薦,1,
2022年直轄市長選舉,2022,臺北市,萬華區,保德里,臺北市,3,鄭匡宇,無黨籍及未經政黨推薦,0,
2022年直轄市長選舉,2022,臺北市,萬華區,保德里,臺北市,4,黃聖峰,台澎黨,0,
2022年直轄市長選舉,2022,臺北市,萬華區,保德里,臺北市,5,童文薰,無黨籍及未經政黨推薦,5,
2022年直轄市長選舉,2022,臺北市,萬華區,保德里,臺北市,6,蔣萬安,中國國民黨,676,*
2022年直轄市長選舉,2022,臺北市,萬華區,保德里,臺北市,7,蘇煥智,台灣維新,4,
2022年直轄市長選舉,2022,臺北市,萬華區,保德里,臺北市,8,黃珊珊,無黨籍及未經政黨推薦,425,
2022年直轄市長選舉,2022,臺北市,萬華區,保德里,臺北市,9,施奉先,無黨籍及未經政黨推薦,0,
2022年直轄市長選舉,2022,臺北市,萬華區,保德里,臺北市,10,唐新民,共和黨,0,
2022年直轄市長選舉,2022,臺北市,萬華區,保德里,臺北市,11,謝立康,無黨籍及未經政黨推薦,0,
2022年直轄市長選舉,2022,臺北市,萬華區,保德里,臺北市,12,陳時中,民主進步黨,642,
2022年直轄市長選舉,2022,臺北市,萬華區,銘德里,臺北市,1,張家豪,台灣動物保護黨,8,
2022年直轄市長選舉,2022,臺北市,萬華區,銘德里,臺北市,2,王文娟,無黨籍及未經政黨推薦,4,
2022年直轄市長選舉,2022,臺北市,萬華區,銘德里,臺北市,3,鄭匡宇,無黨籍及未經政黨推薦,0,
2022年直轄市長選舉,2022,臺北市,萬華區,銘德里,臺北市,4,黃聖峰,台澎黨,0,
2022年直轄市長選舉,2022,臺北市,萬華區,銘德里,臺北市,5,童文薰,無黨籍及未經政黨推薦,5,
2022年直轄市長選舉,2022,臺北市,萬華區,銘德里,臺北市,6,蔣萬安,中國國民黨,916,*
2022年直轄市長選舉,2022,臺北市,萬華區,銘德里,臺北市,7,蘇煥智,台灣維新,2,
2022年直轄市長選舉,2022,臺北市,萬華區,銘德里,臺北市,8,黃珊珊,無黨籍及未經政黨推薦,718,
2022年直轄市長選舉,2022,臺北市,萬華區,銘德里,臺北市,9,施奉先,無黨籍及未經政黨推薦,1,
2022年直轄市長選舉,2022,臺北市,萬華區,銘德里,臺北市,10,唐新民,共和黨,0,
2022年直轄市長選舉,2022,臺北市,萬華區,銘德里,臺北市,11,謝立康,無黨籍及未經政黨推薦,0,
2022年直轄市長選舉,2022,臺北市,萬華區,銘德里,臺北市,12,陳時中,民主進步黨,930,
2022年直轄市長選舉,2022,臺北市,萬華區,榮德里,臺北市,1,張家豪,台灣動物保護黨,5,
2022年直轄市長選舉,2022,臺北市,萬華區,榮德里,臺北市,2,王文娟,無黨籍及未經政黨推薦,0,
2022年直轄市長選舉,2022,臺北市,萬華區,榮德里,臺北市,3,鄭匡宇,無黨籍及未經政黨推薦,0,
2022年直轄市長選舉,2022,臺北市,萬華區,榮德里,臺北市,4,黃聖峰,台澎黨,0,
2022年直轄市長選舉,2022,臺北市,萬華區,榮德里,臺北市,5,童文薰,無黨籍及未經政黨推薦,4,
2022年直轄市長選舉,2022,臺北市,萬華區,榮德里,臺北市,6,蔣萬安,中國國民黨,711,*
2022年直轄市長選舉,2022,臺北市,萬華區,榮德里,臺北市,7,蘇煥智,台灣維新,4,
2022年直轄市長選舉,2022,臺北市,萬華區,榮德里,臺北市,8,黃珊珊,無黨籍及未經政黨推薦,457,
2022年直轄市長選舉,2022,臺北市,萬華區,榮德里,臺北市,9,施奉先,無黨籍及未經政黨推薦,2,
2022年直轄市長選舉,2022,臺北市,萬華區,榮德里,臺北市,10,唐新民,共和黨,0,
2022年直轄市長選舉,2022,臺北市,萬華區,榮德里,臺北市,11,謝立康,無黨籍及未經政黨推薦,0,
2022年直轄市長選舉,2022,臺北市,萬華區,榮德里,臺北市,12,陳時中,民主進步黨,747,
2022年直轄市長選舉,2022,臺北市,萬華區,壽德里,臺北市,1,張家豪,台灣動物保護黨,5,
2022年直轄市長選舉,2022,臺北市,萬華區,壽德里,臺北市,2,王文娟,無黨籍及未經政黨推薦,1,
2022年直轄市長選舉,2022,臺北市,萬華區,壽德里,臺北市,3,鄭匡宇,無黨籍及未經政黨推薦,0,
2022年直轄市長選舉,2022,臺北市,萬華區,壽德里,臺北市,4,黃聖峰,台澎黨,0,
2022年直轄市長選舉,2022,臺北市,萬華區,壽德里,臺北市,5,童文薰,無黨籍及未經政黨推薦,4,
2022年直轄市長選舉,2022,臺北市,萬華區,壽德里,臺北市,6,蔣萬安,中國國民黨,1037,*
2022年直轄市長選舉,2022,臺北市,萬華區,壽德里,臺北市,7,蘇煥智,台灣維新,2,
2022年直轄市長選舉,2022,臺北市,萬華區,壽德里,臺北市,8,黃珊珊,無黨籍及未經政黨推薦,674,
2022年直轄市長選舉,2022,臺北市,萬華區,壽德里,臺北市,9,施奉先,無黨籍及未經政黨推薦,1,
2022年直轄市長選舉,2022,臺北市,萬華區,壽德里,臺北市,10,唐新民,共和黨,1,
2022年直轄市長選舉,2022,臺北市,萬華區,壽德里,臺北市,11,謝立康,無黨籍及未經政黨推薦,0,
2022年直轄市長選舉,2022,臺北市,萬華區,壽德里,臺北市,12,陳時中,民主進步黨,966,
2022年直轄市長選舉,2022,臺北市,萬華區,興德里,臺北市,1,張家豪,台灣動物保護黨,8,
2022年直轄市長選舉,2022,臺北市,萬華區,興德里,臺北市,2,王文娟,無黨籍及未經政黨推薦,0,
2022年直轄市長選舉,2022,臺北市,萬華區,興德里,臺北市,3,鄭匡宇,無黨籍及未經政黨推薦,0,
2022年直轄市長選舉,2022,臺北市,萬華區,興德里,臺北市,4,黃聖峰,台澎黨,0,
2022年直轄市長選舉,2022,臺北市,萬華區,興德里,臺北市,5,童文薰,無黨籍及未經政黨推薦,5,
2022年直轄市長選舉,2022,臺北市,萬華區,興德里,臺北市,6,蔣萬安,中國國民黨,873,*
2022年直轄市長選舉,2022,臺北市,萬華區,興德里,臺北市,7,蘇煥智,台灣維新,3,
2022年直轄市長選舉,2022,臺北市,萬華區,興德里,臺北市,8,黃珊珊,無黨籍及未經政黨推薦,578,
2022年直轄市長選舉,2022,臺北市,萬華區,興德里,臺北市,9,施奉先,無黨籍及未經政黨推薦,0,
2022年直轄市長選舉,2022,臺北市,萬華區,興德里,臺北市,10,唐新民,共和黨,2,
2022年直轄市長選舉,2022,臺北市,萬華區,興德里,臺北市,11,謝立康,無黨籍及未經政黨推薦,1,
2022年直轄市長選舉,2022,臺北市,萬華區,興德里,臺北市,12,陳時中,民主進步黨,899,
2022年直轄市長選舉,2022,臺北市,萬華區,華中里,臺北市,1,張家豪,台灣動物保護黨,12,
2022年直轄市長選舉,2022,臺北市,萬華區,華中里,臺北市,2,王文娟,無黨籍及未經政黨推薦,3,
2022年直轄市長選舉,2022,臺北市,萬華區,華中里,臺北市,3,鄭匡宇,無黨籍及未經政黨推薦,6,
2022年直轄市長選舉,2022,臺北市,萬華區,華中里,臺北市,4,黃聖峰,台澎黨,0,
2022年直轄市長選舉,2022,臺北市,萬華區,華中里,臺北市,5,童文薰,無黨籍及未經政黨推薦,9,
2022年直轄市長選舉,2022,臺北市,萬華區,華中里,臺北市,6,蔣萬安,中國國民黨,1232,*
2022年直轄市長選舉,2022,臺北市,萬華區,華中里,臺北市,7,蘇煥智,台灣維新,6,
2022年直轄市長選舉,2022,臺北市,萬華區,華中里,臺北市,8,黃珊珊,無黨籍及未經政黨推薦,856,
2022年直轄市長選舉,2022,臺北市,萬華區,華中里,臺北市,9,施奉先,無黨籍及未經政黨推薦,1,
2022年直轄市長選舉,2022,臺北市,萬華區,華中里,臺北市,10,唐新民,共和黨,0,
2022年直轄市長選舉,2022,臺北市,萬華區,華中里,臺北市,11,謝立康,無黨籍及未經政黨推薦,0,
2022年直轄市長選舉,2022,臺北市,萬華區,華中里,臺北市,12,陳時中,民主進步黨,1332,
2022年直轄市長選舉,2022,臺北市,萬華區,日祥里,臺北市,1,張家豪,台灣動物保護黨,12,
2022年直轄市長選舉,2022,臺北市,萬華區,日祥里,臺北市,2,王文娟,無黨籍及未經政黨推薦,4,
2022年直轄市長選舉,2022,臺北市,萬華區,日祥里,臺北市,3,鄭匡宇,無黨籍及未經政黨推薦,1,
2022年直轄市長選舉,2022,臺北市,萬華區,日祥里,臺北市,4,黃聖峰,台澎黨,1,
2022年直轄市長選舉,2022,臺北市,萬華區,日祥里,臺北市,5,童文薰,無黨籍及未經政黨推薦,7,
2022年直轄市長選舉,2022,臺北市,萬華區,日祥里,臺北市,6,蔣萬安,中國國民黨,1715,*
2022年直轄市長選舉,2022,臺北市,萬華區,日祥里,臺北市,7,蘇煥智,台灣維新,7,
2022年直轄市長選舉,2022,臺北市,萬華區,日祥里,臺北市,8,黃珊珊,無黨籍及未經政黨推薦,849,
2022年直轄市長選舉,2022,臺北市,萬華區,日祥里,臺北市,9,施奉先,無黨籍及未經政黨推薦,1,
2022年直轄市長選舉,2022,臺北市,萬華區,日祥里,臺北市,10,唐新民,共和黨,1,
2022年直轄市長選舉,2022,臺北市,萬華區,日祥里,臺北市,11,謝立康,無黨籍及未經政黨推薦,1,
2022年直轄市長選舉,2022,臺北市,萬華區,日祥里,臺北市,12,陳時中,民主進步黨,806,
2022年直轄市長選舉,2022,臺北市,萬華區,忠貞里,臺北市,1,張家豪,台灣動物保護黨,6,
2022年直轄市長選舉,2022,臺北市,萬華區,忠貞里,臺北市,2,王文娟,無黨籍及未經政黨推薦,1,
2022年直轄市長選舉,2022,臺北市,萬華區,忠貞里,臺北市,3,鄭匡宇,無黨籍及未經政黨推薦,1,
2022年直轄市長選舉,2022,臺北市,萬華區,忠貞里,臺北市,4,黃聖峰,台澎黨,1,
2022年直轄市長選舉,2022,臺北市,萬華區,忠貞里,臺北市,5,童文薰,無黨籍及未經政黨推薦,7,
2022年直轄市長選舉,2022,臺北市,萬華區,忠貞里,臺北市,6,蔣萬安,中國國民黨,1530,*
2022年直轄市長選舉,2022,臺北市,萬華區,忠貞里,臺北市,7,蘇煥智,台灣維新,7,
2022年直轄市長選舉,2022,臺北市,萬華區,忠貞里,臺北市,8,黃珊珊,無黨籍及未經政黨推薦,557,
2022年直轄市長選舉,2022,臺北市,萬華區,忠貞里,臺北市,9,施奉先,無黨籍及未經政黨推薦,1,
2022年直轄市長選舉,2022,臺北市,萬華區,忠貞里,臺北市,10,唐新民,共和黨,2,
2022年直轄市長選舉,2022,臺北市,萬華區,忠貞里,臺北市,11,謝立康,無黨籍及未經政黨推薦,1,
2022年直轄市長選舉,2022,臺北市,萬華區,忠貞里,臺北市,12,陳時中,民主進步黨,582,
2022年直轄市長選舉,2022,臺北市,萬華區,凌霄里,臺北市,1,張家豪,台灣動物保護黨,6,
2022年直轄市長選舉,2022,臺北市,萬華區,凌霄里,臺北市,2,王文娟,無黨籍及未經政黨推薦,0,
2022年直轄市長選舉,2022,臺北市,萬華區,凌霄里,臺北市,3,鄭匡宇,無黨籍及未經政黨推薦,1,
2022年直轄市長選舉,2022,臺北市,萬華區,凌霄里,臺北市,4,黃聖峰,台澎黨,0,
2022年直轄市長選舉,2022,臺北市,萬華區,凌霄里,臺北市,5,童文薰,無黨籍及未經政黨推薦,2,
2022年直轄市長選舉,2022,臺北市,萬華區,凌霄里,臺北市,6,蔣萬安,中國國民黨,1031,*
2022年直轄市長選舉,2022,臺北市,萬華區,凌霄里,臺北市,7,蘇煥智,台灣維新,3,
2022年直轄市長選舉,2022,臺北市,萬華區,凌霄里,臺北市,8,黃珊珊,無黨籍及未經政黨推薦,487,
2022年直轄市長選舉,2022,臺北市,萬華區,凌霄里,臺北市,9,施奉先,無黨籍及未經政黨推薦,0,
2022年直轄市長選舉,2022,臺北市,萬華區,凌霄里,臺北市,10,唐新民,共和黨,2,
2022年直轄市長選舉,2022,臺北市,萬華區,凌霄里,臺北市,11,謝立康,無黨籍及未經政黨推薦,0,
2022年直轄市長選舉,2022,臺北市,萬華區,凌霄里,臺北市,12,陳時中,民主進步黨,470,
2022年直轄市長選舉,2022,臺北市,萬華區,騰雲里,臺北市,1,張家豪,台灣動物保護黨,7,
2022年直轄市長選舉,2022,臺北市,萬華區,騰雲里,臺北市,2,王文娟,無黨籍及未經政黨推薦,1,
2022年直轄市長選舉,2022,臺北市,萬華區,騰雲里,臺北市,3,鄭匡宇,無黨籍及未經政黨推薦,0,
2022年直轄市長選舉,2022,臺北市,萬華區,騰雲里,臺北市,4,黃聖峰,台澎黨,0,
2022年直轄市長選舉,2022,臺北市,萬華區,騰雲里,臺北市,5,童文薰,無黨籍及未經政黨推薦,2,
2022年直轄市長選舉,2022,臺北市,萬華區,騰雲里,臺北市,6,蔣萬安,中國國民黨,886,*
2022年直轄市長選舉,2022,臺北市,萬華區,騰雲里,臺北市,7,蘇煥智,台灣維新,4,
2022年直轄市長選舉,2022,臺北市,萬華區,騰雲里,臺北市,8,黃珊珊,無黨籍及未經政黨推薦,406,
2022年直轄市長選舉,2022,臺北市,萬華區,騰雲里,臺北市,9,施奉先,無黨籍及未經政黨推薦,0,
2022年直轄市長選舉,2022,臺北市,萬華區,騰雲里,臺北市,10,唐新民,共和黨,0,
2022年直轄市長選舉,2022,臺北市,萬華區,騰雲里,臺北市,11,謝立康,無黨籍及未經政黨推薦,0,
2022年直轄市長選舉,2022,臺北市,萬華區,騰雲里,臺北市,12,陳時中,民主進步黨,445,
2022年直轄市長選舉,2022,臺北市,文山區,景行里,臺北市,1,張家豪,台灣動物保護黨,13,
2022年直轄市長選舉,2022,臺北市,文山區,景行里,臺北市,2,王文娟,無黨籍及未經政黨推薦,0,
2022年直轄市長選舉,2022,臺北市,文山區,景行里,臺北市,3,鄭匡宇,無黨籍及未經政黨推薦,0,
2022年直轄市長選舉,2022,臺北市,文山區,景行里,臺北市,4,黃聖峰,台澎黨,0,
2022年直轄市長選舉,2022,臺北市,文山區,景行里,臺北市,5,童文薰,無黨籍及未經政黨推薦,3,
2022年直轄市長選舉,2022,臺北市,文山區,景行里,臺北市,6,蔣萬安,中國國民黨,1657,*
2022年直轄市長選舉,2022,臺北市,文山區,景行里,臺北市,7,蘇煥智,台灣維新,6,
2022年直轄市長選舉,2022,臺北市,文山區,景行里,臺北市,8,黃珊珊,無黨籍及未經政黨推薦,1099,
2022年直轄市長選舉,2022,臺北市,文山區,景行里,臺北市,9,施奉先,無黨籍及未經政黨推薦,3,
2022年直轄市長選舉,2022,臺北市,文山區,景行里,臺北市,10,唐新民,共和黨,1,
2022年直轄市長選舉,2022,臺北市,文山區,景行里,臺北市,11,謝立康,無黨籍及未經政黨推薦,0,
2022年直轄市長選舉,2022,臺北市,文山區,景行里,臺北市,12,陳時中,民主進步黨,1245,
2022年直轄市長選舉,2022,臺北市,文山區,景東里,臺北市,1,張家豪,台灣動物保護黨,12,
2022年直轄市長選舉,2022,臺北市,文山區,景東里,臺北市,2,王文娟,無黨籍及未經政黨推薦,0,
2022年直轄市長選舉,2022,臺北市,文山區,景東里,臺北市,3,鄭匡宇,無黨籍及未經政黨推薦,3,
2022年直轄市長選舉,2022,臺北市,文山區,景東里,臺北市,4,黃聖峰,台澎黨,2,
2022年直轄市長選舉,2022,臺北市,文山區,景東里,臺北市,5,童文薰,無黨籍及未經政黨推薦,6,
2022年直轄市長選舉,2022,臺北市,文山區,景東里,臺北市,6,蔣萬安,中國國民黨,1862,*
2022年直轄市長選舉,2022,臺北市,文山區,景東里,臺北市,7,蘇煥智,台灣維新,4,
2022年直轄市長選舉,2022,臺北市,文山區,景東里,臺北市,8,黃珊珊,無黨籍及未經政黨推薦,909,
2022年直轄市長選舉,2022,臺北市,文山區,景東里,臺北市,9,施奉先,無黨籍及未經政黨推薦,1,
2022年直轄市長選舉,2022,臺北市,文山區,景東里,臺北市,10,唐新民,共和黨,2,
2022年直轄市長選舉,2022,臺北市,文山區,景東里,臺北市,11,謝立康,無黨籍及未經政黨推薦,0,
2022年直轄市長選舉,2022,臺北市,文山區,景東里,臺北市,12,陳時中,民主進步黨,883,
2022年直轄市長選舉,2022,臺北市,文山區,景美里,臺北市,1,張家豪,台灣動物保護黨,8,
2022年直轄市長選舉,2022,臺北市,文山區,景美里,臺北市,2,王文娟,無黨籍及未經政黨推薦,1,
2022年直轄市長選舉,2022,臺北市,文山區,景美里,臺北市,3,鄭匡宇,無黨籍及未經政黨推薦,1,
2022年直轄市長選舉,2022,臺北市,文山區,景美里,臺北市,4,黃聖峰,台澎黨,0,
2022年直轄市長選舉,2022,臺北市,文山區,景美里,臺北市,5,童文薰,無黨籍及未經政黨推薦,5,
2022年直轄市長選舉,2022,臺北市,文山區,景美里,臺北市,6,蔣萬安,中國國民黨,1250,*
2022年直轄市長選舉,2022,臺北市,文山區,景美里,臺北市,7,蘇煥智,台灣維新,7,
2022年直轄市長選舉,2022,臺北市,文山區,景美里,臺北市,8,黃珊珊,無黨籍及未經政黨推薦,637,
2022年直轄市長選舉,2022,臺北市,文山區,景美里,臺北市,9,施奉先,無黨籍及未經政黨推薦,0,
2022年直轄市長選舉,2022,臺北市,文山區,景美里,臺北市,10,唐新民,共和黨,0,
2022年直轄市長選舉,2022,臺北市,文山區,景美里,臺北市,11,謝立康,無黨籍及未經政黨推薦,1,
2022年直轄市長選舉,2022,臺北市,文山區,景美里,臺北市,12,陳時中,民主進步黨,810,
2022年直轄市長選舉,2022,臺北市,文山區,景慶里,臺北市,1,張家豪,台灣動物保護黨,7,
2022年直轄市長選舉,2022,臺北市,文山區,景慶里,臺北市,2,王文娟,無黨籍及未經政黨推薦,2,
2022年直轄市長選舉,2022,臺北市,文山區,景慶里,臺北市,3,鄭匡宇,無黨籍及未經政黨推薦,0,
2022年直轄市長選舉,2022,臺北市,文山區,景慶里,臺北市,4,黃聖峰,台澎黨,1,
2022年直轄市長選舉,2022,臺北市,文山區,景慶里,臺北市,5,童文薰,無黨籍及未經政黨推薦,2,
2022年直轄市長選舉,2022,臺北市,文山區,景慶里,臺北市,6,蔣萬安,中國國民黨,1603,*
2022年直轄市長選舉,2022,臺北市,文山區,景慶里,臺北市,7,蘇煥智,台灣維新,9,
2022年直轄市長選舉,2022,臺北市,文山區,景慶里,臺北市,8,黃珊珊,無黨籍及未經政黨推薦,931,
2022年直轄市長選舉,2022,臺北市,文山區,景慶里,臺北市,9,施奉先,無黨籍及未經政黨推薦,1,
2022年直轄市長選舉,2022,臺北市,文山區,景慶里,臺北市,10,唐新民,共和黨,1,
2022年直轄市長選舉,2022,臺北市,文山區,景慶里,臺北市,11,謝立康,無黨籍及未經政黨推薦,1,
2022年直轄市長選舉,2022,臺北市,文山區,景慶里,臺北市,12,陳時中,民主進步黨,928,
2022年直轄市長選舉,2022,臺北市,文山區,景仁里,臺北市,1,張家豪,台灣動物保護黨,5,
2022年直轄市長選舉,2022,臺北市,文山區,景仁里,臺北市,2,王文娟,無黨籍及未經政黨推薦,0,
2022年直轄市長選舉,2022,臺北市,文山區,景仁里,臺北市,3,鄭匡宇,無黨籍及未經政黨推薦,1,
2022年直轄市長選舉,2022,臺北市,文山區,景仁里,臺北市,4,黃聖峰,台澎黨,0,
2022年直轄市長選舉,2022,臺北市,文山區,景仁里,臺北市,5,童文薰,無黨籍及未經政黨推薦,4,
2022年直轄市長選舉,2022,臺北市,文山區,景仁里,臺北市,6,蔣萬安,中國國民黨,1520,*
2022年直轄市長選舉,2022,臺北市,文山區,景仁里,臺北市,7,蘇煥智,台灣維新,7,
2022年直轄市長選舉,2022,臺北市,文山區,景仁里,臺北市,8,黃珊珊,無黨籍及未經政黨推薦,791,
2022年直轄市長選舉,2022,臺北市,文山區,景仁里,臺北市,9,施奉先,無黨籍及未經政黨推薦,0,
2022年直轄市長選舉,2022,臺北市,文山區,景仁里,臺北市,10,唐新民,共和黨,3,
2022年直轄市長選舉,2022,臺北市,文山區,景仁里,臺北市,11,謝立康,無黨籍及未經政黨推薦,0,
2022年直轄市長選舉,2022,臺北市,文山區,景仁里,臺北市,12,陳時中,民主進步黨,792,
2022年直轄市長選舉,2022,臺北市,文山區,景華里,臺北市,1,張家豪,台灣動物保護黨,3,
2022年直轄市長選舉,2022,臺北市,文山區,景華里,臺北市,2,王文娟,無黨籍及未經政黨推薦,0,
2022年直轄市長選舉,2022,臺北市,文山區,景華里,臺北市,3,鄭匡宇,無黨籍及未經政黨推薦,0,
2022年直轄市長選舉,2022,臺北市,文山區,景華里,臺北市,4,黃聖峰,台澎黨,2,
2022年直轄市長選舉,2022,臺北市,文山區,景華里,臺北市,5,童文薰,無黨籍及未經政黨推薦,1,
2022年直轄市長選舉,2022,臺北市,文山區,景華里,臺北市,6,蔣萬安,中國國民黨,1461,*
2022年直轄市長選舉,2022,臺北市,文山區,景華里,臺北市,7,蘇煥智,台灣維新,2,
2022年直轄市長選舉,2022,臺北市,文山區,景華里,臺北市,8,黃珊珊,無黨籍及未經政黨推薦,739,
2022年直轄市長選舉,2022,臺北市,文山區,景華里,臺北市,9,施奉先,無黨籍及未經政黨推薦,1,
2022年直轄市長選舉,2022,臺北市,文山區,景華里,臺北市,10,唐新民,共和黨,1,
2022年直轄市長選舉,2022,臺北市,文山區,景華里,臺北市,11,謝立康,無黨籍及未經政黨推薦,0,
2022年直轄市長選舉,2022,臺北市,文山區,景華里,臺北市,12,陳時中,民主進步黨,810,
2022年直轄市長選舉,2022,臺北市,文山區,萬有里,臺北市,1,張家豪,台灣動物保護黨,11,
2022年直轄市長選舉,2022,臺北市,文山區,萬有里,臺北市,2,王文娟,無黨籍及未經政黨推薦,1,
2022年直轄市長選舉,2022,臺北市,文山區,萬有里,臺北市,3,鄭匡宇,無黨籍及未經政黨推薦,1,
2022年直轄市長選舉,2022,臺北市,文山區,萬有里,臺北市,4,黃聖峰,台澎黨,0,
2022年直轄市長選舉,2022,臺北市,文山區,萬有里,臺北市,5,童文薰,無黨籍及未經政黨推薦,13,
2022年直轄市長選舉,2022,臺北市,文山區,萬有里,臺北市,6,蔣萬安,中國國民黨,1465,*
2022年直轄市長選舉,2022,臺北市,文山區,萬有里,臺北市,7,蘇煥智,台灣維新,5,
2022年直轄市長選舉,2022,臺北市,文山區,萬有里,臺北市,8,黃珊珊,無黨籍及未經政黨推薦,798,
2022年直轄市長選舉,2022,臺北市,文山區,萬有里,臺北市,9,施奉先,無黨籍及未經政黨推薦,0,
2022年直轄市長選舉,2022,臺北市,文山區,萬有里,臺北市,10,唐新民,共和黨,0,
2022年直轄市長選舉,2022,臺北市,文山區,萬有里,臺北市,11,謝立康,無黨籍及未經政黨推薦,2,
2022年直轄市長選舉,2022,臺北市,文山區,萬有里,臺北市,12,陳時中,民主進步黨,822,
2022年直轄市長選舉,2022,臺北市,文山區,萬祥里,臺北市,1,張家豪,台灣動物保護黨,9,
2022年直轄市長選舉,2022,臺北市,文山區,萬祥里,臺北市,2,王文娟,無黨籍及未經政黨推薦,2,
2022年直轄市長選舉,2022,臺北市,文山區,萬祥里,臺北市,3,鄭匡宇,無黨籍及未經政黨推薦,1,
2022年直轄市長選舉,2022,臺北市,文山區,萬祥里,臺北市,4,黃聖峰,台澎黨,3,
2022年直轄市長選舉,2022,臺北市,文山區,萬祥里,臺北市,5,童文薰,無黨籍及未經政黨推薦,7,
2022年直轄市長選舉,2022,臺北市,文山區,萬祥里,臺北市,6,蔣萬安,中國國民黨,1073,*
2022年直轄市長選舉,2022,臺北市,文山區,萬祥里,臺北市,7,蘇煥智,台灣維新,3,
2022年直轄市長選舉,2022,臺北市,文山區,萬祥里,臺北市,8,黃珊珊,無黨籍及未經政黨推薦,662,
2022年直轄市長選舉,2022,臺北市,文山區,萬祥里,臺北市,9,施奉先,無黨籍及未經政黨推薦,1,
2022年直轄市長選舉,2022,臺北市,文山區,萬祥里,臺北市,10,唐新民,共和黨,0,
2022年直轄市長選舉,2022,臺北市,文山區,萬祥里,臺北市,11,謝立康,無黨籍及未經政黨推薦,1,
2022年直轄市長選舉,2022,臺北市,文山區,萬祥里,臺北市,12,陳時中,民主進步黨,735,
2022年直轄市長選舉,2022,臺北市,文山區,萬隆里,臺北市,1,張家豪,台灣動物保護黨,9,
2022年直轄市長選舉,2022,臺北市,文山區,萬隆里,臺北市,2,王文娟,無黨籍及未經政黨推薦,1,
2022年直轄市長選舉,2022,臺北市,文山區,萬隆里,臺北市,3,鄭匡宇,無黨籍及未經政黨推薦,1,
2022年直轄市長選舉,2022,臺北市,文山區,萬隆里,臺北市,4,黃聖峰,台澎黨,1,
2022年直轄市長選舉,2022,臺北市,文山區,萬隆里,臺北市,5,童文薰,無黨籍及未經政黨推薦,7,
2022年直轄市長選舉,2022,臺北市,文山區,萬隆里,臺北市,6,蔣萬安,中國國民黨,1945,*
2022年直轄市長選舉,2022,臺北市,文山區,萬隆里,臺北市,7,蘇煥智,台灣維新,13,
2022年直轄市長選舉,2022,臺北市,文山區,萬隆里,臺北市,8,黃珊珊,無黨籍及未經政黨推薦,1052,
2022年直轄市長選舉,2022,臺北市,文山區,萬隆里,臺北市,9,施奉先,無黨籍及未經政黨推薦,0,
2022年直轄市長選舉,2022,臺北市,文山區,萬隆里,臺北市,10,唐新民,共和黨,1,
2022年直轄市長選舉,2022,臺北市,文山區,萬隆里,臺北市,11,謝立康,無黨籍及未經政黨推薦,0,
2022年直轄市長選舉,2022,臺北市,文山區,萬隆里,臺北市,12,陳時中,民主進步黨,1018,
2022年直轄市長選舉,2022,臺北市,文山區,萬年里,臺北市,1,張家豪,台灣動物保護黨,7,
2022年直轄市長選舉,2022,臺北市,文山區,萬年里,臺北市,2,王文娟,無黨籍及未經政黨推薦,1,
2022年直轄市長選舉,2022,臺北市,文山區,萬年里,臺北市,3,鄭匡宇,無黨籍及未經政黨推薦,3,
2022年直轄市長選舉,2022,臺北市,文山區,萬年里,臺北市,4,黃聖峰,台澎黨,2,
2022年直轄市長選舉,2022,臺北市,文山區,萬年里,臺北市,5,童文薰,無黨籍及未經政黨推薦,7,
2022年直轄市長選舉,2022,臺北市,文山區,萬年里,臺北市,6,蔣萬安,中國國民黨,1289,*
2022年直轄市長選舉,2022,臺北市,文山區,萬年里,臺北市,7,蘇煥智,台灣維新,7,
2022年直轄市長選舉,2022,臺北市,文山區,萬年里,臺北市,8,黃珊珊,無黨籍及未經政黨推薦,723,
2022年直轄市長選舉,2022,臺北市,文山區,萬年里,臺北市,9,施奉先,無黨籍及未經政黨推薦,1,
2022年直轄市長選舉,2022,臺北市,文山區,萬年里,臺北市,10,唐新民,共和黨,0,
2022年直轄市長選舉,2022,臺北市,文山區,萬年里,臺北市,11,謝立康,無黨籍及未經政黨推薦,1,
2022年直轄市長選舉,2022,臺北市,文山區,萬年里,臺北市,12,陳時中,民主進步黨,861,
2022年直轄市長選舉,2022,臺北市,文山區,萬和里,臺北市,1,張家豪,台灣動物保護黨,4,
2022年直轄市長選舉,2022,臺北市,文山區,萬和里,臺北市,2,王文娟,無黨籍及未經政黨推薦,0,
2022年直轄市長選舉,2022,臺北市,文山區,萬和里,臺北市,3,鄭匡宇,無黨籍及未經政黨推薦,1,
2022年直轄市長選舉,2022,臺北市,文山區,萬和里,臺北市,4,黃聖峰,台澎黨,0,
2022年直轄市長選舉,2022,臺北市,文山區,萬和里,臺北市,5,童文薰,無黨籍及未經政黨推薦,4,
2022年直轄市長選舉,2022,臺北市,文山區,萬和里,臺北市,6,蔣萬安,中國國民黨,1066,*
2022年直轄市長選舉,2022,臺北市,文山區,萬和里,臺北市,7,蘇煥智,台灣維新,3,
2022年直轄市長選舉,2022,臺北市,文山區,萬和里,臺北市,8,黃珊珊,無黨籍及未經政黨推薦,425,
2022年直轄市長選舉,2022,臺北市,文山區,萬和里,臺北市,9,施奉先,無黨籍及未經政黨推薦,0,
2022年直轄市長選舉,2022,臺北市,文山區,萬和里,臺北市,10,唐新民,共和黨,1,
2022年直轄市長選舉,2022,臺北市,文山區,萬和里,臺北市,11,謝立康,無黨籍及未經政黨推薦,0,
2022年直轄市長選舉,2022,臺北市,文山區,萬和里,臺北市,12,陳時中,民主進步黨,361,
2022年直轄市長選舉,2022,臺北市,文山區,萬盛里,臺北市,1,張家豪,台灣動物保護黨,6,
2022年直轄市長選舉,2022,臺北市,文山區,萬盛里,臺北市,2,王文娟,無黨籍及未經政黨推薦,0,
2022年直轄市長選舉,2022,臺北市,文山區,萬盛里,臺北市,3,鄭匡宇,無黨籍及未經政黨推薦,0,
2022年直轄市長選舉,2022,臺北市,文山區,萬盛里,臺北市,4,黃聖峰,台澎黨,0,
2022年直轄市長選舉,2022,臺北市,文山區,萬盛里,臺北市,5,童文薰,無黨籍及未經政黨推薦,5,
2022年直轄市長選舉,2022,臺北市,文山區,萬盛里,臺北市,6,蔣萬安,中國國民黨,1225,*
2022年直轄市長選舉,2022,臺北市,文山區,萬盛里,臺北市,7,蘇煥智,台灣維新,3,
2022年直轄市長選舉,2022,臺北市,文山區,萬盛里,臺北市,8,黃珊珊,無黨籍及未經政黨推薦,607,
2022年直轄市長選舉,2022,臺北市,文山區,萬盛里,臺北市,9,施奉先,無黨籍及未經政黨推薦,1,
2022年直轄市長選舉,2022,臺北市,文山區,萬盛里,臺北市,10,唐新民,共和黨,1,
2022年直轄市長選舉,2022,臺北市,文山區,萬盛里,臺北市,11,謝立康,無黨籍及未經政黨推薦,0,
2022年直轄市長選舉,2022,臺北市,文山區,萬盛里,臺北市,12,陳時中,民主進步黨,712,
2022年直轄市長選舉,2022,臺北市,文山區,興豐里,臺北市,1,張家豪,台灣動物保護黨,8,
2022年直轄市長選舉,2022,臺北市,文山區,興豐里,臺北市,2,王文娟,無黨籍及未經政黨推薦,0,
2022年直轄市長選舉,2022,臺北市,文山區,興豐里,臺北市,3,鄭匡宇,無黨籍及未經政黨推薦,0,
2022年直轄市長選舉,2022,臺北市,文山區,興豐里,臺北市,4,黃聖峰,台澎黨,0,
2022年直轄市長選舉,2022,臺北市,文山區,興豐里,臺北市,5,童文薰,無黨籍及未經政黨推薦,3,
2022年直轄市長選舉,2022,臺北市,文山區,興豐里,臺北市,6,蔣萬安,中國國民黨,1287,*
2022年直轄市長選舉,2022,臺北市,文山區,興豐里,臺北市,7,蘇煥智,台灣維新,4,
2022年直轄市長選舉,2022,臺北市,文山區,興豐里,臺北市,8,黃珊珊,無黨籍及未經政黨推薦,632,
2022年直轄市長選舉,2022,臺北市,文山區,興豐里,臺北市,9,施奉先,無黨籍及未經政黨推薦,1,
2022年直轄市長選舉,2022,臺北市,文山區,興豐里,臺北市,10,唐新民,共和黨,3,
2022年直轄市長選舉,2022,臺北市,文山區,興豐里,臺北市,11,謝立康,無黨籍及未經政黨推薦,1,
2022年直轄市長選舉,2022,臺北市,文山區,興豐里,臺北市,12,陳時中,民主進步黨,749,
2022年直轄市長選舉,2022,臺北市,文山區,興光里,臺北市,1,張家豪,台灣動物保護黨,6,
2022年直轄市長選舉,2022,臺北市,文山區,興光里,臺北市,2,王文娟,無黨籍及未經政黨推薦,0,
2022年直轄市長選舉,2022,臺北市,文山區,興光里,臺北市,3,鄭匡宇,無黨籍及未經政黨推薦,2,
2022年直轄市長選舉,2022,臺北市,文山區,興光里,臺北市,4,黃聖峰,台澎黨,0,
2022年直轄市長選舉,2022,臺北市,文山區,興光里,臺北市,5,童文薰,無黨籍及未經政黨推薦,4,
2022年直轄市長選舉,2022,臺北市,文山區,興光里,臺北市,6,蔣萬安,中國國民黨,1015,*
2022年直轄市長選舉,2022,臺北市,文山區,興光里,臺北市,7,蘇煥智,台灣維新,4,
2022年直轄市長選舉,2022,臺北市,文山區,興光里,臺北市,8,黃珊珊,無黨籍及未經政黨推薦,530,
2022年直轄市長選舉,2022,臺北市,文山區,興光里,臺北市,9,施奉先,無黨籍及未經政黨推薦,0,
2022年直轄市長選舉,2022,臺北市,文山區,興光里,臺北市,10,唐新民,共和黨,0,
2022年直轄市長選舉,2022,臺北市,文山區,興光里,臺北市,11,謝立康,無黨籍及未經政黨推薦,1,
2022年直轄市長選舉,2022,臺北市,文山區,興光里,臺北市,12,陳時中,民主進步黨,488,
2022年直轄市長選舉,2022,臺北市,文山區,興家里,臺北市,1,張家豪,台灣動物保護黨,6,
2022年直轄市長選舉,2022,臺北市,文山區,興家里,臺北市,2,王文娟,無黨籍及未經政黨推薦,2,
2022年直轄市長選舉,2022,臺北市,文山區,興家里,臺北市,3,鄭匡宇,無黨籍及未經政黨推薦,2,
2022年直轄市長選舉,2022,臺北市,文山區,興家里,臺北市,4,黃聖峰,台澎黨,0,
2022年直轄市長選舉,2022,臺北市,文山區,興家里,臺北市,5,童文薰,無黨籍及未經政黨推薦,9,
2022年直轄市長選舉,2022,臺北市,文山區,興家里,臺北市,6,蔣萬安,中國國民黨,2097,*
2022年直轄市長選舉,2022,臺北市,文山區,興家里,臺北市,7,蘇煥智,台灣維新,6,
2022年直轄市長選舉,2022,臺北市,文山區,興家里,臺北市,8,黃珊珊,無黨籍及未經政黨推薦,1021,
2022年直轄市長選舉,2022,臺北市,文山區,興家里,臺北市,9,施奉先,無黨籍及未經政黨推薦,1,
2022年直轄市長選舉,2022,臺北市,文山區,興家里,臺北市,10,唐新民,共和黨,2,
2022年直轄市長選舉,2022,臺北市,文山區,興家里,臺北市,11,謝立康,無黨籍及未經政黨推薦,2,
2022年直轄市長選舉,2022,臺北市,文山區,興家里,臺北市,12,陳時中,民主進步黨,933,
2022年直轄市長選舉,2022,臺北市,文山區,興得里,臺北市,1,張家豪,台灣動物保護黨,10,
2022年直轄市長選舉,2022,臺北市,文山區,興得里,臺北市,2,王文娟,無黨籍及未經政黨推薦,0,
2022年直轄市長選舉,2022,臺北市,文山區,興得里,臺北市,3,鄭匡宇,無黨籍及未經政黨推薦,0,
2022年直轄市長選舉,2022,臺北市,文山區,興得里,臺北市,4,黃聖峰,台澎黨,0,
2022年直轄市長選舉,2022,臺北市,文山區,興得里,臺北市,5,童文薰,無黨籍及未經政黨推薦,4,
2022年直轄市長選舉,2022,臺北市,文山區,興得里,臺北市,6,蔣萬安,中國國民黨,1669,*
2022年直轄市長選舉,2022,臺北市,文山區,興得里,臺北市,7,蘇煥智,台灣維新,4,
2022年直轄市長選舉,2022,臺北市,文山區,興得里,臺北市,8,黃珊珊,無黨籍及未經政黨推薦,828,
2022年直轄市長選舉,2022,臺北市,文山區,興得里,臺北市,9,施奉先,無黨籍及未經政黨推薦,1,
2022年直轄市長選舉,2022,臺北市,文山區,興得里,臺北市,10,唐新民,共和黨,1,
2022年直轄市長選舉,2022,臺北市,文山區,興得里,臺北市,11,謝立康,無黨籍及未經政黨推薦,1,
2022年直轄市長選舉,2022,臺北市,文山區,興得里,臺北市,12,陳時中,民主進步黨,799,
2022年直轄市長選舉,2022,臺北市,文山區,興業里,臺北市,1,張家豪,台灣動物保護黨,11,
2022年直轄市長選舉,2022,臺北市,文山區,興業里,臺北市,2,王文娟,無黨籍及未經政黨推薦,0,
2022年直轄市長選舉,2022,臺北市,文山區,興業里,臺北市,3,鄭匡宇,無黨籍及未經政黨推薦,0,
2022年直轄市長選舉,2022,臺北市,文山區,興業里,臺北市,4,黃聖峰,台澎黨,0,
2022年直轄市長選舉,2022,臺北市,文山區,興業里,臺北市,5,童文薰,無黨籍及未經政黨推薦,13,
2022年直轄市長選舉,2022,臺北市,文山區,興業里,臺北市,6,蔣萬安,中國國民黨,1575,*
2022年直轄市長選舉,2022,臺北市,文山區,興業里,臺北市,7,蘇煥智,台灣維新,6,
2022年直轄市長選舉,2022,臺北市,文山區,興業里,臺北市,8,黃珊珊,無黨籍及未經政黨推薦,639,
2022年直轄市長選舉,2022,臺北市,文山區,興業里,臺北市,9,施奉先,無黨籍及未經政黨推薦,2,
2022年直轄市長選舉,2022,臺北市,文山區,興業里,臺北市,10,唐新民,共和黨,0,
2022年直轄市長選舉,2022,臺北市,文山區,興業里,臺北市,11,謝立康,無黨籍及未經政黨推薦,0,
2022年直轄市長選舉,2022,臺北市,文山區,興業里,臺北市,12,陳時中,民主進步黨,652,
2022年直轄市長選舉,2022,臺北市,文山區,興安里,臺北市,1,張家豪,台灣動物保護黨,15,
2022年直轄市長選舉,2022,臺北市,文山區,興安里,臺北市,2,王文娟,無黨籍及未經政黨推薦,1,
2022年直轄市長選舉,2022,臺北市,文山區,興安里,臺北市,3,鄭匡宇,無黨籍及未經政黨推薦,0,
2022年直轄市長選舉,2022,臺北市,文山區,興安里,臺北市,4,黃聖峰,台澎黨,0,
2022年直轄市長選舉,2022,臺北市,文山區,興安里,臺北市,5,童文薰,無黨籍及未經政黨推薦,3,
2022年直轄市長選舉,2022,臺北市,文山區,興安里,臺北市,6,蔣萬安,中國國民黨,2005,*
2022年直轄市長選舉,2022,臺北市,文山區,興安里,臺北市,7,蘇煥智,台灣維新,3,
2022年直轄市長選舉,2022,臺北市,文山區,興安里,臺北市,8,黃珊珊,無黨籍及未經政黨推薦,883,
2022年直轄市長選舉,2022,臺北市,文山區,興安里,臺北市,9,施奉先,無黨籍及未經政黨推薦,0,
2022年直轄市長選舉,2022,臺北市,文山區,興安里,臺北市,10,唐新民,共和黨,0,
2022年直轄市長選舉,2022,臺北市,文山區,興安里,臺北市,11,謝立康,無黨籍及未經政黨推薦,0,
2022年直轄市長選舉,2022,臺北市,文山區,興安里,臺北市,12,陳時中,民主進步黨,900,
2022年直轄市長選舉,2022,臺北市,文山區,興福里,臺北市,1,張家豪,台灣動物保護黨,12,
2022年直轄市長選舉,2022,臺北市,文山區,興福里,臺北市,2,王文娟,無黨籍及未經政黨推薦,0,
2022年直轄市長選舉,2022,臺北市,文山區,興福里,臺北市,3,鄭匡宇,無黨籍及未經政黨推薦,0,
2022年直轄市長選舉,2022,臺北市,文山區,興福里,臺北市,4,黃聖峰,台澎黨,0,
2022年直轄市長選舉,2022,臺北市,文山區,興福里,臺北市,5,童文薰,無黨籍及未經政黨推薦,4,
2022年直轄市長選舉,2022,臺北市,文山區,興福里,臺北市,6,蔣萬安,中國國民黨,1389,*
2022年直轄市長選舉,2022,臺北市,文山區,興福里,臺北市,7,蘇煥智,台灣維新,3,
2022年直轄市長選舉,2022,臺北市,文山區,興福里,臺北市,8,黃珊珊,無黨籍及未經政黨推薦,782,
2022年直轄市長選舉,2022,臺北市,文山區,興福里,臺北市,9,施奉先,無黨籍及未經政黨推薦,2,
2022年直轄市長選舉,2022,臺北市,文山區,興福里,臺北市,10,唐新民,共和黨,0,
2022年直轄市長選舉,2022,臺北市,文山區,興福里,臺北市,11,謝立康,無黨籍及未經政黨推薦,0,
2022年直轄市長選舉,2022,臺北市,文山區,興福里,臺北市,12,陳時中,民主進步黨,880,
2022年直轄市長選舉,2022,臺北市,文山區,興旺里,臺北市,1,張家豪,台灣動物保護黨,11,
2022年直轄市長選舉,2022,臺北市,文山區,興旺里,臺北市,2,王文娟,無黨籍及未經政黨推薦,0,
2022年直轄市長選舉,2022,臺北市,文山區,興旺里,臺北市,3,鄭匡宇,無黨籍及未經政黨推薦,1,
2022年直轄市長選舉,2022,臺北市,文山區,興旺里,臺北市,4,黃聖峰,台澎黨,1,
2022年直轄市長選舉,2022,臺北市,文山區,興旺里,臺北市,5,童文薰,無黨籍及未經政黨推薦,9,
2022年直轄市長選舉,2022,臺北市,文山區,興旺里,臺北市,6,蔣萬安,中國國民黨,2376,*
2022年直轄市長選舉,2022,臺北市,文山區,興旺里,臺北市,7,蘇煥智,台灣維新,6,
2022年直轄市長選舉,2022,臺北市,文山區,興旺里,臺北市,8,黃珊珊,無黨籍及未經政黨推薦,1252,
2022年直轄市長選舉,2022,臺北市,文山區,興旺里,臺北市,9,施奉先,無黨籍及未經政黨推薦,2,
2022年直轄市長選舉,2022,臺北市,文山區,興旺里,臺北市,10,唐新民,共和黨,1,
2022年直轄市長選舉,2022,臺北市,文山區,興旺里,臺北市,11,謝立康,無黨籍及未經政黨推薦,0,
2022年直轄市長選舉,2022,臺北市,文山區,興旺里,臺北市,12,陳時中,民主進步黨,979,
2022年直轄市長選舉,2022,臺北市,文山區,興泰里,臺北市,1,張家豪,台灣動物保護黨,4,
2022年直轄市長選舉,2022,臺北市,文山區,興泰里,臺北市,2,王文娟,無黨籍及未經政黨推薦,0,
2022年直轄市長選舉,2022,臺北市,文山區,興泰里,臺北市,3,鄭匡宇,無黨籍及未經政黨推薦,0,
2022年直轄市長選舉,2022,臺北市,文山區,興泰里,臺北市,4,黃聖峰,台澎黨,1,
2022年直轄市長選舉,2022,臺北市,文山區,興泰里,臺北市,5,童文薰,無黨籍及未經政黨推薦,0,
2022年直轄市長選舉,2022,臺北市,文山區,興泰里,臺北市,6,蔣萬安,中國國民黨,1147,*
2022年直轄市長選舉,2022,臺北市,文山區,興泰里,臺北市,7,蘇煥智,台灣維新,4,
2022年直轄市長選舉,2022,臺北市,文山區,興泰里,臺北市,8,黃珊珊,無黨籍及未經政黨推薦,627,
2022年直轄市長選舉,2022,臺北市,文山區,興泰里,臺北市,9,施奉先,無黨籍及未經政黨推薦,2,
2022年直轄市長選舉,2022,臺北市,文山區,興泰里,臺北市,10,唐新民,共和黨,0,
2022年直轄市長選舉,2022,臺北市,文山區,興泰里,臺北市,11,謝立康,無黨籍及未經政黨推薦,0,
2022年直轄市長選舉,2022,臺北市,文山區,興泰里,臺北市,12,陳時中,民主進步黨,617,
2022年直轄市長選舉,2022,臺北市,文山區,興昌里,臺北市,1,張家豪,台灣動物保護黨,4,
2022年直轄市長選舉,2022,臺北市,文山區,興昌里,臺北市,2,王文娟,無黨籍及未經政黨推薦,1,
2022年直轄市長選舉,2022,臺北市,文山區,興昌里,臺北市,3,鄭匡宇,無黨籍及未經政黨推薦,1,
2022年直轄市長選舉,2022,臺北市,文山區,興昌里,臺北市,4,黃聖峰,台澎黨,0,
2022年直轄市長選舉,2022,臺北市,文山區,興昌里,臺北市,5,童文薰,無黨籍及未經政黨推薦,7,
2022年直轄市長選舉,2022,臺北市,文山區,興昌里,臺北市,6,蔣萬安,中國國民黨,1744,*
2022年直轄市長選舉,2022,臺北市,文山區,興昌里,臺北市,7,蘇煥智,台灣維新,2,
2022年直轄市長選舉,2022,臺北市,文山區,興昌里,臺北市,8,黃珊珊,無黨籍及未經政黨推薦,845,
2022年直轄市長選舉,2022,臺北市,文山區,興昌里,臺北市,9,施奉先,無黨籍及未經政黨推薦,2,
2022年直轄市長選舉,2022,臺北市,文山區,興昌里,臺北市,10,唐新民,共和黨,1,
2022年直轄市長選舉,2022,臺北市,文山區,興昌里,臺北市,11,謝立康,無黨籍及未經政黨推薦,0,
2022年直轄市長選舉,2022,臺北市,文山區,興昌里,臺北市,12,陳時中,民主進步黨,877,
2022年直轄市長選舉,2022,臺北市,文山區,試院里,臺北市,1,張家豪,台灣動物保護黨,10,
2022年直轄市長選舉,2022,臺北市,文山區,試院里,臺北市,2,王文娟,無黨籍及未經政黨推薦,1,
2022年直轄市長選舉,2022,臺北市,文山區,試院里,臺北市,3,鄭匡宇,無黨籍及未經政黨推薦,2,
2022年直轄市長選舉,2022,臺北市,文山區,試院里,臺北市,4,黃聖峰,台澎黨,3,
2022年直轄市長選舉,2022,臺北市,文山區,試院里,臺北市,5,童文薰,無黨籍及未經政黨推薦,1,
2022年直轄市長選舉,2022,臺北市,文山區,試院里,臺北市,6,蔣萬安,中國國民黨,1968,*
2022年直轄市長選舉,2022,臺北市,文山區,試院里,臺北市,7,蘇煥智,台灣維新,5,
2022年直轄市長選舉,2022,臺北市,文山區,試院里,臺北市,8,黃珊珊,無黨籍及未經政黨推薦,1038,
2022年直轄市長選舉,2022,臺北市,文山區,試院里,臺北市,9,施奉先,無黨籍及未經政黨推薦,2,
2022年直轄市長選舉,2022,臺北市,文山區,試院里,臺北市,10,唐新民,共和黨,1,
2022年直轄市長選舉,2022,臺北市,文山區,試院里,臺北市,11,謝立康,無黨籍及未經政黨推薦,3,
2022年直轄市長選舉,2022,臺北市,文山區,試院里,臺北市,12,陳時中,民主進步黨,856,
2022年直轄市長選舉,2022,臺北市,文山區,華興里,臺北市,1,張家豪,台灣動物保護黨,16,
2022年直轄市長選舉,2022,臺北市,文山區,華興里,臺北市,2,王文娟,無黨籍及未經政黨推薦,0,
2022年直轄市長選舉,2022,臺北市,文山區,華興里,臺北市,3,鄭匡宇,無黨籍及未經政黨推薦,1,
2022年直轄市長選舉,2022,臺北市,文山區,華興里,臺北市,4,黃聖峰,台澎黨,1,
2022年直轄市長選舉,2022,臺北市,文山區,華興里,臺北市,5,童文薰,無黨籍及未經政黨推薦,8,
2022年直轄市長選舉,2022,臺北市,文山區,華興里,臺北市,6,蔣萬安,中國國民黨,2429,*
2022年直轄市長選舉,2022,臺北市,文山區,華興里,臺北市,7,蘇煥智,台灣維新,3,
2022年直轄市長選舉,2022,臺北市,文山區,華興里,臺北市,8,黃珊珊,無黨籍及未經政黨推薦,1196,
2022年直轄市長選舉,2022,臺北市,文山區,華興里,臺北市,9,施奉先,無黨籍及未經政黨推薦,0,
2022年直轄市長選舉,2022,臺北市,文山區,華興里,臺北市,10,唐新民,共和黨,0,
2022年直轄市長選舉,2022,臺北市,文山區,華興里,臺北市,11,謝立康,無黨籍及未經政黨推薦,0,
2022年直轄市長選舉,2022,臺北市,文山區,華興里,臺北市,12,陳時中,民主進步黨,1171,
2022年直轄市長選舉,2022,臺北市,文山區,明義里,臺北市,1,張家豪,台灣動物保護黨,10,
2022年直轄市長選舉,2022,臺北市,文山區,明義里,臺北市,2,王文娟,無黨籍及未經政黨推薦,0,
2022年直轄市長選舉,2022,臺北市,文山區,明義里,臺北市,3,鄭匡宇,無黨籍及未經政黨推薦,2,
2022年直轄市長選舉,2022,臺北市,文山區,明義里,臺北市,4,黃聖峰,台澎黨,2,
2022年直轄市長選舉,2022,臺北市,文山區,明義里,臺北市,5,童文薰,無黨籍及未經政黨推薦,6,
2022年直轄市長選舉,2022,臺北市,文山區,明義里,臺北市,6,蔣萬安,中國國民黨,1031,*
2022年直轄市長選舉,2022,臺北市,文山區,明義里,臺北市,7,蘇煥智,台灣維新,5,
2022年直轄市長選舉,2022,臺北市,文山區,明義里,臺北市,8,黃珊珊,無黨籍及未經政黨推薦,502,
2022年直轄市長選舉,2022,臺北市,文山區,明義里,臺北市,9,施奉先,無黨籍及未經政黨推薦,0,
2022年直轄市長選舉,2022,臺北市,文山區,明義里,臺北市,10,唐新民,共和黨,0,
2022年直轄市長選舉,2022,臺北市,文山區,明義里,臺北市,11,謝立康,無黨籍及未經政黨推薦,0,
2022年直轄市長選舉,2022,臺北市,文山區,明義里,臺北市,12,陳時中,民主進步黨,480,
2022年直轄市長選舉,2022,臺北市,文山區,明興里,臺北市,1,張家豪,台灣動物保護黨,11,
2022年直轄市長選舉,2022,臺北市,文山區,明興里,臺北市,2,王文娟,無黨籍及未經政黨推薦,2,
2022年直轄市長選舉,2022,臺北市,文山區,明興里,臺北市,3,鄭匡宇,無黨籍及未經政黨推薦,0,
2022年直轄市長選舉,2022,臺北市,文山區,明興里,臺北市,4,黃聖峰,台澎黨,0,
2022年直轄市長選舉,2022,臺北市,文山區,明興里,臺北市,5,童文薰,無黨籍及未經政黨推薦,11,
2022年直轄市長選舉,2022,臺北市,文山區,明興里,臺北市,6,蔣萬安,中國國民黨,1783,*
2022年直轄市長選舉,2022,臺北市,文山區,明興里,臺北市,7,蘇煥智,台灣維新,6,
2022年直轄市長選舉,2022,臺北市,文山區,明興里,臺北市,8,黃珊珊,無黨籍及未經政黨推薦,981,
2022年直轄市長選舉,2022,臺北市,文山區,明興里,臺北市,9,施奉先,無黨籍及未經政黨推薦,1,
2022年直轄市長選舉,2022,臺北市,文山區,明興里,臺北市,10,唐新民,共和黨,1,
2022年直轄市長選舉,2022,臺北市,文山區,明興里,臺北市,11,謝立康,無黨籍及未經政黨推薦,1,
2022年直轄市長選舉,2022,臺北市,文山區,明興里,臺北市,12,陳時中,民主進步黨,912,
2022年直轄市長選舉,2022,臺北市,文山區,木柵里,臺北市,1,張家豪,台灣動物保護黨,17,
2022年直轄市長選舉,2022,臺北市,文山區,木柵里,臺北市,2,王文娟,無黨籍及未經政黨推薦,2,
2022年直轄市長選舉,2022,臺北市,文山區,木柵里,臺北市,3,鄭匡宇,無黨籍及未經政黨推薦,1,
2022年直轄市長選舉,2022,臺北市,文山區,木柵里,臺北市,4,黃聖峰,台澎黨,2,
2022年直轄市長選舉,2022,臺北市,文山區,木柵里,臺北市,5,童文薰,無黨籍及未經政黨推薦,3,
2022年直轄市長選舉,2022,臺北市,文山區,木柵里,臺北市,6,蔣萬安,中國國民黨,2741,*
2022年直轄市長選舉,2022,臺北市,文山區,木柵里,臺北市,7,蘇煥智,台灣維新,14,
2022年直轄市長選舉,2022,臺北市,文山區,木柵里,臺北市,8,黃珊珊,無黨籍及未經政黨推薦,1306,
2022年直轄市長選舉,2022,臺北市,文山區,木柵里,臺北市,9,施奉先,無黨籍及未經政黨推薦,2,
2022年直轄市長選舉,2022,臺北市,文山區,木柵里,臺北市,10,唐新民,共和黨,3,
2022年直轄市長選舉,2022,臺北市,文山區,木柵里,臺北市,11,謝立康,無黨籍及未經政黨推薦,0,
2022年直轄市長選舉,2022,臺北市,文山區,木柵里,臺北市,12,陳時中,民主進步黨,1111,
2022年直轄市長選舉,2022,臺北市,文山區,木新里,臺北市,1,張家豪,台灣動物保護黨,16,
2022年直轄市長選舉,2022,臺北市,文山區,木新里,臺北市,2,王文娟,無黨籍及未經政黨推薦,0,
2022年直轄市長選舉,2022,臺北市,文山區,木新里,臺北市,3,鄭匡宇,無黨籍及未經政黨推薦,2,
2022年直轄市長選舉,2022,臺北市,文山區,木新里,臺北市,4,黃聖峰,台澎黨,0,
2022年直轄市長選舉,2022,臺北市,文山區,木新里,臺北市,5,童文薰,無黨籍及未經政黨推薦,6,
2022年直轄市長選舉,2022,臺北市,文山區,木新里,臺北市,6,蔣萬安,中國國民黨,2149,*
2022年直轄市長選舉,2022,臺北市,文山區,木新里,臺北市,7,蘇煥智,台灣維新,3,
2022年直轄市長選舉,2022,臺北市,文山區,木新里,臺北市,8,黃珊珊,無黨籍及未經政黨推薦,1195,
2022年直轄市長選舉,2022,臺北市,文山區,木新里,臺北市,9,施奉先,無黨籍及未經政黨推薦,0,
2022年直轄市長選舉,2022,臺北市,文山區,木新里,臺北市,10,唐新民,共和黨,2,
2022年直轄市長選舉,2022,臺北市,文山區,木新里,臺北市,11,謝立康,無黨籍及未經政黨推薦,1,
2022年直轄市長選舉,2022,臺北市,文山區,木新里,臺北市,12,陳時中,民主進步黨,1426,
2022年直轄市長選舉,2022,臺北市,文山區,順興里,臺北市,1,張家豪,台灣動物保護黨,9,
2022年直轄市長選舉,2022,臺北市,文山區,順興里,臺北市,2,王文娟,無黨籍及未經政黨推薦,1,
2022年直轄市長選舉,2022,臺北市,文山區,順興里,臺北市,3,鄭匡宇,無黨籍及未經政黨推薦,1,
2022年直轄市長選舉,2022,臺北市,文山區,順興里,臺北市,4,黃聖峰,台澎黨,2,
2022年直轄市長選舉,2022,臺北市,文山區,順興里,臺北市,5,童文薰,無黨籍及未經政黨推薦,7,
2022年直轄市長選舉,2022,臺北市,文山區,順興里,臺北市,6,蔣萬安,中國國民黨,1902,*
2022年直轄市長選舉,2022,臺北市,文山區,順興里,臺北市,7,蘇煥智,台灣維新,9,
2022年直轄市長選舉,2022,臺北市,文山區,順興里,臺北市,8,黃珊珊,無黨籍及未經政黨推薦,1112,
2022年直轄市長選舉,2022,臺北市,文山區,順興里,臺北市,9,施奉先,無黨籍及未經政黨推薦,2,
2022年直轄市長選舉,2022,臺北市,文山區,順興里,臺北市,10,唐新民,共和黨,0,
2022年直轄市長選舉,2022,臺北市,文山區,順興里,臺北市,11,謝立康,無黨籍及未經政黨推薦,1,
2022年直轄市長選舉,2022,臺北市,文山區,順興里,臺北市,12,陳時中,民主進步黨,1078,
2022年直轄市長選舉,2022,臺北市,文山區,樟林里,臺北市,1,張家豪,台灣動物保護黨,7,
2022年直轄市長選舉,2022,臺北市,文山區,樟林里,臺北市,2,王文娟,無黨籍及未經政黨推薦,1,
2022年直轄市長選舉,2022,臺北市,文山區,樟林里,臺北市,3,鄭匡宇,無黨籍及未經政黨推薦,1,
2022年直轄市長選舉,2022,臺北市,文山區,樟林里,臺北市,4,黃聖峰,台澎黨,0,
2022年直轄市長選舉,2022,臺北市,文山區,樟林里,臺北市,5,童文薰,無黨籍及未經政黨推薦,13,
2022年直轄市長選舉,2022,臺北市,文山區,樟林里,臺北市,6,蔣萬安,中國國民黨,2277,*
2022年直轄市長選舉,2022,臺北市,文山區,樟林里,臺北市,7,蘇煥智,台灣維新,9,
2022年直轄市長選舉,2022,臺北市,文山區,樟林里,臺北市,8,黃珊珊,無黨籍及未經政黨推薦,1040,
2022年直轄市長選舉,2022,臺北市,文山區,樟林里,臺北市,9,施奉先,無黨籍及未經政黨推薦,3,
2022年直轄市長選舉,2022,臺北市,文山區,樟林里,臺北市,10,唐新民,共和黨,2,
2022年直轄市長選舉,2022,臺北市,文山區,樟林里,臺北市,11,謝立康,無黨籍及未經政黨推薦,0,
2022年直轄市長選舉,2022,臺北市,文山區,樟林里,臺北市,12,陳時中,民主進步黨,1073,
2022年直轄市長選舉,2022,臺北市,文山區,樟新里,臺北市,1,張家豪,台灣動物保護黨,9,
2022年直轄市長選舉,2022,臺北市,文山區,樟新里,臺北市,2,王文娟,無黨籍及未經政黨推薦,2,
2022年直轄市長選舉,2022,臺北市,文山區,樟新里,臺北市,3,鄭匡宇,無黨籍及未經政黨推薦,2,
2022年直轄市長選舉,2022,臺北市,文山區,樟新里,臺北市,4,黃聖峰,台澎黨,0,
2022年直轄市長選舉,2022,臺北市,文山區,樟新里,臺北市,5,童文薰,無黨籍及未經政黨推薦,8,
2022年直轄市長選舉,2022,臺北市,文山區,樟新里,臺北市,6,蔣萬安,中國國民黨,1501,*
2022年直轄市長選舉,2022,臺北市,文山區,樟新里,臺北市,7,蘇煥智,台灣維新,3,
2022年直轄市長選舉,2022,臺北市,文山區,樟新里,臺北市,8,黃珊珊,無黨籍及未經政黨推薦,808,
2022年直轄市長選舉,2022,臺北市,文山區,樟新里,臺北市,9,施奉先,無黨籍及未經政黨推薦,2,
2022年直轄市長選舉,2022,臺北市,文山區,樟新里,臺北市,10,唐新民,共和黨,2,
2022年直轄市長選舉,2022,臺北市,文山區,樟新里,臺北市,11,謝立康,無黨籍及未經政黨推薦,1,
2022年直轄市長選舉,2022,臺北市,文山區,樟新里,臺北市,12,陳時中,民主進步黨,720,
2022年直轄市長選舉,2022,臺北市,文山區,樟腳里,臺北市,1,張家豪,台灣動物保護黨,7,
2022年直轄市長選舉,2022,臺北市,文山區,樟腳里,臺北市,2,王文娟,無黨籍及未經政黨推薦,0,
2022年直轄市長選舉,2022,臺北市,文山區,樟腳里,臺北市,3,鄭匡宇,無黨籍及未經政黨推薦,0,
2022年直轄市長選舉,2022,臺北市,文山區,樟腳里,臺北市,4,黃聖峰,台澎黨,0,
2022年直轄市長選舉,2022,臺北市,文山區,樟腳里,臺北市,5,童文薰,無黨籍及未經政黨推薦,5,
2022年直轄市長選舉,2022,臺北市,文山區,樟腳里,臺北市,6,蔣萬安,中國國民黨,1414,*
2022年直轄市長選舉,2022,臺北市,文山區,樟腳里,臺北市,7,蘇煥智,台灣維新,2,
2022年直轄市長選舉,2022,臺北市,文山區,樟腳里,臺北市,8,黃珊珊,無黨籍及未經政黨推薦,770,
2022年直轄市長選舉,2022,臺北市,文山區,樟腳里,臺北市,9,施奉先,無黨籍及未經政黨推薦,0,
2022年直轄市長選舉,2022,臺北市,文山區,樟腳里,臺北市,10,唐新民,共和黨,5,
2022年直轄市長選舉,2022,臺北市,文山區,樟腳里,臺北市,11,謝立康,無黨籍及未經政黨推薦,0,
2022年直轄市長選舉,2022,臺北市,文山區,樟腳里,臺北市,12,陳時中,民主進步黨,813,
2022年直轄市長選舉,2022,臺北市,文山區,萬芳里,臺北市,1,張家豪,台灣動物保護黨,15,
2022年直轄市長選舉,2022,臺北市,文山區,萬芳里,臺北市,2,王文娟,無黨籍及未經政黨推薦,1,
2022年直轄市長選舉,2022,臺北市,文山區,萬芳里,臺北市,3,鄭匡宇,無黨籍及未經政黨推薦,0,
2022年直轄市長選舉,2022,臺北市,文山區,萬芳里,臺北市,4,黃聖峰,台澎黨,2,
2022年直轄市長選舉,2022,臺北市,文山區,萬芳里,臺北市,5,童文薰,無黨籍及未經政黨推薦,13,
2022年直轄市長選舉,2022,臺北市,文山區,萬芳里,臺北市,6,蔣萬安,中國國民黨,2119,*
2022年直轄市長選舉,2022,臺北市,文山區,萬芳里,臺北市,7,蘇煥智,台灣維新,12,
2022年直轄市長選舉,2022,臺北市,文山區,萬芳里,臺北市,8,黃珊珊,無黨籍及未經政黨推薦,1138,
2022年直轄市長選舉,2022,臺北市,文山區,萬芳里,臺北市,9,施奉先,無黨籍及未經政黨推薦,1,
2022年直轄市長選舉,2022,臺北市,文山區,萬芳里,臺北市,10,唐新民,共和黨,4,
2022年直轄市長選舉,2022,臺北市,文山區,萬芳里,臺北市,11,謝立康,無黨籍及未經政黨推薦,0,
2022年直轄市長選舉,2022,臺北市,文山區,萬芳里,臺北市,12,陳時中,民主進步黨,1014,
2022年直轄市長選舉,2022,臺北市,文山區,博嘉里,臺北市,1,張家豪,台灣動物保護黨,6,
2022年直轄市長選舉,2022,臺北市,文山區,博嘉里,臺北市,2,王文娟,無黨籍及未經政黨推薦,0,
2022年直轄市長選舉,2022,臺北市,文山區,博嘉里,臺北市,3,鄭匡宇,無黨籍及未經政黨推薦,2,
2022年直轄市長選舉,2022,臺北市,文山區,博嘉里,臺北市,4,黃聖峰,台澎黨,1,
2022年直轄市長選舉,2022,臺北市,文山區,博嘉里,臺北市,5,童文薰,無黨籍及未經政黨推薦,5,
2022年直轄市長選舉,2022,臺北市,文山區,博嘉里,臺北市,6,蔣萬安,中國國民黨,1490,*
2022年直轄市長選舉,2022,臺北市,文山區,博嘉里,臺北市,7,蘇煥智,台灣維新,7,
2022年直轄市長選舉,2022,臺北市,文山區,博嘉里,臺北市,8,黃珊珊,無黨籍及未經政黨推薦,731,
2022年直轄市長選舉,2022,臺北市,文山區,博嘉里,臺北市,9,施奉先,無黨籍及未經政黨推薦,0,
2022年直轄市長選舉,2022,臺北市,文山區,博嘉里,臺北市,10,唐新民,共和黨,0,
2022年直轄市長選舉,2022,臺北市,文山區,博嘉里,臺北市,11,謝立康,無黨籍及未經政黨推薦,1,
2022年直轄市長選舉,2022,臺北市,文山區,博嘉里,臺北市,12,陳時中,民主進步黨,884,
2022年直轄市長選舉,2022,臺北市,文山區,萬興里,臺北市,1,張家豪,台灣動物保護黨,11,
2022年直轄市長選舉,2022,臺北市,文山區,萬興里,臺北市,2,王文娟,無黨籍及未經政黨推薦,6,
2022年直轄市長選舉,2022,臺北市,文山區,萬興里,臺北市,3,鄭匡宇,無黨籍及未經政黨推薦,1,
2022年直轄市長選舉,2022,臺北市,文山區,萬興里,臺北市,4,黃聖峰,台澎黨,1,
2022年直轄市長選舉,2022,臺北市,文山區,萬興里,臺北市,5,童文薰,無黨籍及未經政黨推薦,7,
2022年直轄市長選舉,2022,臺北市,文山區,萬興里,臺北市,6,蔣萬安,中國國民黨,2031,*
2022年直轄市長選舉,2022,臺北市,文山區,萬興里,臺北市,7,蘇煥智,台灣維新,7,
2022年直轄市長選舉,2022,臺北市,文山區,萬興里,臺北市,8,黃珊珊,無黨籍及未經政黨推薦,1262,
2022年直轄市長選舉,2022,臺北市,文山區,萬興里,臺北市,9,施奉先,無黨籍及未經政黨推薦,1,
2022年直轄市長選舉,2022,臺北市,文山區,萬興里,臺北市,10,唐新民,共和黨,2,
2022年直轄市長選舉,2022,臺北市,文山區,萬興里,臺北市,11,謝立康,無黨籍及未經政黨推薦,0,
2022年直轄市長選舉,2022,臺北市,文山區,萬興里,臺北市,12,陳時中,民主進步黨,1313,
2022年直轄市長選舉,2022,臺北市,文山區,指南里,臺北市,1,張家豪,台灣動物保護黨,8,
2022年直轄市長選舉,2022,臺北市,文山區,指南里,臺北市,2,王文娟,無黨籍及未經政黨推薦,1,
2022年直轄市長選舉,2022,臺北市,文山區,指南里,臺北市,3,鄭匡宇,無黨籍及未經政黨推薦,3,
2022年直轄市長選舉,2022,臺北市,文山區,指南里,臺北市,4,黃聖峰,台澎黨,0,
2022年直轄市長選舉,2022,臺北市,文山區,指南里,臺北市,5,童文薰,無黨籍及未經政黨推薦,5,
2022年直轄市長選舉,2022,臺北市,文山區,指南里,臺北市,6,蔣萬安,中國國民黨,910,*
2022年直轄市長選舉,2022,臺北市,文山區,指南里,臺北市,7,蘇煥智,台灣維新,7,
2022年直轄市長選舉,2022,臺北市,文山區,指南里,臺北市,8,黃珊珊,無黨籍及未經政黨推薦,609,
2022年直轄市長選舉,2022,臺北市,文山區,指南里,臺北市,9,施奉先,無黨籍及未經政黨推薦,0,
2022年直轄市長選舉,2022,臺北市,文山區,指南里,臺北市,10,唐新民,共和黨,0,
2022年直轄市長選舉,2022,臺北市,文山區,指南里,臺北市,11,謝立康,無黨籍及未經政黨推薦,1,
2022年直轄市長選舉,2022,臺北市,文山區,指南里,臺北市,12,陳時中,民主進步黨,680,
2022年直轄市長選舉,2022,臺北市,文山區,老泉里,臺北市,1,張家豪,台灣動物保護黨,3,
2022年直轄市長選舉,2022,臺北市,文山區,老泉里,臺北市,2,王文娟,無黨籍及未經政黨推薦,1,
2022年直轄市長選舉,2022,臺北市,文山區,老泉里,臺北市,3,鄭匡宇,無黨籍及未經政黨推薦,0,
2022年直轄市長選舉,2022,臺北市,文山區,老泉里,臺北市,4,黃聖峰,台澎黨,0,
2022年直轄市長選舉,2022,臺北市,文山區,老泉里,臺北市,5,童文薰,無黨籍及未經政黨推薦,3,
2022年直轄市長選舉,2022,臺北市,文山區,老泉里,臺北市,6,蔣萬安,中國國民黨,169,*
2022年直轄市長選舉,2022,臺北市,文山區,老泉里,臺北市,7,蘇煥智,台灣維新,0,
2022年直轄市長選舉,2022,臺北市,文山區,老泉里,臺北市,8,黃珊珊,無黨籍及未經政黨推薦,129,
2022年直轄市長選舉,2022,臺北市,文山區,老泉里,臺北市,9,施奉先,無黨籍及未經政黨推薦,0,
2022年直轄市長選舉,2022,臺北市,文山區,老泉里,臺北市,10,唐新民,共和黨,0,
2022年直轄市長選舉,2022,臺北市,文山區,老泉里,臺北市,11,謝立康,無黨籍及未經政黨推薦,0,
2022年直轄市長選舉,2022,臺北市,文山區,老泉里,臺北市,12,陳時中,民主進步黨,242,
2022年直轄市長選舉,2022,臺北市,文山區,忠順里,臺北市,1,張家豪,台灣動物保護黨,3,
2022年直轄市長選舉,2022,臺北市,文山區,忠順里,臺北市,2,王文娟,無黨籍及未經政黨推薦,0,
2022年直轄市長選舉,2022,臺北市,文山區,忠順里,臺北市,3,鄭匡宇,無黨籍及未經政黨推薦,0,
2022年直轄市長選舉,2022,臺北市,文山區,忠順里,臺北市,4,黃聖峰,台澎黨,0,
2022年直轄市長選舉,2022,臺北市,文山區,忠順里,臺北市,5,童文薰,無黨籍及未經政黨推薦,6,
2022年直轄市長選舉,2022,臺北市,文山區,忠順里,臺北市,6,蔣萬安,中國國民黨,1287,*
2022年直轄市長選舉,2022,臺北市,文山區,忠順里,臺北市,7,蘇煥智,台灣維新,5,
2022年直轄市長選舉,2022,臺北市,文山區,忠順里,臺北市,8,黃珊珊,無黨籍及未經政黨推薦,574,
2022年直轄市長選舉,2022,臺北市,文山區,忠順里,臺北市,9,施奉先,無黨籍及未經政黨推薦,0,
2022年直轄市長選舉,2022,臺北市,文山區,忠順里,臺北市,10,唐新民,共和黨,0,
2022年直轄市長選舉,2022,臺北市,文山區,忠順里,臺北市,11,謝立康,無黨籍及未經政黨推薦,0,
2022年直轄市長選舉,2022,臺北市,文山區,忠順里,臺北市,12,陳時中,民主進步黨,523,
2022年直轄市長選舉,2022,臺北市,文山區,萬美里,臺北市,1,張家豪,台灣動物保護黨,15,
2022年直轄市長選舉,2022,臺北市,文山區,萬美里,臺北市,2,王文娟,無黨籍及未經政黨推薦,2,
2022年直轄市長選舉,2022,臺北市,文山區,萬美里,臺北市,3,鄭匡宇,無黨籍及未經政黨推薦,2,
2022年直轄市長選舉,2022,臺北市,文山區,萬美里,臺北市,4,黃聖峰,台澎黨,1,
2022年直轄市長選舉,2022,臺北市,文山區,萬美里,臺北市,5,童文薰,無黨籍及未經政黨推薦,8,
2022年直轄市長選舉,2022,臺北市,文山區,萬美里,臺北市,6,蔣萬安,中國國民黨,1949,*
2022年直轄市長選舉,2022,臺北市,文山區,萬美里,臺北市,7,蘇煥智,台灣維新,7,
2022年直轄市長選舉,2022,臺北市,文山區,萬美里,臺北市,8,黃珊珊,無黨籍及未經政黨推薦,908,
2022年直轄市長選舉,2022,臺北市,文山區,萬美里,臺北市,9,施奉先,無黨籍及未經政黨推薦,4,
2022年直轄市長選舉,2022,臺北市,文山區,萬美里,臺北市,10,唐新民,共和黨,2,
2022年直轄市長選舉,2022,臺北市,文山區,萬美里,臺北市,11,謝立康,無黨籍及未經政黨推薦,0,
2022年直轄市長選舉,2022,臺北市,文山區,萬美里,臺北市,12,陳時中,民主進步黨,957,
2022年直轄市長選舉,2022,臺北市,文山區,政大里,臺北市,1,張家豪,台灣動物保護黨,5,
2022年直轄市長選舉,2022,臺北市,文山區,政大里,臺北市,2,王文娟,無黨籍及未經政黨推薦,1,
2022年直轄市長選舉,2022,臺北市,文山區,政大里,臺北市,3,鄭匡宇,無黨籍及未經政黨推薦,2,
2022年直轄市長選舉,2022,臺北市,文山區,政大里,臺北市,4,黃聖峰,台澎黨,2,
2022年直轄市長選舉,2022,臺北市,文山區,政大里,臺北市,5,童文薰,無黨籍及未經政黨推薦,3,
2022年直轄市長選舉,2022,臺北市,文山區,政大里,臺北市,6,蔣萬安,中國國民黨,1840,*
2022年直轄市長選舉,2022,臺北市,文山區,政大里,臺北市,7,蘇煥智,台灣維新,5,
2022年直轄市長選舉,2022,臺北市,文山區,政大里,臺北市,8,黃珊珊,無黨籍及未經政黨推薦,1105,
2022年直轄市長選舉,2022,臺北市,文山區,政大里,臺北市,9,施奉先,無黨籍及未經政黨推薦,1,
2022年直轄市長選舉,2022,臺北市,文山區,政大里,臺北市,10,唐新民,共和黨,0,
2022年直轄市長選舉,2022,臺北市,文山區,政大里,臺北市,11,謝立康,無黨籍及未經政黨推薦,0,
2022年直轄市長選舉,2022,臺北市,文山區,政大里,臺北市,12,陳時中,民主進步黨,1063,
2022年直轄市長選舉,2022,臺北市,文山區,樟文里,臺北市,1,張家豪,台灣動物保護黨,5,
2022年直轄市長選舉,2022,臺北市,文山區,樟文里,臺北市,2,王文娟,無黨籍及未經政黨推薦,0,
2022年直轄市長選舉,2022,臺北市,文山區,樟文里,臺北市,3,鄭匡宇,無黨籍及未經政黨推薦,2,
2022年直轄市長選舉,2022,臺北市,文山區,樟文里,臺北市,4,黃聖峰,台澎黨,1,
2022年直轄市長選舉,2022,臺北市,文山區,樟文里,臺北市,5,童文薰,無黨籍及未經政黨推薦,5,
2022年直轄市長選舉,2022,臺北市,文山區,樟文里,臺北市,6,蔣萬安,中國國民黨,1598,*
2022年直轄市長選舉,2022,臺北市,文山區,樟文里,臺北市,7,蘇煥智,台灣維新,3,
2022年直轄市長選舉,2022,臺北市,文山區,樟文里,臺北市,8,黃珊珊,無黨籍及未經政黨推薦,754,
2022年直轄市長選舉,2022,臺北市,文山區,樟文里,臺北市,9,施奉先,無黨籍及未經政黨推薦,0,
2022年直轄市長選舉,2022,臺北市,文山區,樟文里,臺北市,10,唐新民,共和黨,1,
2022年直轄市長選舉,2022,臺北市,文山區,樟文里,臺北市,11,謝立康,無黨籍及未經政黨推薦,1,
2022年直轄市長選舉,2022,臺北市,文山區,樟文里,臺北市,12,陳時中,民主進步黨,969,
2022年直轄市長選舉,2022,臺北市,文山區,興邦里,臺北市,1,張家豪,台灣動物保護黨,11,
2022年直轄市長選舉,2022,臺北市,文山區,興邦里,臺北市,2,王文娟,無黨籍及未經政黨推薦,0,
2022年直轄市長選舉,2022,臺北市,文山區,興邦里,臺北市,3,鄭匡宇,無黨籍及未經政黨推薦,0,
2022年直轄市長選舉,2022,臺北市,文山區,興邦里,臺北市,4,黃聖峰,台澎黨,2,
2022年直轄市長選舉,2022,臺北市,文山區,興邦里,臺北市,5,童文薰,無黨籍及未經政黨推薦,5,
2022年直轄市長選舉,2022,臺北市,文山區,興邦里,臺北市,6,蔣萬安,中國國民黨,1514,*
2022年直轄市長選舉,2022,臺北市,文山區,興邦里,臺北市,7,蘇煥智,台灣維新,4,
2022年直轄市長選舉,2022,臺北市,文山區,興邦里,臺北市,8,黃珊珊,無黨籍及未經政黨推薦,713,
2022年直轄市長選舉,2022,臺北市,文山區,興邦里,臺北市,9,施奉先,無黨籍及未經政黨推薦,0,
2022年直轄市長選舉,2022,臺北市,文山區,興邦里,臺北市,10,唐新民,共和黨,3,
2022年直轄市長選舉,2022,臺北市,文山區,興邦里,臺北市,11,謝立康,無黨籍及未經政黨推薦,0,
2022年直轄市長選舉,2022,臺北市,文山區,興邦里,臺北市,12,陳時中,民主進步黨,558,
2022年直轄市長選舉,2022,臺北市,文山區,樟樹里,臺北市,1,張家豪,台灣動物保護黨,4,
2022年直轄市長選舉,2022,臺北市,文山區,樟樹里,臺北市,2,王文娟,無黨籍及未經政黨推薦,1,
2022年直轄市長選舉,2022,臺北市,文山區,樟樹里,臺北市,3,鄭匡宇,無黨籍及未經政黨推薦,1,
2022年直轄市長選舉,2022,臺北市,文山區,樟樹里,臺北市,4,黃聖峰,台澎黨,0,
2022年直轄市長選舉,2022,臺北市,文山區,樟樹里,臺北市,5,童文薰,無黨籍及未經政黨推薦,2,
2022年直轄市長選舉,2022,臺北市,文山區,樟樹里,臺北市,6,蔣萬安,中國國民黨,1198,*
2022年直轄市長選舉,2022,臺北市,文山區,樟樹里,臺北市,7,蘇煥智,台灣維新,7,
2022年直轄市長選舉,2022,臺北市,文山區,樟樹里,臺北市,8,黃珊珊,無黨籍及未經政黨推薦,610,
2022年直轄市長選舉,2022,臺北市,文山區,樟樹里,臺北市,9,施奉先,無黨籍及未經政黨推薦,1,
2022年直轄市長選舉,2022,臺北市,文山區,樟樹里,臺北市,10,唐新民,共和黨,1,
2022年直轄市長選舉,2022,臺北市,文山區,樟樹里,臺北市,11,謝立康,無黨籍及未經政黨推薦,0,
2022年直轄市長選舉,2022,臺北市,文山區,樟樹里,臺北市,12,陳時中,民主進步黨,719,
2022年直轄市長選舉,2022,臺北市,南港區,南港里,臺北市,1,張家豪,台灣動物保護黨,3,
2022年直轄市長選舉,2022,臺北市,南港區,南港里,臺北市,2,王文娟,無黨籍及未經政黨推薦,0,
2022年直轄市長選舉,2022,臺北市,南港區,南港里,臺北市,3,鄭匡宇,無黨籍及未經政黨推薦,1,
2022年直轄市長選舉,2022,臺北市,南港區,南港里,臺北市,4,黃聖峰,台澎黨,0,
2022年直轄市長選舉,2022,臺北市,南港區,南港里,臺北市,5,童文薰,無黨籍及未經政黨推薦,5,
2022年直轄市長選舉,2022,臺北市,南港區,南港里,臺北市,6,蔣萬安,中國國民黨,1176,*
2022年直轄市長選舉,2022,臺北市,南港區,南港里,臺北市,7,蘇煥智,台灣維新,3,
2022年直轄市長選舉,2022,臺北市,南港區,南港里,臺北市,8,黃珊珊,無黨籍及未經政黨推薦,992,
2022年直轄市長選舉,2022,臺北市,南港區,南港里,臺北市,9,施奉先,無黨籍及未經政黨推薦,0,
2022年直轄市長選舉,2022,臺北市,南港區,南港里,臺北市,10,唐新民,共和黨,1,
2022年直轄市長選舉,2022,臺北市,南港區,南港里,臺北市,11,謝立康,無黨籍及未經政黨推薦,3,
2022年直轄市長選舉,2022,臺北市,南港區,南港里,臺北市,12,陳時中,民主進步黨,947,
2022年直轄市長選舉,2022,臺北市,南港區,中南里,臺北市,1,張家豪,台灣動物保護黨,4,
2022年直轄市長選舉,2022,臺北市,南港區,中南里,臺北市,2,王文娟,無黨籍及未經政黨推薦,0,
2022年直轄市長選舉,2022,臺北市,南港區,中南里,臺北市,3,鄭匡宇,無黨籍及未經政黨推薦,1,
2022年直轄市長選舉,2022,臺北市,南港區,中南里,臺北市,4,黃聖峰,台澎黨,1,
2022年直轄市長選舉,2022,臺北市,南港區,中南里,臺北市,5,童文薰,無黨籍及未經政黨推薦,2,
2022年直轄市長選舉,2022,臺北市,南港區,中南里,臺北市,6,蔣萬安,中國國民黨,684,*
2022年直轄市長選舉,2022,臺北市,南港區,中南里,臺北市,7,蘇煥智,台灣維新,5,
2022年直轄市長選舉,2022,臺北市,南港區,中南里,臺北市,8,黃珊珊,無黨籍及未經政黨推薦,582,
2022年直轄市長選舉,2022,臺北市,南港區,中南里,臺北市,9,施奉先,無黨籍及未經政黨推薦,0,
2022年直轄市長選舉,2022,臺北市,南港區,中南里,臺北市,10,唐新民,共和黨,1,
2022年直轄市長選舉,2022,臺北市,南港區,中南里,臺北市,11,謝立康,無黨籍及未經政黨推薦,2,
2022年直轄市長選舉,2022,臺北市,南港區,中南里,臺北市,12,陳時中,民主進步黨,613,
2022年直轄市長選舉,2022,臺北市,南港區,新富里,臺北市,1,張家豪,台灣動物保護黨,6,
2022年直轄市長選舉,2022,臺北市,南港區,新富里,臺北市,2,王文娟,無黨籍及未經政黨推薦,5,
2022年直轄市長選舉,2022,臺北市,南港區,新富里,臺北市,3,鄭匡宇,無黨籍及未經政黨推薦,0,
2022年直轄市長選舉,2022,臺北市,南港區,新富里,臺北市,4,黃聖峰,台澎黨,1,
2022年直轄市長選舉,2022,臺北市,南港區,新富里,臺北市,5,童文薰,無黨籍及未經政黨推薦,3,
2022年直轄市長選舉,2022,臺北市,南港區,新富里,臺北市,6,蔣萬安,中國國民黨,770,*
2022年直轄市長選舉,2022,臺北市,南港區,新富里,臺北市,7,蘇煥智,台灣維新,3,
2022年直轄市長選舉,2022,臺北市,南港區,新富里,臺北市,8,黃珊珊,無黨籍及未經政黨推薦,663,
2022年直轄市長選舉,2022,臺北市,南港區,新富里,臺北市,9,施奉先,無黨籍及未經政黨推薦,0,
2022年直轄市長選舉,2022,臺北市,南港區,新富里,臺北市,10,唐新民,共和黨,1,
2022年直轄市長選舉,2022,臺北市,南港區,新富里,臺北市,11,謝立康,無黨籍及未經政黨推薦,0,
2022年直轄市長選舉,2022,臺北市,南港區,新富里,臺北市,12,陳時中,民主進步黨,725,
2022年直轄市長選舉,2022,臺北市,南港區,三重里,臺北市,1,張家豪,台灣動物保護黨,4,
2022年直轄市長選舉,2022,臺北市,南港區,三重里,臺北市,2,王文娟,無黨籍及未經政黨推薦,0,
2022年直轄市長選舉,2022,臺北市,南港區,三重里,臺北市,3,鄭匡宇,無黨籍及未經政黨推薦,1,
2022年直轄市長選舉,2022,臺北市,南港區,三重里,臺北市,4,黃聖峰,台澎黨,1,
2022年直轄市長選舉,2022,臺北市,南港區,三重里,臺北市,5,童文薰,無黨籍及未經政黨推薦,4,
2022年直轄市長選舉,2022,臺北市,南港區,三重里,臺北市,6,蔣萬安,中國國民黨,1544,*
2022年直轄市長選舉,2022,臺北市,南港區,三重里,臺北市,7,蘇煥智,台灣維新,4,
2022年直轄市長選舉,2022,臺北市,南港區,三重里,臺北市,8,黃珊珊,無黨籍及未經政黨推薦,1161,
2022年直轄市長選舉,2022,臺北市,南港區,三重里,臺北市,9,施奉先,無黨籍及未經政黨推薦,0,
2022年直轄市長選舉,2022,臺北市,南港區,三重里,臺北市,10,唐新民,共和黨,0,
2022年直轄市長選舉,2022,臺北市,南港區,三重里,臺北市,11,謝立康,無黨籍及未經政黨推薦,0,
2022年直轄市長選舉,2022,臺北市,南港區,三重里,臺北市,12,陳時中,民主進步黨,1099,
2022年直轄市長選舉,2022,臺北市,南港區,東新里,臺北市,1,張家豪,台灣動物保護黨,7,
2022年直轄市長選舉,2022,臺北市,南港區,東新里,臺北市,2,王文娟,無黨籍及未經政黨推薦,0,
2022年直轄市長選舉,2022,臺北市,南港區,東新里,臺北市,3,鄭匡宇,無黨籍及未經政黨推薦,2,
2022年直轄市長選舉,2022,臺北市,南港區,東新里,臺北市,4,黃聖峰,台澎黨,1,
2022年直轄市長選舉,2022,臺北市,南港區,東新里,臺北市,5,童文薰,無黨籍及未經政黨推薦,1,
2022年直轄市長選舉,2022,臺北市,南港區,東新里,臺北市,6,蔣萬安,中國國民黨,1349,*
2022年直轄市長選舉,2022,臺北市,南港區,東新里,臺北市,7,蘇煥智,台灣維新,5,
2022年直轄市長選舉,2022,臺北市,南港區,東新里,臺北市,8,黃珊珊,無黨籍及未經政黨推薦,1130,
2022年直轄市長選舉,2022,臺北市,南港區,東新里,臺北市,9,施奉先,無黨籍及未經政黨推薦,0,
2022年直轄市長選舉,2022,臺北市,南港區,東新里,臺北市,10,唐新民,共和黨,2,
2022年直轄市長選舉,2022,臺北市,南港區,東新里,臺北市,11,謝立康,無黨籍及未經政黨推薦,2,
2022年直轄市長選舉,2022,臺北市,南港區,東新里,臺北市,12,陳時中,民主進步黨,1155,
2022年直轄市長選舉,2022,臺北市,南港區,新光里,臺北市,1,張家豪,台灣動物保護黨,4,
2022年直轄市長選舉,2022,臺北市,南港區,新光里,臺北市,2,王文娟,無黨籍及未經政黨推薦,1,
2022年直轄市長選舉,2022,臺北市,南港區,新光里,臺北市,3,鄭匡宇,無黨籍及未經政黨推薦,1,
2022年直轄市長選舉,2022,臺北市,南港區,新光里,臺北市,4,黃聖峰,台澎黨,0,
2022年直轄市長選舉,2022,臺北市,南港區,新光里,臺北市,5,童文薰,無黨籍及未經政黨推薦,8,
2022年直轄市長選舉,2022,臺北市,南港區,新光里,臺北市,6,蔣萬安,中國國民黨,892,*
2022年直轄市長選舉,2022,臺北市,南港區,新光里,臺北市,7,蘇煥智,台灣維新,3,
2022年直轄市長選舉,2022,臺北市,南港區,新光里,臺北市,8,黃珊珊,無黨籍及未經政黨推薦,538,
2022年直轄市長選舉,2022,臺北市,南港區,新光里,臺北市,9,施奉先,無黨籍及未經政黨推薦,0,
2022年直轄市長選舉,2022,臺北市,南港區,新光里,臺北市,10,唐新民,共和黨,0,
2022年直轄市長選舉,2022,臺北市,南港區,新光里,臺北市,11,謝立康,無黨籍及未經政黨推薦,0,
2022年直轄市長選舉,2022,臺北市,南港區,新光里,臺北市,12,陳時中,民主進步黨,620,
2022年直轄市長選舉,2022,臺北市,南港區,東明里,臺北市,1,張家豪,台灣動物保護黨,5,
2022年直轄市長選舉,2022,臺北市,南港區,東明里,臺北市,2,王文娟,無黨籍及未經政黨推薦,1,
2022年直轄市長選舉,2022,臺北市,南港區,東明里,臺北市,3,鄭匡宇,無黨籍及未經政黨推薦,2,
2022年直轄市長選舉,2022,臺北市,南港區,東明里,臺北市,4,黃聖峰,台澎黨,0,
2022年直轄市長選舉,2022,臺北市,南港區,東明里,臺北市,5,童文薰,無黨籍及未經政黨推薦,5,
2022年直轄市長選舉,2022,臺北市,南港區,東明里,臺北市,6,蔣萬安,中國國民黨,1254,*
2022年直轄市長選舉,2022,臺北市,南港區,東明里,臺北市,7,蘇煥智,台灣維新,1,
2022年直轄市長選舉,2022,臺北市,南港區,東明里,臺北市,8,黃珊珊,無黨籍及未經政黨推薦,1009,
2022年直轄市長選舉,2022,臺北市,南港區,東明里,臺北市,9,施奉先,無黨籍及未經政黨推薦,1,
2022年直轄市長選舉,2022,臺北市,南港區,東明里,臺北市,10,唐新民,共和黨,0,
2022年直轄市長選舉,2022,臺北市,南港區,東明里,臺北市,11,謝立康,無黨籍及未經政黨推薦,0,
2022年直轄市長選舉,2022,臺北市,南港區,東明里,臺北市,12,陳時中,民主進步黨,798,
2022年直轄市長選舉,2022,臺北市,南港區,西新里,臺北市,1,張家豪,台灣動物保護黨,3,
2022年直轄市長選舉,2022,臺北市,南港區,西新里,臺北市,2,王文娟,無黨籍及未經政黨推薦,3,
2022年直轄市長選舉,2022,臺北市,南港區,西新里,臺北市,3,鄭匡宇,無黨籍及未經政黨推薦,1,
2022年直轄市長選舉,2022,臺北市,南港區,西新里,臺北市,4,黃聖峰,台澎黨,0,
2022年直轄市長選舉,2022,臺北市,南港區,西新里,臺北市,5,童文薰,無黨籍及未經政黨推薦,3,
2022年直轄市長選舉,2022,臺北市,南港區,西新里,臺北市,6,蔣萬安,中國國民黨,848,*
2022年直轄市長選舉,2022,臺北市,南港區,西新里,臺北市,7,蘇煥智,台灣維新,3,
2022年直轄市長選舉,2022,臺北市,南港區,西新里,臺北市,8,黃珊珊,無黨籍及未經政黨推薦,748,
2022年直轄市長選舉,2022,臺北市,南港區,西新里,臺北市,9,施奉先,無黨籍及未經政黨推薦,0,
2022年直轄市長選舉,2022,臺北市,南港區,西新里,臺北市,10,唐新民,共和黨,0,
2022年直轄市長選舉,2022,臺北市,南港區,西新里,臺北市,11,謝立康,無黨籍及未經政黨推薦,0,
2022年直轄市長選舉,2022,臺北市,南港區,西新里,臺北市,12,陳時中,民主進步黨,924,
2022年直轄市長選舉,2022,臺北市,南港區,玉成里,臺北市,1,張家豪,台灣動物保護黨,3,
2022年直轄市長選舉,2022,臺北市,南港區,玉成里,臺北市,2,王文娟,無黨籍及未經政黨推薦,2,
2022年直轄市長選舉,2022,臺北市,南港區,玉成里,臺北市,3,鄭匡宇,無黨籍及未經政黨推薦,1,
2022年直轄市長選舉,2022,臺北市,南港區,玉成里,臺北市,4,黃聖峰,台澎黨,1,
2022年直轄市長選舉,2022,臺北市,南港區,玉成里,臺北市,5,童文薰,無黨籍及未經政黨推薦,4,
2022年直轄市長選舉,2022,臺北市,南港區,玉成里,臺北市,6,蔣萬安,中國國民黨,990,*
2022年直轄市長選舉,2022,臺北市,南港區,玉成里,臺北市,7,蘇煥智,台灣維新,1,
2022年直轄市長選舉,2022,臺北市,南港區,玉成里,臺北市,8,黃珊珊,無黨籍及未經政黨推薦,685,
2022年直轄市長選舉,2022,臺北市,南港區,玉成里,臺北市,9,施奉先,無黨籍及未經政黨推薦,0,
2022年直轄市長選舉,2022,臺北市,南港區,玉成里,臺北市,10,唐新民,共和黨,1,
2022年直轄市長選舉,2022,臺北市,南港區,玉成里,臺北市,11,謝立康,無黨籍及未經政黨推薦,1,
2022年直轄市長選舉,2022,臺北市,南港區,玉成里,臺北市,12,陳時中,民主進步黨,917,
2022年直轄市長選舉,2022,臺北市,南港區,合成里,臺北市,1,張家豪,台灣動物保護黨,4,
2022年直轄市長選舉,2022,臺北市,南港區,合成里,臺北市,2,王文娟,無黨籍及未經政黨推薦,1,
2022年直轄市長選舉,2022,臺北市,南港區,合成里,臺北市,3,鄭匡宇,無黨籍及未經政黨推薦,3,
2022年直轄市長選舉,2022,臺北市,南港區,合成里,臺北市,4,黃聖峰,台澎黨,2,
2022年直轄市長選舉,2022,臺北市,南港區,合成里,臺北市,5,童文薰,無黨籍及未經政黨推薦,4,
2022年直轄市長選舉,2022,臺北市,南港區,合成里,臺北市,6,蔣萬安,中國國民黨,1444,*
2022年直轄市長選舉,2022,臺北市,南港區,合成里,臺北市,7,蘇煥智,台灣維新,1,
2022年直轄市長選舉,2022,臺北市,南港區,合成里,臺北市,8,黃珊珊,無黨籍及未經政黨推薦,919,
2022年直轄市長選舉,2022,臺北市,南港區,合成里,臺北市,9,施奉先,無黨籍及未經政黨推薦,0,
2022年直轄市長選舉,2022,臺北市,南港區,合成里,臺北市,10,唐新民,共和黨,0,
2022年直轄市長選舉,2022,臺北市,南港區,合成里,臺北市,11,謝立康,無黨籍及未經政黨推薦,2,
2022年直轄市長選舉,2022,臺北市,南港區,合成里,臺北市,12,陳時中,民主進步黨,1185,
2022年直轄市長選舉,2022,臺北市,南港區,成福里,臺北市,1,張家豪,台灣動物保護黨,4,
2022年直轄市長選舉,2022,臺北市,南港區,成福里,臺北市,2,王文娟,無黨籍及未經政黨推薦,4,
2022年直轄市長選舉,2022,臺北市,南港區,成福里,臺北市,3,鄭匡宇,無黨籍及未經政黨推薦,3,
2022年直轄市長選舉,2022,臺北市,南港區,成福里,臺北市,4,黃聖峰,台澎黨,1,
2022年直轄市長選舉,2022,臺北市,南港區,成福里,臺北市,5,童文薰,無黨籍及未經政黨推薦,9,
2022年直轄市長選舉,2022,臺北市,南港區,成福里,臺北市,6,蔣萬安,中國國民黨,1944,*
2022年直轄市長選舉,2022,臺北市,南港區,成福里,臺北市,7,蘇煥智,台灣維新,3,
2022年直轄市長選舉,2022,臺北市,南港區,成福里,臺北市,8,黃珊珊,無黨籍及未經政黨推薦,1160,
2022年直轄市長選舉,2022,臺北市,南港區,成福里,臺北市,9,施奉先,無黨籍及未經政黨推薦,0,
2022年直轄市長選舉,2022,臺北市,南港區,成福里,臺北市,10,唐新民,共和黨,0,
2022年直轄市長選舉,2022,臺北市,南港區,成福里,臺北市,11,謝立康,無黨籍及未經政黨推薦,0,
2022年直轄市長選舉,2022,臺北市,南港區,成福里,臺北市,12,陳時中,民主進步黨,1136,
2022年直轄市長選舉,2022,臺北市,南港區,萬福里,臺北市,1,張家豪,台灣動物保護黨,2,
2022年直轄市長選舉,2022,臺北市,南港區,萬福里,臺北市,2,王文娟,無黨籍及未經政黨推薦,0,
2022年直轄市長選舉,2022,臺北市,南港區,萬福里,臺北市,3,鄭匡宇,無黨籍及未經政黨推薦,1,
2022年直轄市長選舉,2022,臺北市,南港區,萬福里,臺北市,4,黃聖峰,台澎黨,0,
2022年直轄市長選舉,2022,臺北市,南港區,萬福里,臺北市,5,童文薰,無黨籍及未經政黨推薦,3,
2022年直轄市長選舉,2022,臺北市,南港區,萬福里,臺北市,6,蔣萬安,中國國民黨,1072,*
2022年直轄市長選舉,2022,臺北市,南港區,萬福里,臺北市,7,蘇煥智,台灣維新,2,
2022年直轄市長選舉,2022,臺北市,南港區,萬福里,臺北市,8,黃珊珊,無黨籍及未經政黨推薦,672,
2022年直轄市長選舉,2022,臺北市,南港區,萬福里,臺北市,9,施奉先,無黨籍及未經政黨推薦,1,
2022年直轄市長選舉,2022,臺北市,南港區,萬福里,臺北市,10,唐新民,共和黨,2,
2022年直轄市長選舉,2022,臺北市,南港區,萬福里,臺北市,11,謝立康,無黨籍及未經政黨推薦,0,
2022年直轄市長選舉,2022,臺北市,南港區,萬福里,臺北市,12,陳時中,民主進步黨,693,
2022年直轄市長選舉,2022,臺北市,南港區,鴻福里,臺北市,1,張家豪,台灣動物保護黨,2,
2022年直轄市長選舉,2022,臺北市,南港區,鴻福里,臺北市,2,王文娟,無黨籍及未經政黨推薦,1,
2022年直轄市長選舉,2022,臺北市,南港區,鴻福里,臺北市,3,鄭匡宇,無黨籍及未經政黨推薦,0,
2022年直轄市長選舉,2022,臺北市,南港區,鴻福里,臺北市,4,黃聖峰,台澎黨,1,
2022年直轄市長選舉,2022,臺北市,南港區,鴻福里,臺北市,5,童文薰,無黨籍及未經政黨推薦,4,
2022年直轄市長選舉,2022,臺北市,南港區,鴻福里,臺北市,6,蔣萬安,中國國民黨,1068,*
2022年直轄市長選舉,2022,臺北市,南港區,鴻福里,臺北市,7,蘇煥智,台灣維新,1,
2022年直轄市長選舉,2022,臺北市,南港區,鴻福里,臺北市,8,黃珊珊,無黨籍及未經政黨推薦,668,
2022年直轄市長選舉,2022,臺北市,南港區,鴻福里,臺北市,9,施奉先,無黨籍及未經政黨推薦,0,
2022年直轄市長選舉,2022,臺北市,南港區,鴻福里,臺北市,10,唐新民,共和黨,0,
2022年直轄市長選舉,2022,臺北市,南港區,鴻福里,臺北市,11,謝立康,無黨籍及未經政黨推薦,1,
2022年直轄市長選舉,2022,臺北市,南港區,鴻福里,臺北市,12,陳時中,民主進步黨,786,
2022年直轄市長選舉,2022,臺北市,南港區,百福里,臺北市,1,張家豪,台灣動物保護黨,3,
2022年直轄市長選舉,2022,臺北市,南港區,百福里,臺北市,2,王文娟,無黨籍及未經政黨推薦,0,
2022年直轄市長選舉,2022,臺北市,南港區,百福里,臺北市,3,鄭匡宇,無黨籍及未經政黨推薦,1,
2022年直轄市長選舉,2022,臺北市,南港區,百福里,臺北市,4,黃聖峰,台澎黨,1,
2022年直轄市長選舉,2022,臺北市,南港區,百福里,臺北市,5,童文薰,無黨籍及未經政黨推薦,6,
2022年直轄市長選舉,2022,臺北市,南港區,百福里,臺北市,6,蔣萬安,中國國民黨,1120,*
2022年直轄市長選舉,2022,臺北市,南港區,百福里,臺北市,7,蘇煥智,台灣維新,4,
2022年直轄市長選舉,2022,臺北市,南港區,百福里,臺北市,8,黃珊珊,無黨籍及未經政黨推薦,729,
2022年直轄市長選舉,2022,臺北市,南港區,百福里,臺北市,9,施奉先,無黨籍及未經政黨推薦,2,
2022年直轄市長選舉,2022,臺北市,南港區,百福里,臺北市,10,唐新民,共和黨,2,
2022年直轄市長選舉,2022,臺北市,南港區,百福里,臺北市,11,謝立康,無黨籍及未經政黨推薦,0,
2022年直轄市長選舉,2022,臺北市,南港區,百福里,臺北市,12,陳時中,民主進步黨,915,
2022年直轄市長選舉,2022,臺北市,南港區,聯成里,臺北市,1,張家豪,台灣動物保護黨,3,
2022年直轄市長選舉,2022,臺北市,南港區,聯成里,臺北市,2,王文娟,無黨籍及未經政黨推薦,1,
2022年直轄市長選舉,2022,臺北市,南港區,聯成里,臺北市,3,鄭匡宇,無黨籍及未經政黨推薦,0,
2022年直轄市長選舉,2022,臺北市,南港區,聯成里,臺北市,4,黃聖峰,台澎黨,0,
2022年直轄市長選舉,2022,臺北市,南港區,聯成里,臺北市,5,童文薰,無黨籍及未經政黨推薦,2,
2022年直轄市長選舉,2022,臺北市,南港區,聯成里,臺北市,6,蔣萬安,中國國民黨,1190,*
2022年直轄市長選舉,2022,臺北市,南港區,聯成里,臺北市,7,蘇煥智,台灣維新,4,
2022年直轄市長選舉,2022,臺北市,南港區,聯成里,臺北市,8,黃珊珊,無黨籍及未經政黨推薦,792,
2022年直轄市長選舉,2022,臺北市,南港區,聯成里,臺北市,9,施奉先,無黨籍及未經政黨推薦,2,
2022年直轄市長選舉,2022,臺北市,南港區,聯成里,臺北市,10,唐新民,共和黨,2,
2022年直轄市長選舉,2022,臺北市,南港區,聯成里,臺北市,11,謝立康,無黨籍及未經政黨推薦,1,
2022年直轄市長選舉,2022,臺北市,南港區,聯成里,臺北市,12,陳時中,民主進步黨,806,
2022年直轄市長選舉,2022,臺北市,南港區,舊莊里,臺北市,1,張家豪,台灣動物保護黨,8,
2022年直轄市長選舉,2022,臺北市,南港區,舊莊里,臺北市,2,王文娟,無黨籍及未經政黨推薦,2,
2022年直轄市長選舉,2022,臺北市,南港區,舊莊里,臺北市,3,鄭匡宇,無黨籍及未經政黨推薦,1,
2022年直轄市長選舉,2022,臺北市,南港區,舊莊里,臺北市,4,黃聖峰,台澎黨,0,
2022年直轄市長選舉,2022,臺北市,南港區,舊莊里,臺北市,5,童文薰,無黨籍及未經政黨推薦,6,
2022年直轄市長選舉,2022,臺北市,南港區,舊莊里,臺北市,6,蔣萬安,中國國民黨,1704,*
2022年直轄市長選舉,2022,臺北市,南港區,舊莊里,臺北市,7,蘇煥智,台灣維新,4,
2022年直轄市長選舉,2022,臺北市,南港區,舊莊里,臺北市,8,黃珊珊,無黨籍及未經政黨推薦,1383,
2022年直轄市長選舉,2022,臺北市,南港區,舊莊里,臺北市,9,施奉先,無黨籍及未經政黨推薦,2,
2022年直轄市長選舉,2022,臺北市,南港區,舊莊里,臺北市,10,唐新民,共和黨,0,
2022年直轄市長選舉,2022,臺北市,南港區,舊莊里,臺北市,11,謝立康,無黨籍及未經政黨推薦,1,
2022年直轄市長選舉,2022,臺北市,南港區,舊莊里,臺北市,12,陳時中,民主進步黨,1357,
2022年直轄市長選舉,2022,臺北市,南港區,中研里,臺北市,1,張家豪,台灣動物保護黨,7,
2022年直轄市長選舉,2022,臺北市,南港區,中研里,臺北市,2,王文娟,無黨籍及未經政黨推薦,2,
2022年直轄市長選舉,2022,臺北市,南港區,中研里,臺北市,3,鄭匡宇,無黨籍及未經政黨推薦,3,
2022年直轄市長選舉,2022,臺北市,南港區,中研里,臺北市,4,黃聖峰,台澎黨,0,
2022年直轄市長選舉,2022,臺北市,南港區,中研里,臺北市,5,童文薰,無黨籍及未經政黨推薦,9,
2022年直轄市長選舉,2022,臺北市,南港區,中研里,臺北市,6,蔣萬安,中國國民黨,1869,*
2022年直轄市長選舉,2022,臺北市,南港區,中研里,臺北市,7,蘇煥智,台灣維新,13,
2022年直轄市長選舉,2022,臺北市,南港區,中研里,臺北市,8,黃珊珊,無黨籍及未經政黨推薦,1571,
2022年直轄市長選舉,2022,臺北市,南港區,中研里,臺北市,9,施奉先,無黨籍及未經政黨推薦,0,
2022年直轄市長選舉,2022,臺北市,南港區,中研里,臺北市,10,唐新民,共和黨,3,
2022年直轄市長選舉,2022,臺北市,南港區,中研里,臺北市,11,謝立康,無黨籍及未經政黨推薦,3,
2022年直轄市長選舉,2022,臺北市,南港區,中研里,臺北市,12,陳時中,民主進步黨,1553,
2022年直轄市長選舉,2022,臺北市,南港區,九如里,臺北市,1,張家豪,台灣動物保護黨,2,
2022年直轄市長選舉,2022,臺北市,南港區,九如里,臺北市,2,王文娟,無黨籍及未經政黨推薦,1,
2022年直轄市長選舉,2022,臺北市,南港區,九如里,臺北市,3,鄭匡宇,無黨籍及未經政黨推薦,2,
2022年直轄市長選舉,2022,臺北市,南港區,九如里,臺北市,4,黃聖峰,台澎黨,0,
2022年直轄市長選舉,2022,臺北市,南港區,九如里,臺北市,5,童文薰,無黨籍及未經政黨推薦,4,
2022年直轄市長選舉,2022,臺北市,南港區,九如里,臺北市,6,蔣萬安,中國國民黨,1556,*
2022年直轄市長選舉,2022,臺北市,南港區,九如里,臺北市,7,蘇煥智,台灣維新,1,
2022年直轄市長選舉,2022,臺北市,南港區,九如里,臺北市,8,黃珊珊,無黨籍及未經政黨推薦,944,
2022年直轄市長選舉,2022,臺北市,南港區,九如里,臺北市,9,施奉先,無黨籍及未經政黨推薦,0,
2022年直轄市長選舉,2022,臺北市,南港區,九如里,臺北市,10,唐新民,共和黨,1,
2022年直轄市長選舉,2022,臺北市,南港區,九如里,臺北市,11,謝立康,無黨籍及未經政黨推薦,2,
2022年直轄市長選舉,2022,臺北市,南港區,九如里,臺北市,12,陳時中,民主進步黨,870,
2022年直轄市長選舉,2022,臺北市,南港區,仁福里,臺北市,1,張家豪,台灣動物保護黨,3,
2022年直轄市長選舉,2022,臺北市,南港區,仁福里,臺北市,2,王文娟,無黨籍及未經政黨推薦,2,
2022年直轄市長選舉,2022,臺北市,南港區,仁福里,臺北市,3,鄭匡宇,無黨籍及未經政黨推薦,0,
2022年直轄市長選舉,2022,臺北市,南港區,仁福里,臺北市,4,黃聖峰,台澎黨,0,
2022年直轄市長選舉,2022,臺北市,南港區,仁福里,臺北市,5,童文薰,無黨籍及未經政黨推薦,6,
2022年直轄市長選舉,2022,臺北市,南港區,仁福里,臺北市,6,蔣萬安,中國國民黨,1447,*
2022年直轄市長選舉,2022,臺北市,南港區,仁福里,臺北市,7,蘇煥智,台灣維新,6,
2022年直轄市長選舉,2022,臺北市,南港區,仁福里,臺北市,8,黃珊珊,無黨籍及未經政黨推薦,901,
2022年直轄市長選舉,2022,臺北市,南港區,仁福里,臺北市,9,施奉先,無黨籍及未經政黨推薦,1,
2022年直轄市長選舉,2022,臺北市,南港區,仁福里,臺北市,10,唐新民,共和黨,0,
2022年直轄市長選舉,2022,臺北市,南港區,仁福里,臺北市,11,謝立康,無黨籍及未經政黨推薦,1,
2022年直轄市長選舉,2022,臺北市,南港區,仁福里,臺北市,12,陳時中,民主進步黨,779,
2022年直轄市長選舉,2022,臺北市,南港區,重陽里,臺北市,1,張家豪,台灣動物保護黨,4,
2022年直轄市長選舉,2022,臺北市,南港區,重陽里,臺北市,2,王文娟,無黨籍及未經政黨推薦,1,
2022年直轄市長選舉,2022,臺北市,南港區,重陽里,臺北市,3,鄭匡宇,無黨籍及未經政黨推薦,3,
2022年直轄市長選舉,2022,臺北市,南港區,重陽里,臺北市,4,黃聖峰,台澎黨,0,
2022年直轄市長選舉,2022,臺北市,南港區,重陽里,臺北市,5,童文薰,無黨籍及未經政黨推薦,9,
2022年直轄市長選舉,2022,臺北市,南港區,重陽里,臺北市,6,蔣萬安,中國國民黨,1340,*
2022年直轄市長選舉,2022,臺北市,南港區,重陽里,臺北市,7,蘇煥智,台灣維新,2,
2022年直轄市長選舉,2022,臺北市,南港區,重陽里,臺北市,8,黃珊珊,無黨籍及未經政黨推薦,999,
2022年直轄市長選舉,2022,臺北市,南港區,重陽里,臺北市,9,施奉先,無黨籍及未經政黨推薦,0,
2022年直轄市長選舉,2022,臺北市,南港區,重陽里,臺北市,10,唐新民,共和黨,2,
2022年直轄市長選舉,2022,臺北市,南港區,重陽里,臺北市,11,謝立康,無黨籍及未經政黨推薦,0,
2022年直轄市長選舉,2022,臺北市,南港區,重陽里,臺北市,12,陳時中,民主進步黨,838,
2022年直轄市長選舉,2022,臺北市,內湖區,西湖里,臺北市,1,張家豪,台灣動物保護黨,6,
2022年直轄市長選舉,2022,臺北市,內湖區,西湖里,臺北市,2,王文娟,無黨籍及未經政黨推薦,0,
2022年直轄市長選舉,2022,臺北市,內湖區,西湖里,臺北市,3,鄭匡宇,無黨籍及未經政黨推薦,2,
2022年直轄市長選舉,2022,臺北市,內湖區,西湖里,臺北市,4,黃聖峰,台澎黨,1,
2022年直轄市長選舉,2022,臺北市,內湖區,西湖里,臺北市,5,童文薰,無黨籍及未經政黨推薦,7,
2022年直轄市長選舉,2022,臺北市,內湖區,西湖里,臺北市,6,蔣萬安,中國國民黨,1510,*
2022年直轄市長選舉,2022,臺北市,內湖區,西湖里,臺北市,7,蘇煥智,台灣維新,5,
2022年直轄市長選舉,2022,臺北市,內湖區,西湖里,臺北市,8,黃珊珊,無黨籍及未經政黨推薦,1136,
2022年直轄市長選舉,2022,臺北市,內湖區,西湖里,臺北市,9,施奉先,無黨籍及未經政黨推薦,91,
2022年直轄市長選舉,2022,臺北市,內湖區,西湖里,臺北市,10,唐新民,共和黨,0,
2022年直轄市長選舉,2022,臺北市,內湖區,西湖里,臺北市,11,謝立康,無黨籍及未經政黨推薦,1,
2022年直轄市長選舉,2022,臺北市,內湖區,西湖里,臺北市,12,陳時中,民主進步黨,1309,
2022年直轄市長選舉,2022,臺北市,內湖區,西康里,臺北市,1,張家豪,台灣動物保護黨,7,
2022年直轄市長選舉,2022,臺北市,內湖區,西康里,臺北市,2,王文娟,無黨籍及未經政黨推薦,1,
2022年直轄市長選舉,2022,臺北市,內湖區,西康里,臺北市,3,鄭匡宇,無黨籍及未經政黨推薦,4,
2022年直轄市長選舉,2022,臺北市,內湖區,西康里,臺北市,4,黃聖峰,台澎黨,1,
2022年直轄市長選舉,2022,臺北市,內湖區,西康里,臺北市,5,童文薰,無黨籍及未經政黨推薦,6,
2022年直轄市長選舉,2022,臺北市,內湖區,西康里,臺北市,6,蔣萬安,中國國民黨,2279,*
2022年直轄市長選舉,2022,臺北市,內湖區,西康里,臺北市,7,蘇煥智,台灣維新,5,
2022年直轄市長選舉,2022,臺北市,內湖區,西康里,臺北市,8,黃珊珊,無黨籍及未經政黨推薦,1504,
2022年直轄市長選舉,2022,臺北市,內湖區,西康里,臺北市,9,施奉先,無黨籍及未經政黨推薦,1,
2022年直轄市長選舉,2022,臺北市,內湖區,西康里,臺北市,10,唐新民,共和黨,2,
2022年直轄市長選舉,2022,臺北市,內湖區,西康里,臺北市,11,謝立康,無黨籍及未經政黨推薦,2,
2022年直轄市長選舉,2022,臺北市,內湖區,西康里,臺北市,12,陳時中,民主進步黨,1497,
2022年直轄市長選舉,2022,臺北市,內湖區,西安里,臺北市,1,張家豪,台灣動物保護黨,7,
2022年直轄市長選舉,2022,臺北市,內湖區,西安里,臺北市,2,王文娟,無黨籍及未經政黨推薦,0,
2022年直轄市長選舉,2022,臺北市,內湖區,西安里,臺北市,3,鄭匡宇,無黨籍及未經政黨推薦,0,
2022年直轄市長選舉,2022,臺北市,內湖區,西安里,臺北市,4,黃聖峰,台澎黨,5,
2022年直轄市長選舉,2022,臺北市,內湖區,西安里,臺北市,5,童文薰,無黨籍及未經政黨推薦,6,
2022年直轄市長選舉,2022,臺北市,內湖區,西安里,臺北市,6,蔣萬安,中國國民黨,1529,*
2022年直轄市長選舉,2022,臺北市,內湖區,西安里,臺北市,7,蘇煥智,台灣維新,2,
2022年直轄市長選舉,2022,臺北市,內湖區,西安里,臺北市,8,黃珊珊,無黨籍及未經政黨推薦,1020,
2022年直轄市長選舉,2022,臺北市,內湖區,西安里,臺北市,9,施奉先,無黨籍及未經政黨推薦,0,
2022年直轄市長選舉,2022,臺北市,內湖區,西安里,臺北市,10,唐新民,共和黨,0,
2022年直轄市長選舉,2022,臺北市,內湖區,西安里,臺北市,11,謝立康,無黨籍及未經政黨推薦,0,
2022年直轄市長選舉,2022,臺北市,內湖區,西安里,臺北市,12,陳時中,民主進步黨,1059,
2022年直轄市長選舉,2022,臺北市,內湖區,港墘里,臺北市,1,張家豪,台灣動物保護黨,2,
2022年直轄市長選舉,2022,臺北市,內湖區,港墘里,臺北市,2,王文娟,無黨籍及未經政黨推薦,0,
2022年直轄市長選舉,2022,臺北市,內湖區,港墘里,臺北市,3,鄭匡宇,無黨籍及未經政黨推薦,3,
2022年直轄市長選舉,2022,臺北市,內湖區,港墘里,臺北市,4,黃聖峰,台澎黨,0,
2022年直轄市長選舉,2022,臺北市,內湖區,港墘里,臺北市,5,童文薰,無黨籍及未經政黨推薦,6,
2022年直轄市長選舉,2022,臺北市,內湖區,港墘里,臺北市,6,蔣萬安,中國國民黨,1347,*
2022年直轄市長選舉,2022,臺北市,內湖區,港墘里,臺北市,7,蘇煥智,台灣維新,7,
2022年直轄市長選舉,2022,臺北市,內湖區,港墘里,臺北市,8,黃珊珊,無黨籍及未經政黨推薦,976,
2022年直轄市長選舉,2022,臺北市,內湖區,港墘里,臺北市,9,施奉先,無黨籍及未經政黨推薦,0,
2022年直轄市長選舉,2022,臺北市,內湖區,港墘里,臺北市,10,唐新民,共和黨,0,
2022年直轄市長選舉,2022,臺北市,內湖區,港墘里,臺北市,11,謝立康,無黨籍及未經政黨推薦,0,
2022年直轄市長選舉,2022,臺北市,內湖區,港墘里,臺北市,12,陳時中,民主進步黨,1034,
2022年直轄市長選舉,2022,臺北市,內湖區,港都里,臺北市,1,張家豪,台灣動物保護黨,14,
2022年直轄市長選舉,2022,臺北市,內湖區,港都里,臺北市,2,王文娟,無黨籍及未經政黨推薦,0,
2022年直轄市長選舉,2022,臺北市,內湖區,港都里,臺北市,3,鄭匡宇,無黨籍及未經政黨推薦,1,
2022年直轄市長選舉,2022,臺北市,內湖區,港都里,臺北市,4,黃聖峰,台澎黨,0,
2022年直轄市長選舉,2022,臺北市,內湖區,港都里,臺北市,5,童文薰,無黨籍及未經政黨推薦,1,
2022年直轄市長選舉,2022,臺北市,內湖區,港都里,臺北市,6,蔣萬安,中國國民黨,1159,*
2022年直轄市長選舉,2022,臺北市,內湖區,港都里,臺北市,7,蘇煥智,台灣維新,2,
2022年直轄市長選舉,2022,臺北市,內湖區,港都里,臺北市,8,黃珊珊,無黨籍及未經政黨推薦,915,
2022年直轄市長選舉,2022,臺北市,內湖區,港都里,臺北市,9,施奉先,無黨籍及未經政黨推薦,0,
2022年直轄市長選舉,2022,臺北市,內湖區,港都里,臺北市,10,唐新民,共和黨,0,
2022年直轄市長選舉,2022,臺北市,內湖區,港都里,臺北市,11,謝立康,無黨籍及未經政黨推薦,0,
2022年直轄市長選舉,2022,臺北市,內湖區,港都里,臺北市,12,陳時中,民主進步黨,953,
2022年直轄市長選舉,2022,臺北市,內湖區,港富里,臺北市,1,張家豪,台灣動物保護黨,4,
2022年直轄市長選舉,2022,臺北市,內湖區,港富里,臺北市,2,王文娟,無黨籍及未經政黨推薦,1,
2022年直轄市長選舉,2022,臺北市,內湖區,港富里,臺北市,3,鄭匡宇,無黨籍及未經政黨推薦,2,
2022年直轄市長選舉,2022,臺北市,內湖區,港富里,臺北市,4,黃聖峰,台澎黨,0,
2022年直轄市長選舉,2022,臺北市,內湖區,港富里,臺北市,5,童文薰,無黨籍及未經政黨推薦,9,
2022年直轄市長選舉,2022,臺北市,內湖區,港富里,臺北市,6,蔣萬安,中國國民黨,1972,*
2022年直轄市長選舉,2022,臺北市,內湖區,港富里,臺北市,7,蘇煥智,台灣維新,5,
2022年直轄市長選舉,2022,臺北市,內湖區,港富里,臺北市,8,黃珊珊,無黨籍及未經政黨推薦,1454,
2022年直轄市長選舉,2022,臺北市,內湖區,港富里,臺北市,9,施奉先,無黨籍及未經政黨推薦,1,
2022年直轄市長選舉,2022,臺北市,內湖區,港富里,臺北市,10,唐新民,共和黨,0,
2022年直轄市長選舉,2022,臺北市,內湖區,港富里,臺北市,11,謝立康,無黨籍及未經政黨推薦,0,
2022年直轄市長選舉,2022,臺北市,內湖區,港富里,臺北市,12,陳時中,民主進步黨,1625,
2022年直轄市長選舉,2022,臺北市,內湖區,港華里,臺北市,1,張家豪,台灣動物保護黨,10,
2022年直轄市長選舉,2022,臺北市,內湖區,港華里,臺北市,2,王文娟,無黨籍及未經政黨推薦,1,
2022年直轄市長選舉,2022,臺北市,內湖區,港華里,臺北市,3,鄭匡宇,無黨籍及未經政黨推薦,1,
2022年直轄市長選舉,2022,臺北市,內湖區,港華里,臺北市,4,黃聖峰,台澎黨,1,
2022年直轄市長選舉,2022,臺北市,內湖區,港華里,臺北市,5,童文薰,無黨籍及未經政黨推薦,7,
2022年直轄市長選舉,2022,臺北市,內湖區,港華里,臺北市,6,蔣萬安,中國國民黨,2000,*
2022年直轄市長選舉,2022,臺北市,內湖區,港華里,臺北市,7,蘇煥智,台灣維新,9,
2022年直轄市長選舉,2022,臺北市,內湖區,港華里,臺北市,8,黃珊珊,無黨籍及未經政黨推薦,1570,
2022年直轄市長選舉,2022,臺北市,內湖區,港華里,臺北市,9,施奉先,無黨籍及未經政黨推薦,0,
2022年直轄市長選舉,2022,臺北市,內湖區,港華里,臺北市,10,唐新民,共和黨,2,
2022年直轄市長選舉,2022,臺北市,內湖區,港華里,臺北市,11,謝立康,無黨籍及未經政黨推薦,1,
2022年直轄市長選舉,2022,臺北市,內湖區,港華里,臺北市,12,陳時中,民主進步黨,1451,
2022年直轄市長選舉,2022,臺北市,內湖區,內湖里,臺北市,1,張家豪,台灣動物保護黨,6,
2022年直轄市長選舉,2022,臺北市,內湖區,內湖里,臺北市,2,王文娟,無黨籍及未經政黨推薦,0,
2022年直轄市長選舉,2022,臺北市,內湖區,內湖里,臺北市,3,鄭匡宇,無黨籍及未經政黨推薦,1,
2022年直轄市長選舉,2022,臺北市,內湖區,內湖里,臺北市,4,黃聖峰,台澎黨,2,
2022年直轄市長選舉,2022,臺北市,內湖區,內湖里,臺北市,5,童文薰,無黨籍及未經政黨推薦,1,
2022年直轄市長選舉,2022,臺北市,內湖區,內湖里,臺北市,6,蔣萬安,中國國民黨,1560,*
2022年直轄市長選舉,2022,臺北市,內湖區,內湖里,臺北市,7,蘇煥智,台灣維新,7,
2022年直轄市長選舉,2022,臺北市,內湖區,內湖里,臺北市,8,黃珊珊,無黨籍及未經政黨推薦,989,
2022年直轄市長選舉,2022,臺北市,內湖區,內湖里,臺北市,9,施奉先,無黨籍及未經政黨推薦,0,
2022年直轄市長選舉,2022,臺北市,內湖區,內湖里,臺北市,10,唐新民,共和黨,1,
2022年直轄市長選舉,2022,臺北市,內湖區,內湖里,臺北市,11,謝立康,無黨籍及未經政黨推薦,1,
2022年直轄市長選舉,2022,臺北市,內湖區,內湖里,臺北市,12,陳時中,民主進步黨,990,
2022年直轄市長選舉,2022,臺北市,內湖區,湖濱里,臺北市,1,張家豪,台灣動物保護黨,3,
2022年直轄市長選舉,2022,臺北市,內湖區,湖濱里,臺北市,2,王文娟,無黨籍及未經政黨推薦,0,
2022年直轄市長選舉,2022,臺北市,內湖區,湖濱里,臺北市,3,鄭匡宇,無黨籍及未經政黨推薦,2,
2022年直轄市長選舉,2022,臺北市,內湖區,湖濱里,臺北市,4,黃聖峰,台澎黨,3,
2022年直轄市長選舉,2022,臺北市,內湖區,湖濱里,臺北市,5,童文薰,無黨籍及未經政黨推薦,8,
2022年直轄市長選舉,2022,臺北市,內湖區,湖濱里,臺北市,6,蔣萬安,中國國民黨,2145,*
2022年直轄市長選舉,2022,臺北市,內湖區,湖濱里,臺北市,7,蘇煥智,台灣維新,5,
2022年直轄市長選舉,2022,臺北市,內湖區,湖濱里,臺北市,8,黃珊珊,無黨籍及未經政黨推薦,1325,
2022年直轄市長選舉,2022,臺北市,內湖區,湖濱里,臺北市,9,施奉先,無黨籍及未經政黨推薦,1,
2022年直轄市長選舉,2022,臺北市,內湖區,湖濱里,臺北市,10,唐新民,共和黨,0,
2022年直轄市長選舉,2022,臺北市,內湖區,湖濱里,臺北市,11,謝立康,無黨籍及未經政黨推薦,0,
2022年直轄市長選舉,2022,臺北市,內湖區,湖濱里,臺北市,12,陳時中,民主進步黨,1213,
2022年直轄市長選舉,2022,臺北市,內湖區,紫星里,臺北市,1,張家豪,台灣動物保護黨,8,
2022年直轄市長選舉,2022,臺北市,內湖區,紫星里,臺北市,2,王文娟,無黨籍及未經政黨推薦,1,
2022年直轄市長選舉,2022,臺北市,內湖區,紫星里,臺北市,3,鄭匡宇,無黨籍及未經政黨推薦,0,
2022年直轄市長選舉,2022,臺北市,內湖區,紫星里,臺北市,4,黃聖峰,台澎黨,2,
2022年直轄市長選舉,2022,臺北市,內湖區,紫星里,臺北市,5,童文薰,無黨籍及未經政黨推薦,3,
2022年直轄市長選舉,2022,臺北市,內湖區,紫星里,臺北市,6,蔣萬安,中國國民黨,1785,*
2022年直轄市長選舉,2022,臺北市,內湖區,紫星里,臺北市,7,蘇煥智,台灣維新,3,
2022年直轄市長選舉,2022,臺北市,內湖區,紫星里,臺北市,8,黃珊珊,無黨籍及未經政黨推薦,1241,
2022年直轄市長選舉,2022,臺北市,內湖區,紫星里,臺北市,9,施奉先,無黨籍及未經政黨推薦,0,
2022年直轄市長選舉,2022,臺北市,內湖區,紫星里,臺北市,10,唐新民,共和黨,1,
2022年直轄市長選舉,2022,臺北市,內湖區,紫星里,臺北市,11,謝立康,無黨籍及未經政黨推薦,0,
2022年直轄市長選舉,2022,臺北市,內湖區,紫星里,臺北市,12,陳時中,民主進步黨,1449,
2022年直轄市長選舉,2022,臺北市,內湖區,大湖里,臺北市,1,張家豪,台灣動物保護黨,5,
2022年直轄市長選舉,2022,臺北市,內湖區,大湖里,臺北市,2,王文娟,無黨籍及未經政黨推薦,0,
2022年直轄市長選舉,2022,臺北市,內湖區,大湖里,臺北市,3,鄭匡宇,無黨籍及未經政黨推薦,0,
2022年直轄市長選舉,2022,臺北市,內湖區,大湖里,臺北市,4,黃聖峰,台澎黨,1,
2022年直轄市長選舉,2022,臺北市,內湖區,大湖里,臺北市,5,童文薰,無黨籍及未經政黨推薦,8,
2022年直轄市長選舉,2022,臺北市,內湖區,大湖里,臺北市,6,蔣萬安,中國國民黨,1240,*
2022年直轄市長選舉,2022,臺北市,內湖區,大湖里,臺北市,7,蘇煥智,台灣維新,2,
2022年直轄市長選舉,2022,臺北市,內湖區,大湖里,臺北市,8,黃珊珊,無黨籍及未經政黨推薦,890,
2022年直轄市長選舉,2022,臺北市,內湖區,大湖里,臺北市,9,施奉先,無黨籍及未經政黨推薦,0,
2022年直轄市長選舉,2022,臺北市,內湖區,大湖里,臺北市,10,唐新民,共和黨,0,
2022年直轄市長選舉,2022,臺北市,內湖區,大湖里,臺北市,11,謝立康,無黨籍及未經政黨推薦,1,
2022年直轄市長選舉,2022,臺北市,內湖區,大湖里,臺北市,12,陳時中,民主進步黨,839,
2022年直轄市長選舉,2022,臺北市,內湖區,金龍里,臺北市,1,張家豪,台灣動物保護黨,5,
2022年直轄市長選舉,2022,臺北市,內湖區,金龍里,臺北市,2,王文娟,無黨籍及未經政黨推薦,2,
2022年直轄市長選舉,2022,臺北市,內湖區,金龍里,臺北市,3,鄭匡宇,無黨籍及未經政黨推薦,0,
2022年直轄市長選舉,2022,臺北市,內湖區,金龍里,臺北市,4,黃聖峰,台澎黨,0,
2022年直轄市長選舉,2022,臺北市,內湖區,金龍里,臺北市,5,童文薰,無黨籍及未經政黨推薦,1,
2022年直轄市長選舉,2022,臺北市,內湖區,金龍里,臺北市,6,蔣萬安,中國國民黨,1253,*
2022年直轄市長選舉,2022,臺北市,內湖區,金龍里,臺北市,7,蘇煥智,台灣維新,4,
2022年直轄市長選舉,2022,臺北市,內湖區,金龍里,臺北市,8,黃珊珊,無黨籍及未經政黨推薦,888,
2022年直轄市長選舉,2022,臺北市,內湖區,金龍里,臺北市,9,施奉先,無黨籍及未經政黨推薦,0,
2022年直轄市長選舉,2022,臺北市,內湖區,金龍里,臺北市,10,唐新民,共和黨,3,
2022年直轄市長選舉,2022,臺北市,內湖區,金龍里,臺北市,11,謝立康,無黨籍及未經政黨推薦,0,
2022年直轄市長選舉,2022,臺北市,內湖區,金龍里,臺北市,12,陳時中,民主進步黨,874,
2022年直轄市長選舉,2022,臺北市,內湖區,金瑞里,臺北市,1,張家豪,台灣動物保護黨,6,
2022年直轄市長選舉,2022,臺北市,內湖區,金瑞里,臺北市,2,王文娟,無黨籍及未經政黨推薦,2,
2022年直轄市長選舉,2022,臺北市,內湖區,金瑞里,臺北市,3,鄭匡宇,無黨籍及未經政黨推薦,2,
2022年直轄市長選舉,2022,臺北市,內湖區,金瑞里,臺北市,4,黃聖峰,台澎黨,0,
2022年直轄市長選舉,2022,臺北市,內湖區,金瑞里,臺北市,5,童文薰,無黨籍及未經政黨推薦,6,
2022年直轄市長選舉,2022,臺北市,內湖區,金瑞里,臺北市,6,蔣萬安,中國國民黨,1486,*
2022年直轄市長選舉,2022,臺北市,內湖區,金瑞里,臺北市,7,蘇煥智,台灣維新,2,
2022年直轄市長選舉,2022,臺北市,內湖區,金瑞里,臺北市,8,黃珊珊,無黨籍及未經政黨推薦,1055,
2022年直轄市長選舉,2022,臺北市,內湖區,金瑞里,臺北市,9,施奉先,無黨籍及未經政黨推薦,0,
2022年直轄市長選舉,2022,臺北市,內湖區,金瑞里,臺北市,10,唐新民,共和黨,0,
2022年直轄市長選舉,2022,臺北市,內湖區,金瑞里,臺北市,11,謝立康,無黨籍及未經政黨推薦,1,
2022年直轄市長選舉,2022,臺北市,內湖區,金瑞里,臺北市,12,陳時中,民主進步黨,1195,
2022年直轄市長選舉,2022,臺北市,內湖區,碧山里,臺北市,1,張家豪,台灣動物保護黨,4,
2022年直轄市長選舉,2022,臺北市,內湖區,碧山里,臺北市,2,王文娟,無黨籍及未經政黨推薦,1,
2022年直轄市長選舉,2022,臺北市,內湖區,碧山里,臺北市,3,鄭匡宇,無黨籍及未經政黨推薦,1,
2022年直轄市長選舉,2022,臺北市,內湖區,碧山里,臺北市,4,黃聖峰,台澎黨,1,
2022年直轄市長選舉,2022,臺北市,內湖區,碧山里,臺北市,5,童文薰,無黨籍及未經政黨推薦,4,
2022年直轄市長選舉,2022,臺北市,內湖區,碧山里,臺北市,6,蔣萬安,中國國民黨,1646,*
2022年直轄市長選舉,2022,臺北市,內湖區,碧山里,臺北市,7,蘇煥智,台灣維新,7,
2022年直轄市長選舉,2022,臺北市,內湖區,碧山里,臺北市,8,黃珊珊,無黨籍及未經政黨推薦,1176,
2022年直轄市長選舉,2022,臺北市,內湖區,碧山里,臺北市,9,施奉先,無黨籍及未經政黨推薦,1,
2022年直轄市長選舉,2022,臺北市,內湖區,碧山里,臺北市,10,唐新民,共和黨,0,
2022年直轄市長選舉,2022,臺北市,內湖區,碧山里,臺北市,11,謝立康,無黨籍及未經政黨推薦,0,
2022年直轄市長選舉,2022,臺北市,內湖區,碧山里,臺北市,12,陳時中,民主進步黨,1112,
2022年直轄市長選舉,2022,臺北市,內湖區,紫雲里,臺北市,1,張家豪,台灣動物保護黨,6,
2022年直轄市長選舉,2022,臺北市,內湖區,紫雲里,臺北市,2,王文娟,無黨籍及未經政黨推薦,0,
2022年直轄市長選舉,2022,臺北市,內湖區,紫雲里,臺北市,3,鄭匡宇,無黨籍及未經政黨推薦,1,
2022年直轄市長選舉,2022,臺北市,內湖區,紫雲里,臺北市,4,黃聖峰,台澎黨,1,
2022年直轄市長選舉,2022,臺北市,內湖區,紫雲里,臺北市,5,童文薰,無黨籍及未經政黨推薦,7,
2022年直轄市長選舉,2022,臺北市,內湖區,紫雲里,臺北市,6,蔣萬安,中國國民黨,1473,*
2022年直轄市長選舉,2022,臺北市,內湖區,紫雲里,臺北市,7,蘇煥智,台灣維新,5,
2022年直轄市長選舉,2022,臺北市,內湖區,紫雲里,臺北市,8,黃珊珊,無黨籍及未經政黨推薦,876,
2022年直轄市長選舉,2022,臺北市,內湖區,紫雲里,臺北市,9,施奉先,無黨籍及未經政黨推薦,1,
2022年直轄市長選舉,2022,臺北市,內湖區,紫雲里,臺北市,10,唐新民,共和黨,1,
2022年直轄市長選舉,2022,臺北市,內湖區,紫雲里,臺北市,11,謝立康,無黨籍及未經政黨推薦,0,
2022年直轄市長選舉,2022,臺北市,內湖區,紫雲里,臺北市,12,陳時中,民主進步黨,746,
2022年直轄市長選舉,2022,臺北市,內湖區,清白里,臺北市,1,張家豪,台灣動物保護黨,7,
2022年直轄市長選舉,2022,臺北市,內湖區,清白里,臺北市,2,王文娟,無黨籍及未經政黨推薦,0,
2022年直轄市長選舉,2022,臺北市,內湖區,清白里,臺北市,3,鄭匡宇,無黨籍及未經政黨推薦,0,
2022年直轄市長選舉,2022,臺北市,內湖區,清白里,臺北市,4,黃聖峰,台澎黨,2,
2022年直轄市長選舉,2022,臺北市,內湖區,清白里,臺北市,5,童文薰,無黨籍及未經政黨推薦,14,
2022年直轄市長選舉,2022,臺北市,內湖區,清白里,臺北市,6,蔣萬安,中國國民黨,1998,*
2022年直轄市長選舉,2022,臺北市,內湖區,清白里,臺北市,7,蘇煥智,台灣維新,7,
2022年直轄市長選舉,2022,臺北市,內湖區,清白里,臺北市,8,黃珊珊,無黨籍及未經政黨推薦,1547,
2022年直轄市長選舉,2022,臺北市,內湖區,清白里,臺北市,9,施奉先,無黨籍及未經政黨推薦,0,
2022年直轄市長選舉,2022,臺北市,內湖區,清白里,臺北市,10,唐新民,共和黨,0,
2022年直轄市長選舉,2022,臺北市,內湖區,清白里,臺北市,11,謝立康,無黨籍及未經政黨推薦,1,
2022年直轄市長選舉,2022,臺北市,內湖區,清白里,臺北市,12,陳時中,民主進步黨,1313,
2022年直轄市長選舉,2022,臺北市,內湖區,葫洲里,臺北市,1,張家豪,台灣動物保護黨,1,
2022年直轄市長選舉,2022,臺北市,內湖區,葫洲里,臺北市,2,王文娟,無黨籍及未經政黨推薦,1,
2022年直轄市長選舉,2022,臺北市,內湖區,葫洲里,臺北市,3,鄭匡宇,無黨籍及未經政黨推薦,0,
2022年直轄市長選舉,2022,臺北市,內湖區,葫洲里,臺北市,4,黃聖峰,台澎黨,1,
2022年直轄市長選舉,2022,臺北市,內湖區,葫洲里,臺北市,5,童文薰,無黨籍及未經政黨推薦,6,
2022年直轄市長選舉,2022,臺北市,內湖區,葫洲里,臺北市,6,蔣萬安,中國國民黨,1618,*
2022年直轄市長選舉,2022,臺北市,內湖區,葫洲里,臺北市,7,蘇煥智,台灣維新,4,
2022年直轄市長選舉,2022,臺北市,內湖區,葫洲里,臺北市,8,黃珊珊,無黨籍及未經政黨推薦,1197,
2022年直轄市長選舉,2022,臺北市,內湖區,葫洲里,臺北市,9,施奉先,無黨籍及未經政黨推薦,1,
2022年直轄市長選舉,2022,臺北市,內湖區,葫洲里,臺北市,10,唐新民,共和黨,0,
2022年直轄市長選舉,2022,臺北市,內湖區,葫洲里,臺北市,11,謝立康,無黨籍及未經政黨推薦,0,
2022年直轄市長選舉,2022,臺北市,內湖區,葫洲里,臺北市,12,陳時中,民主進步黨,880,
2022年直轄市長選舉,2022,臺北市,內湖區,紫陽里,臺北市,1,張家豪,台灣動物保護黨,9,
2022年直轄市長選舉,2022,臺北市,內湖區,紫陽里,臺北市,2,王文娟,無黨籍及未經政黨推薦,1,
2022年直轄市長選舉,2022,臺北市,內湖區,紫陽里,臺北市,3,鄭匡宇,無黨籍及未經政黨推薦,1,
2022年直轄市長選舉,2022,臺北市,內湖區,紫陽里,臺北市,4,黃聖峰,台澎黨,1,
2022年直轄市長選舉,2022,臺北市,內湖區,紫陽里,臺北市,5,童文薰,無黨籍及未經政黨推薦,8,
2022年直轄市長選舉,2022,臺北市,內湖區,紫陽里,臺北市,6,蔣萬安,中國國民黨,1847,*
2022年直轄市長選舉,2022,臺北市,內湖區,紫陽里,臺北市,7,蘇煥智,台灣維新,5,
2022年直轄市長選舉,2022,臺北市,內湖區,紫陽里,臺北市,8,黃珊珊,無黨籍及未經政黨推薦,1369,
2022年直轄市長選舉,2022,臺北市,內湖區,紫陽里,臺北市,9,施奉先,無黨籍及未經政黨推薦,1,
2022年直轄市長選舉,2022,臺北市,內湖區,紫陽里,臺北市,10,唐新民,共和黨,0,
2022年直轄市長選舉,2022,臺北市,內湖區,紫陽里,臺北市,11,謝立康,無黨籍及未經政黨推薦,0,
2022年直轄市長選舉,2022,臺北市,內湖區,紫陽里,臺北市,12,陳時中,民主進步黨,1388,
2022年直轄市長選舉,2022,臺北市,內湖區,瑞陽里,臺北市,1,張家豪,台灣動物保護黨,8,
2022年直轄市長選舉,2022,臺北市,內湖區,瑞陽里,臺北市,2,王文娟,無黨籍及未經政黨推薦,0,
2022年直轄市長選舉,2022,臺北市,內湖區,瑞陽里,臺北市,3,鄭匡宇,無黨籍及未經政黨推薦,1,
2022年直轄市長選舉,2022,臺北市,內湖區,瑞陽里,臺北市,4,黃聖峰,台澎黨,1,
2022年直轄市長選舉,2022,臺北市,內湖區,瑞陽里,臺北市,5,童文薰,無黨籍及未經政黨推薦,11,
2022年直轄市長選舉,2022,臺北市,內湖區,瑞陽里,臺北市,6,蔣萬安,中國國民黨,2180,*
2022年直轄市長選舉,2022,臺北市,內湖區,瑞陽里,臺北市,7,蘇煥智,台灣維新,4,
2022年直轄市長選舉,2022,臺北市,內湖區,瑞陽里,臺北市,8,黃珊珊,無黨籍及未經政黨推薦,1178,
2022年直轄市長選舉,2022,臺北市,內湖區,瑞陽里,臺北市,9,施奉先,無黨籍及未經政黨推薦,0,
2022年直轄市長選舉,2022,臺北市,內湖區,瑞陽里,臺北市,10,唐新民,共和黨,1,
2022年直轄市長選舉,2022,臺北市,內湖區,瑞陽里,臺北市,11,謝立康,無黨籍及未經政黨推薦,0,
2022年直轄市長選舉,2022,臺北市,內湖區,瑞陽里,臺北市,12,陳時中,民主進步黨,1013,
2022年直轄市長選舉,2022,臺北市,內湖區,瑞光里,臺北市,1,張家豪,台灣動物保護黨,6,
2022年直轄市長選舉,2022,臺北市,內湖區,瑞光里,臺北市,2,王文娟,無黨籍及未經政黨推薦,0,
2022年直轄市長選舉,2022,臺北市,內湖區,瑞光里,臺北市,3,鄭匡宇,無黨籍及未經政黨推薦,0,
2022年直轄市長選舉,2022,臺北市,內湖區,瑞光里,臺北市,4,黃聖峰,台澎黨,0,
2022年直轄市長選舉,2022,臺北市,內湖區,瑞光里,臺北市,5,童文薰,無黨籍及未經政黨推薦,2,
2022年直轄市長選舉,2022,臺北市,內湖區,瑞光里,臺北市,6,蔣萬安,中國國民黨,1165,*
2022年直轄市長選舉,2022,臺北市,內湖區,瑞光里,臺北市,7,蘇煥智,台灣維新,3,
2022年直轄市長選舉,2022,臺北市,內湖區,瑞光里,臺北市,8,黃珊珊,無黨籍及未經政黨推薦,785,
2022年直轄市長選舉,2022,臺北市,內湖區,瑞光里,臺北市,9,施奉先,無黨籍及未經政黨推薦,2,
2022年直轄市長選舉,2022,臺北市,內湖區,瑞光里,臺北市,10,唐新民,共和黨,0,
2022年直轄市長選舉,2022,臺北市,內湖區,瑞光里,臺北市,11,謝立康,無黨籍及未經政黨推薦,0,
2022年直轄市長選舉,2022,臺北市,內湖區,瑞光里,臺北市,12,陳時中,民主進步黨,611,
2022年直轄市長選舉,2022,臺北市,內湖區,五分里,臺北市,1,張家豪,台灣動物保護黨,9,
2022年直轄市長選舉,2022,臺北市,內湖區,五分里,臺北市,2,王文娟,無黨籍及未經政黨推薦,1,
2022年直轄市長選舉,2022,臺北市,內湖區,五分里,臺北市,3,鄭匡宇,無黨籍及未經政黨推薦,2,
2022年直轄市長選舉,2022,臺北市,內湖區,五分里,臺北市,4,黃聖峰,台澎黨,1,
2022年直轄市長選舉,2022,臺北市,內湖區,五分里,臺北市,5,童文薰,無黨籍及未經政黨推薦,4,
2022年直轄市長選舉,2022,臺北市,內湖區,五分里,臺北市,6,蔣萬安,中國國民黨,2001,*
2022年直轄市長選舉,2022,臺北市,內湖區,五分里,臺北市,7,蘇煥智,台灣維新,1,
2022年直轄市長選舉,2022,臺北市,內湖區,五分里,臺北市,8,黃珊珊,無黨籍及未經政黨推薦,1795,
2022年直轄市長選舉,2022,臺北市,內湖區,五分里,臺北市,9,施奉先,無黨籍及未經政黨推薦,1,
2022年直轄市長選舉,2022,臺北市,內湖區,五分里,臺北市,10,唐新民,共和黨,3,
2022年直轄市長選舉,2022,臺北市,內湖區,五分里,臺北市,11,謝立康,無黨籍及未經政黨推薦,1,
2022年直轄市長選舉,2022,臺北市,內湖區,五分里,臺北市,12,陳時中,民主進步黨,1528,
2022年直轄市長選舉,2022,臺北市,內湖區,東湖里,臺北市,1,張家豪,台灣動物保護黨,7,
2022年直轄市長選舉,2022,臺北市,內湖區,東湖里,臺北市,2,王文娟,無黨籍及未經政黨推薦,2,
2022年直轄市長選舉,2022,臺北市,內湖區,東湖里,臺北市,3,鄭匡宇,無黨籍及未經政黨推薦,3,
2022年直轄市長選舉,2022,臺北市,內湖區,東湖里,臺北市,4,黃聖峰,台澎黨,1,
2022年直轄市長選舉,2022,臺北市,內湖區,東湖里,臺北市,5,童文薰,無黨籍及未經政黨推薦,4,
2022年直轄市長選舉,2022,臺北市,內湖區,東湖里,臺北市,6,蔣萬安,中國國民黨,1675,*
2022年直轄市長選舉,2022,臺北市,內湖區,東湖里,臺北市,7,蘇煥智,台灣維新,2,
2022年直轄市長選舉,2022,臺北市,內湖區,東湖里,臺北市,8,黃珊珊,無黨籍及未經政黨推薦,1395,
2022年直轄市長選舉,2022,臺北市,內湖區,東湖里,臺北市,9,施奉先,無黨籍及未經政黨推薦,0,
2022年直轄市長選舉,2022,臺北市,內湖區,東湖里,臺北市,10,唐新民,共和黨,0,
2022年直轄市長選舉,2022,臺北市,內湖區,東湖里,臺北市,11,謝立康,無黨籍及未經政黨推薦,0,
2022年直轄市長選舉,2022,臺北市,內湖區,東湖里,臺北市,12,陳時中,民主進步黨,1302,
2022年直轄市長選舉,2022,臺北市,內湖區,樂康里,臺北市,1,張家豪,台灣動物保護黨,6,
2022年直轄市長選舉,2022,臺北市,內湖區,樂康里,臺北市,2,王文娟,無黨籍及未經政黨推薦,1,
2022年直轄市長選舉,2022,臺北市,內湖區,樂康里,臺北市,3,鄭匡宇,無黨籍及未經政黨推薦,2,
2022年直轄市長選舉,2022,臺北市,內湖區,樂康里,臺北市,4,黃聖峰,台澎黨,0,
2022年直轄市長選舉,2022,臺北市,內湖區,樂康里,臺北市,5,童文薰,無黨籍及未經政黨推薦,5,
2022年直轄市長選舉,2022,臺北市,內湖區,樂康里,臺北市,6,蔣萬安,中國國民黨,1543,*
2022年直轄市長選舉,2022,臺北市,內湖區,樂康里,臺北市,7,蘇煥智,台灣維新,14,
2022年直轄市長選舉,2022,臺北市,內湖區,樂康里,臺北市,8,黃珊珊,無黨籍及未經政黨推薦,1341,
2022年直轄市長選舉,2022,臺北市,內湖區,樂康里,臺北市,9,施奉先,無黨籍及未經政黨推薦,1,
2022年直轄市長選舉,2022,臺北市,內湖區,樂康里,臺北市,10,唐新民,共和黨,0,
2022年直轄市長選舉,2022,臺北市,內湖區,樂康里,臺北市,11,謝立康,無黨籍及未經政黨推薦,1,
2022年直轄市長選舉,2022,臺北市,內湖區,樂康里,臺北市,12,陳時中,民主進步黨,1187,
2022年直轄市長選舉,2022,臺北市,內湖區,內溝里,臺北市,1,張家豪,台灣動物保護黨,4,
2022年直轄市長選舉,2022,臺北市,內湖區,內溝里,臺北市,2,王文娟,無黨籍及未經政黨推薦,1,
2022年直轄市長選舉,2022,臺北市,內湖區,內溝里,臺北市,3,鄭匡宇,無黨籍及未經政黨推薦,1,
2022年直轄市長選舉,2022,臺北市,內湖區,內溝里,臺北市,4,黃聖峰,台澎黨,0,
2022年直轄市長選舉,2022,臺北市,內湖區,內溝里,臺北市,5,童文薰,無黨籍及未經政黨推薦,2,
2022年直轄市長選舉,2022,臺北市,內湖區,內溝里,臺北市,6,蔣萬安,中國國民黨,967,*
2022年直轄市長選舉,2022,臺北市,內湖區,內溝里,臺北市,7,蘇煥智,台灣維新,2,
2022年直轄市長選舉,2022,臺北市,內湖區,內溝里,臺北市,8,黃珊珊,無黨籍及未經政黨推薦,857,
2022年直轄市長選舉,2022,臺北市,內湖區,內溝里,臺北市,9,施奉先,無黨籍及未經政黨推薦,0,
2022年直轄市長選舉,2022,臺北市,內湖區,內溝里,臺北市,10,唐新民,共和黨,2,
2022年直轄市長選舉,2022,臺北市,內湖區,內溝里,臺北市,11,謝立康,無黨籍及未經政黨推薦,1,
2022年直轄市長選舉,2022,臺北市,內湖區,內溝里,臺北市,12,陳時中,民主進步黨,781,
2022年直轄市長選舉,2022,臺北市,內湖區,週美里,臺北市,1,張家豪,台灣動物保護黨,5,
2022年直轄市長選舉,2022,臺北市,內湖區,週美里,臺北市,2,王文娟,無黨籍及未經政黨推薦,2,
2022年直轄市長選舉,2022,臺北市,內湖區,週美里,臺北市,3,鄭匡宇,無黨籍及未經政黨推薦,3,
2022年直轄市長選舉,2022,臺北市,內湖區,週美里,臺北市,4,黃聖峰,台澎黨,1,
2022年直轄市長選舉,2022,臺北市,內湖區,週美里,臺北市,5,童文薰,無黨籍及未經政黨推薦,5,
2022年直轄市長選舉,2022,臺北市,內湖區,週美里,臺北市,6,蔣萬安,中國國民黨,1846,*
2022年直轄市長選舉,2022,臺北市,內湖區,週美里,臺北市,7,蘇煥智,台灣維新,8,
2022年直轄市長選舉,2022,臺北市,內湖區,週美里,臺北市,8,黃珊珊,無黨籍及未經政黨推薦,1351,
2022年直轄市長選舉,2022,臺北市,內湖區,週美里,臺北市,9,施奉先,無黨籍及未經政黨推薦,1,
2022年直轄市長選舉,2022,臺北市,內湖區,週美里,臺北市,10,唐新民,共和黨,0,
2022年直轄市長選舉,2022,臺北市,內湖區,週美里,臺北市,11,謝立康,無黨籍及未經政黨推薦,0,
2022年直轄市長選舉,2022,臺北市,內湖區,週美里,臺北市,12,陳時中,民主進步黨,1609,
2022年直轄市長選舉,2022,臺北市,內湖區,行善里,臺北市,1,張家豪,台灣動物保護黨,9,
2022年直轄市長選舉,2022,臺北市,內湖區,行善里,臺北市,2,王文娟,無黨籍及未經政黨推薦,0,
2022年直轄市長選舉,2022,臺北市,內湖區,行善里,臺北市,3,鄭匡宇,無黨籍及未經政黨推薦,1,
2022年直轄市長選舉,2022,臺北市,內湖區,行善里,臺北市,4,黃聖峰,台澎黨,0,
2022年直轄市長選舉,2022,臺北市,內湖區,行善里,臺北市,5,童文薰,無黨籍及未經政黨推薦,4,
2022年直轄市長選舉,2022,臺北市,內湖區,行善里,臺北市,6,蔣萬安,中國國民黨,1544,*
2022年直轄市長選舉,2022,臺北市,內湖區,行善里,臺北市,7,蘇煥智,台灣維新,0,
2022年直轄市長選舉,2022,臺北市,內湖區,行善里,臺北市,8,黃珊珊,無黨籍及未經政黨推薦,1182,
2022年直轄市長選舉,2022,臺北市,內湖區,行善里,臺北市,9,施奉先,無黨籍及未經政黨推薦,1,
2022年直轄市長選舉,2022,臺北市,內湖區,行善里,臺北市,10,唐新民,共和黨,0,
2022年直轄市長選舉,2022,臺北市,內湖區,行善里,臺北市,11,謝立康,無黨籍及未經政黨推薦,0,
2022年直轄市長選舉,2022,臺北市,內湖區,行善里,臺北市,12,陳時中,民主進步黨,1295,
2022年直轄市長選舉,2022,臺北市,內湖區,石潭里,臺北市,1,張家豪,台灣動物保護黨,2,
2022年直轄市長選舉,2022,臺北市,內湖區,石潭里,臺北市,2,王文娟,無黨籍及未經政黨推薦,0,
2022年直轄市長選舉,2022,臺北市,內湖區,石潭里,臺北市,3,鄭匡宇,無黨籍及未經政黨推薦,0,
2022年直轄市長選舉,2022,臺北市,內湖區,石潭里,臺北市,4,黃聖峰,台澎黨,0,
2022年直轄市長選舉,2022,臺北市,內湖區,石潭里,臺北市,5,童文薰,無黨籍及未經政黨推薦,4,
2022年直轄市長選舉,2022,臺北市,內湖區,石潭里,臺北市,6,蔣萬安,中國國民黨,882,*
2022年直轄市長選舉,2022,臺北市,內湖區,石潭里,臺北市,7,蘇煥智,台灣維新,2,
2022年直轄市長選舉,2022,臺北市,內湖區,石潭里,臺北市,8,黃珊珊,無黨籍及未經政黨推薦,582,
2022年直轄市長選舉,2022,臺北市,內湖區,石潭里,臺北市,9,施奉先,無黨籍及未經政黨推薦,0,
2022年直轄市長選舉,2022,臺北市,內湖區,石潭里,臺北市,10,唐新民,共和黨,0,
2022年直轄市長選舉,2022,臺北市,內湖區,石潭里,臺北市,11,謝立康,無黨籍及未經政黨推薦,1,
2022年直轄市長選舉,2022,臺北市,內湖區,石潭里,臺北市,12,陳時中,民主進步黨,558,
2022年直轄市長選舉,2022,臺北市,內湖區,湖興里,臺北市,1,張家豪,台灣動物保護黨,3,
2022年直轄市長選舉,2022,臺北市,內湖區,湖興里,臺北市,2,王文娟,無黨籍及未經政黨推薦,0,
2022年直轄市長選舉,2022,臺北市,內湖區,湖興里,臺北市,3,鄭匡宇,無黨籍及未經政黨推薦,1,
2022年直轄市長選舉,2022,臺北市,內湖區,湖興里,臺北市,4,黃聖峰,台澎黨,0,
2022年直轄市長選舉,2022,臺北市,內湖區,湖興里,臺北市,5,童文薰,無黨籍及未經政黨推薦,9,
2022年直轄市長選舉,2022,臺北市,內湖區,湖興里,臺北市,6,蔣萬安,中國國民黨,1549,*
2022年直轄市長選舉,2022,臺北市,內湖區,湖興里,臺北市,7,蘇煥智,台灣維新,5,
2022年直轄市長選舉,2022,臺北市,內湖區,湖興里,臺北市,8,黃珊珊,無黨籍及未經政黨推薦,1243,
2022年直轄市長選舉,2022,臺北市,內湖區,湖興里,臺北市,9,施奉先,無黨籍及未經政黨推薦,1,
2022年直轄市長選舉,2022,臺北市,內湖區,湖興里,臺北市,10,唐新民,共和黨,2,
2022年直轄市長選舉,2022,臺北市,內湖區,湖興里,臺北市,11,謝立康,無黨籍及未經政黨推薦,0,
2022年直轄市長選舉,2022,臺北市,內湖區,湖興里,臺北市,12,陳時中,民主進步黨,1205,
2022年直轄市長選舉,2022,臺北市,內湖區,湖元里,臺北市,1,張家豪,台灣動物保護黨,1,
2022年直轄市長選舉,2022,臺北市,內湖區,湖元里,臺北市,2,王文娟,無黨籍及未經政黨推薦,0,
2022年直轄市長選舉,2022,臺北市,內湖區,湖元里,臺北市,3,鄭匡宇,無黨籍及未經政黨推薦,0,
2022年直轄市長選舉,2022,臺北市,內湖區,湖元里,臺北市,4,黃聖峰,台澎黨,0,
2022年直轄市長選舉,2022,臺北市,內湖區,湖元里,臺北市,5,童文薰,無黨籍及未經政黨推薦,6,
2022年直轄市長選舉,2022,臺北市,內湖區,湖元里,臺北市,6,蔣萬安,中國國民黨,1222,*
2022年直轄市長選舉,2022,臺北市,內湖區,湖元里,臺北市,7,蘇煥智,台灣維新,1,
2022年直轄市長選舉,2022,臺北市,內湖區,湖元里,臺北市,8,黃珊珊,無黨籍及未經政黨推薦,964,
2022年直轄市長選舉,2022,臺北市,內湖區,湖元里,臺北市,9,施奉先,無黨籍及未經政黨推薦,0,
2022年直轄市長選舉,2022,臺北市,內湖區,湖元里,臺北市,10,唐新民,共和黨,1,
2022年直轄市長選舉,2022,臺北市,內湖區,湖元里,臺北市,11,謝立康,無黨籍及未經政黨推薦,0,
2022年直轄市長選舉,2022,臺北市,內湖區,湖元里,臺北市,12,陳時中,民主進步黨,969,
2022年直轄市長選舉,2022,臺北市,內湖區,安湖里,臺北市,1,張家豪,台灣動物保護黨,1,
2022年直轄市長選舉,2022,臺北市,內湖區,安湖里,臺北市,2,王文娟,無黨籍及未經政黨推薦,0,
2022年直轄市長選舉,2022,臺北市,內湖區,安湖里,臺北市,3,鄭匡宇,無黨籍及未經政黨推薦,1,
2022年直轄市長選舉,2022,臺北市,內湖區,安湖里,臺北市,4,黃聖峰,台澎黨,1,
2022年直轄市長選舉,2022,臺北市,內湖區,安湖里,臺北市,5,童文薰,無黨籍及未經政黨推薦,3,
2022年直轄市長選舉,2022,臺北市,內湖區,安湖里,臺北市,6,蔣萬安,中國國民黨,1566,*
2022年直轄市長選舉,2022,臺北市,內湖區,安湖里,臺北市,7,蘇煥智,台灣維新,5,
2022年直轄市長選舉,2022,臺北市,內湖區,安湖里,臺北市,8,黃珊珊,無黨籍及未經政黨推薦,1286,
2022年直轄市長選舉,2022,臺北市,內湖區,安湖里,臺北市,9,施奉先,無黨籍及未經政黨推薦,1,
2022年直轄市長選舉,2022,臺北市,內湖區,安湖里,臺北市,10,唐新民,共和黨,0,
2022年直轄市長選舉,2022,臺北市,內湖區,安湖里,臺北市,11,謝立康,無黨籍及未經政黨推薦,1,
2022年直轄市長選舉,2022,臺北市,內湖區,安湖里,臺北市,12,陳時中,民主進步黨,1172,
2022年直轄市長選舉,2022,臺北市,內湖區,秀湖里,臺北市,1,張家豪,台灣動物保護黨,3,
2022年直轄市長選舉,2022,臺北市,內湖區,秀湖里,臺北市,2,王文娟,無黨籍及未經政黨推薦,0,
2022年直轄市長選舉,2022,臺北市,內湖區,秀湖里,臺北市,3,鄭匡宇,無黨籍及未經政黨推薦,0,
2022年直轄市長選舉,2022,臺北市,內湖區,秀湖里,臺北市,4,黃聖峰,台澎黨,0,
2022年直轄市長選舉,2022,臺北市,內湖區,秀湖里,臺北市,5,童文薰,無黨籍及未經政黨推薦,3,
2022年直轄市長選舉,2022,臺北市,內湖區,秀湖里,臺北市,6,蔣萬安,中國國民黨,1516,*
2022年直轄市長選舉,2022,臺北市,內湖區,秀湖里,臺北市,7,蘇煥智,台灣維新,4,
2022年直轄市長選舉,2022,臺北市,內湖區,秀湖里,臺北市,8,黃珊珊,無黨籍及未經政黨推薦,980,
2022年直轄市長選舉,2022,臺北市,內湖區,秀湖里,臺北市,9,施奉先,無黨籍及未經政黨推薦,1,
2022年直轄市長選舉,2022,臺北市,內湖區,秀湖里,臺北市,10,唐新民,共和黨,1,
2022年直轄市長選舉,2022,臺北市,內湖區,秀湖里,臺北市,11,謝立康,無黨籍及未經政黨推薦,0,
2022年直轄市長選舉,2022,臺北市,內湖區,秀湖里,臺北市,12,陳時中,民主進步黨,911,
2022年直轄市長選舉,2022,臺北市,內湖區,安泰里,臺北市,1,張家豪,台灣動物保護黨,2,
2022年直轄市長選舉,2022,臺北市,內湖區,安泰里,臺北市,2,王文娟,無黨籍及未經政黨推薦,3,
2022年直轄市長選舉,2022,臺北市,內湖區,安泰里,臺北市,3,鄭匡宇,無黨籍及未經政黨推薦,2,
2022年直轄市長選舉,2022,臺北市,內湖區,安泰里,臺北市,4,黃聖峰,台澎黨,0,
2022年直轄市長選舉,2022,臺北市,內湖區,安泰里,臺北市,5,童文薰,無黨籍及未經政黨推薦,6,
2022年直轄市長選舉,2022,臺北市,內湖區,安泰里,臺北市,6,蔣萬安,中國國民黨,1197,*
2022年直轄市長選舉,2022,臺北市,內湖區,安泰里,臺北市,7,蘇煥智,台灣維新,4,
2022年直轄市長選舉,2022,臺北市,內湖區,安泰里,臺北市,8,黃珊珊,無黨籍及未經政黨推薦,932,
2022年直轄市長選舉,2022,臺北市,內湖區,安泰里,臺北市,9,施奉先,無黨籍及未經政黨推薦,1,
2022年直轄市長選舉,2022,臺北市,內湖區,安泰里,臺北市,10,唐新民,共和黨,1,
2022年直轄市長選舉,2022,臺北市,內湖區,安泰里,臺北市,11,謝立康,無黨籍及未經政黨推薦,1,
2022年直轄市長選舉,2022,臺北市,內湖區,安泰里,臺北市,12,陳時中,民主進步黨,772,
2022年直轄市長選舉,2022,臺北市,內湖區,金湖里,臺北市,1,張家豪,台灣動物保護黨,6,
2022年直轄市長選舉,2022,臺北市,內湖區,金湖里,臺北市,2,王文娟,無黨籍及未經政黨推薦,0,
2022年直轄市長選舉,2022,臺北市,內湖區,金湖里,臺北市,3,鄭匡宇,無黨籍及未經政黨推薦,1,
2022年直轄市長選舉,2022,臺北市,內湖區,金湖里,臺北市,4,黃聖峰,台澎黨,0,
2022年直轄市長選舉,2022,臺北市,內湖區,金湖里,臺北市,5,童文薰,無黨籍及未經政黨推薦,5,
2022年直轄市長選舉,2022,臺北市,內湖區,金湖里,臺北市,6,蔣萬安,中國國民黨,2226,*
2022年直轄市長選舉,2022,臺北市,內湖區,金湖里,臺北市,7,蘇煥智,台灣維新,6,
2022年直轄市長選舉,2022,臺北市,內湖區,金湖里,臺北市,8,黃珊珊,無黨籍及未經政黨推薦,1477,
2022年直轄市長選舉,2022,臺北市,內湖區,金湖里,臺北市,9,施奉先,無黨籍及未經政黨推薦,1,
2022年直轄市長選舉,2022,臺北市,內湖區,金湖里,臺北市,10,唐新民,共和黨,2,
2022年直轄市長選舉,2022,臺北市,內湖區,金湖里,臺北市,11,謝立康,無黨籍及未經政黨推薦,0,
2022年直轄市長選舉,2022,臺北市,內湖區,金湖里,臺北市,12,陳時中,民主進步黨,1437,
2022年直轄市長選舉,2022,臺北市,內湖區,康寧里,臺北市,1,張家豪,台灣動物保護黨,4,
2022年直轄市長選舉,2022,臺北市,內湖區,康寧里,臺北市,2,王文娟,無黨籍及未經政黨推薦,1,
2022年直轄市長選舉,2022,臺北市,內湖區,康寧里,臺北市,3,鄭匡宇,無黨籍及未經政黨推薦,1,
2022年直轄市長選舉,2022,臺北市,內湖區,康寧里,臺北市,4,黃聖峰,台澎黨,1,
2022年直轄市長選舉,2022,臺北市,內湖區,康寧里,臺北市,5,童文薰,無黨籍及未經政黨推薦,4,
2022年直轄市長選舉,2022,臺北市,內湖區,康寧里,臺北市,6,蔣萬安,中國國民黨,1991,*
2022年直轄市長選舉,2022,臺北市,內湖區,康寧里,臺北市,7,蘇煥智,台灣維新,7,
2022年直轄市長選舉,2022,臺北市,內湖區,康寧里,臺北市,8,黃珊珊,無黨籍及未經政黨推薦,1500,
2022年直轄市長選舉,2022,臺北市,內湖區,康寧里,臺北市,9,施奉先,無黨籍及未經政黨推薦,1,
2022年直轄市長選舉,2022,臺北市,內湖區,康寧里,臺北市,10,唐新民,共和黨,1,
2022年直轄市長選舉,2022,臺北市,內湖區,康寧里,臺北市,11,謝立康,無黨籍及未經政黨推薦,1,
2022年直轄市長選舉,2022,臺北市,內湖區,康寧里,臺北市,12,陳時中,民主進步黨,1188,
2022年直轄市長選舉,2022,臺北市,內湖區,明湖里,臺北市,1,張家豪,台灣動物保護黨,5,
2022年直轄市長選舉,2022,臺北市,內湖區,明湖里,臺北市,2,王文娟,無黨籍及未經政黨推薦,1,
2022年直轄市長選舉,2022,臺北市,內湖區,明湖里,臺北市,3,鄭匡宇,無黨籍及未經政黨推薦,0,
2022年直轄市長選舉,2022,臺北市,內湖區,明湖里,臺北市,4,黃聖峰,台澎黨,0,
2022年直轄市長選舉,2022,臺北市,內湖區,明湖里,臺北市,5,童文薰,無黨籍及未經政黨推薦,4,
2022年直轄市長選舉,2022,臺北市,內湖區,明湖里,臺北市,6,蔣萬安,中國國民黨,1106,*
2022年直轄市長選舉,2022,臺北市,內湖區,明湖里,臺北市,7,蘇煥智,台灣維新,3,
2022年直轄市長選舉,2022,臺北市,內湖區,明湖里,臺北市,8,黃珊珊,無黨籍及未經政黨推薦,950,
2022年直轄市長選舉,2022,臺北市,內湖區,明湖里,臺北市,9,施奉先,無黨籍及未經政黨推薦,2,
2022年直轄市長選舉,2022,臺北市,內湖區,明湖里,臺北市,10,唐新民,共和黨,1,
2022年直轄市長選舉,2022,臺北市,內湖區,明湖里,臺北市,11,謝立康,無黨籍及未經政黨推薦,1,
2022年直轄市長選舉,2022,臺北市,內湖區,明湖里,臺北市,12,陳時中,民主進步黨,827,
2022年直轄市長選舉,2022,臺北市,內湖區,蘆洲里,臺北市,1,張家豪,台灣動物保護黨,1,
2022年直轄市長選舉,2022,臺北市,內湖區,蘆洲里,臺北市,2,王文娟,無黨籍及未經政黨推薦,0,
2022年直轄市長選舉,2022,臺北市,內湖區,蘆洲里,臺北市,3,鄭匡宇,無黨籍及未經政黨推薦,0,
2022年直轄市長選舉,2022,臺北市,內湖區,蘆洲里,臺北市,4,黃聖峰,台澎黨,0,
2022年直轄市長選舉,2022,臺北市,內湖區,蘆洲里,臺北市,5,童文薰,無黨籍及未經政黨推薦,0,
2022年直轄市長選舉,2022,臺北市,內湖區,蘆洲里,臺北市,6,蔣萬安,中國國民黨,221,*
2022年直轄市長選舉,2022,臺北市,內湖區,蘆洲里,臺北市,7,蘇煥智,台灣維新,3,
2022年直轄市長選舉,2022,臺北市,內湖區,蘆洲里,臺北市,8,黃珊珊,無黨籍及未經政黨推薦,195,
2022年直轄市長選舉,2022,臺北市,內湖區,蘆洲里,臺北市,9,施奉先,無黨籍及未經政黨推薦,0,
2022年直轄市長選舉,2022,臺北市,內湖區,蘆洲里,臺北市,10,唐新民,共和黨,0,
2022年直轄市長選舉,2022,臺北市,內湖區,蘆洲里,臺北市,11,謝立康,無黨籍及未經政黨推薦,0,
2022年直轄市長選舉,2022,臺北市,內湖區,蘆洲里,臺北市,12,陳時中,民主進步黨,210,
2022年直轄市長選舉,2022,臺北市,內湖區,麗山里,臺北市,1,張家豪,台灣動物保護黨,2,
2022年直轄市長選舉,2022,臺北市,內湖區,麗山里,臺北市,2,王文娟,無黨籍及未經政黨推薦,1,
2022年直轄市長選舉,2022,臺北市,內湖區,麗山里,臺北市,3,鄭匡宇,無黨籍及未經政黨推薦,0,
2022年直轄市長選舉,2022,臺北市,內湖區,麗山里,臺北市,4,黃聖峰,台澎黨,0,
2022年直轄市長選舉,2022,臺北市,內湖區,麗山里,臺北市,5,童文薰,無黨籍及未經政黨推薦,4,
2022年直轄市長選舉,2022,臺北市,內湖區,麗山里,臺北市,6,蔣萬安,中國國民黨,1102,*
2022年直轄市長選舉,2022,臺北市,內湖區,麗山里,臺北市,7,蘇煥智,台灣維新,4,
2022年直轄市長選舉,2022,臺北市,內湖區,麗山里,臺北市,8,黃珊珊,無黨籍及未經政黨推薦,922,
2022年直轄市長選舉,2022,臺北市,內湖區,麗山里,臺北市,9,施奉先,無黨籍及未經政黨推薦,0,
2022年直轄市長選舉,2022,臺北市,內湖區,麗山里,臺北市,10,唐新民,共和黨,0,
2022年直轄市長選舉,2022,臺北市,內湖區,麗山里,臺北市,11,謝立康,無黨籍及未經政黨推薦,2,
2022年直轄市長選舉,2022,臺北市,內湖區,麗山里,臺北市,12,陳時中,民主進步黨,1083,
2022年直轄市長選舉,2022,臺北市,內湖區,寶湖里,臺北市,1,張家豪,台灣動物保護黨,5,
2022年直轄市長選舉,2022,臺北市,內湖區,寶湖里,臺北市,2,王文娟,無黨籍及未經政黨推薦,0,
2022年直轄市長選舉,2022,臺北市,內湖區,寶湖里,臺北市,3,鄭匡宇,無黨籍及未經政黨推薦,1,
2022年直轄市長選舉,2022,臺北市,內湖區,寶湖里,臺北市,4,黃聖峰,台澎黨,0,
2022年直轄市長選舉,2022,臺北市,內湖區,寶湖里,臺北市,5,童文薰,無黨籍及未經政黨推薦,6,
2022年直轄市長選舉,2022,臺北市,內湖區,寶湖里,臺北市,6,蔣萬安,中國國民黨,2259,*
2022年直轄市長選舉,2022,臺北市,內湖區,寶湖里,臺北市,7,蘇煥智,台灣維新,3,
2022年直轄市長選舉,2022,臺北市,內湖區,寶湖里,臺北市,8,黃珊珊,無黨籍及未經政黨推薦,1457,
2022年直轄市長選舉,2022,臺北市,內湖區,寶湖里,臺北市,9,施奉先,無黨籍及未經政黨推薦,0,
2022年直轄市長選舉,2022,臺北市,內湖區,寶湖里,臺北市,10,唐新民,共和黨,1,
2022年直轄市長選舉,2022,臺北市,內湖區,寶湖里,臺北市,11,謝立康,無黨籍及未經政黨推薦,0,
2022年直轄市長選舉,2022,臺北市,內湖區,寶湖里,臺北市,12,陳時中,民主進步黨,1369,
2022年直轄市長選舉,2022,臺北市,內湖區,南湖里,臺北市,1,張家豪,台灣動物保護黨,3,
2022年直轄市長選舉,2022,臺北市,內湖區,南湖里,臺北市,2,王文娟,無黨籍及未經政黨推薦,0,
2022年直轄市長選舉,2022,臺北市,內湖區,南湖里,臺北市,3,鄭匡宇,無黨籍及未經政黨推薦,0,
2022年直轄市長選舉,2022,臺北市,內湖區,南湖里,臺北市,4,黃聖峰,台澎黨,0,
2022年直轄市長選舉,2022,臺北市,內湖區,南湖里,臺北市,5,童文薰,無黨籍及未經政黨推薦,2,
2022年直轄市長選舉,2022,臺北市,內湖區,南湖里,臺北市,6,蔣萬安,中國國民黨,1237,*
2022年直轄市長選舉,2022,臺北市,內湖區,南湖里,臺北市,7,蘇煥智,台灣維新,4,
2022年直轄市長選舉,2022,臺北市,內湖區,南湖里,臺北市,8,黃珊珊,無黨籍及未經政黨推薦,966,
2022年直轄市長選舉,2022,臺北市,內湖區,南湖里,臺北市,9,施奉先,無黨籍及未經政黨推薦,0,
2022年直轄市長選舉,2022,臺北市,內湖區,南湖里,臺北市,10,唐新民,共和黨,0,
2022年直轄市長選舉,2022,臺北市,內湖區,南湖里,臺北市,11,謝立康,無黨籍及未經政黨推薦,1,
2022年直轄市長選舉,2022,臺北市,內湖區,南湖里,臺北市,12,陳時中,民主進步黨,772,
2022年直轄市長選舉,2022,臺北市,士林區,仁勇里,臺北市,1,張家豪,台灣動物保護黨,6,
2022年直轄市長選舉,2022,臺北市,士林區,仁勇里,臺北市,2,王文娟,無黨籍及未經政黨推薦,2,
2022年直轄市長選舉,2022,臺北市,士林區,仁勇里,臺北市,3,鄭匡宇,無黨籍及未經政黨推薦,0,
2022年直轄市長選舉,2022,臺北市,士林區,仁勇里,臺北市,4,黃聖峰,台澎黨,1,
2022年直轄市長選舉,2022,臺北市,士林區,仁勇里,臺北市,5,童文薰,無黨籍及未經政黨推薦,3,
2022年直轄市長選舉,2022,臺北市,士林區,仁勇里,臺北市,6,蔣萬安,中國國民黨,785,*
2022年直轄市長選舉,2022,臺北市,士林區,仁勇里,臺北市,7,蘇煥智,台灣維新,2,
2022年直轄市長選舉,2022,臺北市,士林區,仁勇里,臺北市,8,黃珊珊,無黨籍及未經政黨推薦,576,
2022年直轄市長選舉,2022,臺北市,士林區,仁勇里,臺北市,9,施奉先,無黨籍及未經政黨推薦,0,
2022年直轄市長選舉,2022,臺北市,士林區,仁勇里,臺北市,10,唐新民,共和黨,1,
2022年直轄市長選舉,2022,臺北市,士林區,仁勇里,臺北市,11,謝立康,無黨籍及未經政黨推薦,0,
2022年直轄市長選舉,2022,臺北市,士林區,仁勇里,臺北市,12,陳時中,民主進步黨,840,
2022年直轄市長選舉,2022,臺北市,士林區,義信里,臺北市,1,張家豪,台灣動物保護黨,3,
2022年直轄市長選舉,2022,臺北市,士林區,義信里,臺北市,2,王文娟,無黨籍及未經政黨推薦,0,
2022年直轄市長選舉,2022,臺北市,士林區,義信里,臺北市,3,鄭匡宇,無黨籍及未經政黨推薦,0,
2022年直轄市長選舉,2022,臺北市,士林區,義信里,臺北市,4,黃聖峰,台澎黨,1,
2022年直轄市長選舉,2022,臺北市,士林區,義信里,臺北市,5,童文薰,無黨籍及未經政黨推薦,4,
2022年直轄市長選舉,2022,臺北市,士林區,義信里,臺北市,6,蔣萬安,中國國民黨,717,*
2022年直轄市長選舉,2022,臺北市,士林區,義信里,臺北市,7,蘇煥智,台灣維新,1,
2022年直轄市長選舉,2022,臺北市,士林區,義信里,臺北市,8,黃珊珊,無黨籍及未經政黨推薦,392,
2022年直轄市長選舉,2022,臺北市,士林區,義信里,臺北市,9,施奉先,無黨籍及未經政黨推薦,0,
2022年直轄市長選舉,2022,臺北市,士林區,義信里,臺北市,10,唐新民,共和黨,2,
2022年直轄市長選舉,2022,臺北市,士林區,義信里,臺北市,11,謝立康,無黨籍及未經政黨推薦,0,
2022年直轄市長選舉,2022,臺北市,士林區,義信里,臺北市,12,陳時中,民主進步黨,570,
2022年直轄市長選舉,2022,臺北市,士林區,福林里,臺北市,1,張家豪,台灣動物保護黨,2,
2022年直轄市長選舉,2022,臺北市,士林區,福林里,臺北市,2,王文娟,無黨籍及未經政黨推薦,0,
2022年直轄市長選舉,2022,臺北市,士林區,福林里,臺北市,3,鄭匡宇,無黨籍及未經政黨推薦,1,
2022年直轄市長選舉,2022,臺北市,士林區,福林里,臺北市,4,黃聖峰,台澎黨,1,
2022年直轄市長選舉,2022,臺北市,士林區,福林里,臺北市,5,童文薰,無黨籍及未經政黨推薦,1,
2022年直轄市長選舉,2022,臺北市,士林區,福林里,臺北市,6,蔣萬安,中國國民黨,638,*
2022年直轄市長選舉,2022,臺北市,士林區,福林里,臺北市,7,蘇煥智,台灣維新,2,
2022年直轄市長選舉,2022,臺北市,士林區,福林里,臺北市,8,黃珊珊,無黨籍及未經政黨推薦,371,
2022年直轄市長選舉,2022,臺北市,士林區,福林里,臺北市,9,施奉先,無黨籍及未經政黨推薦,0,
2022年直轄市長選舉,2022,臺北市,士林區,福林里,臺北市,10,唐新民,共和黨,1,
2022年直轄市長選舉,2022,臺北市,士林區,福林里,臺北市,11,謝立康,無黨籍及未經政黨推薦,1,
2022年直轄市長選舉,2022,臺北市,士林區,福林里,臺北市,12,陳時中,民主進步黨,550,
2022年直轄市長選舉,2022,臺北市,士林區,福德里,臺北市,1,張家豪,台灣動物保護黨,3,
2022年直轄市長選舉,2022,臺北市,士林區,福德里,臺北市,2,王文娟,無黨籍及未經政黨推薦,0,
2022年直轄市長選舉,2022,臺北市,士林區,福德里,臺北市,3,鄭匡宇,無黨籍及未經政黨推薦,1,
2022年直轄市長選舉,2022,臺北市,士林區,福德里,臺北市,4,黃聖峰,台澎黨,0,
2022年直轄市長選舉,2022,臺北市,士林區,福德里,臺北市,5,童文薰,無黨籍及未經政黨推薦,3,
2022年直轄市長選舉,2022,臺北市,士林區,福德里,臺北市,6,蔣萬安,中國國民黨,1045,*
2022年直轄市長選舉,2022,臺北市,士林區,福德里,臺北市,7,蘇煥智,台灣維新,5,
2022年直轄市長選舉,2022,臺北市,士林區,福德里,臺北市,8,黃珊珊,無黨籍及未經政黨推薦,610,
2022年直轄市長選舉,2022,臺北市,士林區,福德里,臺北市,9,施奉先,無黨籍及未經政黨推薦,0,
2022年直轄市長選舉,2022,臺北市,士林區,福德里,臺北市,10,唐新民,共和黨,1,
2022年直轄市長選舉,2022,臺北市,士林區,福德里,臺北市,11,謝立康,無黨籍及未經政黨推薦,1,
2022年直轄市長選舉,2022,臺北市,士林區,福德里,臺北市,12,陳時中,民主進步黨,835,
2022年直轄市長選舉,2022,臺北市,士林區,福志里,臺北市,1,張家豪,台灣動物保護黨,9,
2022年直轄市長選舉,2022,臺北市,士林區,福志里,臺北市,2,王文娟,無黨籍及未經政黨推薦,3,
2022年直轄市長選舉,2022,臺北市,士林區,福志里,臺北市,3,鄭匡宇,無黨籍及未經政黨推薦,1,
2022年直轄市長選舉,2022,臺北市,士林區,福志里,臺北市,4,黃聖峰,台澎黨,3,
2022年直轄市長選舉,2022,臺北市,士林區,福志里,臺北市,5,童文薰,無黨籍及未經政黨推薦,5,
2022年直轄市長選舉,2022,臺北市,士林區,福志里,臺北市,6,蔣萬安,中國國民黨,1864,*
2022年直轄市長選舉,2022,臺北市,士林區,福志里,臺北市,7,蘇煥智,台灣維新,10,
2022年直轄市長選舉,2022,臺北市,士林區,福志里,臺北市,8,黃珊珊,無黨籍及未經政黨推薦,951,
2022年直轄市長選舉,2022,臺北市,士林區,福志里,臺北市,9,施奉先,無黨籍及未經政黨推薦,0,
2022年直轄市長選舉,2022,臺北市,士林區,福志里,臺北市,10,唐新民,共和黨,0,
2022年直轄市長選舉,2022,臺北市,士林區,福志里,臺北市,11,謝立康,無黨籍及未經政黨推薦,0,
2022年直轄市長選舉,2022,臺北市,士林區,福志里,臺北市,12,陳時中,民主進步黨,1489,
2022年直轄市長選舉,2022,臺北市,士林區,舊佳里,臺北市,1,張家豪,台灣動物保護黨,8,
2022年直轄市長選舉,2022,臺北市,士林區,舊佳里,臺北市,2,王文娟,無黨籍及未經政黨推薦,1,
2022年直轄市長選舉,2022,臺北市,士林區,舊佳里,臺北市,3,鄭匡宇,無黨籍及未經政黨推薦,1,
2022年直轄市長選舉,2022,臺北市,士林區,舊佳里,臺北市,4,黃聖峰,台澎黨,1,
2022年直轄市長選舉,2022,臺北市,士林區,舊佳里,臺北市,5,童文薰,無黨籍及未經政黨推薦,9,
2022年直轄市長選舉,2022,臺北市,士林區,舊佳里,臺北市,6,蔣萬安,中國國民黨,1301,*
2022年直轄市長選舉,2022,臺北市,士林區,舊佳里,臺北市,7,蘇煥智,台灣維新,7,
2022年直轄市長選舉,2022,臺北市,士林區,舊佳里,臺北市,8,黃珊珊,無黨籍及未經政黨推薦,835,
2022年直轄市長選舉,2022,臺北市,士林區,舊佳里,臺北市,9,施奉先,無黨籍及未經政黨推薦,1,
2022年直轄市長選舉,2022,臺北市,士林區,舊佳里,臺北市,10,唐新民,共和黨,2,
2022年直轄市長選舉,2022,臺北市,士林區,舊佳里,臺北市,11,謝立康,無黨籍及未經政黨推薦,1,
2022年直轄市長選舉,2022,臺北市,士林區,舊佳里,臺北市,12,陳時中,民主進步黨,1267,
2022年直轄市長選舉,2022,臺北市,士林區,福佳里,臺北市,1,張家豪,台灣動物保護黨,4,
2022年直轄市長選舉,2022,臺北市,士林區,福佳里,臺北市,2,王文娟,無黨籍及未經政黨推薦,3,
2022年直轄市長選舉,2022,臺北市,士林區,福佳里,臺北市,3,鄭匡宇,無黨籍及未經政黨推薦,2,
2022年直轄市長選舉,2022,臺北市,士林區,福佳里,臺北市,4,黃聖峰,台澎黨,0,
2022年直轄市長選舉,2022,臺北市,士林區,福佳里,臺北市,5,童文薰,無黨籍及未經政黨推薦,12,
2022年直轄市長選舉,2022,臺北市,士林區,福佳里,臺北市,6,蔣萬安,中國國民黨,1653,*
2022年直轄市長選舉,2022,臺北市,士林區,福佳里,臺北市,7,蘇煥智,台灣維新,6,
2022年直轄市長選舉,2022,臺北市,士林區,福佳里,臺北市,8,黃珊珊,無黨籍及未經政黨推薦,1076,
2022年直轄市長選舉,2022,臺北市,士林區,福佳里,臺北市,9,施奉先,無黨籍及未經政黨推薦,1,
2022年直轄市長選舉,2022,臺北市,士林區,福佳里,臺北市,10,唐新民,共和黨,0,
2022年直轄市長選舉,2022,臺北市,士林區,福佳里,臺北市,11,謝立康,無黨籍及未經政黨推薦,1,
2022年直轄市長選舉,2022,臺北市,士林區,福佳里,臺北市,12,陳時中,民主進步黨,1591,
2022年直轄市長選舉,2022,臺北市,士林區,後港里,臺北市,1,張家豪,台灣動物保護黨,9,
2022年直轄市長選舉,2022,臺北市,士林區,後港里,臺北市,2,王文娟,無黨籍及未經政黨推薦,6,
2022年直轄市長選舉,2022,臺北市,士林區,後港里,臺北市,3,鄭匡宇,無黨籍及未經政黨推薦,0,
2022年直轄市長選舉,2022,臺北市,士林區,後港里,臺北市,4,黃聖峰,台澎黨,0,
2022年直轄市長選舉,2022,臺北市,士林區,後港里,臺北市,5,童文薰,無黨籍及未經政黨推薦,7,
2022年直轄市長選舉,2022,臺北市,士林區,後港里,臺北市,6,蔣萬安,中國國民黨,1451,*
2022年直轄市長選舉,2022,臺北市,士林區,後港里,臺北市,7,蘇煥智,台灣維新,5,
2022年直轄市長選舉,2022,臺北市,士林區,後港里,臺北市,8,黃珊珊,無黨籍及未經政黨推薦,1121,
2022年直轄市長選舉,2022,臺北市,士林區,後港里,臺北市,9,施奉先,無黨籍及未經政黨推薦,0,
2022年直轄市長選舉,2022,臺北市,士林區,後港里,臺北市,10,唐新民,共和黨,2,
2022年直轄市長選舉,2022,臺北市,士林區,後港里,臺北市,11,謝立康,無黨籍及未經政黨推薦,2,
2022年直轄市長選舉,2022,臺北市,士林區,後港里,臺北市,12,陳時中,民主進步黨,1663,
2022年直轄市長選舉,2022,臺北市,士林區,福中里,臺北市,1,張家豪,台灣動物保護黨,12,
2022年直轄市長選舉,2022,臺北市,士林區,福中里,臺北市,2,王文娟,無黨籍及未經政黨推薦,0,
2022年直轄市長選舉,2022,臺北市,士林區,福中里,臺北市,3,鄭匡宇,無黨籍及未經政黨推薦,1,
2022年直轄市長選舉,2022,臺北市,士林區,福中里,臺北市,4,黃聖峰,台澎黨,0,
2022年直轄市長選舉,2022,臺北市,士林區,福中里,臺北市,5,童文薰,無黨籍及未經政黨推薦,8,
2022年直轄市長選舉,2022,臺北市,士林區,福中里,臺北市,6,蔣萬安,中國國民黨,1241,*
2022年直轄市長選舉,2022,臺北市,士林區,福中里,臺北市,7,蘇煥智,台灣維新,7,
2022年直轄市長選舉,2022,臺北市,士林區,福中里,臺北市,8,黃珊珊,無黨籍及未經政黨推薦,921,
2022年直轄市長選舉,2022,臺北市,士林區,福中里,臺北市,9,施奉先,無黨籍及未經政黨推薦,1,
2022年直轄市長選舉,2022,臺北市,士林區,福中里,臺北市,10,唐新民,共和黨,0,
2022年直轄市長選舉,2022,臺北市,士林區,福中里,臺北市,11,謝立康,無黨籍及未經政黨推薦,0,
2022年直轄市長選舉,2022,臺北市,士林區,福中里,臺北市,12,陳時中,民主進步黨,1478,
2022年直轄市長選舉,2022,臺北市,士林區,前港里,臺北市,1,張家豪,台灣動物保護黨,3,
2022年直轄市長選舉,2022,臺北市,士林區,前港里,臺北市,2,王文娟,無黨籍及未經政黨推薦,1,
2022年直轄市長選舉,2022,臺北市,士林區,前港里,臺北市,3,鄭匡宇,無黨籍及未經政黨推薦,0,
2022年直轄市長選舉,2022,臺北市,士林區,前港里,臺北市,4,黃聖峰,台澎黨,0,
2022年直轄市長選舉,2022,臺北市,士林區,前港里,臺北市,5,童文薰,無黨籍及未經政黨推薦,0,
2022年直轄市長選舉,2022,臺北市,士林區,前港里,臺北市,6,蔣萬安,中國國民黨,801,*
2022年直轄市長選舉,2022,臺北市,士林區,前港里,臺北市,7,蘇煥智,台灣維新,4,
2022年直轄市長選舉,2022,臺北市,士林區,前港里,臺北市,8,黃珊珊,無黨籍及未經政黨推薦,654,
2022年直轄市長選舉,2022,臺北市,士林區,前港里,臺北市,9,施奉先,無黨籍及未經政黨推薦,1,
2022年直轄市長選舉,2022,臺北市,士林區,前港里,臺北市,10,唐新民,共和黨,0,
2022年直轄市長選舉,2022,臺北市,士林區,前港里,臺北市,11,謝立康,無黨籍及未經政黨推薦,1,
2022年直轄市長選舉,2022,臺北市,士林區,前港里,臺北市,12,陳時中,民主進步黨,967,
2022年直轄市長選舉,2022,臺北市,士林區,百齡里,臺北市,1,張家豪,台灣動物保護黨,2,
2022年直轄市長選舉,2022,臺北市,士林區,百齡里,臺北市,2,王文娟,無黨籍及未經政黨推薦,1,
2022年直轄市長選舉,2022,臺北市,士林區,百齡里,臺北市,3,鄭匡宇,無黨籍及未經政黨推薦,1,
2022年直轄市長選舉,2022,臺北市,士林區,百齡里,臺北市,4,黃聖峰,台澎黨,1,
2022年直轄市長選舉,2022,臺北市,士林區,百齡里,臺北市,5,童文薰,無黨籍及未經政黨推薦,6,
2022年直轄市長選舉,2022,臺北市,士林區,百齡里,臺北市,6,蔣萬安,中國國民黨,1239,*
2022年直轄市長選舉,2022,臺北市,士林區,百齡里,臺北市,7,蘇煥智,台灣維新,3,
2022年直轄市長選舉,2022,臺北市,士林區,百齡里,臺北市,8,黃珊珊,無黨籍及未經政黨推薦,994,
2022年直轄市長選舉,2022,臺北市,士林區,百齡里,臺北市,9,施奉先,無黨籍及未經政黨推薦,1,
2022年直轄市長選舉,2022,臺北市,士林區,百齡里,臺北市,10,唐新民,共和黨,1,
2022年直轄市長選舉,2022,臺北市,士林區,百齡里,臺北市,11,謝立康,無黨籍及未經政黨推薦,1,
2022年直轄市長選舉,2022,臺北市,士林區,百齡里,臺北市,12,陳時中,民主進步黨,1437,
2022年直轄市長選舉,2022,臺北市,士林區,承德里,臺北市,1,張家豪,台灣動物保護黨,4,
2022年直轄市長選舉,2022,臺北市,士林區,承德里,臺北市,2,王文娟,無黨籍及未經政黨推薦,1,
2022年直轄市長選舉,2022,臺北市,士林區,承德里,臺北市,3,鄭匡宇,無黨籍及未經政黨推薦,2,
2022年直轄市長選舉,2022,臺北市,士林區,承德里,臺北市,4,黃聖峰,台澎黨,0,
2022年直轄市長選舉,2022,臺北市,士林區,承德里,臺北市,5,童文薰,無黨籍及未經政黨推薦,8,
2022年直轄市長選舉,2022,臺北市,士林區,承德里,臺北市,6,蔣萬安,中國國民黨,1222,*
2022年直轄市長選舉,2022,臺北市,士林區,承德里,臺北市,7,蘇煥智,台灣維新,4,
2022年直轄市長選舉,2022,臺北市,士林區,承德里,臺北市,8,黃珊珊,無黨籍及未經政黨推薦,708,
2022年直轄市長選舉,2022,臺北市,士林區,承德里,臺北市,9,施奉先,無黨籍及未經政黨推薦,0,
2022年直轄市長選舉,2022,臺北市,士林區,承德里,臺北市,10,唐新民,共和黨,0,
2022年直轄市長選舉,2022,臺北市,士林區,承德里,臺北市,11,謝立康,無黨籍及未經政黨推薦,0,
2022年直轄市長選舉,2022,臺北市,士林區,承德里,臺北市,12,陳時中,民主進步黨,960,
2022年直轄市長選舉,2022,臺北市,士林區,福華里,臺北市,1,張家豪,台灣動物保護黨,5,
2022年直轄市長選舉,2022,臺北市,士林區,福華里,臺北市,2,王文娟,無黨籍及未經政黨推薦,3,
2022年直轄市長選舉,2022,臺北市,士林區,福華里,臺北市,3,鄭匡宇,無黨籍及未經政黨推薦,0,
2022年直轄市長選舉,2022,臺北市,士林區,福華里,臺北市,4,黃聖峰,台澎黨,2,
2022年直轄市長選舉,2022,臺北市,士林區,福華里,臺北市,5,童文薰,無黨籍及未經政黨推薦,3,
2022年直轄市長選舉,2022,臺北市,士林區,福華里,臺北市,6,蔣萬安,中國國民黨,1233,*
2022年直轄市長選舉,2022,臺北市,士林區,福華里,臺北市,7,蘇煥智,台灣維新,4,
2022年直轄市長選舉,2022,臺北市,士林區,福華里,臺北市,8,黃珊珊,無黨籍及未經政黨推薦,828,
2022年直轄市長選舉,2022,臺北市,士林區,福華里,臺北市,9,施奉先,無黨籍及未經政黨推薦,1,
2022年直轄市長選舉,2022,臺北市,士林區,福華里,臺北市,10,唐新民,共和黨,3,
2022年直轄市長選舉,2022,臺北市,士林區,福華里,臺北市,11,謝立康,無黨籍及未經政黨推薦,3,
2022年直轄市長選舉,2022,臺北市,士林區,福華里,臺北市,12,陳時中,民主進步黨,1245,
2022年直轄市長選舉,2022,臺北市,士林區,明勝里,臺北市,1,張家豪,台灣動物保護黨,6,
2022年直轄市長選舉,2022,臺北市,士林區,明勝里,臺北市,2,王文娟,無黨籍及未經政黨推薦,0,
2022年直轄市長選舉,2022,臺北市,士林區,明勝里,臺北市,3,鄭匡宇,無黨籍及未經政黨推薦,0,
2022年直轄市長選舉,2022,臺北市,士林區,明勝里,臺北市,4,黃聖峰,台澎黨,0,
2022年直轄市長選舉,2022,臺北市,士林區,明勝里,臺北市,5,童文薰,無黨籍及未經政黨推薦,7,
2022年直轄市長選舉,2022,臺北市,士林區,明勝里,臺北市,6,蔣萬安,中國國民黨,1023,*
2022年直轄市長選舉,2022,臺北市,士林區,明勝里,臺北市,7,蘇煥智,台灣維新,4,
2022年直轄市長選舉,2022,臺北市,士林區,明勝里,臺北市,8,黃珊珊,無黨籍及未經政黨推薦,701,
2022年直轄市長選舉,2022,臺北市,士林區,明勝里,臺北市,9,施奉先,無黨籍及未經政黨推薦,0,
2022年直轄市長選舉,2022,臺北市,士林區,明勝里,臺北市,10,唐新民,共和黨,1,
2022年直轄市長選舉,2022,臺北市,士林區,明勝里,臺北市,11,謝立康,無黨籍及未經政黨推薦,0,
2022年直轄市長選舉,2022,臺北市,士林區,明勝里,臺北市,12,陳時中,民主進步黨,1019,
2022年直轄市長選舉,2022,臺北市,士林區,福順里,臺北市,1,張家豪,台灣動物保護黨,8,
2022年直轄市長選舉,2022,臺北市,士林區,福順里,臺北市,2,王文娟,無黨籍及未經政黨推薦,1,
2022年直轄市長選舉,2022,臺北市,士林區,福順里,臺北市,3,鄭匡宇,無黨籍及未經政黨推薦,2,
2022年直轄市長選舉,2022,臺北市,士林區,福順里,臺北市,4,黃聖峰,台澎黨,1,
2022年直轄市長選舉,2022,臺北市,士林區,福順里,臺北市,5,童文薰,無黨籍及未經政黨推薦,4,
2022年直轄市長選舉,2022,臺北市,士林區,福順里,臺北市,6,蔣萬安,中國國民黨,953,*
2022年直轄市長選舉,2022,臺北市,士林區,福順里,臺北市,7,蘇煥智,台灣維新,4,
2022年直轄市長選舉,2022,臺北市,士林區,福順里,臺北市,8,黃珊珊,無黨籍及未經政黨推薦,757,
2022年直轄市長選舉,2022,臺北市,士林區,福順里,臺北市,9,施奉先,無黨籍及未經政黨推薦,2,
2022年直轄市長選舉,2022,臺北市,士林區,福順里,臺北市,10,唐新民,共和黨,1,
2022年直轄市長選舉,2022,臺北市,士林區,福順里,臺北市,11,謝立康,無黨籍及未經政黨推薦,1,
2022年直轄市長選舉,2022,臺北市,士林區,福順里,臺北市,12,陳時中,民主進步黨,1256,
2022年直轄市長選舉,2022,臺北市,士林區,富光里,臺北市,1,張家豪,台灣動物保護黨,5,
2022年直轄市長選舉,2022,臺北市,士林區,富光里,臺北市,2,王文娟,無黨籍及未經政黨推薦,1,
2022年直轄市長選舉,2022,臺北市,士林區,富光里,臺北市,3,鄭匡宇,無黨籍及未經政黨推薦,1,
2022年直轄市長選舉,2022,臺北市,士林區,富光里,臺北市,4,黃聖峰,台澎黨,2,
2022年直轄市長選舉,2022,臺北市,士林區,富光里,臺北市,5,童文薰,無黨籍及未經政黨推薦,7,
2022年直轄市長選舉,2022,臺北市,士林區,富光里,臺北市,6,蔣萬安,中國國民黨,1109,*
2022年直轄市長選舉,2022,臺北市,士林區,富光里,臺北市,7,蘇煥智,台灣維新,7,
2022年直轄市長選舉,2022,臺北市,士林區,富光里,臺北市,8,黃珊珊,無黨籍及未經政黨推薦,881,
2022年直轄市長選舉,2022,臺北市,士林區,富光里,臺北市,9,施奉先,無黨籍及未經政黨推薦,2,
2022年直轄市長選舉,2022,臺北市,士林區,富光里,臺北市,10,唐新民,共和黨,1,
2022年直轄市長選舉,2022,臺北市,士林區,富光里,臺北市,11,謝立康,無黨籍及未經政黨推薦,0,
2022年直轄市長選舉,2022,臺北市,士林區,富光里,臺北市,12,陳時中,民主進步黨,1439,
2022年直轄市長選舉,2022,臺北市,士林區,葫蘆里,臺北市,1,張家豪,台灣動物保護黨,5,
2022年直轄市長選舉,2022,臺北市,士林區,葫蘆里,臺北市,2,王文娟,無黨籍及未經政黨推薦,3,
2022年直轄市長選舉,2022,臺北市,士林區,葫蘆里,臺北市,3,鄭匡宇,無黨籍及未經政黨推薦,0,
2022年直轄市長選舉,2022,臺北市,士林區,葫蘆里,臺北市,4,黃聖峰,台澎黨,1,
2022年直轄市長選舉,2022,臺北市,士林區,葫蘆里,臺北市,5,童文薰,無黨籍及未經政黨推薦,5,
2022年直轄市長選舉,2022,臺北市,士林區,葫蘆里,臺北市,6,蔣萬安,中國國民黨,1481,*
2022年直轄市長選舉,2022,臺北市,士林區,葫蘆里,臺北市,7,蘇煥智,台灣維新,2,
2022年直轄市長選舉,2022,臺北市,士林區,葫蘆里,臺北市,8,黃珊珊,無黨籍及未經政黨推薦,1056,
2022年直轄市長選舉,2022,臺北市,士林區,葫蘆里,臺北市,9,施奉先,無黨籍及未經政黨推薦,0,
2022年直轄市長選舉,2022,臺北市,士林區,葫蘆里,臺北市,10,唐新民,共和黨,0,
2022年直轄市長選舉,2022,臺北市,士林區,葫蘆里,臺北市,11,謝立康,無黨籍及未經政黨推薦,0,
2022年直轄市長選舉,2022,臺北市,士林區,葫蘆里,臺北市,12,陳時中,民主進步黨,1500,
2022年直轄市長選舉,2022,臺北市,士林區,葫東里,臺北市,1,張家豪,台灣動物保護黨,1,
2022年直轄市長選舉,2022,臺北市,士林區,葫東里,臺北市,2,王文娟,無黨籍及未經政黨推薦,1,
2022年直轄市長選舉,2022,臺北市,士林區,葫東里,臺北市,3,鄭匡宇,無黨籍及未經政黨推薦,1,
2022年直轄市長選舉,2022,臺北市,士林區,葫東里,臺北市,4,黃聖峰,台澎黨,2,
2022年直轄市長選舉,2022,臺北市,士林區,葫東里,臺北市,5,童文薰,無黨籍及未經政黨推薦,3,
2022年直轄市長選舉,2022,臺北市,士林區,葫東里,臺北市,6,蔣萬安,中國國民黨,731,*
2022年直轄市長選舉,2022,臺北市,士林區,葫東里,臺北市,7,蘇煥智,台灣維新,4,
2022年直轄市長選舉,2022,臺北市,士林區,葫東里,臺北市,8,黃珊珊,無黨籍及未經政黨推薦,604,
2022年直轄市長選舉,2022,臺北市,士林區,葫東里,臺北市,9,施奉先,無黨籍及未經政黨推薦,0,
2022年直轄市長選舉,2022,臺北市,士林區,葫東里,臺北市,10,唐新民,共和黨,0,
2022年直轄市長選舉,2022,臺北市,士林區,葫東里,臺北市,11,謝立康,無黨籍及未經政黨推薦,2,
2022年直轄市長選舉,2022,臺北市,士林區,葫東里,臺北市,12,陳時中,民主進步黨,910,
2022年直轄市長選舉,2022,臺北市,士林區,社子里,臺北市,1,張家豪,台灣動物保護黨,2,
2022年直轄市長選舉,2022,臺北市,士林區,社子里,臺北市,2,王文娟,無黨籍及未經政黨推薦,0,
2022年直轄市長選舉,2022,臺北市,士林區,社子里,臺北市,3,鄭匡宇,無黨籍及未經政黨推薦,0,
2022年直轄市長選舉,2022,臺北市,士林區,社子里,臺北市,4,黃聖峰,台澎黨,0,
2022年直轄市長選舉,2022,臺北市,士林區,社子里,臺北市,5,童文薰,無黨籍及未經政黨推薦,5,
2022年直轄市長選舉,2022,臺北市,士林區,社子里,臺北市,6,蔣萬安,中國國民黨,1168,*
2022年直轄市長選舉,2022,臺北市,士林區,社子里,臺北市,7,蘇煥智,台灣維新,5,
2022年直轄市長選舉,2022,臺北市,士林區,社子里,臺北市,8,黃珊珊,無黨籍及未經政黨推薦,904,
2022年直轄市長選舉,2022,臺北市,士林區,社子里,臺北市,9,施奉先,無黨籍及未經政黨推薦,0,
2022年直轄市長選舉,2022,臺北市,士林區,社子里,臺北市,10,唐新民,共和黨,2,
2022年直轄市長選舉,2022,臺北市,士林區,社子里,臺北市,11,謝立康,無黨籍及未經政黨推薦,1,
2022年直轄市長選舉,2022,臺北市,士林區,社子里,臺北市,12,陳時中,民主進步黨,1552,
2022年直轄市長選舉,2022,臺北市,士林區,社新里,臺北市,1,張家豪,台灣動物保護黨,8,
2022年直轄市長選舉,2022,臺北市,士林區,社新里,臺北市,2,王文娟,無黨籍及未經政黨推薦,5,
2022年直轄市長選舉,2022,臺北市,士林區,社新里,臺北市,3,鄭匡宇,無黨籍及未經政黨推薦,1,
2022年直轄市長選舉,2022,臺北市,士林區,社新里,臺北市,4,黃聖峰,台澎黨,0,
2022年直轄市長選舉,2022,臺北市,士林區,社新里,臺北市,5,童文薰,無黨籍及未經政黨推薦,4,
2022年直轄市長選舉,2022,臺北市,士林區,社新里,臺北市,6,蔣萬安,中國國民黨,1552,*
2022年直轄市長選舉,2022,臺北市,士林區,社新里,臺北市,7,蘇煥智,台灣維新,3,
2022年直轄市長選舉,2022,臺北市,士林區,社新里,臺北市,8,黃珊珊,無黨籍及未經政黨推薦,1289,
2022年直轄市長選舉,2022,臺北市,士林區,社新里,臺北市,9,施奉先,無黨籍及未經政黨推薦,1,
2022年直轄市長選舉,2022,臺北市,士林區,社新里,臺北市,10,唐新民,共和黨,1,
2022年直轄市長選舉,2022,臺北市,士林區,社新里,臺北市,11,謝立康,無黨籍及未經政黨推薦,0,
2022年直轄市長選舉,2022,臺北市,士林區,社新里,臺北市,12,陳時中,民主進步黨,2058,
2022年直轄市長選舉,2022,臺北市,士林區,社園里,臺北市,1,張家豪,台灣動物保護黨,8,
2022年直轄市長選舉,2022,臺北市,士林區,社園里,臺北市,2,王文娟,無黨籍及未經政黨推薦,8,
2022年直轄市長選舉,2022,臺北市,士林區,社園里,臺北市,3,鄭匡宇,無黨籍及未經政黨推薦,0,
2022年直轄市長選舉,2022,臺北市,士林區,社園里,臺北市,4,黃聖峰,台澎黨,0,
2022年直轄市長選舉,2022,臺北市,士林區,社園里,臺北市,5,童文薰,無黨籍及未經政黨推薦,4,
2022年直轄市長選舉,2022,臺北市,士林區,社園里,臺北市,6,蔣萬安,中國國民黨,1156,*
2022年直轄市長選舉,2022,臺北市,士林區,社園里,臺北市,7,蘇煥智,台灣維新,6,
2022年直轄市長選舉,2022,臺北市,士林區,社園里,臺北市,8,黃珊珊,無黨籍及未經政黨推薦,971,
2022年直轄市長選舉,2022,臺北市,士林區,社園里,臺北市,9,施奉先,無黨籍及未經政黨推薦,1,
2022年直轄市長選舉,2022,臺北市,士林區,社園里,臺北市,10,唐新民,共和黨,0,
2022年直轄市長選舉,2022,臺北市,士林區,社園里,臺北市,11,謝立康,無黨籍及未經政黨推薦,0,
2022年直轄市長選舉,2022,臺北市,士林區,社園里,臺北市,12,陳時中,民主進步黨,1814,
2022年直轄市長選舉,2022,臺北市,士林區,永倫里,臺北市,1,張家豪,台灣動物保護黨,8,
2022年直轄市長選舉,2022,臺北市,士林區,永倫里,臺北市,2,王文娟,無黨籍及未經政黨推薦,1,
2022年直轄市長選舉,2022,臺北市,士林區,永倫里,臺北市,3,鄭匡宇,無黨籍及未經政黨推薦,0,
2022年直轄市長選舉,2022,臺北市,士林區,永倫里,臺北市,4,黃聖峰,台澎黨,0,
2022年直轄市長選舉,2022,臺北市,士林區,永倫里,臺北市,5,童文薰,無黨籍及未經政黨推薦,3,
2022年直轄市長選舉,2022,臺北市,士林區,永倫里,臺北市,6,蔣萬安,中國國民黨,1214,*
2022年直轄市長選舉,2022,臺北市,士林區,永倫里,臺北市,7,蘇煥智,台灣維新,3,
2022年直轄市長選舉,2022,臺北市,士林區,永倫里,臺北市,8,黃珊珊,無黨籍及未經政黨推薦,1029,
2022年直轄市長選舉,2022,臺北市,士林區,永倫里,臺北市,9,施奉先,無黨籍及未經政黨推薦,1,
2022年直轄市長選舉,2022,臺北市,士林區,永倫里,臺北市,10,唐新民,共和黨,2,
2022年直轄市長選舉,2022,臺北市,士林區,永倫里,臺北市,11,謝立康,無黨籍及未經政黨推薦,2,
2022年直轄市長選舉,2022,臺北市,士林區,永倫里,臺北市,12,陳時中,民主進步黨,1687,
2022年直轄市長選舉,2022,臺北市,士林區,福安里,臺北市,1,張家豪,台灣動物保護黨,9,
2022年直轄市長選舉,2022,臺北市,士林區,福安里,臺北市,2,王文娟,無黨籍及未經政黨推薦,2,
2022年直轄市長選舉,2022,臺北市,士林區,福安里,臺北市,3,鄭匡宇,無黨籍及未經政黨推薦,0,
2022年直轄市長選舉,2022,臺北市,士林區,福安里,臺北市,4,黃聖峰,台澎黨,1,
2022年直轄市長選舉,2022,臺北市,士林區,福安里,臺北市,5,童文薰,無黨籍及未經政黨推薦,7,
2022年直轄市長選舉,2022,臺北市,士林區,福安里,臺北市,6,蔣萬安,中國國民黨,663,*
2022年直轄市長選舉,2022,臺北市,士林區,福安里,臺北市,7,蘇煥智,台灣維新,10,
2022年直轄市長選舉,2022,臺北市,士林區,福安里,臺北市,8,黃珊珊,無黨籍及未經政黨推薦,723,
2022年直轄市長選舉,2022,臺北市,士林區,福安里,臺北市,9,施奉先,無黨籍及未經政黨推薦,2,
2022年直轄市長選舉,2022,臺北市,士林區,福安里,臺北市,10,唐新民,共和黨,3,
2022年直轄市長選舉,2022,臺北市,士林區,福安里,臺北市,11,謝立康,無黨籍及未經政黨推薦,1,
2022年直轄市長選舉,2022,臺北市,士林區,福安里,臺北市,12,陳時中,民主進步黨,1625,
2022年直轄市長選舉,2022,臺北市,士林區,富洲里,臺北市,1,張家豪,台灣動物保護黨,3,
2022年直轄市長選舉,2022,臺北市,士林區,富洲里,臺北市,2,王文娟,無黨籍及未經政黨推薦,5,
2022年直轄市長選舉,2022,臺北市,士林區,富洲里,臺北市,3,鄭匡宇,無黨籍及未經政黨推薦,0,
2022年直轄市長選舉,2022,臺北市,士林區,富洲里,臺北市,4,黃聖峰,台澎黨,1,
2022年直轄市長選舉,2022,臺北市,士林區,富洲里,臺北市,5,童文薰,無黨籍及未經政黨推薦,209,
2022年直轄市長選舉,2022,臺北市,士林區,富洲里,臺北市,6,蔣萬安,中國國民黨,596,*
2022年直轄市長選舉,2022,臺北市,士林區,富洲里,臺北市,7,蘇煥智,台灣維新,8,
2022年直轄市長選舉,2022,臺北市,士林區,富洲里,臺北市,8,黃珊珊,無黨籍及未經政黨推薦,1009,
2022年直轄市長選舉,2022,臺北市,士林區,富洲里,臺北市,9,施奉先,無黨籍及未經政黨推薦,1,
2022年直轄市長選舉,2022,臺北市,士林區,富洲里,臺北市,10,唐新民,共和黨,1,
2022年直轄市長選舉,2022,臺北市,士林區,富洲里,臺北市,11,謝立康,無黨籍及未經政黨推薦,0,
2022年直轄市長選舉,2022,臺北市,士林區,富洲里,臺北市,12,陳時中,民主進步黨,1666,
2022年直轄市長選舉,2022,臺北市,士林區,岩山里,臺北市,1,張家豪,台灣動物保護黨,1,
2022年直轄市長選舉,2022,臺北市,士林區,岩山里,臺北市,2,王文娟,無黨籍及未經政黨推薦,0,
2022年直轄市長選舉,2022,臺北市,士林區,岩山里,臺北市,3,鄭匡宇,無黨籍及未經政黨推薦,1,
2022年直轄市長選舉,2022,臺北市,士林區,岩山里,臺北市,4,黃聖峰,台澎黨,0,
2022年直轄市長選舉,2022,臺北市,士林區,岩山里,臺北市,5,童文薰,無黨籍及未經政黨推薦,4,
2022年直轄市長選舉,2022,臺北市,士林區,岩山里,臺北市,6,蔣萬安,中國國民黨,827,*
2022年直轄市長選舉,2022,臺北市,士林區,岩山里,臺北市,7,蘇煥智,台灣維新,3,
2022年直轄市長選舉,2022,臺北市,士林區,岩山里,臺北市,8,黃珊珊,無黨籍及未經政黨推薦,394,
2022年直轄市長選舉,2022,臺北市,士林區,岩山里,臺北市,9,施奉先,無黨籍及未經政黨推薦,0,
2022年直轄市長選舉,2022,臺北市,士林區,岩山里,臺北市,10,唐新民,共和黨,0,
2022年直轄市長選舉,2022,臺北市,士林區,岩山里,臺北市,11,謝立康,無黨籍及未經政黨推薦,1,
2022年直轄市長選舉,2022,臺北市,士林區,岩山里,臺北市,12,陳時中,民主進步黨,590,
2022年直轄市長選舉,2022,臺北市,士林區,名山里,臺北市,1,張家豪,台灣動物保護黨,10,
2022年直轄市長選舉,2022,臺北市,士林區,名山里,臺北市,2,王文娟,無黨籍及未經政黨推薦,1,
2022年直轄市長選舉,2022,臺北市,士林區,名山里,臺北市,3,鄭匡宇,無黨籍及未經政黨推薦,0,
2022年直轄市長選舉,2022,臺北市,士林區,名山里,臺北市,4,黃聖峰,台澎黨,0,
2022年直轄市長選舉,2022,臺北市,士林區,名山里,臺北市,5,童文薰,無黨籍及未經政黨推薦,10,
2022年直轄市長選舉,2022,臺北市,士林區,名山里,臺北市,6,蔣萬安,中國國民黨,1611,*
2022年直轄市長選舉,2022,臺北市,士林區,名山里,臺北市,7,蘇煥智,台灣維新,3,
2022年直轄市長選舉,2022,臺北市,士林區,名山里,臺北市,8,黃珊珊,無黨籍及未經政黨推薦,939,
2022年直轄市長選舉,2022,臺北市,士林區,名山里,臺北市,9,施奉先,無黨籍及未經政黨推薦,0,
2022年直轄市長選舉,2022,臺北市,士林區,名山里,臺北市,10,唐新民,共和黨,0,
2022年直轄市長選舉,2022,臺北市,士林區,名山里,臺北市,11,謝立康,無黨籍及未經政黨推薦,1,
2022年直轄市長選舉,2022,臺北市,士林區,名山里,臺北市,12,陳時中,民主進步黨,1334,
2022年直轄市長選舉,2022,臺北市,士林區,德行里,臺北市,1,張家豪,台灣動物保護黨,6,
2022年直轄市長選舉,2022,臺北市,士林區,德行里,臺北市,2,王文娟,無黨籍及未經政黨推薦,1,
2022年直轄市長選舉,2022,臺北市,士林區,德行里,臺北市,3,鄭匡宇,無黨籍及未經政黨推薦,2,
2022年直轄市長選舉,2022,臺北市,士林區,德行里,臺北市,4,黃聖峰,台澎黨,1,
2022年直轄市長選舉,2022,臺北市,士林區,德行里,臺北市,5,童文薰,無黨籍及未經政黨推薦,1,
2022年直轄市長選舉,2022,臺北市,士林區,德行里,臺北市,6,蔣萬安,中國國民黨,981,*
2022年直轄市長選舉,2022,臺北市,士林區,德行里,臺北市,7,蘇煥智,台灣維新,3,
2022年直轄市長選舉,2022,臺北市,士林區,德行里,臺北市,8,黃珊珊,無黨籍及未經政黨推薦,584,
2022年直轄市長選舉,2022,臺北市,士林區,德行里,臺北市,9,施奉先,無黨籍及未經政黨推薦,0,
2022年直轄市長選舉,2022,臺北市,士林區,德行里,臺北市,10,唐新民,共和黨,1,
2022年直轄市長選舉,2022,臺北市,士林區,德行里,臺北市,11,謝立康,無黨籍及未經政黨推薦,0,
2022年直轄市長選舉,2022,臺北市,士林區,德行里,臺北市,12,陳時中,民主進步黨,870,
2022年直轄市長選舉,2022,臺北市,士林區,德華里,臺北市,1,張家豪,台灣動物保護黨,3,
2022年直轄市長選舉,2022,臺北市,士林區,德華里,臺北市,2,王文娟,無黨籍及未經政黨推薦,0,
2022年直轄市長選舉,2022,臺北市,士林區,德華里,臺北市,3,鄭匡宇,無黨籍及未經政黨推薦,2,
2022年直轄市長選舉,2022,臺北市,士林區,德華里,臺北市,4,黃聖峰,台澎黨,0,
2022年直轄市長選舉,2022,臺北市,士林區,德華里,臺北市,5,童文薰,無黨籍及未經政黨推薦,8,
2022年直轄市長選舉,2022,臺北市,士林區,德華里,臺北市,6,蔣萬安,中國國民黨,1127,*
2022年直轄市長選舉,2022,臺北市,士林區,德華里,臺北市,7,蘇煥智,台灣維新,6,
2022年直轄市長選舉,2022,臺北市,士林區,德華里,臺北市,8,黃珊珊,無黨籍及未經政黨推薦,721,
2022年直轄市長選舉,2022,臺北市,士林區,德華里,臺北市,9,施奉先,無黨籍及未經政黨推薦,1,
2022年直轄市長選舉,2022,臺北市,士林區,德華里,臺北市,10,唐新民,共和黨,1,
2022年直轄市長選舉,2022,臺北市,士林區,德華里,臺北市,11,謝立康,無黨籍及未經政黨推薦,0,
2022年直轄市長選舉,2022,臺北市,士林區,德華里,臺北市,12,陳時中,民主進步黨,1187,
2022年直轄市長選舉,2022,臺北市,士林區,聖山里,臺北市,1,張家豪,台灣動物保護黨,4,
2022年直轄市長選舉,2022,臺北市,士林區,聖山里,臺北市,2,王文娟,無黨籍及未經政黨推薦,0,
2022年直轄市長選舉,2022,臺北市,士林區,聖山里,臺北市,3,鄭匡宇,無黨籍及未經政黨推薦,0,
2022年直轄市長選舉,2022,臺北市,士林區,聖山里,臺北市,4,黃聖峰,台澎黨,0,
2022年直轄市長選舉,2022,臺北市,士林區,聖山里,臺北市,5,童文薰,無黨籍及未經政黨推薦,7,
2022年直轄市長選舉,2022,臺北市,士林區,聖山里,臺北市,6,蔣萬安,中國國民黨,1302,*
2022年直轄市長選舉,2022,臺北市,士林區,聖山里,臺北市,7,蘇煥智,台灣維新,1,
2022年直轄市長選舉,2022,臺北市,士林區,聖山里,臺北市,8,黃珊珊,無黨籍及未經政黨推薦,636,
2022年直轄市長選舉,2022,臺北市,士林區,聖山里,臺北市,9,施奉先,無黨籍及未經政黨推薦,0,
2022年直轄市長選舉,2022,臺北市,士林區,聖山里,臺北市,10,唐新民,共和黨,1,
2022年直轄市長選舉,2022,臺北市,士林區,聖山里,臺北市,11,謝立康,無黨籍及未經政黨推薦,0,
2022年直轄市長選舉,2022,臺北市,士林區,聖山里,臺北市,12,陳時中,民主進步黨,865,
2022年直轄市長選舉,2022,臺北市,士林區,忠誠里,臺北市,1,張家豪,台灣動物保護黨,3,
2022年直轄市長選舉,2022,臺北市,士林區,忠誠里,臺北市,2,王文娟,無黨籍及未經政黨推薦,2,
2022年直轄市長選舉,2022,臺北市,士林區,忠誠里,臺北市,3,鄭匡宇,無黨籍及未經政黨推薦,2,
2022年直轄市長選舉,2022,臺北市,士林區,忠誠里,臺北市,4,黃聖峰,台澎黨,0,
2022年直轄市長選舉,2022,臺北市,士林區,忠誠里,臺北市,5,童文薰,無黨籍及未經政黨推薦,4,
2022年直轄市長選舉,2022,臺北市,士林區,忠誠里,臺北市,6,蔣萬安,中國國民黨,1566,*
2022年直轄市長選舉,2022,臺北市,士林區,忠誠里,臺北市,7,蘇煥智,台灣維新,5,
2022年直轄市長選舉,2022,臺北市,士林區,忠誠里,臺北市,8,黃珊珊,無黨籍及未經政黨推薦,604,
2022年直轄市長選舉,2022,臺北市,士林區,忠誠里,臺北市,9,施奉先,無黨籍及未經政黨推薦,3,
2022年直轄市長選舉,2022,臺北市,士林區,忠誠里,臺北市,10,唐新民,共和黨,1,
2022年直轄市長選舉,2022,臺北市,士林區,忠誠里,臺北市,11,謝立康,無黨籍及未經政黨推薦,0,
2022年直轄市長選舉,2022,臺北市,士林區,忠誠里,臺北市,12,陳時中,民主進步黨,757,
2022年直轄市長選舉,2022,臺北市,士林區,芝山里,臺北市,1,張家豪,台灣動物保護黨,8,
2022年直轄市長選舉,2022,臺北市,士林區,芝山里,臺北市,2,王文娟,無黨籍及未經政黨推薦,1,
2022年直轄市長選舉,2022,臺北市,士林區,芝山里,臺北市,3,鄭匡宇,無黨籍及未經政黨推薦,0,
2022年直轄市長選舉,2022,臺北市,士林區,芝山里,臺北市,4,黃聖峰,台澎黨,0,
2022年直轄市長選舉,2022,臺北市,士林區,芝山里,臺北市,5,童文薰,無黨籍及未經政黨推薦,7,
2022年直轄市長選舉,2022,臺北市,士林區,芝山里,臺北市,6,蔣萬安,中國國民黨,1758,*
2022年直轄市長選舉,2022,臺北市,士林區,芝山里,臺北市,7,蘇煥智,台灣維新,1,
2022年直轄市長選舉,2022,臺北市,士林區,芝山里,臺北市,8,黃珊珊,無黨籍及未經政黨推薦,1003,
2022年直轄市長選舉,2022,臺北市,士林區,芝山里,臺北市,9,施奉先,無黨籍及未經政黨推薦,2,
2022年直轄市長選舉,2022,臺北市,士林區,芝山里,臺北市,10,唐新民,共和黨,1,
2022年直轄市長選舉,2022,臺北市,士林區,芝山里,臺北市,11,謝立康,無黨籍及未經政黨推薦,3,
2022年直轄市長選舉,2022,臺北市,士林區,芝山里,臺北市,12,陳時中,民主進步黨,1360,
2022年直轄市長選舉,2022,臺北市,士林區,東山里,臺北市,1,張家豪,台灣動物保護黨,5,
2022年直轄市長選舉,2022,臺北市,士林區,東山里,臺北市,2,王文娟,無黨籍及未經政黨推薦,2,
2022年直轄市長選舉,2022,臺北市,士林區,東山里,臺北市,3,鄭匡宇,無黨籍及未經政黨推薦,0,
2022年直轄市長選舉,2022,臺北市,士林區,東山里,臺北市,4,黃聖峰,台澎黨,1,
2022年直轄市長選舉,2022,臺北市,士林區,東山里,臺北市,5,童文薰,無黨籍及未經政黨推薦,3,
2022年直轄市長選舉,2022,臺北市,士林區,東山里,臺北市,6,蔣萬安,中國國民黨,1360,*
2022年直轄市長選舉,2022,臺北市,士林區,東山里,臺北市,7,蘇煥智,台灣維新,9,
2022年直轄市長選舉,2022,臺北市,士林區,東山里,臺北市,8,黃珊珊,無黨籍及未經政黨推薦,658,
2022年直轄市長選舉,2022,臺北市,士林區,東山里,臺北市,9,施奉先,無黨籍及未經政黨推薦,0,
2022年直轄市長選舉,2022,臺北市,士林區,東山里,臺北市,10,唐新民,共和黨,1,
2022年直轄市長選舉,2022,臺北市,士林區,東山里,臺北市,11,謝立康,無黨籍及未經政黨推薦,0,
2022年直轄市長選舉,2022,臺北市,士林區,東山里,臺北市,12,陳時中,民主進步黨,772,
2022年直轄市長選舉,2022,臺北市,士林區,三玉里,臺北市,1,張家豪,台灣動物保護黨,4,
2022年直轄市長選舉,2022,臺北市,士林區,三玉里,臺北市,2,王文娟,無黨籍及未經政黨推薦,0,
2022年直轄市長選舉,2022,臺北市,士林區,三玉里,臺北市,3,鄭匡宇,無黨籍及未經政黨推薦,1,
2022年直轄市長選舉,2022,臺北市,士林區,三玉里,臺北市,4,黃聖峰,台澎黨,0,
2022年直轄市長選舉,2022,臺北市,士林區,三玉里,臺北市,5,童文薰,無黨籍及未經政黨推薦,3,
2022年直轄市長選舉,2022,臺北市,士林區,三玉里,臺北市,6,蔣萬安,中國國民黨,1283,*
2022年直轄市長選舉,2022,臺北市,士林區,三玉里,臺北市,7,蘇煥智,台灣維新,6,
2022年直轄市長選舉,2022,臺北市,士林區,三玉里,臺北市,8,黃珊珊,無黨籍及未經政黨推薦,721,
2022年直轄市長選舉,2022,臺北市,士林區,三玉里,臺北市,9,施奉先,無黨籍及未經政黨推薦,0,
2022年直轄市長選舉,2022,臺北市,士林區,三玉里,臺北市,10,唐新民,共和黨,2,
2022年直轄市長選舉,2022,臺北市,士林區,三玉里,臺北市,11,謝立康,無黨籍及未經政黨推薦,0,
2022年直轄市長選舉,2022,臺北市,士林區,三玉里,臺北市,12,陳時中,民主進步黨,1068,
2022年直轄市長選舉,2022,臺北市,士林區,蘭雅里,臺北市,1,張家豪,台灣動物保護黨,9,
2022年直轄市長選舉,2022,臺北市,士林區,蘭雅里,臺北市,2,王文娟,無黨籍及未經政黨推薦,1,
2022年直轄市長選舉,2022,臺北市,士林區,蘭雅里,臺北市,3,鄭匡宇,無黨籍及未經政黨推薦,1,
2022年直轄市長選舉,2022,臺北市,士林區,蘭雅里,臺北市,4,黃聖峰,台澎黨,0,
2022年直轄市長選舉,2022,臺北市,士林區,蘭雅里,臺北市,5,童文薰,無黨籍及未經政黨推薦,5,
2022年直轄市長選舉,2022,臺北市,士林區,蘭雅里,臺北市,6,蔣萬安,中國國民黨,1919,*
2022年直轄市長選舉,2022,臺北市,士林區,蘭雅里,臺北市,7,蘇煥智,台灣維新,5,
2022年直轄市長選舉,2022,臺北市,士林區,蘭雅里,臺北市,8,黃珊珊,無黨籍及未經政黨推薦,1120,
2022年直轄市長選舉,2022,臺北市,士林區,蘭雅里,臺北市,9,施奉先,無黨籍及未經政黨推薦,0,
2022年直轄市長選舉,2022,臺北市,士林區,蘭雅里,臺北市,10,唐新民,共和黨,0,
2022年直轄市長選舉,2022,臺北市,士林區,蘭雅里,臺北市,11,謝立康,無黨籍及未經政黨推薦,0,
2022年直轄市長選舉,2022,臺北市,士林區,蘭雅里,臺北市,12,陳時中,民主進步黨,1639,
2022年直轄市長選舉,2022,臺北市,士林區,蘭興里,臺北市,1,張家豪,台灣動物保護黨,2,
2022年直轄市長選舉,2022,臺北市,士林區,蘭興里,臺北市,2,王文娟,無黨籍及未經政黨推薦,3,
2022年直轄市長選舉,2022,臺北市,士林區,蘭興里,臺北市,3,鄭匡宇,無黨籍及未經政黨推薦,2,
2022年直轄市長選舉,2022,臺北市,士林區,蘭興里,臺北市,4,黃聖峰,台澎黨,3,
2022年直轄市長選舉,2022,臺北市,士林區,蘭興里,臺北市,5,童文薰,無黨籍及未經政黨推薦,3,
2022年直轄市長選舉,2022,臺北市,士林區,蘭興里,臺北市,6,蔣萬安,中國國民黨,1342,*
2022年直轄市長選舉,2022,臺北市,士林區,蘭興里,臺北市,7,蘇煥智,台灣維新,2,
2022年直轄市長選舉,2022,臺北市,士林區,蘭興里,臺北市,8,黃珊珊,無黨籍及未經政黨推薦,834,
2022年直轄市長選舉,2022,臺北市,士林區,蘭興里,臺北市,9,施奉先,無黨籍及未經政黨推薦,0,
2022年直轄市長選舉,2022,臺北市,士林區,蘭興里,臺北市,10,唐新民,共和黨,0,
2022年直轄市長選舉,2022,臺北市,士林區,蘭興里,臺北市,11,謝立康,無黨籍及未經政黨推薦,0,
2022年直轄市長選舉,2022,臺北市,士林區,蘭興里,臺北市,12,陳時中,民主進步黨,1305,
2022年直轄市長選舉,2022,臺北市,士林區,天福里,臺北市,1,張家豪,台灣動物保護黨,10,
2022年直轄市長選舉,2022,臺北市,士林區,天福里,臺北市,2,王文娟,無黨籍及未經政黨推薦,2,
2022年直轄市長選舉,2022,臺北市,士林區,天福里,臺北市,3,鄭匡宇,無黨籍及未經政黨推薦,0,
2022年直轄市長選舉,2022,臺北市,士林區,天福里,臺北市,4,黃聖峰,台澎黨,0,
2022年直轄市長選舉,2022,臺北市,士林區,天福里,臺北市,5,童文薰,無黨籍及未經政黨推薦,2,
2022年直轄市長選舉,2022,臺北市,士林區,天福里,臺北市,6,蔣萬安,中國國民黨,1389,*
2022年直轄市長選舉,2022,臺北市,士林區,天福里,臺北市,7,蘇煥智,台灣維新,1,
2022年直轄市長選舉,2022,臺北市,士林區,天福里,臺北市,8,黃珊珊,無黨籍及未經政黨推薦,827,
2022年直轄市長選舉,2022,臺北市,士林區,天福里,臺北市,9,施奉先,無黨籍及未經政黨推薦,6,
2022年直轄市長選舉,2022,臺北市,士林區,天福里,臺北市,10,唐新民,共和黨,1,
2022年直轄市長選舉,2022,臺北市,士林區,天福里,臺北市,11,謝立康,無黨籍及未經政黨推薦,1,
2022年直轄市長選舉,2022,臺北市,士林區,天福里,臺北市,12,陳時中,民主進步黨,1126,
2022年直轄市長選舉,2022,臺北市,士林區,天祿里,臺北市,1,張家豪,台灣動物保護黨,10,
2022年直轄市長選舉,2022,臺北市,士林區,天祿里,臺北市,2,王文娟,無黨籍及未經政黨推薦,0,
2022年直轄市長選舉,2022,臺北市,士林區,天祿里,臺北市,3,鄭匡宇,無黨籍及未經政黨推薦,1,
2022年直轄市長選舉,2022,臺北市,士林區,天祿里,臺北市,4,黃聖峰,台澎黨,0,
2022年直轄市長選舉,2022,臺北市,士林區,天祿里,臺北市,5,童文薰,無黨籍及未經政黨推薦,4,
2022年直轄市長選舉,2022,臺北市,士林區,天祿里,臺北市,6,蔣萬安,中國國民黨,1012,*
2022年直轄市長選舉,2022,臺北市,士林區,天祿里,臺北市,7,蘇煥智,台灣維新,2,
2022年直轄市長選舉,2022,臺北市,士林區,天祿里,臺北市,8,黃珊珊,無黨籍及未經政黨推薦,690,
2022年直轄市長選舉,2022,臺北市,士林區,天祿里,臺北市,9,施奉先,無黨籍及未經政黨推薦,1,
2022年直轄市長選舉,2022,臺北市,士林區,天祿里,臺北市,10,唐新民,共和黨,0,
2022年直轄市長選舉,2022,臺北市,士林區,天祿里,臺北市,11,謝立康,無黨籍及未經政黨推薦,1,
2022年直轄市長選舉,2022,臺北市,士林區,天祿里,臺北市,12,陳時中,民主進步黨,1055,
2022年直轄市長選舉,2022,臺北市,士林區,天壽里,臺北市,1,張家豪,台灣動物保護黨,3,
2022年直轄市長選舉,2022,臺北市,士林區,天壽里,臺北市,2,王文娟,無黨籍及未經政黨推薦,0,
2022年直轄市長選舉,2022,臺北市,士林區,天壽里,臺北市,3,鄭匡宇,無黨籍及未經政黨推薦,0,
2022年直轄市長選舉,2022,臺北市,士林區,天壽里,臺北市,4,黃聖峰,台澎黨,0,
2022年直轄市長選舉,2022,臺北市,士林區,天壽里,臺北市,5,童文薰,無黨籍及未經政黨推薦,6,
2022年直轄市長選舉,2022,臺北市,士林區,天壽里,臺北市,6,蔣萬安,中國國民黨,1087,*
2022年直轄市長選舉,2022,臺北市,士林區,天壽里,臺北市,7,蘇煥智,台灣維新,1,
2022年直轄市長選舉,2022,臺北市,士林區,天壽里,臺北市,8,黃珊珊,無黨籍及未經政黨推薦,589,
2022年直轄市長選舉,2022,臺北市,士林區,天壽里,臺北市,9,施奉先,無黨籍及未經政黨推薦,0,
2022年直轄市長選舉,2022,臺北市,士林區,天壽里,臺北市,10,唐新民,共和黨,0,
2022年直轄市長選舉,2022,臺北市,士林區,天壽里,臺北市,11,謝立康,無黨籍及未經政黨推薦,1,
2022年直轄市長選舉,2022,臺北市,士林區,天壽里,臺北市,12,陳時中,民主進步黨,919,
2022年直轄市長選舉,2022,臺北市,士林區,天和里,臺北市,1,張家豪,台灣動物保護黨,13,
2022年直轄市長選舉,2022,臺北市,士林區,天和里,臺北市,2,王文娟,無黨籍及未經政黨推薦,0,
2022年直轄市長選舉,2022,臺北市,士林區,天和里,臺北市,3,鄭匡宇,無黨籍及未經政黨推薦,0,
2022年直轄市長選舉,2022,臺北市,士林區,天和里,臺北市,4,黃聖峰,台澎黨,0,
2022年直轄市長選舉,2022,臺北市,士林區,天和里,臺北市,5,童文薰,無黨籍及未經政黨推薦,8,
2022年直轄市長選舉,2022,臺北市,士林區,天和里,臺北市,6,蔣萬安,中國國民黨,1616,*
2022年直轄市長選舉,2022,臺北市,士林區,天和里,臺北市,7,蘇煥智,台灣維新,4,
2022年直轄市長選舉,2022,臺北市,士林區,天和里,臺北市,8,黃珊珊,無黨籍及未經政黨推薦,944,
2022年直轄市長選舉,2022,臺北市,士林區,天和里,臺北市,9,施奉先,無黨籍及未經政黨推薦,0,
2022年直轄市長選舉,2022,臺北市,士林區,天和里,臺北市,10,唐新民,共和黨,0,
2022年直轄市長選舉,2022,臺北市,士林區,天和里,臺北市,11,謝立康,無黨籍及未經政黨推薦,2,
2022年直轄市長選舉,2022,臺北市,士林區,天和里,臺北市,12,陳時中,民主進步黨,1376,
2022年直轄市長選舉,2022,臺北市,士林區,天山里,臺北市,1,張家豪,台灣動物保護黨,7,
2022年直轄市長選舉,2022,臺北市,士林區,天山里,臺北市,2,王文娟,無黨籍及未經政黨推薦,1,
2022年直轄市長選舉,2022,臺北市,士林區,天山里,臺北市,3,鄭匡宇,無黨籍及未經政黨推薦,1,
2022年直轄市長選舉,2022,臺北市,士林區,天山里,臺北市,4,黃聖峰,台澎黨,0,
2022年直轄市長選舉,2022,臺北市,士林區,天山里,臺北市,5,童文薰,無黨籍及未經政黨推薦,9,
2022年直轄市長選舉,2022,臺北市,士林區,天山里,臺北市,6,蔣萬安,中國國民黨,1568,*
2022年直轄市長選舉,2022,臺北市,士林區,天山里,臺北市,7,蘇煥智,台灣維新,4,
2022年直轄市長選舉,2022,臺北市,士林區,天山里,臺北市,8,黃珊珊,無黨籍及未經政黨推薦,783,
2022年直轄市長選舉,2022,臺北市,士林區,天山里,臺北市,9,施奉先,無黨籍及未經政黨推薦,0,
2022年直轄市長選舉,2022,臺北市,士林區,天山里,臺北市,10,唐新民,共和黨,0,
2022年直轄市長選舉,2022,臺北市,士林區,天山里,臺北市,11,謝立康,無黨籍及未經政黨推薦,2,
2022年直轄市長選舉,2022,臺北市,士林區,天山里,臺北市,12,陳時中,民主進步黨,1183,
2022年直轄市長選舉,2022,臺北市,士林區,天玉里,臺北市,1,張家豪,台灣動物保護黨,4,
2022年直轄市長選舉,2022,臺北市,士林區,天玉里,臺北市,2,王文娟,無黨籍及未經政黨推薦,1,
2022年直轄市長選舉,2022,臺北市,士林區,天玉里,臺北市,3,鄭匡宇,無黨籍及未經政黨推薦,1,
2022年直轄市長選舉,2022,臺北市,士林區,天玉里,臺北市,4,黃聖峰,台澎黨,0,
2022年直轄市長選舉,2022,臺北市,士林區,天玉里,臺北市,5,童文薰,無黨籍及未經政黨推薦,4,
2022年直轄市長選舉,2022,臺北市,士林區,天玉里,臺北市,6,蔣萬安,中國國民黨,1873,*
2022年直轄市長選舉,2022,臺北市,士林區,天玉里,臺北市,7,蘇煥智,台灣維新,8,
2022年直轄市長選舉,2022,臺北市,士林區,天玉里,臺北市,8,黃珊珊,無黨籍及未經政黨推薦,1070,
2022年直轄市長選舉,2022,臺北市,士林區,天玉里,臺北市,9,施奉先,無黨籍及未經政黨推薦,1,
2022年直轄市長選舉,2022,臺北市,士林區,天玉里,臺北市,10,唐新民,共和黨,0,
2022年直轄市長選舉,2022,臺北市,士林區,天玉里,臺北市,11,謝立康,無黨籍及未經政黨推薦,0,
2022年直轄市長選舉,2022,臺北市,士林區,天玉里,臺北市,12,陳時中,民主進步黨,1565,
2022年直轄市長選舉,2022,臺北市,士林區,天母里,臺北市,1,張家豪,台灣動物保護黨,4,
2022年直轄市長選舉,2022,臺北市,士林區,天母里,臺北市,2,王文娟,無黨籍及未經政黨推薦,1,
2022年直轄市長選舉,2022,臺北市,士林區,天母里,臺北市,3,鄭匡宇,無黨籍及未經政黨推薦,1,
2022年直轄市長選舉,2022,臺北市,士林區,天母里,臺北市,4,黃聖峰,台澎黨,1,
2022年直轄市長選舉,2022,臺北市,士林區,天母里,臺北市,5,童文薰,無黨籍及未經政黨推薦,2,
2022年直轄市長選舉,2022,臺北市,士林區,天母里,臺北市,6,蔣萬安,中國國民黨,1493,*
2022年直轄市長選舉,2022,臺北市,士林區,天母里,臺北市,7,蘇煥智,台灣維新,5,
2022年直轄市長選舉,2022,臺北市,士林區,天母里,臺北市,8,黃珊珊,無黨籍及未經政黨推薦,796,
2022年直轄市長選舉,2022,臺北市,士林區,天母里,臺北市,9,施奉先,無黨籍及未經政黨推薦,0,
2022年直轄市長選舉,2022,臺北市,士林區,天母里,臺北市,10,唐新民,共和黨,1,
2022年直轄市長選舉,2022,臺北市,士林區,天母里,臺北市,11,謝立康,無黨籍及未經政黨推薦,0,
2022年直轄市長選舉,2022,臺北市,士林區,天母里,臺北市,12,陳時中,民主進步黨,1174,
2022年直轄市長選舉,2022,臺北市,士林區,永福里,臺北市,1,張家豪,台灣動物保護黨,0,
2022年直轄市長選舉,2022,臺北市,士林區,永福里,臺北市,2,王文娟,無黨籍及未經政黨推薦,0,
2022年直轄市長選舉,2022,臺北市,士林區,永福里,臺北市,3,鄭匡宇,無黨籍及未經政黨推薦,0,
2022年直轄市長選舉,2022,臺北市,士林區,永福里,臺北市,4,黃聖峰,台澎黨,0,
2022年直轄市長選舉,2022,臺北市,士林區,永福里,臺北市,5,童文薰,無黨籍及未經政黨推薦,4,
2022年直轄市長選舉,2022,臺北市,士林區,永福里,臺北市,6,蔣萬安,中國國民黨,223,*
2022年直轄市長選舉,2022,臺北市,士林區,永福里,臺北市,7,蘇煥智,台灣維新,3,
2022年直轄市長選舉,2022,臺北市,士林區,永福里,臺北市,8,黃珊珊,無黨籍及未經政黨推薦,131,
2022年直轄市長選舉,2022,臺北市,士林區,永福里,臺北市,9,施奉先,無黨籍及未經政黨推薦,0,
2022年直轄市長選舉,2022,臺北市,士林區,永福里,臺北市,10,唐新民,共和黨,0,
2022年直轄市長選舉,2022,臺北市,士林區,永福里,臺北市,11,謝立康,無黨籍及未經政黨推薦,0,
2022年直轄市長選舉,2022,臺北市,士林區,永福里,臺北市,12,陳時中,民主進步黨,341,
2022年直轄市長選舉,2022,臺北市,士林區,公館里,臺北市,1,張家豪,台灣動物保護黨,0,
2022年直轄市長選舉,2022,臺北市,士林區,公館里,臺北市,2,王文娟,無黨籍及未經政黨推薦,0,
2022年直轄市長選舉,2022,臺北市,士林區,公館里,臺北市,3,鄭匡宇,無黨籍及未經政黨推薦,0,
2022年直轄市長選舉,2022,臺北市,士林區,公館里,臺北市,4,黃聖峰,台澎黨,0,
2022年直轄市長選舉,2022,臺北市,士林區,公館里,臺北市,5,童文薰,無黨籍及未經政黨推薦,0,
2022年直轄市長選舉,2022,臺北市,士林區,公館里,臺北市,6,蔣萬安,中國國民黨,242,*
2022年直轄市長選舉,2022,臺北市,士林區,公館里,臺北市,7,蘇煥智,台灣維新,3,
2022年直轄市長選舉,2022,臺北市,士林區,公館里,臺北市,8,黃珊珊,無黨籍及未經政黨推薦,197,
2022年直轄市長選舉,2022,臺北市,士林區,公館里,臺北市,9,施奉先,無黨籍及未經政黨推薦,1,
2022年直轄市長選舉,2022,臺北市,士林區,公館里,臺北市,10,唐新民,共和黨,2,
2022年直轄市長選舉,2022,臺北市,士林區,公館里,臺北市,11,謝立康,無黨籍及未經政黨推薦,1,
2022年直轄市長選舉,2022,臺北市,士林區,公館里,臺北市,12,陳時中,民主進步黨,387,
2022年直轄市長選舉,2022,臺北市,士林區,新安里,臺北市,1,張家豪,台灣動物保護黨,1,
2022年直轄市長選舉,2022,臺北市,士林區,新安里,臺北市,2,王文娟,無黨籍及未經政黨推薦,0,
2022年直轄市長選舉,2022,臺北市,士林區,新安里,臺北市,3,鄭匡宇,無黨籍及未經政黨推薦,1,
2022年直轄市長選舉,2022,臺北市,士林區,新安里,臺北市,4,黃聖峰,台澎黨,1,
2022年直轄市長選舉,2022,臺北市,士林區,新安里,臺北市,5,童文薰,無黨籍及未經政黨推薦,4,
2022年直轄市長選舉,2022,臺北市,士林區,新安里,臺北市,6,蔣萬安,中國國民黨,394,*
2022年直轄市長選舉,2022,臺北市,士林區,新安里,臺北市,7,蘇煥智,台灣維新,8,
2022年直轄市長選舉,2022,臺北市,士林區,新安里,臺北市,8,黃珊珊,無黨籍及未經政黨推薦,220,
2022年直轄市長選舉,2022,臺北市,士林區,新安里,臺北市,9,施奉先,無黨籍及未經政黨推薦,1,
2022年直轄市長選舉,2022,臺北市,士林區,新安里,臺北市,10,唐新民,共和黨,0,
2022年直轄市長選舉,2022,臺北市,士林區,新安里,臺北市,11,謝立康,無黨籍及未經政黨推薦,1,
2022年直轄市長選舉,2022,臺北市,士林區,新安里,臺北市,12,陳時中,民主進步黨,477,
2022年直轄市長選舉,2022,臺北市,士林區,陽明里,臺北市,1,張家豪,台灣動物保護黨,4,
2022年直轄市長選舉,2022,臺北市,士林區,陽明里,臺北市,2,王文娟,無黨籍及未經政黨推薦,3,
2022年直轄市長選舉,2022,臺北市,士林區,陽明里,臺北市,3,鄭匡宇,無黨籍及未經政黨推薦,0,
2022年直轄市長選舉,2022,臺北市,士林區,陽明里,臺北市,4,黃聖峰,台澎黨,1,
2022年直轄市長選舉,2022,臺北市,士林區,陽明里,臺北市,5,童文薰,無黨籍及未經政黨推薦,6,
2022年直轄市長選舉,2022,臺北市,士林區,陽明里,臺北市,6,蔣萬安,中國國民黨,641,*
2022年直轄市長選舉,2022,臺北市,士林區,陽明里,臺北市,7,蘇煥智,台灣維新,4,
2022年直轄市長選舉,2022,臺北市,士林區,陽明里,臺北市,8,黃珊珊,無黨籍及未經政黨推薦,299,
2022年直轄市長選舉,2022,臺北市,士林區,陽明里,臺北市,9,施奉先,無黨籍及未經政黨推薦,1,
2022年直轄市長選舉,2022,臺北市,士林區,陽明里,臺北市,10,唐新民,共和黨,0,
2022年直轄市長選舉,2022,臺北市,士林區,陽明里,臺北市,11,謝立康,無黨籍及未經政黨推薦,0,
2022年直轄市長選舉,2022,臺北市,士林區,陽明里,臺北市,12,陳時中,民主進步黨,596,
2022年直轄市長選舉,2022,臺北市,士林區,菁山里,臺北市,1,張家豪,台灣動物保護黨,1,
2022年直轄市長選舉,2022,臺北市,士林區,菁山里,臺北市,2,王文娟,無黨籍及未經政黨推薦,0,
2022年直轄市長選舉,2022,臺北市,士林區,菁山里,臺北市,3,鄭匡宇,無黨籍及未經政黨推薦,1,
2022年直轄市長選舉,2022,臺北市,士林區,菁山里,臺北市,4,黃聖峰,台澎黨,1,
2022年直轄市長選舉,2022,臺北市,士林區,菁山里,臺北市,5,童文薰,無黨籍及未經政黨推薦,2,
2022年直轄市長選舉,2022,臺北市,士林區,菁山里,臺北市,6,蔣萬安,中國國民黨,348,*
2022年直轄市長選舉,2022,臺北市,士林區,菁山里,臺北市,7,蘇煥智,台灣維新,2,
2022年直轄市長選舉,2022,臺北市,士林區,菁山里,臺北市,8,黃珊珊,無黨籍及未經政黨推薦,253,
2022年直轄市長選舉,2022,臺北市,士林區,菁山里,臺北市,9,施奉先,無黨籍及未經政黨推薦,1,
2022年直轄市長選舉,2022,臺北市,士林區,菁山里,臺北市,10,唐新民,共和黨,1,
2022年直轄市長選舉,2022,臺北市,士林區,菁山里,臺北市,11,謝立康,無黨籍及未經政黨推薦,1,
2022年直轄市長選舉,2022,臺北市,士林區,菁山里,臺北市,12,陳時中,民主進步黨,361,
2022年直轄市長選舉,2022,臺北市,士林區,平等里,臺北市,1,張家豪,台灣動物保護黨,2,
2022年直轄市長選舉,2022,臺北市,士林區,平等里,臺北市,2,王文娟,無黨籍及未經政黨推薦,1,
2022年直轄市長選舉,2022,臺北市,士林區,平等里,臺北市,3,鄭匡宇,無黨籍及未經政黨推薦,0,
2022年直轄市長選舉,2022,臺北市,士林區,平等里,臺北市,4,黃聖峰,台澎黨,0,
2022年直轄市長選舉,2022,臺北市,士林區,平等里,臺北市,5,童文薰,無黨籍及未經政黨推薦,0,
2022年直轄市長選舉,2022,臺北市,士林區,平等里,臺北市,6,蔣萬安,中國國民黨,262,*
2022年直轄市長選舉,2022,臺北市,士林區,平等里,臺北市,7,蘇煥智,台灣維新,1,
2022年直轄市長選舉,2022,臺北市,士林區,平等里,臺北市,8,黃珊珊,無黨籍及未經政黨推薦,199,
2022年直轄市長選舉,2022,臺北市,士林區,平等里,臺北市,9,施奉先,無黨籍及未經政黨推薦,1,
2022年直轄市長選舉,2022,臺北市,士林區,平等里,臺北市,10,唐新民,共和黨,0,
2022年直轄市長選舉,2022,臺北市,士林區,平等里,臺北市,11,謝立康,無黨籍及未經政黨推薦,1,
2022年直轄市長選舉,2022,臺北市,士林區,平等里,臺北市,12,陳時中,民主進步黨,460,
2022年直轄市長選舉,2022,臺北市,士林區,溪山里,臺北市,1,張家豪,台灣動物保護黨,3,
2022年直轄市長選舉,2022,臺北市,士林區,溪山里,臺北市,2,王文娟,無黨籍及未經政黨推薦,1,
2022年直轄市長選舉,2022,臺北市,士林區,溪山里,臺北市,3,鄭匡宇,無黨籍及未經政黨推薦,0,
2022年直轄市長選舉,2022,臺北市,士林區,溪山里,臺北市,4,黃聖峰,台澎黨,1,
2022年直轄市長選舉,2022,臺北市,士林區,溪山里,臺北市,5,童文薰,無黨籍及未經政黨推薦,4,
2022年直轄市長選舉,2022,臺北市,士林區,溪山里,臺北市,6,蔣萬安,中國國民黨,306,*
2022年直轄市長選舉,2022,臺北市,士林區,溪山里,臺北市,7,蘇煥智,台灣維新,0,
2022年直轄市長選舉,2022,臺北市,士林區,溪山里,臺北市,8,黃珊珊,無黨籍及未經政黨推薦,182,
2022年直轄市長選舉,2022,臺北市,士林區,溪山里,臺北市,9,施奉先,無黨籍及未經政黨推薦,1,
2022年直轄市長選舉,2022,臺北市,士林區,溪山里,臺北市,10,唐新民,共和黨,2,
2022年直轄市長選舉,2022,臺北市,士林區,溪山里,臺北市,11,謝立康,無黨籍及未經政黨推薦,0,
2022年直轄市長選舉,2022,臺北市,士林區,溪山里,臺北市,12,陳時中,民主進步黨,374,
2022年直轄市長選舉,2022,臺北市,士林區,翠山里,臺北市,1,張家豪,台灣動物保護黨,2,
2022年直轄市長選舉,2022,臺北市,士林區,翠山里,臺北市,2,王文娟,無黨籍及未經政黨推薦,1,
2022年直轄市長選舉,2022,臺北市,士林區,翠山里,臺北市,3,鄭匡宇,無黨籍及未經政黨推薦,2,
2022年直轄市長選舉,2022,臺北市,士林區,翠山里,臺北市,4,黃聖峰,台澎黨,0,
2022年直轄市長選舉,2022,臺北市,士林區,翠山里,臺北市,5,童文薰,無黨籍及未經政黨推薦,3,
2022年直轄市長選舉,2022,臺北市,士林區,翠山里,臺北市,6,蔣萬安,中國國民黨,858,*
2022年直轄市長選舉,2022,臺北市,士林區,翠山里,臺北市,7,蘇煥智,台灣維新,4,
2022年直轄市長選舉,2022,臺北市,士林區,翠山里,臺北市,8,黃珊珊,無黨籍及未經政黨推薦,340,
2022年直轄市長選舉,2022,臺北市,士林區,翠山里,臺北市,9,施奉先,無黨籍及未經政黨推薦,0,
2022年直轄市長選舉,2022,臺北市,士林區,翠山里,臺北市,10,唐新民,共和黨,0,
2022年直轄市長選舉,2022,臺北市,士林區,翠山里,臺北市,11,謝立康,無黨籍及未經政黨推薦,0,
2022年直轄市長選舉,2022,臺北市,士林區,翠山里,臺北市,12,陳時中,民主進步黨,351,
2022年直轄市長選舉,2022,臺北市,士林區,臨溪里,臺北市,1,張家豪,台灣動物保護黨,1,
2022年直轄市長選舉,2022,臺北市,士林區,臨溪里,臺北市,2,王文娟,無黨籍及未經政黨推薦,2,
2022年直轄市長選舉,2022,臺北市,士林區,臨溪里,臺北市,3,鄭匡宇,無黨籍及未經政黨推薦,1,
2022年直轄市長選舉,2022,臺北市,士林區,臨溪里,臺北市,4,黃聖峰,台澎黨,0,
2022年直轄市長選舉,2022,臺北市,士林區,臨溪里,臺北市,5,童文薰,無黨籍及未經政黨推薦,1,
2022年直轄市長選舉,2022,臺北市,士林區,臨溪里,臺北市,6,蔣萬安,中國國民黨,650,*
2022年直轄市長選舉,2022,臺北市,士林區,臨溪里,臺北市,7,蘇煥智,台灣維新,1,
2022年直轄市長選舉,2022,臺北市,士林區,臨溪里,臺北市,8,黃珊珊,無黨籍及未經政黨推薦,304,
2022年直轄市長選舉,2022,臺北市,士林區,臨溪里,臺北市,9,施奉先,無黨籍及未經政黨推薦,0,
2022年直轄市長選舉,2022,臺北市,士林區,臨溪里,臺北市,10,唐新民,共和黨,1,
2022年直轄市長選舉,2022,臺北市,士林區,臨溪里,臺北市,11,謝立康,無黨籍及未經政黨推薦,0,
2022年直轄市長選舉,2022,臺北市,士林區,臨溪里,臺北市,12,陳時中,民主進步黨,525,
2022年直轄市長選舉,2022,臺北市,北投區,建民里,臺北市,1,張家豪,台灣動物保護黨,6,
2022年直轄市長選舉,2022,臺北市,北投區,建民里,臺北市,2,王文娟,無黨籍及未經政黨推薦,1,
2022年直轄市長選舉,2022,臺北市,北投區,建民里,臺北市,3,鄭匡宇,無黨籍及未經政黨推薦,1,
2022年直轄市長選舉,2022,臺北市,北投區,建民里,臺北市,4,黃聖峰,台澎黨,0,
2022年直轄市長選舉,2022,臺北市,北投區,建民里,臺北市,5,童文薰,無黨籍及未經政黨推薦,7,
2022年直轄市長選舉,2022,臺北市,北投區,建民里,臺北市,6,蔣萬安,中國國民黨,910,*
2022年直轄市長選舉,2022,臺北市,北投區,建民里,臺北市,7,蘇煥智,台灣維新,1,
2022年直轄市長選舉,2022,臺北市,北投區,建民里,臺北市,8,黃珊珊,無黨籍及未經政黨推薦,608,
2022年直轄市長選舉,2022,臺北市,北投區,建民里,臺北市,9,施奉先,無黨籍及未經政黨推薦,0,
2022年直轄市長選舉,2022,臺北市,北投區,建民里,臺北市,10,唐新民,共和黨,0,
2022年直轄市長選舉,2022,臺北市,北投區,建民里,臺北市,11,謝立康,無黨籍及未經政黨推薦,1,
2022年直轄市長選舉,2022,臺北市,北投區,建民里,臺北市,12,陳時中,民主進步黨,1023,
2022年直轄市長選舉,2022,臺北市,北投區,文林里,臺北市,1,張家豪,台灣動物保護黨,5,
2022年直轄市長選舉,2022,臺北市,北投區,文林里,臺北市,2,王文娟,無黨籍及未經政黨推薦,1,
2022年直轄市長選舉,2022,臺北市,北投區,文林里,臺北市,3,鄭匡宇,無黨籍及未經政黨推薦,1,
2022年直轄市長選舉,2022,臺北市,北投區,文林里,臺北市,4,黃聖峰,台澎黨,0,
2022年直轄市長選舉,2022,臺北市,北投區,文林里,臺北市,5,童文薰,無黨籍及未經政黨推薦,2,
2022年直轄市長選舉,2022,臺北市,北投區,文林里,臺北市,6,蔣萬安,中國國民黨,834,*
2022年直轄市長選舉,2022,臺北市,北投區,文林里,臺北市,7,蘇煥智,台灣維新,3,
2022年直轄市長選舉,2022,臺北市,北投區,文林里,臺北市,8,黃珊珊,無黨籍及未經政黨推薦,591,
2022年直轄市長選舉,2022,臺北市,北投區,文林里,臺北市,9,施奉先,無黨籍及未經政黨推薦,1,
2022年直轄市長選舉,2022,臺北市,北投區,文林里,臺北市,10,唐新民,共和黨,1,
2022年直轄市長選舉,2022,臺北市,北投區,文林里,臺北市,11,謝立康,無黨籍及未經政黨推薦,0,
2022年直轄市長選舉,2022,臺北市,北投區,文林里,臺北市,12,陳時中,民主進步黨,967,
2022年直轄市長選舉,2022,臺北市,北投區,石牌里,臺北市,1,張家豪,台灣動物保護黨,3,
2022年直轄市長選舉,2022,臺北市,北投區,石牌里,臺北市,2,王文娟,無黨籍及未經政黨推薦,0,
2022年直轄市長選舉,2022,臺北市,北投區,石牌里,臺北市,3,鄭匡宇,無黨籍及未經政黨推薦,1,
2022年直轄市長選舉,2022,臺北市,北投區,石牌里,臺北市,4,黃聖峰,台澎黨,0,
2022年直轄市長選舉,2022,臺北市,北投區,石牌里,臺北市,5,童文薰,無黨籍及未經政黨推薦,5,
2022年直轄市長選舉,2022,臺北市,北投區,石牌里,臺北市,6,蔣萬安,中國國民黨,1065,*
2022年直轄市長選舉,2022,臺北市,北投區,石牌里,臺北市,7,蘇煥智,台灣維新,3,
2022年直轄市長選舉,2022,臺北市,北投區,石牌里,臺北市,8,黃珊珊,無黨籍及未經政黨推薦,691,
2022年直轄市長選舉,2022,臺北市,北投區,石牌里,臺北市,9,施奉先,無黨籍及未經政黨推薦,1,
2022年直轄市長選舉,2022,臺北市,北投區,石牌里,臺北市,10,唐新民,共和黨,0,
2022年直轄市長選舉,2022,臺北市,北投區,石牌里,臺北市,11,謝立康,無黨籍及未經政黨推薦,0,
2022年直轄市長選舉,2022,臺北市,北投區,石牌里,臺北市,12,陳時中,民主進步黨,1092,
2022年直轄市長選舉,2022,臺北市,北投區,福興里,臺北市,1,張家豪,台灣動物保護黨,6,
2022年直轄市長選舉,2022,臺北市,北投區,福興里,臺北市,2,王文娟,無黨籍及未經政黨推薦,0,
2022年直轄市長選舉,2022,臺北市,北投區,福興里,臺北市,3,鄭匡宇,無黨籍及未經政黨推薦,1,
2022年直轄市長選舉,2022,臺北市,北投區,福興里,臺北市,4,黃聖峰,台澎黨,0,
2022年直轄市長選舉,2022,臺北市,北投區,福興里,臺北市,5,童文薰,無黨籍及未經政黨推薦,5,
2022年直轄市長選舉,2022,臺北市,北投區,福興里,臺北市,6,蔣萬安,中國國民黨,1502,*
2022年直轄市長選舉,2022,臺北市,北投區,福興里,臺北市,7,蘇煥智,台灣維新,3,
2022年直轄市長選舉,2022,臺北市,北投區,福興里,臺北市,8,黃珊珊,無黨籍及未經政黨推薦,1103,
2022年直轄市長選舉,2022,臺北市,北投區,福興里,臺北市,9,施奉先,無黨籍及未經政黨推薦,1,
2022年直轄市長選舉,2022,臺北市,北投區,福興里,臺北市,10,唐新民,共和黨,1,
2022年直轄市長選舉,2022,臺北市,北投區,福興里,臺北市,11,謝立康,無黨籍及未經政黨推薦,0,
2022年直轄市長選舉,2022,臺北市,北投區,福興里,臺北市,12,陳時中,民主進步黨,1329,
2022年直轄市長選舉,2022,臺北市,北投區,榮光里,臺北市,1,張家豪,台灣動物保護黨,5,
2022年直轄市長選舉,2022,臺北市,北投區,榮光里,臺北市,2,王文娟,無黨籍及未經政黨推薦,0,
2022年直轄市長選舉,2022,臺北市,北投區,榮光里,臺北市,3,鄭匡宇,無黨籍及未經政黨推薦,1,
2022年直轄市長選舉,2022,臺北市,北投區,榮光里,臺北市,4,黃聖峰,台澎黨,1,
2022年直轄市長選舉,2022,臺北市,北投區,榮光里,臺北市,5,童文薰,無黨籍及未經政黨推薦,5,
2022年直轄市長選舉,2022,臺北市,北投區,榮光里,臺北市,6,蔣萬安,中國國民黨,1520,*
2022年直轄市長選舉,2022,臺北市,北投區,榮光里,臺北市,7,蘇煥智,台灣維新,5,
2022年直轄市長選舉,2022,臺北市,北投區,榮光里,臺北市,8,黃珊珊,無黨籍及未經政黨推薦,985,
2022年直轄市長選舉,2022,臺北市,北投區,榮光里,臺北市,9,施奉先,無黨籍及未經政黨推薦,0,
2022年直轄市長選舉,2022,臺北市,北投區,榮光里,臺北市,10,唐新民,共和黨,0,
2022年直轄市長選舉,2022,臺北市,北投區,榮光里,臺北市,11,謝立康,無黨籍及未經政黨推薦,0,
2022年直轄市長選舉,2022,臺北市,北投區,榮光里,臺北市,12,陳時中,民主進步黨,1205,
2022年直轄市長選舉,2022,臺北市,北投區,榮華里,臺北市,1,張家豪,台灣動物保護黨,7,
2022年直轄市長選舉,2022,臺北市,北投區,榮華里,臺北市,2,王文娟,無黨籍及未經政黨推薦,2,
2022年直轄市長選舉,2022,臺北市,北投區,榮華里,臺北市,3,鄭匡宇,無黨籍及未經政黨推薦,1,
2022年直轄市長選舉,2022,臺北市,北投區,榮華里,臺北市,4,黃聖峰,台澎黨,3,
2022年直轄市長選舉,2022,臺北市,北投區,榮華里,臺北市,5,童文薰,無黨籍及未經政黨推薦,9,
2022年直轄市長選舉,2022,臺北市,北投區,榮華里,臺北市,6,蔣萬安,中國國民黨,1684,*
2022年直轄市長選舉,2022,臺北市,北投區,榮華里,臺北市,7,蘇煥智,台灣維新,10,
2022年直轄市長選舉,2022,臺北市,北投區,榮華里,臺北市,8,黃珊珊,無黨籍及未經政黨推薦,993,
2022年直轄市長選舉,2022,臺北市,北投區,榮華里,臺北市,9,施奉先,無黨籍及未經政黨推薦,0,
2022年直轄市長選舉,2022,臺北市,北投區,榮華里,臺北市,10,唐新民,共和黨,3,
2022年直轄市長選舉,2022,臺北市,北投區,榮華里,臺北市,11,謝立康,無黨籍及未經政黨推薦,1,
2022年直轄市長選舉,2022,臺北市,北投區,榮華里,臺北市,12,陳時中,民主進步黨,1365,
2022年直轄市長選舉,2022,臺北市,北投區,裕民里,臺北市,1,張家豪,台灣動物保護黨,4,
2022年直轄市長選舉,2022,臺北市,北投區,裕民里,臺北市,2,王文娟,無黨籍及未經政黨推薦,0,
2022年直轄市長選舉,2022,臺北市,北投區,裕民里,臺北市,3,鄭匡宇,無黨籍及未經政黨推薦,0,
2022年直轄市長選舉,2022,臺北市,北投區,裕民里,臺北市,4,黃聖峰,台澎黨,0,
2022年直轄市長選舉,2022,臺北市,北投區,裕民里,臺北市,5,童文薰,無黨籍及未經政黨推薦,4,
2022年直轄市長選舉,2022,臺北市,北投區,裕民里,臺北市,6,蔣萬安,中國國民黨,1711,*
2022年直轄市長選舉,2022,臺北市,北投區,裕民里,臺北市,7,蘇煥智,台灣維新,4,
2022年直轄市長選舉,2022,臺北市,北投區,裕民里,臺北市,8,黃珊珊,無黨籍及未經政黨推薦,1043,
2022年直轄市長選舉,2022,臺北市,北投區,裕民里,臺北市,9,施奉先,無黨籍及未經政黨推薦,2,
2022年直轄市長選舉,2022,臺北市,北投區,裕民里,臺北市,10,唐新民,共和黨,0,
2022年直轄市長選舉,2022,臺北市,北投區,裕民里,臺北市,11,謝立康,無黨籍及未經政黨推薦,0,
2022年直轄市長選舉,2022,臺北市,北投區,裕民里,臺北市,12,陳時中,民主進步黨,1455,
2022年直轄市長選舉,2022,臺北市,北投區,振華里,臺北市,1,張家豪,台灣動物保護黨,7,
2022年直轄市長選舉,2022,臺北市,北投區,振華里,臺北市,2,王文娟,無黨籍及未經政黨推薦,0,
2022年直轄市長選舉,2022,臺北市,北投區,振華里,臺北市,3,鄭匡宇,無黨籍及未經政黨推薦,1,
2022年直轄市長選舉,2022,臺北市,北投區,振華里,臺北市,4,黃聖峰,台澎黨,1,
2022年直轄市長選舉,2022,臺北市,北投區,振華里,臺北市,5,童文薰,無黨籍及未經政黨推薦,10,
2022年直轄市長選舉,2022,臺北市,北投區,振華里,臺北市,6,蔣萬安,中國國民黨,1705,*
2022年直轄市長選舉,2022,臺北市,北投區,振華里,臺北市,7,蘇煥智,台灣維新,1,
2022年直轄市長選舉,2022,臺北市,北投區,振華里,臺北市,8,黃珊珊,無黨籍及未經政黨推薦,910,
2022年直轄市長選舉,2022,臺北市,北投區,振華里,臺北市,9,施奉先,無黨籍及未經政黨推薦,1,
2022年直轄市長選舉,2022,臺北市,北投區,振華里,臺北市,10,唐新民,共和黨,1,
2022年直轄市長選舉,2022,臺北市,北投區,振華里,臺北市,11,謝立康,無黨籍及未經政黨推薦,1,
2022年直轄市長選舉,2022,臺北市,北投區,振華里,臺北市,12,陳時中,民主進步黨,1319,
2022年直轄市長選舉,2022,臺北市,北投區,永和里,臺北市,1,張家豪,台灣動物保護黨,12,
2022年直轄市長選舉,2022,臺北市,北投區,永和里,臺北市,2,王文娟,無黨籍及未經政黨推薦,1,
2022年直轄市長選舉,2022,臺北市,北投區,永和里,臺北市,3,鄭匡宇,無黨籍及未經政黨推薦,1,
2022年直轄市長選舉,2022,臺北市,北投區,永和里,臺北市,4,黃聖峰,台澎黨,1,
2022年直轄市長選舉,2022,臺北市,北投區,永和里,臺北市,5,童文薰,無黨籍及未經政黨推薦,10,
2022年直轄市長選舉,2022,臺北市,北投區,永和里,臺北市,6,蔣萬安,中國國民黨,1939,*
2022年直轄市長選舉,2022,臺北市,北投區,永和里,臺北市,7,蘇煥智,台灣維新,4,
2022年直轄市長選舉,2022,臺北市,北投區,永和里,臺北市,8,黃珊珊,無黨籍及未經政黨推薦,1161,
2022年直轄市長選舉,2022,臺北市,北投區,永和里,臺北市,9,施奉先,無黨籍及未經政黨推薦,2,
2022年直轄市長選舉,2022,臺北市,北投區,永和里,臺北市,10,唐新民,共和黨,0,
2022年直轄市長選舉,2022,臺北市,北投區,永和里,臺北市,11,謝立康,無黨籍及未經政黨推薦,0,
2022年直轄市長選舉,2022,臺北市,北投區,永和里,臺北市,12,陳時中,民主進步黨,1877,
2022年直轄市長選舉,2022,臺北市,北投區,永欣里,臺北市,1,張家豪,台灣動物保護黨,7,
2022年直轄市長選舉,2022,臺北市,北投區,永欣里,臺北市,2,王文娟,無黨籍及未經政黨推薦,6,
2022年直轄市長選舉,2022,臺北市,北投區,永欣里,臺北市,3,鄭匡宇,無黨籍及未經政黨推薦,0,
2022年直轄市長選舉,2022,臺北市,北投區,永欣里,臺北市,4,黃聖峰,台澎黨,0,
2022年直轄市長選舉,2022,臺北市,北投區,永欣里,臺北市,5,童文薰,無黨籍及未經政黨推薦,6,
2022年直轄市長選舉,2022,臺北市,北投區,永欣里,臺北市,6,蔣萬安,中國國民黨,1778,*
2022年直轄市長選舉,2022,臺北市,北投區,永欣里,臺北市,7,蘇煥智,台灣維新,8,
2022年直轄市長選舉,2022,臺北市,北投區,永欣里,臺北市,8,黃珊珊,無黨籍及未經政黨推薦,1090,
2022年直轄市長選舉,2022,臺北市,北投區,永欣里,臺北市,9,施奉先,無黨籍及未經政黨推薦,0,
2022年直轄市長選舉,2022,臺北市,北投區,永欣里,臺北市,10,唐新民,共和黨,0,
2022年直轄市長選舉,2022,臺北市,北投區,永欣里,臺北市,11,謝立康,無黨籍及未經政黨推薦,0,
2022年直轄市長選舉,2022,臺北市,北投區,永欣里,臺北市,12,陳時中,民主進步黨,1395,
2022年直轄市長選舉,2022,臺北市,北投區,永明里,臺北市,1,張家豪,台灣動物保護黨,1,
2022年直轄市長選舉,2022,臺北市,北投區,永明里,臺北市,2,王文娟,無黨籍及未經政黨推薦,2,
2022年直轄市長選舉,2022,臺北市,北投區,永明里,臺北市,3,鄭匡宇,無黨籍及未經政黨推薦,2,
2022年直轄市長選舉,2022,臺北市,北投區,永明里,臺北市,4,黃聖峰,台澎黨,0,
2022年直轄市長選舉,2022,臺北市,北投區,永明里,臺北市,5,童文薰,無黨籍及未經政黨推薦,2,
2022年直轄市長選舉,2022,臺北市,北投區,永明里,臺北市,6,蔣萬安,中國國民黨,1073,*
2022年直轄市長選舉,2022,臺北市,北投區,永明里,臺北市,7,蘇煥智,台灣維新,3,
2022年直轄市長選舉,2022,臺北市,北投區,永明里,臺北市,8,黃珊珊,無黨籍及未經政黨推薦,657,
2022年直轄市長選舉,2022,臺北市,北投區,永明里,臺北市,9,施奉先,無黨籍及未經政黨推薦,0,
2022年直轄市長選舉,2022,臺北市,北投區,永明里,臺北市,10,唐新民,共和黨,1,
2022年直轄市長選舉,2022,臺北市,北投區,永明里,臺北市,11,謝立康,無黨籍及未經政黨推薦,0,
2022年直轄市長選舉,2022,臺北市,北投區,永明里,臺北市,12,陳時中,民主進步黨,837,
2022年直轄市長選舉,2022,臺北市,北投區,東華里,臺北市,1,張家豪,台灣動物保護黨,3,
2022年直轄市長選舉,2022,臺北市,北投區,東華里,臺北市,2,王文娟,無黨籍及未經政黨推薦,1,
2022年直轄市長選舉,2022,臺北市,北投區,東華里,臺北市,3,鄭匡宇,無黨籍及未經政黨推薦,1,
2022年直轄市長選舉,2022,臺北市,北投區,東華里,臺北市,4,黃聖峰,台澎黨,1,
2022年直轄市長選舉,2022,臺北市,北投區,東華里,臺北市,5,童文薰,無黨籍及未經政黨推薦,3,
2022年直轄市長選舉,2022,臺北市,北投區,東華里,臺北市,6,蔣萬安,中國國民黨,1124,*
2022年直轄市長選舉,2022,臺北市,北投區,東華里,臺北市,7,蘇煥智,台灣維新,6,
2022年直轄市長選舉,2022,臺北市,北投區,東華里,臺北市,8,黃珊珊,無黨籍及未經政黨推薦,601,
2022年直轄市長選舉,2022,臺北市,北投區,東華里,臺北市,9,施奉先,無黨籍及未經政黨推薦,0,
2022年直轄市長選舉,2022,臺北市,北投區,東華里,臺北市,10,唐新民,共和黨,1,
2022年直轄市長選舉,2022,臺北市,北投區,東華里,臺北市,11,謝立康,無黨籍及未經政黨推薦,1,
2022年直轄市長選舉,2022,臺北市,北投區,東華里,臺北市,12,陳時中,民主進步黨,768,
2022年直轄市長選舉,2022,臺北市,北投區,吉利里,臺北市,1,張家豪,台灣動物保護黨,5,
2022年直轄市長選舉,2022,臺北市,北投區,吉利里,臺北市,2,王文娟,無黨籍及未經政黨推薦,0,
2022年直轄市長選舉,2022,臺北市,北投區,吉利里,臺北市,3,鄭匡宇,無黨籍及未經政黨推薦,6,
2022年直轄市長選舉,2022,臺北市,北投區,吉利里,臺北市,4,黃聖峰,台澎黨,2,
2022年直轄市長選舉,2022,臺北市,北投區,吉利里,臺北市,5,童文薰,無黨籍及未經政黨推薦,8,
2022年直轄市長選舉,2022,臺北市,北投區,吉利里,臺北市,6,蔣萬安,中國國民黨,1565,*
2022年直轄市長選舉,2022,臺北市,北投區,吉利里,臺北市,7,蘇煥智,台灣維新,7,
2022年直轄市長選舉,2022,臺北市,北投區,吉利里,臺北市,8,黃珊珊,無黨籍及未經政黨推薦,1046,
2022年直轄市長選舉,2022,臺北市,北投區,吉利里,臺北市,9,施奉先,無黨籍及未經政黨推薦,0,
2022年直轄市長選舉,2022,臺北市,北投區,吉利里,臺北市,10,唐新民,共和黨,1,
2022年直轄市長選舉,2022,臺北市,北投區,吉利里,臺北市,11,謝立康,無黨籍及未經政黨推薦,1,
2022年直轄市長選舉,2022,臺北市,北投區,吉利里,臺北市,12,陳時中,民主進步黨,1108,
2022年直轄市長選舉,2022,臺北市,北投區,吉慶里,臺北市,1,張家豪,台灣動物保護黨,2,
2022年直轄市長選舉,2022,臺北市,北投區,吉慶里,臺北市,2,王文娟,無黨籍及未經政黨推薦,0,
2022年直轄市長選舉,2022,臺北市,北投區,吉慶里,臺北市,3,鄭匡宇,無黨籍及未經政黨推薦,2,
2022年直轄市長選舉,2022,臺北市,北投區,吉慶里,臺北市,4,黃聖峰,台澎黨,0,
2022年直轄市長選舉,2022,臺北市,北投區,吉慶里,臺北市,5,童文薰,無黨籍及未經政黨推薦,6,
2022年直轄市長選舉,2022,臺北市,北投區,吉慶里,臺北市,6,蔣萬安,中國國民黨,961,*
2022年直轄市長選舉,2022,臺北市,北投區,吉慶里,臺北市,7,蘇煥智,台灣維新,2,
2022年直轄市長選舉,2022,臺北市,北投區,吉慶里,臺北市,8,黃珊珊,無黨籍及未經政黨推薦,734,
2022年直轄市長選舉,2022,臺北市,北投區,吉慶里,臺北市,9,施奉先,無黨籍及未經政黨推薦,2,
2022年直轄市長選舉,2022,臺北市,北投區,吉慶里,臺北市,10,唐新民,共和黨,1,
2022年直轄市長選舉,2022,臺北市,北投區,吉慶里,臺北市,11,謝立康,無黨籍及未經政黨推薦,0,
2022年直轄市長選舉,2022,臺北市,北投區,吉慶里,臺北市,12,陳時中,民主進步黨,1027,
2022年直轄市長選舉,2022,臺北市,北投區,尊賢里,臺北市,1,張家豪,台灣動物保護黨,3,
2022年直轄市長選舉,2022,臺北市,北投區,尊賢里,臺北市,2,王文娟,無黨籍及未經政黨推薦,0,
2022年直轄市長選舉,2022,臺北市,北投區,尊賢里,臺北市,3,鄭匡宇,無黨籍及未經政黨推薦,1,
2022年直轄市長選舉,2022,臺北市,北投區,尊賢里,臺北市,4,黃聖峰,台澎黨,0,
2022年直轄市長選舉,2022,臺北市,北投區,尊賢里,臺北市,5,童文薰,無黨籍及未經政黨推薦,1,
2022年直轄市長選舉,2022,臺北市,北投區,尊賢里,臺北市,6,蔣萬安,中國國民黨,833,*
2022年直轄市長選舉,2022,臺北市,北投區,尊賢里,臺北市,7,蘇煥智,台灣維新,5,
2022年直轄市長選舉,2022,臺北市,北投區,尊賢里,臺北市,8,黃珊珊,無黨籍及未經政黨推薦,684,
2022年直轄市長選舉,2022,臺北市,北投區,尊賢里,臺北市,9,施奉先,無黨籍及未經政黨推薦,0,
2022年直轄市長選舉,2022,臺北市,北投區,尊賢里,臺北市,10,唐新民,共和黨,1,
2022年直轄市長選舉,2022,臺北市,北投區,尊賢里,臺北市,11,謝立康,無黨籍及未經政黨推薦,0,
2022年直轄市長選舉,2022,臺北市,北投區,尊賢里,臺北市,12,陳時中,民主進步黨,1066,
2022年直轄市長選舉,2022,臺北市,北投區,立賢里,臺北市,1,張家豪,台灣動物保護黨,5,
2022年直轄市長選舉,2022,臺北市,北投區,立賢里,臺北市,2,王文娟,無黨籍及未經政黨推薦,0,
2022年直轄市長選舉,2022,臺北市,北投區,立賢里,臺北市,3,鄭匡宇,無黨籍及未經政黨推薦,0,
2022年直轄市長選舉,2022,臺北市,北投區,立賢里,臺北市,4,黃聖峰,台澎黨,0,
2022年直轄市長選舉,2022,臺北市,北投區,立賢里,臺北市,5,童文薰,無黨籍及未經政黨推薦,3,
2022年直轄市長選舉,2022,臺北市,北投區,立賢里,臺北市,6,蔣萬安,中國國民黨,1128,*
2022年直轄市長選舉,2022,臺北市,北投區,立賢里,臺北市,7,蘇煥智,台灣維新,3,
2022年直轄市長選舉,2022,臺北市,北投區,立賢里,臺北市,8,黃珊珊,無黨籍及未經政黨推薦,852,
2022年直轄市長選舉,2022,臺北市,北投區,立賢里,臺北市,9,施奉先,無黨籍及未經政黨推薦,1,
2022年直轄市長選舉,2022,臺北市,北投區,立賢里,臺北市,10,唐新民,共和黨,0,
2022年直轄市長選舉,2022,臺北市,北投區,立賢里,臺北市,11,謝立康,無黨籍及未經政黨推薦,0,
2022年直轄市長選舉,2022,臺北市,北投區,立賢里,臺北市,12,陳時中,民主進步黨,1044,
2022年直轄市長選舉,2022,臺北市,北投區,立農里,臺北市,1,張家豪,台灣動物保護黨,6,
2022年直轄市長選舉,2022,臺北市,北投區,立農里,臺北市,2,王文娟,無黨籍及未經政黨推薦,1,
2022年直轄市長選舉,2022,臺北市,北投區,立農里,臺北市,3,鄭匡宇,無黨籍及未經政黨推薦,1,
2022年直轄市長選舉,2022,臺北市,北投區,立農里,臺北市,4,黃聖峰,台澎黨,2,
2022年直轄市長選舉,2022,臺北市,北投區,立農里,臺北市,5,童文薰,無黨籍及未經政黨推薦,12,
2022年直轄市長選舉,2022,臺北市,北投區,立農里,臺北市,6,蔣萬安,中國國民黨,1816,*
2022年直轄市長選舉,2022,臺北市,北投區,立農里,臺北市,7,蘇煥智,台灣維新,7,
2022年直轄市長選舉,2022,臺北市,北投區,立農里,臺北市,8,黃珊珊,無黨籍及未經政黨推薦,1456,
2022年直轄市長選舉,2022,臺北市,北投區,立農里,臺北市,9,施奉先,無黨籍及未經政黨推薦,2,
2022年直轄市長選舉,2022,臺北市,北投區,立農里,臺北市,10,唐新民,共和黨,0,
2022年直轄市長選舉,2022,臺北市,北投區,立農里,臺北市,11,謝立康,無黨籍及未經政黨推薦,0,
2022年直轄市長選舉,2022,臺北市,北投區,立農里,臺北市,12,陳時中,民主進步黨,1737,
2022年直轄市長選舉,2022,臺北市,北投區,八仙里,臺北市,1,張家豪,台灣動物保護黨,6,
2022年直轄市長選舉,2022,臺北市,北投區,八仙里,臺北市,2,王文娟,無黨籍及未經政黨推薦,0,
2022年直轄市長選舉,2022,臺北市,北投區,八仙里,臺北市,3,鄭匡宇,無黨籍及未經政黨推薦,2,
2022年直轄市長選舉,2022,臺北市,北投區,八仙里,臺北市,4,黃聖峰,台澎黨,1,
2022年直轄市長選舉,2022,臺北市,北投區,八仙里,臺北市,5,童文薰,無黨籍及未經政黨推薦,1,
2022年直轄市長選舉,2022,臺北市,北投區,八仙里,臺北市,6,蔣萬安,中國國民黨,1075,*
2022年直轄市長選舉,2022,臺北市,北投區,八仙里,臺北市,7,蘇煥智,台灣維新,6,
2022年直轄市長選舉,2022,臺北市,北投區,八仙里,臺北市,8,黃珊珊,無黨籍及未經政黨推薦,766,
2022年直轄市長選舉,2022,臺北市,北投區,八仙里,臺北市,9,施奉先,無黨籍及未經政黨推薦,2,
2022年直轄市長選舉,2022,臺北市,北投區,八仙里,臺北市,10,唐新民,共和黨,0,
2022年直轄市長選舉,2022,臺北市,北投區,八仙里,臺北市,11,謝立康,無黨籍及未經政黨推薦,0,
2022年直轄市長選舉,2022,臺北市,北投區,八仙里,臺北市,12,陳時中,民主進步黨,1048,
2022年直轄市長選舉,2022,臺北市,北投區,洲美里,臺北市,1,張家豪,台灣動物保護黨,4,
2022年直轄市長選舉,2022,臺北市,北投區,洲美里,臺北市,2,王文娟,無黨籍及未經政黨推薦,0,
2022年直轄市長選舉,2022,臺北市,北投區,洲美里,臺北市,3,鄭匡宇,無黨籍及未經政黨推薦,0,
2022年直轄市長選舉,2022,臺北市,北投區,洲美里,臺北市,4,黃聖峰,台澎黨,0,
2022年直轄市長選舉,2022,臺北市,北投區,洲美里,臺北市,5,童文薰,無黨籍及未經政黨推薦,2,
2022年直轄市長選舉,2022,臺北市,北投區,洲美里,臺北市,6,蔣萬安,中國國民黨,376,*
2022年直轄市長選舉,2022,臺北市,北投區,洲美里,臺北市,7,蘇煥智,台灣維新,1,
2022年直轄市長選舉,2022,臺北市,北投區,洲美里,臺北市,8,黃珊珊,無黨籍及未經政黨推薦,423,
2022年直轄市長選舉,2022,臺北市,北投區,洲美里,臺北市,9,施奉先,無黨籍及未經政黨推薦,0,
2022年直轄市長選舉,2022,臺北市,北投區,洲美里,臺北市,10,唐新民,共和黨,2,
2022年直轄市長選舉,2022,臺北市,北投區,洲美里,臺北市,11,謝立康,無黨籍及未經政黨推薦,0,
2022年直轄市長選舉,2022,臺北市,北投區,洲美里,臺北市,12,陳時中,民主進步黨,642,
2022年直轄市長選舉,2022,臺北市,北投區,奇岩里,臺北市,1,張家豪,台灣動物保護黨,12,
2022年直轄市長選舉,2022,臺北市,北投區,奇岩里,臺北市,2,王文娟,無黨籍及未經政黨推薦,2,
2022年直轄市長選舉,2022,臺北市,北投區,奇岩里,臺北市,3,鄭匡宇,無黨籍及未經政黨推薦,1,
2022年直轄市長選舉,2022,臺北市,北投區,奇岩里,臺北市,4,黃聖峰,台澎黨,2,
2022年直轄市長選舉,2022,臺北市,北投區,奇岩里,臺北市,5,童文薰,無黨籍及未經政黨推薦,12,
2022年直轄市長選舉,2022,臺北市,北投區,奇岩里,臺北市,6,蔣萬安,中國國民黨,2413,*
2022年直轄市長選舉,2022,臺北市,北投區,奇岩里,臺北市,7,蘇煥智,台灣維新,5,
2022年直轄市長選舉,2022,臺北市,北投區,奇岩里,臺北市,8,黃珊珊,無黨籍及未經政黨推薦,1605,
2022年直轄市長選舉,2022,臺北市,北投區,奇岩里,臺北市,9,施奉先,無黨籍及未經政黨推薦,1,
2022年直轄市長選舉,2022,臺北市,北投區,奇岩里,臺北市,10,唐新民,共和黨,3,
2022年直轄市長選舉,2022,臺北市,北投區,奇岩里,臺北市,11,謝立康,無黨籍及未經政黨推薦,0,
2022年直轄市長選舉,2022,臺北市,北投區,奇岩里,臺北市,12,陳時中,民主進步黨,2180,
2022年直轄市長選舉,2022,臺北市,北投區,清江里,臺北市,1,張家豪,台灣動物保護黨,8,
2022年直轄市長選舉,2022,臺北市,北投區,清江里,臺北市,2,王文娟,無黨籍及未經政黨推薦,4,
2022年直轄市長選舉,2022,臺北市,北投區,清江里,臺北市,3,鄭匡宇,無黨籍及未經政黨推薦,1,
2022年直轄市長選舉,2022,臺北市,北投區,清江里,臺北市,4,黃聖峰,台澎黨,0,
2022年直轄市長選舉,2022,臺北市,北投區,清江里,臺北市,5,童文薰,無黨籍及未經政黨推薦,6,
2022年直轄市長選舉,2022,臺北市,北投區,清江里,臺北市,6,蔣萬安,中國國民黨,1843,*
2022年直轄市長選舉,2022,臺北市,北投區,清江里,臺北市,7,蘇煥智,台灣維新,4,
2022年直轄市長選舉,2022,臺北市,北投區,清江里,臺北市,8,黃珊珊,無黨籍及未經政黨推薦,1161,
2022年直轄市長選舉,2022,臺北市,北投區,清江里,臺北市,9,施奉先,無黨籍及未經政黨推薦,0,
2022年直轄市長選舉,2022,臺北市,北投區,清江里,臺北市,10,唐新民,共和黨,3,
2022年直轄市長選舉,2022,臺北市,北投區,清江里,臺北市,11,謝立康,無黨籍及未經政黨推薦,1,
2022年直轄市長選舉,2022,臺北市,北投區,清江里,臺北市,12,陳時中,民主進步黨,1791,
2022年直轄市長選舉,2022,臺北市,北投區,中央里,臺北市,1,張家豪,台灣動物保護黨,4,
2022年直轄市長選舉,2022,臺北市,北投區,中央里,臺北市,2,王文娟,無黨籍及未經政黨推薦,2,
2022年直轄市長選舉,2022,臺北市,北投區,中央里,臺北市,3,鄭匡宇,無黨籍及未經政黨推薦,1,
2022年直轄市長選舉,2022,臺北市,北投區,中央里,臺北市,4,黃聖峰,台澎黨,0,
2022年直轄市長選舉,2022,臺北市,北投區,中央里,臺北市,5,童文薰,無黨籍及未經政黨推薦,4,
2022年直轄市長選舉,2022,臺北市,北投區,中央里,臺北市,6,蔣萬安,中國國民黨,1513,*
2022年直轄市長選舉,2022,臺北市,北投區,中央里,臺北市,7,蘇煥智,台灣維新,6,
2022年直轄市長選舉,2022,臺北市,北投區,中央里,臺北市,8,黃珊珊,無黨籍及未經政黨推薦,1111,
2022年直轄市長選舉,2022,臺北市,北投區,中央里,臺北市,9,施奉先,無黨籍及未經政黨推薦,1,
2022年直轄市長選舉,2022,臺北市,北投區,中央里,臺北市,10,唐新民,共和黨,0,
2022年直轄市長選舉,2022,臺北市,北投區,中央里,臺北市,11,謝立康,無黨籍及未經政黨推薦,0,
2022年直轄市長選舉,2022,臺北市,北投區,中央里,臺北市,12,陳時中,民主進步黨,1667,
2022年直轄市長選舉,2022,臺北市,北投區,長安里,臺北市,1,張家豪,台灣動物保護黨,7,
2022年直轄市長選舉,2022,臺北市,北投區,長安里,臺北市,2,王文娟,無黨籍及未經政黨推薦,4,
2022年直轄市長選舉,2022,臺北市,北投區,長安里,臺北市,3,鄭匡宇,無黨籍及未經政黨推薦,0,
2022年直轄市長選舉,2022,臺北市,北投區,長安里,臺北市,4,黃聖峰,台澎黨,2,
2022年直轄市長選舉,2022,臺北市,北投區,長安里,臺北市,5,童文薰,無黨籍及未經政黨推薦,5,
2022年直轄市長選舉,2022,臺北市,北投區,長安里,臺北市,6,蔣萬安,中國國民黨,1223,*
2022年直轄市長選舉,2022,臺北市,北投區,長安里,臺北市,7,蘇煥智,台灣維新,2,
2022年直轄市長選舉,2022,臺北市,北投區,長安里,臺北市,8,黃珊珊,無黨籍及未經政黨推薦,835,
2022年直轄市長選舉,2022,臺北市,北投區,長安里,臺北市,9,施奉先,無黨籍及未經政黨推薦,0,
2022年直轄市長選舉,2022,臺北市,北投區,長安里,臺北市,10,唐新民,共和黨,0,
2022年直轄市長選舉,2022,臺北市,北投區,長安里,臺北市,11,謝立康,無黨籍及未經政黨推薦,1,
2022年直轄市長選舉,2022,臺北市,北投區,長安里,臺北市,12,陳時中,民主進步黨,1163,
2022年直轄市長選舉,2022,臺北市,北投區,大同里,臺北市,1,張家豪,台灣動物保護黨,11,
2022年直轄市長選舉,2022,臺北市,北投區,大同里,臺北市,2,王文娟,無黨籍及未經政黨推薦,3,
2022年直轄市長選舉,2022,臺北市,北投區,大同里,臺北市,3,鄭匡宇,無黨籍及未經政黨推薦,0,
2022年直轄市長選舉,2022,臺北市,北投區,大同里,臺北市,4,黃聖峰,台澎黨,1,
2022年直轄市長選舉,2022,臺北市,北投區,大同里,臺北市,5,童文薰,無黨籍及未經政黨推薦,6,
2022年直轄市長選舉,2022,臺北市,北投區,大同里,臺北市,6,蔣萬安,中國國民黨,1060,*
2022年直轄市長選舉,2022,臺北市,北投區,大同里,臺北市,7,蘇煥智,台灣維新,4,
2022年直轄市長選舉,2022,臺北市,北投區,大同里,臺北市,8,黃珊珊,無黨籍及未經政黨推薦,741,
2022年直轄市長選舉,2022,臺北市,北投區,大同里,臺北市,9,施奉先,無黨籍及未經政黨推薦,0,
2022年直轄市長選舉,2022,臺北市,北投區,大同里,臺北市,10,唐新民,共和黨,3,
2022年直轄市長選舉,2022,臺北市,北投區,大同里,臺北市,11,謝立康,無黨籍及未經政黨推薦,0,
2022年直轄市長選舉,2022,臺北市,北投區,大同里,臺北市,12,陳時中,民主進步黨,1199,
2022年直轄市長選舉,2022,臺北市,北投區,溫泉里,臺北市,1,張家豪,台灣動物保護黨,5,
2022年直轄市長選舉,2022,臺北市,北投區,溫泉里,臺北市,2,王文娟,無黨籍及未經政黨推薦,2,
2022年直轄市長選舉,2022,臺北市,北投區,溫泉里,臺北市,3,鄭匡宇,無黨籍及未經政黨推薦,1,
2022年直轄市長選舉,2022,臺北市,北投區,溫泉里,臺北市,4,黃聖峰,台澎黨,3,
2022年直轄市長選舉,2022,臺北市,北投區,溫泉里,臺北市,5,童文薰,無黨籍及未經政黨推薦,6,
2022年直轄市長選舉,2022,臺北市,北投區,溫泉里,臺北市,6,蔣萬安,中國國民黨,1408,*
2022年直轄市長選舉,2022,臺北市,北投區,溫泉里,臺北市,7,蘇煥智,台灣維新,2,
2022年直轄市長選舉,2022,臺北市,北投區,溫泉里,臺北市,8,黃珊珊,無黨籍及未經政黨推薦,871,
2022年直轄市長選舉,2022,臺北市,北投區,溫泉里,臺北市,9,施奉先,無黨籍及未經政黨推薦,0,
2022年直轄市長選舉,2022,臺北市,北投區,溫泉里,臺北市,10,唐新民,共和黨,1,
2022年直轄市長選舉,2022,臺北市,北投區,溫泉里,臺北市,11,謝立康,無黨籍及未經政黨推薦,1,
2022年直轄市長選舉,2022,臺北市,北投區,溫泉里,臺北市,12,陳時中,民主進步黨,1345,
2022年直轄市長選舉,2022,臺北市,北投區,林泉里,臺北市,1,張家豪,台灣動物保護黨,2,
2022年直轄市長選舉,2022,臺北市,北投區,林泉里,臺北市,2,王文娟,無黨籍及未經政黨推薦,1,
2022年直轄市長選舉,2022,臺北市,北投區,林泉里,臺北市,3,鄭匡宇,無黨籍及未經政黨推薦,0,
2022年直轄市長選舉,2022,臺北市,北投區,林泉里,臺北市,4,黃聖峰,台澎黨,1,
2022年直轄市長選舉,2022,臺北市,北投區,林泉里,臺北市,5,童文薰,無黨籍及未經政黨推薦,1,
2022年直轄市長選舉,2022,臺北市,北投區,林泉里,臺北市,6,蔣萬安,中國國民黨,668,*
2022年直轄市長選舉,2022,臺北市,北投區,林泉里,臺北市,7,蘇煥智,台灣維新,2,
2022年直轄市長選舉,2022,臺北市,北投區,林泉里,臺北市,8,黃珊珊,無黨籍及未經政黨推薦,387,
2022年直轄市長選舉,2022,臺北市,北投區,林泉里,臺北市,9,施奉先,無黨籍及未經政黨推薦,0,
2022年直轄市長選舉,2022,臺北市,北投區,林泉里,臺北市,10,唐新民,共和黨,0,
2022年直轄市長選舉,2022,臺北市,北投區,林泉里,臺北市,11,謝立康,無黨籍及未經政黨推薦,0,
2022年直轄市長選舉,2022,臺北市,北投區,林泉里,臺北市,12,陳時中,民主進步黨,458,
2022年直轄市長選舉,2022,臺北市,北投區,中心里,臺北市,1,張家豪,台灣動物保護黨,8,
2022年直轄市長選舉,2022,臺北市,北投區,中心里,臺北市,2,王文娟,無黨籍及未經政黨推薦,1,
2022年直轄市長選舉,2022,臺北市,北投區,中心里,臺北市,3,鄭匡宇,無黨籍及未經政黨推薦,1,
2022年直轄市長選舉,2022,臺北市,北投區,中心里,臺北市,4,黃聖峰,台澎黨,0,
2022年直轄市長選舉,2022,臺北市,北投區,中心里,臺北市,5,童文薰,無黨籍及未經政黨推薦,4,
2022年直轄市長選舉,2022,臺北市,北投區,中心里,臺北市,6,蔣萬安,中國國民黨,1334,*
2022年直轄市長選舉,2022,臺北市,北投區,中心里,臺北市,7,蘇煥智,台灣維新,10,
2022年直轄市長選舉,2022,臺北市,北投區,中心里,臺北市,8,黃珊珊,無黨籍及未經政黨推薦,915,
2022年直轄市長選舉,2022,臺北市,北投區,中心里,臺北市,9,施奉先,無黨籍及未經政黨推薦,0,
2022年直轄市長選舉,2022,臺北市,北投區,中心里,臺北市,10,唐新民,共和黨,1,
2022年直轄市長選舉,2022,臺北市,北投區,中心里,臺北市,11,謝立康,無黨籍及未經政黨推薦,0,
2022年直轄市長選舉,2022,臺北市,北投區,中心里,臺北市,12,陳時中,民主進步黨,1141,
2022年直轄市長選舉,2022,臺北市,北投區,中庸里,臺北市,1,張家豪,台灣動物保護黨,2,
2022年直轄市長選舉,2022,臺北市,北投區,中庸里,臺北市,2,王文娟,無黨籍及未經政黨推薦,0,
2022年直轄市長選舉,2022,臺北市,北投區,中庸里,臺北市,3,鄭匡宇,無黨籍及未經政黨推薦,3,
2022年直轄市長選舉,2022,臺北市,北投區,中庸里,臺北市,4,黃聖峰,台澎黨,1,
2022年直轄市長選舉,2022,臺北市,北投區,中庸里,臺北市,5,童文薰,無黨籍及未經政黨推薦,2,
2022年直轄市長選舉,2022,臺北市,北投區,中庸里,臺北市,6,蔣萬安,中國國民黨,793,*
2022年直轄市長選舉,2022,臺北市,北投區,中庸里,臺北市,7,蘇煥智,台灣維新,3,
2022年直轄市長選舉,2022,臺北市,北投區,中庸里,臺北市,8,黃珊珊,無黨籍及未經政黨推薦,549,
2022年直轄市長選舉,2022,臺北市,北投區,中庸里,臺北市,9,施奉先,無黨籍及未經政黨推薦,1,
2022年直轄市長選舉,2022,臺北市,北投區,中庸里,臺北市,10,唐新民,共和黨,2,
2022年直轄市長選舉,2022,臺北市,北投區,中庸里,臺北市,11,謝立康,無黨籍及未經政黨推薦,1,
2022年直轄市長選舉,2022,臺北市,北投區,中庸里,臺北市,12,陳時中,民主進步黨,784,
2022年直轄市長選舉,2022,臺北市,北投區,開明里,臺北市,1,張家豪,台灣動物保護黨,4,
2022年直轄市長選舉,2022,臺北市,北投區,開明里,臺北市,2,王文娟,無黨籍及未經政黨推薦,0,
2022年直轄市長選舉,2022,臺北市,北投區,開明里,臺北市,3,鄭匡宇,無黨籍及未經政黨推薦,3,
2022年直轄市長選舉,2022,臺北市,北投區,開明里,臺北市,4,黃聖峰,台澎黨,3,
2022年直轄市長選舉,2022,臺北市,北投區,開明里,臺北市,5,童文薰,無黨籍及未經政黨推薦,2,
2022年直轄市長選舉,2022,臺北市,北投區,開明里,臺北市,6,蔣萬安,中國國民黨,1553,*
2022年直轄市長選舉,2022,臺北市,北投區,開明里,臺北市,7,蘇煥智,台灣維新,2,
2022年直轄市長選舉,2022,臺北市,北投區,開明里,臺北市,8,黃珊珊,無黨籍及未經政黨推薦,898,
2022年直轄市長選舉,2022,臺北市,北投區,開明里,臺北市,9,施奉先,無黨籍及未經政黨推薦,0,
2022年直轄市長選舉,2022,臺北市,北投區,開明里,臺北市,10,唐新民,共和黨,1,
2022年直轄市長選舉,2022,臺北市,北投區,開明里,臺北市,11,謝立康,無黨籍及未經政黨推薦,0,
2022年直轄市長選舉,2022,臺北市,北投區,開明里,臺北市,12,陳時中,民主進步黨,1242,
2022年直轄市長選舉,2022,臺北市,北投區,中和里,臺北市,1,張家豪,台灣動物保護黨,2,
2022年直轄市長選舉,2022,臺北市,北投區,中和里,臺北市,2,王文娟,無黨籍及未經政黨推薦,1,
2022年直轄市長選舉,2022,臺北市,北投區,中和里,臺北市,3,鄭匡宇,無黨籍及未經政黨推薦,0,
2022年直轄市長選舉,2022,臺北市,北投區,中和里,臺北市,4,黃聖峰,台澎黨,1,
2022年直轄市長選舉,2022,臺北市,北投區,中和里,臺北市,5,童文薰,無黨籍及未經政黨推薦,3,
2022年直轄市長選舉,2022,臺北市,北投區,中和里,臺北市,6,蔣萬安,中國國民黨,1103,*
2022年直轄市長選舉,2022,臺北市,北投區,中和里,臺北市,7,蘇煥智,台灣維新,1,
2022年直轄市長選舉,2022,臺北市,北投區,中和里,臺北市,8,黃珊珊,無黨籍及未經政黨推薦,658,
2022年直轄市長選舉,2022,臺北市,北投區,中和里,臺北市,9,施奉先,無黨籍及未經政黨推薦,0,
2022年直轄市長選舉,2022,臺北市,北投區,中和里,臺北市,10,唐新民,共和黨,0,
2022年直轄市長選舉,2022,臺北市,北投區,中和里,臺北市,11,謝立康,無黨籍及未經政黨推薦,1,
2022年直轄市長選舉,2022,臺北市,北投區,中和里,臺北市,12,陳時中,民主進步黨,927,
2022年直轄市長選舉,2022,臺北市,北投區,智仁里,臺北市,1,張家豪,台灣動物保護黨,9,
2022年直轄市長選舉,2022,臺北市,北投區,智仁里,臺北市,2,王文娟,無黨籍及未經政黨推薦,2,
2022年直轄市長選舉,2022,臺北市,北投區,智仁里,臺北市,3,鄭匡宇,無黨籍及未經政黨推薦,2,
2022年直轄市長選舉,2022,臺北市,北投區,智仁里,臺北市,4,黃聖峰,台澎黨,1,
2022年直轄市長選舉,2022,臺北市,北投區,智仁里,臺北市,5,童文薰,無黨籍及未經政黨推薦,3,
2022年直轄市長選舉,2022,臺北市,北投區,智仁里,臺北市,6,蔣萬安,中國國民黨,1390,*
2022年直轄市長選舉,2022,臺北市,北投區,智仁里,臺北市,7,蘇煥智,台灣維新,11,
2022年直轄市長選舉,2022,臺北市,北投區,智仁里,臺北市,8,黃珊珊,無黨籍及未經政黨推薦,910,
2022年直轄市長選舉,2022,臺北市,北投區,智仁里,臺北市,9,施奉先,無黨籍及未經政黨推薦,1,
2022年直轄市長選舉,2022,臺北市,北投區,智仁里,臺北市,10,唐新民,共和黨,1,
2022年直轄市長選舉,2022,臺北市,北投區,智仁里,臺北市,11,謝立康,無黨籍及未經政黨推薦,2,
2022年直轄市長選舉,2022,臺北市,北投區,智仁里,臺北市,12,陳時中,民主進步黨,1078,
2022年直轄市長選舉,2022,臺北市,北投區,秀山里,臺北市,1,張家豪,台灣動物保護黨,2,
2022年直轄市長選舉,2022,臺北市,北投區,秀山里,臺北市,2,王文娟,無黨籍及未經政黨推薦,0,
2022年直轄市長選舉,2022,臺北市,北投區,秀山里,臺北市,3,鄭匡宇,無黨籍及未經政黨推薦,0,
2022年直轄市長選舉,2022,臺北市,北投區,秀山里,臺北市,4,黃聖峰,台澎黨,0,
2022年直轄市長選舉,2022,臺北市,北投區,秀山里,臺北市,5,童文薰,無黨籍及未經政黨推薦,5,
2022年直轄市長選舉,2022,臺北市,北投區,秀山里,臺北市,6,蔣萬安,中國國民黨,748,*
2022年直轄市長選舉,2022,臺北市,北投區,秀山里,臺北市,7,蘇煥智,台灣維新,2,
2022年直轄市長選舉,2022,臺北市,北投區,秀山里,臺北市,8,黃珊珊,無黨籍及未經政黨推薦,437,
2022年直轄市長選舉,2022,臺北市,北投區,秀山里,臺北市,9,施奉先,無黨籍及未經政黨推薦,0,
2022年直轄市長選舉,2022,臺北市,北投區,秀山里,臺北市,10,唐新民,共和黨,2,
2022年直轄市長選舉,2022,臺北市,北投區,秀山里,臺北市,11,謝立康,無黨籍及未經政黨推薦,0,
2022年直轄市長選舉,2022,臺北市,北投區,秀山里,臺北市,12,陳時中,民主進步黨,599,
2022年直轄市長選舉,2022,臺北市,北投區,文化里,臺北市,1,張家豪,台灣動物保護黨,3,
2022年直轄市長選舉,2022,臺北市,北投區,文化里,臺北市,2,王文娟,無黨籍及未經政黨推薦,2,
2022年直轄市長選舉,2022,臺北市,北投區,文化里,臺北市,3,鄭匡宇,無黨籍及未經政黨推薦,1,
2022年直轄市長選舉,2022,臺北市,北投區,文化里,臺北市,4,黃聖峰,台澎黨,0,
2022年直轄市長選舉,2022,臺北市,北投區,文化里,臺北市,5,童文薰,無黨籍及未經政黨推薦,6,
2022年直轄市長選舉,2022,臺北市,北投區,文化里,臺北市,6,蔣萬安,中國國民黨,1246,*
2022年直轄市長選舉,2022,臺北市,北投區,文化里,臺北市,7,蘇煥智,台灣維新,2,
2022年直轄市長選舉,2022,臺北市,北投區,文化里,臺北市,8,黃珊珊,無黨籍及未經政黨推薦,546,
2022年直轄市長選舉,2022,臺北市,北投區,文化里,臺北市,9,施奉先,無黨籍及未經政黨推薦,2,
2022年直轄市長選舉,2022,臺北市,北投區,文化里,臺北市,10,唐新民,共和黨,0,
2022年直轄市長選舉,2022,臺北市,北投區,文化里,臺北市,11,謝立康,無黨籍及未經政黨推薦,2,
2022年直轄市長選舉,2022,臺北市,北投區,文化里,臺北市,12,陳時中,民主進步黨,479,
2022年直轄市長選舉,2022,臺北市,北投區,豐年里,臺北市,1,張家豪,台灣動物保護黨,3,
2022年直轄市長選舉,2022,臺北市,北投區,豐年里,臺北市,2,王文娟,無黨籍及未經政黨推薦,2,
2022年直轄市長選舉,2022,臺北市,北投區,豐年里,臺北市,3,鄭匡宇,無黨籍及未經政黨推薦,2,
2022年直轄市長選舉,2022,臺北市,北投區,豐年里,臺北市,4,黃聖峰,台澎黨,0,
2022年直轄市長選舉,2022,臺北市,北投區,豐年里,臺北市,5,童文薰,無黨籍及未經政黨推薦,5,
2022年直轄市長選舉,2022,臺北市,北投區,豐年里,臺北市,6,蔣萬安,中國國民黨,946,*
2022年直轄市長選舉,2022,臺北市,北投區,豐年里,臺北市,7,蘇煥智,台灣維新,2,
2022年直轄市長選舉,2022,臺北市,北投區,豐年里,臺北市,8,黃珊珊,無黨籍及未經政黨推薦,634,
2022年直轄市長選舉,2022,臺北市,北投區,豐年里,臺北市,9,施奉先,無黨籍及未經政黨推薦,0,
2022年直轄市長選舉,2022,臺北市,北投區,豐年里,臺北市,10,唐新民,共和黨,0,
2022年直轄市長選舉,2022,臺北市,北投區,豐年里,臺北市,11,謝立康,無黨籍及未經政黨推薦,2,
2022年直轄市長選舉,2022,臺北市,北投區,豐年里,臺北市,12,陳時中,民主進步黨,780,
2022年直轄市長選舉,2022,臺北市,北投區,稻香里,臺北市,1,張家豪,台灣動物保護黨,6,
2022年直轄市長選舉,2022,臺北市,北投區,稻香里,臺北市,2,王文娟,無黨籍及未經政黨推薦,1,
2022年直轄市長選舉,2022,臺北市,北投區,稻香里,臺北市,3,鄭匡宇,無黨籍及未經政黨推薦,1,
2022年直轄市長選舉,2022,臺北市,北投區,稻香里,臺北市,4,黃聖峰,台澎黨,2,
2022年直轄市長選舉,2022,臺北市,北投區,稻香里,臺北市,5,童文薰,無黨籍及未經政黨推薦,7,
2022年直轄市長選舉,2022,臺北市,北投區,稻香里,臺北市,6,蔣萬安,中國國民黨,1321,*
2022年直轄市長選舉,2022,臺北市,北投區,稻香里,臺北市,7,蘇煥智,台灣維新,4,
2022年直轄市長選舉,2022,臺北市,北投區,稻香里,臺北市,8,黃珊珊,無黨籍及未經政黨推薦,723,
2022年直轄市長選舉,2022,臺北市,北投區,稻香里,臺北市,9,施奉先,無黨籍及未經政黨推薦,2,
2022年直轄市長選舉,2022,臺北市,北投區,稻香里,臺北市,10,唐新民,共和黨,0,
2022年直轄市長選舉,2022,臺北市,北投區,稻香里,臺北市,11,謝立康,無黨籍及未經政黨推薦,1,
2022年直轄市長選舉,2022,臺北市,北投區,稻香里,臺北市,12,陳時中,民主進步黨,938,
2022年直轄市長選舉,2022,臺北市,北投區,桃源里,臺北市,1,張家豪,台灣動物保護黨,9,
2022年直轄市長選舉,2022,臺北市,北投區,桃源里,臺北市,2,王文娟,無黨籍及未經政黨推薦,2,
2022年直轄市長選舉,2022,臺北市,北投區,桃源里,臺北市,3,鄭匡宇,無黨籍及未經政黨推薦,2,
2022年直轄市長選舉,2022,臺北市,北投區,桃源里,臺北市,4,黃聖峰,台澎黨,0,
2022年直轄市長選舉,2022,臺北市,北投區,桃源里,臺北市,5,童文薰,無黨籍及未經政黨推薦,7,
2022年直轄市長選舉,2022,臺北市,北投區,桃源里,臺北市,6,蔣萬安,中國國民黨,1248,*
2022年直轄市長選舉,2022,臺北市,北投區,桃源里,臺北市,7,蘇煥智,台灣維新,3,
2022年直轄市長選舉,2022,臺北市,北投區,桃源里,臺北市,8,黃珊珊,無黨籍及未經政黨推薦,898,
2022年直轄市長選舉,2022,臺北市,北投區,桃源里,臺北市,9,施奉先,無黨籍及未經政黨推薦,1,
2022年直轄市長選舉,2022,臺北市,北投區,桃源里,臺北市,10,唐新民,共和黨,1,
2022年直轄市長選舉,2022,臺北市,北投區,桃源里,臺北市,11,謝立康,無黨籍及未經政黨推薦,0,
2022年直轄市長選舉,2022,臺北市,北投區,桃源里,臺北市,12,陳時中,民主進步黨,1282,
2022年直轄市長選舉,2022,臺北市,北投區,一德里,臺北市,1,張家豪,台灣動物保護黨,6,
2022年直轄市長選舉,2022,臺北市,北投區,一德里,臺北市,2,王文娟,無黨籍及未經政黨推薦,2,
2022年直轄市長選舉,2022,臺北市,北投區,一德里,臺北市,3,鄭匡宇,無黨籍及未經政黨推薦,4,
2022年直轄市長選舉,2022,臺北市,北投區,一德里,臺北市,4,黃聖峰,台澎黨,1,
2022年直轄市長選舉,2022,臺北市,北投區,一德里,臺北市,5,童文薰,無黨籍及未經政黨推薦,7,
2022年直轄市長選舉,2022,臺北市,北投區,一德里,臺北市,6,蔣萬安,中國國民黨,1405,*
2022年直轄市長選舉,2022,臺北市,北投區,一德里,臺北市,7,蘇煥智,台灣維新,10,
2022年直轄市長選舉,2022,臺北市,北投區,一德里,臺北市,8,黃珊珊,無黨籍及未經政黨推薦,1053,
2022年直轄市長選舉,2022,臺北市,北投區,一德里,臺北市,9,施奉先,無黨籍及未經政黨推薦,1,
2022年直轄市長選舉,2022,臺北市,北投區,一德里,臺北市,10,唐新民,共和黨,0,
2022年直轄市長選舉,2022,臺北市,北投區,一德里,臺北市,11,謝立康,無黨籍及未經政黨推薦,0,
2022年直轄市長選舉,2022,臺北市,北投區,一德里,臺北市,12,陳時中,民主進步黨,1549,
2022年直轄市長選舉,2022,臺北市,北投區,關渡里,臺北市,1,張家豪,台灣動物保護黨,10,
2022年直轄市長選舉,2022,臺北市,北投區,關渡里,臺北市,2,王文娟,無黨籍及未經政黨推薦,6,
2022年直轄市長選舉,2022,臺北市,北投區,關渡里,臺北市,3,鄭匡宇,無黨籍及未經政黨推薦,2,
2022年直轄市長選舉,2022,臺北市,北投區,關渡里,臺北市,4,黃聖峰,台澎黨,1,
2022年直轄市長選舉,2022,臺北市,北投區,關渡里,臺北市,5,童文薰,無黨籍及未經政黨推薦,5,
2022年直轄市長選舉,2022,臺北市,北投區,關渡里,臺北市,6,蔣萬安,中國國民黨,2400,*
2022年直轄市長選舉,2022,臺北市,北投區,關渡里,臺北市,7,蘇煥智,台灣維新,8,
2022年直轄市長選舉,2022,臺北市,北投區,關渡里,臺北市,8,黃珊珊,無黨籍及未經政黨推薦,1477,
2022年直轄市長選舉,2022,臺北市,北投區,關渡里,臺北市,9,施奉先,無黨籍及未經政黨推薦,2,
2022年直轄市長選舉,2022,臺北市,北投區,關渡里,臺北市,10,唐新民,共和黨,0,
2022年直轄市長選舉,2022,臺北市,北投區,關渡里,臺北市,11,謝立康,無黨籍及未經政黨推薦,2,
2022年直轄市長選舉,2022,臺北市,北投區,關渡里,臺北市,12,陳時中,民主進步黨,2071,
2022年直轄市長選舉,2022,臺北市,北投區,泉源里,臺北市,1,張家豪,台灣動物保護黨,1,
2022年直轄市長選舉,2022,臺北市,北投區,泉源里,臺北市,2,王文娟,無黨籍及未經政黨推薦,2,
2022年直轄市長選舉,2022,臺北市,北投區,泉源里,臺北市,3,鄭匡宇,無黨籍及未經政黨推薦,0,
2022年直轄市長選舉,2022,臺北市,北投區,泉源里,臺北市,4,黃聖峰,台澎黨,1,
2022年直轄市長選舉,2022,臺北市,北投區,泉源里,臺北市,5,童文薰,無黨籍及未經政黨推薦,3,
2022年直轄市長選舉,2022,臺北市,北投區,泉源里,臺北市,6,蔣萬安,中國國民黨,439,*
2022年直轄市長選舉,2022,臺北市,北投區,泉源里,臺北市,7,蘇煥智,台灣維新,6,
2022年直轄市長選舉,2022,臺北市,北投區,泉源里,臺北市,8,黃珊珊,無黨籍及未經政黨推薦,256,
2022年直轄市長選舉,2022,臺北市,北投區,泉源里,臺北市,9,施奉先,無黨籍及未經政黨推薦,2,
2022年直轄市長選舉,2022,臺北市,北投區,泉源里,臺北市,10,唐新民,共和黨,2,
2022年直轄市長選舉,2022,臺北市,北投區,泉源里,臺北市,11,謝立康,無黨籍及未經政黨推薦,0,
2022年直轄市長選舉,2022,臺北市,北投區,泉源里,臺北市,12,陳時中,民主進步黨,499,
2022年直轄市長選舉,2022,臺北市,北投區,湖山里,臺北市,1,張家豪,台灣動物保護黨,5,
2022年直轄市長選舉,2022,臺北市,北投區,湖山里,臺北市,2,王文娟,無黨籍及未經政黨推薦,0,
2022年直轄市長選舉,2022,臺北市,北投區,湖山里,臺北市,3,鄭匡宇,無黨籍及未經政黨推薦,0,
2022年直轄市長選舉,2022,臺北市,北投區,湖山里,臺北市,4,黃聖峰,台澎黨,1,
2022年直轄市長選舉,2022,臺北市,北投區,湖山里,臺北市,5,童文薰,無黨籍及未經政黨推薦,1,
2022年直轄市長選舉,2022,臺北市,北投區,湖山里,臺北市,6,蔣萬安,中國國民黨,364,*
2022年直轄市長選舉,2022,臺北市,北投區,湖山里,臺北市,7,蘇煥智,台灣維新,1,
2022年直轄市長選舉,2022,臺北市,北投區,湖山里,臺北市,8,黃珊珊,無黨籍及未經政黨推薦,147,
2022年直轄市長選舉,2022,臺北市,北投區,湖山里,臺北市,9,施奉先,無黨籍及未經政黨推薦,1,
2022年直轄市長選舉,2022,臺北市,北投區,湖山里,臺北市,10,唐新民,共和黨,0,
2022年直轄市長選舉,2022,臺北市,北投區,湖山里,臺北市,11,謝立康,無黨籍及未經政黨推薦,0,
2022年直轄市長選舉,2022,臺北市,北投區,湖山里,臺北市,12,陳時中,民主進步黨,341,
2022年直轄市長選舉,2022,臺北市,北投區,大屯里,臺北市,1,張家豪,台灣動物保護黨,1,
2022年直轄市長選舉,2022,臺北市,北投區,大屯里,臺北市,2,王文娟,無黨籍及未經政黨推薦,1,
2022年直轄市長選舉,2022,臺北市,北投區,大屯里,臺北市,3,鄭匡宇,無黨籍及未經政黨推薦,1,
2022年直轄市長選舉,2022,臺北市,北投區,大屯里,臺北市,4,黃聖峰,台澎黨,1,
2022年直轄市長選舉,2022,臺北市,北投區,大屯里,臺北市,5,童文薰,無黨籍及未經政黨推薦,2,
2022年直轄市長選舉,2022,臺北市,北投區,大屯里,臺北市,6,蔣萬安,中國國民黨,203,*
2022年直轄市長選舉,2022,臺北市,北投區,大屯里,臺北市,7,蘇煥智,台灣維新,4,
2022年直轄市長選舉,2022,臺北市,北投區,大屯里,臺北市,8,黃珊珊,無黨籍及未經政黨推薦,186,
2022年直轄市長選舉,2022,臺北市,北投區,大屯里,臺北市,9,施奉先,無黨籍及未經政黨推薦,1,
2022年直轄市長選舉,2022,臺北市,北投區,大屯里,臺北市,10,唐新民,共和黨,1,
2022年直轄市長選舉,2022,臺北市,北投區,大屯里,臺北市,11,謝立康,無黨籍及未經政黨推薦,1,
2022年直轄市長選舉,2022,臺北市,北投區,大屯里,臺北市,12,陳時中,民主進步黨,328,
2022年直轄市長選舉,2022,臺北市,北投區,湖田里,臺北市,1,張家豪,台灣動物保護黨,1,
2022年直轄市長選舉,2022,臺北市,北投區,湖田里,臺北市,2,王文娟,無黨籍及未經政黨推薦,1,
2022年直轄市長選舉,2022,臺北市,北投區,湖田里,臺北市,3,鄭匡宇,無黨籍及未經政黨推薦,0,
2022年直轄市長選舉,2022,臺北市,北投區,湖田里,臺北市,4,黃聖峰,台澎黨,1,
2022年直轄市長選舉,2022,臺北市,北投區,湖田里,臺北市,5,童文薰,無黨籍及未經政黨推薦,1,
2022年直轄市長選舉,2022,臺北市,北投區,湖田里,臺北市,6,蔣萬安,中國國民黨,213,*
2022年直轄市長選舉,2022,臺北市,北投區,湖田里,臺北市,7,蘇煥智,台灣維新,1,
2022年直轄市長選舉,2022,臺北市,北投區,湖田里,臺北市,8,黃珊珊,無黨籍及未經政黨推薦,100,
2022年直轄市長選舉,2022,臺北市,北投區,湖田里,臺北市,9,施奉先,無黨籍及未經政黨推薦,2,
2022年直轄市長選舉,2022,臺北市,北投區,湖田里,臺北市,10,唐新民,共和黨,0,
2022年直轄市長選舉,2022,臺北市,北投區,湖田里,臺北市,11,謝立康,無黨籍及未經政黨推薦,0,
2022年直轄市長選舉,2022,臺北市,北投區,湖田里,臺北市,12,陳時中,民主進步黨,164,
