選舉名稱,屆期,縣市,鄉鎮市區,村里,選區,號次,候選人,政黨,得票數,當選註記
2018年直轄市長選舉,2018,臺北市,松山區,莊敬里,臺北市,1,吳蕚洋,無黨籍及未經政黨推薦,8,
2018年直轄市長選舉,2018,臺北市,松山區,莊敬里,臺北市,2,丁守中,中國國民黨,1309,
2018年直轄市長選舉,2018,臺北市,松山區,莊敬里,臺北市,3,姚文智,民主進步黨,494,
2018年直轄市長選舉,2018,臺北市,松山區,莊敬里,臺北市,4,柯文哲,無黨籍及未經政黨推薦,1165,*
2018年直轄市長選舉,2018,臺北市,松山區,莊敬里,臺北市,5,李錫錕,無黨籍及未經政黨推薦,20,
2018年直轄市長選舉,2018,臺北市,松山區,東榮里,臺北市,1,吳蕚洋,無黨籍及未經政黨推薦,16,
2018年直轄市長選舉,2018,臺北市,松山區,東榮里,臺北市,2,丁守中,中國國民黨,1787,
2018年直轄市長選舉,2018,臺北市,松山區,東榮里,臺北市,3,姚文智,民主進步黨,763,
2018年直轄市長選舉,2018,臺北市,松山區,東榮里,臺北市,4,柯文哲,無黨籍及未經政黨推薦,1673,*
2018年直轄市長選舉,2018,臺北市,松山區,東榮里,臺北市,5,李錫錕,無黨籍及未經政黨推薦,8,
2018年直轄市長選舉,2018,臺北市,松山區,三民里,臺北市,1,吳蕚洋,無黨籍及未經政黨推薦,10,
2018年直轄市長選舉,2018,臺北市,松山區,三民里,臺北市,2,丁守中,中國國民黨,1707,
2018年直轄市長選舉,2018,臺北市,松山區,三民里,臺北市,3,姚文智,民主進步黨,566,
2018年直轄市長選舉,2018,臺北市,松山區,三民里,臺北市,4,柯文哲,無黨籍及未經政黨推薦,1441,*
2018年直轄市長選舉,2018,臺北市,松山區,三民里,臺北市,5,李錫錕,無黨籍及未經政黨推薦,19,
2018年直轄市長選舉,2018,臺北市,松山區,新益里,臺北市,1,吳蕚洋,無黨籍及未經政黨推薦,19,
2018年直轄市長選舉,2018,臺北市,松山區,新益里,臺北市,2,丁守中,中國國民黨,1138,
2018年直轄市長選舉,2018,臺北市,松山區,新益里,臺北市,3,姚文智,民主進步黨,511,
2018年直轄市長選舉,2018,臺北市,松山區,新益里,臺北市,4,柯文哲,無黨籍及未經政黨推薦,1109,*
2018年直轄市長選舉,2018,臺北市,松山區,新益里,臺北市,5,李錫錕,無黨籍及未經政黨推薦,9,
2018年直轄市長選舉,2018,臺北市,松山區,富錦里,臺北市,1,吳蕚洋,無黨籍及未經政黨推薦,15,
2018年直轄市長選舉,2018,臺北市,松山區,富錦里,臺北市,2,丁守中,中國國民黨,1264,
2018年直轄市長選舉,2018,臺北市,松山區,富錦里,臺北市,3,姚文智,民主進步黨,431,
2018年直轄市長選舉,2018,臺北市,松山區,富錦里,臺北市,4,柯文哲,無黨籍及未經政黨推薦,1129,*
2018年直轄市長選舉,2018,臺北市,松山區,富錦里,臺北市,5,李錫錕,無黨籍及未經政黨推薦,10,
2018年直轄市長選舉,2018,臺北市,松山區,新東里,臺北市,1,吳蕚洋,無黨籍及未經政黨推薦,6,
2018年直轄市長選舉,2018,臺北市,松山區,新東里,臺北市,2,丁守中,中國國民黨,1180,
2018年直轄市長選舉,2018,臺北市,松山區,新東里,臺北市,3,姚文智,民主進步黨,479,
2018年直轄市長選舉,2018,臺北市,松山區,新東里,臺北市,4,柯文哲,無黨籍及未經政黨推薦,1164,*
2018年直轄市長選舉,2018,臺北市,松山區,新東里,臺北市,5,李錫錕,無黨籍及未經政黨推薦,7,
2018年直轄市長選舉,2018,臺北市,松山區,富泰里,臺北市,1,吳蕚洋,無黨籍及未經政黨推薦,12,
2018年直轄市長選舉,2018,臺北市,松山區,富泰里,臺北市,2,丁守中,中國國民黨,1266,
2018年直轄市長選舉,2018,臺北市,松山區,富泰里,臺北市,3,姚文智,民主進步黨,325,
2018年直轄市長選舉,2018,臺北市,松山區,富泰里,臺北市,4,柯文哲,無黨籍及未經政黨推薦,980,*
2018年直轄市長選舉,2018,臺北市,松山區,富泰里,臺北市,5,李錫錕,無黨籍及未經政黨推薦,11,
2018年直轄市長選舉,2018,臺北市,松山區,介壽里,臺北市,1,吳蕚洋,無黨籍及未經政黨推薦,13,
2018年直轄市長選舉,2018,臺北市,松山區,介壽里,臺北市,2,丁守中,中國國民黨,944,
2018年直轄市長選舉,2018,臺北市,松山區,介壽里,臺北市,3,姚文智,民主進步黨,434,
2018年直轄市長選舉,2018,臺北市,松山區,介壽里,臺北市,4,柯文哲,無黨籍及未經政黨推薦,1049,*
2018年直轄市長選舉,2018,臺北市,松山區,介壽里,臺北市,5,李錫錕,無黨籍及未經政黨推薦,15,
2018年直轄市長選舉,2018,臺北市,松山區,精忠里,臺北市,1,吳蕚洋,無黨籍及未經政黨推薦,8,
2018年直轄市長選舉,2018,臺北市,松山區,精忠里,臺北市,2,丁守中,中國國民黨,1013,
2018年直轄市長選舉,2018,臺北市,松山區,精忠里,臺北市,3,姚文智,民主進步黨,411,
2018年直轄市長選舉,2018,臺北市,松山區,精忠里,臺北市,4,柯文哲,無黨籍及未經政黨推薦,922,*
2018年直轄市長選舉,2018,臺北市,松山區,精忠里,臺北市,5,李錫錕,無黨籍及未經政黨推薦,5,
2018年直轄市長選舉,2018,臺北市,松山區,東光里,臺北市,1,吳蕚洋,無黨籍及未經政黨推薦,14,
2018年直轄市長選舉,2018,臺北市,松山區,東光里,臺北市,2,丁守中,中國國民黨,1829,
2018年直轄市長選舉,2018,臺北市,松山區,東光里,臺北市,3,姚文智,民主進步黨,653,
2018年直轄市長選舉,2018,臺北市,松山區,東光里,臺北市,4,柯文哲,無黨籍及未經政黨推薦,1494,*
2018年直轄市長選舉,2018,臺北市,松山區,東光里,臺北市,5,李錫錕,無黨籍及未經政黨推薦,10,
2018年直轄市長選舉,2018,臺北市,松山區,龍田里,臺北市,1,吳蕚洋,無黨籍及未經政黨推薦,19,
2018年直轄市長選舉,2018,臺北市,松山區,龍田里,臺北市,2,丁守中,中國國民黨,2925,
2018年直轄市長選舉,2018,臺北市,松山區,龍田里,臺北市,3,姚文智,民主進步黨,478,
2018年直轄市長選舉,2018,臺北市,松山區,龍田里,臺北市,4,柯文哲,無黨籍及未經政黨推薦,1949,*
2018年直轄市長選舉,2018,臺北市,松山區,龍田里,臺北市,5,李錫錕,無黨籍及未經政黨推薦,22,
2018年直轄市長選舉,2018,臺北市,松山區,東昌里,臺北市,1,吳蕚洋,無黨籍及未經政黨推薦,12,
2018年直轄市長選舉,2018,臺北市,松山區,東昌里,臺北市,2,丁守中,中國國民黨,573,
2018年直轄市長選舉,2018,臺北市,松山區,東昌里,臺北市,3,姚文智,民主進步黨,289,
2018年直轄市長選舉,2018,臺北市,松山區,東昌里,臺北市,4,柯文哲,無黨籍及未經政黨推薦,697,*
2018年直轄市長選舉,2018,臺北市,松山區,東昌里,臺北市,5,李錫錕,無黨籍及未經政黨推薦,6,
2018年直轄市長選舉,2018,臺北市,松山區,東勢里,臺北市,1,吳蕚洋,無黨籍及未經政黨推薦,7,
2018年直轄市長選舉,2018,臺北市,松山區,東勢里,臺北市,2,丁守中,中國國民黨,945,
2018年直轄市長選舉,2018,臺北市,松山區,東勢里,臺北市,3,姚文智,民主進步黨,448,
2018年直轄市長選舉,2018,臺北市,松山區,東勢里,臺北市,4,柯文哲,無黨籍及未經政黨推薦,906,*
2018年直轄市長選舉,2018,臺北市,松山區,東勢里,臺北市,5,李錫錕,無黨籍及未經政黨推薦,6,
2018年直轄市長選舉,2018,臺北市,松山區,中華里,臺北市,1,吳蕚洋,無黨籍及未經政黨推薦,15,
2018年直轄市長選舉,2018,臺北市,松山區,中華里,臺北市,2,丁守中,中國國民黨,1474,
2018年直轄市長選舉,2018,臺北市,松山區,中華里,臺北市,3,姚文智,民主進步黨,490,
2018年直轄市長選舉,2018,臺北市,松山區,中華里,臺北市,4,柯文哲,無黨籍及未經政黨推薦,1292,*
2018年直轄市長選舉,2018,臺北市,松山區,中華里,臺北市,5,李錫錕,無黨籍及未經政黨推薦,11,
2018年直轄市長選舉,2018,臺北市,松山區,民有里,臺北市,1,吳蕚洋,無黨籍及未經政黨推薦,21,
2018年直轄市長選舉,2018,臺北市,松山區,民有里,臺北市,2,丁守中,中國國民黨,1959,
2018年直轄市長選舉,2018,臺北市,松山區,民有里,臺北市,3,姚文智,民主進步黨,984,
2018年直轄市長選舉,2018,臺北市,松山區,民有里,臺北市,4,柯文哲,無黨籍及未經政黨推薦,2002,*
2018年直轄市長選舉,2018,臺北市,松山區,民有里,臺北市,5,李錫錕,無黨籍及未經政黨推薦,20,
2018年直轄市長選舉,2018,臺北市,松山區,民福里,臺北市,1,吳蕚洋,無黨籍及未經政黨推薦,10,
2018年直轄市長選舉,2018,臺北市,松山區,民福里,臺北市,2,丁守中,中國國民黨,1757,
2018年直轄市長選舉,2018,臺北市,松山區,民福里,臺北市,3,姚文智,民主進步黨,574,
2018年直轄市長選舉,2018,臺北市,松山區,民福里,臺北市,4,柯文哲,無黨籍及未經政黨推薦,1327,*
2018年直轄市長選舉,2018,臺北市,松山區,民福里,臺北市,5,李錫錕,無黨籍及未經政黨推薦,19,
2018年直轄市長選舉,2018,臺北市,松山區,慈祐里,臺北市,1,吳蕚洋,無黨籍及未經政黨推薦,14,
2018年直轄市長選舉,2018,臺北市,松山區,慈祐里,臺北市,2,丁守中,中國國民黨,1244,
2018年直轄市長選舉,2018,臺北市,松山區,慈祐里,臺北市,3,姚文智,民主進步黨,774,
2018年直轄市長選舉,2018,臺北市,松山區,慈祐里,臺北市,4,柯文哲,無黨籍及未經政黨推薦,1597,*
2018年直轄市長選舉,2018,臺北市,松山區,慈祐里,臺北市,5,李錫錕,無黨籍及未經政黨推薦,23,
2018年直轄市長選舉,2018,臺北市,松山區,安平里,臺北市,1,吳蕚洋,無黨籍及未經政黨推薦,22,
2018年直轄市長選舉,2018,臺北市,松山區,安平里,臺北市,2,丁守中,中國國民黨,1759,
2018年直轄市長選舉,2018,臺北市,松山區,安平里,臺北市,3,姚文智,民主進步黨,920,
2018年直轄市長選舉,2018,臺北市,松山區,安平里,臺北市,4,柯文哲,無黨籍及未經政黨推薦,1981,*
2018年直轄市長選舉,2018,臺北市,松山區,安平里,臺北市,5,李錫錕,無黨籍及未經政黨推薦,16,
2018年直轄市長選舉,2018,臺北市,松山區,鵬程里,臺北市,1,吳蕚洋,無黨籍及未經政黨推薦,6,
2018年直轄市長選舉,2018,臺北市,松山區,鵬程里,臺北市,2,丁守中,中國國民黨,1541,
2018年直轄市長選舉,2018,臺北市,松山區,鵬程里,臺北市,3,姚文智,民主進步黨,378,
2018年直轄市長選舉,2018,臺北市,松山區,鵬程里,臺北市,4,柯文哲,無黨籍及未經政黨推薦,1167,*
2018年直轄市長選舉,2018,臺北市,松山區,鵬程里,臺北市,5,李錫錕,無黨籍及未經政黨推薦,13,
2018年直轄市長選舉,2018,臺北市,松山區,自強里,臺北市,1,吳蕚洋,無黨籍及未經政黨推薦,26,
2018年直轄市長選舉,2018,臺北市,松山區,自強里,臺北市,2,丁守中,中國國民黨,3348,
2018年直轄市長選舉,2018,臺北市,松山區,自強里,臺北市,3,姚文智,民主進步黨,364,
2018年直轄市長選舉,2018,臺北市,松山區,自強里,臺北市,4,柯文哲,無黨籍及未經政黨推薦,1847,*
2018年直轄市長選舉,2018,臺北市,松山區,自強里,臺北市,5,李錫錕,無黨籍及未經政黨推薦,21,
2018年直轄市長選舉,2018,臺北市,松山區,吉祥里,臺北市,1,吳蕚洋,無黨籍及未經政黨推薦,18,
2018年直轄市長選舉,2018,臺北市,松山區,吉祥里,臺北市,2,丁守中,中國國民黨,2044,
2018年直轄市長選舉,2018,臺北市,松山區,吉祥里,臺北市,3,姚文智,民主進步黨,793,
2018年直轄市長選舉,2018,臺北市,松山區,吉祥里,臺北市,4,柯文哲,無黨籍及未經政黨推薦,1799,*
2018年直轄市長選舉,2018,臺北市,松山區,吉祥里,臺北市,5,李錫錕,無黨籍及未經政黨推薦,8,
2018年直轄市長選舉,2018,臺北市,松山區,新聚里,臺北市,1,吳蕚洋,無黨籍及未經政黨推薦,10,
2018年直轄市長選舉,2018,臺北市,松山區,新聚里,臺北市,2,丁守中,中國國民黨,1657,
2018年直轄市長選舉,2018,臺北市,松山區,新聚里,臺北市,3,姚文智,民主進步黨,743,
2018年直轄市長選舉,2018,臺北市,松山區,新聚里,臺北市,4,柯文哲,無黨籍及未經政黨推薦,1817,*
2018年直轄市長選舉,2018,臺北市,松山區,新聚里,臺北市,5,李錫錕,無黨籍及未經政黨推薦,14,
2018年直轄市長選舉,2018,臺北市,松山區,復盛里,臺北市,1,吳蕚洋,無黨籍及未經政黨推薦,22,
2018年直轄市長選舉,2018,臺北市,松山區,復盛里,臺北市,2,丁守中,中國國民黨,1610,
2018年直轄市長選舉,2018,臺北市,松山區,復盛里,臺北市,3,姚文智,民主進步黨,578,
2018年直轄市長選舉,2018,臺北市,松山區,復盛里,臺北市,4,柯文哲,無黨籍及未經政黨推薦,1367,*
2018年直轄市長選舉,2018,臺北市,松山區,復盛里,臺北市,5,李錫錕,無黨籍及未經政黨推薦,12,
2018年直轄市長選舉,2018,臺北市,松山區,中正里,臺北市,1,吳蕚洋,無黨籍及未經政黨推薦,23,
2018年直轄市長選舉,2018,臺北市,松山區,中正里,臺北市,2,丁守中,中國國民黨,1796,
2018年直轄市長選舉,2018,臺北市,松山區,中正里,臺北市,3,姚文智,民主進步黨,825,
2018年直轄市長選舉,2018,臺北市,松山區,中正里,臺北市,4,柯文哲,無黨籍及未經政黨推薦,2140,*
2018年直轄市長選舉,2018,臺北市,松山區,中正里,臺北市,5,李錫錕,無黨籍及未經政黨推薦,24,
2018年直轄市長選舉,2018,臺北市,松山區,中崙里,臺北市,1,吳蕚洋,無黨籍及未經政黨推薦,16,
2018年直轄市長選舉,2018,臺北市,松山區,中崙里,臺北市,2,丁守中,中國國民黨,843,
2018年直轄市長選舉,2018,臺北市,松山區,中崙里,臺北市,3,姚文智,民主進步黨,316,
2018年直轄市長選舉,2018,臺北市,松山區,中崙里,臺北市,4,柯文哲,無黨籍及未經政黨推薦,828,*
2018年直轄市長選舉,2018,臺北市,松山區,中崙里,臺北市,5,李錫錕,無黨籍及未經政黨推薦,0,
2018年直轄市長選舉,2018,臺北市,松山區,美仁里,臺北市,1,吳蕚洋,無黨籍及未經政黨推薦,3,
2018年直轄市長選舉,2018,臺北市,松山區,美仁里,臺北市,2,丁守中,中國國民黨,710,
2018年直轄市長選舉,2018,臺北市,松山區,美仁里,臺北市,3,姚文智,民主進步黨,376,
2018年直轄市長選舉,2018,臺北市,松山區,美仁里,臺北市,4,柯文哲,無黨籍及未經政黨推薦,733,*
2018年直轄市長選舉,2018,臺北市,松山區,美仁里,臺北市,5,李錫錕,無黨籍及未經政黨推薦,7,
2018年直轄市長選舉,2018,臺北市,松山區,吉仁里,臺北市,1,吳蕚洋,無黨籍及未經政黨推薦,8,
2018年直轄市長選舉,2018,臺北市,松山區,吉仁里,臺北市,2,丁守中,中國國民黨,830,
2018年直轄市長選舉,2018,臺北市,松山區,吉仁里,臺北市,3,姚文智,民主進步黨,350,
2018年直轄市長選舉,2018,臺北市,松山區,吉仁里,臺北市,4,柯文哲,無黨籍及未經政黨推薦,830,*
2018年直轄市長選舉,2018,臺北市,松山區,吉仁里,臺北市,5,李錫錕,無黨籍及未經政黨推薦,10,
2018年直轄市長選舉,2018,臺北市,松山區,敦化里,臺北市,1,吳蕚洋,無黨籍及未經政黨推薦,19,
2018年直轄市長選舉,2018,臺北市,松山區,敦化里,臺北市,2,丁守中,中國國民黨,1450,
2018年直轄市長選舉,2018,臺北市,松山區,敦化里,臺北市,3,姚文智,民主進步黨,653,
2018年直轄市長選舉,2018,臺北市,松山區,敦化里,臺北市,4,柯文哲,無黨籍及未經政黨推薦,1450,*
2018年直轄市長選舉,2018,臺北市,松山區,敦化里,臺北市,5,李錫錕,無黨籍及未經政黨推薦,21,
2018年直轄市長選舉,2018,臺北市,松山區,復源里,臺北市,1,吳蕚洋,無黨籍及未經政黨推薦,2,
2018年直轄市長選舉,2018,臺北市,松山區,復源里,臺北市,2,丁守中,中國國民黨,739,
2018年直轄市長選舉,2018,臺北市,松山區,復源里,臺北市,3,姚文智,民主進步黨,287,
2018年直轄市長選舉,2018,臺北市,松山區,復源里,臺北市,4,柯文哲,無黨籍及未經政黨推薦,687,*
2018年直轄市長選舉,2018,臺北市,松山區,復源里,臺北市,5,李錫錕,無黨籍及未經政黨推薦,10,
2018年直轄市長選舉,2018,臺北市,松山區,復建里,臺北市,1,吳蕚洋,無黨籍及未經政黨推薦,8,
2018年直轄市長選舉,2018,臺北市,松山區,復建里,臺北市,2,丁守中,中國國民黨,1043,
2018年直轄市長選舉,2018,臺北市,松山區,復建里,臺北市,3,姚文智,民主進步黨,355,
2018年直轄市長選舉,2018,臺北市,松山區,復建里,臺北市,4,柯文哲,無黨籍及未經政黨推薦,930,*
2018年直轄市長選舉,2018,臺北市,松山區,復建里,臺北市,5,李錫錕,無黨籍及未經政黨推薦,9,
2018年直轄市長選舉,2018,臺北市,松山區,復勢里,臺北市,1,吳蕚洋,無黨籍及未經政黨推薦,6,
2018年直轄市長選舉,2018,臺北市,松山區,復勢里,臺北市,2,丁守中,中國國民黨,1315,
2018年直轄市長選舉,2018,臺北市,松山區,復勢里,臺北市,3,姚文智,民主進步黨,614,
2018年直轄市長選舉,2018,臺北市,松山區,復勢里,臺北市,4,柯文哲,無黨籍及未經政黨推薦,1461,*
2018年直轄市長選舉,2018,臺北市,松山區,復勢里,臺北市,5,李錫錕,無黨籍及未經政黨推薦,15,
2018年直轄市長選舉,2018,臺北市,松山區,福成里,臺北市,1,吳蕚洋,無黨籍及未經政黨推薦,8,
2018年直轄市長選舉,2018,臺北市,松山區,福成里,臺北市,2,丁守中,中國國民黨,565,
2018年直轄市長選舉,2018,臺北市,松山區,福成里,臺北市,3,姚文智,民主進步黨,261,
2018年直轄市長選舉,2018,臺北市,松山區,福成里,臺北市,4,柯文哲,無黨籍及未經政黨推薦,582,*
2018年直轄市長選舉,2018,臺北市,松山區,福成里,臺北市,5,李錫錕,無黨籍及未經政黨推薦,3,
2018年直轄市長選舉,2018,臺北市,松山區,松基里,臺北市,1,吳蕚洋,無黨籍及未經政黨推薦,9,
2018年直轄市長選舉,2018,臺北市,松山區,松基里,臺北市,2,丁守中,中國國民黨,789,
2018年直轄市長選舉,2018,臺北市,松山區,松基里,臺北市,3,姚文智,民主進步黨,368,
2018年直轄市長選舉,2018,臺北市,松山區,松基里,臺北市,4,柯文哲,無黨籍及未經政黨推薦,800,*
2018年直轄市長選舉,2018,臺北市,松山區,松基里,臺北市,5,李錫錕,無黨籍及未經政黨推薦,13,
2018年直轄市長選舉,2018,臺北市,信義區,西村里,臺北市,1,吳蕚洋,無黨籍及未經政黨推薦,10,
2018年直轄市長選舉,2018,臺北市,信義區,西村里,臺北市,2,丁守中,中國國民黨,1527,
2018年直轄市長選舉,2018,臺北市,信義區,西村里,臺北市,3,姚文智,民主進步黨,242,
2018年直轄市長選舉,2018,臺北市,信義區,西村里,臺北市,4,柯文哲,無黨籍及未經政黨推薦,918,*
2018年直轄市長選舉,2018,臺北市,信義區,西村里,臺北市,5,李錫錕,無黨籍及未經政黨推薦,13,
2018年直轄市長選舉,2018,臺北市,信義區,正和里,臺北市,1,吳蕚洋,無黨籍及未經政黨推薦,14,
2018年直轄市長選舉,2018,臺北市,信義區,正和里,臺北市,2,丁守中,中國國民黨,1290,
2018年直轄市長選舉,2018,臺北市,信義區,正和里,臺北市,3,姚文智,民主進步黨,408,
2018年直轄市長選舉,2018,臺北市,信義區,正和里,臺北市,4,柯文哲,無黨籍及未經政黨推薦,920,*
2018年直轄市長選舉,2018,臺北市,信義區,正和里,臺北市,5,李錫錕,無黨籍及未經政黨推薦,14,
2018年直轄市長選舉,2018,臺北市,信義區,興隆里,臺北市,1,吳蕚洋,無黨籍及未經政黨推薦,4,
2018年直轄市長選舉,2018,臺北市,信義區,興隆里,臺北市,2,丁守中,中國國民黨,736,
2018年直轄市長選舉,2018,臺北市,信義區,興隆里,臺北市,3,姚文智,民主進步黨,210,
2018年直轄市長選舉,2018,臺北市,信義區,興隆里,臺北市,4,柯文哲,無黨籍及未經政黨推薦,498,*
2018年直轄市長選舉,2018,臺北市,信義區,興隆里,臺北市,5,李錫錕,無黨籍及未經政黨推薦,10,
2018年直轄市長選舉,2018,臺北市,信義區,中興里,臺北市,1,吳蕚洋,無黨籍及未經政黨推薦,4,
2018年直轄市長選舉,2018,臺北市,信義區,中興里,臺北市,2,丁守中,中國國民黨,806,
2018年直轄市長選舉,2018,臺北市,信義區,中興里,臺北市,3,姚文智,民主進步黨,278,
2018年直轄市長選舉,2018,臺北市,信義區,中興里,臺北市,4,柯文哲,無黨籍及未經政黨推薦,674,*
2018年直轄市長選舉,2018,臺北市,信義區,中興里,臺北市,5,李錫錕,無黨籍及未經政黨推薦,13,
2018年直轄市長選舉,2018,臺北市,信義區,新仁里,臺北市,1,吳蕚洋,無黨籍及未經政黨推薦,13,
2018年直轄市長選舉,2018,臺北市,信義區,新仁里,臺北市,2,丁守中,中國國民黨,940,
2018年直轄市長選舉,2018,臺北市,信義區,新仁里,臺北市,3,姚文智,民主進步黨,251,
2018年直轄市長選舉,2018,臺北市,信義區,新仁里,臺北市,4,柯文哲,無黨籍及未經政黨推薦,672,*
2018年直轄市長選舉,2018,臺北市,信義區,新仁里,臺北市,5,李錫錕,無黨籍及未經政黨推薦,10,
2018年直轄市長選舉,2018,臺北市,信義區,興雅里,臺北市,1,吳蕚洋,無黨籍及未經政黨推薦,13,
2018年直轄市長選舉,2018,臺北市,信義區,興雅里,臺北市,2,丁守中,中國國民黨,1449,
2018年直轄市長選舉,2018,臺北市,信義區,興雅里,臺北市,3,姚文智,民主進步黨,546,
2018年直轄市長選舉,2018,臺北市,信義區,興雅里,臺北市,4,柯文哲,無黨籍及未經政黨推薦,1234,*
2018年直轄市長選舉,2018,臺北市,信義區,興雅里,臺北市,5,李錫錕,無黨籍及未經政黨推薦,12,
2018年直轄市長選舉,2018,臺北市,信義區,敦厚里,臺北市,1,吳蕚洋,無黨籍及未經政黨推薦,15,
2018年直轄市長選舉,2018,臺北市,信義區,敦厚里,臺北市,2,丁守中,中國國民黨,1245,
2018年直轄市長選舉,2018,臺北市,信義區,敦厚里,臺北市,3,姚文智,民主進步黨,453,
2018年直轄市長選舉,2018,臺北市,信義區,敦厚里,臺北市,4,柯文哲,無黨籍及未經政黨推薦,1252,*
2018年直轄市長選舉,2018,臺北市,信義區,敦厚里,臺北市,5,李錫錕,無黨籍及未經政黨推薦,14,
2018年直轄市長選舉,2018,臺北市,信義區,廣居里,臺北市,1,吳蕚洋,無黨籍及未經政黨推薦,20,
2018年直轄市長選舉,2018,臺北市,信義區,廣居里,臺北市,2,丁守中,中國國民黨,1925,
2018年直轄市長選舉,2018,臺北市,信義區,廣居里,臺北市,3,姚文智,民主進步黨,638,
2018年直轄市長選舉,2018,臺北市,信義區,廣居里,臺北市,4,柯文哲,無黨籍及未經政黨推薦,1708,*
2018年直轄市長選舉,2018,臺北市,信義區,廣居里,臺北市,5,李錫錕,無黨籍及未經政黨推薦,17,
2018年直轄市長選舉,2018,臺北市,信義區,安康里,臺北市,1,吳蕚洋,無黨籍及未經政黨推薦,16,
2018年直轄市長選舉,2018,臺北市,信義區,安康里,臺北市,2,丁守中,中國國民黨,2439,
2018年直轄市長選舉,2018,臺北市,信義區,安康里,臺北市,3,姚文智,民主進步黨,882,
2018年直轄市長選舉,2018,臺北市,信義區,安康里,臺北市,4,柯文哲,無黨籍及未經政黨推薦,2144,*
2018年直轄市長選舉,2018,臺北市,信義區,安康里,臺北市,5,李錫錕,無黨籍及未經政黨推薦,22,
2018年直轄市長選舉,2018,臺北市,信義區,六藝里,臺北市,1,吳蕚洋,無黨籍及未經政黨推薦,4,
2018年直轄市長選舉,2018,臺北市,信義區,六藝里,臺北市,2,丁守中,中國國民黨,780,
2018年直轄市長選舉,2018,臺北市,信義區,六藝里,臺北市,3,姚文智,民主進步黨,398,
2018年直轄市長選舉,2018,臺北市,信義區,六藝里,臺北市,4,柯文哲,無黨籍及未經政黨推薦,818,*
2018年直轄市長選舉,2018,臺北市,信義區,六藝里,臺北市,5,李錫錕,無黨籍及未經政黨推薦,9,
2018年直轄市長選舉,2018,臺北市,信義區,雅祥里,臺北市,1,吳蕚洋,無黨籍及未經政黨推薦,18,
2018年直轄市長選舉,2018,臺北市,信義區,雅祥里,臺北市,2,丁守中,中國國民黨,1137,
2018年直轄市長選舉,2018,臺北市,信義區,雅祥里,臺北市,3,姚文智,民主進步黨,529,
2018年直轄市長選舉,2018,臺北市,信義區,雅祥里,臺北市,4,柯文哲,無黨籍及未經政黨推薦,1139,*
2018年直轄市長選舉,2018,臺北市,信義區,雅祥里,臺北市,5,李錫錕,無黨籍及未經政黨推薦,21,
2018年直轄市長選舉,2018,臺北市,信義區,五常里,臺北市,1,吳蕚洋,無黨籍及未經政黨推薦,9,
2018年直轄市長選舉,2018,臺北市,信義區,五常里,臺北市,2,丁守中,中國國民黨,857,
2018年直轄市長選舉,2018,臺北市,信義區,五常里,臺北市,3,姚文智,民主進步黨,397,
2018年直轄市長選舉,2018,臺北市,信義區,五常里,臺北市,4,柯文哲,無黨籍及未經政黨推薦,784,*
2018年直轄市長選舉,2018,臺北市,信義區,五常里,臺北市,5,李錫錕,無黨籍及未經政黨推薦,6,
2018年直轄市長選舉,2018,臺北市,信義區,五全里,臺北市,1,吳蕚洋,無黨籍及未經政黨推薦,14,
2018年直轄市長選舉,2018,臺北市,信義區,五全里,臺北市,2,丁守中,中國國民黨,1042,
2018年直轄市長選舉,2018,臺北市,信義區,五全里,臺北市,3,姚文智,民主進步黨,603,
2018年直轄市長選舉,2018,臺北市,信義區,五全里,臺北市,4,柯文哲,無黨籍及未經政黨推薦,1204,*
2018年直轄市長選舉,2018,臺北市,信義區,五全里,臺北市,5,李錫錕,無黨籍及未經政黨推薦,9,
2018年直轄市長選舉,2018,臺北市,信義區,永吉里,臺北市,1,吳蕚洋,無黨籍及未經政黨推薦,6,
2018年直轄市長選舉,2018,臺北市,信義區,永吉里,臺北市,2,丁守中,中國國民黨,700,
2018年直轄市長選舉,2018,臺北市,信義區,永吉里,臺北市,3,姚文智,民主進步黨,506,
2018年直轄市長選舉,2018,臺北市,信義區,永吉里,臺北市,4,柯文哲,無黨籍及未經政黨推薦,1049,*
2018年直轄市長選舉,2018,臺北市,信義區,永吉里,臺北市,5,李錫錕,無黨籍及未經政黨推薦,5,
2018年直轄市長選舉,2018,臺北市,信義區,長春里,臺北市,1,吳蕚洋,無黨籍及未經政黨推薦,17,
2018年直轄市長選舉,2018,臺北市,信義區,長春里,臺北市,2,丁守中,中國國民黨,1003,
2018年直轄市長選舉,2018,臺北市,信義區,長春里,臺北市,3,姚文智,民主進步黨,562,
2018年直轄市長選舉,2018,臺北市,信義區,長春里,臺北市,4,柯文哲,無黨籍及未經政黨推薦,1062,*
2018年直轄市長選舉,2018,臺北市,信義區,長春里,臺北市,5,李錫錕,無黨籍及未經政黨推薦,14,
2018年直轄市長選舉,2018,臺北市,信義區,四育里,臺北市,1,吳蕚洋,無黨籍及未經政黨推薦,11,
2018年直轄市長選舉,2018,臺北市,信義區,四育里,臺北市,2,丁守中,中國國民黨,1210,
2018年直轄市長選舉,2018,臺北市,信義區,四育里,臺北市,3,姚文智,民主進步黨,717,
2018年直轄市長選舉,2018,臺北市,信義區,四育里,臺北市,4,柯文哲,無黨籍及未經政黨推薦,1371,*
2018年直轄市長選舉,2018,臺北市,信義區,四育里,臺北市,5,李錫錕,無黨籍及未經政黨推薦,13,
2018年直轄市長選舉,2018,臺北市,信義區,四維里,臺北市,1,吳蕚洋,無黨籍及未經政黨推薦,19,
2018年直轄市長選舉,2018,臺北市,信義區,四維里,臺北市,2,丁守中,中國國民黨,1376,
2018年直轄市長選舉,2018,臺北市,信義區,四維里,臺北市,3,姚文智,民主進步黨,482,
2018年直轄市長選舉,2018,臺北市,信義區,四維里,臺北市,4,柯文哲,無黨籍及未經政黨推薦,1264,*
2018年直轄市長選舉,2018,臺北市,信義區,四維里,臺北市,5,李錫錕,無黨籍及未經政黨推薦,11,
2018年直轄市長選舉,2018,臺北市,信義區,永春里,臺北市,1,吳蕚洋,無黨籍及未經政黨推薦,14,
2018年直轄市長選舉,2018,臺北市,信義區,永春里,臺北市,2,丁守中,中國國民黨,1117,
2018年直轄市長選舉,2018,臺北市,信義區,永春里,臺北市,3,姚文智,民主進步黨,610,
2018年直轄市長選舉,2018,臺北市,信義區,永春里,臺北市,4,柯文哲,無黨籍及未經政黨推薦,1230,*
2018年直轄市長選舉,2018,臺北市,信義區,永春里,臺北市,5,李錫錕,無黨籍及未經政黨推薦,16,
2018年直轄市長選舉,2018,臺北市,信義區,富台里,臺北市,1,吳蕚洋,無黨籍及未經政黨推薦,12,
2018年直轄市長選舉,2018,臺北市,信義區,富台里,臺北市,2,丁守中,中國國民黨,1196,
2018年直轄市長選舉,2018,臺北市,信義區,富台里,臺北市,3,姚文智,民主進步黨,234,
2018年直轄市長選舉,2018,臺北市,信義區,富台里,臺北市,4,柯文哲,無黨籍及未經政黨推薦,884,*
2018年直轄市長選舉,2018,臺北市,信義區,富台里,臺北市,5,李錫錕,無黨籍及未經政黨推薦,9,
2018年直轄市長選舉,2018,臺北市,信義區,國業里,臺北市,1,吳蕚洋,無黨籍及未經政黨推薦,15,
2018年直轄市長選舉,2018,臺北市,信義區,國業里,臺北市,2,丁守中,中國國民黨,1903,
2018年直轄市長選舉,2018,臺北市,信義區,國業里,臺北市,3,姚文智,民主進步黨,637,
2018年直轄市長選舉,2018,臺北市,信義區,國業里,臺北市,4,柯文哲,無黨籍及未經政黨推薦,1680,*
2018年直轄市長選舉,2018,臺北市,信義區,國業里,臺北市,5,李錫錕,無黨籍及未經政黨推薦,13,
2018年直轄市長選舉,2018,臺北市,信義區,松隆里,臺北市,1,吳蕚洋,無黨籍及未經政黨推薦,2,
2018年直轄市長選舉,2018,臺北市,信義區,松隆里,臺北市,2,丁守中,中國國民黨,533,
2018年直轄市長選舉,2018,臺北市,信義區,松隆里,臺北市,3,姚文智,民主進步黨,238,
2018年直轄市長選舉,2018,臺北市,信義區,松隆里,臺北市,4,柯文哲,無黨籍及未經政黨推薦,470,*
2018年直轄市長選舉,2018,臺北市,信義區,松隆里,臺北市,5,李錫錕,無黨籍及未經政黨推薦,8,
2018年直轄市長選舉,2018,臺北市,信義區,松友里,臺北市,1,吳蕚洋,無黨籍及未經政黨推薦,16,
2018年直轄市長選舉,2018,臺北市,信義區,松友里,臺北市,2,丁守中,中國國民黨,1609,
2018年直轄市長選舉,2018,臺北市,信義區,松友里,臺北市,3,姚文智,民主進步黨,603,
2018年直轄市長選舉,2018,臺北市,信義區,松友里,臺北市,4,柯文哲,無黨籍及未經政黨推薦,1527,*
2018年直轄市長選舉,2018,臺北市,信義區,松友里,臺北市,5,李錫錕,無黨籍及未經政黨推薦,13,
2018年直轄市長選舉,2018,臺北市,信義區,松光里,臺北市,1,吳蕚洋,無黨籍及未經政黨推薦,7,
2018年直轄市長選舉,2018,臺北市,信義區,松光里,臺北市,2,丁守中,中國國民黨,1136,
2018年直轄市長選舉,2018,臺北市,信義區,松光里,臺北市,3,姚文智,民主進步黨,555,
2018年直轄市長選舉,2018,臺北市,信義區,松光里,臺北市,4,柯文哲,無黨籍及未經政黨推薦,1149,*
2018年直轄市長選舉,2018,臺北市,信義區,松光里,臺北市,5,李錫錕,無黨籍及未經政黨推薦,13,
2018年直轄市長選舉,2018,臺北市,信義區,中坡里,臺北市,1,吳蕚洋,無黨籍及未經政黨推薦,12,
2018年直轄市長選舉,2018,臺北市,信義區,中坡里,臺北市,2,丁守中,中國國民黨,1065,
2018年直轄市長選舉,2018,臺北市,信義區,中坡里,臺北市,3,姚文智,民主進步黨,477,
2018年直轄市長選舉,2018,臺北市,信義區,中坡里,臺北市,4,柯文哲,無黨籍及未經政黨推薦,1112,*
2018年直轄市長選舉,2018,臺北市,信義區,中坡里,臺北市,5,李錫錕,無黨籍及未經政黨推薦,10,
2018年直轄市長選舉,2018,臺北市,信義區,中行里,臺北市,1,吳蕚洋,無黨籍及未經政黨推薦,12,
2018年直轄市長選舉,2018,臺北市,信義區,中行里,臺北市,2,丁守中,中國國民黨,1702,
2018年直轄市長選舉,2018,臺北市,信義區,中行里,臺北市,3,姚文智,民主進步黨,925,
2018年直轄市長選舉,2018,臺北市,信義區,中行里,臺北市,4,柯文哲,無黨籍及未經政黨推薦,1980,*
2018年直轄市長選舉,2018,臺北市,信義區,中行里,臺北市,5,李錫錕,無黨籍及未經政黨推薦,13,
2018年直轄市長選舉,2018,臺北市,信義區,大道里,臺北市,1,吳蕚洋,無黨籍及未經政黨推薦,16,
2018年直轄市長選舉,2018,臺北市,信義區,大道里,臺北市,2,丁守中,中國國民黨,1439,
2018年直轄市長選舉,2018,臺北市,信義區,大道里,臺北市,3,姚文智,民主進步黨,665,
2018年直轄市長選舉,2018,臺北市,信義區,大道里,臺北市,4,柯文哲,無黨籍及未經政黨推薦,1409,*
2018年直轄市長選舉,2018,臺北市,信義區,大道里,臺北市,5,李錫錕,無黨籍及未經政黨推薦,10,
2018年直轄市長選舉,2018,臺北市,信義區,大仁里,臺北市,1,吳蕚洋,無黨籍及未經政黨推薦,7,
2018年直轄市長選舉,2018,臺北市,信義區,大仁里,臺北市,2,丁守中,中國國民黨,1005,
2018年直轄市長選舉,2018,臺北市,信義區,大仁里,臺北市,3,姚文智,民主進步黨,458,
2018年直轄市長選舉,2018,臺北市,信義區,大仁里,臺北市,4,柯文哲,無黨籍及未經政黨推薦,947,*
2018年直轄市長選舉,2018,臺北市,信義區,大仁里,臺北市,5,李錫錕,無黨籍及未經政黨推薦,9,
2018年直轄市長選舉,2018,臺北市,信義區,景新里,臺北市,1,吳蕚洋,無黨籍及未經政黨推薦,16,
2018年直轄市長選舉,2018,臺北市,信義區,景新里,臺北市,2,丁守中,中國國民黨,1376,
2018年直轄市長選舉,2018,臺北市,信義區,景新里,臺北市,3,姚文智,民主進步黨,390,
2018年直轄市長選舉,2018,臺北市,信義區,景新里,臺北市,4,柯文哲,無黨籍及未經政黨推薦,934,*
2018年直轄市長選舉,2018,臺北市,信義區,景新里,臺北市,5,李錫錕,無黨籍及未經政黨推薦,15,
2018年直轄市長選舉,2018,臺北市,信義區,惠安里,臺北市,1,吳蕚洋,無黨籍及未經政黨推薦,7,
2018年直轄市長選舉,2018,臺北市,信義區,惠安里,臺北市,2,丁守中,中國國民黨,1785,
2018年直轄市長選舉,2018,臺北市,信義區,惠安里,臺北市,3,姚文智,民主進步黨,485,
2018年直轄市長選舉,2018,臺北市,信義區,惠安里,臺北市,4,柯文哲,無黨籍及未經政黨推薦,1454,*
2018年直轄市長選舉,2018,臺北市,信義區,惠安里,臺北市,5,李錫錕,無黨籍及未經政黨推薦,13,
2018年直轄市長選舉,2018,臺北市,信義區,三張里,臺北市,1,吳蕚洋,無黨籍及未經政黨推薦,23,
2018年直轄市長選舉,2018,臺北市,信義區,三張里,臺北市,2,丁守中,中國國民黨,2463,
2018年直轄市長選舉,2018,臺北市,信義區,三張里,臺北市,3,姚文智,民主進步黨,777,
2018年直轄市長選舉,2018,臺北市,信義區,三張里,臺北市,4,柯文哲,無黨籍及未經政黨推薦,1976,*
2018年直轄市長選舉,2018,臺北市,信義區,三張里,臺北市,5,李錫錕,無黨籍及未經政黨推薦,21,
2018年直轄市長選舉,2018,臺北市,信義區,三犁里,臺北市,1,吳蕚洋,無黨籍及未經政黨推薦,10,
2018年直轄市長選舉,2018,臺北市,信義區,三犁里,臺北市,2,丁守中,中國國民黨,1307,
2018年直轄市長選舉,2018,臺北市,信義區,三犁里,臺北市,3,姚文智,民主進步黨,388,
2018年直轄市長選舉,2018,臺北市,信義區,三犁里,臺北市,4,柯文哲,無黨籍及未經政黨推薦,1123,*
2018年直轄市長選舉,2018,臺北市,信義區,三犁里,臺北市,5,李錫錕,無黨籍及未經政黨推薦,12,
2018年直轄市長選舉,2018,臺北市,信義區,六合里,臺北市,1,吳蕚洋,無黨籍及未經政黨推薦,14,
2018年直轄市長選舉,2018,臺北市,信義區,六合里,臺北市,2,丁守中,中國國民黨,1956,
2018年直轄市長選舉,2018,臺北市,信義區,六合里,臺北市,3,姚文智,民主進步黨,413,
2018年直轄市長選舉,2018,臺北市,信義區,六合里,臺北市,4,柯文哲,無黨籍及未經政黨推薦,1447,*
2018年直轄市長選舉,2018,臺北市,信義區,六合里,臺北市,5,李錫錕,無黨籍及未經政黨推薦,12,
2018年直轄市長選舉,2018,臺北市,信義區,泰和里,臺北市,1,吳蕚洋,無黨籍及未經政黨推薦,16,
2018年直轄市長選舉,2018,臺北市,信義區,泰和里,臺北市,2,丁守中,中國國民黨,1931,
2018年直轄市長選舉,2018,臺北市,信義區,泰和里,臺北市,3,姚文智,民主進步黨,669,
2018年直轄市長選舉,2018,臺北市,信義區,泰和里,臺北市,4,柯文哲,無黨籍及未經政黨推薦,1643,*
2018年直轄市長選舉,2018,臺北市,信義區,泰和里,臺北市,5,李錫錕,無黨籍及未經政黨推薦,24,
2018年直轄市長選舉,2018,臺北市,信義區,景聯里,臺北市,1,吳蕚洋,無黨籍及未經政黨推薦,10,
2018年直轄市長選舉,2018,臺北市,信義區,景聯里,臺北市,2,丁守中,中國國民黨,1156,
2018年直轄市長選舉,2018,臺北市,信義區,景聯里,臺北市,3,姚文智,民主進步黨,419,
2018年直轄市長選舉,2018,臺北市,信義區,景聯里,臺北市,4,柯文哲,無黨籍及未經政黨推薦,1048,*
2018年直轄市長選舉,2018,臺北市,信義區,景聯里,臺北市,5,李錫錕,無黨籍及未經政黨推薦,8,
2018年直轄市長選舉,2018,臺北市,信義區,景勤里,臺北市,1,吳蕚洋,無黨籍及未經政黨推薦,10,
2018年直轄市長選舉,2018,臺北市,信義區,景勤里,臺北市,2,丁守中,中國國民黨,1119,
2018年直轄市長選舉,2018,臺北市,信義區,景勤里,臺北市,3,姚文智,民主進步黨,369,
2018年直轄市長選舉,2018,臺北市,信義區,景勤里,臺北市,4,柯文哲,無黨籍及未經政黨推薦,816,*
2018年直轄市長選舉,2018,臺北市,信義區,景勤里,臺北市,5,李錫錕,無黨籍及未經政黨推薦,10,
2018年直轄市長選舉,2018,臺北市,信義區,雙和里,臺北市,1,吳蕚洋,無黨籍及未經政黨推薦,19,
2018年直轄市長選舉,2018,臺北市,信義區,雙和里,臺北市,2,丁守中,中國國民黨,1905,
2018年直轄市長選舉,2018,臺北市,信義區,雙和里,臺北市,3,姚文智,民主進步黨,541,
2018年直轄市長選舉,2018,臺北市,信義區,雙和里,臺北市,4,柯文哲,無黨籍及未經政黨推薦,1507,*
2018年直轄市長選舉,2018,臺北市,信義區,雙和里,臺北市,5,李錫錕,無黨籍及未經政黨推薦,14,
2018年直轄市長選舉,2018,臺北市,信義區,嘉興里,臺北市,1,吳蕚洋,無黨籍及未經政黨推薦,7,
2018年直轄市長選舉,2018,臺北市,信義區,嘉興里,臺北市,2,丁守中,中國國民黨,830,
2018年直轄市長選舉,2018,臺北市,信義區,嘉興里,臺北市,3,姚文智,民主進步黨,362,
2018年直轄市長選舉,2018,臺北市,信義區,嘉興里,臺北市,4,柯文哲,無黨籍及未經政黨推薦,728,*
2018年直轄市長選舉,2018,臺北市,信義區,嘉興里,臺北市,5,李錫錕,無黨籍及未經政黨推薦,8,
2018年直轄市長選舉,2018,臺北市,信義區,黎順里,臺北市,1,吳蕚洋,無黨籍及未經政黨推薦,11,
2018年直轄市長選舉,2018,臺北市,信義區,黎順里,臺北市,2,丁守中,中國國民黨,1073,
2018年直轄市長選舉,2018,臺北市,信義區,黎順里,臺北市,3,姚文智,民主進步黨,355,
2018年直轄市長選舉,2018,臺北市,信義區,黎順里,臺北市,4,柯文哲,無黨籍及未經政黨推薦,882,*
2018年直轄市長選舉,2018,臺北市,信義區,黎順里,臺北市,5,李錫錕,無黨籍及未經政黨推薦,8,
2018年直轄市長選舉,2018,臺北市,信義區,黎平里,臺北市,1,吳蕚洋,無黨籍及未經政黨推薦,15,
2018年直轄市長選舉,2018,臺北市,信義區,黎平里,臺北市,2,丁守中,中國國民黨,1792,
2018年直轄市長選舉,2018,臺北市,信義區,黎平里,臺北市,3,姚文智,民主進步黨,576,
2018年直轄市長選舉,2018,臺北市,信義區,黎平里,臺北市,4,柯文哲,無黨籍及未經政黨推薦,1529,*
2018年直轄市長選舉,2018,臺北市,信義區,黎平里,臺北市,5,李錫錕,無黨籍及未經政黨推薦,19,
2018年直轄市長選舉,2018,臺北市,信義區,黎忠里,臺北市,1,吳蕚洋,無黨籍及未經政黨推薦,8,
2018年直轄市長選舉,2018,臺北市,信義區,黎忠里,臺北市,2,丁守中,中國國民黨,1257,
2018年直轄市長選舉,2018,臺北市,信義區,黎忠里,臺北市,3,姚文智,民主進步黨,446,
2018年直轄市長選舉,2018,臺北市,信義區,黎忠里,臺北市,4,柯文哲,無黨籍及未經政黨推薦,1103,*
2018年直轄市長選舉,2018,臺北市,信義區,黎忠里,臺北市,5,李錫錕,無黨籍及未經政黨推薦,14,
2018年直轄市長選舉,2018,臺北市,信義區,黎安里,臺北市,1,吳蕚洋,無黨籍及未經政黨推薦,14,
2018年直轄市長選舉,2018,臺北市,信義區,黎安里,臺北市,2,丁守中,中國國民黨,695,
2018年直轄市長選舉,2018,臺北市,信義區,黎安里,臺北市,3,姚文智,民主進步黨,155,
2018年直轄市長選舉,2018,臺北市,信義區,黎安里,臺北市,4,柯文哲,無黨籍及未經政黨推薦,331,*
2018年直轄市長選舉,2018,臺北市,信義區,黎安里,臺北市,5,李錫錕,無黨籍及未經政黨推薦,4,
2018年直轄市長選舉,2018,臺北市,大安區,德安里,臺北市,1,吳蕚洋,無黨籍及未經政黨推薦,11,
2018年直轄市長選舉,2018,臺北市,大安區,德安里,臺北市,2,丁守中,中國國民黨,1483,
2018年直轄市長選舉,2018,臺北市,大安區,德安里,臺北市,3,姚文智,民主進步黨,457,
2018年直轄市長選舉,2018,臺北市,大安區,德安里,臺北市,4,柯文哲,無黨籍及未經政黨推薦,1047,*
2018年直轄市長選舉,2018,臺北市,大安區,德安里,臺北市,5,李錫錕,無黨籍及未經政黨推薦,12,
2018年直轄市長選舉,2018,臺北市,大安區,仁慈里,臺北市,1,吳蕚洋,無黨籍及未經政黨推薦,5,
2018年直轄市長選舉,2018,臺北市,大安區,仁慈里,臺北市,2,丁守中,中國國民黨,1162,
2018年直轄市長選舉,2018,臺北市,大安區,仁慈里,臺北市,3,姚文智,民主進步黨,455,
2018年直轄市長選舉,2018,臺北市,大安區,仁慈里,臺北市,4,柯文哲,無黨籍及未經政黨推薦,1090,*
2018年直轄市長選舉,2018,臺北市,大安區,仁慈里,臺北市,5,李錫錕,無黨籍及未經政黨推薦,8,
2018年直轄市長選舉,2018,臺北市,大安區,和安里,臺北市,1,吳蕚洋,無黨籍及未經政黨推薦,9,
2018年直轄市長選舉,2018,臺北市,大安區,和安里,臺北市,2,丁守中,中國國民黨,1647,
2018年直轄市長選舉,2018,臺北市,大安區,和安里,臺北市,3,姚文智,民主進步黨,499,
2018年直轄市長選舉,2018,臺北市,大安區,和安里,臺北市,4,柯文哲,無黨籍及未經政黨推薦,1464,*
2018年直轄市長選舉,2018,臺北市,大安區,和安里,臺北市,5,李錫錕,無黨籍及未經政黨推薦,15,
2018年直轄市長選舉,2018,臺北市,大安區,民炤里,臺北市,1,吳蕚洋,無黨籍及未經政黨推薦,16,
2018年直轄市長選舉,2018,臺北市,大安區,民炤里,臺北市,2,丁守中,中國國民黨,1732,
2018年直轄市長選舉,2018,臺北市,大安區,民炤里,臺北市,3,姚文智,民主進步黨,741,
2018年直轄市長選舉,2018,臺北市,大安區,民炤里,臺北市,4,柯文哲,無黨籍及未經政黨推薦,1646,*
2018年直轄市長選舉,2018,臺北市,大安區,民炤里,臺北市,5,李錫錕,無黨籍及未經政黨推薦,16,
2018年直轄市長選舉,2018,臺北市,大安區,仁愛里,臺北市,1,吳蕚洋,無黨籍及未經政黨推薦,9,
2018年直轄市長選舉,2018,臺北市,大安區,仁愛里,臺北市,2,丁守中,中國國民黨,1215,
2018年直轄市長選舉,2018,臺北市,大安區,仁愛里,臺北市,3,姚文智,民主進步黨,459,
2018年直轄市長選舉,2018,臺北市,大安區,仁愛里,臺北市,4,柯文哲,無黨籍及未經政黨推薦,898,*
2018年直轄市長選舉,2018,臺北市,大安區,仁愛里,臺北市,5,李錫錕,無黨籍及未經政黨推薦,9,
2018年直轄市長選舉,2018,臺北市,大安區,義村里,臺北市,1,吳蕚洋,無黨籍及未經政黨推薦,10,
2018年直轄市長選舉,2018,臺北市,大安區,義村里,臺北市,2,丁守中,中國國民黨,1764,
2018年直轄市長選舉,2018,臺北市,大安區,義村里,臺北市,3,姚文智,民主進步黨,360,
2018年直轄市長選舉,2018,臺北市,大安區,義村里,臺北市,4,柯文哲,無黨籍及未經政黨推薦,1102,*
2018年直轄市長選舉,2018,臺北市,大安區,義村里,臺北市,5,李錫錕,無黨籍及未經政黨推薦,13,
2018年直轄市長選舉,2018,臺北市,大安區,民輝里,臺北市,1,吳蕚洋,無黨籍及未經政黨推薦,16,
2018年直轄市長選舉,2018,臺北市,大安區,民輝里,臺北市,2,丁守中,中國國民黨,1539,
2018年直轄市長選舉,2018,臺北市,大安區,民輝里,臺北市,3,姚文智,民主進步黨,642,
2018年直轄市長選舉,2018,臺北市,大安區,民輝里,臺北市,4,柯文哲,無黨籍及未經政黨推薦,1458,*
2018年直轄市長選舉,2018,臺北市,大安區,民輝里,臺北市,5,李錫錕,無黨籍及未經政黨推薦,23,
2018年直轄市長選舉,2018,臺北市,大安區,昌隆里,臺北市,1,吳蕚洋,無黨籍及未經政黨推薦,9,
2018年直轄市長選舉,2018,臺北市,大安區,昌隆里,臺北市,2,丁守中,中國國民黨,717,
2018年直轄市長選舉,2018,臺北市,大安區,昌隆里,臺北市,3,姚文智,民主進步黨,323,
2018年直轄市長選舉,2018,臺北市,大安區,昌隆里,臺北市,4,柯文哲,無黨籍及未經政黨推薦,647,*
2018年直轄市長選舉,2018,臺北市,大安區,昌隆里,臺北市,5,李錫錕,無黨籍及未經政黨推薦,6,
2018年直轄市長選舉,2018,臺北市,大安區,誠安里,臺北市,1,吳蕚洋,無黨籍及未經政黨推薦,9,
2018年直轄市長選舉,2018,臺北市,大安區,誠安里,臺北市,2,丁守中,中國國民黨,967,
2018年直轄市長選舉,2018,臺北市,大安區,誠安里,臺北市,3,姚文智,民主進步黨,413,
2018年直轄市長選舉,2018,臺北市,大安區,誠安里,臺北市,4,柯文哲,無黨籍及未經政黨推薦,813,*
2018年直轄市長選舉,2018,臺北市,大安區,誠安里,臺北市,5,李錫錕,無黨籍及未經政黨推薦,9,
2018年直轄市長選舉,2018,臺北市,大安區,光武里,臺北市,1,吳蕚洋,無黨籍及未經政黨推薦,19,
2018年直轄市長選舉,2018,臺北市,大安區,光武里,臺北市,2,丁守中,中國國民黨,1782,
2018年直轄市長選舉,2018,臺北市,大安區,光武里,臺北市,3,姚文智,民主進步黨,703,
2018年直轄市長選舉,2018,臺北市,大安區,光武里,臺北市,4,柯文哲,無黨籍及未經政黨推薦,1350,*
2018年直轄市長選舉,2018,臺北市,大安區,光武里,臺北市,5,李錫錕,無黨籍及未經政黨推薦,15,
2018年直轄市長選舉,2018,臺北市,大安區,龍坡里,臺北市,1,吳蕚洋,無黨籍及未經政黨推薦,8,
2018年直轄市長選舉,2018,臺北市,大安區,龍坡里,臺北市,2,丁守中,中國國民黨,1398,
2018年直轄市長選舉,2018,臺北市,大安區,龍坡里,臺北市,3,姚文智,民主進步黨,433,
2018年直轄市長選舉,2018,臺北市,大安區,龍坡里,臺北市,4,柯文哲,無黨籍及未經政黨推薦,1208,*
2018年直轄市長選舉,2018,臺北市,大安區,龍坡里,臺北市,5,李錫錕,無黨籍及未經政黨推薦,14,
2018年直轄市長選舉,2018,臺北市,大安區,龍泉里,臺北市,1,吳蕚洋,無黨籍及未經政黨推薦,15,
2018年直轄市長選舉,2018,臺北市,大安區,龍泉里,臺北市,2,丁守中,中國國民黨,1040,
2018年直轄市長選舉,2018,臺北市,大安區,龍泉里,臺北市,3,姚文智,民主進步黨,387,
2018年直轄市長選舉,2018,臺北市,大安區,龍泉里,臺北市,4,柯文哲,無黨籍及未經政黨推薦,1051,*
2018年直轄市長選舉,2018,臺北市,大安區,龍泉里,臺北市,5,李錫錕,無黨籍及未經政黨推薦,7,
2018年直轄市長選舉,2018,臺北市,大安區,古風里,臺北市,1,吳蕚洋,無黨籍及未經政黨推薦,10,
2018年直轄市長選舉,2018,臺北市,大安區,古風里,臺北市,2,丁守中,中國國民黨,1015,
2018年直轄市長選舉,2018,臺北市,大安區,古風里,臺北市,3,姚文智,民主進步黨,370,
2018年直轄市長選舉,2018,臺北市,大安區,古風里,臺北市,4,柯文哲,無黨籍及未經政黨推薦,935,*
2018年直轄市長選舉,2018,臺北市,大安區,古風里,臺北市,5,李錫錕,無黨籍及未經政黨推薦,8,
2018年直轄市長選舉,2018,臺北市,大安區,古莊里,臺北市,1,吳蕚洋,無黨籍及未經政黨推薦,16,
2018年直轄市長選舉,2018,臺北市,大安區,古莊里,臺北市,2,丁守中,中國國民黨,1705,
2018年直轄市長選舉,2018,臺北市,大安區,古莊里,臺北市,3,姚文智,民主進步黨,597,
2018年直轄市長選舉,2018,臺北市,大安區,古莊里,臺北市,4,柯文哲,無黨籍及未經政黨推薦,1714,*
2018年直轄市長選舉,2018,臺北市,大安區,古莊里,臺北市,5,李錫錕,無黨籍及未經政黨推薦,14,
2018年直轄市長選舉,2018,臺北市,大安區,龍安里,臺北市,1,吳蕚洋,無黨籍及未經政黨推薦,15,
2018年直轄市長選舉,2018,臺北市,大安區,龍安里,臺北市,2,丁守中,中國國民黨,1411,
2018年直轄市長選舉,2018,臺北市,大安區,龍安里,臺北市,3,姚文智,民主進步黨,502,
2018年直轄市長選舉,2018,臺北市,大安區,龍安里,臺北市,4,柯文哲,無黨籍及未經政黨推薦,1450,*
2018年直轄市長選舉,2018,臺北市,大安區,龍安里,臺北市,5,李錫錕,無黨籍及未經政黨推薦,18,
2018年直轄市長選舉,2018,臺北市,大安區,錦安里,臺北市,1,吳蕚洋,無黨籍及未經政黨推薦,17,
2018年直轄市長選舉,2018,臺北市,大安區,錦安里,臺北市,2,丁守中,中國國民黨,1378,
2018年直轄市長選舉,2018,臺北市,大安區,錦安里,臺北市,3,姚文智,民主進步黨,442,
2018年直轄市長選舉,2018,臺北市,大安區,錦安里,臺北市,4,柯文哲,無黨籍及未經政黨推薦,1311,*
2018年直轄市長選舉,2018,臺北市,大安區,錦安里,臺北市,5,李錫錕,無黨籍及未經政黨推薦,13,
2018年直轄市長選舉,2018,臺北市,大安區,福住里,臺北市,1,吳蕚洋,無黨籍及未經政黨推薦,15,
2018年直轄市長選舉,2018,臺北市,大安區,福住里,臺北市,2,丁守中,中國國民黨,1351,
2018年直轄市長選舉,2018,臺北市,大安區,福住里,臺北市,3,姚文智,民主進步黨,457,
2018年直轄市長選舉,2018,臺北市,大安區,福住里,臺北市,4,柯文哲,無黨籍及未經政黨推薦,1343,*
2018年直轄市長選舉,2018,臺北市,大安區,福住里,臺北市,5,李錫錕,無黨籍及未經政黨推薦,14,
2018年直轄市長選舉,2018,臺北市,大安區,永康里,臺北市,1,吳蕚洋,無黨籍及未經政黨推薦,10,
2018年直轄市長選舉,2018,臺北市,大安區,永康里,臺北市,2,丁守中,中國國民黨,835,
2018年直轄市長選舉,2018,臺北市,大安區,永康里,臺北市,3,姚文智,民主進步黨,283,
2018年直轄市長選舉,2018,臺北市,大安區,永康里,臺北市,4,柯文哲,無黨籍及未經政黨推薦,788,*
2018年直轄市長選舉,2018,臺北市,大安區,永康里,臺北市,5,李錫錕,無黨籍及未經政黨推薦,4,
2018年直轄市長選舉,2018,臺北市,大安區,光明里,臺北市,1,吳蕚洋,無黨籍及未經政黨推薦,6,
2018年直轄市長選舉,2018,臺北市,大安區,光明里,臺北市,2,丁守中,中國國民黨,740,
2018年直轄市長選舉,2018,臺北市,大安區,光明里,臺北市,3,姚文智,民主進步黨,240,
2018年直轄市長選舉,2018,臺北市,大安區,光明里,臺北市,4,柯文哲,無黨籍及未經政黨推薦,882,*
2018年直轄市長選舉,2018,臺北市,大安區,光明里,臺北市,5,李錫錕,無黨籍及未經政黨推薦,9,
2018年直轄市長選舉,2018,臺北市,大安區,錦泰里,臺北市,1,吳蕚洋,無黨籍及未經政黨推薦,5,
2018年直轄市長選舉,2018,臺北市,大安區,錦泰里,臺北市,2,丁守中,中國國民黨,872,
2018年直轄市長選舉,2018,臺北市,大安區,錦泰里,臺北市,3,姚文智,民主進步黨,221,
2018年直轄市長選舉,2018,臺北市,大安區,錦泰里,臺北市,4,柯文哲,無黨籍及未經政黨推薦,754,*
2018年直轄市長選舉,2018,臺北市,大安區,錦泰里,臺北市,5,李錫錕,無黨籍及未經政黨推薦,9,
2018年直轄市長選舉,2018,臺北市,大安區,錦華里,臺北市,1,吳蕚洋,無黨籍及未經政黨推薦,17,
2018年直轄市長選舉,2018,臺北市,大安區,錦華里,臺北市,2,丁守中,中國國民黨,1278,
2018年直轄市長選舉,2018,臺北市,大安區,錦華里,臺北市,3,姚文智,民主進步黨,395,
2018年直轄市長選舉,2018,臺北市,大安區,錦華里,臺北市,4,柯文哲,無黨籍及未經政黨推薦,1232,*
2018年直轄市長選舉,2018,臺北市,大安區,錦華里,臺北市,5,李錫錕,無黨籍及未經政黨推薦,16,
2018年直轄市長選舉,2018,臺北市,大安區,龍圖里,臺北市,1,吳蕚洋,無黨籍及未經政黨推薦,14,
2018年直轄市長選舉,2018,臺北市,大安區,龍圖里,臺北市,2,丁守中,中國國民黨,1724,
2018年直轄市長選舉,2018,臺北市,大安區,龍圖里,臺北市,3,姚文智,民主進步黨,516,
2018年直轄市長選舉,2018,臺北市,大安區,龍圖里,臺北市,4,柯文哲,無黨籍及未經政黨推薦,1376,*
2018年直轄市長選舉,2018,臺北市,大安區,龍圖里,臺北市,5,李錫錕,無黨籍及未經政黨推薦,15,
2018年直轄市長選舉,2018,臺北市,大安區,新龍里,臺北市,1,吳蕚洋,無黨籍及未經政黨推薦,12,
2018年直轄市長選舉,2018,臺北市,大安區,新龍里,臺北市,2,丁守中,中國國民黨,2033,
2018年直轄市長選舉,2018,臺北市,大安區,新龍里,臺北市,3,姚文智,民主進步黨,320,
2018年直轄市長選舉,2018,臺北市,大安區,新龍里,臺北市,4,柯文哲,無黨籍及未經政黨推薦,1416,*
2018年直轄市長選舉,2018,臺北市,大安區,新龍里,臺北市,5,李錫錕,無黨籍及未經政黨推薦,17,
2018年直轄市長選舉,2018,臺北市,大安區,龍陣里,臺北市,1,吳蕚洋,無黨籍及未經政黨推薦,4,
2018年直轄市長選舉,2018,臺北市,大安區,龍陣里,臺北市,2,丁守中,中國國民黨,939,
2018年直轄市長選舉,2018,臺北市,大安區,龍陣里,臺北市,3,姚文智,民主進步黨,332,
2018年直轄市長選舉,2018,臺北市,大安區,龍陣里,臺北市,4,柯文哲,無黨籍及未經政黨推薦,716,*
2018年直轄市長選舉,2018,臺北市,大安區,龍陣里,臺北市,5,李錫錕,無黨籍及未經政黨推薦,10,
2018年直轄市長選舉,2018,臺北市,大安區,龍雲里,臺北市,1,吳蕚洋,無黨籍及未經政黨推薦,7,
2018年直轄市長選舉,2018,臺北市,大安區,龍雲里,臺北市,2,丁守中,中國國民黨,1191,
2018年直轄市長選舉,2018,臺北市,大安區,龍雲里,臺北市,3,姚文智,民主進步黨,459,
2018年直轄市長選舉,2018,臺北市,大安區,龍雲里,臺北市,4,柯文哲,無黨籍及未經政黨推薦,1003,*
2018年直轄市長選舉,2018,臺北市,大安區,龍雲里,臺北市,5,李錫錕,無黨籍及未經政黨推薦,11,
2018年直轄市長選舉,2018,臺北市,大安區,龍生里,臺北市,1,吳蕚洋,無黨籍及未經政黨推薦,9,
2018年直轄市長選舉,2018,臺北市,大安區,龍生里,臺北市,2,丁守中,中國國民黨,1683,
2018年直轄市長選舉,2018,臺北市,大安區,龍生里,臺北市,3,姚文智,民主進步黨,478,
2018年直轄市長選舉,2018,臺北市,大安區,龍生里,臺北市,4,柯文哲,無黨籍及未經政黨推薦,1404,*
2018年直轄市長選舉,2018,臺北市,大安區,龍生里,臺北市,5,李錫錕,無黨籍及未經政黨推薦,12,
2018年直轄市長選舉,2018,臺北市,大安區,住安里,臺北市,1,吳蕚洋,無黨籍及未經政黨推薦,10,
2018年直轄市長選舉,2018,臺北市,大安區,住安里,臺北市,2,丁守中,中國國民黨,1290,
2018年直轄市長選舉,2018,臺北市,大安區,住安里,臺北市,3,姚文智,民主進步黨,461,
2018年直轄市長選舉,2018,臺北市,大安區,住安里,臺北市,4,柯文哲,無黨籍及未經政黨推薦,962,*
2018年直轄市長選舉,2018,臺北市,大安區,住安里,臺北市,5,李錫錕,無黨籍及未經政黨推薦,12,
2018年直轄市長選舉,2018,臺北市,大安區,義安里,臺北市,1,吳蕚洋,無黨籍及未經政黨推薦,10,
2018年直轄市長選舉,2018,臺北市,大安區,義安里,臺北市,2,丁守中,中國國民黨,1410,
2018年直轄市長選舉,2018,臺北市,大安區,義安里,臺北市,3,姚文智,民主進步黨,419,
2018年直轄市長選舉,2018,臺北市,大安區,義安里,臺北市,4,柯文哲,無黨籍及未經政黨推薦,1082,*
2018年直轄市長選舉,2018,臺北市,大安區,義安里,臺北市,5,李錫錕,無黨籍及未經政黨推薦,17,
2018年直轄市長選舉,2018,臺北市,大安區,通化里,臺北市,1,吳蕚洋,無黨籍及未經政黨推薦,12,
2018年直轄市長選舉,2018,臺北市,大安區,通化里,臺北市,2,丁守中,中國國民黨,1312,
2018年直轄市長選舉,2018,臺北市,大安區,通化里,臺北市,3,姚文智,民主進步黨,646,
2018年直轄市長選舉,2018,臺北市,大安區,通化里,臺北市,4,柯文哲,無黨籍及未經政黨推薦,1371,*
2018年直轄市長選舉,2018,臺北市,大安區,通化里,臺北市,5,李錫錕,無黨籍及未經政黨推薦,11,
2018年直轄市長選舉,2018,臺北市,大安區,通安里,臺北市,1,吳蕚洋,無黨籍及未經政黨推薦,10,
2018年直轄市長選舉,2018,臺北市,大安區,通安里,臺北市,2,丁守中,中國國民黨,1389,
2018年直轄市長選舉,2018,臺北市,大安區,通安里,臺北市,3,姚文智,民主進步黨,567,
2018年直轄市長選舉,2018,臺北市,大安區,通安里,臺北市,4,柯文哲,無黨籍及未經政黨推薦,1197,*
2018年直轄市長選舉,2018,臺北市,大安區,通安里,臺北市,5,李錫錕,無黨籍及未經政黨推薦,22,
2018年直轄市長選舉,2018,臺北市,大安區,臨江里,臺北市,1,吳蕚洋,無黨籍及未經政黨推薦,4,
2018年直轄市長選舉,2018,臺北市,大安區,臨江里,臺北市,2,丁守中,中國國民黨,1077,
2018年直轄市長選舉,2018,臺北市,大安區,臨江里,臺北市,3,姚文智,民主進步黨,426,
2018年直轄市長選舉,2018,臺北市,大安區,臨江里,臺北市,4,柯文哲,無黨籍及未經政黨推薦,870,*
2018年直轄市長選舉,2018,臺北市,大安區,臨江里,臺北市,5,李錫錕,無黨籍及未經政黨推薦,10,
2018年直轄市長選舉,2018,臺北市,大安區,法治里,臺北市,1,吳蕚洋,無黨籍及未經政黨推薦,12,
2018年直轄市長選舉,2018,臺北市,大安區,法治里,臺北市,2,丁守中,中國國民黨,1237,
2018年直轄市長選舉,2018,臺北市,大安區,法治里,臺北市,3,姚文智,民主進步黨,361,
2018年直轄市長選舉,2018,臺北市,大安區,法治里,臺北市,4,柯文哲,無黨籍及未經政黨推薦,940,*
2018年直轄市長選舉,2018,臺北市,大安區,法治里,臺北市,5,李錫錕,無黨籍及未經政黨推薦,19,
2018年直轄市長選舉,2018,臺北市,大安區,全安里,臺北市,1,吳蕚洋,無黨籍及未經政黨推薦,10,
2018年直轄市長選舉,2018,臺北市,大安區,全安里,臺北市,2,丁守中,中國國民黨,1122,
2018年直轄市長選舉,2018,臺北市,大安區,全安里,臺北市,3,姚文智,民主進步黨,306,
2018年直轄市長選舉,2018,臺北市,大安區,全安里,臺北市,4,柯文哲,無黨籍及未經政黨推薦,923,*
2018年直轄市長選舉,2018,臺北市,大安區,全安里,臺北市,5,李錫錕,無黨籍及未經政黨推薦,11,
2018年直轄市長選舉,2018,臺北市,大安區,群賢里,臺北市,1,吳蕚洋,無黨籍及未經政黨推薦,10,
2018年直轄市長選舉,2018,臺北市,大安區,群賢里,臺北市,2,丁守中,中國國民黨,1625,
2018年直轄市長選舉,2018,臺北市,大安區,群賢里,臺北市,3,姚文智,民主進步黨,453,
2018年直轄市長選舉,2018,臺北市,大安區,群賢里,臺北市,4,柯文哲,無黨籍及未經政黨推薦,1203,*
2018年直轄市長選舉,2018,臺北市,大安區,群賢里,臺北市,5,李錫錕,無黨籍及未經政黨推薦,14,
2018年直轄市長選舉,2018,臺北市,大安區,群英里,臺北市,1,吳蕚洋,無黨籍及未經政黨推薦,22,
2018年直轄市長選舉,2018,臺北市,大安區,群英里,臺北市,2,丁守中,中國國民黨,2400,
2018年直轄市長選舉,2018,臺北市,大安區,群英里,臺北市,3,姚文智,民主進步黨,295,
2018年直轄市長選舉,2018,臺北市,大安區,群英里,臺北市,4,柯文哲,無黨籍及未經政黨推薦,1333,*
2018年直轄市長選舉,2018,臺北市,大安區,群英里,臺北市,5,李錫錕,無黨籍及未經政黨推薦,8,
2018年直轄市長選舉,2018,臺北市,大安區,虎嘯里,臺北市,1,吳蕚洋,無黨籍及未經政黨推薦,9,
2018年直轄市長選舉,2018,臺北市,大安區,虎嘯里,臺北市,2,丁守中,中國國民黨,957,
2018年直轄市長選舉,2018,臺北市,大安區,虎嘯里,臺北市,3,姚文智,民主進步黨,283,
2018年直轄市長選舉,2018,臺北市,大安區,虎嘯里,臺北市,4,柯文哲,無黨籍及未經政黨推薦,816,*
2018年直轄市長選舉,2018,臺北市,大安區,虎嘯里,臺北市,5,李錫錕,無黨籍及未經政黨推薦,6,
2018年直轄市長選舉,2018,臺北市,大安區,臥龍里,臺北市,1,吳蕚洋,無黨籍及未經政黨推薦,1,
2018年直轄市長選舉,2018,臺北市,大安區,臥龍里,臺北市,2,丁守中,中國國民黨,581,
2018年直轄市長選舉,2018,臺北市,大安區,臥龍里,臺北市,3,姚文智,民主進步黨,150,
2018年直轄市長選舉,2018,臺北市,大安區,臥龍里,臺北市,4,柯文哲,無黨籍及未經政黨推薦,485,*
2018年直轄市長選舉,2018,臺北市,大安區,臥龍里,臺北市,5,李錫錕,無黨籍及未經政黨推薦,3,
2018年直轄市長選舉,2018,臺北市,大安區,龍淵里,臺北市,1,吳蕚洋,無黨籍及未經政黨推薦,13,
2018年直轄市長選舉,2018,臺北市,大安區,龍淵里,臺北市,2,丁守中,中國國民黨,2152,
2018年直轄市長選舉,2018,臺北市,大安區,龍淵里,臺北市,3,姚文智,民主進步黨,658,
2018年直轄市長選舉,2018,臺北市,大安區,龍淵里,臺北市,4,柯文哲,無黨籍及未經政黨推薦,2026,*
2018年直轄市長選舉,2018,臺北市,大安區,龍淵里,臺北市,5,李錫錕,無黨籍及未經政黨推薦,23,
2018年直轄市長選舉,2018,臺北市,大安區,龍門里,臺北市,1,吳蕚洋,無黨籍及未經政黨推薦,10,
2018年直轄市長選舉,2018,臺北市,大安區,龍門里,臺北市,2,丁守中,中國國民黨,974,
2018年直轄市長選舉,2018,臺北市,大安區,龍門里,臺北市,3,姚文智,民主進步黨,357,
2018年直轄市長選舉,2018,臺北市,大安區,龍門里,臺北市,4,柯文哲,無黨籍及未經政黨推薦,970,*
2018年直轄市長選舉,2018,臺北市,大安區,龍門里,臺北市,5,李錫錕,無黨籍及未經政黨推薦,11,
2018年直轄市長選舉,2018,臺北市,大安區,大學里,臺北市,1,吳蕚洋,無黨籍及未經政黨推薦,17,
2018年直轄市長選舉,2018,臺北市,大安區,大學里,臺北市,2,丁守中,中國國民黨,2095,
2018年直轄市長選舉,2018,臺北市,大安區,大學里,臺北市,3,姚文智,民主進步黨,701,
2018年直轄市長選舉,2018,臺北市,大安區,大學里,臺北市,4,柯文哲,無黨籍及未經政黨推薦,1851,*
2018年直轄市長選舉,2018,臺北市,大安區,大學里,臺北市,5,李錫錕,無黨籍及未經政黨推薦,26,
2018年直轄市長選舉,2018,臺北市,大安區,芳和里,臺北市,1,吳蕚洋,無黨籍及未經政黨推薦,19,
2018年直轄市長選舉,2018,臺北市,大安區,芳和里,臺北市,2,丁守中,中國國民黨,1567,
2018年直轄市長選舉,2018,臺北市,大安區,芳和里,臺北市,3,姚文智,民主進步黨,512,
2018年直轄市長選舉,2018,臺北市,大安區,芳和里,臺北市,4,柯文哲,無黨籍及未經政黨推薦,1178,*
2018年直轄市長選舉,2018,臺北市,大安區,芳和里,臺北市,5,李錫錕,無黨籍及未經政黨推薦,15,
2018年直轄市長選舉,2018,臺北市,大安區,黎元里,臺北市,1,吳蕚洋,無黨籍及未經政黨推薦,12,
2018年直轄市長選舉,2018,臺北市,大安區,黎元里,臺北市,2,丁守中,中國國民黨,1318,
2018年直轄市長選舉,2018,臺北市,大安區,黎元里,臺北市,3,姚文智,民主進步黨,492,
2018年直轄市長選舉,2018,臺北市,大安區,黎元里,臺北市,4,柯文哲,無黨籍及未經政黨推薦,1325,*
2018年直轄市長選舉,2018,臺北市,大安區,黎元里,臺北市,5,李錫錕,無黨籍及未經政黨推薦,13,
2018年直轄市長選舉,2018,臺北市,大安區,黎孝里,臺北市,1,吳蕚洋,無黨籍及未經政黨推薦,17,
2018年直轄市長選舉,2018,臺北市,大安區,黎孝里,臺北市,2,丁守中,中國國民黨,2012,
2018年直轄市長選舉,2018,臺北市,大安區,黎孝里,臺北市,3,姚文智,民主進步黨,632,
2018年直轄市長選舉,2018,臺北市,大安區,黎孝里,臺北市,4,柯文哲,無黨籍及未經政黨推薦,1790,*
2018年直轄市長選舉,2018,臺北市,大安區,黎孝里,臺北市,5,李錫錕,無黨籍及未經政黨推薦,16,
2018年直轄市長選舉,2018,臺北市,大安區,黎和里,臺北市,1,吳蕚洋,無黨籍及未經政黨推薦,8,
2018年直轄市長選舉,2018,臺北市,大安區,黎和里,臺北市,2,丁守中,中國國民黨,1295,
2018年直轄市長選舉,2018,臺北市,大安區,黎和里,臺北市,3,姚文智,民主進步黨,357,
2018年直轄市長選舉,2018,臺北市,大安區,黎和里,臺北市,4,柯文哲,無黨籍及未經政黨推薦,979,*
2018年直轄市長選舉,2018,臺北市,大安區,黎和里,臺北市,5,李錫錕,無黨籍及未經政黨推薦,11,
2018年直轄市長選舉,2018,臺北市,大安區,建安里,臺北市,1,吳蕚洋,無黨籍及未經政黨推薦,8,
2018年直轄市長選舉,2018,臺北市,大安區,建安里,臺北市,2,丁守中,中國國民黨,1186,
2018年直轄市長選舉,2018,臺北市,大安區,建安里,臺北市,3,姚文智,民主進步黨,374,
2018年直轄市長選舉,2018,臺北市,大安區,建安里,臺北市,4,柯文哲,無黨籍及未經政黨推薦,904,*
2018年直轄市長選舉,2018,臺北市,大安區,建安里,臺北市,5,李錫錕,無黨籍及未經政黨推薦,13,
2018年直轄市長選舉,2018,臺北市,大安區,建倫里,臺北市,1,吳蕚洋,無黨籍及未經政黨推薦,5,
2018年直轄市長選舉,2018,臺北市,大安區,建倫里,臺北市,2,丁守中,中國國民黨,1476,
2018年直轄市長選舉,2018,臺北市,大安區,建倫里,臺北市,3,姚文智,民主進步黨,495,
2018年直轄市長選舉,2018,臺北市,大安區,建倫里,臺北市,4,柯文哲,無黨籍及未經政黨推薦,1116,*
2018年直轄市長選舉,2018,臺北市,大安區,建倫里,臺北市,5,李錫錕,無黨籍及未經政黨推薦,8,
2018年直轄市長選舉,2018,臺北市,大安區,敦安里,臺北市,1,吳蕚洋,無黨籍及未經政黨推薦,10,
2018年直轄市長選舉,2018,臺北市,大安區,敦安里,臺北市,2,丁守中,中國國民黨,1414,
2018年直轄市長選舉,2018,臺北市,大安區,敦安里,臺北市,3,姚文智,民主進步黨,586,
2018年直轄市長選舉,2018,臺北市,大安區,敦安里,臺北市,4,柯文哲,無黨籍及未經政黨推薦,1252,*
2018年直轄市長選舉,2018,臺北市,大安區,敦安里,臺北市,5,李錫錕,無黨籍及未經政黨推薦,11,
2018年直轄市長選舉,2018,臺北市,大安區,正聲里,臺北市,1,吳蕚洋,無黨籍及未經政黨推薦,5,
2018年直轄市長選舉,2018,臺北市,大安區,正聲里,臺北市,2,丁守中,中國國民黨,1136,
2018年直轄市長選舉,2018,臺北市,大安區,正聲里,臺北市,3,姚文智,民主進步黨,336,
2018年直轄市長選舉,2018,臺北市,大安區,正聲里,臺北市,4,柯文哲,無黨籍及未經政黨推薦,972,*
2018年直轄市長選舉,2018,臺北市,大安區,正聲里,臺北市,5,李錫錕,無黨籍及未經政黨推薦,8,
2018年直轄市長選舉,2018,臺北市,大安區,敦煌里,臺北市,1,吳蕚洋,無黨籍及未經政黨推薦,9,
2018年直轄市長選舉,2018,臺北市,大安區,敦煌里,臺北市,2,丁守中,中國國民黨,1400,
2018年直轄市長選舉,2018,臺北市,大安區,敦煌里,臺北市,3,姚文智,民主進步黨,530,
2018年直轄市長選舉,2018,臺北市,大安區,敦煌里,臺北市,4,柯文哲,無黨籍及未經政黨推薦,1244,*
2018年直轄市長選舉,2018,臺北市,大安區,敦煌里,臺北市,5,李錫錕,無黨籍及未經政黨推薦,6,
2018年直轄市長選舉,2018,臺北市,大安區,華聲里,臺北市,1,吳蕚洋,無黨籍及未經政黨推薦,9,
2018年直轄市長選舉,2018,臺北市,大安區,華聲里,臺北市,2,丁守中,中國國民黨,1063,
2018年直轄市長選舉,2018,臺北市,大安區,華聲里,臺北市,3,姚文智,民主進步黨,335,
2018年直轄市長選舉,2018,臺北市,大安區,華聲里,臺北市,4,柯文哲,無黨籍及未經政黨推薦,854,*
2018年直轄市長選舉,2018,臺北市,大安區,華聲里,臺北市,5,李錫錕,無黨籍及未經政黨推薦,13,
2018年直轄市長選舉,2018,臺北市,大安區,車層里,臺北市,1,吳蕚洋,無黨籍及未經政黨推薦,14,
2018年直轄市長選舉,2018,臺北市,大安區,車層里,臺北市,2,丁守中,中國國民黨,1522,
2018年直轄市長選舉,2018,臺北市,大安區,車層里,臺北市,3,姚文智,民主進步黨,553,
2018年直轄市長選舉,2018,臺北市,大安區,車層里,臺北市,4,柯文哲,無黨籍及未經政黨推薦,1162,*
2018年直轄市長選舉,2018,臺北市,大安區,車層里,臺北市,5,李錫錕,無黨籍及未經政黨推薦,12,
2018年直轄市長選舉,2018,臺北市,大安區,光信里,臺北市,1,吳蕚洋,無黨籍及未經政黨推薦,11,
2018年直轄市長選舉,2018,臺北市,大安區,光信里,臺北市,2,丁守中,中國國民黨,1863,
2018年直轄市長選舉,2018,臺北市,大安區,光信里,臺北市,3,姚文智,民主進步黨,655,
2018年直轄市長選舉,2018,臺北市,大安區,光信里,臺北市,4,柯文哲,無黨籍及未經政黨推薦,1572,*
2018年直轄市長選舉,2018,臺北市,大安區,光信里,臺北市,5,李錫錕,無黨籍及未經政黨推薦,13,
2018年直轄市長選舉,2018,臺北市,大安區,學府里,臺北市,1,吳蕚洋,無黨籍及未經政黨推薦,12,
2018年直轄市長選舉,2018,臺北市,大安區,學府里,臺北市,2,丁守中,中國國民黨,837,
2018年直轄市長選舉,2018,臺北市,大安區,學府里,臺北市,3,姚文智,民主進步黨,222,
2018年直轄市長選舉,2018,臺北市,大安區,學府里,臺北市,4,柯文哲,無黨籍及未經政黨推薦,465,*
2018年直轄市長選舉,2018,臺北市,大安區,學府里,臺北市,5,李錫錕,無黨籍及未經政黨推薦,9,
2018年直轄市長選舉,2018,臺北市,中山區,正守里,臺北市,1,吳蕚洋,無黨籍及未經政黨推薦,7,
2018年直轄市長選舉,2018,臺北市,中山區,正守里,臺北市,2,丁守中,中國國民黨,708,
2018年直轄市長選舉,2018,臺北市,中山區,正守里,臺北市,3,姚文智,民主進步黨,348,
2018年直轄市長選舉,2018,臺北市,中山區,正守里,臺北市,4,柯文哲,無黨籍及未經政黨推薦,769,*
2018年直轄市長選舉,2018,臺北市,中山區,正守里,臺北市,5,李錫錕,無黨籍及未經政黨推薦,10,
2018年直轄市長選舉,2018,臺北市,中山區,正義里,臺北市,1,吳蕚洋,無黨籍及未經政黨推薦,12,
2018年直轄市長選舉,2018,臺北市,中山區,正義里,臺北市,2,丁守中,中國國民黨,1133,
2018年直轄市長選舉,2018,臺北市,中山區,正義里,臺北市,3,姚文智,民主進步黨,464,
2018年直轄市長選舉,2018,臺北市,中山區,正義里,臺北市,4,柯文哲,無黨籍及未經政黨推薦,1098,*
2018年直轄市長選舉,2018,臺北市,中山區,正義里,臺北市,5,李錫錕,無黨籍及未經政黨推薦,16,
2018年直轄市長選舉,2018,臺北市,中山區,正得里,臺北市,1,吳蕚洋,無黨籍及未經政黨推薦,7,
2018年直轄市長選舉,2018,臺北市,中山區,正得里,臺北市,2,丁守中,中國國民黨,774,
2018年直轄市長選舉,2018,臺北市,中山區,正得里,臺北市,3,姚文智,民主進步黨,339,
2018年直轄市長選舉,2018,臺北市,中山區,正得里,臺北市,4,柯文哲,無黨籍及未經政黨推薦,832,*
2018年直轄市長選舉,2018,臺北市,中山區,正得里,臺北市,5,李錫錕,無黨籍及未經政黨推薦,4,
2018年直轄市長選舉,2018,臺北市,中山區,民安里,臺北市,1,吳蕚洋,無黨籍及未經政黨推薦,11,
2018年直轄市長選舉,2018,臺北市,中山區,民安里,臺北市,2,丁守中,中國國民黨,967,
2018年直轄市長選舉,2018,臺北市,中山區,民安里,臺北市,3,姚文智,民主進步黨,619,
2018年直轄市長選舉,2018,臺北市,中山區,民安里,臺北市,4,柯文哲,無黨籍及未經政黨推薦,1098,*
2018年直轄市長選舉,2018,臺北市,中山區,民安里,臺北市,5,李錫錕,無黨籍及未經政黨推薦,9,
2018年直轄市長選舉,2018,臺北市,中山區,康樂里,臺北市,1,吳蕚洋,無黨籍及未經政黨推薦,7,
2018年直轄市長選舉,2018,臺北市,中山區,康樂里,臺北市,2,丁守中,中國國民黨,624,
2018年直轄市長選舉,2018,臺北市,中山區,康樂里,臺北市,3,姚文智,民主進步黨,255,
2018年直轄市長選舉,2018,臺北市,中山區,康樂里,臺北市,4,柯文哲,無黨籍及未經政黨推薦,527,*
2018年直轄市長選舉,2018,臺北市,中山區,康樂里,臺北市,5,李錫錕,無黨籍及未經政黨推薦,2,
2018年直轄市長選舉,2018,臺北市,中山區,中山里,臺北市,1,吳蕚洋,無黨籍及未經政黨推薦,17,
2018年直轄市長選舉,2018,臺北市,中山區,中山里,臺北市,2,丁守中,中國國民黨,1313,
2018年直轄市長選舉,2018,臺北市,中山區,中山里,臺北市,3,姚文智,民主進步黨,718,
2018年直轄市長選舉,2018,臺北市,中山區,中山里,臺北市,4,柯文哲,無黨籍及未經政黨推薦,1501,*
2018年直轄市長選舉,2018,臺北市,中山區,中山里,臺北市,5,李錫錕,無黨籍及未經政黨推薦,24,
2018年直轄市長選舉,2018,臺北市,中山區,聚盛里,臺北市,1,吳蕚洋,無黨籍及未經政黨推薦,13,
2018年直轄市長選舉,2018,臺北市,中山區,聚盛里,臺北市,2,丁守中,中國國民黨,942,
2018年直轄市長選舉,2018,臺北市,中山區,聚盛里,臺北市,3,姚文智,民主進步黨,438,
2018年直轄市長選舉,2018,臺北市,中山區,聚盛里,臺北市,4,柯文哲,無黨籍及未經政黨推薦,859,*
2018年直轄市長選舉,2018,臺北市,中山區,聚盛里,臺北市,5,李錫錕,無黨籍及未經政黨推薦,8,
2018年直轄市長選舉,2018,臺北市,中山區,集英里,臺北市,1,吳蕚洋,無黨籍及未經政黨推薦,9,
2018年直轄市長選舉,2018,臺北市,中山區,集英里,臺北市,2,丁守中,中國國民黨,1204,
2018年直轄市長選舉,2018,臺北市,中山區,集英里,臺北市,3,姚文智,民主進步黨,831,
2018年直轄市長選舉,2018,臺北市,中山區,集英里,臺北市,4,柯文哲,無黨籍及未經政黨推薦,1659,*
2018年直轄市長選舉,2018,臺北市,中山區,集英里,臺北市,5,李錫錕,無黨籍及未經政黨推薦,20,
2018年直轄市長選舉,2018,臺北市,中山區,聚葉里,臺北市,1,吳蕚洋,無黨籍及未經政黨推薦,11,
2018年直轄市長選舉,2018,臺北市,中山區,聚葉里,臺北市,2,丁守中,中國國民黨,814,
2018年直轄市長選舉,2018,臺北市,中山區,聚葉里,臺北市,3,姚文智,民主進步黨,434,
2018年直轄市長選舉,2018,臺北市,中山區,聚葉里,臺北市,4,柯文哲,無黨籍及未經政黨推薦,911,*
2018年直轄市長選舉,2018,臺北市,中山區,聚葉里,臺北市,5,李錫錕,無黨籍及未經政黨推薦,16,
2018年直轄市長選舉,2018,臺北市,中山區,恆安里,臺北市,1,吳蕚洋,無黨籍及未經政黨推薦,12,
2018年直轄市長選舉,2018,臺北市,中山區,恆安里,臺北市,2,丁守中,中國國民黨,958,
2018年直轄市長選舉,2018,臺北市,中山區,恆安里,臺北市,3,姚文智,民主進步黨,475,
2018年直轄市長選舉,2018,臺北市,中山區,恆安里,臺北市,4,柯文哲,無黨籍及未經政黨推薦,1098,*
2018年直轄市長選舉,2018,臺北市,中山區,恆安里,臺北市,5,李錫錕,無黨籍及未經政黨推薦,11,
2018年直轄市長選舉,2018,臺北市,中山區,晴光里,臺北市,1,吳蕚洋,無黨籍及未經政黨推薦,4,
2018年直轄市長選舉,2018,臺北市,中山區,晴光里,臺北市,2,丁守中,中國國民黨,1128,
2018年直轄市長選舉,2018,臺北市,中山區,晴光里,臺北市,3,姚文智,民主進步黨,498,
2018年直轄市長選舉,2018,臺北市,中山區,晴光里,臺北市,4,柯文哲,無黨籍及未經政黨推薦,1165,*
2018年直轄市長選舉,2018,臺北市,中山區,晴光里,臺北市,5,李錫錕,無黨籍及未經政黨推薦,14,
2018年直轄市長選舉,2018,臺北市,中山區,圓山里,臺北市,1,吳蕚洋,無黨籍及未經政黨推薦,11,
2018年直轄市長選舉,2018,臺北市,中山區,圓山里,臺北市,2,丁守中,中國國民黨,832,
2018年直轄市長選舉,2018,臺北市,中山區,圓山里,臺北市,3,姚文智,民主進步黨,490,
2018年直轄市長選舉,2018,臺北市,中山區,圓山里,臺北市,4,柯文哲,無黨籍及未經政黨推薦,963,*
2018年直轄市長選舉,2018,臺北市,中山區,圓山里,臺北市,5,李錫錕,無黨籍及未經政黨推薦,8,
2018年直轄市長選舉,2018,臺北市,中山區,劍潭里,臺北市,1,吳蕚洋,無黨籍及未經政黨推薦,4,
2018年直轄市長選舉,2018,臺北市,中山區,劍潭里,臺北市,2,丁守中,中國國民黨,1317,
2018年直轄市長選舉,2018,臺北市,中山區,劍潭里,臺北市,3,姚文智,民主進步黨,115,
2018年直轄市長選舉,2018,臺北市,中山區,劍潭里,臺北市,4,柯文哲,無黨籍及未經政黨推薦,564,*
2018年直轄市長選舉,2018,臺北市,中山區,劍潭里,臺北市,5,李錫錕,無黨籍及未經政黨推薦,10,
2018年直轄市長選舉,2018,臺北市,中山區,大直里,臺北市,1,吳蕚洋,無黨籍及未經政黨推薦,25,
2018年直轄市長選舉,2018,臺北市,中山區,大直里,臺北市,2,丁守中,中國國民黨,2130,
2018年直轄市長選舉,2018,臺北市,中山區,大直里,臺北市,3,姚文智,民主進步黨,791,
2018年直轄市長選舉,2018,臺北市,中山區,大直里,臺北市,4,柯文哲,無黨籍及未經政黨推薦,2052,*
2018年直轄市長選舉,2018,臺北市,中山區,大直里,臺北市,5,李錫錕,無黨籍及未經政黨推薦,13,
2018年直轄市長選舉,2018,臺北市,中山區,成功里,臺北市,1,吳蕚洋,無黨籍及未經政黨推薦,19,
2018年直轄市長選舉,2018,臺北市,中山區,成功里,臺北市,2,丁守中,中國國民黨,1631,
2018年直轄市長選舉,2018,臺北市,中山區,成功里,臺北市,3,姚文智,民主進步黨,578,
2018年直轄市長選舉,2018,臺北市,中山區,成功里,臺北市,4,柯文哲,無黨籍及未經政黨推薦,1300,*
2018年直轄市長選舉,2018,臺北市,中山區,成功里,臺北市,5,李錫錕,無黨籍及未經政黨推薦,20,
2018年直轄市長選舉,2018,臺北市,中山區,永安里,臺北市,1,吳蕚洋,無黨籍及未經政黨推薦,12,
2018年直轄市長選舉,2018,臺北市,中山區,永安里,臺北市,2,丁守中,中國國民黨,2078,
2018年直轄市長選舉,2018,臺北市,中山區,永安里,臺北市,3,姚文智,民主進步黨,898,
2018年直轄市長選舉,2018,臺北市,中山區,永安里,臺北市,4,柯文哲,無黨籍及未經政黨推薦,2050,*
2018年直轄市長選舉,2018,臺北市,中山區,永安里,臺北市,5,李錫錕,無黨籍及未經政黨推薦,20,
2018年直轄市長選舉,2018,臺北市,中山區,大佳里,臺北市,1,吳蕚洋,無黨籍及未經政黨推薦,4,
2018年直轄市長選舉,2018,臺北市,中山區,大佳里,臺北市,2,丁守中,中國國民黨,170,
2018年直轄市長選舉,2018,臺北市,中山區,大佳里,臺北市,3,姚文智,民主進步黨,205,
2018年直轄市長選舉,2018,臺北市,中山區,大佳里,臺北市,4,柯文哲,無黨籍及未經政黨推薦,225,*
2018年直轄市長選舉,2018,臺北市,中山區,大佳里,臺北市,5,李錫錕,無黨籍及未經政黨推薦,3,
2018年直轄市長選舉,2018,臺北市,中山區,新喜里,臺北市,1,吳蕚洋,無黨籍及未經政黨推薦,16,
2018年直轄市長選舉,2018,臺北市,中山區,新喜里,臺北市,2,丁守中,中國國民黨,941,
2018年直轄市長選舉,2018,臺北市,中山區,新喜里,臺北市,3,姚文智,民主進步黨,588,
2018年直轄市長選舉,2018,臺北市,中山區,新喜里,臺北市,4,柯文哲,無黨籍及未經政黨推薦,1327,*
2018年直轄市長選舉,2018,臺北市,中山區,新喜里,臺北市,5,李錫錕,無黨籍及未經政黨推薦,15,
2018年直轄市長選舉,2018,臺北市,中山區,新庄里,臺北市,1,吳蕚洋,無黨籍及未經政黨推薦,16,
2018年直轄市長選舉,2018,臺北市,中山區,新庄里,臺北市,2,丁守中,中國國民黨,1033,
2018年直轄市長選舉,2018,臺北市,中山區,新庄里,臺北市,3,姚文智,民主進步黨,662,
2018年直轄市長選舉,2018,臺北市,中山區,新庄里,臺北市,4,柯文哲,無黨籍及未經政黨推薦,1237,*
2018年直轄市長選舉,2018,臺北市,中山區,新庄里,臺北市,5,李錫錕,無黨籍及未經政黨推薦,9,
2018年直轄市長選舉,2018,臺北市,中山區,新福里,臺北市,1,吳蕚洋,無黨籍及未經政黨推薦,12,
2018年直轄市長選舉,2018,臺北市,中山區,新福里,臺北市,2,丁守中,中國國民黨,898,
2018年直轄市長選舉,2018,臺北市,中山區,新福里,臺北市,3,姚文智,民主進步黨,661,
2018年直轄市長選舉,2018,臺北市,中山區,新福里,臺北市,4,柯文哲,無黨籍及未經政黨推薦,1261,*
2018年直轄市長選舉,2018,臺北市,中山區,新福里,臺北市,5,李錫錕,無黨籍及未經政黨推薦,11,
2018年直轄市長選舉,2018,臺北市,中山區,松江里,臺北市,1,吳蕚洋,無黨籍及未經政黨推薦,20,
2018年直轄市長選舉,2018,臺北市,中山區,松江里,臺北市,2,丁守中,中國國民黨,1339,
2018年直轄市長選舉,2018,臺北市,中山區,松江里,臺北市,3,姚文智,民主進步黨,756,
2018年直轄市長選舉,2018,臺北市,中山區,松江里,臺北市,4,柯文哲,無黨籍及未經政黨推薦,1572,*
2018年直轄市長選舉,2018,臺北市,中山區,松江里,臺北市,5,李錫錕,無黨籍及未經政黨推薦,10,
2018年直轄市長選舉,2018,臺北市,中山區,新生里,臺北市,1,吳蕚洋,無黨籍及未經政黨推薦,12,
2018年直轄市長選舉,2018,臺北市,中山區,新生里,臺北市,2,丁守中,中國國民黨,974,
2018年直轄市長選舉,2018,臺北市,中山區,新生里,臺北市,3,姚文智,民主進步黨,648,
2018年直轄市長選舉,2018,臺北市,中山區,新生里,臺北市,4,柯文哲,無黨籍及未經政黨推薦,1218,*
2018年直轄市長選舉,2018,臺北市,中山區,新生里,臺北市,5,李錫錕,無黨籍及未經政黨推薦,12,
2018年直轄市長選舉,2018,臺北市,中山區,中庄里,臺北市,1,吳蕚洋,無黨籍及未經政黨推薦,12,
2018年直轄市長選舉,2018,臺北市,中山區,中庄里,臺北市,2,丁守中,中國國民黨,887,
2018年直轄市長選舉,2018,臺北市,中山區,中庄里,臺北市,3,姚文智,民主進步黨,626,
2018年直轄市長選舉,2018,臺北市,中山區,中庄里,臺北市,4,柯文哲,無黨籍及未經政黨推薦,1178,*
2018年直轄市長選舉,2018,臺北市,中山區,中庄里,臺北市,5,李錫錕,無黨籍及未經政黨推薦,18,
2018年直轄市長選舉,2018,臺北市,中山區,行政里,臺北市,1,吳蕚洋,無黨籍及未經政黨推薦,9,
2018年直轄市長選舉,2018,臺北市,中山區,行政里,臺北市,2,丁守中,中國國民黨,1296,
2018年直轄市長選舉,2018,臺北市,中山區,行政里,臺北市,3,姚文智,民主進步黨,706,
2018年直轄市長選舉,2018,臺北市,中山區,行政里,臺北市,4,柯文哲,無黨籍及未經政黨推薦,1384,*
2018年直轄市長選舉,2018,臺北市,中山區,行政里,臺北市,5,李錫錕,無黨籍及未經政黨推薦,17,
2018年直轄市長選舉,2018,臺北市,中山區,行仁里,臺北市,1,吳蕚洋,無黨籍及未經政黨推薦,11,
2018年直轄市長選舉,2018,臺北市,中山區,行仁里,臺北市,2,丁守中,中國國民黨,1528,
2018年直轄市長選舉,2018,臺北市,中山區,行仁里,臺北市,3,姚文智,民主進步黨,1037,
2018年直轄市長選舉,2018,臺北市,中山區,行仁里,臺北市,4,柯文哲,無黨籍及未經政黨推薦,1999,*
2018年直轄市長選舉,2018,臺北市,中山區,行仁里,臺北市,5,李錫錕,無黨籍及未經政黨推薦,20,
2018年直轄市長選舉,2018,臺北市,中山區,行孝里,臺北市,1,吳蕚洋,無黨籍及未經政黨推薦,12,
2018年直轄市長選舉,2018,臺北市,中山區,行孝里,臺北市,2,丁守中,中國國民黨,758,
2018年直轄市長選舉,2018,臺北市,中山區,行孝里,臺北市,3,姚文智,民主進步黨,496,
2018年直轄市長選舉,2018,臺北市,中山區,行孝里,臺北市,4,柯文哲,無黨籍及未經政黨推薦,1048,*
2018年直轄市長選舉,2018,臺北市,中山區,行孝里,臺北市,5,李錫錕,無黨籍及未經政黨推薦,7,
2018年直轄市長選舉,2018,臺北市,中山區,下埤里,臺北市,1,吳蕚洋,無黨籍及未經政黨推薦,12,
2018年直轄市長選舉,2018,臺北市,中山區,下埤里,臺北市,2,丁守中,中國國民黨,1571,
2018年直轄市長選舉,2018,臺北市,中山區,下埤里,臺北市,3,姚文智,民主進步黨,914,
2018年直轄市長選舉,2018,臺北市,中山區,下埤里,臺北市,4,柯文哲,無黨籍及未經政黨推薦,1833,*
2018年直轄市長選舉,2018,臺北市,中山區,下埤里,臺北市,5,李錫錕,無黨籍及未經政黨推薦,18,
2018年直轄市長選舉,2018,臺北市,中山區,江寧里,臺北市,1,吳蕚洋,無黨籍及未經政黨推薦,20,
2018年直轄市長選舉,2018,臺北市,中山區,江寧里,臺北市,2,丁守中,中國國民黨,1537,
2018年直轄市長選舉,2018,臺北市,中山區,江寧里,臺北市,3,姚文智,民主進步黨,730,
2018年直轄市長選舉,2018,臺北市,中山區,江寧里,臺北市,4,柯文哲,無黨籍及未經政黨推薦,1687,*
2018年直轄市長選舉,2018,臺北市,中山區,江寧里,臺北市,5,李錫錕,無黨籍及未經政黨推薦,15,
2018年直轄市長選舉,2018,臺北市,中山區,江山里,臺北市,1,吳蕚洋,無黨籍及未經政黨推薦,11,
2018年直轄市長選舉,2018,臺北市,中山區,江山里,臺北市,2,丁守中,中國國民黨,1522,
2018年直轄市長選舉,2018,臺北市,中山區,江山里,臺北市,3,姚文智,民主進步黨,919,
2018年直轄市長選舉,2018,臺北市,中山區,江山里,臺北市,4,柯文哲,無黨籍及未經政黨推薦,1766,*
2018年直轄市長選舉,2018,臺北市,中山區,江山里,臺北市,5,李錫錕,無黨籍及未經政黨推薦,11,
2018年直轄市長選舉,2018,臺北市,中山區,中吉里,臺北市,1,吳蕚洋,無黨籍及未經政黨推薦,9,
2018年直轄市長選舉,2018,臺北市,中山區,中吉里,臺北市,2,丁守中,中國國民黨,952,
2018年直轄市長選舉,2018,臺北市,中山區,中吉里,臺北市,3,姚文智,民主進步黨,707,
2018年直轄市長選舉,2018,臺北市,中山區,中吉里,臺北市,4,柯文哲,無黨籍及未經政黨推薦,1299,*
2018年直轄市長選舉,2018,臺北市,中山區,中吉里,臺北市,5,李錫錕,無黨籍及未經政黨推薦,11,
2018年直轄市長選舉,2018,臺北市,中山區,中原里,臺北市,1,吳蕚洋,無黨籍及未經政黨推薦,2,
2018年直轄市長選舉,2018,臺北市,中山區,中原里,臺北市,2,丁守中,中國國民黨,1060,
2018年直轄市長選舉,2018,臺北市,中山區,中原里,臺北市,3,姚文智,民主進步黨,682,
2018年直轄市長選舉,2018,臺北市,中山區,中原里,臺北市,4,柯文哲,無黨籍及未經政黨推薦,1229,*
2018年直轄市長選舉,2018,臺北市,中山區,中原里,臺北市,5,李錫錕,無黨籍及未經政黨推薦,10,
2018年直轄市長選舉,2018,臺北市,中山區,興亞里,臺北市,1,吳蕚洋,無黨籍及未經政黨推薦,12,
2018年直轄市長選舉,2018,臺北市,中山區,興亞里,臺北市,2,丁守中,中國國民黨,1011,
2018年直轄市長選舉,2018,臺北市,中山區,興亞里,臺北市,3,姚文智,民主進步黨,607,
2018年直轄市長選舉,2018,臺北市,中山區,興亞里,臺北市,4,柯文哲,無黨籍及未經政黨推薦,1293,*
2018年直轄市長選舉,2018,臺北市,中山區,興亞里,臺北市,5,李錫錕,無黨籍及未經政黨推薦,8,
2018年直轄市長選舉,2018,臺北市,中山區,中央里,臺北市,1,吳蕚洋,無黨籍及未經政黨推薦,8,
2018年直轄市長選舉,2018,臺北市,中山區,中央里,臺北市,2,丁守中,中國國民黨,749,
2018年直轄市長選舉,2018,臺北市,中山區,中央里,臺北市,3,姚文智,民主進步黨,359,
2018年直轄市長選舉,2018,臺北市,中山區,中央里,臺北市,4,柯文哲,無黨籍及未經政黨推薦,925,*
2018年直轄市長選舉,2018,臺北市,中山區,中央里,臺北市,5,李錫錕,無黨籍及未經政黨推薦,7,
2018年直轄市長選舉,2018,臺北市,中山區,朱馥里,臺北市,1,吳蕚洋,無黨籍及未經政黨推薦,13,
2018年直轄市長選舉,2018,臺北市,中山區,朱馥里,臺北市,2,丁守中,中國國民黨,1299,
2018年直轄市長選舉,2018,臺北市,中山區,朱馥里,臺北市,3,姚文智,民主進步黨,553,
2018年直轄市長選舉,2018,臺北市,中山區,朱馥里,臺北市,4,柯文哲,無黨籍及未經政黨推薦,1370,*
2018年直轄市長選舉,2018,臺北市,中山區,朱馥里,臺北市,5,李錫錕,無黨籍及未經政黨推薦,12,
2018年直轄市長選舉,2018,臺北市,中山區,龍洲里,臺北市,1,吳蕚洋,無黨籍及未經政黨推薦,12,
2018年直轄市長選舉,2018,臺北市,中山區,龍洲里,臺北市,2,丁守中,中國國民黨,1681,
2018年直轄市長選舉,2018,臺北市,中山區,龍洲里,臺北市,3,姚文智,民主進步黨,271,
2018年直轄市長選舉,2018,臺北市,中山區,龍洲里,臺北市,4,柯文哲,無黨籍及未經政黨推薦,1040,*
2018年直轄市長選舉,2018,臺北市,中山區,龍洲里,臺北市,5,李錫錕,無黨籍及未經政黨推薦,11,
2018年直轄市長選舉,2018,臺北市,中山區,朱園里,臺北市,1,吳蕚洋,無黨籍及未經政黨推薦,5,
2018年直轄市長選舉,2018,臺北市,中山區,朱園里,臺北市,2,丁守中,中國國民黨,892,
2018年直轄市長選舉,2018,臺北市,中山區,朱園里,臺北市,3,姚文智,民主進步黨,492,
2018年直轄市長選舉,2018,臺北市,中山區,朱園里,臺北市,4,柯文哲,無黨籍及未經政黨推薦,1104,*
2018年直轄市長選舉,2018,臺北市,中山區,朱園里,臺北市,5,李錫錕,無黨籍及未經政黨推薦,9,
2018年直轄市長選舉,2018,臺北市,中山區,埤頭里,臺北市,1,吳蕚洋,無黨籍及未經政黨推薦,8,
2018年直轄市長選舉,2018,臺北市,中山區,埤頭里,臺北市,2,丁守中,中國國民黨,775,
2018年直轄市長選舉,2018,臺北市,中山區,埤頭里,臺北市,3,姚文智,民主進步黨,353,
2018年直轄市長選舉,2018,臺北市,中山區,埤頭里,臺北市,4,柯文哲,無黨籍及未經政黨推薦,787,*
2018年直轄市長選舉,2018,臺北市,中山區,埤頭里,臺北市,5,李錫錕,無黨籍及未經政黨推薦,12,
2018年直轄市長選舉,2018,臺北市,中山區,朱崙里,臺北市,1,吳蕚洋,無黨籍及未經政黨推薦,6,
2018年直轄市長選舉,2018,臺北市,中山區,朱崙里,臺北市,2,丁守中,中國國民黨,600,
2018年直轄市長選舉,2018,臺北市,中山區,朱崙里,臺北市,3,姚文智,民主進步黨,344,
2018年直轄市長選舉,2018,臺北市,中山區,朱崙里,臺北市,4,柯文哲,無黨籍及未經政黨推薦,673,*
2018年直轄市長選舉,2018,臺北市,中山區,朱崙里,臺北市,5,李錫錕,無黨籍及未經政黨推薦,7,
2018年直轄市長選舉,2018,臺北市,中山區,力行里,臺北市,1,吳蕚洋,無黨籍及未經政黨推薦,17,
2018年直轄市長選舉,2018,臺北市,中山區,力行里,臺北市,2,丁守中,中國國民黨,1209,
2018年直轄市長選舉,2018,臺北市,中山區,力行里,臺北市,3,姚文智,民主進步黨,711,
2018年直轄市長選舉,2018,臺北市,中山區,力行里,臺北市,4,柯文哲,無黨籍及未經政黨推薦,1371,*
2018年直轄市長選舉,2018,臺北市,中山區,力行里,臺北市,5,李錫錕,無黨籍及未經政黨推薦,8,
2018年直轄市長選舉,2018,臺北市,中山區,復華里,臺北市,1,吳蕚洋,無黨籍及未經政黨推薦,14,
2018年直轄市長選舉,2018,臺北市,中山區,復華里,臺北市,2,丁守中,中國國民黨,1129,
2018年直轄市長選舉,2018,臺北市,中山區,復華里,臺北市,3,姚文智,民主進步黨,414,
2018年直轄市長選舉,2018,臺北市,中山區,復華里,臺北市,4,柯文哲,無黨籍及未經政黨推薦,1036,*
2018年直轄市長選舉,2018,臺北市,中山區,復華里,臺北市,5,李錫錕,無黨籍及未經政黨推薦,9,
2018年直轄市長選舉,2018,臺北市,中山區,金泰里,臺北市,1,吳蕚洋,無黨籍及未經政黨推薦,17,
2018年直轄市長選舉,2018,臺北市,中山區,金泰里,臺北市,2,丁守中,中國國民黨,1635,
2018年直轄市長選舉,2018,臺北市,中山區,金泰里,臺北市,3,姚文智,民主進步黨,541,
2018年直轄市長選舉,2018,臺北市,中山區,金泰里,臺北市,4,柯文哲,無黨籍及未經政黨推薦,1672,*
2018年直轄市長選舉,2018,臺北市,中山區,金泰里,臺北市,5,李錫錕,無黨籍及未經政黨推薦,11,
2018年直轄市長選舉,2018,臺北市,中山區,北安里,臺北市,1,吳蕚洋,無黨籍及未經政黨推薦,5,
2018年直轄市長選舉,2018,臺北市,中山區,北安里,臺北市,2,丁守中,中國國民黨,733,
2018年直轄市長選舉,2018,臺北市,中山區,北安里,臺北市,3,姚文智,民主進步黨,203,
2018年直轄市長選舉,2018,臺北市,中山區,北安里,臺北市,4,柯文哲,無黨籍及未經政黨推薦,602,*
2018年直轄市長選舉,2018,臺北市,中山區,北安里,臺北市,5,李錫錕,無黨籍及未經政黨推薦,4,
2018年直轄市長選舉,2018,臺北市,中正區,水源里,臺北市,1,吳蕚洋,無黨籍及未經政黨推薦,7,
2018年直轄市長選舉,2018,臺北市,中正區,水源里,臺北市,2,丁守中,中國國民黨,671,
2018年直轄市長選舉,2018,臺北市,中正區,水源里,臺北市,3,姚文智,民主進步黨,286,
2018年直轄市長選舉,2018,臺北市,中正區,水源里,臺北市,4,柯文哲,無黨籍及未經政黨推薦,643,*
2018年直轄市長選舉,2018,臺北市,中正區,水源里,臺北市,5,李錫錕,無黨籍及未經政黨推薦,9,
2018年直轄市長選舉,2018,臺北市,中正區,富水里,臺北市,1,吳蕚洋,無黨籍及未經政黨推薦,7,
2018年直轄市長選舉,2018,臺北市,中正區,富水里,臺北市,2,丁守中,中國國民黨,665,
2018年直轄市長選舉,2018,臺北市,中正區,富水里,臺北市,3,姚文智,民主進步黨,114,
2018年直轄市長選舉,2018,臺北市,中正區,富水里,臺北市,4,柯文哲,無黨籍及未經政黨推薦,594,*
2018年直轄市長選舉,2018,臺北市,中正區,富水里,臺北市,5,李錫錕,無黨籍及未經政黨推薦,7,
2018年直轄市長選舉,2018,臺北市,中正區,文盛里,臺北市,1,吳蕚洋,無黨籍及未經政黨推薦,5,
2018年直轄市長選舉,2018,臺北市,中正區,文盛里,臺北市,2,丁守中,中國國民黨,589,
2018年直轄市長選舉,2018,臺北市,中正區,文盛里,臺北市,3,姚文智,民主進步黨,263,
2018年直轄市長選舉,2018,臺北市,中正區,文盛里,臺北市,4,柯文哲,無黨籍及未經政黨推薦,532,*
2018年直轄市長選舉,2018,臺北市,中正區,文盛里,臺北市,5,李錫錕,無黨籍及未經政黨推薦,11,
2018年直轄市長選舉,2018,臺北市,中正區,林興里,臺北市,1,吳蕚洋,無黨籍及未經政黨推薦,8,
2018年直轄市長選舉,2018,臺北市,中正區,林興里,臺北市,2,丁守中,中國國民黨,1177,
2018年直轄市長選舉,2018,臺北市,中正區,林興里,臺北市,3,姚文智,民主進步黨,361,
2018年直轄市長選舉,2018,臺北市,中正區,林興里,臺北市,4,柯文哲,無黨籍及未經政黨推薦,1026,*
2018年直轄市長選舉,2018,臺北市,中正區,林興里,臺北市,5,李錫錕,無黨籍及未經政黨推薦,14,
2018年直轄市長選舉,2018,臺北市,中正區,河堤里,臺北市,1,吳蕚洋,無黨籍及未經政黨推薦,14,
2018年直轄市長選舉,2018,臺北市,中正區,河堤里,臺北市,2,丁守中,中國國民黨,1150,
2018年直轄市長選舉,2018,臺北市,中正區,河堤里,臺北市,3,姚文智,民主進步黨,369,
2018年直轄市長選舉,2018,臺北市,中正區,河堤里,臺北市,4,柯文哲,無黨籍及未經政黨推薦,1016,*
2018年直轄市長選舉,2018,臺北市,中正區,河堤里,臺北市,5,李錫錕,無黨籍及未經政黨推薦,7,
2018年直轄市長選舉,2018,臺北市,中正區,頂東里,臺北市,1,吳蕚洋,無黨籍及未經政黨推薦,19,
2018年直轄市長選舉,2018,臺北市,中正區,頂東里,臺北市,2,丁守中,中國國民黨,1426,
2018年直轄市長選舉,2018,臺北市,中正區,頂東里,臺北市,3,姚文智,民主進步黨,571,
2018年直轄市長選舉,2018,臺北市,中正區,頂東里,臺北市,4,柯文哲,無黨籍及未經政黨推薦,1466,*
2018年直轄市長選舉,2018,臺北市,中正區,頂東里,臺北市,5,李錫錕,無黨籍及未經政黨推薦,17,
2018年直轄市長選舉,2018,臺北市,中正區,網溪里,臺北市,1,吳蕚洋,無黨籍及未經政黨推薦,20,
2018年直轄市長選舉,2018,臺北市,中正區,網溪里,臺北市,2,丁守中,中國國民黨,1458,
2018年直轄市長選舉,2018,臺北市,中正區,網溪里,臺北市,3,姚文智,民主進步黨,508,
2018年直轄市長選舉,2018,臺北市,中正區,網溪里,臺北市,4,柯文哲,無黨籍及未經政黨推薦,1379,*
2018年直轄市長選舉,2018,臺北市,中正區,網溪里,臺北市,5,李錫錕,無黨籍及未經政黨推薦,13,
2018年直轄市長選舉,2018,臺北市,中正區,板溪里,臺北市,1,吳蕚洋,無黨籍及未經政黨推薦,8,
2018年直轄市長選舉,2018,臺北市,中正區,板溪里,臺北市,2,丁守中,中國國民黨,874,
2018年直轄市長選舉,2018,臺北市,中正區,板溪里,臺北市,3,姚文智,民主進步黨,333,
2018年直轄市長選舉,2018,臺北市,中正區,板溪里,臺北市,4,柯文哲,無黨籍及未經政黨推薦,740,*
2018年直轄市長選舉,2018,臺北市,中正區,板溪里,臺北市,5,李錫錕,無黨籍及未經政黨推薦,5,
2018年直轄市長選舉,2018,臺北市,中正區,螢圃里,臺北市,1,吳蕚洋,無黨籍及未經政黨推薦,16,
2018年直轄市長選舉,2018,臺北市,中正區,螢圃里,臺北市,2,丁守中,中國國民黨,1397,
2018年直轄市長選舉,2018,臺北市,中正區,螢圃里,臺北市,3,姚文智,民主進步黨,455,
2018年直轄市長選舉,2018,臺北市,中正區,螢圃里,臺北市,4,柯文哲,無黨籍及未經政黨推薦,1227,*
2018年直轄市長選舉,2018,臺北市,中正區,螢圃里,臺北市,5,李錫錕,無黨籍及未經政黨推薦,17,
2018年直轄市長選舉,2018,臺北市,中正區,螢雪里,臺北市,1,吳蕚洋,無黨籍及未經政黨推薦,9,
2018年直轄市長選舉,2018,臺北市,中正區,螢雪里,臺北市,2,丁守中,中國國民黨,1102,
2018年直轄市長選舉,2018,臺北市,中正區,螢雪里,臺北市,3,姚文智,民主進步黨,418,
2018年直轄市長選舉,2018,臺北市,中正區,螢雪里,臺北市,4,柯文哲,無黨籍及未經政黨推薦,1013,*
2018年直轄市長選舉,2018,臺北市,中正區,螢雪里,臺北市,5,李錫錕,無黨籍及未經政黨推薦,9,
2018年直轄市長選舉,2018,臺北市,中正區,永功里,臺北市,1,吳蕚洋,無黨籍及未經政黨推薦,16,
2018年直轄市長選舉,2018,臺北市,中正區,永功里,臺北市,2,丁守中,中國國民黨,1289,
2018年直轄市長選舉,2018,臺北市,中正區,永功里,臺北市,3,姚文智,民主進步黨,641,
2018年直轄市長選舉,2018,臺北市,中正區,永功里,臺北市,4,柯文哲,無黨籍及未經政黨推薦,1368,*
2018年直轄市長選舉,2018,臺北市,中正區,永功里,臺北市,5,李錫錕,無黨籍及未經政黨推薦,14,
2018年直轄市長選舉,2018,臺北市,中正區,永昌里,臺北市,1,吳蕚洋,無黨籍及未經政黨推薦,15,
2018年直轄市長選舉,2018,臺北市,中正區,永昌里,臺北市,2,丁守中,中國國民黨,1174,
2018年直轄市長選舉,2018,臺北市,中正區,永昌里,臺北市,3,姚文智,民主進步黨,555,
2018年直轄市長選舉,2018,臺北市,中正區,永昌里,臺北市,4,柯文哲,無黨籍及未經政黨推薦,1093,*
2018年直轄市長選舉,2018,臺北市,中正區,永昌里,臺北市,5,李錫錕,無黨籍及未經政黨推薦,14,
2018年直轄市長選舉,2018,臺北市,中正區,龍興里,臺北市,1,吳蕚洋,無黨籍及未經政黨推薦,13,
2018年直轄市長選舉,2018,臺北市,中正區,龍興里,臺北市,2,丁守中,中國國民黨,797,
2018年直轄市長選舉,2018,臺北市,中正區,龍興里,臺北市,3,姚文智,民主進步黨,346,
2018年直轄市長選舉,2018,臺北市,中正區,龍興里,臺北市,4,柯文哲,無黨籍及未經政黨推薦,991,*
2018年直轄市長選舉,2018,臺北市,中正區,龍興里,臺北市,5,李錫錕,無黨籍及未經政黨推薦,10,
2018年直轄市長選舉,2018,臺北市,中正區,忠勤里,臺北市,1,吳蕚洋,無黨籍及未經政黨推薦,15,
2018年直轄市長選舉,2018,臺北市,中正區,忠勤里,臺北市,2,丁守中,中國國民黨,1519,
2018年直轄市長選舉,2018,臺北市,中正區,忠勤里,臺北市,3,姚文智,民主進步黨,554,
2018年直轄市長選舉,2018,臺北市,中正區,忠勤里,臺北市,4,柯文哲,無黨籍及未經政黨推薦,1364,*
2018年直轄市長選舉,2018,臺北市,中正區,忠勤里,臺北市,5,李錫錕,無黨籍及未經政黨推薦,23,
2018年直轄市長選舉,2018,臺北市,中正區,廈安里,臺北市,1,吳蕚洋,無黨籍及未經政黨推薦,11,
2018年直轄市長選舉,2018,臺北市,中正區,廈安里,臺北市,2,丁守中,中國國民黨,856,
2018年直轄市長選舉,2018,臺北市,中正區,廈安里,臺北市,3,姚文智,民主進步黨,371,
2018年直轄市長選舉,2018,臺北市,中正區,廈安里,臺北市,4,柯文哲,無黨籍及未經政黨推薦,1076,*
2018年直轄市長選舉,2018,臺北市,中正區,廈安里,臺北市,5,李錫錕,無黨籍及未經政黨推薦,8,
2018年直轄市長選舉,2018,臺北市,中正區,愛國里,臺北市,1,吳蕚洋,無黨籍及未經政黨推薦,3,
2018年直轄市長選舉,2018,臺北市,中正區,愛國里,臺北市,2,丁守中,中國國民黨,625,
2018年直轄市長選舉,2018,臺北市,中正區,愛國里,臺北市,3,姚文智,民主進步黨,295,
2018年直轄市長選舉,2018,臺北市,中正區,愛國里,臺北市,4,柯文哲,無黨籍及未經政黨推薦,755,*
2018年直轄市長選舉,2018,臺北市,中正區,愛國里,臺北市,5,李錫錕,無黨籍及未經政黨推薦,7,
2018年直轄市長選舉,2018,臺北市,中正區,南門里,臺北市,1,吳蕚洋,無黨籍及未經政黨推薦,5,
2018年直轄市長選舉,2018,臺北市,中正區,南門里,臺北市,2,丁守中,中國國民黨,693,
2018年直轄市長選舉,2018,臺北市,中正區,南門里,臺北市,3,姚文智,民主進步黨,199,
2018年直轄市長選舉,2018,臺北市,中正區,南門里,臺北市,4,柯文哲,無黨籍及未經政黨推薦,619,*
2018年直轄市長選舉,2018,臺北市,中正區,南門里,臺北市,5,李錫錕,無黨籍及未經政黨推薦,8,
2018年直轄市長選舉,2018,臺北市,中正區,龍光里,臺北市,1,吳蕚洋,無黨籍及未經政黨推薦,5,
2018年直轄市長選舉,2018,臺北市,中正區,龍光里,臺北市,2,丁守中,中國國民黨,778,
2018年直轄市長選舉,2018,臺北市,中正區,龍光里,臺北市,3,姚文智,民主進步黨,248,
2018年直轄市長選舉,2018,臺北市,中正區,龍光里,臺北市,4,柯文哲,無黨籍及未經政黨推薦,730,*
2018年直轄市長選舉,2018,臺北市,中正區,龍光里,臺北市,5,李錫錕,無黨籍及未經政黨推薦,10,
2018年直轄市長選舉,2018,臺北市,中正區,南福里,臺北市,1,吳蕚洋,無黨籍及未經政黨推薦,24,
2018年直轄市長選舉,2018,臺北市,中正區,南福里,臺北市,2,丁守中,中國國民黨,2253,
2018年直轄市長選舉,2018,臺北市,中正區,南福里,臺北市,3,姚文智,民主進步黨,793,
2018年直轄市長選舉,2018,臺北市,中正區,南福里,臺北市,4,柯文哲,無黨籍及未經政黨推薦,2448,*
2018年直轄市長選舉,2018,臺北市,中正區,南福里,臺北市,5,李錫錕,無黨籍及未經政黨推薦,33,
2018年直轄市長選舉,2018,臺北市,中正區,龍福里,臺北市,1,吳蕚洋,無黨籍及未經政黨推薦,16,
2018年直轄市長選舉,2018,臺北市,中正區,龍福里,臺北市,2,丁守中,中國國民黨,1155,
2018年直轄市長選舉,2018,臺北市,中正區,龍福里,臺北市,3,姚文智,民主進步黨,376,
2018年直轄市長選舉,2018,臺北市,中正區,龍福里,臺北市,4,柯文哲,無黨籍及未經政黨推薦,1318,*
2018年直轄市長選舉,2018,臺北市,中正區,龍福里,臺北市,5,李錫錕,無黨籍及未經政黨推薦,14,
2018年直轄市長選舉,2018,臺北市,中正區,新營里,臺北市,1,吳蕚洋,無黨籍及未經政黨推薦,16,
2018年直轄市長選舉,2018,臺北市,中正區,新營里,臺北市,2,丁守中,中國國民黨,2000,
2018年直轄市長選舉,2018,臺北市,中正區,新營里,臺北市,3,姚文智,民主進步黨,531,
2018年直轄市長選舉,2018,臺北市,中正區,新營里,臺北市,4,柯文哲,無黨籍及未經政黨推薦,2005,*
2018年直轄市長選舉,2018,臺北市,中正區,新營里,臺北市,5,李錫錕,無黨籍及未經政黨推薦,19,
2018年直轄市長選舉,2018,臺北市,中正區,建國里,臺北市,1,吳蕚洋,無黨籍及未經政黨推薦,1,
2018年直轄市長選舉,2018,臺北市,中正區,建國里,臺北市,2,丁守中,中國國民黨,311,
2018年直轄市長選舉,2018,臺北市,中正區,建國里,臺北市,3,姚文智,民主進步黨,97,
2018年直轄市長選舉,2018,臺北市,中正區,建國里,臺北市,4,柯文哲,無黨籍及未經政黨推薦,358,*
2018年直轄市長選舉,2018,臺北市,中正區,建國里,臺北市,5,李錫錕,無黨籍及未經政黨推薦,3,
2018年直轄市長選舉,2018,臺北市,中正區,光復里,臺北市,1,吳蕚洋,無黨籍及未經政黨推薦,13,
2018年直轄市長選舉,2018,臺北市,中正區,光復里,臺北市,2,丁守中,中國國民黨,738,
2018年直轄市長選舉,2018,臺北市,中正區,光復里,臺北市,3,姚文智,民主進步黨,331,
2018年直轄市長選舉,2018,臺北市,中正區,光復里,臺北市,4,柯文哲,無黨籍及未經政黨推薦,912,*
2018年直轄市長選舉,2018,臺北市,中正區,光復里,臺北市,5,李錫錕,無黨籍及未經政黨推薦,10,
2018年直轄市長選舉,2018,臺北市,中正區,黎明里,臺北市,1,吳蕚洋,無黨籍及未經政黨推薦,8,
2018年直轄市長選舉,2018,臺北市,中正區,黎明里,臺北市,2,丁守中,中國國民黨,653,
2018年直轄市長選舉,2018,臺北市,中正區,黎明里,臺北市,3,姚文智,民主進步黨,225,
2018年直轄市長選舉,2018,臺北市,中正區,黎明里,臺北市,4,柯文哲,無黨籍及未經政黨推薦,717,*
2018年直轄市長選舉,2018,臺北市,中正區,黎明里,臺北市,5,李錫錕,無黨籍及未經政黨推薦,9,
2018年直轄市長選舉,2018,臺北市,中正區,梅花里,臺北市,1,吳蕚洋,無黨籍及未經政黨推薦,5,
2018年直轄市長選舉,2018,臺北市,中正區,梅花里,臺北市,2,丁守中,中國國民黨,698,
2018年直轄市長選舉,2018,臺北市,中正區,梅花里,臺北市,3,姚文智,民主進步黨,308,
2018年直轄市長選舉,2018,臺北市,中正區,梅花里,臺北市,4,柯文哲,無黨籍及未經政黨推薦,699,*
2018年直轄市長選舉,2018,臺北市,中正區,梅花里,臺北市,5,李錫錕,無黨籍及未經政黨推薦,9,
2018年直轄市長選舉,2018,臺北市,中正區,幸福里,臺北市,1,吳蕚洋,無黨籍及未經政黨推薦,15,
2018年直轄市長選舉,2018,臺北市,中正區,幸福里,臺北市,2,丁守中,中國國民黨,1056,
2018年直轄市長選舉,2018,臺北市,中正區,幸福里,臺北市,3,姚文智,民主進步黨,410,
2018年直轄市長選舉,2018,臺北市,中正區,幸福里,臺北市,4,柯文哲,無黨籍及未經政黨推薦,982,*
2018年直轄市長選舉,2018,臺北市,中正區,幸福里,臺北市,5,李錫錕,無黨籍及未經政黨推薦,11,
2018年直轄市長選舉,2018,臺北市,中正區,幸市里,臺北市,1,吳蕚洋,無黨籍及未經政黨推薦,11,
2018年直轄市長選舉,2018,臺北市,中正區,幸市里,臺北市,2,丁守中,中國國民黨,1039,
2018年直轄市長選舉,2018,臺北市,中正區,幸市里,臺北市,3,姚文智,民主進步黨,489,
2018年直轄市長選舉,2018,臺北市,中正區,幸市里,臺北市,4,柯文哲,無黨籍及未經政黨推薦,982,*
2018年直轄市長選舉,2018,臺北市,中正區,幸市里,臺北市,5,李錫錕,無黨籍及未經政黨推薦,10,
2018年直轄市長選舉,2018,臺北市,中正區,東門里,臺北市,1,吳蕚洋,無黨籍及未經政黨推薦,11,
2018年直轄市長選舉,2018,臺北市,中正區,東門里,臺北市,2,丁守中,中國國民黨,985,
2018年直轄市長選舉,2018,臺北市,中正區,東門里,臺北市,3,姚文智,民主進步黨,306,
2018年直轄市長選舉,2018,臺北市,中正區,東門里,臺北市,4,柯文哲,無黨籍及未經政黨推薦,829,*
2018年直轄市長選舉,2018,臺北市,中正區,東門里,臺北市,5,李錫錕,無黨籍及未經政黨推薦,13,
2018年直轄市長選舉,2018,臺北市,中正區,文北里,臺北市,1,吳蕚洋,無黨籍及未經政黨推薦,13,
2018年直轄市長選舉,2018,臺北市,中正區,文北里,臺北市,2,丁守中,中國國民黨,1236,
2018年直轄市長選舉,2018,臺北市,中正區,文北里,臺北市,3,姚文智,民主進步黨,480,
2018年直轄市長選舉,2018,臺北市,中正區,文北里,臺北市,4,柯文哲,無黨籍及未經政黨推薦,1217,*
2018年直轄市長選舉,2018,臺北市,中正區,文北里,臺北市,5,李錫錕,無黨籍及未經政黨推薦,10,
2018年直轄市長選舉,2018,臺北市,中正區,文祥里,臺北市,1,吳蕚洋,無黨籍及未經政黨推薦,17,
2018年直轄市長選舉,2018,臺北市,中正區,文祥里,臺北市,2,丁守中,中國國民黨,1646,
2018年直轄市長選舉,2018,臺北市,中正區,文祥里,臺北市,3,姚文智,民主進步黨,642,
2018年直轄市長選舉,2018,臺北市,中正區,文祥里,臺北市,4,柯文哲,無黨籍及未經政黨推薦,1735,*
2018年直轄市長選舉,2018,臺北市,中正區,文祥里,臺北市,5,李錫錕,無黨籍及未經政黨推薦,8,
2018年直轄市長選舉,2018,臺北市,中正區,三愛里,臺北市,1,吳蕚洋,無黨籍及未經政黨推薦,26,
2018年直轄市長選舉,2018,臺北市,中正區,三愛里,臺北市,2,丁守中,中國國民黨,1886,
2018年直轄市長選舉,2018,臺北市,中正區,三愛里,臺北市,3,姚文智,民主進步黨,756,
2018年直轄市長選舉,2018,臺北市,中正區,三愛里,臺北市,4,柯文哲,無黨籍及未經政黨推薦,1914,*
2018年直轄市長選舉,2018,臺北市,中正區,三愛里,臺北市,5,李錫錕,無黨籍及未經政黨推薦,25,
2018年直轄市長選舉,2018,臺北市,大同區,玉泉里,臺北市,1,吳蕚洋,無黨籍及未經政黨推薦,5,
2018年直轄市長選舉,2018,臺北市,大同區,玉泉里,臺北市,2,丁守中,中國國民黨,529,
2018年直轄市長選舉,2018,臺北市,大同區,玉泉里,臺北市,3,姚文智,民主進步黨,347,
2018年直轄市長選舉,2018,臺北市,大同區,玉泉里,臺北市,4,柯文哲,無黨籍及未經政黨推薦,774,*
2018年直轄市長選舉,2018,臺北市,大同區,玉泉里,臺北市,5,李錫錕,無黨籍及未經政黨推薦,5,
2018年直轄市長選舉,2018,臺北市,大同區,建明里,臺北市,1,吳蕚洋,無黨籍及未經政黨推薦,6,
2018年直轄市長選舉,2018,臺北市,大同區,建明里,臺北市,2,丁守中,中國國民黨,576,
2018年直轄市長選舉,2018,臺北市,大同區,建明里,臺北市,3,姚文智,民主進步黨,409,
2018年直轄市長選舉,2018,臺北市,大同區,建明里,臺北市,4,柯文哲,無黨籍及未經政黨推薦,853,*
2018年直轄市長選舉,2018,臺北市,大同區,建明里,臺北市,5,李錫錕,無黨籍及未經政黨推薦,6,
2018年直轄市長選舉,2018,臺北市,大同區,建功里,臺北市,1,吳蕚洋,無黨籍及未經政黨推薦,16,
2018年直轄市長選舉,2018,臺北市,大同區,建功里,臺北市,2,丁守中,中國國民黨,775,
2018年直轄市長選舉,2018,臺北市,大同區,建功里,臺北市,3,姚文智,民主進步黨,634,
2018年直轄市長選舉,2018,臺北市,大同區,建功里,臺北市,4,柯文哲,無黨籍及未經政黨推薦,1163,*
2018年直轄市長選舉,2018,臺北市,大同區,建功里,臺北市,5,李錫錕,無黨籍及未經政黨推薦,9,
2018年直轄市長選舉,2018,臺北市,大同區,建泰里,臺北市,1,吳蕚洋,無黨籍及未經政黨推薦,12,
2018年直轄市長選舉,2018,臺北市,大同區,建泰里,臺北市,2,丁守中,中國國民黨,600,
2018年直轄市長選舉,2018,臺北市,大同區,建泰里,臺北市,3,姚文智,民主進步黨,521,
2018年直轄市長選舉,2018,臺北市,大同區,建泰里,臺北市,4,柯文哲,無黨籍及未經政黨推薦,978,*
2018年直轄市長選舉,2018,臺北市,大同區,建泰里,臺北市,5,李錫錕,無黨籍及未經政黨推薦,9,
2018年直轄市長選舉,2018,臺北市,大同區,永樂里,臺北市,1,吳蕚洋,無黨籍及未經政黨推薦,14,
2018年直轄市長選舉,2018,臺北市,大同區,永樂里,臺北市,2,丁守中,中國國民黨,807,
2018年直轄市長選舉,2018,臺北市,大同區,永樂里,臺北市,3,姚文智,民主進步黨,737,
2018年直轄市長選舉,2018,臺北市,大同區,永樂里,臺北市,4,柯文哲,無黨籍及未經政黨推薦,1538,*
2018年直轄市長選舉,2018,臺北市,大同區,永樂里,臺北市,5,李錫錕,無黨籍及未經政黨推薦,10,
2018年直轄市長選舉,2018,臺北市,大同區,朝陽里,臺北市,1,吳蕚洋,無黨籍及未經政黨推薦,8,
2018年直轄市長選舉,2018,臺北市,大同區,朝陽里,臺北市,2,丁守中,中國國民黨,776,
2018年直轄市長選舉,2018,臺北市,大同區,朝陽里,臺北市,3,姚文智,民主進步黨,587,
2018年直轄市長選舉,2018,臺北市,大同區,朝陽里,臺北市,4,柯文哲,無黨籍及未經政黨推薦,1247,*
2018年直轄市長選舉,2018,臺北市,大同區,朝陽里,臺北市,5,李錫錕,無黨籍及未經政黨推薦,11,
2018年直轄市長選舉,2018,臺北市,大同區,星明里,臺北市,1,吳蕚洋,無黨籍及未經政黨推薦,7,
2018年直轄市長選舉,2018,臺北市,大同區,星明里,臺北市,2,丁守中,中國國民黨,1032,
2018年直轄市長選舉,2018,臺北市,大同區,星明里,臺北市,3,姚文智,民主進步黨,700,
2018年直轄市長選舉,2018,臺北市,大同區,星明里,臺北市,4,柯文哲,無黨籍及未經政黨推薦,1540,*
2018年直轄市長選舉,2018,臺北市,大同區,星明里,臺北市,5,李錫錕,無黨籍及未經政黨推薦,11,
2018年直轄市長選舉,2018,臺北市,大同區,光能里,臺北市,1,吳蕚洋,無黨籍及未經政黨推薦,11,
2018年直轄市長選舉,2018,臺北市,大同區,光能里,臺北市,2,丁守中,中國國民黨,828,
2018年直轄市長選舉,2018,臺北市,大同區,光能里,臺北市,3,姚文智,民主進步黨,690,
2018年直轄市長選舉,2018,臺北市,大同區,光能里,臺北市,4,柯文哲,無黨籍及未經政黨推薦,1292,*
2018年直轄市長選舉,2018,臺北市,大同區,光能里,臺北市,5,李錫錕,無黨籍及未經政黨推薦,19,
2018年直轄市長選舉,2018,臺北市,大同區,大有里,臺北市,1,吳蕚洋,無黨籍及未經政黨推薦,5,
2018年直轄市長選舉,2018,臺北市,大同區,大有里,臺北市,2,丁守中,中國國民黨,735,
2018年直轄市長選舉,2018,臺北市,大同區,大有里,臺北市,3,姚文智,民主進步黨,680,
2018年直轄市長選舉,2018,臺北市,大同區,大有里,臺北市,4,柯文哲,無黨籍及未經政黨推薦,1324,*
2018年直轄市長選舉,2018,臺北市,大同區,大有里,臺北市,5,李錫錕,無黨籍及未經政黨推薦,9,
2018年直轄市長選舉,2018,臺北市,大同區,延平里,臺北市,1,吳蕚洋,無黨籍及未經政黨推薦,8,
2018年直轄市長選舉,2018,臺北市,大同區,延平里,臺北市,2,丁守中,中國國民黨,802,
2018年直轄市長選舉,2018,臺北市,大同區,延平里,臺北市,3,姚文智,民主進步黨,573,
2018年直轄市長選舉,2018,臺北市,大同區,延平里,臺北市,4,柯文哲,無黨籍及未經政黨推薦,1060,*
2018年直轄市長選舉,2018,臺北市,大同區,延平里,臺北市,5,李錫錕,無黨籍及未經政黨推薦,20,
2018年直轄市長選舉,2018,臺北市,大同區,雙連里,臺北市,1,吳蕚洋,無黨籍及未經政黨推薦,21,
2018年直轄市長選舉,2018,臺北市,大同區,雙連里,臺北市,2,丁守中,中國國民黨,1588,
2018年直轄市長選舉,2018,臺北市,大同區,雙連里,臺北市,3,姚文智,民主進步黨,1286,
2018年直轄市長選舉,2018,臺北市,大同區,雙連里,臺北市,4,柯文哲,無黨籍及未經政黨推薦,2382,*
2018年直轄市長選舉,2018,臺北市,大同區,雙連里,臺北市,5,李錫錕,無黨籍及未經政黨推薦,34,
2018年直轄市長選舉,2018,臺北市,大同區,南芳里,臺北市,1,吳蕚洋,無黨籍及未經政黨推薦,14,
2018年直轄市長選舉,2018,臺北市,大同區,南芳里,臺北市,2,丁守中,中國國民黨,697,
2018年直轄市長選舉,2018,臺北市,大同區,南芳里,臺北市,3,姚文智,民主進步黨,522,
2018年直轄市長選舉,2018,臺北市,大同區,南芳里,臺北市,4,柯文哲,無黨籍及未經政黨推薦,1073,*
2018年直轄市長選舉,2018,臺北市,大同區,南芳里,臺北市,5,李錫錕,無黨籍及未經政黨推薦,12,
2018年直轄市長選舉,2018,臺北市,大同區,民權里,臺北市,1,吳蕚洋,無黨籍及未經政黨推薦,16,
2018年直轄市長選舉,2018,臺北市,大同區,民權里,臺北市,2,丁守中,中國國民黨,1132,
2018年直轄市長選舉,2018,臺北市,大同區,民權里,臺北市,3,姚文智,民主進步黨,777,
2018年直轄市長選舉,2018,臺北市,大同區,民權里,臺北市,4,柯文哲,無黨籍及未經政黨推薦,1623,*
2018年直轄市長選舉,2018,臺北市,大同區,民權里,臺北市,5,李錫錕,無黨籍及未經政黨推薦,12,
2018年直轄市長選舉,2018,臺北市,大同區,景星里,臺北市,1,吳蕚洋,無黨籍及未經政黨推薦,6,
2018年直轄市長選舉,2018,臺北市,大同區,景星里,臺北市,2,丁守中,中國國民黨,481,
2018年直轄市長選舉,2018,臺北市,大同區,景星里,臺北市,3,姚文智,民主進步黨,425,
2018年直轄市長選舉,2018,臺北市,大同區,景星里,臺北市,4,柯文哲,無黨籍及未經政黨推薦,653,*
2018年直轄市長選舉,2018,臺北市,大同區,景星里,臺北市,5,李錫錕,無黨籍及未經政黨推薦,7,
2018年直轄市長選舉,2018,臺北市,大同區,隆和里,臺北市,1,吳蕚洋,無黨籍及未經政黨推薦,3,
2018年直轄市長選舉,2018,臺北市,大同區,隆和里,臺北市,2,丁守中,中國國民黨,499,
2018年直轄市長選舉,2018,臺北市,大同區,隆和里,臺北市,3,姚文智,民主進步黨,455,
2018年直轄市長選舉,2018,臺北市,大同區,隆和里,臺北市,4,柯文哲,無黨籍及未經政黨推薦,861,*
2018年直轄市長選舉,2018,臺北市,大同區,隆和里,臺北市,5,李錫錕,無黨籍及未經政黨推薦,12,
2018年直轄市長選舉,2018,臺北市,大同區,蓬萊里,臺北市,1,吳蕚洋,無黨籍及未經政黨推薦,9,
2018年直轄市長選舉,2018,臺北市,大同區,蓬萊里,臺北市,2,丁守中,中國國民黨,868,
2018年直轄市長選舉,2018,臺北市,大同區,蓬萊里,臺北市,3,姚文智,民主進步黨,681,
2018年直轄市長選舉,2018,臺北市,大同區,蓬萊里,臺北市,4,柯文哲,無黨籍及未經政黨推薦,1289,*
2018年直轄市長選舉,2018,臺北市,大同區,蓬萊里,臺北市,5,李錫錕,無黨籍及未經政黨推薦,19,
2018年直轄市長選舉,2018,臺北市,大同區,國順里,臺北市,1,吳蕚洋,無黨籍及未經政黨推薦,4,
2018年直轄市長選舉,2018,臺北市,大同區,國順里,臺北市,2,丁守中,中國國民黨,412,
2018年直轄市長選舉,2018,臺北市,大同區,國順里,臺北市,3,姚文智,民主進步黨,465,
2018年直轄市長選舉,2018,臺北市,大同區,國順里,臺北市,4,柯文哲,無黨籍及未經政黨推薦,648,*
2018年直轄市長選舉,2018,臺北市,大同區,國順里,臺北市,5,李錫錕,無黨籍及未經政黨推薦,14,
2018年直轄市長選舉,2018,臺北市,大同區,國慶里,臺北市,1,吳蕚洋,無黨籍及未經政黨推薦,11,
2018年直轄市長選舉,2018,臺北市,大同區,國慶里,臺北市,2,丁守中,中國國民黨,778,
2018年直轄市長選舉,2018,臺北市,大同區,國慶里,臺北市,3,姚文智,民主進步黨,616,
2018年直轄市長選舉,2018,臺北市,大同區,國慶里,臺北市,4,柯文哲,無黨籍及未經政黨推薦,1144,*
2018年直轄市長選舉,2018,臺北市,大同區,國慶里,臺北市,5,李錫錕,無黨籍及未經政黨推薦,8,
2018年直轄市長選舉,2018,臺北市,大同區,揚雅里,臺北市,1,吳蕚洋,無黨籍及未經政黨推薦,6,
2018年直轄市長選舉,2018,臺北市,大同區,揚雅里,臺北市,2,丁守中,中國國民黨,567,
2018年直轄市長選舉,2018,臺北市,大同區,揚雅里,臺北市,3,姚文智,民主進步黨,508,
2018年直轄市長選舉,2018,臺北市,大同區,揚雅里,臺北市,4,柯文哲,無黨籍及未經政黨推薦,939,*
2018年直轄市長選舉,2018,臺北市,大同區,揚雅里,臺北市,5,李錫錕,無黨籍及未經政黨推薦,12,
2018年直轄市長選舉,2018,臺北市,大同區,斯文里,臺北市,1,吳蕚洋,無黨籍及未經政黨推薦,13,
2018年直轄市長選舉,2018,臺北市,大同區,斯文里,臺北市,2,丁守中,中國國民黨,835,
2018年直轄市長選舉,2018,臺北市,大同區,斯文里,臺北市,3,姚文智,民主進步黨,742,
2018年直轄市長選舉,2018,臺北市,大同區,斯文里,臺北市,4,柯文哲,無黨籍及未經政黨推薦,1312,*
2018年直轄市長選舉,2018,臺北市,大同區,斯文里,臺北市,5,李錫錕,無黨籍及未經政黨推薦,16,
2018年直轄市長選舉,2018,臺北市,大同區,鄰江里,臺北市,1,吳蕚洋,無黨籍及未經政黨推薦,13,
2018年直轄市長選舉,2018,臺北市,大同區,鄰江里,臺北市,2,丁守中,中國國民黨,1114,
2018年直轄市長選舉,2018,臺北市,大同區,鄰江里,臺北市,3,姚文智,民主進步黨,1089,
2018年直轄市長選舉,2018,臺北市,大同區,鄰江里,臺北市,4,柯文哲,無黨籍及未經政黨推薦,1614,*
2018年直轄市長選舉,2018,臺北市,大同區,鄰江里,臺北市,5,李錫錕,無黨籍及未經政黨推薦,23,
2018年直轄市長選舉,2018,臺北市,大同區,至聖里,臺北市,1,吳蕚洋,無黨籍及未經政黨推薦,20,
2018年直轄市長選舉,2018,臺北市,大同區,至聖里,臺北市,2,丁守中,中國國民黨,1434,
2018年直轄市長選舉,2018,臺北市,大同區,至聖里,臺北市,3,姚文智,民主進步黨,1172,
2018年直轄市長選舉,2018,臺北市,大同區,至聖里,臺北市,4,柯文哲,無黨籍及未經政黨推薦,2050,*
2018年直轄市長選舉,2018,臺北市,大同區,至聖里,臺北市,5,李錫錕,無黨籍及未經政黨推薦,17,
2018年直轄市長選舉,2018,臺北市,大同區,老師里,臺北市,1,吳蕚洋,無黨籍及未經政黨推薦,17,
2018年直轄市長選舉,2018,臺北市,大同區,老師里,臺北市,2,丁守中,中國國民黨,927,
2018年直轄市長選舉,2018,臺北市,大同區,老師里,臺北市,3,姚文智,民主進步黨,893,
2018年直轄市長選舉,2018,臺北市,大同區,老師里,臺北市,4,柯文哲,無黨籍及未經政黨推薦,1546,*
2018年直轄市長選舉,2018,臺北市,大同區,老師里,臺北市,5,李錫錕,無黨籍及未經政黨推薦,18,
2018年直轄市長選舉,2018,臺北市,大同區,重慶里,臺北市,1,吳蕚洋,無黨籍及未經政黨推薦,10,
2018年直轄市長選舉,2018,臺北市,大同區,重慶里,臺北市,2,丁守中,中國國民黨,1271,
2018年直轄市長選舉,2018,臺北市,大同區,重慶里,臺北市,3,姚文智,民主進步黨,732,
2018年直轄市長選舉,2018,臺北市,大同區,重慶里,臺北市,4,柯文哲,無黨籍及未經政黨推薦,1668,*
2018年直轄市長選舉,2018,臺北市,大同區,重慶里,臺北市,5,李錫錕,無黨籍及未經政黨推薦,19,
2018年直轄市長選舉,2018,臺北市,大同區,保安里,臺北市,1,吳蕚洋,無黨籍及未經政黨推薦,11,
2018年直轄市長選舉,2018,臺北市,大同區,保安里,臺北市,2,丁守中,中國國民黨,682,
2018年直轄市長選舉,2018,臺北市,大同區,保安里,臺北市,3,姚文智,民主進步黨,654,
2018年直轄市長選舉,2018,臺北市,大同區,保安里,臺北市,4,柯文哲,無黨籍及未經政黨推薦,1089,*
2018年直轄市長選舉,2018,臺北市,大同區,保安里,臺北市,5,李錫錕,無黨籍及未經政黨推薦,7,
2018年直轄市長選舉,2018,臺北市,萬華區,福星里,臺北市,1,吳蕚洋,無黨籍及未經政黨推薦,9,
2018年直轄市長選舉,2018,臺北市,萬華區,福星里,臺北市,2,丁守中,中國國民黨,1285,
2018年直轄市長選舉,2018,臺北市,萬華區,福星里,臺北市,3,姚文智,民主進步黨,554,
2018年直轄市長選舉,2018,臺北市,萬華區,福星里,臺北市,4,柯文哲,無黨籍及未經政黨推薦,1179,*
2018年直轄市長選舉,2018,臺北市,萬華區,福星里,臺北市,5,李錫錕,無黨籍及未經政黨推薦,14,
2018年直轄市長選舉,2018,臺北市,萬華區,萬壽里,臺北市,1,吳蕚洋,無黨籍及未經政黨推薦,8,
2018年直轄市長選舉,2018,臺北市,萬華區,萬壽里,臺北市,2,丁守中,中國國民黨,698,
2018年直轄市長選舉,2018,臺北市,萬華區,萬壽里,臺北市,3,姚文智,民主進步黨,350,
2018年直轄市長選舉,2018,臺北市,萬華區,萬壽里,臺北市,4,柯文哲,無黨籍及未經政黨推薦,599,*
2018年直轄市長選舉,2018,臺北市,萬華區,萬壽里,臺北市,5,李錫錕,無黨籍及未經政黨推薦,0,
2018年直轄市長選舉,2018,臺北市,萬華區,西門里,臺北市,1,吳蕚洋,無黨籍及未經政黨推薦,2,
2018年直轄市長選舉,2018,臺北市,萬華區,西門里,臺北市,2,丁守中,中國國民黨,776,
2018年直轄市長選舉,2018,臺北市,萬華區,西門里,臺北市,3,姚文智,民主進步黨,328,
2018年直轄市長選舉,2018,臺北市,萬華區,西門里,臺北市,4,柯文哲,無黨籍及未經政黨推薦,843,*
2018年直轄市長選舉,2018,臺北市,萬華區,西門里,臺北市,5,李錫錕,無黨籍及未經政黨推薦,6,
2018年直轄市長選舉,2018,臺北市,萬華區,新起里,臺北市,1,吳蕚洋,無黨籍及未經政黨推薦,12,
2018年直轄市長選舉,2018,臺北市,萬華區,新起里,臺北市,2,丁守中,中國國民黨,1271,
2018年直轄市長選舉,2018,臺北市,萬華區,新起里,臺北市,3,姚文智,民主進步黨,709,
2018年直轄市長選舉,2018,臺北市,萬華區,新起里,臺北市,4,柯文哲,無黨籍及未經政黨推薦,1456,*
2018年直轄市長選舉,2018,臺北市,萬華區,新起里,臺北市,5,李錫錕,無黨籍及未經政黨推薦,6,
2018年直轄市長選舉,2018,臺北市,萬華區,菜園里,臺北市,1,吳蕚洋,無黨籍及未經政黨推薦,15,
2018年直轄市長選舉,2018,臺北市,萬華區,菜園里,臺北市,2,丁守中,中國國民黨,1116,
2018年直轄市長選舉,2018,臺北市,萬華區,菜園里,臺北市,3,姚文智,民主進步黨,829,
2018年直轄市長選舉,2018,臺北市,萬華區,菜園里,臺北市,4,柯文哲,無黨籍及未經政黨推薦,1526,*
2018年直轄市長選舉,2018,臺北市,萬華區,菜園里,臺北市,5,李錫錕,無黨籍及未經政黨推薦,18,
2018年直轄市長選舉,2018,臺北市,萬華區,青山里,臺北市,1,吳蕚洋,無黨籍及未經政黨推薦,5,
2018年直轄市長選舉,2018,臺北市,萬華區,青山里,臺北市,2,丁守中,中國國民黨,1136,
2018年直轄市長選舉,2018,臺北市,萬華區,青山里,臺北市,3,姚文智,民主進步黨,759,
2018年直轄市長選舉,2018,臺北市,萬華區,青山里,臺北市,4,柯文哲,無黨籍及未經政黨推薦,1245,*
2018年直轄市長選舉,2018,臺北市,萬華區,青山里,臺北市,5,李錫錕,無黨籍及未經政黨推薦,21,
2018年直轄市長選舉,2018,臺北市,萬華區,富民里,臺北市,1,吳蕚洋,無黨籍及未經政黨推薦,7,
2018年直轄市長選舉,2018,臺北市,萬華區,富民里,臺北市,2,丁守中,中國國民黨,819,
2018年直轄市長選舉,2018,臺北市,萬華區,富民里,臺北市,3,姚文智,民主進步黨,735,
2018年直轄市長選舉,2018,臺北市,萬華區,富民里,臺北市,4,柯文哲,無黨籍及未經政黨推薦,1055,*
2018年直轄市長選舉,2018,臺北市,萬華區,富民里,臺北市,5,李錫錕,無黨籍及未經政黨推薦,9,
2018年直轄市長選舉,2018,臺北市,萬華區,福音里,臺北市,1,吳蕚洋,無黨籍及未經政黨推薦,8,
2018年直轄市長選舉,2018,臺北市,萬華區,福音里,臺北市,2,丁守中,中國國民黨,729,
2018年直轄市長選舉,2018,臺北市,萬華區,福音里,臺北市,3,姚文智,民主進步黨,498,
2018年直轄市長選舉,2018,臺北市,萬華區,福音里,臺北市,4,柯文哲,無黨籍及未經政黨推薦,1035,*
2018年直轄市長選舉,2018,臺北市,萬華區,福音里,臺北市,5,李錫錕,無黨籍及未經政黨推薦,10,
2018年直轄市長選舉,2018,臺北市,萬華區,仁德里,臺北市,1,吳蕚洋,無黨籍及未經政黨推薦,8,
2018年直轄市長選舉,2018,臺北市,萬華區,仁德里,臺北市,2,丁守中,中國國民黨,996,
2018年直轄市長選舉,2018,臺北市,萬華區,仁德里,臺北市,3,姚文智,民主進步黨,568,
2018年直轄市長選舉,2018,臺北市,萬華區,仁德里,臺北市,4,柯文哲,無黨籍及未經政黨推薦,1199,*
2018年直轄市長選舉,2018,臺北市,萬華區,仁德里,臺北市,5,李錫錕,無黨籍及未經政黨推薦,11,
2018年直轄市長選舉,2018,臺北市,萬華區,富福里,臺北市,1,吳蕚洋,無黨籍及未經政黨推薦,6,
2018年直轄市長選舉,2018,臺北市,萬華區,富福里,臺北市,2,丁守中,中國國民黨,818,
2018年直轄市長選舉,2018,臺北市,萬華區,富福里,臺北市,3,姚文智,民主進步黨,651,
2018年直轄市長選舉,2018,臺北市,萬華區,富福里,臺北市,4,柯文哲,無黨籍及未經政黨推薦,1333,*
2018年直轄市長選舉,2018,臺北市,萬華區,富福里,臺北市,5,李錫錕,無黨籍及未經政黨推薦,8,
2018年直轄市長選舉,2018,臺北市,萬華區,頂碩里,臺北市,1,吳蕚洋,無黨籍及未經政黨推薦,12,
2018年直轄市長選舉,2018,臺北市,萬華區,頂碩里,臺北市,2,丁守中,中國國民黨,1295,
2018年直轄市長選舉,2018,臺北市,萬華區,頂碩里,臺北市,3,姚文智,民主進步黨,1065,
2018年直轄市長選舉,2018,臺北市,萬華區,頂碩里,臺北市,4,柯文哲,無黨籍及未經政黨推薦,1754,*
2018年直轄市長選舉,2018,臺北市,萬華區,頂碩里,臺北市,5,李錫錕,無黨籍及未經政黨推薦,15,
2018年直轄市長選舉,2018,臺北市,萬華區,雙園里,臺北市,1,吳蕚洋,無黨籍及未經政黨推薦,11,
2018年直轄市長選舉,2018,臺北市,萬華區,雙園里,臺北市,2,丁守中,中國國民黨,777,
2018年直轄市長選舉,2018,臺北市,萬華區,雙園里,臺北市,3,姚文智,民主進步黨,589,
2018年直轄市長選舉,2018,臺北市,萬華區,雙園里,臺北市,4,柯文哲,無黨籍及未經政黨推薦,1214,*
2018年直轄市長選舉,2018,臺北市,萬華區,雙園里,臺北市,5,李錫錕,無黨籍及未經政黨推薦,10,
2018年直轄市長選舉,2018,臺北市,萬華區,新忠里,臺北市,1,吳蕚洋,無黨籍及未經政黨推薦,9,
2018年直轄市長選舉,2018,臺北市,萬華區,新忠里,臺北市,2,丁守中,中國國民黨,1220,
2018年直轄市長選舉,2018,臺北市,萬華區,新忠里,臺北市,3,姚文智,民主進步黨,141,
2018年直轄市長選舉,2018,臺北市,萬華區,新忠里,臺北市,4,柯文哲,無黨籍及未經政黨推薦,611,*
2018年直轄市長選舉,2018,臺北市,萬華區,新忠里,臺北市,5,李錫錕,無黨籍及未經政黨推薦,11,
2018年直轄市長選舉,2018,臺北市,萬華區,新和里,臺北市,1,吳蕚洋,無黨籍及未經政黨推薦,21,
2018年直轄市長選舉,2018,臺北市,萬華區,新和里,臺北市,2,丁守中,中國國民黨,2912,
2018年直轄市長選舉,2018,臺北市,萬華區,新和里,臺北市,3,姚文智,民主進步黨,418,
2018年直轄市長選舉,2018,臺北市,萬華區,新和里,臺北市,4,柯文哲,無黨籍及未經政黨推薦,1758,*
2018年直轄市長選舉,2018,臺北市,萬華區,新和里,臺北市,5,李錫錕,無黨籍及未經政黨推薦,23,
2018年直轄市長選舉,2018,臺北市,萬華區,糖廍里,臺北市,1,吳蕚洋,無黨籍及未經政黨推薦,19,
2018年直轄市長選舉,2018,臺北市,萬華區,糖廍里,臺北市,2,丁守中,中國國民黨,1105,
2018年直轄市長選舉,2018,臺北市,萬華區,糖廍里,臺北市,3,姚文智,民主進步黨,729,
2018年直轄市長選舉,2018,臺北市,萬華區,糖廍里,臺北市,4,柯文哲,無黨籍及未經政黨推薦,1381,*
2018年直轄市長選舉,2018,臺北市,萬華區,糖廍里,臺北市,5,李錫錕,無黨籍及未經政黨推薦,17,
2018年直轄市長選舉,2018,臺北市,萬華區,和平里,臺北市,1,吳蕚洋,無黨籍及未經政黨推薦,12,
2018年直轄市長選舉,2018,臺北市,萬華區,和平里,臺北市,2,丁守中,中國國民黨,1088,
2018年直轄市長選舉,2018,臺北市,萬華區,和平里,臺北市,3,姚文智,民主進步黨,996,
2018年直轄市長選舉,2018,臺北市,萬華區,和平里,臺北市,4,柯文哲,無黨籍及未經政黨推薦,1774,*
2018年直轄市長選舉,2018,臺北市,萬華區,和平里,臺北市,5,李錫錕,無黨籍及未經政黨推薦,15,
2018年直轄市長選舉,2018,臺北市,萬華區,綠堤里,臺北市,1,吳蕚洋,無黨籍及未經政黨推薦,8,
2018年直轄市長選舉,2018,臺北市,萬華區,綠堤里,臺北市,2,丁守中,中國國民黨,911,
2018年直轄市長選舉,2018,臺北市,萬華區,綠堤里,臺北市,3,姚文智,民主進步黨,454,
2018年直轄市長選舉,2018,臺北市,萬華區,綠堤里,臺北市,4,柯文哲,無黨籍及未經政黨推薦,943,*
2018年直轄市長選舉,2018,臺北市,萬華區,綠堤里,臺北市,5,李錫錕,無黨籍及未經政黨推薦,9,
2018年直轄市長選舉,2018,臺北市,萬華區,華江里,臺北市,1,吳蕚洋,無黨籍及未經政黨推薦,17,
2018年直轄市長選舉,2018,臺北市,萬華區,華江里,臺北市,2,丁守中,中國國民黨,1593,
2018年直轄市長選舉,2018,臺北市,萬華區,華江里,臺北市,3,姚文智,民主進步黨,1035,
2018年直轄市長選舉,2018,臺北市,萬華區,華江里,臺北市,4,柯文哲,無黨籍及未經政黨推薦,2144,*
2018年直轄市長選舉,2018,臺北市,萬華區,華江里,臺北市,5,李錫錕,無黨籍及未經政黨推薦,13,
2018年直轄市長選舉,2018,臺北市,萬華區,柳鄉里,臺北市,1,吳蕚洋,無黨籍及未經政黨推薦,13,
2018年直轄市長選舉,2018,臺北市,萬華區,柳鄉里,臺北市,2,丁守中,中國國民黨,930,
2018年直轄市長選舉,2018,臺北市,萬華區,柳鄉里,臺北市,3,姚文智,民主進步黨,792,
2018年直轄市長選舉,2018,臺北市,萬華區,柳鄉里,臺北市,4,柯文哲,無黨籍及未經政黨推薦,1186,*
2018年直轄市長選舉,2018,臺北市,萬華區,柳鄉里,臺北市,5,李錫錕,無黨籍及未經政黨推薦,17,
2018年直轄市長選舉,2018,臺北市,萬華區,日善里,臺北市,1,吳蕚洋,無黨籍及未經政黨推薦,12,
2018年直轄市長選舉,2018,臺北市,萬華區,日善里,臺北市,2,丁守中,中國國民黨,712,
2018年直轄市長選舉,2018,臺北市,萬華區,日善里,臺北市,3,姚文智,民主進步黨,479,
2018年直轄市長選舉,2018,臺北市,萬華區,日善里,臺北市,4,柯文哲,無黨籍及未經政黨推薦,997,*
2018年直轄市長選舉,2018,臺北市,萬華區,日善里,臺北市,5,李錫錕,無黨籍及未經政黨推薦,11,
2018年直轄市長選舉,2018,臺北市,萬華區,新安里,臺北市,1,吳蕚洋,無黨籍及未經政黨推薦,18,
2018年直轄市長選舉,2018,臺北市,萬華區,新安里,臺北市,2,丁守中,中國國民黨,1624,
2018年直轄市長選舉,2018,臺北市,萬華區,新安里,臺北市,3,姚文智,民主進步黨,540,
2018年直轄市長選舉,2018,臺北市,萬華區,新安里,臺北市,4,柯文哲,無黨籍及未經政黨推薦,1310,*
2018年直轄市長選舉,2018,臺北市,萬華區,新安里,臺北市,5,李錫錕,無黨籍及未經政黨推薦,19,
2018年直轄市長選舉,2018,臺北市,萬華區,忠德里,臺北市,1,吳蕚洋,無黨籍及未經政黨推薦,14,
2018年直轄市長選舉,2018,臺北市,萬華區,忠德里,臺北市,2,丁守中,中國國民黨,769,
2018年直轄市長選舉,2018,臺北市,萬華區,忠德里,臺北市,3,姚文智,民主進步黨,642,
2018年直轄市長選舉,2018,臺北市,萬華區,忠德里,臺北市,4,柯文哲,無黨籍及未經政黨推薦,1150,*
2018年直轄市長選舉,2018,臺北市,萬華區,忠德里,臺北市,5,李錫錕,無黨籍及未經政黨推薦,12,
2018年直轄市長選舉,2018,臺北市,萬華區,孝德里,臺北市,1,吳蕚洋,無黨籍及未經政黨推薦,12,
2018年直轄市長選舉,2018,臺北市,萬華區,孝德里,臺北市,2,丁守中,中國國民黨,574,
2018年直轄市長選舉,2018,臺北市,萬華區,孝德里,臺北市,3,姚文智,民主進步黨,476,
2018年直轄市長選舉,2018,臺北市,萬華區,孝德里,臺北市,4,柯文哲,無黨籍及未經政黨推薦,889,*
2018年直轄市長選舉,2018,臺北市,萬華區,孝德里,臺北市,5,李錫錕,無黨籍及未經政黨推薦,7,
2018年直轄市長選舉,2018,臺北市,萬華區,和德里,臺北市,1,吳蕚洋,無黨籍及未經政黨推薦,20,
2018年直轄市長選舉,2018,臺北市,萬華區,和德里,臺北市,2,丁守中,中國國民黨,1073,
2018年直轄市長選舉,2018,臺北市,萬華區,和德里,臺北市,3,姚文智,民主進步黨,832,
2018年直轄市長選舉,2018,臺北市,萬華區,和德里,臺北市,4,柯文哲,無黨籍及未經政黨推薦,1592,*
2018年直轄市長選舉,2018,臺北市,萬華區,和德里,臺北市,5,李錫錕,無黨籍及未經政黨推薦,20,
2018年直轄市長選舉,2018,臺北市,萬華區,錦德里,臺北市,1,吳蕚洋,無黨籍及未經政黨推薦,16,
2018年直轄市長選舉,2018,臺北市,萬華區,錦德里,臺北市,2,丁守中,中國國民黨,974,
2018年直轄市長選舉,2018,臺北市,萬華區,錦德里,臺北市,3,姚文智,民主進步黨,747,
2018年直轄市長選舉,2018,臺北市,萬華區,錦德里,臺北市,4,柯文哲,無黨籍及未經政黨推薦,1384,*
2018年直轄市長選舉,2018,臺北市,萬華區,錦德里,臺北市,5,李錫錕,無黨籍及未經政黨推薦,20,
2018年直轄市長選舉,2018,臺北市,萬華區,全德里,臺北市,1,吳蕚洋,無黨籍及未經政黨推薦,8,
2018年直轄市長選舉,2018,臺北市,萬華區,全德里,臺北市,2,丁守中,中國國民黨,826,
2018年直轄市長選舉,2018,臺北市,萬華區,全德里,臺北市,3,姚文智,民主進步黨,507,
2018年直轄市長選舉,2018,臺北市,萬華區,全德里,臺北市,4,柯文哲,無黨籍及未經政黨推薦,1107,*
2018年直轄市長選舉,2018,臺北市,萬華區,全德里,臺北市,5,李錫錕,無黨籍及未經政黨推薦,7,
2018年直轄市長選舉,2018,臺北市,萬華區,保德里,臺北市,1,吳蕚洋,無黨籍及未經政黨推薦,7,
2018年直轄市長選舉,2018,臺北市,萬華區,保德里,臺北市,2,丁守中,中國國民黨,645,
2018年直轄市長選舉,2018,臺北市,萬華區,保德里,臺北市,3,姚文智,民主進步黨,395,
2018年直轄市長選舉,2018,臺北市,萬華區,保德里,臺北市,4,柯文哲,無黨籍及未經政黨推薦,854,*
2018年直轄市長選舉,2018,臺北市,萬華區,保德里,臺北市,5,李錫錕,無黨籍及未經政黨推薦,7,
2018年直轄市長選舉,2018,臺北市,萬華區,銘德里,臺北市,1,吳蕚洋,無黨籍及未經政黨推薦,9,
2018年直轄市長選舉,2018,臺北市,萬華區,銘德里,臺北市,2,丁守中,中國國民黨,848,
2018年直轄市長選舉,2018,臺北市,萬華區,銘德里,臺北市,3,姚文智,民主進步黨,597,
2018年直轄市長選舉,2018,臺北市,萬華區,銘德里,臺北市,4,柯文哲,無黨籍及未經政黨推薦,1237,*
2018年直轄市長選舉,2018,臺北市,萬華區,銘德里,臺北市,5,李錫錕,無黨籍及未經政黨推薦,17,
2018年直轄市長選舉,2018,臺北市,萬華區,榮德里,臺北市,1,吳蕚洋,無黨籍及未經政黨推薦,8,
2018年直轄市長選舉,2018,臺北市,萬華區,榮德里,臺北市,2,丁守中,中國國民黨,691,
2018年直轄市長選舉,2018,臺北市,萬華區,榮德里,臺北市,3,姚文智,民主進步黨,496,
2018年直轄市長選舉,2018,臺北市,萬華區,榮德里,臺北市,4,柯文哲,無黨籍及未經政黨推薦,896,*
2018年直轄市長選舉,2018,臺北市,萬華區,榮德里,臺北市,5,李錫錕,無黨籍及未經政黨推薦,12,
2018年直轄市長選舉,2018,臺北市,萬華區,壽德里,臺北市,1,吳蕚洋,無黨籍及未經政黨推薦,13,
2018年直轄市長選舉,2018,臺北市,萬華區,壽德里,臺北市,2,丁守中,中國國民黨,1014,
2018年直轄市長選舉,2018,臺北市,萬華區,壽德里,臺北市,3,姚文智,民主進步黨,617,
2018年直轄市長選舉,2018,臺北市,萬華區,壽德里,臺北市,4,柯文哲,無黨籍及未經政黨推薦,1256,*
2018年直轄市長選舉,2018,臺北市,萬華區,壽德里,臺北市,5,李錫錕,無黨籍及未經政黨推薦,15,
2018年直轄市長選舉,2018,臺北市,萬華區,興德里,臺北市,1,吳蕚洋,無黨籍及未經政黨推薦,15,
2018年直轄市長選舉,2018,臺北市,萬華區,興德里,臺北市,2,丁守中,中國國民黨,832,
2018年直轄市長選舉,2018,臺北市,萬華區,興德里,臺北市,3,姚文智,民主進步黨,571,
2018年直轄市長選舉,2018,臺北市,萬華區,興德里,臺北市,4,柯文哲,無黨籍及未經政黨推薦,1169,*
2018年直轄市長選舉,2018,臺北市,萬華區,興德里,臺北市,5,李錫錕,無黨籍及未經政黨推薦,16,
2018年直轄市長選舉,2018,臺北市,萬華區,華中里,臺北市,1,吳蕚洋,無黨籍及未經政黨推薦,24,
2018年直轄市長選舉,2018,臺北市,萬華區,華中里,臺北市,2,丁守中,中國國民黨,1214,
2018年直轄市長選舉,2018,臺北市,萬華區,華中里,臺北市,3,姚文智,民主進步黨,857,
2018年直轄市長選舉,2018,臺北市,萬華區,華中里,臺北市,4,柯文哲,無黨籍及未經政黨推薦,1732,*
2018年直轄市長選舉,2018,臺北市,萬華區,華中里,臺北市,5,李錫錕,無黨籍及未經政黨推薦,18,
2018年直轄市長選舉,2018,臺北市,萬華區,日祥里,臺北市,1,吳蕚洋,無黨籍及未經政黨推薦,12,
2018年直轄市長選舉,2018,臺北市,萬華區,日祥里,臺北市,2,丁守中,中國國民黨,1625,
2018年直轄市長選舉,2018,臺北市,萬華區,日祥里,臺北市,3,姚文智,民主進步黨,460,
2018年直轄市長選舉,2018,臺北市,萬華區,日祥里,臺北市,4,柯文哲,無黨籍及未經政黨推薦,1095,*
2018年直轄市長選舉,2018,臺北市,萬華區,日祥里,臺北市,5,李錫錕,無黨籍及未經政黨推薦,16,
2018年直轄市長選舉,2018,臺北市,萬華區,忠貞里,臺北市,1,吳蕚洋,無黨籍及未經政黨推薦,17,
2018年直轄市長選舉,2018,臺北市,萬華區,忠貞里,臺北市,2,丁守中,中國國民黨,1633,
2018年直轄市長選舉,2018,臺北市,萬華區,忠貞里,臺北市,3,姚文智,民主進步黨,383,
2018年直轄市長選舉,2018,臺北市,萬華區,忠貞里,臺北市,4,柯文哲,無黨籍及未經政黨推薦,905,*
2018年直轄市長選舉,2018,臺北市,萬華區,忠貞里,臺北市,5,李錫錕,無黨籍及未經政黨推薦,15,
2018年直轄市長選舉,2018,臺北市,萬華區,凌霄里,臺北市,1,吳蕚洋,無黨籍及未經政黨推薦,11,
2018年直轄市長選舉,2018,臺北市,萬華區,凌霄里,臺北市,2,丁守中,中國國民黨,1066,
2018年直轄市長選舉,2018,臺北市,萬華區,凌霄里,臺北市,3,姚文智,民主進步黨,310,
2018年直轄市長選舉,2018,臺北市,萬華區,凌霄里,臺北市,4,柯文哲,無黨籍及未經政黨推薦,858,*
2018年直轄市長選舉,2018,臺北市,萬華區,凌霄里,臺北市,5,李錫錕,無黨籍及未經政黨推薦,8,
2018年直轄市長選舉,2018,臺北市,萬華區,騰雲里,臺北市,1,吳蕚洋,無黨籍及未經政黨推薦,8,
2018年直轄市長選舉,2018,臺北市,萬華區,騰雲里,臺北市,2,丁守中,中國國民黨,925,
2018年直轄市長選舉,2018,臺北市,萬華區,騰雲里,臺北市,3,姚文智,民主進步黨,288,
2018年直轄市長選舉,2018,臺北市,萬華區,騰雲里,臺北市,4,柯文哲,無黨籍及未經政黨推薦,713,*
2018年直轄市長選舉,2018,臺北市,萬華區,騰雲里,臺北市,5,李錫錕,無黨籍及未經政黨推薦,12,
2018年直轄市長選舉,2018,臺北市,文山區,景行里,臺北市,1,吳蕚洋,無黨籍及未經政黨推薦,19,
2018年直轄市長選舉,2018,臺北市,文山區,景行里,臺北市,2,丁守中,中國國民黨,1570,
2018年直轄市長選舉,2018,臺北市,文山區,景行里,臺北市,3,姚文智,民主進步黨,703,
2018年直轄市長選舉,2018,臺北市,文山區,景行里,臺北市,4,柯文哲,無黨籍及未經政黨推薦,1673,*
2018年直轄市長選舉,2018,臺北市,文山區,景行里,臺北市,5,李錫錕,無黨籍及未經政黨推薦,21,
2018年直轄市長選舉,2018,臺北市,文山區,景東里,臺北市,1,吳蕚洋,無黨籍及未經政黨推薦,17,
2018年直轄市長選舉,2018,臺北市,文山區,景東里,臺北市,2,丁守中,中國國民黨,1800,
2018年直轄市長選舉,2018,臺北市,文山區,景東里,臺北市,3,姚文智,民主進步黨,454,
2018年直轄市長選舉,2018,臺北市,文山區,景東里,臺北市,4,柯文哲,無黨籍及未經政黨推薦,1539,*
2018年直轄市長選舉,2018,臺北市,文山區,景東里,臺北市,5,李錫錕,無黨籍及未經政黨推薦,19,
2018年直轄市長選舉,2018,臺北市,文山區,景美里,臺北市,1,吳蕚洋,無黨籍及未經政黨推薦,20,
2018年直轄市長選舉,2018,臺北市,文山區,景美里,臺北市,2,丁守中,中國國民黨,1272,
2018年直轄市長選舉,2018,臺北市,文山區,景美里,臺北市,3,姚文智,民主進步黨,455,
2018年直轄市長選舉,2018,臺北市,文山區,景美里,臺北市,4,柯文哲,無黨籍及未經政黨推薦,1067,*
2018年直轄市長選舉,2018,臺北市,文山區,景美里,臺北市,5,李錫錕,無黨籍及未經政黨推薦,19,
2018年直轄市長選舉,2018,臺北市,文山區,景慶里,臺北市,1,吳蕚洋,無黨籍及未經政黨推薦,13,
2018年直轄市長選舉,2018,臺北市,文山區,景慶里,臺北市,2,丁守中,中國國民黨,1560,
2018年直轄市長選舉,2018,臺北市,文山區,景慶里,臺北市,3,姚文智,民主進步黨,545,
2018年直轄市長選舉,2018,臺北市,文山區,景慶里,臺北市,4,柯文哲,無黨籍及未經政黨推薦,1415,*
2018年直轄市長選舉,2018,臺北市,文山區,景慶里,臺北市,5,李錫錕,無黨籍及未經政黨推薦,16,
2018年直轄市長選舉,2018,臺北市,文山區,景仁里,臺北市,1,吳蕚洋,無黨籍及未經政黨推薦,22,
2018年直轄市長選舉,2018,臺北市,文山區,景仁里,臺北市,2,丁守中,中國國民黨,1304,
2018年直轄市長選舉,2018,臺北市,文山區,景仁里,臺北市,3,姚文智,民主進步黨,369,
2018年直轄市長選舉,2018,臺北市,文山區,景仁里,臺北市,4,柯文哲,無黨籍及未經政黨推薦,1039,*
2018年直轄市長選舉,2018,臺北市,文山區,景仁里,臺北市,5,李錫錕,無黨籍及未經政黨推薦,19,
2018年直轄市長選舉,2018,臺北市,文山區,景華里,臺北市,1,吳蕚洋,無黨籍及未經政黨推薦,9,
2018年直轄市長選舉,2018,臺北市,文山區,景華里,臺北市,2,丁守中,中國國民黨,1470,
2018年直轄市長選舉,2018,臺北市,文山區,景華里,臺北市,3,姚文智,民主進步黨,462,
2018年直轄市長選舉,2018,臺北市,文山區,景華里,臺北市,4,柯文哲,無黨籍及未經政黨推薦,1283,*
2018年直轄市長選舉,2018,臺北市,文山區,景華里,臺北市,5,李錫錕,無黨籍及未經政黨推薦,18,
2018年直轄市長選舉,2018,臺北市,文山區,萬有里,臺北市,1,吳蕚洋,無黨籍及未經政黨推薦,11,
2018年直轄市長選舉,2018,臺北市,文山區,萬有里,臺北市,2,丁守中,中國國民黨,1445,
2018年直轄市長選舉,2018,臺北市,文山區,萬有里,臺北市,3,姚文智,民主進步黨,430,
2018年直轄市長選舉,2018,臺北市,文山區,萬有里,臺北市,4,柯文哲,無黨籍及未經政黨推薦,1186,*
2018年直轄市長選舉,2018,臺北市,文山區,萬有里,臺北市,5,李錫錕,無黨籍及未經政黨推薦,11,
2018年直轄市長選舉,2018,臺北市,文山區,萬祥里,臺北市,1,吳蕚洋,無黨籍及未經政黨推薦,13,
2018年直轄市長選舉,2018,臺北市,文山區,萬祥里,臺北市,2,丁守中,中國國民黨,1102,
2018年直轄市長選舉,2018,臺北市,文山區,萬祥里,臺北市,3,姚文智,民主進步黨,382,
2018年直轄市長選舉,2018,臺北市,文山區,萬祥里,臺北市,4,柯文哲,無黨籍及未經政黨推薦,1048,*
2018年直轄市長選舉,2018,臺北市,文山區,萬祥里,臺北市,5,李錫錕,無黨籍及未經政黨推薦,10,
2018年直轄市長選舉,2018,臺北市,文山區,萬隆里,臺北市,1,吳蕚洋,無黨籍及未經政黨推薦,32,
2018年直轄市長選舉,2018,臺北市,文山區,萬隆里,臺北市,2,丁守中,中國國民黨,1929,
2018年直轄市長選舉,2018,臺北市,文山區,萬隆里,臺北市,3,姚文智,民主進步黨,512,
2018年直轄市長選舉,2018,臺北市,文山區,萬隆里,臺北市,4,柯文哲,無黨籍及未經政黨推薦,1644,*
2018年直轄市長選舉,2018,臺北市,文山區,萬隆里,臺北市,5,李錫錕,無黨籍及未經政黨推薦,23,
2018年直轄市長選舉,2018,臺北市,文山區,萬年里,臺北市,1,吳蕚洋,無黨籍及未經政黨推薦,16,
2018年直轄市長選舉,2018,臺北市,文山區,萬年里,臺北市,2,丁守中,中國國民黨,1355,
2018年直轄市長選舉,2018,臺北市,文山區,萬年里,臺北市,3,姚文智,民主進步黨,521,
2018年直轄市長選舉,2018,臺北市,文山區,萬年里,臺北市,4,柯文哲,無黨籍及未經政黨推薦,1177,*
2018年直轄市長選舉,2018,臺北市,文山區,萬年里,臺北市,5,李錫錕,無黨籍及未經政黨推薦,18,
2018年直轄市長選舉,2018,臺北市,文山區,萬和里,臺北市,1,吳蕚洋,無黨籍及未經政黨推薦,2,
2018年直轄市長選舉,2018,臺北市,文山區,萬和里,臺北市,2,丁守中,中國國民黨,1103,
2018年直轄市長選舉,2018,臺北市,文山區,萬和里,臺北市,3,姚文智,民主進步黨,168,
2018年直轄市長選舉,2018,臺北市,文山區,萬和里,臺北市,4,柯文哲,無黨籍及未經政黨推薦,621,*
2018年直轄市長選舉,2018,臺北市,文山區,萬和里,臺北市,5,李錫錕,無黨籍及未經政黨推薦,8,
2018年直轄市長選舉,2018,臺北市,文山區,萬盛里,臺北市,1,吳蕚洋,無黨籍及未經政黨推薦,12,
2018年直轄市長選舉,2018,臺北市,文山區,萬盛里,臺北市,2,丁守中,中國國民黨,1287,
2018年直轄市長選舉,2018,臺北市,文山區,萬盛里,臺北市,3,姚文智,民主進步黨,354,
2018年直轄市長選舉,2018,臺北市,文山區,萬盛里,臺北市,4,柯文哲,無黨籍及未經政黨推薦,1016,*
2018年直轄市長選舉,2018,臺北市,文山區,萬盛里,臺北市,5,李錫錕,無黨籍及未經政黨推薦,14,
2018年直轄市長選舉,2018,臺北市,文山區,興豐里,臺北市,1,吳蕚洋,無黨籍及未經政黨推薦,12,
2018年直轄市長選舉,2018,臺北市,文山區,興豐里,臺北市,2,丁守中,中國國民黨,1319,
2018年直轄市長選舉,2018,臺北市,文山區,興豐里,臺北市,3,姚文智,民主進步黨,374,
2018年直轄市長選舉,2018,臺北市,文山區,興豐里,臺北市,4,柯文哲,無黨籍及未經政黨推薦,1045,*
2018年直轄市長選舉,2018,臺北市,文山區,興豐里,臺北市,5,李錫錕,無黨籍及未經政黨推薦,7,
2018年直轄市長選舉,2018,臺北市,文山區,興光里,臺北市,1,吳蕚洋,無黨籍及未經政黨推薦,7,
2018年直轄市長選舉,2018,臺北市,文山區,興光里,臺北市,2,丁守中,中國國民黨,890,
2018年直轄市長選舉,2018,臺北市,文山區,興光里,臺北市,3,姚文智,民主進步黨,218,
2018年直轄市長選舉,2018,臺北市,文山區,興光里,臺北市,4,柯文哲,無黨籍及未經政黨推薦,739,*
2018年直轄市長選舉,2018,臺北市,文山區,興光里,臺北市,5,李錫錕,無黨籍及未經政黨推薦,7,
2018年直轄市長選舉,2018,臺北市,文山區,興家里,臺北市,1,吳蕚洋,無黨籍及未經政黨推薦,27,
2018年直轄市長選舉,2018,臺北市,文山區,興家里,臺北市,2,丁守中,中國國民黨,2090,
2018年直轄市長選舉,2018,臺北市,文山區,興家里,臺北市,3,姚文智,民主進步黨,487,
2018年直轄市長選舉,2018,臺北市,文山區,興家里,臺北市,4,柯文哲,無黨籍及未經政黨推薦,1673,*
2018年直轄市長選舉,2018,臺北市,文山區,興家里,臺北市,5,李錫錕,無黨籍及未經政黨推薦,30,
2018年直轄市長選舉,2018,臺北市,文山區,興得里,臺北市,1,吳蕚洋,無黨籍及未經政黨推薦,19,
2018年直轄市長選舉,2018,臺北市,文山區,興得里,臺北市,2,丁守中,中國國民黨,1545,
2018年直轄市長選舉,2018,臺北市,文山區,興得里,臺北市,3,姚文智,民主進步黨,426,
2018年直轄市長選舉,2018,臺北市,文山區,興得里,臺北市,4,柯文哲,無黨籍及未經政黨推薦,1254,*
2018年直轄市長選舉,2018,臺北市,文山區,興得里,臺北市,5,李錫錕,無黨籍及未經政黨推薦,17,
2018年直轄市長選舉,2018,臺北市,文山區,興業里,臺北市,1,吳蕚洋,無黨籍及未經政黨推薦,14,
2018年直轄市長選舉,2018,臺北市,文山區,興業里,臺北市,2,丁守中,中國國民黨,1712,
2018年直轄市長選舉,2018,臺北市,文山區,興業里,臺北市,3,姚文智,民主進步黨,355,
2018年直轄市長選舉,2018,臺北市,文山區,興業里,臺北市,4,柯文哲,無黨籍及未經政黨推薦,1128,*
2018年直轄市長選舉,2018,臺北市,文山區,興業里,臺北市,5,李錫錕,無黨籍及未經政黨推薦,18,
2018年直轄市長選舉,2018,臺北市,文山區,興安里,臺北市,1,吳蕚洋,無黨籍及未經政黨推薦,13,
2018年直轄市長選舉,2018,臺北市,文山區,興安里,臺北市,2,丁守中,中國國民黨,1947,
2018年直轄市長選舉,2018,臺北市,文山區,興安里,臺北市,3,姚文智,民主進步黨,420,
2018年直轄市長選舉,2018,臺北市,文山區,興安里,臺北市,4,柯文哲,無黨籍及未經政黨推薦,1401,*
2018年直轄市長選舉,2018,臺北市,文山區,興安里,臺北市,5,李錫錕,無黨籍及未經政黨推薦,19,
2018年直轄市長選舉,2018,臺北市,文山區,興福里,臺北市,1,吳蕚洋,無黨籍及未經政黨推薦,13,
2018年直轄市長選舉,2018,臺北市,文山區,興福里,臺北市,2,丁守中,中國國民黨,1468,
2018年直轄市長選舉,2018,臺北市,文山區,興福里,臺北市,3,姚文智,民主進步黨,497,
2018年直轄市長選舉,2018,臺北市,文山區,興福里,臺北市,4,柯文哲,無黨籍及未經政黨推薦,1278,*
2018年直轄市長選舉,2018,臺北市,文山區,興福里,臺北市,5,李錫錕,無黨籍及未經政黨推薦,22,
2018年直轄市長選舉,2018,臺北市,文山區,興旺里,臺北市,1,吳蕚洋,無黨籍及未經政黨推薦,16,
2018年直轄市長選舉,2018,臺北市,文山區,興旺里,臺北市,2,丁守中,中國國民黨,2357,
2018年直轄市長選舉,2018,臺北市,文山區,興旺里,臺北市,3,姚文智,民主進步黨,432,
2018年直轄市長選舉,2018,臺北市,文山區,興旺里,臺北市,4,柯文哲,無黨籍及未經政黨推薦,1923,*
2018年直轄市長選舉,2018,臺北市,文山區,興旺里,臺北市,5,李錫錕,無黨籍及未經政黨推薦,27,
2018年直轄市長選舉,2018,臺北市,文山區,興泰里,臺北市,1,吳蕚洋,無黨籍及未經政黨推薦,16,
2018年直轄市長選舉,2018,臺北市,文山區,興泰里,臺北市,2,丁守中,中國國民黨,1143,
2018年直轄市長選舉,2018,臺北市,文山區,興泰里,臺北市,3,姚文智,民主進步黨,313,
2018年直轄市長選舉,2018,臺北市,文山區,興泰里,臺北市,4,柯文哲,無黨籍及未經政黨推薦,924,*
2018年直轄市長選舉,2018,臺北市,文山區,興泰里,臺北市,5,李錫錕,無黨籍及未經政黨推薦,13,
2018年直轄市長選舉,2018,臺北市,文山區,興昌里,臺北市,1,吳蕚洋,無黨籍及未經政黨推薦,19,
2018年直轄市長選舉,2018,臺北市,文山區,興昌里,臺北市,2,丁守中,中國國民黨,1859,
2018年直轄市長選舉,2018,臺北市,文山區,興昌里,臺北市,3,姚文智,民主進步黨,412,
2018年直轄市長選舉,2018,臺北市,文山區,興昌里,臺北市,4,柯文哲,無黨籍及未經政黨推薦,1433,*
2018年直轄市長選舉,2018,臺北市,文山區,興昌里,臺北市,5,李錫錕,無黨籍及未經政黨推薦,15,
2018年直轄市長選舉,2018,臺北市,文山區,試院里,臺北市,1,吳蕚洋,無黨籍及未經政黨推薦,28,
2018年直轄市長選舉,2018,臺北市,文山區,試院里,臺北市,2,丁守中,中國國民黨,2042,
2018年直轄市長選舉,2018,臺北市,文山區,試院里,臺北市,3,姚文智,民主進步黨,434,
2018年直轄市長選舉,2018,臺北市,文山區,試院里,臺北市,4,柯文哲,無黨籍及未經政黨推薦,1484,*
2018年直轄市長選舉,2018,臺北市,文山區,試院里,臺北市,5,李錫錕,無黨籍及未經政黨推薦,23,
2018年直轄市長選舉,2018,臺北市,文山區,華興里,臺北市,1,吳蕚洋,無黨籍及未經政黨推薦,28,
2018年直轄市長選舉,2018,臺北市,文山區,華興里,臺北市,2,丁守中,中國國民黨,2516,
2018年直轄市長選舉,2018,臺北市,文山區,華興里,臺北市,3,姚文智,民主進步黨,601,
2018年直轄市長選舉,2018,臺北市,文山區,華興里,臺北市,4,柯文哲,無黨籍及未經政黨推薦,1964,*
2018年直轄市長選舉,2018,臺北市,文山區,華興里,臺北市,5,李錫錕,無黨籍及未經政黨推薦,25,
2018年直轄市長選舉,2018,臺北市,文山區,明義里,臺北市,1,吳蕚洋,無黨籍及未經政黨推薦,9,
2018年直轄市長選舉,2018,臺北市,文山區,明義里,臺北市,2,丁守中,中國國民黨,1012,
2018年直轄市長選舉,2018,臺北市,文山區,明義里,臺北市,3,姚文智,民主進步黨,252,
2018年直轄市長選舉,2018,臺北市,文山區,明義里,臺北市,4,柯文哲,無黨籍及未經政黨推薦,706,*
2018年直轄市長選舉,2018,臺北市,文山區,明義里,臺北市,5,李錫錕,無黨籍及未經政黨推薦,12,
2018年直轄市長選舉,2018,臺北市,文山區,明興里,臺北市,1,吳蕚洋,無黨籍及未經政黨推薦,20,
2018年直轄市長選舉,2018,臺北市,文山區,明興里,臺北市,2,丁守中,中國國民黨,1753,
2018年直轄市長選舉,2018,臺北市,文山區,明興里,臺北市,3,姚文智,民主進步黨,450,
2018年直轄市長選舉,2018,臺北市,文山區,明興里,臺北市,4,柯文哲,無黨籍及未經政黨推薦,1553,*
2018年直轄市長選舉,2018,臺北市,文山區,明興里,臺北市,5,李錫錕,無黨籍及未經政黨推薦,13,
2018年直轄市長選舉,2018,臺北市,文山區,木柵里,臺北市,1,吳蕚洋,無黨籍及未經政黨推薦,19,
2018年直轄市長選舉,2018,臺北市,文山區,木柵里,臺北市,2,丁守中,中國國民黨,2632,
2018年直轄市長選舉,2018,臺北市,文山區,木柵里,臺北市,3,姚文智,民主進步黨,491,
2018年直轄市長選舉,2018,臺北市,文山區,木柵里,臺北市,4,柯文哲,無黨籍及未經政黨推薦,1759,*
2018年直轄市長選舉,2018,臺北市,文山區,木柵里,臺北市,5,李錫錕,無黨籍及未經政黨推薦,23,
2018年直轄市長選舉,2018,臺北市,文山區,木新里,臺北市,1,吳蕚洋,無黨籍及未經政黨推薦,26,
2018年直轄市長選舉,2018,臺北市,文山區,木新里,臺北市,2,丁守中,中國國民黨,2088,
2018年直轄市長選舉,2018,臺北市,文山區,木新里,臺北市,3,姚文智,民主進步黨,771,
2018年直轄市長選舉,2018,臺北市,文山區,木新里,臺北市,4,柯文哲,無黨籍及未經政黨推薦,1916,*
2018年直轄市長選舉,2018,臺北市,文山區,木新里,臺北市,5,李錫錕,無黨籍及未經政黨推薦,22,
2018年直轄市長選舉,2018,臺北市,文山區,順興里,臺北市,1,吳蕚洋,無黨籍及未經政黨推薦,23,
2018年直轄市長選舉,2018,臺北市,文山區,順興里,臺北市,2,丁守中,中國國民黨,1876,
2018年直轄市長選舉,2018,臺北市,文山區,順興里,臺北市,3,姚文智,民主進步黨,636,
2018年直轄市長選舉,2018,臺北市,文山區,順興里,臺北市,4,柯文哲,無黨籍及未經政黨推薦,1668,*
2018年直轄市長選舉,2018,臺北市,文山區,順興里,臺北市,5,李錫錕,無黨籍及未經政黨推薦,15,
2018年直轄市長選舉,2018,臺北市,文山區,樟林里,臺北市,1,吳蕚洋,無黨籍及未經政黨推薦,21,
2018年直轄市長選舉,2018,臺北市,文山區,樟林里,臺北市,2,丁守中,中國國民黨,2332,
2018年直轄市長選舉,2018,臺北市,文山區,樟林里,臺北市,3,姚文智,民主進步黨,588,
2018年直轄市長選舉,2018,臺北市,文山區,樟林里,臺北市,4,柯文哲,無黨籍及未經政黨推薦,1778,*
2018年直轄市長選舉,2018,臺北市,文山區,樟林里,臺北市,5,李錫錕,無黨籍及未經政黨推薦,23,
2018年直轄市長選舉,2018,臺北市,文山區,樟新里,臺北市,1,吳蕚洋,無黨籍及未經政黨推薦,20,
2018年直轄市長選舉,2018,臺北市,文山區,樟新里,臺北市,2,丁守中,中國國民黨,1466,
2018年直轄市長選舉,2018,臺北市,文山區,樟新里,臺北市,3,姚文智,民主進步黨,412,
2018年直轄市長選舉,2018,臺北市,文山區,樟新里,臺北市,4,柯文哲,無黨籍及未經政黨推薦,1209,*
2018年直轄市長選舉,2018,臺北市,文山區,樟新里,臺北市,5,李錫錕,無黨籍及未經政黨推薦,12,
2018年直轄市長選舉,2018,臺北市,文山區,樟腳里,臺北市,1,吳蕚洋,無黨籍及未經政黨推薦,12,
2018年直轄市長選舉,2018,臺北市,文山區,樟腳里,臺北市,2,丁守中,中國國民黨,1358,
2018年直轄市長選舉,2018,臺北市,文山區,樟腳里,臺北市,3,姚文智,民主進步黨,438,
2018年直轄市長選舉,2018,臺北市,文山區,樟腳里,臺北市,4,柯文哲,無黨籍及未經政黨推薦,1285,*
2018年直轄市長選舉,2018,臺北市,文山區,樟腳里,臺北市,5,李錫錕,無黨籍及未經政黨推薦,17,
2018年直轄市長選舉,2018,臺北市,文山區,萬芳里,臺北市,1,吳蕚洋,無黨籍及未經政黨推薦,16,
2018年直轄市長選舉,2018,臺北市,文山區,萬芳里,臺北市,2,丁守中,中國國民黨,2096,
2018年直轄市長選舉,2018,臺北市,文山區,萬芳里,臺北市,3,姚文智,民主進步黨,494,
2018年直轄市長選舉,2018,臺北市,文山區,萬芳里,臺北市,4,柯文哲,無黨籍及未經政黨推薦,1827,*
2018年直轄市長選舉,2018,臺北市,文山區,萬芳里,臺北市,5,李錫錕,無黨籍及未經政黨推薦,19,
2018年直轄市長選舉,2018,臺北市,文山區,博嘉里,臺北市,1,吳蕚洋,無黨籍及未經政黨推薦,23,
2018年直轄市長選舉,2018,臺北市,文山區,博嘉里,臺北市,2,丁守中,中國國民黨,1556,
2018年直轄市長選舉,2018,臺北市,文山區,博嘉里,臺北市,3,姚文智,民主進步黨,495,
2018年直轄市長選舉,2018,臺北市,文山區,博嘉里,臺北市,4,柯文哲,無黨籍及未經政黨推薦,1303,*
2018年直轄市長選舉,2018,臺北市,文山區,博嘉里,臺北市,5,李錫錕,無黨籍及未經政黨推薦,13,
2018年直轄市長選舉,2018,臺北市,文山區,萬興里,臺北市,1,吳蕚洋,無黨籍及未經政黨推薦,21,
2018年直轄市長選舉,2018,臺北市,文山區,萬興里,臺北市,2,丁守中,中國國民黨,2007,
2018年直轄市長選舉,2018,臺北市,文山區,萬興里,臺北市,3,姚文智,民主進步黨,695,
2018年直轄市長選舉,2018,臺北市,文山區,萬興里,臺北市,4,柯文哲,無黨籍及未經政黨推薦,1806,*
2018年直轄市長選舉,2018,臺北市,文山區,萬興里,臺北市,5,李錫錕,無黨籍及未經政黨推薦,23,
2018年直轄市長選舉,2018,臺北市,文山區,指南里,臺北市,1,吳蕚洋,無黨籍及未經政黨推薦,12,
2018年直轄市長選舉,2018,臺北市,文山區,指南里,臺北市,2,丁守中,中國國民黨,858,
2018年直轄市長選舉,2018,臺北市,文山區,指南里,臺北市,3,姚文智,民主進步黨,374,
2018年直轄市長選舉,2018,臺北市,文山區,指南里,臺北市,4,柯文哲,無黨籍及未經政黨推薦,908,*
2018年直轄市長選舉,2018,臺北市,文山區,指南里,臺北市,5,李錫錕,無黨籍及未經政黨推薦,12,
2018年直轄市長選舉,2018,臺北市,文山區,老泉里,臺北市,1,吳蕚洋,無黨籍及未經政黨推薦,5,
2018年直轄市長選舉,2018,臺北市,文山區,老泉里,臺北市,2,丁守中,中國國民黨,149,
2018年直轄市長選舉,2018,臺北市,文山區,老泉里,臺北市,3,姚文智,民主進步黨,149,
2018年直轄市長選舉,2018,臺北市,文山區,老泉里,臺北市,4,柯文哲,無黨籍及未經政黨推薦,225,*
2018年直轄市長選舉,2018,臺北市,文山區,老泉里,臺北市,5,李錫錕,無黨籍及未經政黨推薦,2,
2018年直轄市長選舉,2018,臺北市,文山區,忠順里,臺北市,1,吳蕚洋,無黨籍及未經政黨推薦,5,
2018年直轄市長選舉,2018,臺北市,文山區,忠順里,臺北市,2,丁守中,中國國民黨,1317,
2018年直轄市長選舉,2018,臺北市,文山區,忠順里,臺北市,3,姚文智,民主進步黨,254,
2018年直轄市長選舉,2018,臺北市,文山區,忠順里,臺北市,4,柯文哲,無黨籍及未經政黨推薦,867,*
2018年直轄市長選舉,2018,臺北市,文山區,忠順里,臺北市,5,李錫錕,無黨籍及未經政黨推薦,17,
2018年直轄市長選舉,2018,臺北市,文山區,萬美里,臺北市,1,吳蕚洋,無黨籍及未經政黨推薦,17,
2018年直轄市長選舉,2018,臺北市,文山區,萬美里,臺北市,2,丁守中,中國國民黨,1936,
2018年直轄市長選舉,2018,臺北市,文山區,萬美里,臺北市,3,姚文智,民主進步黨,489,
2018年直轄市長選舉,2018,臺北市,文山區,萬美里,臺北市,4,柯文哲,無黨籍及未經政黨推薦,1492,*
2018年直轄市長選舉,2018,臺北市,文山區,萬美里,臺北市,5,李錫錕,無黨籍及未經政黨推薦,18,
2018年直轄市長選舉,2018,臺北市,文山區,政大里,臺北市,1,吳蕚洋,無黨籍及未經政黨推薦,25,
2018年直轄市長選舉,2018,臺北市,文山區,政大里,臺北市,2,丁守中,中國國民黨,1756,
2018年直轄市長選舉,2018,臺北市,文山區,政大里,臺北市,3,姚文智,民主進步黨,456,
2018年直轄市長選舉,2018,臺北市,文山區,政大里,臺北市,4,柯文哲,無黨籍及未經政黨推薦,1660,*
2018年直轄市長選舉,2018,臺北市,文山區,政大里,臺北市,5,李錫錕,無黨籍及未經政黨推薦,16,
2018年直轄市長選舉,2018,臺北市,文山區,樟文里,臺北市,1,吳蕚洋,無黨籍及未經政黨推薦,13,
2018年直轄市長選舉,2018,臺北市,文山區,樟文里,臺北市,2,丁守中,中國國民黨,1541,
2018年直轄市長選舉,2018,臺北市,文山區,樟文里,臺北市,3,姚文智,民主進步黨,516,
2018年直轄市長選舉,2018,臺北市,文山區,樟文里,臺北市,4,柯文哲,無黨籍及未經政黨推薦,1360,*
2018年直轄市長選舉,2018,臺北市,文山區,樟文里,臺北市,5,李錫錕,無黨籍及未經政黨推薦,18,
2018年直轄市長選舉,2018,臺北市,文山區,興邦里,臺北市,1,吳蕚洋,無黨籍及未經政黨推薦,17,
2018年直轄市長選舉,2018,臺北市,文山區,興邦里,臺北市,2,丁守中,中國國民黨,1481,
2018年直轄市長選舉,2018,臺北市,文山區,興邦里,臺北市,3,姚文智,民主進步黨,280,
2018年直轄市長選舉,2018,臺北市,文山區,興邦里,臺北市,4,柯文哲,無黨籍及未經政黨推薦,1019,*
2018年直轄市長選舉,2018,臺北市,文山區,興邦里,臺北市,5,李錫錕,無黨籍及未經政黨推薦,10,
2018年直轄市長選舉,2018,臺北市,文山區,樟樹里,臺北市,1,吳蕚洋,無黨籍及未經政黨推薦,8,
2018年直轄市長選舉,2018,臺北市,文山區,樟樹里,臺北市,2,丁守中,中國國民黨,1250,
2018年直轄市長選舉,2018,臺北市,文山區,樟樹里,臺北市,3,姚文智,民主進步黨,425,
2018年直轄市長選舉,2018,臺北市,文山區,樟樹里,臺北市,4,柯文哲,無黨籍及未經政黨推薦,1168,*
2018年直轄市長選舉,2018,臺北市,文山區,樟樹里,臺北市,5,李錫錕,無黨籍及未經政黨推薦,6,
2018年直轄市長選舉,2018,臺北市,南港區,南港里,臺北市,1,吳蕚洋,無黨籍及未經政黨推薦,16,
2018年直轄市長選舉,2018,臺北市,南港區,南港里,臺北市,2,丁守中,中國國民黨,1315,
2018年直轄市長選舉,2018,臺北市,南港區,南港里,臺北市,3,姚文智,民主進步黨,584,
2018年直轄市長選舉,2018,臺北市,南港區,南港里,臺北市,4,柯文哲,無黨籍及未經政黨推薦,1584,*
2018年直轄市長選舉,2018,臺北市,南港區,南港里,臺北市,5,李錫錕,無黨籍及未經政黨推薦,17,
2018年直轄市長選舉,2018,臺北市,南港區,中南里,臺北市,1,吳蕚洋,無黨籍及未經政黨推薦,9,
2018年直轄市長選舉,2018,臺北市,南港區,中南里,臺北市,2,丁守中,中國國民黨,707,
2018年直轄市長選舉,2018,臺北市,南港區,中南里,臺北市,3,姚文智,民主進步黨,380,
2018年直轄市長選舉,2018,臺北市,南港區,中南里,臺北市,4,柯文哲,無黨籍及未經政黨推薦,966,*
2018年直轄市長選舉,2018,臺北市,南港區,中南里,臺北市,5,李錫錕,無黨籍及未經政黨推薦,8,
2018年直轄市長選舉,2018,臺北市,南港區,新富里,臺北市,1,吳蕚洋,無黨籍及未經政黨推薦,10,
2018年直轄市長選舉,2018,臺北市,南港區,新富里,臺北市,2,丁守中,中國國民黨,780,
2018年直轄市長選舉,2018,臺北市,南港區,新富里,臺北市,3,姚文智,民主進步黨,444,
2018年直轄市長選舉,2018,臺北市,南港區,新富里,臺北市,4,柯文哲,無黨籍及未經政黨推薦,1140,*
2018年直轄市長選舉,2018,臺北市,南港區,新富里,臺北市,5,李錫錕,無黨籍及未經政黨推薦,8,
2018年直轄市長選舉,2018,臺北市,南港區,三重里,臺北市,1,吳蕚洋,無黨籍及未經政黨推薦,12,
2018年直轄市長選舉,2018,臺北市,南港區,三重里,臺北市,2,丁守中,中國國民黨,1543,
2018年直轄市長選舉,2018,臺北市,南港區,三重里,臺北市,3,姚文智,民主進步黨,540,
2018年直轄市長選舉,2018,臺北市,南港區,三重里,臺北市,4,柯文哲,無黨籍及未經政黨推薦,1752,*
2018年直轄市長選舉,2018,臺北市,南港區,三重里,臺北市,5,李錫錕,無黨籍及未經政黨推薦,10,
2018年直轄市長選舉,2018,臺北市,南港區,東新里,臺北市,1,吳蕚洋,無黨籍及未經政黨推薦,19,
2018年直轄市長選舉,2018,臺北市,南港區,東新里,臺北市,2,丁守中,中國國民黨,1511,
2018年直轄市長選舉,2018,臺北市,南港區,東新里,臺北市,3,姚文智,民主進步黨,692,
2018年直轄市長選舉,2018,臺北市,南港區,東新里,臺北市,4,柯文哲,無黨籍及未經政黨推薦,1851,*
2018年直轄市長選舉,2018,臺北市,南港區,東新里,臺北市,5,李錫錕,無黨籍及未經政黨推薦,17,
2018年直轄市長選舉,2018,臺北市,南港區,新光里,臺北市,1,吳蕚洋,無黨籍及未經政黨推薦,11,
2018年直轄市長選舉,2018,臺北市,南港區,新光里,臺北市,2,丁守中,中國國民黨,982,
2018年直轄市長選舉,2018,臺北市,南港區,新光里,臺北市,3,姚文智,民主進步黨,344,
2018年直轄市長選舉,2018,臺北市,南港區,新光里,臺北市,4,柯文哲,無黨籍及未經政黨推薦,905,*
2018年直轄市長選舉,2018,臺北市,南港區,新光里,臺北市,5,李錫錕,無黨籍及未經政黨推薦,11,
2018年直轄市長選舉,2018,臺北市,南港區,東明里,臺北市,1,吳蕚洋,無黨籍及未經政黨推薦,7,
2018年直轄市長選舉,2018,臺北市,南港區,東明里,臺北市,2,丁守中,中國國民黨,1155,
2018年直轄市長選舉,2018,臺北市,南港區,東明里,臺北市,3,姚文智,民主進步黨,366,
2018年直轄市長選舉,2018,臺北市,南港區,東明里,臺北市,4,柯文哲,無黨籍及未經政黨推薦,1131,*
2018年直轄市長選舉,2018,臺北市,南港區,東明里,臺北市,5,李錫錕,無黨籍及未經政黨推薦,10,
2018年直轄市長選舉,2018,臺北市,南港區,西新里,臺北市,1,吳蕚洋,無黨籍及未經政黨推薦,9,
2018年直轄市長選舉,2018,臺北市,南港區,西新里,臺北市,2,丁守中,中國國民黨,812,
2018年直轄市長選舉,2018,臺北市,南港區,西新里,臺北市,3,姚文智,民主進步黨,572,
2018年直轄市長選舉,2018,臺北市,南港區,西新里,臺北市,4,柯文哲,無黨籍及未經政黨推薦,1330,*
2018年直轄市長選舉,2018,臺北市,南港區,西新里,臺北市,5,李錫錕,無黨籍及未經政黨推薦,14,
2018年直轄市長選舉,2018,臺北市,南港區,玉成里,臺北市,1,吳蕚洋,無黨籍及未經政黨推薦,12,
2018年直轄市長選舉,2018,臺北市,南港區,玉成里,臺北市,2,丁守中,中國國民黨,999,
2018年直轄市長選舉,2018,臺北市,南港區,玉成里,臺北市,3,姚文智,民主進步黨,583,
2018年直轄市長選舉,2018,臺北市,南港區,玉成里,臺北市,4,柯文哲,無黨籍及未經政黨推薦,1210,*
2018年直轄市長選舉,2018,臺北市,南港區,玉成里,臺北市,5,李錫錕,無黨籍及未經政黨推薦,18,
2018年直轄市長選舉,2018,臺北市,南港區,合成里,臺北市,1,吳蕚洋,無黨籍及未經政黨推薦,26,
2018年直轄市長選舉,2018,臺北市,南港區,合成里,臺北市,2,丁守中,中國國民黨,1566,
2018年直轄市長選舉,2018,臺北市,南港區,合成里,臺北市,3,姚文智,民主進步黨,749,
2018年直轄市長選舉,2018,臺北市,南港區,合成里,臺北市,4,柯文哲,無黨籍及未經政黨推薦,1760,*
2018年直轄市長選舉,2018,臺北市,南港區,合成里,臺北市,5,李錫錕,無黨籍及未經政黨推薦,25,
2018年直轄市長選舉,2018,臺北市,南港區,成福里,臺北市,1,吳蕚洋,無黨籍及未經政黨推薦,15,
2018年直轄市長選舉,2018,臺北市,南港區,成福里,臺北市,2,丁守中,中國國民黨,1964,
2018年直轄市長選舉,2018,臺北市,南港區,成福里,臺北市,3,姚文智,民主進步黨,680,
2018年直轄市長選舉,2018,臺北市,南港區,成福里,臺北市,4,柯文哲,無黨籍及未經政黨推薦,1881,*
2018年直轄市長選舉,2018,臺北市,南港區,成福里,臺北市,5,李錫錕,無黨籍及未經政黨推薦,26,
2018年直轄市長選舉,2018,臺北市,南港區,萬福里,臺北市,1,吳蕚洋,無黨籍及未經政黨推薦,5,
2018年直轄市長選舉,2018,臺北市,南港區,萬福里,臺北市,2,丁守中,中國國民黨,1125,
2018年直轄市長選舉,2018,臺北市,南港區,萬福里,臺北市,3,姚文智,民主進步黨,399,
2018年直轄市長選舉,2018,臺北市,南港區,萬福里,臺北市,4,柯文哲,無黨籍及未經政黨推薦,1025,*
2018年直轄市長選舉,2018,臺北市,南港區,萬福里,臺北市,5,李錫錕,無黨籍及未經政黨推薦,10,
2018年直轄市長選舉,2018,臺北市,南港區,鴻福里,臺北市,1,吳蕚洋,無黨籍及未經政黨推薦,20,
2018年直轄市長選舉,2018,臺北市,南港區,鴻福里,臺北市,2,丁守中,中國國民黨,1077,
2018年直轄市長選舉,2018,臺北市,南港區,鴻福里,臺北市,3,姚文智,民主進步黨,443,
2018年直轄市長選舉,2018,臺北市,南港區,鴻福里,臺北市,4,柯文哲,無黨籍及未經政黨推薦,1184,*
2018年直轄市長選舉,2018,臺北市,南港區,鴻福里,臺北市,5,李錫錕,無黨籍及未經政黨推薦,10,
2018年直轄市長選舉,2018,臺北市,南港區,百福里,臺北市,1,吳蕚洋,無黨籍及未經政黨推薦,11,
2018年直轄市長選舉,2018,臺北市,南港區,百福里,臺北市,2,丁守中,中國國民黨,1177,
2018年直轄市長選舉,2018,臺北市,南港區,百福里,臺北市,3,姚文智,民主進步黨,534,
2018年直轄市長選舉,2018,臺北市,南港區,百福里,臺北市,4,柯文哲,無黨籍及未經政黨推薦,1300,*
2018年直轄市長選舉,2018,臺北市,南港區,百福里,臺北市,5,李錫錕,無黨籍及未經政黨推薦,18,
2018年直轄市長選舉,2018,臺北市,南港區,聯成里,臺北市,1,吳蕚洋,無黨籍及未經政黨推薦,8,
2018年直轄市長選舉,2018,臺北市,南港區,聯成里,臺北市,2,丁守中,中國國民黨,1281,
2018年直轄市長選舉,2018,臺北市,南港區,聯成里,臺北市,3,姚文智,民主進步黨,503,
2018年直轄市長選舉,2018,臺北市,南港區,聯成里,臺北市,4,柯文哲,無黨籍及未經政黨推薦,1248,*
2018年直轄市長選舉,2018,臺北市,南港區,聯成里,臺北市,5,李錫錕,無黨籍及未經政黨推薦,11,
2018年直轄市長選舉,2018,臺北市,南港區,舊莊里,臺北市,1,吳蕚洋,無黨籍及未經政黨推薦,29,
2018年直轄市長選舉,2018,臺北市,南港區,舊莊里,臺北市,2,丁守中,中國國民黨,1759,
2018年直轄市長選舉,2018,臺北市,南港區,舊莊里,臺北市,3,姚文智,民主進步黨,820,
2018年直轄市長選舉,2018,臺北市,南港區,舊莊里,臺北市,4,柯文哲,無黨籍及未經政黨推薦,2147,*
2018年直轄市長選舉,2018,臺北市,南港區,舊莊里,臺北市,5,李錫錕,無黨籍及未經政黨推薦,28,
2018年直轄市長選舉,2018,臺北市,南港區,中研里,臺北市,1,吳蕚洋,無黨籍及未經政黨推薦,30,
2018年直轄市長選舉,2018,臺北市,南港區,中研里,臺北市,2,丁守中,中國國民黨,2022,
2018年直轄市長選舉,2018,臺北市,南港區,中研里,臺北市,3,姚文智,民主進步黨,848,
2018年直轄市長選舉,2018,臺北市,南港區,中研里,臺北市,4,柯文哲,無黨籍及未經政黨推薦,2464,*
2018年直轄市長選舉,2018,臺北市,南港區,中研里,臺北市,5,李錫錕,無黨籍及未經政黨推薦,25,
2018年直轄市長選舉,2018,臺北市,南港區,九如里,臺北市,1,吳蕚洋,無黨籍及未經政黨推薦,19,
2018年直轄市長選舉,2018,臺北市,南港區,九如里,臺北市,2,丁守中,中國國民黨,1759,
2018年直轄市長選舉,2018,臺北市,南港區,九如里,臺北市,3,姚文智,民主進步黨,511,
2018年直轄市長選舉,2018,臺北市,南港區,九如里,臺北市,4,柯文哲,無黨籍及未經政黨推薦,1510,*
2018年直轄市長選舉,2018,臺北市,南港區,九如里,臺北市,5,李錫錕,無黨籍及未經政黨推薦,21,
2018年直轄市長選舉,2018,臺北市,南港區,仁福里,臺北市,1,吳蕚洋,無黨籍及未經政黨推薦,8,
2018年直轄市長選舉,2018,臺北市,南港區,仁福里,臺北市,2,丁守中,中國國民黨,1531,
2018年直轄市長選舉,2018,臺北市,南港區,仁福里,臺北市,3,姚文智,民主進步黨,438,
2018年直轄市長選舉,2018,臺北市,南港區,仁福里,臺北市,4,柯文哲,無黨籍及未經政黨推薦,1329,*
2018年直轄市長選舉,2018,臺北市,南港區,仁福里,臺北市,5,李錫錕,無黨籍及未經政黨推薦,22,
2018年直轄市長選舉,2018,臺北市,南港區,重陽里,臺北市,1,吳蕚洋,無黨籍及未經政黨推薦,11,
2018年直轄市長選舉,2018,臺北市,南港區,重陽里,臺北市,2,丁守中,中國國民黨,1206,
2018年直轄市長選舉,2018,臺北市,南港區,重陽里,臺北市,3,姚文智,民主進步黨,399,
2018年直轄市長選舉,2018,臺北市,南港區,重陽里,臺北市,4,柯文哲,無黨籍及未經政黨推薦,1354,*
2018年直轄市長選舉,2018,臺北市,南港區,重陽里,臺北市,5,李錫錕,無黨籍及未經政黨推薦,15,
2018年直轄市長選舉,2018,臺北市,內湖區,西湖里,臺北市,1,吳蕚洋,無黨籍及未經政黨推薦,20,
2018年直轄市長選舉,2018,臺北市,內湖區,西湖里,臺北市,2,丁守中,中國國民黨,1563,
2018年直轄市長選舉,2018,臺北市,內湖區,西湖里,臺北市,3,姚文智,民主進步黨,712,
2018年直轄市長選舉,2018,臺北市,內湖區,西湖里,臺北市,4,柯文哲,無黨籍及未經政黨推薦,1756,*
2018年直轄市長選舉,2018,臺北市,內湖區,西湖里,臺北市,5,李錫錕,無黨籍及未經政黨推薦,20,
2018年直轄市長選舉,2018,臺北市,內湖區,西康里,臺北市,1,吳蕚洋,無黨籍及未經政黨推薦,21,
2018年直轄市長選舉,2018,臺北市,內湖區,西康里,臺北市,2,丁守中,中國國民黨,2283,
2018年直轄市長選舉,2018,臺北市,內湖區,西康里,臺北市,3,姚文智,民主進步黨,672,
2018年直轄市長選舉,2018,臺北市,內湖區,西康里,臺北市,4,柯文哲,無黨籍及未經政黨推薦,2143,*
2018年直轄市長選舉,2018,臺北市,內湖區,西康里,臺北市,5,李錫錕,無黨籍及未經政黨推薦,20,
2018年直轄市長選舉,2018,臺北市,內湖區,西安里,臺北市,1,吳蕚洋,無黨籍及未經政黨推薦,16,
2018年直轄市長選舉,2018,臺北市,內湖區,西安里,臺北市,2,丁守中,中國國民黨,1654,
2018年直轄市長選舉,2018,臺北市,內湖區,西安里,臺北市,3,姚文智,民主進步黨,642,
2018年直轄市長選舉,2018,臺北市,內湖區,西安里,臺北市,4,柯文哲,無黨籍及未經政黨推薦,1710,*
2018年直轄市長選舉,2018,臺北市,內湖區,西安里,臺北市,5,李錫錕,無黨籍及未經政黨推薦,18,
2018年直轄市長選舉,2018,臺北市,內湖區,港墘里,臺北市,1,吳蕚洋,無黨籍及未經政黨推薦,18,
2018年直轄市長選舉,2018,臺北市,內湖區,港墘里,臺北市,2,丁守中,中國國民黨,1411,
2018年直轄市長選舉,2018,臺北市,內湖區,港墘里,臺北市,3,姚文智,民主進步黨,538,
2018年直轄市長選舉,2018,臺北市,內湖區,港墘里,臺北市,4,柯文哲,無黨籍及未經政黨推薦,1453,*
2018年直轄市長選舉,2018,臺北市,內湖區,港墘里,臺北市,5,李錫錕,無黨籍及未經政黨推薦,13,
2018年直轄市長選舉,2018,臺北市,內湖區,港都里,臺北市,1,吳蕚洋,無黨籍及未經政黨推薦,13,
2018年直轄市長選舉,2018,臺北市,內湖區,港都里,臺北市,2,丁守中,中國國民黨,1163,
2018年直轄市長選舉,2018,臺北市,內湖區,港都里,臺北市,3,姚文智,民主進步黨,481,
2018年直轄市長選舉,2018,臺北市,內湖區,港都里,臺北市,4,柯文哲,無黨籍及未經政黨推薦,1405,*
2018年直轄市長選舉,2018,臺北市,內湖區,港都里,臺北市,5,李錫錕,無黨籍及未經政黨推薦,12,
2018年直轄市長選舉,2018,臺北市,內湖區,港富里,臺北市,1,吳蕚洋,無黨籍及未經政黨推薦,16,
2018年直轄市長選舉,2018,臺北市,內湖區,港富里,臺北市,2,丁守中,中國國民黨,2004,
2018年直轄市長選舉,2018,臺北市,內湖區,港富里,臺北市,3,姚文智,民主進步黨,887,
2018年直轄市長選舉,2018,臺北市,內湖區,港富里,臺北市,4,柯文哲,無黨籍及未經政黨推薦,2279,*
2018年直轄市長選舉,2018,臺北市,內湖區,港富里,臺北市,5,李錫錕,無黨籍及未經政黨推薦,23,
2018年直轄市長選舉,2018,臺北市,內湖區,港華里,臺北市,1,吳蕚洋,無黨籍及未經政黨推薦,15,
2018年直轄市長選舉,2018,臺北市,內湖區,港華里,臺北市,2,丁守中,中國國民黨,1965,
2018年直轄市長選舉,2018,臺北市,內湖區,港華里,臺北市,3,姚文智,民主進步黨,722,
2018年直轄市長選舉,2018,臺北市,內湖區,港華里,臺北市,4,柯文哲,無黨籍及未經政黨推薦,2274,*
2018年直轄市長選舉,2018,臺北市,內湖區,港華里,臺北市,5,李錫錕,無黨籍及未經政黨推薦,15,
2018年直轄市長選舉,2018,臺北市,內湖區,內湖里,臺北市,1,吳蕚洋,無黨籍及未經政黨推薦,13,
2018年直轄市長選舉,2018,臺北市,內湖區,內湖里,臺北市,2,丁守中,中國國民黨,1491,
2018年直轄市長選舉,2018,臺北市,內湖區,內湖里,臺北市,3,姚文智,民主進步黨,507,
2018年直轄市長選舉,2018,臺北市,內湖區,內湖里,臺北市,4,柯文哲,無黨籍及未經政黨推薦,1506,*
2018年直轄市長選舉,2018,臺北市,內湖區,內湖里,臺北市,5,李錫錕,無黨籍及未經政黨推薦,13,
2018年直轄市長選舉,2018,臺北市,內湖區,湖濱里,臺北市,1,吳蕚洋,無黨籍及未經政黨推薦,15,
2018年直轄市長選舉,2018,臺北市,內湖區,湖濱里,臺北市,2,丁守中,中國國民黨,2243,
2018年直轄市長選舉,2018,臺北市,內湖區,湖濱里,臺北市,3,姚文智,民主進步黨,603,
2018年直轄市長選舉,2018,臺北市,內湖區,湖濱里,臺北市,4,柯文哲,無黨籍及未經政黨推薦,2005,*
2018年直轄市長選舉,2018,臺北市,內湖區,湖濱里,臺北市,5,李錫錕,無黨籍及未經政黨推薦,23,
2018年直轄市長選舉,2018,臺北市,內湖區,紫星里,臺北市,1,吳蕚洋,無黨籍及未經政黨推薦,21,
2018年直轄市長選舉,2018,臺北市,內湖區,紫星里,臺北市,2,丁守中,中國國民黨,1858,
2018年直轄市長選舉,2018,臺北市,內湖區,紫星里,臺北市,3,姚文智,民主進步黨,777,
2018年直轄市長選舉,2018,臺北市,內湖區,紫星里,臺北市,4,柯文哲,無黨籍及未經政黨推薦,1924,*
2018年直轄市長選舉,2018,臺北市,內湖區,紫星里,臺北市,5,李錫錕,無黨籍及未經政黨推薦,17,
2018年直轄市長選舉,2018,臺北市,內湖區,大湖里,臺北市,1,吳蕚洋,無黨籍及未經政黨推薦,13,
2018年直轄市長選舉,2018,臺北市,內湖區,大湖里,臺北市,2,丁守中,中國國民黨,1314,
2018年直轄市長選舉,2018,臺北市,內湖區,大湖里,臺北市,3,姚文智,民主進步黨,427,
2018年直轄市長選舉,2018,臺北市,內湖區,大湖里,臺北市,4,柯文哲,無黨籍及未經政黨推薦,1403,*
2018年直轄市長選舉,2018,臺北市,內湖區,大湖里,臺北市,5,李錫錕,無黨籍及未經政黨推薦,11,
2018年直轄市長選舉,2018,臺北市,內湖區,金龍里,臺北市,1,吳蕚洋,無黨籍及未經政黨推薦,10,
2018年直轄市長選舉,2018,臺北市,內湖區,金龍里,臺北市,2,丁守中,中國國民黨,1192,
2018年直轄市長選舉,2018,臺北市,內湖區,金龍里,臺北市,3,姚文智,民主進步黨,515,
2018年直轄市長選舉,2018,臺北市,內湖區,金龍里,臺北市,4,柯文哲,無黨籍及未經政黨推薦,1277,*
2018年直轄市長選舉,2018,臺北市,內湖區,金龍里,臺北市,5,李錫錕,無黨籍及未經政黨推薦,13,
2018年直轄市長選舉,2018,臺北市,內湖區,金瑞里,臺北市,1,吳蕚洋,無黨籍及未經政黨推薦,11,
2018年直轄市長選舉,2018,臺北市,內湖區,金瑞里,臺北市,2,丁守中,中國國民黨,1520,
2018年直轄市長選舉,2018,臺北市,內湖區,金瑞里,臺北市,3,姚文智,民主進步黨,608,
2018年直轄市長選舉,2018,臺北市,內湖區,金瑞里,臺北市,4,柯文哲,無黨籍及未經政黨推薦,1645,*
2018年直轄市長選舉,2018,臺北市,內湖區,金瑞里,臺北市,5,李錫錕,無黨籍及未經政黨推薦,14,
2018年直轄市長選舉,2018,臺北市,內湖區,碧山里,臺北市,1,吳蕚洋,無黨籍及未經政黨推薦,12,
2018年直轄市長選舉,2018,臺北市,內湖區,碧山里,臺北市,2,丁守中,中國國民黨,1647,
2018年直轄市長選舉,2018,臺北市,內湖區,碧山里,臺北市,3,姚文智,民主進步黨,608,
2018年直轄市長選舉,2018,臺北市,內湖區,碧山里,臺北市,4,柯文哲,無黨籍及未經政黨推薦,1799,*
2018年直轄市長選舉,2018,臺北市,內湖區,碧山里,臺北市,5,李錫錕,無黨籍及未經政黨推薦,17,
2018年直轄市長選舉,2018,臺北市,內湖區,紫雲里,臺北市,1,吳蕚洋,無黨籍及未經政黨推薦,19,
2018年直轄市長選舉,2018,臺北市,內湖區,紫雲里,臺北市,2,丁守中,中國國民黨,1562,
2018年直轄市長選舉,2018,臺北市,內湖區,紫雲里,臺北市,3,姚文智,民主進步黨,398,
2018年直轄市長選舉,2018,臺北市,內湖區,紫雲里,臺北市,4,柯文哲,無黨籍及未經政黨推薦,1248,*
2018年直轄市長選舉,2018,臺北市,內湖區,紫雲里,臺北市,5,李錫錕,無黨籍及未經政黨推薦,17,
2018年直轄市長選舉,2018,臺北市,內湖區,清白里,臺北市,1,吳蕚洋,無黨籍及未經政黨推薦,10,
2018年直轄市長選舉,2018,臺北市,內湖區,清白里,臺北市,2,丁守中,中國國民黨,2083,
2018年直轄市長選舉,2018,臺北市,內湖區,清白里,臺北市,3,姚文智,民主進步黨,602,
2018年直轄市長選舉,2018,臺北市,內湖區,清白里,臺北市,4,柯文哲,無黨籍及未經政黨推薦,2021,*
2018年直轄市長選舉,2018,臺北市,內湖區,清白里,臺北市,5,李錫錕,無黨籍及未經政黨推薦,27,
2018年直轄市長選舉,2018,臺北市,內湖區,葫洲里,臺北市,1,吳蕚洋,無黨籍及未經政黨推薦,6,
2018年直轄市長選舉,2018,臺北市,內湖區,葫洲里,臺北市,2,丁守中,中國國民黨,1650,
2018年直轄市長選舉,2018,臺北市,內湖區,葫洲里,臺北市,3,姚文智,民主進步黨,379,
2018年直轄市長選舉,2018,臺北市,內湖區,葫洲里,臺北市,4,柯文哲,無黨籍及未經政黨推薦,1750,*
2018年直轄市長選舉,2018,臺北市,內湖區,葫洲里,臺北市,5,李錫錕,無黨籍及未經政黨推薦,13,
2018年直轄市長選舉,2018,臺北市,內湖區,紫陽里,臺北市,1,吳蕚洋,無黨籍及未經政黨推薦,18,
2018年直轄市長選舉,2018,臺北市,內湖區,紫陽里,臺北市,2,丁守中,中國國民黨,1898,
2018年直轄市長選舉,2018,臺北市,內湖區,紫陽里,臺北市,3,姚文智,民主進步黨,680,
2018年直轄市長選舉,2018,臺北市,內湖區,紫陽里,臺北市,4,柯文哲,無黨籍及未經政黨推薦,2061,*
2018年直轄市長選舉,2018,臺北市,內湖區,紫陽里,臺北市,5,李錫錕,無黨籍及未經政黨推薦,27,
2018年直轄市長選舉,2018,臺北市,內湖區,瑞陽里,臺北市,1,吳蕚洋,無黨籍及未經政黨推薦,10,
2018年直轄市長選舉,2018,臺北市,內湖區,瑞陽里,臺北市,2,丁守中,中國國民黨,2302,
2018年直轄市長選舉,2018,臺北市,內湖區,瑞陽里,臺北市,3,姚文智,民主進步黨,482,
2018年直轄市長選舉,2018,臺北市,內湖區,瑞陽里,臺北市,4,柯文哲,無黨籍及未經政黨推薦,1760,*
2018年直轄市長選舉,2018,臺北市,內湖區,瑞陽里,臺北市,5,李錫錕,無黨籍及未經政黨推薦,21,
2018年直轄市長選舉,2018,臺北市,內湖區,瑞光里,臺北市,1,吳蕚洋,無黨籍及未經政黨推薦,7,
2018年直轄市長選舉,2018,臺北市,內湖區,瑞光里,臺北市,2,丁守中,中國國民黨,1348,
2018年直轄市長選舉,2018,臺北市,內湖區,瑞光里,臺北市,3,姚文智,民主進步黨,338,
2018年直轄市長選舉,2018,臺北市,內湖區,瑞光里,臺北市,4,柯文哲,無黨籍及未經政黨推薦,1134,*
2018年直轄市長選舉,2018,臺北市,內湖區,瑞光里,臺北市,5,李錫錕,無黨籍及未經政黨推薦,9,
2018年直轄市長選舉,2018,臺北市,內湖區,五分里,臺北市,1,吳蕚洋,無黨籍及未經政黨推薦,21,
2018年直轄市長選舉,2018,臺北市,內湖區,五分里,臺北市,2,丁守中,中國國民黨,1977,
2018年直轄市長選舉,2018,臺北市,內湖區,五分里,臺北市,3,姚文智,民主進步黨,817,
2018年直轄市長選舉,2018,臺北市,內湖區,五分里,臺北市,4,柯文哲,無黨籍及未經政黨推薦,2645,*
2018年直轄市長選舉,2018,臺北市,內湖區,五分里,臺北市,5,李錫錕,無黨籍及未經政黨推薦,21,
2018年直轄市長選舉,2018,臺北市,內湖區,東湖里,臺北市,1,吳蕚洋,無黨籍及未經政黨推薦,21,
2018年直轄市長選舉,2018,臺北市,內湖區,東湖里,臺北市,2,丁守中,中國國民黨,1445,
2018年直轄市長選舉,2018,臺北市,內湖區,東湖里,臺北市,3,姚文智,民主進步黨,613,
2018年直轄市長選舉,2018,臺北市,內湖區,東湖里,臺北市,4,柯文哲,無黨籍及未經政黨推薦,1909,*
2018年直轄市長選舉,2018,臺北市,內湖區,東湖里,臺北市,5,李錫錕,無黨籍及未經政黨推薦,17,
2018年直轄市長選舉,2018,臺北市,內湖區,樂康里,臺北市,1,吳蕚洋,無黨籍及未經政黨推薦,26,
2018年直轄市長選舉,2018,臺北市,內湖區,樂康里,臺北市,2,丁守中,中國國民黨,1645,
2018年直轄市長選舉,2018,臺北市,內湖區,樂康里,臺北市,3,姚文智,民主進步黨,674,
2018年直轄市長選舉,2018,臺北市,內湖區,樂康里,臺北市,4,柯文哲,無黨籍及未經政黨推薦,2207,*
2018年直轄市長選舉,2018,臺北市,內湖區,樂康里,臺北市,5,李錫錕,無黨籍及未經政黨推薦,12,
2018年直轄市長選舉,2018,臺北市,內湖區,內溝里,臺北市,1,吳蕚洋,無黨籍及未經政黨推薦,8,
2018年直轄市長選舉,2018,臺北市,內湖區,內溝里,臺北市,2,丁守中,中國國民黨,994,
2018年直轄市長選舉,2018,臺北市,內湖區,內溝里,臺北市,3,姚文智,民主進步黨,402,
2018年直轄市長選舉,2018,臺北市,內湖區,內溝里,臺北市,4,柯文哲,無黨籍及未經政黨推薦,1145,*
2018年直轄市長選舉,2018,臺北市,內湖區,內溝里,臺北市,5,李錫錕,無黨籍及未經政黨推薦,12,
2018年直轄市長選舉,2018,臺北市,內湖區,週美里,臺北市,1,吳蕚洋,無黨籍及未經政黨推薦,19,
2018年直轄市長選舉,2018,臺北市,內湖區,週美里,臺北市,2,丁守中,中國國民黨,1688,
2018年直轄市長選舉,2018,臺北市,內湖區,週美里,臺北市,3,姚文智,民主進步黨,875,
2018年直轄市長選舉,2018,臺北市,內湖區,週美里,臺北市,4,柯文哲,無黨籍及未經政黨推薦,1947,*
2018年直轄市長選舉,2018,臺北市,內湖區,週美里,臺北市,5,李錫錕,無黨籍及未經政黨推薦,22,
2018年直轄市長選舉,2018,臺北市,內湖區,行善里,臺北市,1,吳蕚洋,無黨籍及未經政黨推薦,15,
2018年直轄市長選舉,2018,臺北市,內湖區,行善里,臺北市,2,丁守中,中國國民黨,1481,
2018年直轄市長選舉,2018,臺北市,內湖區,行善里,臺北市,3,姚文智,民主進步黨,713,
2018年直轄市長選舉,2018,臺北市,內湖區,行善里,臺北市,4,柯文哲,無黨籍及未經政黨推薦,1614,*
2018年直轄市長選舉,2018,臺北市,內湖區,行善里,臺北市,5,李錫錕,無黨籍及未經政黨推薦,26,
2018年直轄市長選舉,2018,臺北市,內湖區,石潭里,臺北市,1,吳蕚洋,無黨籍及未經政黨推薦,7,
2018年直轄市長選舉,2018,臺北市,內湖區,石潭里,臺北市,2,丁守中,中國國民黨,899,
2018年直轄市長選舉,2018,臺北市,內湖區,石潭里,臺北市,3,姚文智,民主進步黨,286,
2018年直轄市長選舉,2018,臺北市,內湖區,石潭里,臺北市,4,柯文哲,無黨籍及未經政黨推薦,916,*
2018年直轄市長選舉,2018,臺北市,內湖區,石潭里,臺北市,5,李錫錕,無黨籍及未經政黨推薦,10,
2018年直轄市長選舉,2018,臺北市,內湖區,湖興里,臺北市,1,吳蕚洋,無黨籍及未經政黨推薦,17,
2018年直轄市長選舉,2018,臺北市,內湖區,湖興里,臺北市,2,丁守中,中國國民黨,1590,
2018年直轄市長選舉,2018,臺北市,內湖區,湖興里,臺北市,3,姚文智,民主進步黨,650,
2018年直轄市長選舉,2018,臺北市,內湖區,湖興里,臺北市,4,柯文哲,無黨籍及未經政黨推薦,1733,*
2018年直轄市長選舉,2018,臺北市,內湖區,湖興里,臺北市,5,李錫錕,無黨籍及未經政黨推薦,26,
2018年直轄市長選舉,2018,臺北市,內湖區,湖元里,臺北市,1,吳蕚洋,無黨籍及未經政黨推薦,6,
2018年直轄市長選舉,2018,臺北市,內湖區,湖元里,臺北市,2,丁守中,中國國民黨,1196,
2018年直轄市長選舉,2018,臺北市,內湖區,湖元里,臺北市,3,姚文智,民主進步黨,519,
2018年直轄市長選舉,2018,臺北市,內湖區,湖元里,臺北市,4,柯文哲,無黨籍及未經政黨推薦,1353,*
2018年直轄市長選舉,2018,臺北市,內湖區,湖元里,臺北市,5,李錫錕,無黨籍及未經政黨推薦,13,
2018年直轄市長選舉,2018,臺北市,內湖區,安湖里,臺北市,1,吳蕚洋,無黨籍及未經政黨推薦,11,
2018年直轄市長選舉,2018,臺北市,內湖區,安湖里,臺北市,2,丁守中,中國國民黨,1578,
2018年直轄市長選舉,2018,臺北市,內湖區,安湖里,臺北市,3,姚文智,民主進步黨,531,
2018年直轄市長選舉,2018,臺北市,內湖區,安湖里,臺北市,4,柯文哲,無黨籍及未經政黨推薦,1951,*
2018年直轄市長選舉,2018,臺北市,內湖區,安湖里,臺北市,5,李錫錕,無黨籍及未經政黨推薦,9,
2018年直轄市長選舉,2018,臺北市,內湖區,秀湖里,臺北市,1,吳蕚洋,無黨籍及未經政黨推薦,10,
2018年直轄市長選舉,2018,臺北市,內湖區,秀湖里,臺北市,2,丁守中,中國國民黨,1579,
2018年直轄市長選舉,2018,臺北市,內湖區,秀湖里,臺北市,3,姚文智,民主進步黨,486,
2018年直轄市長選舉,2018,臺北市,內湖區,秀湖里,臺北市,4,柯文哲,無黨籍及未經政黨推薦,1367,*
2018年直轄市長選舉,2018,臺北市,內湖區,秀湖里,臺北市,5,李錫錕,無黨籍及未經政黨推薦,13,
2018年直轄市長選舉,2018,臺北市,內湖區,安泰里,臺北市,1,吳蕚洋,無黨籍及未經政黨推薦,18,
2018年直轄市長選舉,2018,臺北市,內湖區,安泰里,臺北市,2,丁守中,中國國民黨,1211,
2018年直轄市長選舉,2018,臺北市,內湖區,安泰里,臺北市,3,姚文智,民主進步黨,437,
2018年直轄市長選舉,2018,臺北市,內湖區,安泰里,臺北市,4,柯文哲,無黨籍及未經政黨推薦,1366,*
2018年直轄市長選舉,2018,臺北市,內湖區,安泰里,臺北市,5,李錫錕,無黨籍及未經政黨推薦,15,
2018年直轄市長選舉,2018,臺北市,內湖區,金湖里,臺北市,1,吳蕚洋,無黨籍及未經政黨推薦,21,
2018年直轄市長選舉,2018,臺北市,內湖區,金湖里,臺北市,2,丁守中,中國國民黨,2247,
2018年直轄市長選舉,2018,臺北市,內湖區,金湖里,臺北市,3,姚文智,民主進步黨,593,
2018年直轄市長選舉,2018,臺北市,內湖區,金湖里,臺北市,4,柯文哲,無黨籍及未經政黨推薦,2127,*
2018年直轄市長選舉,2018,臺北市,內湖區,金湖里,臺北市,5,李錫錕,無黨籍及未經政黨推薦,20,
2018年直轄市長選舉,2018,臺北市,內湖區,康寧里,臺北市,1,吳蕚洋,無黨籍及未經政黨推薦,14,
2018年直轄市長選舉,2018,臺北市,內湖區,康寧里,臺北市,2,丁守中,中國國民黨,1960,
2018年直轄市長選舉,2018,臺北市,內湖區,康寧里,臺北市,3,姚文智,民主進步黨,586,
2018年直轄市長選舉,2018,臺北市,內湖區,康寧里,臺北市,4,柯文哲,無黨籍及未經政黨推薦,2032,*
2018年直轄市長選舉,2018,臺北市,內湖區,康寧里,臺北市,5,李錫錕,無黨籍及未經政黨推薦,20,
2018年直轄市長選舉,2018,臺北市,內湖區,明湖里,臺北市,1,吳蕚洋,無黨籍及未經政黨推薦,7,
2018年直轄市長選舉,2018,臺北市,內湖區,明湖里,臺北市,2,丁守中,中國國民黨,1118,
2018年直轄市長選舉,2018,臺北市,內湖區,明湖里,臺北市,3,姚文智,民主進步黨,396,
2018年直轄市長選舉,2018,臺北市,內湖區,明湖里,臺北市,4,柯文哲,無黨籍及未經政黨推薦,1410,*
2018年直轄市長選舉,2018,臺北市,內湖區,明湖里,臺北市,5,李錫錕,無黨籍及未經政黨推薦,8,
2018年直轄市長選舉,2018,臺北市,內湖區,蘆洲里,臺北市,1,吳蕚洋,無黨籍及未經政黨推薦,3,
2018年直轄市長選舉,2018,臺北市,內湖區,蘆洲里,臺北市,2,丁守中,中國國民黨,242,
2018年直轄市長選舉,2018,臺北市,內湖區,蘆洲里,臺北市,3,姚文智,民主進步黨,149,
2018年直轄市長選舉,2018,臺北市,內湖區,蘆洲里,臺北市,4,柯文哲,無黨籍及未經政黨推薦,328,*
2018年直轄市長選舉,2018,臺北市,內湖區,蘆洲里,臺北市,5,李錫錕,無黨籍及未經政黨推薦,1,
2018年直轄市長選舉,2018,臺北市,內湖區,麗山里,臺北市,1,吳蕚洋,無黨籍及未經政黨推薦,10,
2018年直轄市長選舉,2018,臺北市,內湖區,麗山里,臺北市,2,丁守中,中國國民黨,1139,
2018年直轄市長選舉,2018,臺北市,內湖區,麗山里,臺北市,3,姚文智,民主進步黨,557,
2018年直轄市長選舉,2018,臺北市,內湖區,麗山里,臺北市,4,柯文哲,無黨籍及未經政黨推薦,1492,*
2018年直轄市長選舉,2018,臺北市,內湖區,麗山里,臺北市,5,李錫錕,無黨籍及未經政黨推薦,16,
2018年直轄市長選舉,2018,臺北市,內湖區,寶湖里,臺北市,1,吳蕚洋,無黨籍及未經政黨推薦,18,
2018年直轄市長選舉,2018,臺北市,內湖區,寶湖里,臺北市,2,丁守中,中國國民黨,2114,
2018年直轄市長選舉,2018,臺北市,內湖區,寶湖里,臺北市,3,姚文智,民主進步黨,566,
2018年直轄市長選舉,2018,臺北市,內湖區,寶湖里,臺北市,4,柯文哲,無黨籍及未經政黨推薦,2099,*
2018年直轄市長選舉,2018,臺北市,內湖區,寶湖里,臺北市,5,李錫錕,無黨籍及未經政黨推薦,24,
2018年直轄市長選舉,2018,臺北市,內湖區,南湖里,臺北市,1,吳蕚洋,無黨籍及未經政黨推薦,13,
2018年直轄市長選舉,2018,臺北市,內湖區,南湖里,臺北市,2,丁守中,中國國民黨,1292,
2018年直轄市長選舉,2018,臺北市,內湖區,南湖里,臺北市,3,姚文智,民主進步黨,319,
2018年直轄市長選舉,2018,臺北市,內湖區,南湖里,臺北市,4,柯文哲,無黨籍及未經政黨推薦,1395,*
2018年直轄市長選舉,2018,臺北市,內湖區,南湖里,臺北市,5,李錫錕,無黨籍及未經政黨推薦,11,
2018年直轄市長選舉,2018,臺北市,士林區,仁勇里,臺北市,1,吳蕚洋,無黨籍及未經政黨推薦,9,
2018年直轄市長選舉,2018,臺北市,士林區,仁勇里,臺北市,2,丁守中,中國國民黨,677,
2018年直轄市長選舉,2018,臺北市,士林區,仁勇里,臺北市,3,姚文智,民主進步黨,506,
2018年直轄市長選舉,2018,臺北市,士林區,仁勇里,臺北市,4,柯文哲,無黨籍及未經政黨推薦,970,*
2018年直轄市長選舉,2018,臺北市,士林區,仁勇里,臺北市,5,李錫錕,無黨籍及未經政黨推薦,9,
2018年直轄市長選舉,2018,臺北市,士林區,義信里,臺北市,1,吳蕚洋,無黨籍及未經政黨推薦,6,
2018年直轄市長選舉,2018,臺北市,士林區,義信里,臺北市,2,丁守中,中國國民黨,703,
2018年直轄市長選舉,2018,臺北市,士林區,義信里,臺北市,3,姚文智,民主進步黨,365,
2018年直轄市長選舉,2018,臺北市,士林區,義信里,臺北市,4,柯文哲,無黨籍及未經政黨推薦,693,*
2018年直轄市長選舉,2018,臺北市,士林區,義信里,臺北市,5,李錫錕,無黨籍及未經政黨推薦,8,
2018年直轄市長選舉,2018,臺北市,士林區,福林里,臺北市,1,吳蕚洋,無黨籍及未經政黨推薦,11,
2018年直轄市長選舉,2018,臺北市,士林區,福林里,臺北市,2,丁守中,中國國民黨,696,
2018年直轄市長選舉,2018,臺北市,士林區,福林里,臺北市,3,姚文智,民主進步黨,346,
2018年直轄市長選舉,2018,臺北市,士林區,福林里,臺北市,4,柯文哲,無黨籍及未經政黨推薦,685,*
2018年直轄市長選舉,2018,臺北市,士林區,福林里,臺北市,5,李錫錕,無黨籍及未經政黨推薦,13,
2018年直轄市長選舉,2018,臺北市,士林區,福德里,臺北市,1,吳蕚洋,無黨籍及未經政黨推薦,9,
2018年直轄市長選舉,2018,臺北市,士林區,福德里,臺北市,2,丁守中,中國國民黨,1022,
2018年直轄市長選舉,2018,臺北市,士林區,福德里,臺北市,3,姚文智,民主進步黨,503,
2018年直轄市長選舉,2018,臺北市,士林區,福德里,臺北市,4,柯文哲,無黨籍及未經政黨推薦,1054,*
2018年直轄市長選舉,2018,臺北市,士林區,福德里,臺北市,5,李錫錕,無黨籍及未經政黨推薦,19,
2018年直轄市長選舉,2018,臺北市,士林區,福志里,臺北市,1,吳蕚洋,無黨籍及未經政黨推薦,9,
2018年直轄市長選舉,2018,臺北市,士林區,福志里,臺北市,2,丁守中,中國國民黨,1884,
2018年直轄市長選舉,2018,臺北市,士林區,福志里,臺北市,3,姚文智,民主進步黨,801,
2018年直轄市長選舉,2018,臺北市,士林區,福志里,臺北市,4,柯文哲,無黨籍及未經政黨推薦,1568,*
2018年直轄市長選舉,2018,臺北市,士林區,福志里,臺北市,5,李錫錕,無黨籍及未經政黨推薦,14,
2018年直轄市長選舉,2018,臺北市,士林區,舊佳里,臺北市,1,吳蕚洋,無黨籍及未經政黨推薦,23,
2018年直轄市長選舉,2018,臺北市,士林區,舊佳里,臺北市,2,丁守中,中國國民黨,1298,
2018年直轄市長選舉,2018,臺北市,士林區,舊佳里,臺北市,3,姚文智,民主進步黨,803,
2018年直轄市長選舉,2018,臺北市,士林區,舊佳里,臺北市,4,柯文哲,無黨籍及未經政黨推薦,1455,*
2018年直轄市長選舉,2018,臺北市,士林區,舊佳里,臺北市,5,李錫錕,無黨籍及未經政黨推薦,13,
2018年直轄市長選舉,2018,臺北市,士林區,福佳里,臺北市,1,吳蕚洋,無黨籍及未經政黨推薦,17,
2018年直轄市長選舉,2018,臺北市,士林區,福佳里,臺北市,2,丁守中,中國國民黨,1643,
2018年直轄市長選舉,2018,臺北市,士林區,福佳里,臺北市,3,姚文智,民主進步黨,892,
2018年直轄市長選舉,2018,臺北市,士林區,福佳里,臺北市,4,柯文哲,無黨籍及未經政黨推薦,1766,*
2018年直轄市長選舉,2018,臺北市,士林區,福佳里,臺北市,5,李錫錕,無黨籍及未經政黨推薦,23,
2018年直轄市長選舉,2018,臺北市,士林區,後港里,臺北市,1,吳蕚洋,無黨籍及未經政黨推薦,19,
2018年直轄市長選舉,2018,臺北市,士林區,後港里,臺北市,2,丁守中,中國國民黨,1493,
2018年直轄市長選舉,2018,臺北市,士林區,後港里,臺北市,3,姚文智,民主進步黨,1068,
2018年直轄市長選舉,2018,臺北市,士林區,後港里,臺北市,4,柯文哲,無黨籍及未經政黨推薦,2060,*
2018年直轄市長選舉,2018,臺北市,士林區,後港里,臺北市,5,李錫錕,無黨籍及未經政黨推薦,22,
2018年直轄市長選舉,2018,臺北市,士林區,福中里,臺北市,1,吳蕚洋,無黨籍及未經政黨推薦,13,
2018年直轄市長選舉,2018,臺北市,士林區,福中里,臺北市,2,丁守中,中國國民黨,1196,
2018年直轄市長選舉,2018,臺北市,士林區,福中里,臺北市,3,姚文智,民主進步黨,863,
2018年直轄市長選舉,2018,臺北市,士林區,福中里,臺北市,4,柯文哲,無黨籍及未經政黨推薦,1750,*
2018年直轄市長選舉,2018,臺北市,士林區,福中里,臺北市,5,李錫錕,無黨籍及未經政黨推薦,25,
2018年直轄市長選舉,2018,臺北市,士林區,前港里,臺北市,1,吳蕚洋,無黨籍及未經政黨推薦,8,
2018年直轄市長選舉,2018,臺北市,士林區,前港里,臺北市,2,丁守中,中國國民黨,798,
2018年直轄市長選舉,2018,臺北市,士林區,前港里,臺北市,3,姚文智,民主進步黨,575,
2018年直轄市長選舉,2018,臺北市,士林區,前港里,臺北市,4,柯文哲,無黨籍及未經政黨推薦,1177,*
2018年直轄市長選舉,2018,臺北市,士林區,前港里,臺北市,5,李錫錕,無黨籍及未經政黨推薦,7,
2018年直轄市長選舉,2018,臺北市,士林區,百齡里,臺北市,1,吳蕚洋,無黨籍及未經政黨推薦,11,
2018年直轄市長選舉,2018,臺北市,士林區,百齡里,臺北市,2,丁守中,中國國民黨,1282,
2018年直轄市長選舉,2018,臺北市,士林區,百齡里,臺北市,3,姚文智,民主進步黨,907,
2018年直轄市長選舉,2018,臺北市,士林區,百齡里,臺北市,4,柯文哲,無黨籍及未經政黨推薦,1797,*
2018年直轄市長選舉,2018,臺北市,士林區,百齡里,臺北市,5,李錫錕,無黨籍及未經政黨推薦,19,
2018年直轄市長選舉,2018,臺北市,士林區,承德里,臺北市,1,吳蕚洋,無黨籍及未經政黨推薦,10,
2018年直轄市長選舉,2018,臺北市,士林區,承德里,臺北市,2,丁守中,中國國民黨,1210,
2018年直轄市長選舉,2018,臺北市,士林區,承德里,臺北市,3,姚文智,民主進步黨,548,
2018年直轄市長選舉,2018,臺北市,士林區,承德里,臺北市,4,柯文哲,無黨籍及未經政黨推薦,1261,*
2018年直轄市長選舉,2018,臺北市,士林區,承德里,臺北市,5,李錫錕,無黨籍及未經政黨推薦,10,
2018年直轄市長選舉,2018,臺北市,士林區,福華里,臺北市,1,吳蕚洋,無黨籍及未經政黨推薦,11,
2018年直轄市長選舉,2018,臺北市,士林區,福華里,臺北市,2,丁守中,中國國民黨,1214,
2018年直轄市長選舉,2018,臺北市,士林區,福華里,臺北市,3,姚文智,民主進步黨,785,
2018年直轄市長選舉,2018,臺北市,士林區,福華里,臺北市,4,柯文哲,無黨籍及未經政黨推薦,1425,*
2018年直轄市長選舉,2018,臺北市,士林區,福華里,臺北市,5,李錫錕,無黨籍及未經政黨推薦,16,
2018年直轄市長選舉,2018,臺北市,士林區,明勝里,臺北市,1,吳蕚洋,無黨籍及未經政黨推薦,6,
2018年直轄市長選舉,2018,臺北市,士林區,明勝里,臺北市,2,丁守中,中國國民黨,1002,
2018年直轄市長選舉,2018,臺北市,士林區,明勝里,臺北市,3,姚文智,民主進步黨,615,
2018年直轄市長選舉,2018,臺北市,士林區,明勝里,臺北市,4,柯文哲,無黨籍及未經政黨推薦,1260,*
2018年直轄市長選舉,2018,臺北市,士林區,明勝里,臺北市,5,李錫錕,無黨籍及未經政黨推薦,9,
2018年直轄市長選舉,2018,臺北市,士林區,福順里,臺北市,1,吳蕚洋,無黨籍及未經政黨推薦,8,
2018年直轄市長選舉,2018,臺北市,士林區,福順里,臺北市,2,丁守中,中國國民黨,900,
2018年直轄市長選舉,2018,臺北市,士林區,福順里,臺北市,3,姚文智,民主進步黨,829,
2018年直轄市長選舉,2018,臺北市,士林區,福順里,臺北市,4,柯文哲,無黨籍及未經政黨推薦,1344,*
2018年直轄市長選舉,2018,臺北市,士林區,福順里,臺北市,5,李錫錕,無黨籍及未經政黨推薦,12,
2018年直轄市長選舉,2018,臺北市,士林區,富光里,臺北市,1,吳蕚洋,無黨籍及未經政黨推薦,11,
2018年直轄市長選舉,2018,臺北市,士林區,富光里,臺北市,2,丁守中,中國國民黨,955,
2018年直轄市長選舉,2018,臺北市,士林區,富光里,臺北市,3,姚文智,民主進步黨,848,
2018年直轄市長選舉,2018,臺北市,士林區,富光里,臺北市,4,柯文哲,無黨籍及未經政黨推薦,1432,*
2018年直轄市長選舉,2018,臺北市,士林區,富光里,臺北市,5,李錫錕,無黨籍及未經政黨推薦,17,
2018年直轄市長選舉,2018,臺北市,士林區,葫蘆里,臺北市,1,吳蕚洋,無黨籍及未經政黨推薦,15,
2018年直轄市長選舉,2018,臺北市,士林區,葫蘆里,臺北市,2,丁守中,中國國民黨,1451,
2018年直轄市長選舉,2018,臺北市,士林區,葫蘆里,臺北市,3,姚文智,民主進步黨,884,
2018年直轄市長選舉,2018,臺北市,士林區,葫蘆里,臺北市,4,柯文哲,無黨籍及未經政黨推薦,1886,*
2018年直轄市長選舉,2018,臺北市,士林區,葫蘆里,臺北市,5,李錫錕,無黨籍及未經政黨推薦,12,
2018年直轄市長選舉,2018,臺北市,士林區,葫東里,臺北市,1,吳蕚洋,無黨籍及未經政黨推薦,13,
2018年直轄市長選舉,2018,臺北市,士林區,葫東里,臺北市,2,丁守中,中國國民黨,656,
2018年直轄市長選舉,2018,臺北市,士林區,葫東里,臺北市,3,姚文智,民主進步黨,584,
2018年直轄市長選舉,2018,臺北市,士林區,葫東里,臺北市,4,柯文哲,無黨籍及未經政黨推薦,1099,*
2018年直轄市長選舉,2018,臺北市,士林區,葫東里,臺北市,5,李錫錕,無黨籍及未經政黨推薦,5,
2018年直轄市長選舉,2018,臺北市,士林區,社子里,臺北市,1,吳蕚洋,無黨籍及未經政黨推薦,9,
2018年直轄市長選舉,2018,臺北市,士林區,社子里,臺北市,2,丁守中,中國國民黨,1079,
2018年直轄市長選舉,2018,臺北市,士林區,社子里,臺北市,3,姚文智,民主進步黨,962,
2018年直轄市長選舉,2018,臺北市,士林區,社子里,臺北市,4,柯文哲,無黨籍及未經政黨推薦,1623,*
2018年直轄市長選舉,2018,臺北市,士林區,社子里,臺北市,5,李錫錕,無黨籍及未經政黨推薦,11,
2018年直轄市長選舉,2018,臺北市,士林區,社新里,臺北市,1,吳蕚洋,無黨籍及未經政黨推薦,21,
2018年直轄市長選舉,2018,臺北市,士林區,社新里,臺北市,2,丁守中,中國國民黨,1442,
2018年直轄市長選舉,2018,臺北市,士林區,社新里,臺北市,3,姚文智,民主進步黨,1269,
2018年直轄市長選舉,2018,臺北市,士林區,社新里,臺北市,4,柯文哲,無黨籍及未經政黨推薦,2260,*
2018年直轄市長選舉,2018,臺北市,士林區,社新里,臺北市,5,李錫錕,無黨籍及未經政黨推薦,23,
2018年直轄市長選舉,2018,臺北市,士林區,社園里,臺北市,1,吳蕚洋,無黨籍及未經政黨推薦,17,
2018年直轄市長選舉,2018,臺北市,士林區,社園里,臺北市,2,丁守中,中國國民黨,1075,
2018年直轄市長選舉,2018,臺北市,士林區,社園里,臺北市,3,姚文智,民主進步黨,1090,
2018年直轄市長選舉,2018,臺北市,士林區,社園里,臺北市,4,柯文哲,無黨籍及未經政黨推薦,1844,*
2018年直轄市長選舉,2018,臺北市,士林區,社園里,臺北市,5,李錫錕,無黨籍及未經政黨推薦,14,
2018年直轄市長選舉,2018,臺北市,士林區,永倫里,臺北市,1,吳蕚洋,無黨籍及未經政黨推薦,12,
2018年直轄市長選舉,2018,臺北市,士林區,永倫里,臺北市,2,丁守中,中國國民黨,1116,
2018年直轄市長選舉,2018,臺北市,士林區,永倫里,臺北市,3,姚文智,民主進步黨,1014,
2018年直轄市長選舉,2018,臺北市,士林區,永倫里,臺北市,4,柯文哲,無黨籍及未經政黨推薦,1719,*
2018年直轄市長選舉,2018,臺北市,士林區,永倫里,臺北市,5,李錫錕,無黨籍及未經政黨推薦,15,
2018年直轄市長選舉,2018,臺北市,士林區,福安里,臺北市,1,吳蕚洋,無黨籍及未經政黨推薦,16,
2018年直轄市長選舉,2018,臺北市,士林區,福安里,臺北市,2,丁守中,中國國民黨,528,
2018年直轄市長選舉,2018,臺北市,士林區,福安里,臺北市,3,姚文智,民主進步黨,1148,
2018年直轄市長選舉,2018,臺北市,士林區,福安里,臺北市,4,柯文哲,無黨籍及未經政黨推薦,1147,*
2018年直轄市長選舉,2018,臺北市,士林區,福安里,臺北市,5,李錫錕,無黨籍及未經政黨推薦,11,
2018年直轄市長選舉,2018,臺北市,士林區,富洲里,臺北市,1,吳蕚洋,無黨籍及未經政黨推薦,15,
2018年直轄市長選舉,2018,臺北市,士林區,富洲里,臺北市,2,丁守中,中國國民黨,771,
2018年直轄市長選舉,2018,臺北市,士林區,富洲里,臺北市,3,姚文智,民主進步黨,1244,
2018年直轄市長選舉,2018,臺北市,士林區,富洲里,臺北市,4,柯文哲,無黨籍及未經政黨推薦,1636,*
2018年直轄市長選舉,2018,臺北市,士林區,富洲里,臺北市,5,李錫錕,無黨籍及未經政黨推薦,24,
2018年直轄市長選舉,2018,臺北市,士林區,岩山里,臺北市,1,吳蕚洋,無黨籍及未經政黨推薦,7,
2018年直轄市長選舉,2018,臺北市,士林區,岩山里,臺北市,2,丁守中,中國國民黨,823,
2018年直轄市長選舉,2018,臺北市,士林區,岩山里,臺北市,3,姚文智,民主進步黨,289,
2018年直轄市長選舉,2018,臺北市,士林區,岩山里,臺北市,4,柯文哲,無黨籍及未經政黨推薦,717,*
2018年直轄市長選舉,2018,臺北市,士林區,岩山里,臺北市,5,李錫錕,無黨籍及未經政黨推薦,8,
2018年直轄市長選舉,2018,臺北市,士林區,名山里,臺北市,1,吳蕚洋,無黨籍及未經政黨推薦,17,
2018年直轄市長選舉,2018,臺北市,士林區,名山里,臺北市,2,丁守中,中國國民黨,1665,
2018年直轄市長選舉,2018,臺北市,士林區,名山里,臺北市,3,姚文智,民主進步黨,710,
2018年直轄市長選舉,2018,臺北市,士林區,名山里,臺北市,4,柯文哲,無黨籍及未經政黨推薦,1590,*
2018年直轄市長選舉,2018,臺北市,士林區,名山里,臺北市,5,李錫錕,無黨籍及未經政黨推薦,13,
2018年直轄市長選舉,2018,臺北市,士林區,德行里,臺北市,1,吳蕚洋,無黨籍及未經政黨推薦,9,
2018年直轄市長選舉,2018,臺北市,士林區,德行里,臺北市,2,丁守中,中國國民黨,959,
2018年直轄市長選舉,2018,臺北市,士林區,德行里,臺北市,3,姚文智,民主進步黨,514,
2018年直轄市長選舉,2018,臺北市,士林區,德行里,臺北市,4,柯文哲,無黨籍及未經政黨推薦,1063,*
2018年直轄市長選舉,2018,臺北市,士林區,德行里,臺北市,5,李錫錕,無黨籍及未經政黨推薦,12,
2018年直轄市長選舉,2018,臺北市,士林區,德華里,臺北市,1,吳蕚洋,無黨籍及未經政黨推薦,10,
2018年直轄市長選舉,2018,臺北市,士林區,德華里,臺北市,2,丁守中,中國國民黨,1149,
2018年直轄市長選舉,2018,臺北市,士林區,德華里,臺北市,3,姚文智,民主進步黨,684,
2018年直轄市長選舉,2018,臺北市,士林區,德華里,臺北市,4,柯文哲,無黨籍及未經政黨推薦,1265,*
2018年直轄市長選舉,2018,臺北市,士林區,德華里,臺北市,5,李錫錕,無黨籍及未經政黨推薦,10,
2018年直轄市長選舉,2018,臺北市,士林區,聖山里,臺北市,1,吳蕚洋,無黨籍及未經政黨推薦,10,
2018年直轄市長選舉,2018,臺北市,士林區,聖山里,臺北市,2,丁守中,中國國民黨,1325,
2018年直轄市長選舉,2018,臺北市,士林區,聖山里,臺北市,3,姚文智,民主進步黨,493,
2018年直轄市長選舉,2018,臺北市,士林區,聖山里,臺北市,4,柯文哲,無黨籍及未經政黨推薦,1117,*
2018年直轄市長選舉,2018,臺北市,士林區,聖山里,臺北市,5,李錫錕,無黨籍及未經政黨推薦,11,
2018年直轄市長選舉,2018,臺北市,士林區,忠誠里,臺北市,1,吳蕚洋,無黨籍及未經政黨推薦,10,
2018年直轄市長選舉,2018,臺北市,士林區,忠誠里,臺北市,2,丁守中,中國國民黨,1651,
2018年直轄市長選舉,2018,臺北市,士林區,忠誠里,臺北市,3,姚文智,民主進步黨,373,
2018年直轄市長選舉,2018,臺北市,士林區,忠誠里,臺北市,4,柯文哲,無黨籍及未經政黨推薦,992,*
2018年直轄市長選舉,2018,臺北市,士林區,忠誠里,臺北市,5,李錫錕,無黨籍及未經政黨推薦,14,
2018年直轄市長選舉,2018,臺北市,士林區,芝山里,臺北市,1,吳蕚洋,無黨籍及未經政黨推薦,17,
2018年直轄市長選舉,2018,臺北市,士林區,芝山里,臺北市,2,丁守中,中國國民黨,1699,
2018年直轄市長選舉,2018,臺北市,士林區,芝山里,臺北市,3,姚文智,民主進步黨,770,
2018年直轄市長選舉,2018,臺北市,士林區,芝山里,臺北市,4,柯文哲,無黨籍及未經政黨推薦,1665,*
2018年直轄市長選舉,2018,臺北市,士林區,芝山里,臺北市,5,李錫錕,無黨籍及未經政黨推薦,20,
2018年直轄市長選舉,2018,臺北市,士林區,東山里,臺北市,1,吳蕚洋,無黨籍及未經政黨推薦,10,
2018年直轄市長選舉,2018,臺北市,士林區,東山里,臺北市,2,丁守中,中國國民黨,1405,
2018年直轄市長選舉,2018,臺北市,士林區,東山里,臺北市,3,姚文智,民主進步黨,462,
2018年直轄市長選舉,2018,臺北市,士林區,東山里,臺北市,4,柯文哲,無黨籍及未經政黨推薦,1054,*
2018年直轄市長選舉,2018,臺北市,士林區,東山里,臺北市,5,李錫錕,無黨籍及未經政黨推薦,17,
2018年直轄市長選舉,2018,臺北市,士林區,三玉里,臺北市,1,吳蕚洋,無黨籍及未經政黨推薦,5,
2018年直轄市長選舉,2018,臺北市,士林區,三玉里,臺北市,2,丁守中,中國國民黨,1236,
2018年直轄市長選舉,2018,臺北市,士林區,三玉里,臺北市,3,姚文智,民主進步黨,595,
2018年直轄市長選舉,2018,臺北市,士林區,三玉里,臺北市,4,柯文哲,無黨籍及未經政黨推薦,1277,*
2018年直轄市長選舉,2018,臺北市,士林區,三玉里,臺北市,5,李錫錕,無黨籍及未經政黨推薦,12,
2018年直轄市長選舉,2018,臺北市,士林區,蘭雅里,臺北市,1,吳蕚洋,無黨籍及未經政黨推薦,13,
2018年直轄市長選舉,2018,臺北市,士林區,蘭雅里,臺北市,2,丁守中,中國國民黨,1879,
2018年直轄市長選舉,2018,臺北市,士林區,蘭雅里,臺北市,3,姚文智,民主進步黨,873,
2018年直轄市長選舉,2018,臺北市,士林區,蘭雅里,臺北市,4,柯文哲,無黨籍及未經政黨推薦,1959,*
2018年直轄市長選舉,2018,臺北市,士林區,蘭雅里,臺北市,5,李錫錕,無黨籍及未經政黨推薦,25,
2018年直轄市長選舉,2018,臺北市,士林區,蘭興里,臺北市,1,吳蕚洋,無黨籍及未經政黨推薦,15,
2018年直轄市長選舉,2018,臺北市,士林區,蘭興里,臺北市,2,丁守中,中國國民黨,1417,
2018年直轄市長選舉,2018,臺北市,士林區,蘭興里,臺北市,3,姚文智,民主進步黨,747,
2018年直轄市長選舉,2018,臺北市,士林區,蘭興里,臺北市,4,柯文哲,無黨籍及未經政黨推薦,1520,*
2018年直轄市長選舉,2018,臺北市,士林區,蘭興里,臺北市,5,李錫錕,無黨籍及未經政黨推薦,13,
2018年直轄市長選舉,2018,臺北市,士林區,天福里,臺北市,1,吳蕚洋,無黨籍及未經政黨推薦,11,
2018年直轄市長選舉,2018,臺北市,士林區,天福里,臺北市,2,丁守中,中國國民黨,1443,
2018年直轄市長選舉,2018,臺北市,士林區,天福里,臺北市,3,姚文智,民主進步黨,619,
2018年直轄市長選舉,2018,臺北市,士林區,天福里,臺北市,4,柯文哲,無黨籍及未經政黨推薦,1517,*
2018年直轄市長選舉,2018,臺北市,士林區,天福里,臺北市,5,李錫錕,無黨籍及未經政黨推薦,14,
2018年直轄市長選舉,2018,臺北市,士林區,天祿里,臺北市,1,吳蕚洋,無黨籍及未經政黨推薦,4,
2018年直轄市長選舉,2018,臺北市,士林區,天祿里,臺北市,2,丁守中,中國國民黨,991,
2018年直轄市長選舉,2018,臺北市,士林區,天祿里,臺北市,3,姚文智,民主進步黨,608,
2018年直轄市長選舉,2018,臺北市,士林區,天祿里,臺北市,4,柯文哲,無黨籍及未經政黨推薦,1199,*
2018年直轄市長選舉,2018,臺北市,士林區,天祿里,臺北市,5,李錫錕,無黨籍及未經政黨推薦,13,
2018年直轄市長選舉,2018,臺北市,士林區,天壽里,臺北市,1,吳蕚洋,無黨籍及未經政黨推薦,5,
2018年直轄市長選舉,2018,臺北市,士林區,天壽里,臺北市,2,丁守中,中國國民黨,1110,
2018年直轄市長選舉,2018,臺北市,士林區,天壽里,臺北市,3,姚文智,民主進步黨,482,
2018年直轄市長選舉,2018,臺北市,士林區,天壽里,臺北市,4,柯文哲,無黨籍及未經政黨推薦,1027,*
2018年直轄市長選舉,2018,臺北市,士林區,天壽里,臺北市,5,李錫錕,無黨籍及未經政黨推薦,11,
2018年直轄市長選舉,2018,臺北市,士林區,天和里,臺北市,1,吳蕚洋,無黨籍及未經政黨推薦,12,
2018年直轄市長選舉,2018,臺北市,士林區,天和里,臺北市,2,丁守中,中國國民黨,1697,
2018年直轄市長選舉,2018,臺北市,士林區,天和里,臺北市,3,姚文智,民主進步黨,754,
2018年直轄市長選舉,2018,臺北市,士林區,天和里,臺北市,4,柯文哲,無黨籍及未經政黨推薦,1629,*
2018年直轄市長選舉,2018,臺北市,士林區,天和里,臺北市,5,李錫錕,無黨籍及未經政黨推薦,17,
2018年直轄市長選舉,2018,臺北市,士林區,天山里,臺北市,1,吳蕚洋,無黨籍及未經政黨推薦,8,
2018年直轄市長選舉,2018,臺北市,士林區,天山里,臺北市,2,丁守中,中國國民黨,1620,
2018年直轄市長選舉,2018,臺北市,士林區,天山里,臺北市,3,姚文智,民主進步黨,653,
2018年直轄市長選舉,2018,臺北市,士林區,天山里,臺北市,4,柯文哲,無黨籍及未經政黨推薦,1451,*
2018年直轄市長選舉,2018,臺北市,士林區,天山里,臺北市,5,李錫錕,無黨籍及未經政黨推薦,18,
2018年直轄市長選舉,2018,臺北市,士林區,天玉里,臺北市,1,吳蕚洋,無黨籍及未經政黨推薦,10,
2018年直轄市長選舉,2018,臺北市,士林區,天玉里,臺北市,2,丁守中,中國國民黨,1982,
2018年直轄市長選舉,2018,臺北市,士林區,天玉里,臺北市,3,姚文智,民主進步黨,819,
2018年直轄市長選舉,2018,臺北市,士林區,天玉里,臺北市,4,柯文哲,無黨籍及未經政黨推薦,1881,*
2018年直轄市長選舉,2018,臺北市,士林區,天玉里,臺北市,5,李錫錕,無黨籍及未經政黨推薦,20,
2018年直轄市長選舉,2018,臺北市,士林區,天母里,臺北市,1,吳蕚洋,無黨籍及未經政黨推薦,14,
2018年直轄市長選舉,2018,臺北市,士林區,天母里,臺北市,2,丁守中,中國國民黨,1533,
2018年直轄市長選舉,2018,臺北市,士林區,天母里,臺北市,3,姚文智,民主進步黨,656,
2018年直轄市長選舉,2018,臺北市,士林區,天母里,臺北市,4,柯文哲,無黨籍及未經政黨推薦,1431,*
2018年直轄市長選舉,2018,臺北市,士林區,天母里,臺北市,5,李錫錕,無黨籍及未經政黨推薦,13,
2018年直轄市長選舉,2018,臺北市,士林區,永福里,臺北市,1,吳蕚洋,無黨籍及未經政黨推薦,3,
2018年直轄市長選舉,2018,臺北市,士林區,永福里,臺北市,2,丁守中,中國國民黨,250,
2018年直轄市長選舉,2018,臺北市,士林區,永福里,臺北市,3,姚文智,民主進步黨,208,
2018年直轄市長選舉,2018,臺北市,士林區,永福里,臺北市,4,柯文哲,無黨籍及未經政黨推薦,297,*
2018年直轄市長選舉,2018,臺北市,士林區,永福里,臺北市,5,李錫錕,無黨籍及未經政黨推薦,2,
2018年直轄市長選舉,2018,臺北市,士林區,公館里,臺北市,1,吳蕚洋,無黨籍及未經政黨推薦,5,
2018年直轄市長選舉,2018,臺北市,士林區,公館里,臺北市,2,丁守中,中國國民黨,245,
2018年直轄市長選舉,2018,臺北市,士林區,公館里,臺北市,3,姚文智,民主進步黨,252,
2018年直轄市長選舉,2018,臺北市,士林區,公館里,臺北市,4,柯文哲,無黨籍及未經政黨推薦,348,*
2018年直轄市長選舉,2018,臺北市,士林區,公館里,臺北市,5,李錫錕,無黨籍及未經政黨推薦,2,
2018年直轄市長選舉,2018,臺北市,士林區,新安里,臺北市,1,吳蕚洋,無黨籍及未經政黨推薦,3,
2018年直轄市長選舉,2018,臺北市,士林區,新安里,臺北市,2,丁守中,中國國民黨,402,
2018年直轄市長選舉,2018,臺北市,士林區,新安里,臺北市,3,姚文智,民主進步黨,322,
2018年直轄市長選舉,2018,臺北市,士林區,新安里,臺北市,4,柯文哲,無黨籍及未經政黨推薦,462,*
2018年直轄市長選舉,2018,臺北市,士林區,新安里,臺北市,5,李錫錕,無黨籍及未經政黨推薦,6,
2018年直轄市長選舉,2018,臺北市,士林區,陽明里,臺北市,1,吳蕚洋,無黨籍及未經政黨推薦,4,
2018年直轄市長選舉,2018,臺北市,士林區,陽明里,臺北市,2,丁守中,中國國民黨,698,
2018年直轄市長選舉,2018,臺北市,士林區,陽明里,臺北市,3,姚文智,民主進步黨,400,
2018年直轄市長選舉,2018,臺北市,士林區,陽明里,臺北市,4,柯文哲,無黨籍及未經政黨推薦,590,*
2018年直轄市長選舉,2018,臺北市,士林區,陽明里,臺北市,5,李錫錕,無黨籍及未經政黨推薦,9,
2018年直轄市長選舉,2018,臺北市,士林區,菁山里,臺北市,1,吳蕚洋,無黨籍及未經政黨推薦,4,
2018年直轄市長選舉,2018,臺北市,士林區,菁山里,臺北市,2,丁守中,中國國民黨,413,
2018年直轄市長選舉,2018,臺北市,士林區,菁山里,臺北市,3,姚文智,民主進步黨,237,
2018年直轄市長選舉,2018,臺北市,士林區,菁山里,臺北市,4,柯文哲,無黨籍及未經政黨推薦,428,*
2018年直轄市長選舉,2018,臺北市,士林區,菁山里,臺北市,5,李錫錕,無黨籍及未經政黨推薦,3,
2018年直轄市長選舉,2018,臺北市,士林區,平等里,臺北市,1,吳蕚洋,無黨籍及未經政黨推薦,2,
2018年直轄市長選舉,2018,臺北市,士林區,平等里,臺北市,2,丁守中,中國國民黨,273,
2018年直轄市長選舉,2018,臺北市,士林區,平等里,臺北市,3,姚文智,民主進步黨,357,
2018年直轄市長選舉,2018,臺北市,士林區,平等里,臺北市,4,柯文哲,無黨籍及未經政黨推薦,388,*
2018年直轄市長選舉,2018,臺北市,士林區,平等里,臺北市,5,李錫錕,無黨籍及未經政黨推薦,4,
2018年直轄市長選舉,2018,臺北市,士林區,溪山里,臺北市,1,吳蕚洋,無黨籍及未經政黨推薦,4,
2018年直轄市長選舉,2018,臺北市,士林區,溪山里,臺北市,2,丁守中,中國國民黨,308,
2018年直轄市長選舉,2018,臺北市,士林區,溪山里,臺北市,3,姚文智,民主進步黨,286,
2018年直轄市長選舉,2018,臺北市,士林區,溪山里,臺北市,4,柯文哲,無黨籍及未經政黨推薦,380,*
2018年直轄市長選舉,2018,臺北市,士林區,溪山里,臺北市,5,李錫錕,無黨籍及未經政黨推薦,6,
2018年直轄市長選舉,2018,臺北市,士林區,翠山里,臺北市,1,吳蕚洋,無黨籍及未經政黨推薦,6,
2018年直轄市長選舉,2018,臺北市,士林區,翠山里,臺北市,2,丁守中,中國國民黨,949,
2018年直轄市長選舉,2018,臺北市,士林區,翠山里,臺北市,3,姚文智,民主進步黨,169,
2018年直轄市長選舉,2018,臺北市,士林區,翠山里,臺北市,4,柯文哲,無黨籍及未經政黨推薦,464,*
2018年直轄市長選舉,2018,臺北市,士林區,翠山里,臺北市,5,李錫錕,無黨籍及未經政黨推薦,4,
2018年直轄市長選舉,2018,臺北市,士林區,臨溪里,臺北市,1,吳蕚洋,無黨籍及未經政黨推薦,4,
2018年直轄市長選舉,2018,臺北市,士林區,臨溪里,臺北市,2,丁守中,中國國民黨,725,
2018年直轄市長選舉,2018,臺北市,士林區,臨溪里,臺北市,3,姚文智,民主進步黨,327,
2018年直轄市長選舉,2018,臺北市,士林區,臨溪里,臺北市,4,柯文哲,無黨籍及未經政黨推薦,594,*
2018年直轄市長選舉,2018,臺北市,士林區,臨溪里,臺北市,5,李錫錕,無黨籍及未經政黨推薦,5,
2018年直轄市長選舉,2018,臺北市,北投區,建民里,臺北市,1,吳蕚洋,無黨籍及未經政黨推薦,8,
2018年直轄市長選舉,2018,臺北市,北投區,建民里,臺北市,2,丁守中,中國國民黨,910,
2018年直轄市長選舉,2018,臺北市,北投區,建民里,臺北市,3,姚文智,民主進步黨,584,
2018年直轄市長選舉,2018,臺北市,北投區,建民里,臺北市,4,柯文哲,無黨籍及未經政黨推薦,1032,*
2018年直轄市長選舉,2018,臺北市,北投區,建民里,臺北市,5,李錫錕,無黨籍及未經政黨推薦,16,
2018年直轄市長選舉,2018,臺北市,北投區,文林里,臺北市,1,吳蕚洋,無黨籍及未經政黨推薦,9,
2018年直轄市長選舉,2018,臺北市,北投區,文林里,臺北市,2,丁守中,中國國民黨,899,
2018年直轄市長選舉,2018,臺北市,北投區,文林里,臺北市,3,姚文智,民主進步黨,554,
2018年直轄市長選舉,2018,臺北市,北投區,文林里,臺北市,4,柯文哲,無黨籍及未經政黨推薦,1024,*
2018年直轄市長選舉,2018,臺北市,北投區,文林里,臺北市,5,李錫錕,無黨籍及未經政黨推薦,17,
2018年直轄市長選舉,2018,臺北市,北投區,石牌里,臺北市,1,吳蕚洋,無黨籍及未經政黨推薦,9,
2018年直轄市長選舉,2018,臺北市,北投區,石牌里,臺北市,2,丁守中,中國國民黨,1049,
2018年直轄市長選舉,2018,臺北市,北投區,石牌里,臺北市,3,姚文智,民主進步黨,627,
2018年直轄市長選舉,2018,臺北市,北投區,石牌里,臺北市,4,柯文哲,無黨籍及未經政黨推薦,1334,*
2018年直轄市長選舉,2018,臺北市,北投區,石牌里,臺北市,5,李錫錕,無黨籍及未經政黨推薦,14,
2018年直轄市長選舉,2018,臺北市,北投區,福興里,臺北市,1,吳蕚洋,無黨籍及未經政黨推薦,10,
2018年直轄市長選舉,2018,臺北市,北投區,福興里,臺北市,2,丁守中,中國國民黨,1496,
2018年直轄市長選舉,2018,臺北市,北投區,福興里,臺北市,3,姚文智,民主進步黨,719,
2018年直轄市長選舉,2018,臺北市,北投區,福興里,臺北市,4,柯文哲,無黨籍及未經政黨推薦,1691,*
2018年直轄市長選舉,2018,臺北市,北投區,福興里,臺北市,5,李錫錕,無黨籍及未經政黨推薦,11,
2018年直轄市長選舉,2018,臺北市,北投區,榮光里,臺北市,1,吳蕚洋,無黨籍及未經政黨推薦,14,
2018年直轄市長選舉,2018,臺北市,北投區,榮光里,臺北市,2,丁守中,中國國民黨,1571,
2018年直轄市長選舉,2018,臺北市,北投區,榮光里,臺北市,3,姚文智,民主進步黨,654,
2018年直轄市長選舉,2018,臺北市,北投區,榮光里,臺北市,4,柯文哲,無黨籍及未經政黨推薦,1668,*
2018年直轄市長選舉,2018,臺北市,北投區,榮光里,臺北市,5,李錫錕,無黨籍及未經政黨推薦,19,
2018年直轄市長選舉,2018,臺北市,北投區,榮華里,臺北市,1,吳蕚洋,無黨籍及未經政黨推薦,12,
2018年直轄市長選舉,2018,臺北市,北投區,榮華里,臺北市,2,丁守中,中國國民黨,1743,
2018年直轄市長選舉,2018,臺北市,北投區,榮華里,臺北市,3,姚文智,民主進步黨,682,
2018年直轄市長選舉,2018,臺北市,北投區,榮華里,臺北市,4,柯文哲,無黨籍及未經政黨推薦,1708,*
2018年直轄市長選舉,2018,臺北市,北投區,榮華里,臺北市,5,李錫錕,無黨籍及未經政黨推薦,15,
2018年直轄市長選舉,2018,臺北市,北投區,裕民里,臺北市,1,吳蕚洋,無黨籍及未經政黨推薦,10,
2018年直轄市長選舉,2018,臺北市,北投區,裕民里,臺北市,2,丁守中,中國國民黨,1718,
2018年直轄市長選舉,2018,臺北市,北投區,裕民里,臺北市,3,姚文智,民主進步黨,760,
2018年直轄市長選舉,2018,臺北市,北投區,裕民里,臺北市,4,柯文哲,無黨籍及未經政黨推薦,1725,*
2018年直轄市長選舉,2018,臺北市,北投區,裕民里,臺北市,5,李錫錕,無黨籍及未經政黨推薦,10,
2018年直轄市長選舉,2018,臺北市,北投區,振華里,臺北市,1,吳蕚洋,無黨籍及未經政黨推薦,11,
2018年直轄市長選舉,2018,臺北市,北投區,振華里,臺北市,2,丁守中,中國國民黨,1755,
2018年直轄市長選舉,2018,臺北市,北投區,振華里,臺北市,3,姚文智,民主進步黨,761,
2018年直轄市長選舉,2018,臺北市,北投區,振華里,臺北市,4,柯文哲,無黨籍及未經政黨推薦,1674,*
2018年直轄市長選舉,2018,臺北市,北投區,振華里,臺北市,5,李錫錕,無黨籍及未經政黨推薦,19,
2018年直轄市長選舉,2018,臺北市,北投區,永和里,臺北市,1,吳蕚洋,無黨籍及未經政黨推薦,17,
2018年直轄市長選舉,2018,臺北市,北投區,永和里,臺北市,2,丁守中,中國國民黨,2018,
2018年直轄市長選舉,2018,臺北市,北投區,永和里,臺北市,3,姚文智,民主進步黨,956,
2018年直轄市長選舉,2018,臺北市,北投區,永和里,臺北市,4,柯文哲,無黨籍及未經政黨推薦,2008,*
2018年直轄市長選舉,2018,臺北市,北投區,永和里,臺北市,5,李錫錕,無黨籍及未經政黨推薦,24,
2018年直轄市長選舉,2018,臺北市,北投區,永欣里,臺北市,1,吳蕚洋,無黨籍及未經政黨推薦,8,
2018年直轄市長選舉,2018,臺北市,北投區,永欣里,臺北市,2,丁守中,中國國民黨,1830,
2018年直轄市長選舉,2018,臺北市,北投區,永欣里,臺北市,3,姚文智,民主進步黨,637,
2018年直轄市長選舉,2018,臺北市,北投區,永欣里,臺北市,4,柯文哲,無黨籍及未經政黨推薦,1655,*
2018年直轄市長選舉,2018,臺北市,北投區,永欣里,臺北市,5,李錫錕,無黨籍及未經政黨推薦,14,
2018年直轄市長選舉,2018,臺北市,北投區,永明里,臺北市,1,吳蕚洋,無黨籍及未經政黨推薦,9,
2018年直轄市長選舉,2018,臺北市,北投區,永明里,臺北市,2,丁守中,中國國民黨,1132,
2018年直轄市長選舉,2018,臺北市,北投區,永明里,臺北市,3,姚文智,民主進步黨,443,
2018年直轄市長選舉,2018,臺北市,北投區,永明里,臺北市,4,柯文哲,無黨籍及未經政黨推薦,1159,*
2018年直轄市長選舉,2018,臺北市,北投區,永明里,臺北市,5,李錫錕,無黨籍及未經政黨推薦,14,
2018年直轄市長選舉,2018,臺北市,北投區,東華里,臺北市,1,吳蕚洋,無黨籍及未經政黨推薦,17,
2018年直轄市長選舉,2018,臺北市,北投區,東華里,臺北市,2,丁守中,中國國民黨,1151,
2018年直轄市長選舉,2018,臺北市,北投區,東華里,臺北市,3,姚文智,民主進步黨,409,
2018年直轄市長選舉,2018,臺北市,北投區,東華里,臺北市,4,柯文哲,無黨籍及未經政黨推薦,1054,*
2018年直轄市長選舉,2018,臺北市,北投區,東華里,臺北市,5,李錫錕,無黨籍及未經政黨推薦,9,
2018年直轄市長選舉,2018,臺北市,北投區,吉利里,臺北市,1,吳蕚洋,無黨籍及未經政黨推薦,13,
2018年直轄市長選舉,2018,臺北市,北投區,吉利里,臺北市,2,丁守中,中國國民黨,1652,
2018年直轄市長選舉,2018,臺北市,北投區,吉利里,臺北市,3,姚文智,民主進步黨,518,
2018年直轄市長選舉,2018,臺北市,北投區,吉利里,臺北市,4,柯文哲,無黨籍及未經政黨推薦,1600,*
2018年直轄市長選舉,2018,臺北市,北投區,吉利里,臺北市,5,李錫錕,無黨籍及未經政黨推薦,17,
2018年直轄市長選舉,2018,臺北市,北投區,吉慶里,臺北市,1,吳蕚洋,無黨籍及未經政黨推薦,8,
2018年直轄市長選舉,2018,臺北市,北投區,吉慶里,臺北市,2,丁守中,中國國民黨,962,
2018年直轄市長選舉,2018,臺北市,北投區,吉慶里,臺北市,3,姚文智,民主進步黨,563,
2018年直轄市長選舉,2018,臺北市,北投區,吉慶里,臺北市,4,柯文哲,無黨籍及未經政黨推薦,1251,*
2018年直轄市長選舉,2018,臺北市,北投區,吉慶里,臺北市,5,李錫錕,無黨籍及未經政黨推薦,12,
2018年直轄市長選舉,2018,臺北市,北投區,尊賢里,臺北市,1,吳蕚洋,無黨籍及未經政黨推薦,7,
2018年直轄市長選舉,2018,臺北市,北投區,尊賢里,臺北市,2,丁守中,中國國民黨,902,
2018年直轄市長選舉,2018,臺北市,北投區,尊賢里,臺北市,3,姚文智,民主進步黨,556,
2018年直轄市長選舉,2018,臺北市,北投區,尊賢里,臺北市,4,柯文哲,無黨籍及未經政黨推薦,1086,*
2018年直轄市長選舉,2018,臺北市,北投區,尊賢里,臺北市,5,李錫錕,無黨籍及未經政黨推薦,6,
2018年直轄市長選舉,2018,臺北市,北投區,立賢里,臺北市,1,吳蕚洋,無黨籍及未經政黨推薦,8,
2018年直轄市長選舉,2018,臺北市,北投區,立賢里,臺北市,2,丁守中,中國國民黨,1030,
2018年直轄市長選舉,2018,臺北市,北投區,立賢里,臺北市,3,姚文智,民主進步黨,523,
2018年直轄市長選舉,2018,臺北市,北投區,立賢里,臺北市,4,柯文哲,無黨籍及未經政黨推薦,1325,*
2018年直轄市長選舉,2018,臺北市,北投區,立賢里,臺北市,5,李錫錕,無黨籍及未經政黨推薦,12,
2018年直轄市長選舉,2018,臺北市,北投區,立農里,臺北市,1,吳蕚洋,無黨籍及未經政黨推薦,16,
2018年直轄市長選舉,2018,臺北市,北投區,立農里,臺北市,2,丁守中,中國國民黨,1762,
2018年直轄市長選舉,2018,臺北市,北投區,立農里,臺北市,3,姚文智,民主進步黨,868,
2018年直轄市長選舉,2018,臺北市,北投區,立農里,臺北市,4,柯文哲,無黨籍及未經政黨推薦,2110,*
2018年直轄市長選舉,2018,臺北市,北投區,立農里,臺北市,5,李錫錕,無黨籍及未經政黨推薦,20,
2018年直轄市長選舉,2018,臺北市,北投區,八仙里,臺北市,1,吳蕚洋,無黨籍及未經政黨推薦,8,
2018年直轄市長選舉,2018,臺北市,北投區,八仙里,臺北市,2,丁守中,中國國民黨,1122,
2018年直轄市長選舉,2018,臺北市,北投區,八仙里,臺北市,3,姚文智,民主進步黨,616,
2018年直轄市長選舉,2018,臺北市,北投區,八仙里,臺北市,4,柯文哲,無黨籍及未經政黨推薦,1306,*
2018年直轄市長選舉,2018,臺北市,北投區,八仙里,臺北市,5,李錫錕,無黨籍及未經政黨推薦,13,
2018年直轄市長選舉,2018,臺北市,北投區,洲美里,臺北市,1,吳蕚洋,無黨籍及未經政黨推薦,8,
2018年直轄市長選舉,2018,臺北市,北投區,洲美里,臺北市,2,丁守中,中國國民黨,345,
2018年直轄市長選舉,2018,臺北市,北投區,洲美里,臺北市,3,姚文智,民主進步黨,359,
2018年直轄市長選舉,2018,臺北市,北投區,洲美里,臺北市,4,柯文哲,無黨籍及未經政黨推薦,507,*
2018年直轄市長選舉,2018,臺北市,北投區,洲美里,臺北市,5,李錫錕,無黨籍及未經政黨推薦,7,
2018年直轄市長選舉,2018,臺北市,北投區,奇岩里,臺北市,1,吳蕚洋,無黨籍及未經政黨推薦,35,
2018年直轄市長選舉,2018,臺北市,北投區,奇岩里,臺北市,2,丁守中,中國國民黨,2207,
2018年直轄市長選舉,2018,臺北市,北投區,奇岩里,臺北市,3,姚文智,民主進步黨,1048,
2018年直轄市長選舉,2018,臺北市,北投區,奇岩里,臺北市,4,柯文哲,無黨籍及未經政黨推薦,2269,*
2018年直轄市長選舉,2018,臺北市,北投區,奇岩里,臺北市,5,李錫錕,無黨籍及未經政黨推薦,18,
2018年直轄市長選舉,2018,臺北市,北投區,清江里,臺北市,1,吳蕚洋,無黨籍及未經政黨推薦,23,
2018年直轄市長選舉,2018,臺北市,北投區,清江里,臺北市,2,丁守中,中國國民黨,1811,
2018年直轄市長選舉,2018,臺北市,北投區,清江里,臺北市,3,姚文智,民主進步黨,949,
2018年直轄市長選舉,2018,臺北市,北投區,清江里,臺北市,4,柯文哲,無黨籍及未經政黨推薦,1979,*
2018年直轄市長選舉,2018,臺北市,北投區,清江里,臺北市,5,李錫錕,無黨籍及未經政黨推薦,24,
2018年直轄市長選舉,2018,臺北市,北投區,中央里,臺北市,1,吳蕚洋,無黨籍及未經政黨推薦,17,
2018年直轄市長選舉,2018,臺北市,北投區,中央里,臺北市,2,丁守中,中國國民黨,1632,
2018年直轄市長選舉,2018,臺北市,北投區,中央里,臺北市,3,姚文智,民主進步黨,957,
2018年直轄市長選舉,2018,臺北市,北投區,中央里,臺北市,4,柯文哲,無黨籍及未經政黨推薦,1985,*
2018年直轄市長選舉,2018,臺北市,北投區,中央里,臺北市,5,李錫錕,無黨籍及未經政黨推薦,11,
2018年直轄市長選舉,2018,臺北市,北投區,長安里,臺北市,1,吳蕚洋,無黨籍及未經政黨推薦,10,
2018年直轄市長選舉,2018,臺北市,北投區,長安里,臺北市,2,丁守中,中國國民黨,1184,
2018年直轄市長選舉,2018,臺北市,北投區,長安里,臺北市,3,姚文智,民主進步黨,597,
2018年直轄市長選舉,2018,臺北市,北投區,長安里,臺北市,4,柯文哲,無黨籍及未經政黨推薦,1406,*
2018年直轄市長選舉,2018,臺北市,北投區,長安里,臺北市,5,李錫錕,無黨籍及未經政黨推薦,14,
2018年直轄市長選舉,2018,臺北市,北投區,大同里,臺北市,1,吳蕚洋,無黨籍及未經政黨推薦,11,
2018年直轄市長選舉,2018,臺北市,北投區,大同里,臺北市,2,丁守中,中國國民黨,1048,
2018年直轄市長選舉,2018,臺北市,北投區,大同里,臺北市,3,姚文智,民主進步黨,645,
2018年直轄市長選舉,2018,臺北市,北投區,大同里,臺北市,4,柯文哲,無黨籍及未經政黨推薦,1419,*
2018年直轄市長選舉,2018,臺北市,北投區,大同里,臺北市,5,李錫錕,無黨籍及未經政黨推薦,11,
2018年直轄市長選舉,2018,臺北市,北投區,溫泉里,臺北市,1,吳蕚洋,無黨籍及未經政黨推薦,17,
2018年直轄市長選舉,2018,臺北市,北投區,溫泉里,臺北市,2,丁守中,中國國民黨,1428,
2018年直轄市長選舉,2018,臺北市,北投區,溫泉里,臺北市,3,姚文智,民主進步黨,713,
2018年直轄市長選舉,2018,臺北市,北投區,溫泉里,臺北市,4,柯文哲,無黨籍及未經政黨推薦,1600,*
2018年直轄市長選舉,2018,臺北市,北投區,溫泉里,臺北市,5,李錫錕,無黨籍及未經政黨推薦,17,
2018年直轄市長選舉,2018,臺北市,北投區,林泉里,臺北市,1,吳蕚洋,無黨籍及未經政黨推薦,8,
2018年直轄市長選舉,2018,臺北市,北投區,林泉里,臺北市,2,丁守中,中國國民黨,680,
2018年直轄市長選舉,2018,臺北市,北投區,林泉里,臺北市,3,姚文智,民主進步黨,260,
2018年直轄市長選舉,2018,臺北市,北投區,林泉里,臺北市,4,柯文哲,無黨籍及未經政黨推薦,685,*
2018年直轄市長選舉,2018,臺北市,北投區,林泉里,臺北市,5,李錫錕,無黨籍及未經政黨推薦,9,
2018年直轄市長選舉,2018,臺北市,北投區,中心里,臺北市,1,吳蕚洋,無黨籍及未經政黨推薦,14,
2018年直轄市長選舉,2018,臺北市,北投區,中心里,臺北市,2,丁守中,中國國民黨,1369,
2018年直轄市長選舉,2018,臺北市,北投區,中心里,臺北市,3,姚文智,民主進步黨,614,
2018年直轄市長選舉,2018,臺北市,北投區,中心里,臺北市,4,柯文哲,無黨籍及未經政黨推薦,1510,*
2018年直轄市長選舉,2018,臺北市,北投區,中心里,臺北市,5,李錫錕,無黨籍及未經政黨推薦,12,
2018年直轄市長選舉,2018,臺北市,北投區,中庸里,臺北市,1,吳蕚洋,無黨籍及未經政黨推薦,3,
2018年直轄市長選舉,2018,臺北市,北投區,中庸里,臺北市,2,丁守中,中國國民黨,891,
2018年直轄市長選舉,2018,臺北市,北投區,中庸里,臺北市,3,姚文智,民主進步黨,500,
2018年直轄市長選舉,2018,臺北市,北投區,中庸里,臺北市,4,柯文哲,無黨籍及未經政黨推薦,1075,*
2018年直轄市長選舉,2018,臺北市,北投區,中庸里,臺北市,5,李錫錕,無黨籍及未經政黨推薦,13,
2018年直轄市長選舉,2018,臺北市,北投區,開明里,臺北市,1,吳蕚洋,無黨籍及未經政黨推薦,15,
2018年直轄市長選舉,2018,臺北市,北投區,開明里,臺北市,2,丁守中,中國國民黨,1631,
2018年直轄市長選舉,2018,臺北市,北投區,開明里,臺北市,3,姚文智,民主進步黨,644,
2018年直轄市長選舉,2018,臺北市,北投區,開明里,臺北市,4,柯文哲,無黨籍及未經政黨推薦,1488,*
2018年直轄市長選舉,2018,臺北市,北投區,開明里,臺北市,5,李錫錕,無黨籍及未經政黨推薦,14,
2018年直轄市長選舉,2018,臺北市,北投區,中和里,臺北市,1,吳蕚洋,無黨籍及未經政黨推薦,10,
2018年直轄市長選舉,2018,臺北市,北投區,中和里,臺北市,2,丁守中,中國國民黨,1174,
2018年直轄市長選舉,2018,臺北市,北投區,中和里,臺北市,3,姚文智,民主進步黨,461,
2018年直轄市長選舉,2018,臺北市,北投區,中和里,臺北市,4,柯文哲,無黨籍及未經政黨推薦,1100,*
2018年直轄市長選舉,2018,臺北市,北投區,中和里,臺北市,5,李錫錕,無黨籍及未經政黨推薦,12,
2018年直轄市長選舉,2018,臺北市,北投區,智仁里,臺北市,1,吳蕚洋,無黨籍及未經政黨推薦,19,
2018年直轄市長選舉,2018,臺北市,北投區,智仁里,臺北市,2,丁守中,中國國民黨,1320,
2018年直轄市長選舉,2018,臺北市,北投區,智仁里,臺北市,3,姚文智,民主進步黨,486,
2018年直轄市長選舉,2018,臺北市,北投區,智仁里,臺北市,4,柯文哲,無黨籍及未經政黨推薦,1350,*
2018年直轄市長選舉,2018,臺北市,北投區,智仁里,臺北市,5,李錫錕,無黨籍及未經政黨推薦,16,
2018年直轄市長選舉,2018,臺北市,北投區,秀山里,臺北市,1,吳蕚洋,無黨籍及未經政黨推薦,7,
2018年直轄市長選舉,2018,臺北市,北投區,秀山里,臺北市,2,丁守中,中國國民黨,854,
2018年直轄市長選舉,2018,臺北市,北投區,秀山里,臺北市,3,姚文智,民主進步黨,337,
2018年直轄市長選舉,2018,臺北市,北投區,秀山里,臺北市,4,柯文哲,無黨籍及未經政黨推薦,676,*
2018年直轄市長選舉,2018,臺北市,北投區,秀山里,臺北市,5,李錫錕,無黨籍及未經政黨推薦,10,
2018年直轄市長選舉,2018,臺北市,北投區,文化里,臺北市,1,吳蕚洋,無黨籍及未經政黨推薦,10,
2018年直轄市長選舉,2018,臺北市,北投區,文化里,臺北市,2,丁守中,中國國民黨,1301,
2018年直轄市長選舉,2018,臺北市,北投區,文化里,臺北市,3,姚文智,民主進步黨,228,
2018年直轄市長選舉,2018,臺北市,北投區,文化里,臺北市,4,柯文哲,無黨籍及未經政黨推薦,901,*
2018年直轄市長選舉,2018,臺北市,北投區,文化里,臺北市,5,李錫錕,無黨籍及未經政黨推薦,11,
2018年直轄市長選舉,2018,臺北市,北投區,豐年里,臺北市,1,吳蕚洋,無黨籍及未經政黨推薦,12,
2018年直轄市長選舉,2018,臺北市,北投區,豐年里,臺北市,2,丁守中,中國國民黨,1020,
2018年直轄市長選舉,2018,臺北市,北投區,豐年里,臺北市,3,姚文智,民主進步黨,412,
2018年直轄市長選舉,2018,臺北市,北投區,豐年里,臺北市,4,柯文哲,無黨籍及未經政黨推薦,1169,*
2018年直轄市長選舉,2018,臺北市,北投區,豐年里,臺北市,5,李錫錕,無黨籍及未經政黨推薦,13,
2018年直轄市長選舉,2018,臺北市,北投區,稻香里,臺北市,1,吳蕚洋,無黨籍及未經政黨推薦,8,
2018年直轄市長選舉,2018,臺北市,北投區,稻香里,臺北市,2,丁守中,中國國民黨,1366,
2018年直轄市長選舉,2018,臺北市,北投區,稻香里,臺北市,3,姚文智,民主進步黨,465,
2018年直轄市長選舉,2018,臺北市,北投區,稻香里,臺北市,4,柯文哲,無黨籍及未經政黨推薦,1145,*
2018年直轄市長選舉,2018,臺北市,北投區,稻香里,臺北市,5,李錫錕,無黨籍及未經政黨推薦,16,
2018年直轄市長選舉,2018,臺北市,北投區,桃源里,臺北市,1,吳蕚洋,無黨籍及未經政黨推薦,18,
2018年直轄市長選舉,2018,臺北市,北投區,桃源里,臺北市,2,丁守中,中國國民黨,1246,
2018年直轄市長選舉,2018,臺北市,北投區,桃源里,臺北市,3,姚文智,民主進步黨,691,
2018年直轄市長選舉,2018,臺北市,北投區,桃源里,臺北市,4,柯文哲,無黨籍及未經政黨推薦,1528,*
2018年直轄市長選舉,2018,臺北市,北投區,桃源里,臺北市,5,李錫錕,無黨籍及未經政黨推薦,18,
2018年直轄市長選舉,2018,臺北市,北投區,一德里,臺北市,1,吳蕚洋,無黨籍及未經政黨推薦,24,
2018年直轄市長選舉,2018,臺北市,北投區,一德里,臺北市,2,丁守中,中國國民黨,1403,
2018年直轄市長選舉,2018,臺北市,北投區,一德里,臺北市,3,姚文智,民主進步黨,785,
2018年直轄市長選舉,2018,臺北市,北投區,一德里,臺北市,4,柯文哲,無黨籍及未經政黨推薦,1767,*
2018年直轄市長選舉,2018,臺北市,北投區,一德里,臺北市,5,李錫錕,無黨籍及未經政黨推薦,18,
2018年直轄市長選舉,2018,臺北市,北投區,關渡里,臺北市,1,吳蕚洋,無黨籍及未經政黨推薦,21,
2018年直轄市長選舉,2018,臺北市,北投區,關渡里,臺北市,2,丁守中,中國國民黨,2446,
2018年直轄市長選舉,2018,臺北市,北投區,關渡里,臺北市,3,姚文智,民主進步黨,1114,
2018年直轄市長選舉,2018,臺北市,北投區,關渡里,臺北市,4,柯文哲,無黨籍及未經政黨推薦,2695,*
2018年直轄市長選舉,2018,臺北市,北投區,關渡里,臺北市,5,李錫錕,無黨籍及未經政黨推薦,28,
2018年直轄市長選舉,2018,臺北市,北投區,泉源里,臺北市,1,吳蕚洋,無黨籍及未經政黨推薦,7,
2018年直轄市長選舉,2018,臺北市,北投區,泉源里,臺北市,2,丁守中,中國國民黨,504,
2018年直轄市長選舉,2018,臺北市,北投區,泉源里,臺北市,3,姚文智,民主進步黨,296,
2018年直轄市長選舉,2018,臺北市,北投區,泉源里,臺北市,4,柯文哲,無黨籍及未經政黨推薦,533,*
2018年直轄市長選舉,2018,臺北市,北投區,泉源里,臺北市,5,李錫錕,無黨籍及未經政黨推薦,8,
2018年直轄市長選舉,2018,臺北市,北投區,湖山里,臺北市,1,吳蕚洋,無黨籍及未經政黨推薦,2,
2018年直轄市長選舉,2018,臺北市,北投區,湖山里,臺北市,2,丁守中,中國國民黨,388,
2018年直轄市長選舉,2018,臺北市,北投區,湖山里,臺北市,3,姚文智,民主進步黨,210,
2018年直轄市長選舉,2018,臺北市,北投區,湖山里,臺北市,4,柯文哲,無黨籍及未經政黨推薦,349,*
2018年直轄市長選舉,2018,臺北市,北投區,湖山里,臺北市,5,李錫錕,無黨籍及未經政黨推薦,5,
2018年直轄市長選舉,2018,臺北市,北投區,大屯里,臺北市,1,吳蕚洋,無黨籍及未經政黨推薦,1,
2018年直轄市長選舉,2018,臺北市,北投區,大屯里,臺北市,2,丁守中,中國國民黨,250,
2018年直轄市長選舉,2018,臺北市,北投區,大屯里,臺北市,3,姚文智,民主進步黨,183,
2018年直轄市長選舉,2018,臺北市,北投區,大屯里,臺北市,4,柯文哲,無黨籍及未經政黨推薦,306,*
2018年直轄市長選舉,2018,臺北市,北投區,大屯里,臺北市,5,李錫錕,無黨籍及未經政黨推薦,4,
2018年直轄市長選舉,2018,臺北市,北投區,湖田里,臺北市,1,吳蕚洋,無黨籍及未經政黨推薦,3,
2018年直轄市長選舉,2018,臺北市,北投區,湖田里,臺北市,2,丁守中,中國國民黨,223,
2018年直轄市長選舉,2018,臺北市,北投區,湖田里,臺北市,3,姚文智,民主進步黨,106,
2018年直轄市長選舉,2018,臺北市,北投區,湖田里,臺北市,4,柯文哲,無黨籍及未經政黨推薦,228,*
2018年直轄市長選舉,2018,臺北市,北投區,湖田里,臺北市,5,李錫錕,無黨籍及未經政黨推薦,6,
