選舉名稱,屆期,縣市,鄉鎮市區,村里,選區,號次,候選人,政黨,得票數,當選註記
2014年直轄市長選舉,2014,臺北市,松山區,莊敬里,臺北市,1,陳汝斌,三等國民公義人權自救黨,4,
2014年直轄市長選舉,2014,臺北市,松山區,莊敬里,臺北市,2,趙衍慶,無黨籍及未經政黨推薦,49,
2014年直轄市長選舉,2014,臺北市,松山區,莊敬里,臺北市,3,李宏信,無黨籍及未經政黨推薦,7,
2014年直轄市長選舉,2014,臺北市,松山區,莊敬里,臺北市,4,陳永昌,無黨籍及未經政黨推薦,5,
2014年直轄市長選舉,2014,臺北市,松山區,莊敬里,臺北市,5,馮光遠,無黨籍及未經政黨推薦,21,
2014年直轄市長選舉,2014,臺北市,松山區,莊敬里,臺北市,6,連勝文,中國國民黨,1448,
2014年直轄市長選舉,2014,臺北市,松山區,莊敬里,臺北市,7,柯文哲,無黨籍及未經政黨推薦,1719,*
2014年直轄市長選舉,2014,臺北市,松山區,東榮里,臺北市,1,陳汝斌,三等國民公義人權自救黨,1,
2014年直轄市長選舉,2014,臺北市,松山區,東榮里,臺北市,2,趙衍慶,無黨籍及未經政黨推薦,50,
2014年直轄市長選舉,2014,臺北市,松山區,東榮里,臺北市,3,李宏信,無黨籍及未經政黨推薦,10,
2014年直轄市長選舉,2014,臺北市,松山區,東榮里,臺北市,4,陳永昌,無黨籍及未經政黨推薦,2,
2014年直轄市長選舉,2014,臺北市,松山區,東榮里,臺北市,5,馮光遠,無黨籍及未經政黨推薦,29,
2014年直轄市長選舉,2014,臺北市,松山區,東榮里,臺北市,6,連勝文,中國國民黨,1903,
2014年直轄市長選舉,2014,臺北市,松山區,東榮里,臺北市,7,柯文哲,無黨籍及未經政黨推薦,2594,*
2014年直轄市長選舉,2014,臺北市,松山區,三民里,臺北市,1,陳汝斌,三等國民公義人權自救黨,2,
2014年直轄市長選舉,2014,臺北市,松山區,三民里,臺北市,2,趙衍慶,無黨籍及未經政黨推薦,37,
2014年直轄市長選舉,2014,臺北市,松山區,三民里,臺北市,3,李宏信,無黨籍及未經政黨推薦,6,
2014年直轄市長選舉,2014,臺北市,松山區,三民里,臺北市,4,陳永昌,無黨籍及未經政黨推薦,3,
2014年直轄市長選舉,2014,臺北市,松山區,三民里,臺北市,5,馮光遠,無黨籍及未經政黨推薦,15,
2014年直轄市長選舉,2014,臺北市,松山區,三民里,臺北市,6,連勝文,中國國民黨,1759,
2014年直轄市長選舉,2014,臺北市,松山區,三民里,臺北市,7,柯文哲,無黨籍及未經政黨推薦,2104,*
2014年直轄市長選舉,2014,臺北市,松山區,新益里,臺北市,1,陳汝斌,三等國民公義人權自救黨,3,
2014年直轄市長選舉,2014,臺北市,松山區,新益里,臺北市,2,趙衍慶,無黨籍及未經政黨推薦,30,
2014年直轄市長選舉,2014,臺北市,松山區,新益里,臺北市,3,李宏信,無黨籍及未經政黨推薦,7,
2014年直轄市長選舉,2014,臺北市,松山區,新益里,臺北市,4,陳永昌,無黨籍及未經政黨推薦,2,
2014年直轄市長選舉,2014,臺北市,松山區,新益里,臺北市,5,馮光遠,無黨籍及未經政黨推薦,17,
2014年直轄市長選舉,2014,臺北市,松山區,新益里,臺北市,6,連勝文,中國國民黨,1193,
2014年直轄市長選舉,2014,臺北市,松山區,新益里,臺北市,7,柯文哲,無黨籍及未經政黨推薦,1748,*
2014年直轄市長選舉,2014,臺北市,松山區,富錦里,臺北市,1,陳汝斌,三等國民公義人權自救黨,2,
2014年直轄市長選舉,2014,臺北市,松山區,富錦里,臺北市,2,趙衍慶,無黨籍及未經政黨推薦,32,
2014年直轄市長選舉,2014,臺北市,松山區,富錦里,臺北市,3,李宏信,無黨籍及未經政黨推薦,4,
2014年直轄市長選舉,2014,臺北市,松山區,富錦里,臺北市,4,陳永昌,無黨籍及未經政黨推薦,4,
2014年直轄市長選舉,2014,臺北市,松山區,富錦里,臺北市,5,馮光遠,無黨籍及未經政黨推薦,12,
2014年直轄市長選舉,2014,臺北市,松山區,富錦里,臺北市,6,連勝文,中國國民黨,1346,
2014年直轄市長選舉,2014,臺北市,松山區,富錦里,臺北市,7,柯文哲,無黨籍及未經政黨推薦,1615,*
2014年直轄市長選舉,2014,臺北市,松山區,新東里,臺北市,1,陳汝斌,三等國民公義人權自救黨,1,
2014年直轄市長選舉,2014,臺北市,松山區,新東里,臺北市,2,趙衍慶,無黨籍及未經政黨推薦,40,
2014年直轄市長選舉,2014,臺北市,松山區,新東里,臺北市,3,李宏信,無黨籍及未經政黨推薦,8,
2014年直轄市長選舉,2014,臺北市,松山區,新東里,臺北市,4,陳永昌,無黨籍及未經政黨推薦,1,
2014年直轄市長選舉,2014,臺北市,松山區,新東里,臺北市,5,馮光遠,無黨籍及未經政黨推薦,15,
2014年直轄市長選舉,2014,臺北市,松山區,新東里,臺北市,6,連勝文,中國國民黨,1174,
2014年直轄市長選舉,2014,臺北市,松山區,新東里,臺北市,7,柯文哲,無黨籍及未經政黨推薦,1653,*
2014年直轄市長選舉,2014,臺北市,松山區,富泰里,臺北市,1,陳汝斌,三等國民公義人權自救黨,0,
2014年直轄市長選舉,2014,臺北市,松山區,富泰里,臺北市,2,趙衍慶,無黨籍及未經政黨推薦,28,
2014年直轄市長選舉,2014,臺北市,松山區,富泰里,臺北市,3,李宏信,無黨籍及未經政黨推薦,2,
2014年直轄市長選舉,2014,臺北市,松山區,富泰里,臺北市,4,陳永昌,無黨籍及未經政黨推薦,5,
2014年直轄市長選舉,2014,臺北市,松山區,富泰里,臺北市,5,馮光遠,無黨籍及未經政黨推薦,12,
2014年直轄市長選舉,2014,臺北市,松山區,富泰里,臺北市,6,連勝文,中國國民黨,1342,
2014年直轄市長選舉,2014,臺北市,松山區,富泰里,臺北市,7,柯文哲,無黨籍及未經政黨推薦,1326,*
2014年直轄市長選舉,2014,臺北市,松山區,介壽里,臺北市,1,陳汝斌,三等國民公義人權自救黨,2,
2014年直轄市長選舉,2014,臺北市,松山區,介壽里,臺北市,2,趙衍慶,無黨籍及未經政黨推薦,34,
2014年直轄市長選舉,2014,臺北市,松山區,介壽里,臺北市,3,李宏信,無黨籍及未經政黨推薦,5,
2014年直轄市長選舉,2014,臺北市,松山區,介壽里,臺北市,4,陳永昌,無黨籍及未經政黨推薦,2,
2014年直轄市長選舉,2014,臺北市,松山區,介壽里,臺北市,5,馮光遠,無黨籍及未經政黨推薦,17,
2014年直轄市長選舉,2014,臺北市,松山區,介壽里,臺北市,6,連勝文,中國國民黨,1026,
2014年直轄市長選舉,2014,臺北市,松山區,介壽里,臺北市,7,柯文哲,無黨籍及未經政黨推薦,1537,*
2014年直轄市長選舉,2014,臺北市,松山區,精忠里,臺北市,1,陳汝斌,三等國民公義人權自救黨,1,
2014年直轄市長選舉,2014,臺北市,松山區,精忠里,臺北市,2,趙衍慶,無黨籍及未經政黨推薦,34,
2014年直轄市長選舉,2014,臺北市,松山區,精忠里,臺北市,3,李宏信,無黨籍及未經政黨推薦,5,
2014年直轄市長選舉,2014,臺北市,松山區,精忠里,臺北市,4,陳永昌,無黨籍及未經政黨推薦,4,
2014年直轄市長選舉,2014,臺北市,松山區,精忠里,臺北市,5,馮光遠,無黨籍及未經政黨推薦,22,
2014年直轄市長選舉,2014,臺北市,松山區,精忠里,臺北市,6,連勝文,中國國民黨,1095,
2014年直轄市長選舉,2014,臺北市,松山區,精忠里,臺北市,7,柯文哲,無黨籍及未經政黨推薦,1274,*
2014年直轄市長選舉,2014,臺北市,松山區,東光里,臺北市,1,陳汝斌,三等國民公義人權自救黨,7,
2014年直轄市長選舉,2014,臺北市,松山區,東光里,臺北市,2,趙衍慶,無黨籍及未經政黨推薦,41,
2014年直轄市長選舉,2014,臺北市,松山區,東光里,臺北市,3,李宏信,無黨籍及未經政黨推薦,5,
2014年直轄市長選舉,2014,臺北市,松山區,東光里,臺北市,4,陳永昌,無黨籍及未經政黨推薦,4,
2014年直轄市長選舉,2014,臺北市,松山區,東光里,臺北市,5,馮光遠,無黨籍及未經政黨推薦,26,
2014年直轄市長選舉,2014,臺北市,松山區,東光里,臺北市,6,連勝文,中國國民黨,1966,
2014年直轄市長選舉,2014,臺北市,松山區,東光里,臺北市,7,柯文哲,無黨籍及未經政黨推薦,2257,*
2014年直轄市長選舉,2014,臺北市,松山區,龍田里,臺北市,1,陳汝斌,三等國民公義人權自救黨,6,
2014年直轄市長選舉,2014,臺北市,松山區,龍田里,臺北市,2,趙衍慶,無黨籍及未經政黨推薦,91,
2014年直轄市長選舉,2014,臺北市,松山區,龍田里,臺北市,3,李宏信,無黨籍及未經政黨推薦,12,
2014年直轄市長選舉,2014,臺北市,松山區,龍田里,臺北市,4,陳永昌,無黨籍及未經政黨推薦,9,
2014年直轄市長選舉,2014,臺北市,松山區,龍田里,臺北市,5,馮光遠,無黨籍及未經政黨推薦,30,
2014年直轄市長選舉,2014,臺北市,松山區,龍田里,臺北市,6,連勝文,中國國民黨,3169,
2014年直轄市長選舉,2014,臺北市,松山區,龍田里,臺北市,7,柯文哲,無黨籍及未經政黨推薦,2355,*
2014年直轄市長選舉,2014,臺北市,松山區,東昌里,臺北市,1,陳汝斌,三等國民公義人權自救黨,1,
2014年直轄市長選舉,2014,臺北市,松山區,東昌里,臺北市,2,趙衍慶,無黨籍及未經政黨推薦,15,
2014年直轄市長選舉,2014,臺北市,松山區,東昌里,臺北市,3,李宏信,無黨籍及未經政黨推薦,2,
2014年直轄市長選舉,2014,臺北市,松山區,東昌里,臺北市,4,陳永昌,無黨籍及未經政黨推薦,1,
2014年直轄市長選舉,2014,臺北市,松山區,東昌里,臺北市,5,馮光遠,無黨籍及未經政黨推薦,7,
2014年直轄市長選舉,2014,臺北市,松山區,東昌里,臺北市,6,連勝文,中國國民黨,583,
2014年直轄市長選舉,2014,臺北市,松山區,東昌里,臺北市,7,柯文哲,無黨籍及未經政黨推薦,930,*
2014年直轄市長選舉,2014,臺北市,松山區,東勢里,臺北市,1,陳汝斌,三等國民公義人權自救黨,3,
2014年直轄市長選舉,2014,臺北市,松山區,東勢里,臺北市,2,趙衍慶,無黨籍及未經政黨推薦,29,
2014年直轄市長選舉,2014,臺北市,松山區,東勢里,臺北市,3,李宏信,無黨籍及未經政黨推薦,6,
2014年直轄市長選舉,2014,臺北市,松山區,東勢里,臺北市,4,陳永昌,無黨籍及未經政黨推薦,7,
2014年直轄市長選舉,2014,臺北市,松山區,東勢里,臺北市,5,馮光遠,無黨籍及未經政黨推薦,21,
2014年直轄市長選舉,2014,臺北市,松山區,東勢里,臺北市,6,連勝文,中國國民黨,1016,
2014年直轄市長選舉,2014,臺北市,松山區,東勢里,臺北市,7,柯文哲,無黨籍及未經政黨推薦,1494,*
2014年直轄市長選舉,2014,臺北市,松山區,中華里,臺北市,1,陳汝斌,三等國民公義人權自救黨,3,
2014年直轄市長選舉,2014,臺北市,松山區,中華里,臺北市,2,趙衍慶,無黨籍及未經政黨推薦,28,
2014年直轄市長選舉,2014,臺北市,松山區,中華里,臺北市,3,李宏信,無黨籍及未經政黨推薦,4,
2014年直轄市長選舉,2014,臺北市,松山區,中華里,臺北市,4,陳永昌,無黨籍及未經政黨推薦,5,
2014年直轄市長選舉,2014,臺北市,松山區,中華里,臺北市,5,馮光遠,無黨籍及未經政黨推薦,24,
2014年直轄市長選舉,2014,臺北市,松山區,中華里,臺北市,6,連勝文,中國國民黨,1595,
2014年直轄市長選舉,2014,臺北市,松山區,中華里,臺北市,7,柯文哲,無黨籍及未經政黨推薦,1946,*
2014年直轄市長選舉,2014,臺北市,松山區,民有里,臺北市,1,陳汝斌,三等國民公義人權自救黨,4,
2014年直轄市長選舉,2014,臺北市,松山區,民有里,臺北市,2,趙衍慶,無黨籍及未經政黨推薦,37,
2014年直轄市長選舉,2014,臺北市,松山區,民有里,臺北市,3,李宏信,無黨籍及未經政黨推薦,9,
2014年直轄市長選舉,2014,臺北市,松山區,民有里,臺北市,4,陳永昌,無黨籍及未經政黨推薦,4,
2014年直轄市長選舉,2014,臺北市,松山區,民有里,臺北市,5,馮光遠,無黨籍及未經政黨推薦,30,
2014年直轄市長選舉,2014,臺北市,松山區,民有里,臺北市,6,連勝文,中國國民黨,2044,
2014年直轄市長選舉,2014,臺北市,松山區,民有里,臺北市,7,柯文哲,無黨籍及未經政黨推薦,2978,*
2014年直轄市長選舉,2014,臺北市,松山區,民福里,臺北市,1,陳汝斌,三等國民公義人權自救黨,3,
2014年直轄市長選舉,2014,臺北市,松山區,民福里,臺北市,2,趙衍慶,無黨籍及未經政黨推薦,48,
2014年直轄市長選舉,2014,臺北市,松山區,民福里,臺北市,3,李宏信,無黨籍及未經政黨推薦,9,
2014年直轄市長選舉,2014,臺北市,松山區,民福里,臺北市,4,陳永昌,無黨籍及未經政黨推薦,8,
2014年直轄市長選舉,2014,臺北市,松山區,民福里,臺北市,5,馮光遠,無黨籍及未經政黨推薦,19,
2014年直轄市長選舉,2014,臺北市,松山區,民福里,臺北市,6,連勝文,中國國民黨,1865,
2014年直轄市長選舉,2014,臺北市,松山區,民福里,臺北市,7,柯文哲,無黨籍及未經政黨推薦,1940,*
2014年直轄市長選舉,2014,臺北市,松山區,慈祐里,臺北市,1,陳汝斌,三等國民公義人權自救黨,5,
2014年直轄市長選舉,2014,臺北市,松山區,慈祐里,臺北市,2,趙衍慶,無黨籍及未經政黨推薦,36,
2014年直轄市長選舉,2014,臺北市,松山區,慈祐里,臺北市,3,李宏信,無黨籍及未經政黨推薦,7,
2014年直轄市長選舉,2014,臺北市,松山區,慈祐里,臺北市,4,陳永昌,無黨籍及未經政黨推薦,5,
2014年直轄市長選舉,2014,臺北市,松山區,慈祐里,臺北市,5,馮光遠,無黨籍及未經政黨推薦,12,
2014年直轄市長選舉,2014,臺北市,松山區,慈祐里,臺北市,6,連勝文,中國國民黨,1365,
2014年直轄市長選舉,2014,臺北市,松山區,慈祐里,臺北市,7,柯文哲,無黨籍及未經政黨推薦,2497,*
2014年直轄市長選舉,2014,臺北市,松山區,安平里,臺北市,1,陳汝斌,三等國民公義人權自救黨,9,
2014年直轄市長選舉,2014,臺北市,松山區,安平里,臺北市,2,趙衍慶,無黨籍及未經政黨推薦,48,
2014年直轄市長選舉,2014,臺北市,松山區,安平里,臺北市,3,李宏信,無黨籍及未經政黨推薦,8,
2014年直轄市長選舉,2014,臺北市,松山區,安平里,臺北市,4,陳永昌,無黨籍及未經政黨推薦,12,
2014年直轄市長選舉,2014,臺北市,松山區,安平里,臺北市,5,馮光遠,無黨籍及未經政黨推薦,53,
2014年直轄市長選舉,2014,臺北市,松山區,安平里,臺北市,6,連勝文,中國國民黨,1948,
2014年直轄市長選舉,2014,臺北市,松山區,安平里,臺北市,7,柯文哲,無黨籍及未經政黨推薦,3103,*
2014年直轄市長選舉,2014,臺北市,松山區,鵬程里,臺北市,1,陳汝斌,三等國民公義人權自救黨,1,
2014年直轄市長選舉,2014,臺北市,松山區,鵬程里,臺北市,2,趙衍慶,無黨籍及未經政黨推薦,52,
2014年直轄市長選舉,2014,臺北市,松山區,鵬程里,臺北市,3,李宏信,無黨籍及未經政黨推薦,9,
2014年直轄市長選舉,2014,臺北市,松山區,鵬程里,臺北市,4,陳永昌,無黨籍及未經政黨推薦,1,
2014年直轄市長選舉,2014,臺北市,松山區,鵬程里,臺北市,5,馮光遠,無黨籍及未經政黨推薦,17,
2014年直轄市長選舉,2014,臺北市,松山區,鵬程里,臺北市,6,連勝文,中國國民黨,1717,
2014年直轄市長選舉,2014,臺北市,松山區,鵬程里,臺北市,7,柯文哲,無黨籍及未經政黨推薦,1489,*
2014年直轄市長選舉,2014,臺北市,松山區,自強里,臺北市,1,陳汝斌,三等國民公義人權自救黨,5,
2014年直轄市長選舉,2014,臺北市,松山區,自強里,臺北市,2,趙衍慶,無黨籍及未經政黨推薦,102,
2014年直轄市長選舉,2014,臺北市,松山區,自強里,臺北市,3,李宏信,無黨籍及未經政黨推薦,10,
2014年直轄市長選舉,2014,臺北市,松山區,自強里,臺北市,4,陳永昌,無黨籍及未經政黨推薦,2,
2014年直轄市長選舉,2014,臺北市,松山區,自強里,臺北市,5,馮光遠,無黨籍及未經政黨推薦,46,
2014年直轄市長選舉,2014,臺北市,松山區,自強里,臺北市,6,連勝文,中國國民黨,3682,
2014年直轄市長選舉,2014,臺北市,松山區,自強里,臺北市,7,柯文哲,無黨籍及未經政黨推薦,1803,*
2014年直轄市長選舉,2014,臺北市,松山區,吉祥里,臺北市,1,陳汝斌,三等國民公義人權自救黨,3,
2014年直轄市長選舉,2014,臺北市,松山區,吉祥里,臺北市,2,趙衍慶,無黨籍及未經政黨推薦,47,
2014年直轄市長選舉,2014,臺北市,松山區,吉祥里,臺北市,3,李宏信,無黨籍及未經政黨推薦,7,
2014年直轄市長選舉,2014,臺北市,松山區,吉祥里,臺北市,4,陳永昌,無黨籍及未經政黨推薦,12,
2014年直轄市長選舉,2014,臺北市,松山區,吉祥里,臺北市,5,馮光遠,無黨籍及未經政黨推薦,24,
2014年直轄市長選舉,2014,臺北市,松山區,吉祥里,臺北市,6,連勝文,中國國民黨,2165,
2014年直轄市長選舉,2014,臺北市,松山區,吉祥里,臺北市,7,柯文哲,無黨籍及未經政黨推薦,2718,*
2014年直轄市長選舉,2014,臺北市,松山區,新聚里,臺北市,1,陳汝斌,三等國民公義人權自救黨,5,
2014年直轄市長選舉,2014,臺北市,松山區,新聚里,臺北市,2,趙衍慶,無黨籍及未經政黨推薦,42,
2014年直轄市長選舉,2014,臺北市,松山區,新聚里,臺北市,3,李宏信,無黨籍及未經政黨推薦,9,
2014年直轄市長選舉,2014,臺北市,松山區,新聚里,臺北市,4,陳永昌,無黨籍及未經政黨推薦,5,
2014年直轄市長選舉,2014,臺北市,松山區,新聚里,臺北市,5,馮光遠,無黨籍及未經政黨推薦,28,
2014年直轄市長選舉,2014,臺北市,松山區,新聚里,臺北市,6,連勝文,中國國民黨,1922,
2014年直轄市長選舉,2014,臺北市,松山區,新聚里,臺北市,7,柯文哲,無黨籍及未經政黨推薦,2848,*
2014年直轄市長選舉,2014,臺北市,松山區,復盛里,臺北市,1,陳汝斌,三等國民公義人權自救黨,5,
2014年直轄市長選舉,2014,臺北市,松山區,復盛里,臺北市,2,趙衍慶,無黨籍及未經政黨推薦,53,
2014年直轄市長選舉,2014,臺北市,松山區,復盛里,臺北市,3,李宏信,無黨籍及未經政黨推薦,6,
2014年直轄市長選舉,2014,臺北市,松山區,復盛里,臺北市,4,陳永昌,無黨籍及未經政黨推薦,5,
2014年直轄市長選舉,2014,臺北市,松山區,復盛里,臺北市,5,馮光遠,無黨籍及未經政黨推薦,23,
2014年直轄市長選舉,2014,臺北市,松山區,復盛里,臺北市,6,連勝文,中國國民黨,1834,
2014年直轄市長選舉,2014,臺北市,松山區,復盛里,臺北市,7,柯文哲,無黨籍及未經政黨推薦,2103,*
2014年直轄市長選舉,2014,臺北市,松山區,中正里,臺北市,1,陳汝斌,三等國民公義人權自救黨,5,
2014年直轄市長選舉,2014,臺北市,松山區,中正里,臺北市,2,趙衍慶,無黨籍及未經政黨推薦,45,
2014年直轄市長選舉,2014,臺北市,松山區,中正里,臺北市,3,李宏信,無黨籍及未經政黨推薦,7,
2014年直轄市長選舉,2014,臺北市,松山區,中正里,臺北市,4,陳永昌,無黨籍及未經政黨推薦,7,
2014年直轄市長選舉,2014,臺北市,松山區,中正里,臺北市,5,馮光遠,無黨籍及未經政黨推薦,35,
2014年直轄市長選舉,2014,臺北市,松山區,中正里,臺北市,6,連勝文,中國國民黨,1994,
2014年直轄市長選舉,2014,臺北市,松山區,中正里,臺北市,7,柯文哲,無黨籍及未經政黨推薦,3176,*
2014年直轄市長選舉,2014,臺北市,松山區,中崙里,臺北市,1,陳汝斌,三等國民公義人權自救黨,7,
2014年直轄市長選舉,2014,臺北市,松山區,中崙里,臺北市,2,趙衍慶,無黨籍及未經政黨推薦,20,
2014年直轄市長選舉,2014,臺北市,松山區,中崙里,臺北市,3,李宏信,無黨籍及未經政黨推薦,3,
2014年直轄市長選舉,2014,臺北市,松山區,中崙里,臺北市,4,陳永昌,無黨籍及未經政黨推薦,4,
2014年直轄市長選舉,2014,臺北市,松山區,中崙里,臺北市,5,馮光遠,無黨籍及未經政黨推薦,13,
2014年直轄市長選舉,2014,臺北市,松山區,中崙里,臺北市,6,連勝文,中國國民黨,1010,
2014年直轄市長選舉,2014,臺北市,松山區,中崙里,臺北市,7,柯文哲,無黨籍及未經政黨推薦,1299,*
2014年直轄市長選舉,2014,臺北市,松山區,美仁里,臺北市,1,陳汝斌,三等國民公義人權自救黨,2,
2014年直轄市長選舉,2014,臺北市,松山區,美仁里,臺北市,2,趙衍慶,無黨籍及未經政黨推薦,19,
2014年直轄市長選舉,2014,臺北市,松山區,美仁里,臺北市,3,李宏信,無黨籍及未經政黨推薦,1,
2014年直轄市長選舉,2014,臺北市,松山區,美仁里,臺北市,4,陳永昌,無黨籍及未經政黨推薦,0,
2014年直轄市長選舉,2014,臺北市,松山區,美仁里,臺北市,5,馮光遠,無黨籍及未經政黨推薦,9,
2014年直轄市長選舉,2014,臺北市,松山區,美仁里,臺北市,6,連勝文,中國國民黨,799,
2014年直轄市長選舉,2014,臺北市,松山區,美仁里,臺北市,7,柯文哲,無黨籍及未經政黨推薦,1181,*
2014年直轄市長選舉,2014,臺北市,松山區,吉仁里,臺北市,1,陳汝斌,三等國民公義人權自救黨,0,
2014年直轄市長選舉,2014,臺北市,松山區,吉仁里,臺北市,2,趙衍慶,無黨籍及未經政黨推薦,28,
2014年直轄市長選舉,2014,臺北市,松山區,吉仁里,臺北市,3,李宏信,無黨籍及未經政黨推薦,6,
2014年直轄市長選舉,2014,臺北市,松山區,吉仁里,臺北市,4,陳永昌,無黨籍及未經政黨推薦,3,
2014年直轄市長選舉,2014,臺北市,松山區,吉仁里,臺北市,5,馮光遠,無黨籍及未經政黨推薦,13,
2014年直轄市長選舉,2014,臺北市,松山區,吉仁里,臺北市,6,連勝文,中國國民黨,975,
2014年直轄市長選舉,2014,臺北市,松山區,吉仁里,臺北市,7,柯文哲,無黨籍及未經政黨推薦,1319,*
2014年直轄市長選舉,2014,臺北市,松山區,敦化里,臺北市,1,陳汝斌,三等國民公義人權自救黨,9,
2014年直轄市長選舉,2014,臺北市,松山區,敦化里,臺北市,2,趙衍慶,無黨籍及未經政黨推薦,34,
2014年直轄市長選舉,2014,臺北市,松山區,敦化里,臺北市,3,李宏信,無黨籍及未經政黨推薦,12,
2014年直轄市長選舉,2014,臺北市,松山區,敦化里,臺北市,4,陳永昌,無黨籍及未經政黨推薦,9,
2014年直轄市長選舉,2014,臺北市,松山區,敦化里,臺北市,5,馮光遠,無黨籍及未經政黨推薦,29,
2014年直轄市長選舉,2014,臺北市,松山區,敦化里,臺北市,6,連勝文,中國國民黨,1641,
2014年直轄市長選舉,2014,臺北市,松山區,敦化里,臺北市,7,柯文哲,無黨籍及未經政黨推薦,2404,*
2014年直轄市長選舉,2014,臺北市,松山區,復源里,臺北市,1,陳汝斌,三等國民公義人權自救黨,1,
2014年直轄市長選舉,2014,臺北市,松山區,復源里,臺北市,2,趙衍慶,無黨籍及未經政黨推薦,24,
2014年直轄市長選舉,2014,臺北市,松山區,復源里,臺北市,3,李宏信,無黨籍及未經政黨推薦,6,
2014年直轄市長選舉,2014,臺北市,松山區,復源里,臺北市,4,陳永昌,無黨籍及未經政黨推薦,2,
2014年直轄市長選舉,2014,臺北市,松山區,復源里,臺北市,5,馮光遠,無黨籍及未經政黨推薦,10,
2014年直轄市長選舉,2014,臺北市,松山區,復源里,臺北市,6,連勝文,中國國民黨,843,
2014年直轄市長選舉,2014,臺北市,松山區,復源里,臺北市,7,柯文哲,無黨籍及未經政黨推薦,1009,*
2014年直轄市長選舉,2014,臺北市,松山區,復建里,臺北市,1,陳汝斌,三等國民公義人權自救黨,3,
2014年直轄市長選舉,2014,臺北市,松山區,復建里,臺北市,2,趙衍慶,無黨籍及未經政黨推薦,28,
2014年直轄市長選舉,2014,臺北市,松山區,復建里,臺北市,3,李宏信,無黨籍及未經政黨推薦,4,
2014年直轄市長選舉,2014,臺北市,松山區,復建里,臺北市,4,陳永昌,無黨籍及未經政黨推薦,1,
2014年直轄市長選舉,2014,臺北市,松山區,復建里,臺北市,5,馮光遠,無黨籍及未經政黨推薦,10,
2014年直轄市長選舉,2014,臺北市,松山區,復建里,臺北市,6,連勝文,中國國民黨,1159,
2014年直轄市長選舉,2014,臺北市,松山區,復建里,臺北市,7,柯文哲,無黨籍及未經政黨推薦,1372,*
2014年直轄市長選舉,2014,臺北市,松山區,復勢里,臺北市,1,陳汝斌,三等國民公義人權自救黨,2,
2014年直轄市長選舉,2014,臺北市,松山區,復勢里,臺北市,2,趙衍慶,無黨籍及未經政黨推薦,21,
2014年直轄市長選舉,2014,臺北市,松山區,復勢里,臺北市,3,李宏信,無黨籍及未經政黨推薦,1,
2014年直轄市長選舉,2014,臺北市,松山區,復勢里,臺北市,4,陳永昌,無黨籍及未經政黨推薦,4,
2014年直轄市長選舉,2014,臺北市,松山區,復勢里,臺北市,5,馮光遠,無黨籍及未經政黨推薦,19,
2014年直轄市長選舉,2014,臺北市,松山區,復勢里,臺北市,6,連勝文,中國國民黨,1380,
2014年直轄市長選舉,2014,臺北市,松山區,復勢里,臺北市,7,柯文哲,無黨籍及未經政黨推薦,2243,*
2014年直轄市長選舉,2014,臺北市,松山區,福成里,臺北市,1,陳汝斌,三等國民公義人權自救黨,1,
2014年直轄市長選舉,2014,臺北市,松山區,福成里,臺北市,2,趙衍慶,無黨籍及未經政黨推薦,10,
2014年直轄市長選舉,2014,臺北市,松山區,福成里,臺北市,3,李宏信,無黨籍及未經政黨推薦,2,
2014年直轄市長選舉,2014,臺北市,松山區,福成里,臺北市,4,陳永昌,無黨籍及未經政黨推薦,2,
2014年直轄市長選舉,2014,臺北市,松山區,福成里,臺北市,5,馮光遠,無黨籍及未經政黨推薦,4,
2014年直轄市長選舉,2014,臺北市,松山區,福成里,臺北市,6,連勝文,中國國民黨,641,
2014年直轄市長選舉,2014,臺北市,松山區,福成里,臺北市,7,柯文哲,無黨籍及未經政黨推薦,927,*
2014年直轄市長選舉,2014,臺北市,松山區,松基里,臺北市,1,陳汝斌,三等國民公義人權自救黨,1,
2014年直轄市長選舉,2014,臺北市,松山區,松基里,臺北市,2,趙衍慶,無黨籍及未經政黨推薦,22,
2014年直轄市長選舉,2014,臺北市,松山區,松基里,臺北市,3,李宏信,無黨籍及未經政黨推薦,2,
2014年直轄市長選舉,2014,臺北市,松山區,松基里,臺北市,4,陳永昌,無黨籍及未經政黨推薦,4,
2014年直轄市長選舉,2014,臺北市,松山區,松基里,臺北市,5,馮光遠,無黨籍及未經政黨推薦,5,
2014年直轄市長選舉,2014,臺北市,松山區,松基里,臺北市,6,連勝文,中國國民黨,877,
2014年直轄市長選舉,2014,臺北市,松山區,松基里,臺北市,7,柯文哲,無黨籍及未經政黨推薦,1310,*
2014年直轄市長選舉,2014,臺北市,信義區,西村里,臺北市,1,陳汝斌,三等國民公義人權自救黨,0,
2014年直轄市長選舉,2014,臺北市,信義區,西村里,臺北市,2,趙衍慶,無黨籍及未經政黨推薦,27,
2014年直轄市長選舉,2014,臺北市,信義區,西村里,臺北市,3,李宏信,無黨籍及未經政黨推薦,5,
2014年直轄市長選舉,2014,臺北市,信義區,西村里,臺北市,4,陳永昌,無黨籍及未經政黨推薦,5,
2014年直轄市長選舉,2014,臺北市,信義區,西村里,臺北市,5,馮光遠,無黨籍及未經政黨推薦,13,
2014年直轄市長選舉,2014,臺北市,信義區,西村里,臺北市,6,連勝文,中國國民黨,1673,
2014年直轄市長選舉,2014,臺北市,信義區,西村里,臺北市,7,柯文哲,無黨籍及未經政黨推薦,1052,*
2014年直轄市長選舉,2014,臺北市,信義區,正和里,臺北市,1,陳汝斌,三等國民公義人權自救黨,5,
2014年直轄市長選舉,2014,臺北市,信義區,正和里,臺北市,2,趙衍慶,無黨籍及未經政黨推薦,29,
2014年直轄市長選舉,2014,臺北市,信義區,正和里,臺北市,3,李宏信,無黨籍及未經政黨推薦,5,
2014年直轄市長選舉,2014,臺北市,信義區,正和里,臺北市,4,陳永昌,無黨籍及未經政黨推薦,4,
2014年直轄市長選舉,2014,臺北市,信義區,正和里,臺北市,5,馮光遠,無黨籍及未經政黨推薦,19,
2014年直轄市長選舉,2014,臺北市,信義區,正和里,臺北市,6,連勝文,中國國民黨,1394,
2014年直轄市長選舉,2014,臺北市,信義區,正和里,臺北市,7,柯文哲,無黨籍及未經政黨推薦,1317,*
2014年直轄市長選舉,2014,臺北市,信義區,興隆里,臺北市,1,陳汝斌,三等國民公義人權自救黨,5,
2014年直轄市長選舉,2014,臺北市,信義區,興隆里,臺北市,2,趙衍慶,無黨籍及未經政黨推薦,19,
2014年直轄市長選舉,2014,臺北市,信義區,興隆里,臺北市,3,李宏信,無黨籍及未經政黨推薦,3,
2014年直轄市長選舉,2014,臺北市,信義區,興隆里,臺北市,4,陳永昌,無黨籍及未經政黨推薦,2,
2014年直轄市長選舉,2014,臺北市,信義區,興隆里,臺北市,5,馮光遠,無黨籍及未經政黨推薦,5,
2014年直轄市長選舉,2014,臺北市,信義區,興隆里,臺北市,6,連勝文,中國國民黨,799,
2014年直轄市長選舉,2014,臺北市,信義區,興隆里,臺北市,7,柯文哲,無黨籍及未經政黨推薦,734,*
2014年直轄市長選舉,2014,臺北市,信義區,中興里,臺北市,1,陳汝斌,三等國民公義人權自救黨,2,
2014年直轄市長選舉,2014,臺北市,信義區,中興里,臺北市,2,趙衍慶,無黨籍及未經政黨推薦,17,
2014年直轄市長選舉,2014,臺北市,信義區,中興里,臺北市,3,李宏信,無黨籍及未經政黨推薦,2,
2014年直轄市長選舉,2014,臺北市,信義區,中興里,臺北市,4,陳永昌,無黨籍及未經政黨推薦,2,
2014年直轄市長選舉,2014,臺北市,信義區,中興里,臺北市,5,馮光遠,無黨籍及未經政黨推薦,7,
2014年直轄市長選舉,2014,臺北市,信義區,中興里,臺北市,6,連勝文,中國國民黨,818,
2014年直轄市長選舉,2014,臺北市,信義區,中興里,臺北市,7,柯文哲,無黨籍及未經政黨推薦,954,*
2014年直轄市長選舉,2014,臺北市,信義區,新仁里,臺北市,1,陳汝斌,三等國民公義人權自救黨,2,
2014年直轄市長選舉,2014,臺北市,信義區,新仁里,臺北市,2,趙衍慶,無黨籍及未經政黨推薦,39,
2014年直轄市長選舉,2014,臺北市,信義區,新仁里,臺北市,3,李宏信,無黨籍及未經政黨推薦,0,
2014年直轄市長選舉,2014,臺北市,信義區,新仁里,臺北市,4,陳永昌,無黨籍及未經政黨推薦,4,
2014年直轄市長選舉,2014,臺北市,信義區,新仁里,臺北市,5,馮光遠,無黨籍及未經政黨推薦,10,
2014年直轄市長選舉,2014,臺北市,信義區,新仁里,臺北市,6,連勝文,中國國民黨,1010,
2014年直轄市長選舉,2014,臺北市,信義區,新仁里,臺北市,7,柯文哲,無黨籍及未經政黨推薦,1004,*
2014年直轄市長選舉,2014,臺北市,信義區,興雅里,臺北市,1,陳汝斌,三等國民公義人權自救黨,9,
2014年直轄市長選舉,2014,臺北市,信義區,興雅里,臺北市,2,趙衍慶,無黨籍及未經政黨推薦,30,
2014年直轄市長選舉,2014,臺北市,信義區,興雅里,臺北市,3,李宏信,無黨籍及未經政黨推薦,11,
2014年直轄市長選舉,2014,臺北市,信義區,興雅里,臺北市,4,陳永昌,無黨籍及未經政黨推薦,3,
2014年直轄市長選舉,2014,臺北市,信義區,興雅里,臺北市,5,馮光遠,無黨籍及未經政黨推薦,17,
2014年直轄市長選舉,2014,臺北市,信義區,興雅里,臺北市,6,連勝文,中國國民黨,1474,
2014年直轄市長選舉,2014,臺北市,信義區,興雅里,臺北市,7,柯文哲,無黨籍及未經政黨推薦,1895,*
2014年直轄市長選舉,2014,臺北市,信義區,敦厚里,臺北市,1,陳汝斌,三等國民公義人權自救黨,6,
2014年直轄市長選舉,2014,臺北市,信義區,敦厚里,臺北市,2,趙衍慶,無黨籍及未經政黨推薦,40,
2014年直轄市長選舉,2014,臺北市,信義區,敦厚里,臺北市,3,李宏信,無黨籍及未經政黨推薦,8,
2014年直轄市長選舉,2014,臺北市,信義區,敦厚里,臺北市,4,陳永昌,無黨籍及未經政黨推薦,1,
2014年直轄市長選舉,2014,臺北市,信義區,敦厚里,臺北市,5,馮光遠,無黨籍及未經政黨推薦,21,
2014年直轄市長選舉,2014,臺北市,信義區,敦厚里,臺北市,6,連勝文,中國國民黨,1247,
2014年直轄市長選舉,2014,臺北市,信義區,敦厚里,臺北市,7,柯文哲,無黨籍及未經政黨推薦,1650,*
2014年直轄市長選舉,2014,臺北市,信義區,廣居里,臺北市,1,陳汝斌,三等國民公義人權自救黨,4,
2014年直轄市長選舉,2014,臺北市,信義區,廣居里,臺北市,2,趙衍慶,無黨籍及未經政黨推薦,39,
2014年直轄市長選舉,2014,臺北市,信義區,廣居里,臺北市,3,李宏信,無黨籍及未經政黨推薦,2,
2014年直轄市長選舉,2014,臺北市,信義區,廣居里,臺北市,4,陳永昌,無黨籍及未經政黨推薦,3,
2014年直轄市長選舉,2014,臺北市,信義區,廣居里,臺北市,5,馮光遠,無黨籍及未經政黨推薦,23,
2014年直轄市長選舉,2014,臺北市,信義區,廣居里,臺北市,6,連勝文,中國國民黨,2146,
2014年直轄市長選舉,2014,臺北市,信義區,廣居里,臺北市,7,柯文哲,無黨籍及未經政黨推薦,2440,*
2014年直轄市長選舉,2014,臺北市,信義區,安康里,臺北市,1,陳汝斌,三等國民公義人權自救黨,1,
2014年直轄市長選舉,2014,臺北市,信義區,安康里,臺北市,2,趙衍慶,無黨籍及未經政黨推薦,64,
2014年直轄市長選舉,2014,臺北市,信義區,安康里,臺北市,3,李宏信,無黨籍及未經政黨推薦,8,
2014年直轄市長選舉,2014,臺北市,信義區,安康里,臺北市,4,陳永昌,無黨籍及未經政黨推薦,6,
2014年直轄市長選舉,2014,臺北市,信義區,安康里,臺北市,5,馮光遠,無黨籍及未經政黨推薦,23,
2014年直轄市長選舉,2014,臺北市,信義區,安康里,臺北市,6,連勝文,中國國民黨,2535,
2014年直轄市長選舉,2014,臺北市,信義區,安康里,臺北市,7,柯文哲,無黨籍及未經政黨推薦,3100,*
2014年直轄市長選舉,2014,臺北市,信義區,六藝里,臺北市,1,陳汝斌,三等國民公義人權自救黨,4,
2014年直轄市長選舉,2014,臺北市,信義區,六藝里,臺北市,2,趙衍慶,無黨籍及未經政黨推薦,24,
2014年直轄市長選舉,2014,臺北市,信義區,六藝里,臺北市,3,李宏信,無黨籍及未經政黨推薦,10,
2014年直轄市長選舉,2014,臺北市,信義區,六藝里,臺北市,4,陳永昌,無黨籍及未經政黨推薦,4,
2014年直轄市長選舉,2014,臺北市,信義區,六藝里,臺北市,5,馮光遠,無黨籍及未經政黨推薦,9,
2014年直轄市長選舉,2014,臺北市,信義區,六藝里,臺北市,6,連勝文,中國國民黨,923,
2014年直轄市長選舉,2014,臺北市,信義區,六藝里,臺北市,7,柯文哲,無黨籍及未經政黨推薦,1387,*
2014年直轄市長選舉,2014,臺北市,信義區,雅祥里,臺北市,1,陳汝斌,三等國民公義人權自救黨,5,
2014年直轄市長選舉,2014,臺北市,信義區,雅祥里,臺北市,2,趙衍慶,無黨籍及未經政黨推薦,39,
2014年直轄市長選舉,2014,臺北市,信義區,雅祥里,臺北市,3,李宏信,無黨籍及未經政黨推薦,8,
2014年直轄市長選舉,2014,臺北市,信義區,雅祥里,臺北市,4,陳永昌,無黨籍及未經政黨推薦,2,
2014年直轄市長選舉,2014,臺北市,信義區,雅祥里,臺北市,5,馮光遠,無黨籍及未經政黨推薦,10,
2014年直轄市長選舉,2014,臺北市,信義區,雅祥里,臺北市,6,連勝文,中國國民黨,1146,
2014年直轄市長選舉,2014,臺北市,信義區,雅祥里,臺北市,7,柯文哲,無黨籍及未經政黨推薦,1851,*
2014年直轄市長選舉,2014,臺北市,信義區,五常里,臺北市,1,陳汝斌,三等國民公義人權自救黨,1,
2014年直轄市長選舉,2014,臺北市,信義區,五常里,臺北市,2,趙衍慶,無黨籍及未經政黨推薦,19,
2014年直轄市長選舉,2014,臺北市,信義區,五常里,臺北市,3,李宏信,無黨籍及未經政黨推薦,5,
2014年直轄市長選舉,2014,臺北市,信義區,五常里,臺北市,4,陳永昌,無黨籍及未經政黨推薦,1,
2014年直轄市長選舉,2014,臺北市,信義區,五常里,臺北市,5,馮光遠,無黨籍及未經政黨推薦,10,
2014年直轄市長選舉,2014,臺北市,信義區,五常里,臺北市,6,連勝文,中國國民黨,907,
2014年直轄市長選舉,2014,臺北市,信義區,五常里,臺北市,7,柯文哲,無黨籍及未經政黨推薦,1312,*
2014年直轄市長選舉,2014,臺北市,信義區,五全里,臺北市,1,陳汝斌,三等國民公義人權自救黨,3,
2014年直轄市長選舉,2014,臺北市,信義區,五全里,臺北市,2,趙衍慶,無黨籍及未經政黨推薦,30,
2014年直轄市長選舉,2014,臺北市,信義區,五全里,臺北市,3,李宏信,無黨籍及未經政黨推薦,8,
2014年直轄市長選舉,2014,臺北市,信義區,五全里,臺北市,4,陳永昌,無黨籍及未經政黨推薦,4,
2014年直轄市長選舉,2014,臺北市,信義區,五全里,臺北市,5,馮光遠,無黨籍及未經政黨推薦,12,
2014年直轄市長選舉,2014,臺北市,信義區,五全里,臺北市,6,連勝文,中國國民黨,1170,
2014年直轄市長選舉,2014,臺北市,信義區,五全里,臺北市,7,柯文哲,無黨籍及未經政黨推薦,1956,*
2014年直轄市長選舉,2014,臺北市,信義區,永吉里,臺北市,1,陳汝斌,三等國民公義人權自救黨,5,
2014年直轄市長選舉,2014,臺北市,信義區,永吉里,臺北市,2,趙衍慶,無黨籍及未經政黨推薦,16,
2014年直轄市長選舉,2014,臺北市,信義區,永吉里,臺北市,3,李宏信,無黨籍及未經政黨推薦,3,
2014年直轄市長選舉,2014,臺北市,信義區,永吉里,臺北市,4,陳永昌,無黨籍及未經政黨推薦,10,
2014年直轄市長選舉,2014,臺北市,信義區,永吉里,臺北市,5,馮光遠,無黨籍及未經政黨推薦,6,
2014年直轄市長選舉,2014,臺北市,信義區,永吉里,臺北市,6,連勝文,中國國民黨,723,
2014年直轄市長選舉,2014,臺北市,信義區,永吉里,臺北市,7,柯文哲,無黨籍及未經政黨推薦,1692,*
2014年直轄市長選舉,2014,臺北市,信義區,長春里,臺北市,1,陳汝斌,三等國民公義人權自救黨,2,
2014年直轄市長選舉,2014,臺北市,信義區,長春里,臺北市,2,趙衍慶,無黨籍及未經政黨推薦,32,
2014年直轄市長選舉,2014,臺北市,信義區,長春里,臺北市,3,李宏信,無黨籍及未經政黨推薦,3,
2014年直轄市長選舉,2014,臺北市,信義區,長春里,臺北市,4,陳永昌,無黨籍及未經政黨推薦,6,
2014年直轄市長選舉,2014,臺北市,信義區,長春里,臺北市,5,馮光遠,無黨籍及未經政黨推薦,10,
2014年直轄市長選舉,2014,臺北市,信義區,長春里,臺北市,6,連勝文,中國國民黨,1034,
2014年直轄市長選舉,2014,臺北市,信義區,長春里,臺北市,7,柯文哲,無黨籍及未經政黨推薦,1565,*
2014年直轄市長選舉,2014,臺北市,信義區,四育里,臺北市,1,陳汝斌,三等國民公義人權自救黨,2,
2014年直轄市長選舉,2014,臺北市,信義區,四育里,臺北市,2,趙衍慶,無黨籍及未經政黨推薦,25,
2014年直轄市長選舉,2014,臺北市,信義區,四育里,臺北市,3,李宏信,無黨籍及未經政黨推薦,8,
2014年直轄市長選舉,2014,臺北市,信義區,四育里,臺北市,4,陳永昌,無黨籍及未經政黨推薦,4,
2014年直轄市長選舉,2014,臺北市,信義區,四育里,臺北市,5,馮光遠,無黨籍及未經政黨推薦,16,
2014年直轄市長選舉,2014,臺北市,信義區,四育里,臺北市,6,連勝文,中國國民黨,1341,
2014年直轄市長選舉,2014,臺北市,信義區,四育里,臺北市,7,柯文哲,無黨籍及未經政黨推薦,2232,*
2014年直轄市長選舉,2014,臺北市,信義區,四維里,臺北市,1,陳汝斌,三等國民公義人權自救黨,6,
2014年直轄市長選舉,2014,臺北市,信義區,四維里,臺北市,2,趙衍慶,無黨籍及未經政黨推薦,36,
2014年直轄市長選舉,2014,臺北市,信義區,四維里,臺北市,3,李宏信,無黨籍及未經政黨推薦,6,
2014年直轄市長選舉,2014,臺北市,信義區,四維里,臺北市,4,陳永昌,無黨籍及未經政黨推薦,2,
2014年直轄市長選舉,2014,臺北市,信義區,四維里,臺北市,5,馮光遠,無黨籍及未經政黨推薦,22,
2014年直轄市長選舉,2014,臺北市,信義區,四維里,臺北市,6,連勝文,中國國民黨,1439,
2014年直轄市長選舉,2014,臺北市,信義區,四維里,臺北市,7,柯文哲,無黨籍及未經政黨推薦,1755,*
2014年直轄市長選舉,2014,臺北市,信義區,永春里,臺北市,1,陳汝斌,三等國民公義人權自救黨,3,
2014年直轄市長選舉,2014,臺北市,信義區,永春里,臺北市,2,趙衍慶,無黨籍及未經政黨推薦,41,
2014年直轄市長選舉,2014,臺北市,信義區,永春里,臺北市,3,李宏信,無黨籍及未經政黨推薦,8,
2014年直轄市長選舉,2014,臺北市,信義區,永春里,臺北市,4,陳永昌,無黨籍及未經政黨推薦,7,
2014年直轄市長選舉,2014,臺北市,信義區,永春里,臺北市,5,馮光遠,無黨籍及未經政黨推薦,15,
2014年直轄市長選舉,2014,臺北市,信義區,永春里,臺北市,6,連勝文,中國國民黨,1122,
2014年直轄市長選舉,2014,臺北市,信義區,永春里,臺北市,7,柯文哲,無黨籍及未經政黨推薦,1813,*
2014年直轄市長選舉,2014,臺北市,信義區,富台里,臺北市,1,陳汝斌,三等國民公義人權自救黨,3,
2014年直轄市長選舉,2014,臺北市,信義區,富台里,臺北市,2,趙衍慶,無黨籍及未經政黨推薦,25,
2014年直轄市長選舉,2014,臺北市,信義區,富台里,臺北市,3,李宏信,無黨籍及未經政黨推薦,0,
2014年直轄市長選舉,2014,臺北市,信義區,富台里,臺北市,4,陳永昌,無黨籍及未經政黨推薦,5,
2014年直轄市長選舉,2014,臺北市,信義區,富台里,臺北市,5,馮光遠,無黨籍及未經政黨推薦,8,
2014年直轄市長選舉,2014,臺北市,信義區,富台里,臺北市,6,連勝文,中國國民黨,1335,
2014年直轄市長選舉,2014,臺北市,信義區,富台里,臺北市,7,柯文哲,無黨籍及未經政黨推薦,1042,*
2014年直轄市長選舉,2014,臺北市,信義區,國業里,臺北市,1,陳汝斌,三等國民公義人權自救黨,3,
2014年直轄市長選舉,2014,臺北市,信義區,國業里,臺北市,2,趙衍慶,無黨籍及未經政黨推薦,42,
2014年直轄市長選舉,2014,臺北市,信義區,國業里,臺北市,3,李宏信,無黨籍及未經政黨推薦,7,
2014年直轄市長選舉,2014,臺北市,信義區,國業里,臺北市,4,陳永昌,無黨籍及未經政黨推薦,4,
2014年直轄市長選舉,2014,臺北市,信義區,國業里,臺北市,5,馮光遠,無黨籍及未經政黨推薦,30,
2014年直轄市長選舉,2014,臺北市,信義區,國業里,臺北市,6,連勝文,中國國民黨,1899,
2014年直轄市長選舉,2014,臺北市,信義區,國業里,臺北市,7,柯文哲,無黨籍及未經政黨推薦,2333,*
2014年直轄市長選舉,2014,臺北市,信義區,松隆里,臺北市,1,陳汝斌,三等國民公義人權自救黨,4,
2014年直轄市長選舉,2014,臺北市,信義區,松隆里,臺北市,2,趙衍慶,無黨籍及未經政黨推薦,15,
2014年直轄市長選舉,2014,臺北市,信義區,松隆里,臺北市,3,李宏信,無黨籍及未經政黨推薦,2,
2014年直轄市長選舉,2014,臺北市,信義區,松隆里,臺北市,4,陳永昌,無黨籍及未經政黨推薦,3,
2014年直轄市長選舉,2014,臺北市,信義區,松隆里,臺北市,5,馮光遠,無黨籍及未經政黨推薦,4,
2014年直轄市長選舉,2014,臺北市,信義區,松隆里,臺北市,6,連勝文,中國國民黨,572,
2014年直轄市長選舉,2014,臺北市,信義區,松隆里,臺北市,7,柯文哲,無黨籍及未經政黨推薦,732,*
2014年直轄市長選舉,2014,臺北市,信義區,松友里,臺北市,1,陳汝斌,三等國民公義人權自救黨,3,
2014年直轄市長選舉,2014,臺北市,信義區,松友里,臺北市,2,趙衍慶,無黨籍及未經政黨推薦,42,
2014年直轄市長選舉,2014,臺北市,信義區,松友里,臺北市,3,李宏信,無黨籍及未經政黨推薦,9,
2014年直轄市長選舉,2014,臺北市,信義區,松友里,臺北市,4,陳永昌,無黨籍及未經政黨推薦,14,
2014年直轄市長選舉,2014,臺北市,信義區,松友里,臺北市,5,馮光遠,無黨籍及未經政黨推薦,20,
2014年直轄市長選舉,2014,臺北市,信義區,松友里,臺北市,6,連勝文,中國國民黨,1713,
2014年直轄市長選舉,2014,臺北市,信義區,松友里,臺北市,7,柯文哲,無黨籍及未經政黨推薦,2162,*
2014年直轄市長選舉,2014,臺北市,信義區,松光里,臺北市,1,陳汝斌,三等國民公義人權自救黨,6,
2014年直轄市長選舉,2014,臺北市,信義區,松光里,臺北市,2,趙衍慶,無黨籍及未經政黨推薦,25,
2014年直轄市長選舉,2014,臺北市,信義區,松光里,臺北市,3,李宏信,無黨籍及未經政黨推薦,7,
2014年直轄市長選舉,2014,臺北市,信義區,松光里,臺北市,4,陳永昌,無黨籍及未經政黨推薦,2,
2014年直轄市長選舉,2014,臺北市,信義區,松光里,臺北市,5,馮光遠,無黨籍及未經政黨推薦,12,
2014年直轄市長選舉,2014,臺北市,信義區,松光里,臺北市,6,連勝文,中國國民黨,1216,
2014年直轄市長選舉,2014,臺北市,信義區,松光里,臺北市,7,柯文哲,無黨籍及未經政黨推薦,1800,*
2014年直轄市長選舉,2014,臺北市,信義區,中坡里,臺北市,1,陳汝斌,三等國民公義人權自救黨,2,
2014年直轄市長選舉,2014,臺北市,信義區,中坡里,臺北市,2,趙衍慶,無黨籍及未經政黨推薦,36,
2014年直轄市長選舉,2014,臺北市,信義區,中坡里,臺北市,3,李宏信,無黨籍及未經政黨推薦,3,
2014年直轄市長選舉,2014,臺北市,信義區,中坡里,臺北市,4,陳永昌,無黨籍及未經政黨推薦,4,
2014年直轄市長選舉,2014,臺北市,信義區,中坡里,臺北市,5,馮光遠,無黨籍及未經政黨推薦,13,
2014年直轄市長選舉,2014,臺北市,信義區,中坡里,臺北市,6,連勝文,中國國民黨,1195,
2014年直轄市長選舉,2014,臺北市,信義區,中坡里,臺北市,7,柯文哲,無黨籍及未經政黨推薦,1622,*
2014年直轄市長選舉,2014,臺北市,信義區,中行里,臺北市,1,陳汝斌,三等國民公義人權自救黨,6,
2014年直轄市長選舉,2014,臺北市,信義區,中行里,臺北市,2,趙衍慶,無黨籍及未經政黨推薦,61,
2014年直轄市長選舉,2014,臺北市,信義區,中行里,臺北市,3,李宏信,無黨籍及未經政黨推薦,6,
2014年直轄市長選舉,2014,臺北市,信義區,中行里,臺北市,4,陳永昌,無黨籍及未經政黨推薦,11,
2014年直轄市長選舉,2014,臺北市,信義區,中行里,臺北市,5,馮光遠,無黨籍及未經政黨推薦,27,
2014年直轄市長選舉,2014,臺北市,信義區,中行里,臺北市,6,連勝文,中國國民黨,1842,
2014年直轄市長選舉,2014,臺北市,信義區,中行里,臺北市,7,柯文哲,無黨籍及未經政黨推薦,2984,*
2014年直轄市長選舉,2014,臺北市,信義區,大道里,臺北市,1,陳汝斌,三等國民公義人權自救黨,7,
2014年直轄市長選舉,2014,臺北市,信義區,大道里,臺北市,2,趙衍慶,無黨籍及未經政黨推薦,32,
2014年直轄市長選舉,2014,臺北市,信義區,大道里,臺北市,3,李宏信,無黨籍及未經政黨推薦,6,
2014年直轄市長選舉,2014,臺北市,信義區,大道里,臺北市,4,陳永昌,無黨籍及未經政黨推薦,5,
2014年直轄市長選舉,2014,臺北市,信義區,大道里,臺北市,5,馮光遠,無黨籍及未經政黨推薦,17,
2014年直轄市長選舉,2014,臺北市,信義區,大道里,臺北市,6,連勝文,中國國民黨,1506,
2014年直轄市長選舉,2014,臺北市,信義區,大道里,臺北市,7,柯文哲,無黨籍及未經政黨推薦,2313,*
2014年直轄市長選舉,2014,臺北市,信義區,大仁里,臺北市,1,陳汝斌,三等國民公義人權自救黨,3,
2014年直轄市長選舉,2014,臺北市,信義區,大仁里,臺北市,2,趙衍慶,無黨籍及未經政黨推薦,33,
2014年直轄市長選舉,2014,臺北市,信義區,大仁里,臺北市,3,李宏信,無黨籍及未經政黨推薦,5,
2014年直轄市長選舉,2014,臺北市,信義區,大仁里,臺北市,4,陳永昌,無黨籍及未經政黨推薦,7,
2014年直轄市長選舉,2014,臺北市,信義區,大仁里,臺北市,5,馮光遠,無黨籍及未經政黨推薦,13,
2014年直轄市長選舉,2014,臺北市,信義區,大仁里,臺北市,6,連勝文,中國國民黨,1063,
2014年直轄市長選舉,2014,臺北市,信義區,大仁里,臺北市,7,柯文哲,無黨籍及未經政黨推薦,1476,*
2014年直轄市長選舉,2014,臺北市,信義區,景新里,臺北市,1,陳汝斌,三等國民公義人權自救黨,1,
2014年直轄市長選舉,2014,臺北市,信義區,景新里,臺北市,2,趙衍慶,無黨籍及未經政黨推薦,47,
2014年直轄市長選舉,2014,臺北市,信義區,景新里,臺北市,3,李宏信,無黨籍及未經政黨推薦,5,
2014年直轄市長選舉,2014,臺北市,信義區,景新里,臺北市,4,陳永昌,無黨籍及未經政黨推薦,2,
2014年直轄市長選舉,2014,臺北市,信義區,景新里,臺北市,5,馮光遠,無黨籍及未經政黨推薦,21,
2014年直轄市長選舉,2014,臺北市,信義區,景新里,臺北市,6,連勝文,中國國民黨,1428,
2014年直轄市長選舉,2014,臺北市,信義區,景新里,臺北市,7,柯文哲,無黨籍及未經政黨推薦,1463,*
2014年直轄市長選舉,2014,臺北市,信義區,惠安里,臺北市,1,陳汝斌,三等國民公義人權自救黨,5,
2014年直轄市長選舉,2014,臺北市,信義區,惠安里,臺北市,2,趙衍慶,無黨籍及未經政黨推薦,48,
2014年直轄市長選舉,2014,臺北市,信義區,惠安里,臺北市,3,李宏信,無黨籍及未經政黨推薦,6,
2014年直轄市長選舉,2014,臺北市,信義區,惠安里,臺北市,4,陳永昌,無黨籍及未經政黨推薦,4,
2014年直轄市長選舉,2014,臺北市,信義區,惠安里,臺北市,5,馮光遠,無黨籍及未經政黨推薦,28,
2014年直轄市長選舉,2014,臺北市,信義區,惠安里,臺北市,6,連勝文,中國國民黨,1947,
2014年直轄市長選舉,2014,臺北市,信義區,惠安里,臺北市,7,柯文哲,無黨籍及未經政黨推薦,1868,*
2014年直轄市長選舉,2014,臺北市,信義區,三張里,臺北市,1,陳汝斌,三等國民公義人權自救黨,3,
2014年直轄市長選舉,2014,臺北市,信義區,三張里,臺北市,2,趙衍慶,無黨籍及未經政黨推薦,52,
2014年直轄市長選舉,2014,臺北市,信義區,三張里,臺北市,3,李宏信,無黨籍及未經政黨推薦,14,
2014年直轄市長選舉,2014,臺北市,信義區,三張里,臺北市,4,陳永昌,無黨籍及未經政黨推薦,6,
2014年直轄市長選舉,2014,臺北市,信義區,三張里,臺北市,5,馮光遠,無黨籍及未經政黨推薦,34,
2014年直轄市長選舉,2014,臺北市,信義區,三張里,臺北市,6,連勝文,中國國民黨,2600,
2014年直轄市長選舉,2014,臺北市,信義區,三張里,臺北市,7,柯文哲,無黨籍及未經政黨推薦,2807,*
2014年直轄市長選舉,2014,臺北市,信義區,三犁里,臺北市,1,陳汝斌,三等國民公義人權自救黨,4,
2014年直轄市長選舉,2014,臺北市,信義區,三犁里,臺北市,2,趙衍慶,無黨籍及未經政黨推薦,31,
2014年直轄市長選舉,2014,臺北市,信義區,三犁里,臺北市,3,李宏信,無黨籍及未經政黨推薦,2,
2014年直轄市長選舉,2014,臺北市,信義區,三犁里,臺北市,4,陳永昌,無黨籍及未經政黨推薦,3,
2014年直轄市長選舉,2014,臺北市,信義區,三犁里,臺北市,5,馮光遠,無黨籍及未經政黨推薦,20,
2014年直轄市長選舉,2014,臺北市,信義區,三犁里,臺北市,6,連勝文,中國國民黨,1419,
2014年直轄市長選舉,2014,臺北市,信義區,三犁里,臺北市,7,柯文哲,無黨籍及未經政黨推薦,1580,*
2014年直轄市長選舉,2014,臺北市,信義區,六合里,臺北市,1,陳汝斌,三等國民公義人權自救黨,7,
2014年直轄市長選舉,2014,臺北市,信義區,六合里,臺北市,2,趙衍慶,無黨籍及未經政黨推薦,46,
2014年直轄市長選舉,2014,臺北市,信義區,六合里,臺北市,3,李宏信,無黨籍及未經政黨推薦,5,
2014年直轄市長選舉,2014,臺北市,信義區,六合里,臺北市,4,陳永昌,無黨籍及未經政黨推薦,7,
2014年直轄市長選舉,2014,臺北市,信義區,六合里,臺北市,5,馮光遠,無黨籍及未經政黨推薦,26,
2014年直轄市長選舉,2014,臺北市,信義區,六合里,臺北市,6,連勝文,中國國民黨,2088,
2014年直轄市長選舉,2014,臺北市,信義區,六合里,臺北市,7,柯文哲,無黨籍及未經政黨推薦,1790,*
2014年直轄市長選舉,2014,臺北市,信義區,泰和里,臺北市,1,陳汝斌,三等國民公義人權自救黨,9,
2014年直轄市長選舉,2014,臺北市,信義區,泰和里,臺北市,2,趙衍慶,無黨籍及未經政黨推薦,53,
2014年直轄市長選舉,2014,臺北市,信義區,泰和里,臺北市,3,李宏信,無黨籍及未經政黨推薦,11,
2014年直轄市長選舉,2014,臺北市,信義區,泰和里,臺北市,4,陳永昌,無黨籍及未經政黨推薦,10,
2014年直轄市長選舉,2014,臺北市,信義區,泰和里,臺北市,5,馮光遠,無黨籍及未經政黨推薦,15,
2014年直轄市長選舉,2014,臺北市,信義區,泰和里,臺北市,6,連勝文,中國國民黨,2074,
2014年直轄市長選舉,2014,臺北市,信義區,泰和里,臺北市,7,柯文哲,無黨籍及未經政黨推薦,2451,*
2014年直轄市長選舉,2014,臺北市,信義區,景聯里,臺北市,1,陳汝斌,三等國民公義人權自救黨,7,
2014年直轄市長選舉,2014,臺北市,信義區,景聯里,臺北市,2,趙衍慶,無黨籍及未經政黨推薦,30,
2014年直轄市長選舉,2014,臺北市,信義區,景聯里,臺北市,3,李宏信,無黨籍及未經政黨推薦,14,
2014年直轄市長選舉,2014,臺北市,信義區,景聯里,臺北市,4,陳永昌,無黨籍及未經政黨推薦,3,
2014年直轄市長選舉,2014,臺北市,信義區,景聯里,臺北市,5,馮光遠,無黨籍及未經政黨推薦,12,
2014年直轄市長選舉,2014,臺北市,信義區,景聯里,臺北市,6,連勝文,中國國民黨,1218,
2014年直轄市長選舉,2014,臺北市,信義區,景聯里,臺北市,7,柯文哲,無黨籍及未經政黨推薦,1577,*
2014年直轄市長選舉,2014,臺北市,信義區,景勤里,臺北市,1,陳汝斌,三等國民公義人權自救黨,1,
2014年直轄市長選舉,2014,臺北市,信義區,景勤里,臺北市,2,趙衍慶,無黨籍及未經政黨推薦,34,
2014年直轄市長選舉,2014,臺北市,信義區,景勤里,臺北市,3,李宏信,無黨籍及未經政黨推薦,7,
2014年直轄市長選舉,2014,臺北市,信義區,景勤里,臺北市,4,陳永昌,無黨籍及未經政黨推薦,5,
2014年直轄市長選舉,2014,臺北市,信義區,景勤里,臺北市,5,馮光遠,無黨籍及未經政黨推薦,11,
2014年直轄市長選舉,2014,臺北市,信義區,景勤里,臺北市,6,連勝文,中國國民黨,1228,
2014年直轄市長選舉,2014,臺北市,信義區,景勤里,臺北市,7,柯文哲,無黨籍及未經政黨推薦,1305,*
2014年直轄市長選舉,2014,臺北市,信義區,雙和里,臺北市,1,陳汝斌,三等國民公義人權自救黨,1,
2014年直轄市長選舉,2014,臺北市,信義區,雙和里,臺北市,2,趙衍慶,無黨籍及未經政黨推薦,59,
2014年直轄市長選舉,2014,臺北市,信義區,雙和里,臺北市,3,李宏信,無黨籍及未經政黨推薦,5,
2014年直轄市長選舉,2014,臺北市,信義區,雙和里,臺北市,4,陳永昌,無黨籍及未經政黨推薦,6,
2014年直轄市長選舉,2014,臺北市,信義區,雙和里,臺北市,5,馮光遠,無黨籍及未經政黨推薦,22,
2014年直轄市長選舉,2014,臺北市,信義區,雙和里,臺北市,6,連勝文,中國國民黨,2007,
2014年直轄市長選舉,2014,臺北市,信義區,雙和里,臺北市,7,柯文哲,無黨籍及未經政黨推薦,2259,*
2014年直轄市長選舉,2014,臺北市,信義區,嘉興里,臺北市,1,陳汝斌,三等國民公義人權自救黨,3,
2014年直轄市長選舉,2014,臺北市,信義區,嘉興里,臺北市,2,趙衍慶,無黨籍及未經政黨推薦,29,
2014年直轄市長選舉,2014,臺北市,信義區,嘉興里,臺北市,3,李宏信,無黨籍及未經政黨推薦,3,
2014年直轄市長選舉,2014,臺北市,信義區,嘉興里,臺北市,4,陳永昌,無黨籍及未經政黨推薦,4,
2014年直轄市長選舉,2014,臺北市,信義區,嘉興里,臺北市,5,馮光遠,無黨籍及未經政黨推薦,10,
2014年直轄市長選舉,2014,臺北市,信義區,嘉興里,臺北市,6,連勝文,中國國民黨,855,
2014年直轄市長選舉,2014,臺北市,信義區,嘉興里,臺北市,7,柯文哲,無黨籍及未經政黨推薦,1112,*
2014年直轄市長選舉,2014,臺北市,信義區,黎順里,臺北市,1,陳汝斌,三等國民公義人權自救黨,4,
2014年直轄市長選舉,2014,臺北市,信義區,黎順里,臺北市,2,趙衍慶,無黨籍及未經政黨推薦,32,
2014年直轄市長選舉,2014,臺北市,信義區,黎順里,臺北市,3,李宏信,無黨籍及未經政黨推薦,3,
2014年直轄市長選舉,2014,臺北市,信義區,黎順里,臺北市,4,陳永昌,無黨籍及未經政黨推薦,2,
2014年直轄市長選舉,2014,臺北市,信義區,黎順里,臺北市,5,馮光遠,無黨籍及未經政黨推薦,12,
2014年直轄市長選舉,2014,臺北市,信義區,黎順里,臺北市,6,連勝文,中國國民黨,1088,
2014年直轄市長選舉,2014,臺北市,信義區,黎順里,臺北市,7,柯文哲,無黨籍及未經政黨推薦,1258,*
2014年直轄市長選舉,2014,臺北市,信義區,黎平里,臺北市,1,陳汝斌,三等國民公義人權自救黨,7,
2014年直轄市長選舉,2014,臺北市,信義區,黎平里,臺北市,2,趙衍慶,無黨籍及未經政黨推薦,52,
2014年直轄市長選舉,2014,臺北市,信義區,黎平里,臺北市,3,李宏信,無黨籍及未經政黨推薦,8,
2014年直轄市長選舉,2014,臺北市,信義區,黎平里,臺北市,4,陳永昌,無黨籍及未經政黨推薦,6,
2014年直轄市長選舉,2014,臺北市,信義區,黎平里,臺北市,5,馮光遠,無黨籍及未經政黨推薦,22,
2014年直轄市長選舉,2014,臺北市,信義區,黎平里,臺北市,6,連勝文,中國國民黨,1880,
2014年直轄市長選舉,2014,臺北市,信義區,黎平里,臺北市,7,柯文哲,無黨籍及未經政黨推薦,2290,*
2014年直轄市長選舉,2014,臺北市,信義區,黎忠里,臺北市,1,陳汝斌,三等國民公義人權自救黨,4,
2014年直轄市長選舉,2014,臺北市,信義區,黎忠里,臺北市,2,趙衍慶,無黨籍及未經政黨推薦,33,
2014年直轄市長選舉,2014,臺北市,信義區,黎忠里,臺北市,3,李宏信,無黨籍及未經政黨推薦,5,
2014年直轄市長選舉,2014,臺北市,信義區,黎忠里,臺北市,4,陳永昌,無黨籍及未經政黨推薦,3,
2014年直轄市長選舉,2014,臺北市,信義區,黎忠里,臺北市,5,馮光遠,無黨籍及未經政黨推薦,19,
2014年直轄市長選舉,2014,臺北市,信義區,黎忠里,臺北市,6,連勝文,中國國民黨,1274,
2014年直轄市長選舉,2014,臺北市,信義區,黎忠里,臺北市,7,柯文哲,無黨籍及未經政黨推薦,1584,*
2014年直轄市長選舉,2014,臺北市,信義區,黎安里,臺北市,1,陳汝斌,三等國民公義人權自救黨,0,
2014年直轄市長選舉,2014,臺北市,信義區,黎安里,臺北市,2,趙衍慶,無黨籍及未經政黨推薦,19,
2014年直轄市長選舉,2014,臺北市,信義區,黎安里,臺北市,3,李宏信,無黨籍及未經政黨推薦,0,
2014年直轄市長選舉,2014,臺北市,信義區,黎安里,臺北市,4,陳永昌,無黨籍及未經政黨推薦,1,
2014年直轄市長選舉,2014,臺北市,信義區,黎安里,臺北市,5,馮光遠,無黨籍及未經政黨推薦,4,
2014年直轄市長選舉,2014,臺北市,信義區,黎安里,臺北市,6,連勝文,中國國民黨,868,
2014年直轄市長選舉,2014,臺北市,信義區,黎安里,臺北市,7,柯文哲,無黨籍及未經政黨推薦,506,*
2014年直轄市長選舉,2014,臺北市,大安區,德安里,臺北市,1,陳汝斌,三等國民公義人權自救黨,1,
2014年直轄市長選舉,2014,臺北市,大安區,德安里,臺北市,2,趙衍慶,無黨籍及未經政黨推薦,36,
2014年直轄市長選舉,2014,臺北市,大安區,德安里,臺北市,3,李宏信,無黨籍及未經政黨推薦,8,
2014年直轄市長選舉,2014,臺北市,大安區,德安里,臺北市,4,陳永昌,無黨籍及未經政黨推薦,5,
2014年直轄市長選舉,2014,臺北市,大安區,德安里,臺北市,5,馮光遠,無黨籍及未經政黨推薦,23,
2014年直轄市長選舉,2014,臺北市,大安區,德安里,臺北市,6,連勝文,中國國民黨,1520,
2014年直轄市長選舉,2014,臺北市,大安區,德安里,臺北市,7,柯文哲,無黨籍及未經政黨推薦,1489,*
2014年直轄市長選舉,2014,臺北市,大安區,仁慈里,臺北市,1,陳汝斌,三等國民公義人權自救黨,1,
2014年直轄市長選舉,2014,臺北市,大安區,仁慈里,臺北市,2,趙衍慶,無黨籍及未經政黨推薦,33,
2014年直轄市長選舉,2014,臺北市,大安區,仁慈里,臺北市,3,李宏信,無黨籍及未經政黨推薦,5,
2014年直轄市長選舉,2014,臺北市,大安區,仁慈里,臺北市,4,陳永昌,無黨籍及未經政黨推薦,4,
2014年直轄市長選舉,2014,臺北市,大安區,仁慈里,臺北市,5,馮光遠,無黨籍及未經政黨推薦,15,
2014年直轄市長選舉,2014,臺北市,大安區,仁慈里,臺北市,6,連勝文,中國國民黨,1183,
2014年直轄市長選舉,2014,臺北市,大安區,仁慈里,臺北市,7,柯文哲,無黨籍及未經政黨推薦,1652,*
2014年直轄市長選舉,2014,臺北市,大安區,和安里,臺北市,1,陳汝斌,三等國民公義人權自救黨,5,
2014年直轄市長選舉,2014,臺北市,大安區,和安里,臺北市,2,趙衍慶,無黨籍及未經政黨推薦,37,
2014年直轄市長選舉,2014,臺北市,大安區,和安里,臺北市,3,李宏信,無黨籍及未經政黨推薦,9,
2014年直轄市長選舉,2014,臺北市,大安區,和安里,臺北市,4,陳永昌,無黨籍及未經政黨推薦,4,
2014年直轄市長選舉,2014,臺北市,大安區,和安里,臺北市,5,馮光遠,無黨籍及未經政黨推薦,22,
2014年直轄市長選舉,2014,臺北市,大安區,和安里,臺北市,6,連勝文,中國國民黨,1682,
2014年直轄市長選舉,2014,臺北市,大安區,和安里,臺北市,7,柯文哲,無黨籍及未經政黨推薦,1920,*
2014年直轄市長選舉,2014,臺北市,大安區,民炤里,臺北市,1,陳汝斌,三等國民公義人權自救黨,5,
2014年直轄市長選舉,2014,臺北市,大安區,民炤里,臺北市,2,趙衍慶,無黨籍及未經政黨推薦,36,
2014年直轄市長選舉,2014,臺北市,大安區,民炤里,臺北市,3,李宏信,無黨籍及未經政黨推薦,18,
2014年直轄市長選舉,2014,臺北市,大安區,民炤里,臺北市,4,陳永昌,無黨籍及未經政黨推薦,5,
2014年直轄市長選舉,2014,臺北市,大安區,民炤里,臺北市,5,馮光遠,無黨籍及未經政黨推薦,27,
2014年直轄市長選舉,2014,臺北市,大安區,民炤里,臺北市,6,連勝文,中國國民黨,1800,
2014年直轄市長選舉,2014,臺北市,大安區,民炤里,臺北市,7,柯文哲,無黨籍及未經政黨推薦,2567,*
2014年直轄市長選舉,2014,臺北市,大安區,仁愛里,臺北市,1,陳汝斌,三等國民公義人權自救黨,3,
2014年直轄市長選舉,2014,臺北市,大安區,仁愛里,臺北市,2,趙衍慶,無黨籍及未經政黨推薦,17,
2014年直轄市長選舉,2014,臺北市,大安區,仁愛里,臺北市,3,李宏信,無黨籍及未經政黨推薦,2,
2014年直轄市長選舉,2014,臺北市,大安區,仁愛里,臺北市,4,陳永昌,無黨籍及未經政黨推薦,3,
2014年直轄市長選舉,2014,臺北市,大安區,仁愛里,臺北市,5,馮光遠,無黨籍及未經政黨推薦,20,
2014年直轄市長選舉,2014,臺北市,大安區,仁愛里,臺北市,6,連勝文,中國國民黨,1391,
2014年直轄市長選舉,2014,臺北市,大安區,仁愛里,臺北市,7,柯文哲,無黨籍及未經政黨推薦,1354,*
2014年直轄市長選舉,2014,臺北市,大安區,義村里,臺北市,1,陳汝斌,三等國民公義人權自救黨,4,
2014年直轄市長選舉,2014,臺北市,大安區,義村里,臺北市,2,趙衍慶,無黨籍及未經政黨推薦,35,
2014年直轄市長選舉,2014,臺北市,大安區,義村里,臺北市,3,李宏信,無黨籍及未經政黨推薦,7,
2014年直轄市長選舉,2014,臺北市,大安區,義村里,臺北市,4,陳永昌,無黨籍及未經政黨推薦,6,
2014年直轄市長選舉,2014,臺北市,大安區,義村里,臺北市,5,馮光遠,無黨籍及未經政黨推薦,17,
2014年直轄市長選舉,2014,臺北市,大安區,義村里,臺北市,6,連勝文,中國國民黨,2005,
2014年直轄市長選舉,2014,臺北市,大安區,義村里,臺北市,7,柯文哲,無黨籍及未經政黨推薦,1442,*
2014年直轄市長選舉,2014,臺北市,大安區,民輝里,臺北市,1,陳汝斌,三等國民公義人權自救黨,5,
2014年直轄市長選舉,2014,臺北市,大安區,民輝里,臺北市,2,趙衍慶,無黨籍及未經政黨推薦,40,
2014年直轄市長選舉,2014,臺北市,大安區,民輝里,臺北市,3,李宏信,無黨籍及未經政黨推薦,7,
2014年直轄市長選舉,2014,臺北市,大安區,民輝里,臺北市,4,陳永昌,無黨籍及未經政黨推薦,8,
2014年直轄市長選舉,2014,臺北市,大安區,民輝里,臺北市,5,馮光遠,無黨籍及未經政黨推薦,23,
2014年直轄市長選舉,2014,臺北市,大安區,民輝里,臺北市,6,連勝文,中國國民黨,1620,
2014年直轄市長選舉,2014,臺北市,大安區,民輝里,臺北市,7,柯文哲,無黨籍及未經政黨推薦,2180,*
2014年直轄市長選舉,2014,臺北市,大安區,昌隆里,臺北市,1,陳汝斌,三等國民公義人權自救黨,1,
2014年直轄市長選舉,2014,臺北市,大安區,昌隆里,臺北市,2,趙衍慶,無黨籍及未經政黨推薦,25,
2014年直轄市長選舉,2014,臺北市,大安區,昌隆里,臺北市,3,李宏信,無黨籍及未經政黨推薦,2,
2014年直轄市長選舉,2014,臺北市,大安區,昌隆里,臺北市,4,陳永昌,無黨籍及未經政黨推薦,0,
2014年直轄市長選舉,2014,臺北市,大安區,昌隆里,臺北市,5,馮光遠,無黨籍及未經政黨推薦,5,
2014年直轄市長選舉,2014,臺北市,大安區,昌隆里,臺北市,6,連勝文,中國國民黨,715,
2014年直轄市長選舉,2014,臺北市,大安區,昌隆里,臺北市,7,柯文哲,無黨籍及未經政黨推薦,1039,*
2014年直轄市長選舉,2014,臺北市,大安區,誠安里,臺北市,1,陳汝斌,三等國民公義人權自救黨,1,
2014年直轄市長選舉,2014,臺北市,大安區,誠安里,臺北市,2,趙衍慶,無黨籍及未經政黨推薦,23,
2014年直轄市長選舉,2014,臺北市,大安區,誠安里,臺北市,3,李宏信,無黨籍及未經政黨推薦,4,
2014年直轄市長選舉,2014,臺北市,大安區,誠安里,臺北市,4,陳永昌,無黨籍及未經政黨推薦,4,
2014年直轄市長選舉,2014,臺北市,大安區,誠安里,臺北市,5,馮光遠,無黨籍及未經政黨推薦,11,
2014年直轄市長選舉,2014,臺北市,大安區,誠安里,臺北市,6,連勝文,中國國民黨,1053,
2014年直轄市長選舉,2014,臺北市,大安區,誠安里,臺北市,7,柯文哲,無黨籍及未經政黨推薦,1331,*
2014年直轄市長選舉,2014,臺北市,大安區,光武里,臺北市,1,陳汝斌,三等國民公義人權自救黨,3,
2014年直轄市長選舉,2014,臺北市,大安區,光武里,臺北市,2,趙衍慶,無黨籍及未經政黨推薦,30,
2014年直轄市長選舉,2014,臺北市,大安區,光武里,臺北市,3,李宏信,無黨籍及未經政黨推薦,1,
2014年直轄市長選舉,2014,臺北市,大安區,光武里,臺北市,4,陳永昌,無黨籍及未經政黨推薦,1,
2014年直轄市長選舉,2014,臺北市,大安區,光武里,臺北市,5,馮光遠,無黨籍及未經政黨推薦,15,
2014年直轄市長選舉,2014,臺北市,大安區,光武里,臺北市,6,連勝文,中國國民黨,1949,
2014年直轄市長選舉,2014,臺北市,大安區,光武里,臺北市,7,柯文哲,無黨籍及未經政黨推薦,2218,*
2014年直轄市長選舉,2014,臺北市,大安區,龍坡里,臺北市,1,陳汝斌,三等國民公義人權自救黨,0,
2014年直轄市長選舉,2014,臺北市,大安區,龍坡里,臺北市,2,趙衍慶,無黨籍及未經政黨推薦,29,
2014年直轄市長選舉,2014,臺北市,大安區,龍坡里,臺北市,3,李宏信,無黨籍及未經政黨推薦,10,
2014年直轄市長選舉,2014,臺北市,大安區,龍坡里,臺北市,4,陳永昌,無黨籍及未經政黨推薦,4,
2014年直轄市長選舉,2014,臺北市,大安區,龍坡里,臺北市,5,馮光遠,無黨籍及未經政黨推薦,23,
2014年直轄市長選舉,2014,臺北市,大安區,龍坡里,臺北市,6,連勝文,中國國民黨,1428,
2014年直轄市長選舉,2014,臺北市,大安區,龍坡里,臺北市,7,柯文哲,無黨籍及未經政黨推薦,1659,*
2014年直轄市長選舉,2014,臺北市,大安區,龍泉里,臺北市,1,陳汝斌,三等國民公義人權自救黨,1,
2014年直轄市長選舉,2014,臺北市,大安區,龍泉里,臺北市,2,趙衍慶,無黨籍及未經政黨推薦,19,
2014年直轄市長選舉,2014,臺北市,大安區,龍泉里,臺北市,3,李宏信,無黨籍及未經政黨推薦,5,
2014年直轄市長選舉,2014,臺北市,大安區,龍泉里,臺北市,4,陳永昌,無黨籍及未經政黨推薦,2,
2014年直轄市長選舉,2014,臺北市,大安區,龍泉里,臺北市,5,馮光遠,無黨籍及未經政黨推薦,19,
2014年直轄市長選舉,2014,臺北市,大安區,龍泉里,臺北市,6,連勝文,中國國民黨,1089,
2014年直轄市長選舉,2014,臺北市,大安區,龍泉里,臺北市,7,柯文哲,無黨籍及未經政黨推薦,1568,*
2014年直轄市長選舉,2014,臺北市,大安區,古風里,臺北市,1,陳汝斌,三等國民公義人權自救黨,4,
2014年直轄市長選舉,2014,臺北市,大安區,古風里,臺北市,2,趙衍慶,無黨籍及未經政黨推薦,16,
2014年直轄市長選舉,2014,臺北市,大安區,古風里,臺北市,3,李宏信,無黨籍及未經政黨推薦,7,
2014年直轄市長選舉,2014,臺北市,大安區,古風里,臺北市,4,陳永昌,無黨籍及未經政黨推薦,4,
2014年直轄市長選舉,2014,臺北市,大安區,古風里,臺北市,5,馮光遠,無黨籍及未經政黨推薦,22,
2014年直轄市長選舉,2014,臺北市,大安區,古風里,臺北市,6,連勝文,中國國民黨,1029,
2014年直轄市長選舉,2014,臺北市,大安區,古風里,臺北市,7,柯文哲,無黨籍及未經政黨推薦,1405,*
2014年直轄市長選舉,2014,臺北市,大安區,古莊里,臺北市,1,陳汝斌,三等國民公義人權自救黨,7,
2014年直轄市長選舉,2014,臺北市,大安區,古莊里,臺北市,2,趙衍慶,無黨籍及未經政黨推薦,49,
2014年直轄市長選舉,2014,臺北市,大安區,古莊里,臺北市,3,李宏信,無黨籍及未經政黨推薦,7,
2014年直轄市長選舉,2014,臺北市,大安區,古莊里,臺北市,4,陳永昌,無黨籍及未經政黨推薦,4,
2014年直轄市長選舉,2014,臺北市,大安區,古莊里,臺北市,5,馮光遠,無黨籍及未經政黨推薦,19,
2014年直轄市長選舉,2014,臺北市,大安區,古莊里,臺北市,6,連勝文,中國國民黨,1690,
2014年直轄市長選舉,2014,臺北市,大安區,古莊里,臺北市,7,柯文哲,無黨籍及未經政黨推薦,2250,*
2014年直轄市長選舉,2014,臺北市,大安區,龍安里,臺北市,1,陳汝斌,三等國民公義人權自救黨,1,
2014年直轄市長選舉,2014,臺北市,大安區,龍安里,臺北市,2,趙衍慶,無黨籍及未經政黨推薦,17,
2014年直轄市長選舉,2014,臺北市,大安區,龍安里,臺北市,3,李宏信,無黨籍及未經政黨推薦,6,
2014年直轄市長選舉,2014,臺北市,大安區,龍安里,臺北市,4,陳永昌,無黨籍及未經政黨推薦,5,
2014年直轄市長選舉,2014,臺北市,大安區,龍安里,臺北市,5,馮光遠,無黨籍及未經政黨推薦,27,
2014年直轄市長選舉,2014,臺北市,大安區,龍安里,臺北市,6,連勝文,中國國民黨,1504,
2014年直轄市長選舉,2014,臺北市,大安區,龍安里,臺北市,7,柯文哲,無黨籍及未經政黨推薦,1950,*
2014年直轄市長選舉,2014,臺北市,大安區,錦安里,臺北市,1,陳汝斌,三等國民公義人權自救黨,4,
2014年直轄市長選舉,2014,臺北市,大安區,錦安里,臺北市,2,趙衍慶,無黨籍及未經政黨推薦,38,
2014年直轄市長選舉,2014,臺北市,大安區,錦安里,臺北市,3,李宏信,無黨籍及未經政黨推薦,7,
2014年直轄市長選舉,2014,臺北市,大安區,錦安里,臺北市,4,陳永昌,無黨籍及未經政黨推薦,9,
2014年直轄市長選舉,2014,臺北市,大安區,錦安里,臺北市,5,馮光遠,無黨籍及未經政黨推薦,22,
2014年直轄市長選舉,2014,臺北市,大安區,錦安里,臺北市,6,連勝文,中國國民黨,1476,
2014年直轄市長選舉,2014,臺北市,大安區,錦安里,臺北市,7,柯文哲,無黨籍及未經政黨推薦,1740,*
2014年直轄市長選舉,2014,臺北市,大安區,福住里,臺北市,1,陳汝斌,三等國民公義人權自救黨,1,
2014年直轄市長選舉,2014,臺北市,大安區,福住里,臺北市,2,趙衍慶,無黨籍及未經政黨推薦,31,
2014年直轄市長選舉,2014,臺北市,大安區,福住里,臺北市,3,李宏信,無黨籍及未經政黨推薦,9,
2014年直轄市長選舉,2014,臺北市,大安區,福住里,臺北市,4,陳永昌,無黨籍及未經政黨推薦,0,
2014年直轄市長選舉,2014,臺北市,大安區,福住里,臺北市,5,馮光遠,無黨籍及未經政黨推薦,22,
2014年直轄市長選舉,2014,臺北市,大安區,福住里,臺北市,6,連勝文,中國國民黨,1416,
2014年直轄市長選舉,2014,臺北市,大安區,福住里,臺北市,7,柯文哲,無黨籍及未經政黨推薦,1887,*
2014年直轄市長選舉,2014,臺北市,大安區,永康里,臺北市,1,陳汝斌,三等國民公義人權自救黨,1,
2014年直轄市長選舉,2014,臺北市,大安區,永康里,臺北市,2,趙衍慶,無黨籍及未經政黨推薦,26,
2014年直轄市長選舉,2014,臺北市,大安區,永康里,臺北市,3,李宏信,無黨籍及未經政黨推薦,3,
2014年直轄市長選舉,2014,臺北市,大安區,永康里,臺北市,4,陳永昌,無黨籍及未經政黨推薦,2,
2014年直轄市長選舉,2014,臺北市,大安區,永康里,臺北市,5,馮光遠,無黨籍及未經政黨推薦,18,
2014年直轄市長選舉,2014,臺北市,大安區,永康里,臺北市,6,連勝文,中國國民黨,910,
2014年直轄市長選舉,2014,臺北市,大安區,永康里,臺北市,7,柯文哲,無黨籍及未經政黨推薦,1087,*
2014年直轄市長選舉,2014,臺北市,大安區,光明里,臺北市,1,陳汝斌,三等國民公義人權自救黨,2,
2014年直轄市長選舉,2014,臺北市,大安區,光明里,臺北市,2,趙衍慶,無黨籍及未經政黨推薦,17,
2014年直轄市長選舉,2014,臺北市,大安區,光明里,臺北市,3,李宏信,無黨籍及未經政黨推薦,2,
2014年直轄市長選舉,2014,臺北市,大安區,光明里,臺北市,4,陳永昌,無黨籍及未經政黨推薦,1,
2014年直轄市長選舉,2014,臺北市,大安區,光明里,臺北市,5,馮光遠,無黨籍及未經政黨推薦,15,
2014年直轄市長選舉,2014,臺北市,大安區,光明里,臺北市,6,連勝文,中國國民黨,769,
2014年直轄市長選舉,2014,臺北市,大安區,光明里,臺北市,7,柯文哲,無黨籍及未經政黨推薦,1088,*
2014年直轄市長選舉,2014,臺北市,大安區,錦泰里,臺北市,1,陳汝斌,三等國民公義人權自救黨,0,
2014年直轄市長選舉,2014,臺北市,大安區,錦泰里,臺北市,2,趙衍慶,無黨籍及未經政黨推薦,25,
2014年直轄市長選舉,2014,臺北市,大安區,錦泰里,臺北市,3,李宏信,無黨籍及未經政黨推薦,2,
2014年直轄市長選舉,2014,臺北市,大安區,錦泰里,臺北市,4,陳永昌,無黨籍及未經政黨推薦,0,
2014年直轄市長選舉,2014,臺北市,大安區,錦泰里,臺北市,5,馮光遠,無黨籍及未經政黨推薦,11,
2014年直轄市長選舉,2014,臺北市,大安區,錦泰里,臺北市,6,連勝文,中國國民黨,927,
2014年直轄市長選舉,2014,臺北市,大安區,錦泰里,臺北市,7,柯文哲,無黨籍及未經政黨推薦,1019,*
2014年直轄市長選舉,2014,臺北市,大安區,錦華里,臺北市,1,陳汝斌,三等國民公義人權自救黨,1,
2014年直轄市長選舉,2014,臺北市,大安區,錦華里,臺北市,2,趙衍慶,無黨籍及未經政黨推薦,21,
2014年直轄市長選舉,2014,臺北市,大安區,錦華里,臺北市,3,李宏信,無黨籍及未經政黨推薦,9,
2014年直轄市長選舉,2014,臺北市,大安區,錦華里,臺北市,4,陳永昌,無黨籍及未經政黨推薦,2,
2014年直轄市長選舉,2014,臺北市,大安區,錦華里,臺北市,5,馮光遠,無黨籍及未經政黨推薦,21,
2014年直轄市長選舉,2014,臺北市,大安區,錦華里,臺北市,6,連勝文,中國國民黨,1394,
2014年直轄市長選舉,2014,臺北市,大安區,錦華里,臺北市,7,柯文哲,無黨籍及未經政黨推薦,1675,*
2014年直轄市長選舉,2014,臺北市,大安區,龍圖里,臺北市,1,陳汝斌,三等國民公義人權自救黨,5,
2014年直轄市長選舉,2014,臺北市,大安區,龍圖里,臺北市,2,趙衍慶,無黨籍及未經政黨推薦,45,
2014年直轄市長選舉,2014,臺北市,大安區,龍圖里,臺北市,3,李宏信,無黨籍及未經政黨推薦,4,
2014年直轄市長選舉,2014,臺北市,大安區,龍圖里,臺北市,4,陳永昌,無黨籍及未經政黨推薦,4,
2014年直轄市長選舉,2014,臺北市,大安區,龍圖里,臺北市,5,馮光遠,無黨籍及未經政黨推薦,31,
2014年直轄市長選舉,2014,臺北市,大安區,龍圖里,臺北市,6,連勝文,中國國民黨,1755,
2014年直轄市長選舉,2014,臺北市,大安區,龍圖里,臺北市,7,柯文哲,無黨籍及未經政黨推薦,1984,*
2014年直轄市長選舉,2014,臺北市,大安區,新龍里,臺北市,1,陳汝斌,三等國民公義人權自救黨,2,
2014年直轄市長選舉,2014,臺北市,大安區,新龍里,臺北市,2,趙衍慶,無黨籍及未經政黨推薦,50,
2014年直轄市長選舉,2014,臺北市,大安區,新龍里,臺北市,3,李宏信,無黨籍及未經政黨推薦,15,
2014年直轄市長選舉,2014,臺北市,大安區,新龍里,臺北市,4,陳永昌,無黨籍及未經政黨推薦,2,
2014年直轄市長選舉,2014,臺北市,大安區,新龍里,臺北市,5,馮光遠,無黨籍及未經政黨推薦,22,
2014年直轄市長選舉,2014,臺北市,大安區,新龍里,臺北市,6,連勝文,中國國民黨,2088,
2014年直轄市長選舉,2014,臺北市,大安區,新龍里,臺北市,7,柯文哲,無黨籍及未經政黨推薦,1699,*
2014年直轄市長選舉,2014,臺北市,大安區,龍陣里,臺北市,1,陳汝斌,三等國民公義人權自救黨,0,
2014年直轄市長選舉,2014,臺北市,大安區,龍陣里,臺北市,2,趙衍慶,無黨籍及未經政黨推薦,24,
2014年直轄市長選舉,2014,臺北市,大安區,龍陣里,臺北市,3,李宏信,無黨籍及未經政黨推薦,5,
2014年直轄市長選舉,2014,臺北市,大安區,龍陣里,臺北市,4,陳永昌,無黨籍及未經政黨推薦,1,
2014年直轄市長選舉,2014,臺北市,大安區,龍陣里,臺北市,5,馮光遠,無黨籍及未經政黨推薦,15,
2014年直轄市長選舉,2014,臺北市,大安區,龍陣里,臺北市,6,連勝文,中國國民黨,964,
2014年直轄市長選舉,2014,臺北市,大安區,龍陣里,臺北市,7,柯文哲,無黨籍及未經政黨推薦,1131,*
2014年直轄市長選舉,2014,臺北市,大安區,龍雲里,臺北市,1,陳汝斌,三等國民公義人權自救黨,5,
2014年直轄市長選舉,2014,臺北市,大安區,龍雲里,臺北市,2,趙衍慶,無黨籍及未經政黨推薦,34,
2014年直轄市長選舉,2014,臺北市,大安區,龍雲里,臺北市,3,李宏信,無黨籍及未經政黨推薦,2,
2014年直轄市長選舉,2014,臺北市,大安區,龍雲里,臺北市,4,陳永昌,無黨籍及未經政黨推薦,1,
2014年直轄市長選舉,2014,臺北市,大安區,龍雲里,臺北市,5,馮光遠,無黨籍及未經政黨推薦,16,
2014年直轄市長選舉,2014,臺北市,大安區,龍雲里,臺北市,6,連勝文,中國國民黨,1255,
2014年直轄市長選舉,2014,臺北市,大安區,龍雲里,臺北市,7,柯文哲,無黨籍及未經政黨推薦,1497,*
2014年直轄市長選舉,2014,臺北市,大安區,龍生里,臺北市,1,陳汝斌,三等國民公義人權自救黨,2,
2014年直轄市長選舉,2014,臺北市,大安區,龍生里,臺北市,2,趙衍慶,無黨籍及未經政黨推薦,30,
2014年直轄市長選舉,2014,臺北市,大安區,龍生里,臺北市,3,李宏信,無黨籍及未經政黨推薦,8,
2014年直轄市長選舉,2014,臺北市,大安區,龍生里,臺北市,4,陳永昌,無黨籍及未經政黨推薦,4,
2014年直轄市長選舉,2014,臺北市,大安區,龍生里,臺北市,5,馮光遠,無黨籍及未經政黨推薦,24,
2014年直轄市長選舉,2014,臺北市,大安區,龍生里,臺北市,6,連勝文,中國國民黨,1745,
2014年直轄市長選舉,2014,臺北市,大安區,龍生里,臺北市,7,柯文哲,無黨籍及未經政黨推薦,1893,*
2014年直轄市長選舉,2014,臺北市,大安區,住安里,臺北市,1,陳汝斌,三等國民公義人權自救黨,4,
2014年直轄市長選舉,2014,臺北市,大安區,住安里,臺北市,2,趙衍慶,無黨籍及未經政黨推薦,36,
2014年直轄市長選舉,2014,臺北市,大安區,住安里,臺北市,3,李宏信,無黨籍及未經政黨推薦,7,
2014年直轄市長選舉,2014,臺北市,大安區,住安里,臺北市,4,陳永昌,無黨籍及未經政黨推薦,5,
2014年直轄市長選舉,2014,臺北市,大安區,住安里,臺北市,5,馮光遠,無黨籍及未經政黨推薦,13,
2014年直轄市長選舉,2014,臺北市,大安區,住安里,臺北市,6,連勝文,中國國民黨,1372,
2014年直轄市長選舉,2014,臺北市,大安區,住安里,臺北市,7,柯文哲,無黨籍及未經政黨推薦,1481,*
2014年直轄市長選舉,2014,臺北市,大安區,義安里,臺北市,1,陳汝斌,三等國民公義人權自救黨,2,
2014年直轄市長選舉,2014,臺北市,大安區,義安里,臺北市,2,趙衍慶,無黨籍及未經政黨推薦,27,
2014年直轄市長選舉,2014,臺北市,大安區,義安里,臺北市,3,李宏信,無黨籍及未經政黨推薦,9,
2014年直轄市長選舉,2014,臺北市,大安區,義安里,臺北市,4,陳永昌,無黨籍及未經政黨推薦,4,
2014年直轄市長選舉,2014,臺北市,大安區,義安里,臺北市,5,馮光遠,無黨籍及未經政黨推薦,16,
2014年直轄市長選舉,2014,臺北市,大安區,義安里,臺北市,6,連勝文,中國國民黨,1531,
2014年直轄市長選舉,2014,臺北市,大安區,義安里,臺北市,7,柯文哲,無黨籍及未經政黨推薦,1464,*
2014年直轄市長選舉,2014,臺北市,大安區,通化里,臺北市,1,陳汝斌,三等國民公義人權自救黨,10,
2014年直轄市長選舉,2014,臺北市,大安區,通化里,臺北市,2,趙衍慶,無黨籍及未經政黨推薦,39,
2014年直轄市長選舉,2014,臺北市,大安區,通化里,臺北市,3,李宏信,無黨籍及未經政黨推薦,10,
2014年直轄市長選舉,2014,臺北市,大安區,通化里,臺北市,4,陳永昌,無黨籍及未經政黨推薦,8,
2014年直轄市長選舉,2014,臺北市,大安區,通化里,臺北市,5,馮光遠,無黨籍及未經政黨推薦,23,
2014年直轄市長選舉,2014,臺北市,大安區,通化里,臺北市,6,連勝文,中國國民黨,1450,
2014年直轄市長選舉,2014,臺北市,大安區,通化里,臺北市,7,柯文哲,無黨籍及未經政黨推薦,2157,*
2014年直轄市長選舉,2014,臺北市,大安區,通安里,臺北市,1,陳汝斌,三等國民公義人權自救黨,2,
2014年直轄市長選舉,2014,臺北市,大安區,通安里,臺北市,2,趙衍慶,無黨籍及未經政黨推薦,31,
2014年直轄市長選舉,2014,臺北市,大安區,通安里,臺北市,3,李宏信,無黨籍及未經政黨推薦,1,
2014年直轄市長選舉,2014,臺北市,大安區,通安里,臺北市,4,陳永昌,無黨籍及未經政黨推薦,5,
2014年直轄市長選舉,2014,臺北市,大安區,通安里,臺北市,5,馮光遠,無黨籍及未經政黨推薦,15,
2014年直轄市長選舉,2014,臺北市,大安區,通安里,臺北市,6,連勝文,中國國民黨,1405,
2014年直轄市長選舉,2014,臺北市,大安區,通安里,臺北市,7,柯文哲,無黨籍及未經政黨推薦,1811,*
2014年直轄市長選舉,2014,臺北市,大安區,臨江里,臺北市,1,陳汝斌,三等國民公義人權自救黨,4,
2014年直轄市長選舉,2014,臺北市,大安區,臨江里,臺北市,2,趙衍慶,無黨籍及未經政黨推薦,28,
2014年直轄市長選舉,2014,臺北市,大安區,臨江里,臺北市,3,李宏信,無黨籍及未經政黨推薦,5,
2014年直轄市長選舉,2014,臺北市,大安區,臨江里,臺北市,4,陳永昌,無黨籍及未經政黨推薦,7,
2014年直轄市長選舉,2014,臺北市,大安區,臨江里,臺北市,5,馮光遠,無黨籍及未經政黨推薦,13,
2014年直轄市長選舉,2014,臺北市,大安區,臨江里,臺北市,6,連勝文,中國國民黨,1071,
2014年直轄市長選舉,2014,臺北市,大安區,臨江里,臺北市,7,柯文哲,無黨籍及未經政黨推薦,1390,*
2014年直轄市長選舉,2014,臺北市,大安區,法治里,臺北市,1,陳汝斌,三等國民公義人權自救黨,1,
2014年直轄市長選舉,2014,臺北市,大安區,法治里,臺北市,2,趙衍慶,無黨籍及未經政黨推薦,27,
2014年直轄市長選舉,2014,臺北市,大安區,法治里,臺北市,3,李宏信,無黨籍及未經政黨推薦,3,
2014年直轄市長選舉,2014,臺北市,大安區,法治里,臺北市,4,陳永昌,無黨籍及未經政黨推薦,2,
2014年直轄市長選舉,2014,臺北市,大安區,法治里,臺北市,5,馮光遠,無黨籍及未經政黨推薦,14,
2014年直轄市長選舉,2014,臺北市,大安區,法治里,臺北市,6,連勝文,中國國民黨,1261,
2014年直轄市長選舉,2014,臺北市,大安區,法治里,臺北市,7,柯文哲,無黨籍及未經政黨推薦,1288,*
2014年直轄市長選舉,2014,臺北市,大安區,全安里,臺北市,1,陳汝斌,三等國民公義人權自救黨,2,
2014年直轄市長選舉,2014,臺北市,大安區,全安里,臺北市,2,趙衍慶,無黨籍及未經政黨推薦,25,
2014年直轄市長選舉,2014,臺北市,大安區,全安里,臺北市,3,李宏信,無黨籍及未經政黨推薦,2,
2014年直轄市長選舉,2014,臺北市,大安區,全安里,臺北市,4,陳永昌,無黨籍及未經政黨推薦,0,
2014年直轄市長選舉,2014,臺北市,大安區,全安里,臺北市,5,馮光遠,無黨籍及未經政黨推薦,13,
2014年直轄市長選舉,2014,臺北市,大安區,全安里,臺北市,6,連勝文,中國國民黨,1150,
2014年直轄市長選舉,2014,臺北市,大安區,全安里,臺北市,7,柯文哲,無黨籍及未經政黨推薦,1299,*
2014年直轄市長選舉,2014,臺北市,大安區,群賢里,臺北市,1,陳汝斌,三等國民公義人權自救黨,2,
2014年直轄市長選舉,2014,臺北市,大安區,群賢里,臺北市,2,趙衍慶,無黨籍及未經政黨推薦,47,
2014年直轄市長選舉,2014,臺北市,大安區,群賢里,臺北市,3,李宏信,無黨籍及未經政黨推薦,7,
2014年直轄市長選舉,2014,臺北市,大安區,群賢里,臺北市,4,陳永昌,無黨籍及未經政黨推薦,4,
2014年直轄市長選舉,2014,臺北市,大安區,群賢里,臺北市,5,馮光遠,無黨籍及未經政黨推薦,19,
2014年直轄市長選舉,2014,臺北市,大安區,群賢里,臺北市,6,連勝文,中國國民黨,1650,
2014年直轄市長選舉,2014,臺北市,大安區,群賢里,臺北市,7,柯文哲,無黨籍及未經政黨推薦,1637,*
2014年直轄市長選舉,2014,臺北市,大安區,群英里,臺北市,1,陳汝斌,三等國民公義人權自救黨,1,
2014年直轄市長選舉,2014,臺北市,大安區,群英里,臺北市,2,趙衍慶,無黨籍及未經政黨推薦,56,
2014年直轄市長選舉,2014,臺北市,大安區,群英里,臺北市,3,李宏信,無黨籍及未經政黨推薦,5,
2014年直轄市長選舉,2014,臺北市,大安區,群英里,臺北市,4,陳永昌,無黨籍及未經政黨推薦,6,
2014年直轄市長選舉,2014,臺北市,大安區,群英里,臺北市,5,馮光遠,無黨籍及未經政黨推薦,32,
2014年直轄市長選舉,2014,臺北市,大安區,群英里,臺北市,6,連勝文,中國國民黨,2529,
2014年直轄市長選舉,2014,臺北市,大安區,群英里,臺北市,7,柯文哲,無黨籍及未經政黨推薦,1578,*
2014年直轄市長選舉,2014,臺北市,大安區,虎嘯里,臺北市,1,陳汝斌,三等國民公義人權自救黨,1,
2014年直轄市長選舉,2014,臺北市,大安區,虎嘯里,臺北市,2,趙衍慶,無黨籍及未經政黨推薦,16,
2014年直轄市長選舉,2014,臺北市,大安區,虎嘯里,臺北市,3,李宏信,無黨籍及未經政黨推薦,6,
2014年直轄市長選舉,2014,臺北市,大安區,虎嘯里,臺北市,4,陳永昌,無黨籍及未經政黨推薦,2,
2014年直轄市長選舉,2014,臺北市,大安區,虎嘯里,臺北市,5,馮光遠,無黨籍及未經政黨推薦,16,
2014年直轄市長選舉,2014,臺北市,大安區,虎嘯里,臺北市,6,連勝文,中國國民黨,1016,
2014年直轄市長選舉,2014,臺北市,大安區,虎嘯里,臺北市,7,柯文哲,無黨籍及未經政黨推薦,1044,*
2014年直轄市長選舉,2014,臺北市,大安區,臥龍里,臺北市,1,陳汝斌,三等國民公義人權自救黨,0,
2014年直轄市長選舉,2014,臺北市,大安區,臥龍里,臺北市,2,趙衍慶,無黨籍及未經政黨推薦,8,
2014年直轄市長選舉,2014,臺北市,大安區,臥龍里,臺北市,3,李宏信,無黨籍及未經政黨推薦,3,
2014年直轄市長選舉,2014,臺北市,大安區,臥龍里,臺北市,4,陳永昌,無黨籍及未經政黨推薦,0,
2014年直轄市長選舉,2014,臺北市,大安區,臥龍里,臺北市,5,馮光遠,無黨籍及未經政黨推薦,10,
2014年直轄市長選舉,2014,臺北市,大安區,臥龍里,臺北市,6,連勝文,中國國民黨,543,
2014年直轄市長選舉,2014,臺北市,大安區,臥龍里,臺北市,7,柯文哲,無黨籍及未經政黨推薦,490,*
2014年直轄市長選舉,2014,臺北市,大安區,龍淵里,臺北市,1,陳汝斌,三等國民公義人權自救黨,3,
2014年直轄市長選舉,2014,臺北市,大安區,龍淵里,臺北市,2,趙衍慶,無黨籍及未經政黨推薦,66,
2014年直轄市長選舉,2014,臺北市,大安區,龍淵里,臺北市,3,李宏信,無黨籍及未經政黨推薦,8,
2014年直轄市長選舉,2014,臺北市,大安區,龍淵里,臺北市,4,陳永昌,無黨籍及未經政黨推薦,1,
2014年直轄市長選舉,2014,臺北市,大安區,龍淵里,臺北市,5,馮光遠,無黨籍及未經政黨推薦,45,
2014年直轄市長選舉,2014,臺北市,大安區,龍淵里,臺北市,6,連勝文,中國國民黨,2190,
2014年直轄市長選舉,2014,臺北市,大安區,龍淵里,臺北市,7,柯文哲,無黨籍及未經政黨推薦,2861,*
2014年直轄市長選舉,2014,臺北市,大安區,龍門里,臺北市,1,陳汝斌,三等國民公義人權自救黨,1,
2014年直轄市長選舉,2014,臺北市,大安區,龍門里,臺北市,2,趙衍慶,無黨籍及未經政黨推薦,23,
2014年直轄市長選舉,2014,臺北市,大安區,龍門里,臺北市,3,李宏信,無黨籍及未經政黨推薦,5,
2014年直轄市長選舉,2014,臺北市,大安區,龍門里,臺北市,4,陳永昌,無黨籍及未經政黨推薦,1,
2014年直轄市長選舉,2014,臺北市,大安區,龍門里,臺北市,5,馮光遠,無黨籍及未經政黨推薦,13,
2014年直轄市長選舉,2014,臺北市,大安區,龍門里,臺北市,6,連勝文,中國國民黨,1048,
2014年直轄市長選舉,2014,臺北市,大安區,龍門里,臺北市,7,柯文哲,無黨籍及未經政黨推薦,1329,*
2014年直轄市長選舉,2014,臺北市,大安區,大學里,臺北市,1,陳汝斌,三等國民公義人權自救黨,3,
2014年直轄市長選舉,2014,臺北市,大安區,大學里,臺北市,2,趙衍慶,無黨籍及未經政黨推薦,56,
2014年直轄市長選舉,2014,臺北市,大安區,大學里,臺北市,3,李宏信,無黨籍及未經政黨推薦,10,
2014年直轄市長選舉,2014,臺北市,大安區,大學里,臺北市,4,陳永昌,無黨籍及未經政黨推薦,4,
2014年直轄市長選舉,2014,臺北市,大安區,大學里,臺北市,5,馮光遠,無黨籍及未經政黨推薦,43,
2014年直轄市長選舉,2014,臺北市,大安區,大學里,臺北市,6,連勝文,中國國民黨,2067,
2014年直轄市長選舉,2014,臺北市,大安區,大學里,臺北市,7,柯文哲,無黨籍及未經政黨推薦,2655,*
2014年直轄市長選舉,2014,臺北市,大安區,芳和里,臺北市,1,陳汝斌,三等國民公義人權自救黨,4,
2014年直轄市長選舉,2014,臺北市,大安區,芳和里,臺北市,2,趙衍慶,無黨籍及未經政黨推薦,33,
2014年直轄市長選舉,2014,臺北市,大安區,芳和里,臺北市,3,李宏信,無黨籍及未經政黨推薦,6,
2014年直轄市長選舉,2014,臺北市,大安區,芳和里,臺北市,4,陳永昌,無黨籍及未經政黨推薦,4,
2014年直轄市長選舉,2014,臺北市,大安區,芳和里,臺北市,5,馮光遠,無黨籍及未經政黨推薦,26,
2014年直轄市長選舉,2014,臺北市,大安區,芳和里,臺北市,6,連勝文,中國國民黨,1552,
2014年直轄市長選舉,2014,臺北市,大安區,芳和里,臺北市,7,柯文哲,無黨籍及未經政黨推薦,1768,*
2014年直轄市長選舉,2014,臺北市,大安區,黎元里,臺北市,1,陳汝斌,三等國民公義人權自救黨,3,
2014年直轄市長選舉,2014,臺北市,大安區,黎元里,臺北市,2,趙衍慶,無黨籍及未經政黨推薦,44,
2014年直轄市長選舉,2014,臺北市,大安區,黎元里,臺北市,3,李宏信,無黨籍及未經政黨推薦,5,
2014年直轄市長選舉,2014,臺北市,大安區,黎元里,臺北市,4,陳永昌,無黨籍及未經政黨推薦,2,
2014年直轄市長選舉,2014,臺北市,大安區,黎元里,臺北市,5,馮光遠,無黨籍及未經政黨推薦,27,
2014年直轄市長選舉,2014,臺北市,大安區,黎元里,臺北市,6,連勝文,中國國民黨,1389,
2014年直轄市長選舉,2014,臺北市,大安區,黎元里,臺北市,7,柯文哲,無黨籍及未經政黨推薦,1854,*
2014年直轄市長選舉,2014,臺北市,大安區,黎孝里,臺北市,1,陳汝斌,三等國民公義人權自救黨,2,
2014年直轄市長選舉,2014,臺北市,大安區,黎孝里,臺北市,2,趙衍慶,無黨籍及未經政黨推薦,66,
2014年直轄市長選舉,2014,臺北市,大安區,黎孝里,臺北市,3,李宏信,無黨籍及未經政黨推薦,5,
2014年直轄市長選舉,2014,臺北市,大安區,黎孝里,臺北市,4,陳永昌,無黨籍及未經政黨推薦,7,
2014年直轄市長選舉,2014,臺北市,大安區,黎孝里,臺北市,5,馮光遠,無黨籍及未經政黨推薦,27,
2014年直轄市長選舉,2014,臺北市,大安區,黎孝里,臺北市,6,連勝文,中國國民黨,2157,
2014年直轄市長選舉,2014,臺北市,大安區,黎孝里,臺北市,7,柯文哲,無黨籍及未經政黨推薦,2459,*
2014年直轄市長選舉,2014,臺北市,大安區,黎和里,臺北市,1,陳汝斌,三等國民公義人權自救黨,2,
2014年直轄市長選舉,2014,臺北市,大安區,黎和里,臺北市,2,趙衍慶,無黨籍及未經政黨推薦,35,
2014年直轄市長選舉,2014,臺北市,大安區,黎和里,臺北市,3,李宏信,無黨籍及未經政黨推薦,6,
2014年直轄市長選舉,2014,臺北市,大安區,黎和里,臺北市,4,陳永昌,無黨籍及未經政黨推薦,3,
2014年直轄市長選舉,2014,臺北市,大安區,黎和里,臺北市,5,馮光遠,無黨籍及未經政黨推薦,24,
2014年直轄市長選舉,2014,臺北市,大安區,黎和里,臺北市,6,連勝文,中國國民黨,1386,
2014年直轄市長選舉,2014,臺北市,大安區,黎和里,臺北市,7,柯文哲,無黨籍及未經政黨推薦,1379,*
2014年直轄市長選舉,2014,臺北市,大安區,建安里,臺北市,1,陳汝斌,三等國民公義人權自救黨,5,
2014年直轄市長選舉,2014,臺北市,大安區,建安里,臺北市,2,趙衍慶,無黨籍及未經政黨推薦,28,
2014年直轄市長選舉,2014,臺北市,大安區,建安里,臺北市,3,李宏信,無黨籍及未經政黨推薦,5,
2014年直轄市長選舉,2014,臺北市,大安區,建安里,臺北市,4,陳永昌,無黨籍及未經政黨推薦,1,
2014年直轄市長選舉,2014,臺北市,大安區,建安里,臺北市,5,馮光遠,無黨籍及未經政黨推薦,11,
2014年直轄市長選舉,2014,臺北市,大安區,建安里,臺北市,6,連勝文,中國國民黨,1312,
2014年直轄市長選舉,2014,臺北市,大安區,建安里,臺北市,7,柯文哲,無黨籍及未經政黨推薦,1309,*
2014年直轄市長選舉,2014,臺北市,大安區,建倫里,臺北市,1,陳汝斌,三等國民公義人權自救黨,2,
2014年直轄市長選舉,2014,臺北市,大安區,建倫里,臺北市,2,趙衍慶,無黨籍及未經政黨推薦,25,
2014年直轄市長選舉,2014,臺北市,大安區,建倫里,臺北市,3,李宏信,無黨籍及未經政黨推薦,6,
2014年直轄市長選舉,2014,臺北市,大安區,建倫里,臺北市,4,陳永昌,無黨籍及未經政黨推薦,3,
2014年直轄市長選舉,2014,臺北市,大安區,建倫里,臺北市,5,馮光遠,無黨籍及未經政黨推薦,13,
2014年直轄市長選舉,2014,臺北市,大安區,建倫里,臺北市,6,連勝文,中國國民黨,1578,
2014年直轄市長選舉,2014,臺北市,大安區,建倫里,臺北市,7,柯文哲,無黨籍及未經政黨推薦,1621,*
2014年直轄市長選舉,2014,臺北市,大安區,敦安里,臺北市,1,陳汝斌,三等國民公義人權自救黨,1,
2014年直轄市長選舉,2014,臺北市,大安區,敦安里,臺北市,2,趙衍慶,無黨籍及未經政黨推薦,27,
2014年直轄市長選舉,2014,臺北市,大安區,敦安里,臺北市,3,李宏信,無黨籍及未經政黨推薦,5,
2014年直轄市長選舉,2014,臺北市,大安區,敦安里,臺北市,4,陳永昌,無黨籍及未經政黨推薦,2,
2014年直轄市長選舉,2014,臺北市,大安區,敦安里,臺北市,5,馮光遠,無黨籍及未經政黨推薦,14,
2014年直轄市長選舉,2014,臺北市,大安區,敦安里,臺北市,6,連勝文,中國國民黨,1444,
2014年直轄市長選舉,2014,臺北市,大安區,敦安里,臺北市,7,柯文哲,無黨籍及未經政黨推薦,1847,*
2014年直轄市長選舉,2014,臺北市,大安區,正聲里,臺北市,1,陳汝斌,三等國民公義人權自救黨,3,
2014年直轄市長選舉,2014,臺北市,大安區,正聲里,臺北市,2,趙衍慶,無黨籍及未經政黨推薦,26,
2014年直轄市長選舉,2014,臺北市,大安區,正聲里,臺北市,3,李宏信,無黨籍及未經政黨推薦,7,
2014年直轄市長選舉,2014,臺北市,大安區,正聲里,臺北市,4,陳永昌,無黨籍及未經政黨推薦,1,
2014年直轄市長選舉,2014,臺北市,大安區,正聲里,臺北市,5,馮光遠,無黨籍及未經政黨推薦,22,
2014年直轄市長選舉,2014,臺北市,大安區,正聲里,臺北市,6,連勝文,中國國民黨,1253,
2014年直轄市長選舉,2014,臺北市,大安區,正聲里,臺北市,7,柯文哲,無黨籍及未經政黨推薦,1359,*
2014年直轄市長選舉,2014,臺北市,大安區,敦煌里,臺北市,1,陳汝斌,三等國民公義人權自救黨,2,
2014年直轄市長選舉,2014,臺北市,大安區,敦煌里,臺北市,2,趙衍慶,無黨籍及未經政黨推薦,37,
2014年直轄市長選舉,2014,臺北市,大安區,敦煌里,臺北市,3,李宏信,無黨籍及未經政黨推薦,8,
2014年直轄市長選舉,2014,臺北市,大安區,敦煌里,臺北市,4,陳永昌,無黨籍及未經政黨推薦,1,
2014年直轄市長選舉,2014,臺北市,大安區,敦煌里,臺北市,5,馮光遠,無黨籍及未經政黨推薦,18,
2014年直轄市長選舉,2014,臺北市,大安區,敦煌里,臺北市,6,連勝文,中國國民黨,1475,
2014年直轄市長選舉,2014,臺北市,大安區,敦煌里,臺北市,7,柯文哲,無黨籍及未經政黨推薦,1852,*
2014年直轄市長選舉,2014,臺北市,大安區,華聲里,臺北市,1,陳汝斌,三等國民公義人權自救黨,1,
2014年直轄市長選舉,2014,臺北市,大安區,華聲里,臺北市,2,趙衍慶,無黨籍及未經政黨推薦,17,
2014年直轄市長選舉,2014,臺北市,大安區,華聲里,臺北市,3,李宏信,無黨籍及未經政黨推薦,2,
2014年直轄市長選舉,2014,臺北市,大安區,華聲里,臺北市,4,陳永昌,無黨籍及未經政黨推薦,6,
2014年直轄市長選舉,2014,臺北市,大安區,華聲里,臺北市,5,馮光遠,無黨籍及未經政黨推薦,18,
2014年直轄市長選舉,2014,臺北市,大安區,華聲里,臺北市,6,連勝文,中國國民黨,1038,
2014年直轄市長選舉,2014,臺北市,大安區,華聲里,臺北市,7,柯文哲,無黨籍及未經政黨推薦,1214,*
2014年直轄市長選舉,2014,臺北市,大安區,車層里,臺北市,1,陳汝斌,三等國民公義人權自救黨,3,
2014年直轄市長選舉,2014,臺北市,大安區,車層里,臺北市,2,趙衍慶,無黨籍及未經政黨推薦,30,
2014年直轄市長選舉,2014,臺北市,大安區,車層里,臺北市,3,李宏信,無黨籍及未經政黨推薦,3,
2014年直轄市長選舉,2014,臺北市,大安區,車層里,臺北市,4,陳永昌,無黨籍及未經政黨推薦,1,
2014年直轄市長選舉,2014,臺北市,大安區,車層里,臺北市,5,馮光遠,無黨籍及未經政黨推薦,12,
2014年直轄市長選舉,2014,臺北市,大安區,車層里,臺北市,6,連勝文,中國國民黨,1546,
2014年直轄市長選舉,2014,臺北市,大安區,車層里,臺北市,7,柯文哲,無黨籍及未經政黨推薦,1963,*
2014年直轄市長選舉,2014,臺北市,大安區,光信里,臺北市,1,陳汝斌,三等國民公義人權自救黨,4,
2014年直轄市長選舉,2014,臺北市,大安區,光信里,臺北市,2,趙衍慶,無黨籍及未經政黨推薦,36,
2014年直轄市長選舉,2014,臺北市,大安區,光信里,臺北市,3,李宏信,無黨籍及未經政黨推薦,6,
2014年直轄市長選舉,2014,臺北市,大安區,光信里,臺北市,4,陳永昌,無黨籍及未經政黨推薦,5,
2014年直轄市長選舉,2014,臺北市,大安區,光信里,臺北市,5,馮光遠,無黨籍及未經政黨推薦,26,
2014年直轄市長選舉,2014,臺北市,大安區,光信里,臺北市,6,連勝文,中國國民黨,2091,
2014年直轄市長選舉,2014,臺北市,大安區,光信里,臺北市,7,柯文哲,無黨籍及未經政黨推薦,2374,*
2014年直轄市長選舉,2014,臺北市,大安區,學府里,臺北市,1,陳汝斌,三等國民公義人權自救黨,0,
2014年直轄市長選舉,2014,臺北市,大安區,學府里,臺北市,2,趙衍慶,無黨籍及未經政黨推薦,18,
2014年直轄市長選舉,2014,臺北市,大安區,學府里,臺北市,3,李宏信,無黨籍及未經政黨推薦,3,
2014年直轄市長選舉,2014,臺北市,大安區,學府里,臺北市,4,陳永昌,無黨籍及未經政黨推薦,4,
2014年直轄市長選舉,2014,臺北市,大安區,學府里,臺北市,5,馮光遠,無黨籍及未經政黨推薦,6,
2014年直轄市長選舉,2014,臺北市,大安區,學府里,臺北市,6,連勝文,中國國民黨,894,
2014年直轄市長選舉,2014,臺北市,大安區,學府里,臺北市,7,柯文哲,無黨籍及未經政黨推薦,724,*
2014年直轄市長選舉,2014,臺北市,中山區,正守里,臺北市,1,陳汝斌,三等國民公義人權自救黨,2,
2014年直轄市長選舉,2014,臺北市,中山區,正守里,臺北市,2,趙衍慶,無黨籍及未經政黨推薦,16,
2014年直轄市長選舉,2014,臺北市,中山區,正守里,臺北市,3,李宏信,無黨籍及未經政黨推薦,3,
2014年直轄市長選舉,2014,臺北市,中山區,正守里,臺北市,4,陳永昌,無黨籍及未經政黨推薦,1,
2014年直轄市長選舉,2014,臺北市,中山區,正守里,臺北市,5,馮光遠,無黨籍及未經政黨推薦,9,
2014年直轄市長選舉,2014,臺北市,中山區,正守里,臺北市,6,連勝文,中國國民黨,708,
2014年直轄市長選舉,2014,臺北市,中山區,正守里,臺北市,7,柯文哲,無黨籍及未經政黨推薦,1151,*
2014年直轄市長選舉,2014,臺北市,中山區,正義里,臺北市,1,陳汝斌,三等國民公義人權自救黨,1,
2014年直轄市長選舉,2014,臺北市,中山區,正義里,臺北市,2,趙衍慶,無黨籍及未經政黨推薦,18,
2014年直轄市長選舉,2014,臺北市,中山區,正義里,臺北市,3,李宏信,無黨籍及未經政黨推薦,5,
2014年直轄市長選舉,2014,臺北市,中山區,正義里,臺北市,4,陳永昌,無黨籍及未經政黨推薦,5,
2014年直轄市長選舉,2014,臺北市,中山區,正義里,臺北市,5,馮光遠,無黨籍及未經政黨推薦,15,
2014年直轄市長選舉,2014,臺北市,中山區,正義里,臺北市,6,連勝文,中國國民黨,1136,
2014年直轄市長選舉,2014,臺北市,中山區,正義里,臺北市,7,柯文哲,無黨籍及未經政黨推薦,1607,*
2014年直轄市長選舉,2014,臺北市,中山區,正得里,臺北市,1,陳汝斌,三等國民公義人權自救黨,7,
2014年直轄市長選舉,2014,臺北市,中山區,正得里,臺北市,2,趙衍慶,無黨籍及未經政黨推薦,18,
2014年直轄市長選舉,2014,臺北市,中山區,正得里,臺北市,3,李宏信,無黨籍及未經政黨推薦,0,
2014年直轄市長選舉,2014,臺北市,中山區,正得里,臺北市,4,陳永昌,無黨籍及未經政黨推薦,2,
2014年直轄市長選舉,2014,臺北市,中山區,正得里,臺北市,5,馮光遠,無黨籍及未經政黨推薦,13,
2014年直轄市長選舉,2014,臺北市,中山區,正得里,臺北市,6,連勝文,中國國民黨,862,
2014年直轄市長選舉,2014,臺北市,中山區,正得里,臺北市,7,柯文哲,無黨籍及未經政黨推薦,1131,*
2014年直轄市長選舉,2014,臺北市,中山區,民安里,臺北市,1,陳汝斌,三等國民公義人權自救黨,4,
2014年直轄市長選舉,2014,臺北市,中山區,民安里,臺北市,2,趙衍慶,無黨籍及未經政黨推薦,23,
2014年直轄市長選舉,2014,臺北市,中山區,民安里,臺北市,3,李宏信,無黨籍及未經政黨推薦,5,
2014年直轄市長選舉,2014,臺北市,中山區,民安里,臺北市,4,陳永昌,無黨籍及未經政黨推薦,3,
2014年直轄市長選舉,2014,臺北市,中山區,民安里,臺北市,5,馮光遠,無黨籍及未經政黨推薦,22,
2014年直轄市長選舉,2014,臺北市,中山區,民安里,臺北市,6,連勝文,中國國民黨,972,
2014年直轄市長選舉,2014,臺北市,中山區,民安里,臺北市,7,柯文哲,無黨籍及未經政黨推薦,1769,*
2014年直轄市長選舉,2014,臺北市,中山區,康樂里,臺北市,1,陳汝斌,三等國民公義人權自救黨,1,
2014年直轄市長選舉,2014,臺北市,中山區,康樂里,臺北市,2,趙衍慶,無黨籍及未經政黨推薦,14,
2014年直轄市長選舉,2014,臺北市,中山區,康樂里,臺北市,3,李宏信,無黨籍及未經政黨推薦,4,
2014年直轄市長選舉,2014,臺北市,中山區,康樂里,臺北市,4,陳永昌,無黨籍及未經政黨推薦,2,
2014年直轄市長選舉,2014,臺北市,中山區,康樂里,臺北市,5,馮光遠,無黨籍及未經政黨推薦,6,
2014年直轄市長選舉,2014,臺北市,中山區,康樂里,臺北市,6,連勝文,中國國民黨,598,
2014年直轄市長選舉,2014,臺北市,中山區,康樂里,臺北市,7,柯文哲,無黨籍及未經政黨推薦,826,*
2014年直轄市長選舉,2014,臺北市,中山區,中山里,臺北市,1,陳汝斌,三等國民公義人權自救黨,6,
2014年直轄市長選舉,2014,臺北市,中山區,中山里,臺北市,2,趙衍慶,無黨籍及未經政黨推薦,42,
2014年直轄市長選舉,2014,臺北市,中山區,中山里,臺北市,3,李宏信,無黨籍及未經政黨推薦,3,
2014年直轄市長選舉,2014,臺北市,中山區,中山里,臺北市,4,陳永昌,無黨籍及未經政黨推薦,2,
2014年直轄市長選舉,2014,臺北市,中山區,中山里,臺北市,5,馮光遠,無黨籍及未經政黨推薦,16,
2014年直轄市長選舉,2014,臺北市,中山區,中山里,臺北市,6,連勝文,中國國民黨,1285,
2014年直轄市長選舉,2014,臺北市,中山區,中山里,臺北市,7,柯文哲,無黨籍及未經政黨推薦,2119,*
2014年直轄市長選舉,2014,臺北市,中山區,聚盛里,臺北市,1,陳汝斌,三等國民公義人權自救黨,7,
2014年直轄市長選舉,2014,臺北市,中山區,聚盛里,臺北市,2,趙衍慶,無黨籍及未經政黨推薦,26,
2014年直轄市長選舉,2014,臺北市,中山區,聚盛里,臺北市,3,李宏信,無黨籍及未經政黨推薦,5,
2014年直轄市長選舉,2014,臺北市,中山區,聚盛里,臺北市,4,陳永昌,無黨籍及未經政黨推薦,1,
2014年直轄市長選舉,2014,臺北市,中山區,聚盛里,臺北市,5,馮光遠,無黨籍及未經政黨推薦,14,
2014年直轄市長選舉,2014,臺北市,中山區,聚盛里,臺北市,6,連勝文,中國國民黨,1011,
2014年直轄市長選舉,2014,臺北市,中山區,聚盛里,臺北市,7,柯文哲,無黨籍及未經政黨推薦,1341,*
2014年直轄市長選舉,2014,臺北市,中山區,集英里,臺北市,1,陳汝斌,三等國民公義人權自救黨,4,
2014年直轄市長選舉,2014,臺北市,中山區,集英里,臺北市,2,趙衍慶,無黨籍及未經政黨推薦,40,
2014年直轄市長選舉,2014,臺北市,中山區,集英里,臺北市,3,李宏信,無黨籍及未經政黨推薦,2,
2014年直轄市長選舉,2014,臺北市,中山區,集英里,臺北市,4,陳永昌,無黨籍及未經政黨推薦,4,
2014年直轄市長選舉,2014,臺北市,中山區,集英里,臺北市,5,馮光遠,無黨籍及未經政黨推薦,16,
2014年直轄市長選舉,2014,臺北市,中山區,集英里,臺北市,6,連勝文,中國國民黨,1353,
2014年直轄市長選舉,2014,臺北市,中山區,集英里,臺北市,7,柯文哲,無黨籍及未經政黨推薦,2638,*
2014年直轄市長選舉,2014,臺北市,中山區,聚葉里,臺北市,1,陳汝斌,三等國民公義人權自救黨,0,
2014年直轄市長選舉,2014,臺北市,中山區,聚葉里,臺北市,2,趙衍慶,無黨籍及未經政黨推薦,20,
2014年直轄市長選舉,2014,臺北市,中山區,聚葉里,臺北市,3,李宏信,無黨籍及未經政黨推薦,3,
2014年直轄市長選舉,2014,臺北市,中山區,聚葉里,臺北市,4,陳永昌,無黨籍及未經政黨推薦,0,
2014年直轄市長選舉,2014,臺北市,中山區,聚葉里,臺北市,5,馮光遠,無黨籍及未經政黨推薦,13,
2014年直轄市長選舉,2014,臺北市,中山區,聚葉里,臺北市,6,連勝文,中國國民黨,874,
2014年直轄市長選舉,2014,臺北市,中山區,聚葉里,臺北市,7,柯文哲,無黨籍及未經政黨推薦,1334,*
2014年直轄市長選舉,2014,臺北市,中山區,恆安里,臺北市,1,陳汝斌,三等國民公義人權自救黨,4,
2014年直轄市長選舉,2014,臺北市,中山區,恆安里,臺北市,2,趙衍慶,無黨籍及未經政黨推薦,24,
2014年直轄市長選舉,2014,臺北市,中山區,恆安里,臺北市,3,李宏信,無黨籍及未經政黨推薦,3,
2014年直轄市長選舉,2014,臺北市,中山區,恆安里,臺北市,4,陳永昌,無黨籍及未經政黨推薦,1,
2014年直轄市長選舉,2014,臺北市,中山區,恆安里,臺北市,5,馮光遠,無黨籍及未經政黨推薦,8,
2014年直轄市長選舉,2014,臺北市,中山區,恆安里,臺北市,6,連勝文,中國國民黨,1041,
2014年直轄市長選舉,2014,臺北市,中山區,恆安里,臺北市,7,柯文哲,無黨籍及未經政黨推薦,1518,*
2014年直轄市長選舉,2014,臺北市,中山區,晴光里,臺北市,1,陳汝斌,三等國民公義人權自救黨,6,
2014年直轄市長選舉,2014,臺北市,中山區,晴光里,臺北市,2,趙衍慶,無黨籍及未經政黨推薦,30,
2014年直轄市長選舉,2014,臺北市,中山區,晴光里,臺北市,3,李宏信,無黨籍及未經政黨推薦,3,
2014年直轄市長選舉,2014,臺北市,中山區,晴光里,臺北市,4,陳永昌,無黨籍及未經政黨推薦,6,
2014年直轄市長選舉,2014,臺北市,中山區,晴光里,臺北市,5,馮光遠,無黨籍及未經政黨推薦,18,
2014年直轄市長選舉,2014,臺北市,中山區,晴光里,臺北市,6,連勝文,中國國民黨,1186,
2014年直轄市長選舉,2014,臺北市,中山區,晴光里,臺北市,7,柯文哲,無黨籍及未經政黨推薦,1704,*
2014年直轄市長選舉,2014,臺北市,中山區,圓山里,臺北市,1,陳汝斌,三等國民公義人權自救黨,2,
2014年直轄市長選舉,2014,臺北市,中山區,圓山里,臺北市,2,趙衍慶,無黨籍及未經政黨推薦,24,
2014年直轄市長選舉,2014,臺北市,中山區,圓山里,臺北市,3,李宏信,無黨籍及未經政黨推薦,4,
2014年直轄市長選舉,2014,臺北市,中山區,圓山里,臺北市,4,陳永昌,無黨籍及未經政黨推薦,2,
2014年直轄市長選舉,2014,臺北市,中山區,圓山里,臺北市,5,馮光遠,無黨籍及未經政黨推薦,9,
2014年直轄市長選舉,2014,臺北市,中山區,圓山里,臺北市,6,連勝文,中國國民黨,898,
2014年直轄市長選舉,2014,臺北市,中山區,圓山里,臺北市,7,柯文哲,無黨籍及未經政黨推薦,1510,*
2014年直轄市長選舉,2014,臺北市,中山區,劍潭里,臺北市,1,陳汝斌,三等國民公義人權自救黨,5,
2014年直轄市長選舉,2014,臺北市,中山區,劍潭里,臺北市,2,趙衍慶,無黨籍及未經政黨推薦,35,
2014年直轄市長選舉,2014,臺北市,中山區,劍潭里,臺北市,3,李宏信,無黨籍及未經政黨推薦,3,
2014年直轄市長選舉,2014,臺北市,中山區,劍潭里,臺北市,4,陳永昌,無黨籍及未經政黨推薦,2,
2014年直轄市長選舉,2014,臺北市,中山區,劍潭里,臺北市,5,馮光遠,無黨籍及未經政黨推薦,13,
2014年直轄市長選舉,2014,臺北市,中山區,劍潭里,臺北市,6,連勝文,中國國民黨,1490,
2014年直轄市長選舉,2014,臺北市,中山區,劍潭里,臺北市,7,柯文哲,無黨籍及未經政黨推薦,638,*
2014年直轄市長選舉,2014,臺北市,中山區,大直里,臺北市,1,陳汝斌,三等國民公義人權自救黨,7,
2014年直轄市長選舉,2014,臺北市,中山區,大直里,臺北市,2,趙衍慶,無黨籍及未經政黨推薦,69,
2014年直轄市長選舉,2014,臺北市,中山區,大直里,臺北市,3,李宏信,無黨籍及未經政黨推薦,13,
2014年直轄市長選舉,2014,臺北市,中山區,大直里,臺北市,4,陳永昌,無黨籍及未經政黨推薦,12,
2014年直轄市長選舉,2014,臺北市,中山區,大直里,臺北市,5,馮光遠,無黨籍及未經政黨推薦,34,
2014年直轄市長選舉,2014,臺北市,中山區,大直里,臺北市,6,連勝文,中國國民黨,2395,
2014年直轄市長選舉,2014,臺北市,中山區,大直里,臺北市,7,柯文哲,無黨籍及未經政黨推薦,3030,*
2014年直轄市長選舉,2014,臺北市,中山區,成功里,臺北市,1,陳汝斌,三等國民公義人權自救黨,5,
2014年直轄市長選舉,2014,臺北市,中山區,成功里,臺北市,2,趙衍慶,無黨籍及未經政黨推薦,32,
2014年直轄市長選舉,2014,臺北市,中山區,成功里,臺北市,3,李宏信,無黨籍及未經政黨推薦,3,
2014年直轄市長選舉,2014,臺北市,中山區,成功里,臺北市,4,陳永昌,無黨籍及未經政黨推薦,2,
2014年直轄市長選舉,2014,臺北市,中山區,成功里,臺北市,5,馮光遠,無黨籍及未經政黨推薦,18,
2014年直轄市長選舉,2014,臺北市,中山區,成功里,臺北市,6,連勝文,中國國民黨,1394,
2014年直轄市長選舉,2014,臺北市,中山區,成功里,臺北市,7,柯文哲,無黨籍及未經政黨推薦,2018,*
2014年直轄市長選舉,2014,臺北市,中山區,永安里,臺北市,1,陳汝斌,三等國民公義人權自救黨,9,
2014年直轄市長選舉,2014,臺北市,中山區,永安里,臺北市,2,趙衍慶,無黨籍及未經政黨推薦,49,
2014年直轄市長選舉,2014,臺北市,中山區,永安里,臺北市,3,李宏信,無黨籍及未經政黨推薦,10,
2014年直轄市長選舉,2014,臺北市,中山區,永安里,臺北市,4,陳永昌,無黨籍及未經政黨推薦,4,
2014年直轄市長選舉,2014,臺北市,中山區,永安里,臺北市,5,馮光遠,無黨籍及未經政黨推薦,26,
2014年直轄市長選舉,2014,臺北市,中山區,永安里,臺北市,6,連勝文,中國國民黨,2184,
2014年直轄市長選舉,2014,臺北市,中山區,永安里,臺北市,7,柯文哲,無黨籍及未經政黨推薦,3059,*
2014年直轄市長選舉,2014,臺北市,中山區,大佳里,臺北市,1,陳汝斌,三等國民公義人權自救黨,1,
2014年直轄市長選舉,2014,臺北市,中山區,大佳里,臺北市,2,趙衍慶,無黨籍及未經政黨推薦,4,
2014年直轄市長選舉,2014,臺北市,中山區,大佳里,臺北市,3,李宏信,無黨籍及未經政黨推薦,1,
2014年直轄市長選舉,2014,臺北市,中山區,大佳里,臺北市,4,陳永昌,無黨籍及未經政黨推薦,2,
2014年直轄市長選舉,2014,臺北市,中山區,大佳里,臺北市,5,馮光遠,無黨籍及未經政黨推薦,2,
2014年直轄市長選舉,2014,臺北市,中山區,大佳里,臺北市,6,連勝文,中國國民黨,166,
2014年直轄市長選舉,2014,臺北市,中山區,大佳里,臺北市,7,柯文哲,無黨籍及未經政黨推薦,494,*
2014年直轄市長選舉,2014,臺北市,中山區,新喜里,臺北市,1,陳汝斌,三等國民公義人權自救黨,2,
2014年直轄市長選舉,2014,臺北市,中山區,新喜里,臺北市,2,趙衍慶,無黨籍及未經政黨推薦,32,
2014年直轄市長選舉,2014,臺北市,中山區,新喜里,臺北市,3,李宏信,無黨籍及未經政黨推薦,4,
2014年直轄市長選舉,2014,臺北市,中山區,新喜里,臺北市,4,陳永昌,無黨籍及未經政黨推薦,6,
2014年直轄市長選舉,2014,臺北市,中山區,新喜里,臺北市,5,馮光遠,無黨籍及未經政黨推薦,13,
2014年直轄市長選舉,2014,臺北市,中山區,新喜里,臺北市,6,連勝文,中國國民黨,1019,
2014年直轄市長選舉,2014,臺北市,中山區,新喜里,臺北市,7,柯文哲,無黨籍及未經政黨推薦,2024,*
2014年直轄市長選舉,2014,臺北市,中山區,新庄里,臺北市,1,陳汝斌,三等國民公義人權自救黨,3,
2014年直轄市長選舉,2014,臺北市,中山區,新庄里,臺北市,2,趙衍慶,無黨籍及未經政黨推薦,30,
2014年直轄市長選舉,2014,臺北市,中山區,新庄里,臺北市,3,李宏信,無黨籍及未經政黨推薦,8,
2014年直轄市長選舉,2014,臺北市,中山區,新庄里,臺北市,4,陳永昌,無黨籍及未經政黨推薦,5,
2014年直轄市長選舉,2014,臺北市,中山區,新庄里,臺北市,5,馮光遠,無黨籍及未經政黨推薦,23,
2014年直轄市長選舉,2014,臺北市,中山區,新庄里,臺北市,6,連勝文,中國國民黨,1042,
2014年直轄市長選舉,2014,臺北市,中山區,新庄里,臺北市,7,柯文哲,無黨籍及未經政黨推薦,1925,*
2014年直轄市長選舉,2014,臺北市,中山區,新福里,臺北市,1,陳汝斌,三等國民公義人權自救黨,1,
2014年直轄市長選舉,2014,臺北市,中山區,新福里,臺北市,2,趙衍慶,無黨籍及未經政黨推薦,27,
2014年直轄市長選舉,2014,臺北市,中山區,新福里,臺北市,3,李宏信,無黨籍及未經政黨推薦,3,
2014年直轄市長選舉,2014,臺北市,中山區,新福里,臺北市,4,陳永昌,無黨籍及未經政黨推薦,4,
2014年直轄市長選舉,2014,臺北市,中山區,新福里,臺北市,5,馮光遠,無黨籍及未經政黨推薦,13,
2014年直轄市長選舉,2014,臺北市,中山區,新福里,臺北市,6,連勝文,中國國民黨,922,
2014年直轄市長選舉,2014,臺北市,中山區,新福里,臺北市,7,柯文哲,無黨籍及未經政黨推薦,2038,*
2014年直轄市長選舉,2014,臺北市,中山區,松江里,臺北市,1,陳汝斌,三等國民公義人權自救黨,3,
2014年直轄市長選舉,2014,臺北市,中山區,松江里,臺北市,2,趙衍慶,無黨籍及未經政黨推薦,34,
2014年直轄市長選舉,2014,臺北市,中山區,松江里,臺北市,3,李宏信,無黨籍及未經政黨推薦,9,
2014年直轄市長選舉,2014,臺北市,中山區,松江里,臺北市,4,陳永昌,無黨籍及未經政黨推薦,5,
2014年直轄市長選舉,2014,臺北市,中山區,松江里,臺北市,5,馮光遠,無黨籍及未經政黨推薦,26,
2014年直轄市長選舉,2014,臺北市,中山區,松江里,臺北市,6,連勝文,中國國民黨,1440,
2014年直轄市長選舉,2014,臺北市,中山區,松江里,臺北市,7,柯文哲,無黨籍及未經政黨推薦,2502,*
2014年直轄市長選舉,2014,臺北市,中山區,新生里,臺北市,1,陳汝斌,三等國民公義人權自救黨,2,
2014年直轄市長選舉,2014,臺北市,中山區,新生里,臺北市,2,趙衍慶,無黨籍及未經政黨推薦,26,
2014年直轄市長選舉,2014,臺北市,中山區,新生里,臺北市,3,李宏信,無黨籍及未經政黨推薦,8,
2014年直轄市長選舉,2014,臺北市,中山區,新生里,臺北市,4,陳永昌,無黨籍及未經政黨推薦,6,
2014年直轄市長選舉,2014,臺北市,中山區,新生里,臺北市,5,馮光遠,無黨籍及未經政黨推薦,19,
2014年直轄市長選舉,2014,臺北市,中山區,新生里,臺北市,6,連勝文,中國國民黨,1011,
2014年直轄市長選舉,2014,臺北市,中山區,新生里,臺北市,7,柯文哲,無黨籍及未經政黨推薦,1993,*
2014年直轄市長選舉,2014,臺北市,中山區,中庄里,臺北市,1,陳汝斌,三等國民公義人權自救黨,1,
2014年直轄市長選舉,2014,臺北市,中山區,中庄里,臺北市,2,趙衍慶,無黨籍及未經政黨推薦,18,
2014年直轄市長選舉,2014,臺北市,中山區,中庄里,臺北市,3,李宏信,無黨籍及未經政黨推薦,5,
2014年直轄市長選舉,2014,臺北市,中山區,中庄里,臺北市,4,陳永昌,無黨籍及未經政黨推薦,1,
2014年直轄市長選舉,2014,臺北市,中山區,中庄里,臺北市,5,馮光遠,無黨籍及未經政黨推薦,15,
2014年直轄市長選舉,2014,臺北市,中山區,中庄里,臺北市,6,連勝文,中國國民黨,1020,
2014年直轄市長選舉,2014,臺北市,中山區,中庄里,臺北市,7,柯文哲,無黨籍及未經政黨推薦,1914,*
2014年直轄市長選舉,2014,臺北市,中山區,行政里,臺北市,1,陳汝斌,三等國民公義人權自救黨,6,
2014年直轄市長選舉,2014,臺北市,中山區,行政里,臺北市,2,趙衍慶,無黨籍及未經政黨推薦,34,
2014年直轄市長選舉,2014,臺北市,中山區,行政里,臺北市,3,李宏信,無黨籍及未經政黨推薦,9,
2014年直轄市長選舉,2014,臺北市,中山區,行政里,臺北市,4,陳永昌,無黨籍及未經政黨推薦,3,
2014年直轄市長選舉,2014,臺北市,中山區,行政里,臺北市,5,馮光遠,無黨籍及未經政黨推薦,21,
2014年直轄市長選舉,2014,臺北市,中山區,行政里,臺北市,6,連勝文,中國國民黨,1352,
2014年直轄市長選舉,2014,臺北市,中山區,行政里,臺北市,7,柯文哲,無黨籍及未經政黨推薦,2161,*
2014年直轄市長選舉,2014,臺北市,中山區,行仁里,臺北市,1,陳汝斌,三等國民公義人權自救黨,9,
2014年直轄市長選舉,2014,臺北市,中山區,行仁里,臺北市,2,趙衍慶,無黨籍及未經政黨推薦,40,
2014年直轄市長選舉,2014,臺北市,中山區,行仁里,臺北市,3,李宏信,無黨籍及未經政黨推薦,5,
2014年直轄市長選舉,2014,臺北市,中山區,行仁里,臺北市,4,陳永昌,無黨籍及未經政黨推薦,8,
2014年直轄市長選舉,2014,臺北市,中山區,行仁里,臺北市,5,馮光遠,無黨籍及未經政黨推薦,24,
2014年直轄市長選舉,2014,臺北市,中山區,行仁里,臺北市,6,連勝文,中國國民黨,1662,
2014年直轄市長選舉,2014,臺北市,中山區,行仁里,臺北市,7,柯文哲,無黨籍及未經政黨推薦,3294,*
2014年直轄市長選舉,2014,臺北市,中山區,行孝里,臺北市,1,陳汝斌,三等國民公義人權自救黨,2,
2014年直轄市長選舉,2014,臺北市,中山區,行孝里,臺北市,2,趙衍慶,無黨籍及未經政黨推薦,21,
2014年直轄市長選舉,2014,臺北市,中山區,行孝里,臺北市,3,李宏信,無黨籍及未經政黨推薦,1,
2014年直轄市長選舉,2014,臺北市,中山區,行孝里,臺北市,4,陳永昌,無黨籍及未經政黨推薦,5,
2014年直轄市長選舉,2014,臺北市,中山區,行孝里,臺北市,5,馮光遠,無黨籍及未經政黨推薦,10,
2014年直轄市長選舉,2014,臺北市,中山區,行孝里,臺北市,6,連勝文,中國國民黨,776,
2014年直轄市長選舉,2014,臺北市,中山區,行孝里,臺北市,7,柯文哲,無黨籍及未經政黨推薦,1589,*
2014年直轄市長選舉,2014,臺北市,中山區,下埤里,臺北市,1,陳汝斌,三等國民公義人權自救黨,2,
2014年直轄市長選舉,2014,臺北市,中山區,下埤里,臺北市,2,趙衍慶,無黨籍及未經政黨推薦,37,
2014年直轄市長選舉,2014,臺北市,中山區,下埤里,臺北市,3,李宏信,無黨籍及未經政黨推薦,8,
2014年直轄市長選舉,2014,臺北市,中山區,下埤里,臺北市,4,陳永昌,無黨籍及未經政黨推薦,6,
2014年直轄市長選舉,2014,臺北市,中山區,下埤里,臺北市,5,馮光遠,無黨籍及未經政黨推薦,25,
2014年直轄市長選舉,2014,臺北市,中山區,下埤里,臺北市,6,連勝文,中國國民黨,1653,
2014年直轄市長選舉,2014,臺北市,中山區,下埤里,臺北市,7,柯文哲,無黨籍及未經政黨推薦,2931,*
2014年直轄市長選舉,2014,臺北市,中山區,江寧里,臺北市,1,陳汝斌,三等國民公義人權自救黨,9,
2014年直轄市長選舉,2014,臺北市,中山區,江寧里,臺北市,2,趙衍慶,無黨籍及未經政黨推薦,44,
2014年直轄市長選舉,2014,臺北市,中山區,江寧里,臺北市,3,李宏信,無黨籍及未經政黨推薦,7,
2014年直轄市長選舉,2014,臺北市,中山區,江寧里,臺北市,4,陳永昌,無黨籍及未經政黨推薦,7,
2014年直轄市長選舉,2014,臺北市,中山區,江寧里,臺北市,5,馮光遠,無黨籍及未經政黨推薦,21,
2014年直轄市長選舉,2014,臺北市,中山區,江寧里,臺北市,6,連勝文,中國國民黨,1580,
2014年直轄市長選舉,2014,臺北市,中山區,江寧里,臺北市,7,柯文哲,無黨籍及未經政黨推薦,2434,*
2014年直轄市長選舉,2014,臺北市,中山區,江山里,臺北市,1,陳汝斌,三等國民公義人權自救黨,5,
2014年直轄市長選舉,2014,臺北市,中山區,江山里,臺北市,2,趙衍慶,無黨籍及未經政黨推薦,31,
2014年直轄市長選舉,2014,臺北市,中山區,江山里,臺北市,3,李宏信,無黨籍及未經政黨推薦,9,
2014年直轄市長選舉,2014,臺北市,中山區,江山里,臺北市,4,陳永昌,無黨籍及未經政黨推薦,7,
2014年直轄市長選舉,2014,臺北市,中山區,江山里,臺北市,5,馮光遠,無黨籍及未經政黨推薦,17,
2014年直轄市長選舉,2014,臺北市,中山區,江山里,臺北市,6,連勝文,中國國民黨,1596,
2014年直轄市長選舉,2014,臺北市,中山區,江山里,臺北市,7,柯文哲,無黨籍及未經政黨推薦,2903,*
2014年直轄市長選舉,2014,臺北市,中山區,中吉里,臺北市,1,陳汝斌,三等國民公義人權自救黨,4,
2014年直轄市長選舉,2014,臺北市,中山區,中吉里,臺北市,2,趙衍慶,無黨籍及未經政黨推薦,25,
2014年直轄市長選舉,2014,臺北市,中山區,中吉里,臺北市,3,李宏信,無黨籍及未經政黨推薦,9,
2014年直轄市長選舉,2014,臺北市,中山區,中吉里,臺北市,4,陳永昌,無黨籍及未經政黨推薦,0,
2014年直轄市長選舉,2014,臺北市,中山區,中吉里,臺北市,5,馮光遠,無黨籍及未經政黨推薦,16,
2014年直轄市長選舉,2014,臺北市,中山區,中吉里,臺北市,6,連勝文,中國國民黨,1052,
2014年直轄市長選舉,2014,臺北市,中山區,中吉里,臺北市,7,柯文哲,無黨籍及未經政黨推薦,2206,*
2014年直轄市長選舉,2014,臺北市,中山區,中原里,臺北市,1,陳汝斌,三等國民公義人權自救黨,2,
2014年直轄市長選舉,2014,臺北市,中山區,中原里,臺北市,2,趙衍慶,無黨籍及未經政黨推薦,23,
2014年直轄市長選舉,2014,臺北市,中山區,中原里,臺北市,3,李宏信,無黨籍及未經政黨推薦,6,
2014年直轄市長選舉,2014,臺北市,中山區,中原里,臺北市,4,陳永昌,無黨籍及未經政黨推薦,5,
2014年直轄市長選舉,2014,臺北市,中山區,中原里,臺北市,5,馮光遠,無黨籍及未經政黨推薦,9,
2014年直轄市長選舉,2014,臺北市,中山區,中原里,臺北市,6,連勝文,中國國民黨,1094,
2014年直轄市長選舉,2014,臺北市,中山區,中原里,臺北市,7,柯文哲,無黨籍及未經政黨推薦,1933,*
2014年直轄市長選舉,2014,臺北市,中山區,興亞里,臺北市,1,陳汝斌,三等國民公義人權自救黨,2,
2014年直轄市長選舉,2014,臺北市,中山區,興亞里,臺北市,2,趙衍慶,無黨籍及未經政黨推薦,24,
2014年直轄市長選舉,2014,臺北市,中山區,興亞里,臺北市,3,李宏信,無黨籍及未經政黨推薦,11,
2014年直轄市長選舉,2014,臺北市,中山區,興亞里,臺北市,4,陳永昌,無黨籍及未經政黨推薦,4,
2014年直轄市長選舉,2014,臺北市,中山區,興亞里,臺北市,5,馮光遠,無黨籍及未經政黨推薦,13,
2014年直轄市長選舉,2014,臺北市,中山區,興亞里,臺北市,6,連勝文,中國國民黨,1017,
2014年直轄市長選舉,2014,臺北市,中山區,興亞里,臺北市,7,柯文哲,無黨籍及未經政黨推薦,1970,*
2014年直轄市長選舉,2014,臺北市,中山區,中央里,臺北市,1,陳汝斌,三等國民公義人權自救黨,1,
2014年直轄市長選舉,2014,臺北市,中山區,中央里,臺北市,2,趙衍慶,無黨籍及未經政黨推薦,18,
2014年直轄市長選舉,2014,臺北市,中山區,中央里,臺北市,3,李宏信,無黨籍及未經政黨推薦,9,
2014年直轄市長選舉,2014,臺北市,中山區,中央里,臺北市,4,陳永昌,無黨籍及未經政黨推薦,2,
2014年直轄市長選舉,2014,臺北市,中山區,中央里,臺北市,5,馮光遠,無黨籍及未經政黨推薦,7,
2014年直轄市長選舉,2014,臺北市,中山區,中央里,臺北市,6,連勝文,中國國民黨,824,
2014年直轄市長選舉,2014,臺北市,中山區,中央里,臺北市,7,柯文哲,無黨籍及未經政黨推薦,1295,*
2014年直轄市長選舉,2014,臺北市,中山區,朱馥里,臺北市,1,陳汝斌,三等國民公義人權自救黨,2,
2014年直轄市長選舉,2014,臺北市,中山區,朱馥里,臺北市,2,趙衍慶,無黨籍及未經政黨推薦,42,
2014年直轄市長選舉,2014,臺北市,中山區,朱馥里,臺北市,3,李宏信,無黨籍及未經政黨推薦,10,
2014年直轄市長選舉,2014,臺北市,中山區,朱馥里,臺北市,4,陳永昌,無黨籍及未經政黨推薦,1,
2014年直轄市長選舉,2014,臺北市,中山區,朱馥里,臺北市,5,馮光遠,無黨籍及未經政黨推薦,11,
2014年直轄市長選舉,2014,臺北市,中山區,朱馥里,臺北市,6,連勝文,中國國民黨,1404,
2014年直轄市長選舉,2014,臺北市,中山區,朱馥里,臺北市,7,柯文哲,無黨籍及未經政黨推薦,2015,*
2014年直轄市長選舉,2014,臺北市,中山區,龍洲里,臺北市,1,陳汝斌,三等國民公義人權自救黨,3,
2014年直轄市長選舉,2014,臺北市,中山區,龍洲里,臺北市,2,趙衍慶,無黨籍及未經政黨推薦,33,
2014年直轄市長選舉,2014,臺北市,中山區,龍洲里,臺北市,3,李宏信,無黨籍及未經政黨推薦,4,
2014年直轄市長選舉,2014,臺北市,中山區,龍洲里,臺北市,4,陳永昌,無黨籍及未經政黨推薦,6,
2014年直轄市長選舉,2014,臺北市,中山區,龍洲里,臺北市,5,馮光遠,無黨籍及未經政黨推薦,26,
2014年直轄市長選舉,2014,臺北市,中山區,龍洲里,臺北市,6,連勝文,中國國民黨,1883,
2014年直轄市長選舉,2014,臺北市,中山區,龍洲里,臺北市,7,柯文哲,無黨籍及未經政黨推薦,1224,*
2014年直轄市長選舉,2014,臺北市,中山區,朱園里,臺北市,1,陳汝斌,三等國民公義人權自救黨,6,
2014年直轄市長選舉,2014,臺北市,中山區,朱園里,臺北市,2,趙衍慶,無黨籍及未經政黨推薦,21,
2014年直轄市長選舉,2014,臺北市,中山區,朱園里,臺北市,3,李宏信,無黨籍及未經政黨推薦,12,
2014年直轄市長選舉,2014,臺北市,中山區,朱園里,臺北市,4,陳永昌,無黨籍及未經政黨推薦,2,
2014年直轄市長選舉,2014,臺北市,中山區,朱園里,臺北市,5,馮光遠,無黨籍及未經政黨推薦,15,
2014年直轄市長選舉,2014,臺北市,中山區,朱園里,臺北市,6,連勝文,中國國民黨,935,
2014年直轄市長選舉,2014,臺北市,中山區,朱園里,臺北市,7,柯文哲,無黨籍及未經政黨推薦,1654,*
2014年直轄市長選舉,2014,臺北市,中山區,埤頭里,臺北市,1,陳汝斌,三等國民公義人權自救黨,3,
2014年直轄市長選舉,2014,臺北市,中山區,埤頭里,臺北市,2,趙衍慶,無黨籍及未經政黨推薦,22,
2014年直轄市長選舉,2014,臺北市,中山區,埤頭里,臺北市,3,李宏信,無黨籍及未經政黨推薦,4,
2014年直轄市長選舉,2014,臺北市,中山區,埤頭里,臺北市,4,陳永昌,無黨籍及未經政黨推薦,0,
2014年直轄市長選舉,2014,臺北市,中山區,埤頭里,臺北市,5,馮光遠,無黨籍及未經政黨推薦,8,
2014年直轄市長選舉,2014,臺北市,中山區,埤頭里,臺北市,6,連勝文,中國國民黨,834,
2014年直轄市長選舉,2014,臺北市,中山區,埤頭里,臺北市,7,柯文哲,無黨籍及未經政黨推薦,1172,*
2014年直轄市長選舉,2014,臺北市,中山區,朱崙里,臺北市,1,陳汝斌,三等國民公義人權自救黨,2,
2014年直轄市長選舉,2014,臺北市,中山區,朱崙里,臺北市,2,趙衍慶,無黨籍及未經政黨推薦,17,
2014年直轄市長選舉,2014,臺北市,中山區,朱崙里,臺北市,3,李宏信,無黨籍及未經政黨推薦,4,
2014年直轄市長選舉,2014,臺北市,中山區,朱崙里,臺北市,4,陳永昌,無黨籍及未經政黨推薦,0,
2014年直轄市長選舉,2014,臺北市,中山區,朱崙里,臺北市,5,馮光遠,無黨籍及未經政黨推薦,8,
2014年直轄市長選舉,2014,臺北市,中山區,朱崙里,臺北市,6,連勝文,中國國民黨,622,
2014年直轄市長選舉,2014,臺北市,中山區,朱崙里,臺北市,7,柯文哲,無黨籍及未經政黨推薦,985,*
2014年直轄市長選舉,2014,臺北市,中山區,力行里,臺北市,1,陳汝斌,三等國民公義人權自救黨,3,
2014年直轄市長選舉,2014,臺北市,中山區,力行里,臺北市,2,趙衍慶,無黨籍及未經政黨推薦,26,
2014年直轄市長選舉,2014,臺北市,中山區,力行里,臺北市,3,李宏信,無黨籍及未經政黨推薦,2,
2014年直轄市長選舉,2014,臺北市,中山區,力行里,臺北市,4,陳永昌,無黨籍及未經政黨推薦,7,
2014年直轄市長選舉,2014,臺北市,中山區,力行里,臺北市,5,馮光遠,無黨籍及未經政黨推薦,20,
2014年直轄市長選舉,2014,臺北市,中山區,力行里,臺北市,6,連勝文,中國國民黨,1141,
2014年直轄市長選舉,2014,臺北市,中山區,力行里,臺北市,7,柯文哲,無黨籍及未經政黨推薦,2184,*
2014年直轄市長選舉,2014,臺北市,中山區,復華里,臺北市,1,陳汝斌,三等國民公義人權自救黨,2,
2014年直轄市長選舉,2014,臺北市,中山區,復華里,臺北市,2,趙衍慶,無黨籍及未經政黨推薦,24,
2014年直轄市長選舉,2014,臺北市,中山區,復華里,臺北市,3,李宏信,無黨籍及未經政黨推薦,4,
2014年直轄市長選舉,2014,臺北市,中山區,復華里,臺北市,4,陳永昌,無黨籍及未經政黨推薦,5,
2014年直轄市長選舉,2014,臺北市,中山區,復華里,臺北市,5,馮光遠,無黨籍及未經政黨推薦,5,
2014年直轄市長選舉,2014,臺北市,中山區,復華里,臺北市,6,連勝文,中國國民黨,1184,
2014年直轄市長選舉,2014,臺北市,中山區,復華里,臺北市,7,柯文哲,無黨籍及未經政黨推薦,1336,*
2014年直轄市長選舉,2014,臺北市,中山區,金泰里,臺北市,1,陳汝斌,三等國民公義人權自救黨,2,
2014年直轄市長選舉,2014,臺北市,中山區,金泰里,臺北市,2,趙衍慶,無黨籍及未經政黨推薦,41,
2014年直轄市長選舉,2014,臺北市,中山區,金泰里,臺北市,3,李宏信,無黨籍及未經政黨推薦,7,
2014年直轄市長選舉,2014,臺北市,中山區,金泰里,臺北市,4,陳永昌,無黨籍及未經政黨推薦,8,
2014年直轄市長選舉,2014,臺北市,中山區,金泰里,臺北市,5,馮光遠,無黨籍及未經政黨推薦,17,
2014年直轄市長選舉,2014,臺北市,中山區,金泰里,臺北市,6,連勝文,中國國民黨,1681,
2014年直轄市長選舉,2014,臺北市,中山區,金泰里,臺北市,7,柯文哲,無黨籍及未經政黨推薦,2214,*
2014年直轄市長選舉,2014,臺北市,中山區,北安里,臺北市,1,陳汝斌,三等國民公義人權自救黨,3,
2014年直轄市長選舉,2014,臺北市,中山區,北安里,臺北市,2,趙衍慶,無黨籍及未經政黨推薦,14,
2014年直轄市長選舉,2014,臺北市,中山區,北安里,臺北市,3,李宏信,無黨籍及未經政黨推薦,1,
2014年直轄市長選舉,2014,臺北市,中山區,北安里,臺北市,4,陳永昌,無黨籍及未經政黨推薦,1,
2014年直轄市長選舉,2014,臺北市,中山區,北安里,臺北市,5,馮光遠,無黨籍及未經政黨推薦,15,
2014年直轄市長選舉,2014,臺北市,中山區,北安里,臺北市,6,連勝文,中國國民黨,815,
2014年直轄市長選舉,2014,臺北市,中山區,北安里,臺北市,7,柯文哲,無黨籍及未經政黨推薦,805,*
2014年直轄市長選舉,2014,臺北市,中正區,水源里,臺北市,1,陳汝斌,三等國民公義人權自救黨,1,
2014年直轄市長選舉,2014,臺北市,中正區,水源里,臺北市,2,趙衍慶,無黨籍及未經政黨推薦,16,
2014年直轄市長選舉,2014,臺北市,中正區,水源里,臺北市,3,李宏信,無黨籍及未經政黨推薦,5,
2014年直轄市長選舉,2014,臺北市,中正區,水源里,臺北市,4,陳永昌,無黨籍及未經政黨推薦,3,
2014年直轄市長選舉,2014,臺北市,中正區,水源里,臺北市,5,馮光遠,無黨籍及未經政黨推薦,10,
2014年直轄市長選舉,2014,臺北市,中正區,水源里,臺北市,6,連勝文,中國國民黨,657,
2014年直轄市長選舉,2014,臺北市,中正區,水源里,臺北市,7,柯文哲,無黨籍及未經政黨推薦,976,*
2014年直轄市長選舉,2014,臺北市,中正區,富水里,臺北市,1,陳汝斌,三等國民公義人權自救黨,1,
2014年直轄市長選舉,2014,臺北市,中正區,富水里,臺北市,2,趙衍慶,無黨籍及未經政黨推薦,24,
2014年直轄市長選舉,2014,臺北市,中正區,富水里,臺北市,3,李宏信,無黨籍及未經政黨推薦,1,
2014年直轄市長選舉,2014,臺北市,中正區,富水里,臺北市,4,陳永昌,無黨籍及未經政黨推薦,2,
2014年直轄市長選舉,2014,臺北市,中正區,富水里,臺北市,5,馮光遠,無黨籍及未經政黨推薦,5,
2014年直轄市長選舉,2014,臺北市,中正區,富水里,臺北市,6,連勝文,中國國民黨,749,
2014年直轄市長選舉,2014,臺北市,中正區,富水里,臺北市,7,柯文哲,無黨籍及未經政黨推薦,561,*
2014年直轄市長選舉,2014,臺北市,中正區,文盛里,臺北市,1,陳汝斌,三等國民公義人權自救黨,0,
2014年直轄市長選舉,2014,臺北市,中正區,文盛里,臺北市,2,趙衍慶,無黨籍及未經政黨推薦,14,
2014年直轄市長選舉,2014,臺北市,中正區,文盛里,臺北市,3,李宏信,無黨籍及未經政黨推薦,7,
2014年直轄市長選舉,2014,臺北市,中正區,文盛里,臺北市,4,陳永昌,無黨籍及未經政黨推薦,5,
2014年直轄市長選舉,2014,臺北市,中正區,文盛里,臺北市,5,馮光遠,無黨籍及未經政黨推薦,18,
2014年直轄市長選舉,2014,臺北市,中正區,文盛里,臺北市,6,連勝文,中國國民黨,625,
2014年直轄市長選舉,2014,臺北市,中正區,文盛里,臺北市,7,柯文哲,無黨籍及未經政黨推薦,942,*
2014年直轄市長選舉,2014,臺北市,中正區,林興里,臺北市,1,陳汝斌,三等國民公義人權自救黨,3,
2014年直轄市長選舉,2014,臺北市,中正區,林興里,臺北市,2,趙衍慶,無黨籍及未經政黨推薦,44,
2014年直轄市長選舉,2014,臺北市,中正區,林興里,臺北市,3,李宏信,無黨籍及未經政黨推薦,3,
2014年直轄市長選舉,2014,臺北市,中正區,林興里,臺北市,4,陳永昌,無黨籍及未經政黨推薦,4,
2014年直轄市長選舉,2014,臺北市,中正區,林興里,臺北市,5,馮光遠,無黨籍及未經政黨推薦,19,
2014年直轄市長選舉,2014,臺北市,中正區,林興里,臺北市,6,連勝文,中國國民黨,1308,
2014年直轄市長選舉,2014,臺北市,中正區,林興里,臺北市,7,柯文哲,無黨籍及未經政黨推薦,1314,*
2014年直轄市長選舉,2014,臺北市,中正區,河堤里,臺北市,1,陳汝斌,三等國民公義人權自救黨,2,
2014年直轄市長選舉,2014,臺北市,中正區,河堤里,臺北市,2,趙衍慶,無黨籍及未經政黨推薦,45,
2014年直轄市長選舉,2014,臺北市,中正區,河堤里,臺北市,3,李宏信,無黨籍及未經政黨推薦,5,
2014年直轄市長選舉,2014,臺北市,中正區,河堤里,臺北市,4,陳永昌,無黨籍及未經政黨推薦,13,
2014年直轄市長選舉,2014,臺北市,中正區,河堤里,臺北市,5,馮光遠,無黨籍及未經政黨推薦,14,
2014年直轄市長選舉,2014,臺北市,中正區,河堤里,臺北市,6,連勝文,中國國民黨,1230,
2014年直轄市長選舉,2014,臺北市,中正區,河堤里,臺北市,7,柯文哲,無黨籍及未經政黨推薦,1422,*
2014年直轄市長選舉,2014,臺北市,中正區,頂東里,臺北市,1,陳汝斌,三等國民公義人權自救黨,0,
2014年直轄市長選舉,2014,臺北市,中正區,頂東里,臺北市,2,趙衍慶,無黨籍及未經政黨推薦,39,
2014年直轄市長選舉,2014,臺北市,中正區,頂東里,臺北市,3,李宏信,無黨籍及未經政黨推薦,8,
2014年直轄市長選舉,2014,臺北市,中正區,頂東里,臺北市,4,陳永昌,無黨籍及未經政黨推薦,8,
2014年直轄市長選舉,2014,臺北市,中正區,頂東里,臺北市,5,馮光遠,無黨籍及未經政黨推薦,28,
2014年直轄市長選舉,2014,臺北市,中正區,頂東里,臺北市,6,連勝文,中國國民黨,1497,
2014年直轄市長選舉,2014,臺北市,中正區,頂東里,臺北市,7,柯文哲,無黨籍及未經政黨推薦,2093,*
2014年直轄市長選舉,2014,臺北市,中正區,網溪里,臺北市,1,陳汝斌,三等國民公義人權自救黨,4,
2014年直轄市長選舉,2014,臺北市,中正區,網溪里,臺北市,2,趙衍慶,無黨籍及未經政黨推薦,43,
2014年直轄市長選舉,2014,臺北市,中正區,網溪里,臺北市,3,李宏信,無黨籍及未經政黨推薦,12,
2014年直轄市長選舉,2014,臺北市,中正區,網溪里,臺北市,4,陳永昌,無黨籍及未經政黨推薦,5,
2014年直轄市長選舉,2014,臺北市,中正區,網溪里,臺北市,5,馮光遠,無黨籍及未經政黨推薦,24,
2014年直轄市長選舉,2014,臺北市,中正區,網溪里,臺北市,6,連勝文,中國國民黨,1545,
2014年直轄市長選舉,2014,臺北市,中正區,網溪里,臺北市,7,柯文哲,無黨籍及未經政黨推薦,1975,*
2014年直轄市長選舉,2014,臺北市,中正區,板溪里,臺北市,1,陳汝斌,三等國民公義人權自救黨,4,
2014年直轄市長選舉,2014,臺北市,中正區,板溪里,臺北市,2,趙衍慶,無黨籍及未經政黨推薦,29,
2014年直轄市長選舉,2014,臺北市,中正區,板溪里,臺北市,3,李宏信,無黨籍及未經政黨推薦,2,
2014年直轄市長選舉,2014,臺北市,中正區,板溪里,臺北市,4,陳永昌,無黨籍及未經政黨推薦,6,
2014年直轄市長選舉,2014,臺北市,中正區,板溪里,臺北市,5,馮光遠,無黨籍及未經政黨推薦,13,
2014年直轄市長選舉,2014,臺北市,中正區,板溪里,臺北市,6,連勝文,中國國民黨,844,
2014年直轄市長選舉,2014,臺北市,中正區,板溪里,臺北市,7,柯文哲,無黨籍及未經政黨推薦,1154,*
2014年直轄市長選舉,2014,臺北市,中正區,螢圃里,臺北市,1,陳汝斌,三等國民公義人權自救黨,5,
2014年直轄市長選舉,2014,臺北市,中正區,螢圃里,臺北市,2,趙衍慶,無黨籍及未經政黨推薦,35,
2014年直轄市長選舉,2014,臺北市,中正區,螢圃里,臺北市,3,李宏信,無黨籍及未經政黨推薦,4,
2014年直轄市長選舉,2014,臺北市,中正區,螢圃里,臺北市,4,陳永昌,無黨籍及未經政黨推薦,1,
2014年直轄市長選舉,2014,臺北市,中正區,螢圃里,臺北市,5,馮光遠,無黨籍及未經政黨推薦,29,
2014年直轄市長選舉,2014,臺北市,中正區,螢圃里,臺北市,6,連勝文,中國國民黨,1459,
2014年直轄市長選舉,2014,臺北市,中正區,螢圃里,臺北市,7,柯文哲,無黨籍及未經政黨推薦,1761,*
2014年直轄市長選舉,2014,臺北市,中正區,螢雪里,臺北市,1,陳汝斌,三等國民公義人權自救黨,5,
2014年直轄市長選舉,2014,臺北市,中正區,螢雪里,臺北市,2,趙衍慶,無黨籍及未經政黨推薦,28,
2014年直轄市長選舉,2014,臺北市,中正區,螢雪里,臺北市,3,李宏信,無黨籍及未經政黨推薦,6,
2014年直轄市長選舉,2014,臺北市,中正區,螢雪里,臺北市,4,陳永昌,無黨籍及未經政黨推薦,4,
2014年直轄市長選舉,2014,臺北市,中正區,螢雪里,臺北市,5,馮光遠,無黨籍及未經政黨推薦,15,
2014年直轄市長選舉,2014,臺北市,中正區,螢雪里,臺北市,6,連勝文,中國國民黨,1198,
2014年直轄市長選舉,2014,臺北市,中正區,螢雪里,臺北市,7,柯文哲,無黨籍及未經政黨推薦,1564,*
2014年直轄市長選舉,2014,臺北市,中正區,永功里,臺北市,1,陳汝斌,三等國民公義人權自救黨,4,
2014年直轄市長選舉,2014,臺北市,中正區,永功里,臺北市,2,趙衍慶,無黨籍及未經政黨推薦,38,
2014年直轄市長選舉,2014,臺北市,中正區,永功里,臺北市,3,李宏信,無黨籍及未經政黨推薦,5,
2014年直轄市長選舉,2014,臺北市,中正區,永功里,臺北市,4,陳永昌,無黨籍及未經政黨推薦,5,
2014年直轄市長選舉,2014,臺北市,中正區,永功里,臺北市,5,馮光遠,無黨籍及未經政黨推薦,17,
2014年直轄市長選舉,2014,臺北市,中正區,永功里,臺北市,6,連勝文,中國國民黨,1406,
2014年直轄市長選舉,2014,臺北市,中正區,永功里,臺北市,7,柯文哲,無黨籍及未經政黨推薦,2281,*
2014年直轄市長選舉,2014,臺北市,中正區,永昌里,臺北市,1,陳汝斌,三等國民公義人權自救黨,6,
2014年直轄市長選舉,2014,臺北市,中正區,永昌里,臺北市,2,趙衍慶,無黨籍及未經政黨推薦,30,
2014年直轄市長選舉,2014,臺北市,中正區,永昌里,臺北市,3,李宏信,無黨籍及未經政黨推薦,4,
2014年直轄市長選舉,2014,臺北市,中正區,永昌里,臺北市,4,陳永昌,無黨籍及未經政黨推薦,7,
2014年直轄市長選舉,2014,臺北市,中正區,永昌里,臺北市,5,馮光遠,無黨籍及未經政黨推薦,14,
2014年直轄市長選舉,2014,臺北市,中正區,永昌里,臺北市,6,連勝文,中國國民黨,1281,
2014年直轄市長選舉,2014,臺北市,中正區,永昌里,臺北市,7,柯文哲,無黨籍及未經政黨推薦,1819,*
2014年直轄市長選舉,2014,臺北市,中正區,龍興里,臺北市,1,陳汝斌,三等國民公義人權自救黨,5,
2014年直轄市長選舉,2014,臺北市,中正區,龍興里,臺北市,2,趙衍慶,無黨籍及未經政黨推薦,16,
2014年直轄市長選舉,2014,臺北市,中正區,龍興里,臺北市,3,李宏信,無黨籍及未經政黨推薦,6,
2014年直轄市長選舉,2014,臺北市,中正區,龍興里,臺北市,4,陳永昌,無黨籍及未經政黨推薦,5,
2014年直轄市長選舉,2014,臺北市,中正區,龍興里,臺北市,5,馮光遠,無黨籍及未經政黨推薦,12,
2014年直轄市長選舉,2014,臺北市,中正區,龍興里,臺北市,6,連勝文,中國國民黨,896,
2014年直轄市長選舉,2014,臺北市,中正區,龍興里,臺北市,7,柯文哲,無黨籍及未經政黨推薦,1366,*
2014年直轄市長選舉,2014,臺北市,中正區,忠勤里,臺北市,1,陳汝斌,三等國民公義人權自救黨,1,
2014年直轄市長選舉,2014,臺北市,中正區,忠勤里,臺北市,2,趙衍慶,無黨籍及未經政黨推薦,36,
2014年直轄市長選舉,2014,臺北市,中正區,忠勤里,臺北市,3,李宏信,無黨籍及未經政黨推薦,3,
2014年直轄市長選舉,2014,臺北市,中正區,忠勤里,臺北市,4,陳永昌,無黨籍及未經政黨推薦,3,
2014年直轄市長選舉,2014,臺北市,中正區,忠勤里,臺北市,5,馮光遠,無黨籍及未經政黨推薦,17,
2014年直轄市長選舉,2014,臺北市,中正區,忠勤里,臺北市,6,連勝文,中國國民黨,1738,
2014年直轄市長選舉,2014,臺北市,中正區,忠勤里,臺北市,7,柯文哲,無黨籍及未經政黨推薦,2024,*
2014年直轄市長選舉,2014,臺北市,中正區,廈安里,臺北市,1,陳汝斌,三等國民公義人權自救黨,3,
2014年直轄市長選舉,2014,臺北市,中正區,廈安里,臺北市,2,趙衍慶,無黨籍及未經政黨推薦,28,
2014年直轄市長選舉,2014,臺北市,中正區,廈安里,臺北市,3,李宏信,無黨籍及未經政黨推薦,3,
2014年直轄市長選舉,2014,臺北市,中正區,廈安里,臺北市,4,陳永昌,無黨籍及未經政黨推薦,4,
2014年直轄市長選舉,2014,臺北市,中正區,廈安里,臺北市,5,馮光遠,無黨籍及未經政黨推薦,8,
2014年直轄市長選舉,2014,臺北市,中正區,廈安里,臺北市,6,連勝文,中國國民黨,891,
2014年直轄市長選舉,2014,臺北市,中正區,廈安里,臺北市,7,柯文哲,無黨籍及未經政黨推薦,1378,*
2014年直轄市長選舉,2014,臺北市,中正區,愛國里,臺北市,1,陳汝斌,三等國民公義人權自救黨,4,
2014年直轄市長選舉,2014,臺北市,中正區,愛國里,臺北市,2,趙衍慶,無黨籍及未經政黨推薦,14,
2014年直轄市長選舉,2014,臺北市,中正區,愛國里,臺北市,3,李宏信,無黨籍及未經政黨推薦,1,
2014年直轄市長選舉,2014,臺北市,中正區,愛國里,臺北市,4,陳永昌,無黨籍及未經政黨推薦,5,
2014年直轄市長選舉,2014,臺北市,中正區,愛國里,臺北市,5,馮光遠,無黨籍及未經政黨推薦,3,
2014年直轄市長選舉,2014,臺北市,中正區,愛國里,臺北市,6,連勝文,中國國民黨,803,
2014年直轄市長選舉,2014,臺北市,中正區,愛國里,臺北市,7,柯文哲,無黨籍及未經政黨推薦,1076,*
2014年直轄市長選舉,2014,臺北市,中正區,南門里,臺北市,1,陳汝斌,三等國民公義人權自救黨,0,
2014年直轄市長選舉,2014,臺北市,中正區,南門里,臺北市,2,趙衍慶,無黨籍及未經政黨推薦,26,
2014年直轄市長選舉,2014,臺北市,中正區,南門里,臺北市,3,李宏信,無黨籍及未經政黨推薦,4,
2014年直轄市長選舉,2014,臺北市,中正區,南門里,臺北市,4,陳永昌,無黨籍及未經政黨推薦,0,
2014年直轄市長選舉,2014,臺北市,中正區,南門里,臺北市,5,馮光遠,無黨籍及未經政黨推薦,10,
2014年直轄市長選舉,2014,臺北市,中正區,南門里,臺北市,6,連勝文,中國國民黨,754,
2014年直轄市長選舉,2014,臺北市,中正區,南門里,臺北市,7,柯文哲,無黨籍及未經政黨推薦,791,*
2014年直轄市長選舉,2014,臺北市,中正區,龍光里,臺北市,1,陳汝斌,三等國民公義人權自救黨,3,
2014年直轄市長選舉,2014,臺北市,中正區,龍光里,臺北市,2,趙衍慶,無黨籍及未經政黨推薦,14,
2014年直轄市長選舉,2014,臺北市,中正區,龍光里,臺北市,3,李宏信,無黨籍及未經政黨推薦,3,
2014年直轄市長選舉,2014,臺北市,中正區,龍光里,臺北市,4,陳永昌,無黨籍及未經政黨推薦,2,
2014年直轄市長選舉,2014,臺北市,中正區,龍光里,臺北市,5,馮光遠,無黨籍及未經政黨推薦,13,
2014年直轄市長選舉,2014,臺北市,中正區,龍光里,臺北市,6,連勝文,中國國民黨,831,
2014年直轄市長選舉,2014,臺北市,中正區,龍光里,臺北市,7,柯文哲,無黨籍及未經政黨推薦,1086,*
2014年直轄市長選舉,2014,臺北市,中正區,南福里,臺北市,1,陳汝斌,三等國民公義人權自救黨,2,
2014年直轄市長選舉,2014,臺北市,中正區,南福里,臺北市,2,趙衍慶,無黨籍及未經政黨推薦,67,
2014年直轄市長選舉,2014,臺北市,中正區,南福里,臺北市,3,李宏信,無黨籍及未經政黨推薦,11,
2014年直轄市長選舉,2014,臺北市,中正區,南福里,臺北市,4,陳永昌,無黨籍及未經政黨推薦,8,
2014年直轄市長選舉,2014,臺北市,中正區,南福里,臺北市,5,馮光遠,無黨籍及未經政黨推薦,30,
2014年直轄市長選舉,2014,臺北市,中正區,南福里,臺北市,6,連勝文,中國國民黨,2320,
2014年直轄市長選舉,2014,臺北市,中正區,南福里,臺北市,7,柯文哲,無黨籍及未經政黨推薦,3162,*
2014年直轄市長選舉,2014,臺北市,中正區,龍福里,臺北市,1,陳汝斌,三等國民公義人權自救黨,1,
2014年直轄市長選舉,2014,臺北市,中正區,龍福里,臺北市,2,趙衍慶,無黨籍及未經政黨推薦,30,
2014年直轄市長選舉,2014,臺北市,中正區,龍福里,臺北市,3,李宏信,無黨籍及未經政黨推薦,6,
2014年直轄市長選舉,2014,臺北市,中正區,龍福里,臺北市,4,陳永昌,無黨籍及未經政黨推薦,6,
2014年直轄市長選舉,2014,臺北市,中正區,龍福里,臺北市,5,馮光遠,無黨籍及未經政黨推薦,17,
2014年直轄市長選舉,2014,臺北市,中正區,龍福里,臺北市,6,連勝文,中國國民黨,1460,
2014年直轄市長選舉,2014,臺北市,中正區,龍福里,臺北市,7,柯文哲,無黨籍及未經政黨推薦,1963,*
2014年直轄市長選舉,2014,臺北市,中正區,新營里,臺北市,1,陳汝斌,三等國民公義人權自救黨,2,
2014年直轄市長選舉,2014,臺北市,中正區,新營里,臺北市,2,趙衍慶,無黨籍及未經政黨推薦,47,
2014年直轄市長選舉,2014,臺北市,中正區,新營里,臺北市,3,李宏信,無黨籍及未經政黨推薦,8,
2014年直轄市長選舉,2014,臺北市,中正區,新營里,臺北市,4,陳永昌,無黨籍及未經政黨推薦,10,
2014年直轄市長選舉,2014,臺北市,中正區,新營里,臺北市,5,馮光遠,無黨籍及未經政黨推薦,34,
2014年直轄市長選舉,2014,臺北市,中正區,新營里,臺北市,6,連勝文,中國國民黨,2292,
2014年直轄市長選舉,2014,臺北市,中正區,新營里,臺北市,7,柯文哲,無黨籍及未經政黨推薦,2527,*
2014年直轄市長選舉,2014,臺北市,中正區,建國里,臺北市,1,陳汝斌,三等國民公義人權自救黨,1,
2014年直轄市長選舉,2014,臺北市,中正區,建國里,臺北市,2,趙衍慶,無黨籍及未經政黨推薦,8,
2014年直轄市長選舉,2014,臺北市,中正區,建國里,臺北市,3,李宏信,無黨籍及未經政黨推薦,1,
2014年直轄市長選舉,2014,臺北市,中正區,建國里,臺北市,4,陳永昌,無黨籍及未經政黨推薦,0,
2014年直轄市長選舉,2014,臺北市,中正區,建國里,臺北市,5,馮光遠,無黨籍及未經政黨推薦,3,
2014年直轄市長選舉,2014,臺北市,中正區,建國里,臺北市,6,連勝文,中國國民黨,381,
2014年直轄市長選舉,2014,臺北市,中正區,建國里,臺北市,7,柯文哲,無黨籍及未經政黨推薦,426,*
2014年直轄市長選舉,2014,臺北市,中正區,光復里,臺北市,1,陳汝斌,三等國民公義人權自救黨,2,
2014年直轄市長選舉,2014,臺北市,中正區,光復里,臺北市,2,趙衍慶,無黨籍及未經政黨推薦,12,
2014年直轄市長選舉,2014,臺北市,中正區,光復里,臺北市,3,李宏信,無黨籍及未經政黨推薦,5,
2014年直轄市長選舉,2014,臺北市,中正區,光復里,臺北市,4,陳永昌,無黨籍及未經政黨推薦,3,
2014年直轄市長選舉,2014,臺北市,中正區,光復里,臺北市,5,馮光遠,無黨籍及未經政黨推薦,13,
2014年直轄市長選舉,2014,臺北市,中正區,光復里,臺北市,6,連勝文,中國國民黨,865,
2014年直轄市長選舉,2014,臺北市,中正區,光復里,臺北市,7,柯文哲,無黨籍及未經政黨推薦,1199,*
2014年直轄市長選舉,2014,臺北市,中正區,黎明里,臺北市,1,陳汝斌,三等國民公義人權自救黨,1,
2014年直轄市長選舉,2014,臺北市,中正區,黎明里,臺北市,2,趙衍慶,無黨籍及未經政黨推薦,19,
2014年直轄市長選舉,2014,臺北市,中正區,黎明里,臺北市,3,李宏信,無黨籍及未經政黨推薦,3,
2014年直轄市長選舉,2014,臺北市,中正區,黎明里,臺北市,4,陳永昌,無黨籍及未經政黨推薦,2,
2014年直轄市長選舉,2014,臺北市,中正區,黎明里,臺北市,5,馮光遠,無黨籍及未經政黨推薦,5,
2014年直轄市長選舉,2014,臺北市,中正區,黎明里,臺北市,6,連勝文,中國國民黨,769,
2014年直轄市長選舉,2014,臺北市,中正區,黎明里,臺北市,7,柯文哲,無黨籍及未經政黨推薦,870,*
2014年直轄市長選舉,2014,臺北市,中正區,梅花里,臺北市,1,陳汝斌,三等國民公義人權自救黨,0,
2014年直轄市長選舉,2014,臺北市,中正區,梅花里,臺北市,2,趙衍慶,無黨籍及未經政黨推薦,10,
2014年直轄市長選舉,2014,臺北市,中正區,梅花里,臺北市,3,李宏信,無黨籍及未經政黨推薦,5,
2014年直轄市長選舉,2014,臺北市,中正區,梅花里,臺北市,4,陳永昌,無黨籍及未經政黨推薦,3,
2014年直轄市長選舉,2014,臺北市,中正區,梅花里,臺北市,5,馮光遠,無黨籍及未經政黨推薦,15,
2014年直轄市長選舉,2014,臺北市,中正區,梅花里,臺北市,6,連勝文,中國國民黨,747,
2014年直轄市長選舉,2014,臺北市,中正區,梅花里,臺北市,7,柯文哲,無黨籍及未經政黨推薦,1027,*
2014年直轄市長選舉,2014,臺北市,中正區,幸福里,臺北市,1,陳汝斌,三等國民公義人權自救黨,2,
2014年直轄市長選舉,2014,臺北市,中正區,幸福里,臺北市,2,趙衍慶,無黨籍及未經政黨推薦,27,
2014年直轄市長選舉,2014,臺北市,中正區,幸福里,臺北市,3,李宏信,無黨籍及未經政黨推薦,7,
2014年直轄市長選舉,2014,臺北市,中正區,幸福里,臺北市,4,陳永昌,無黨籍及未經政黨推薦,6,
2014年直轄市長選舉,2014,臺北市,中正區,幸福里,臺北市,5,馮光遠,無黨籍及未經政黨推薦,8,
2014年直轄市長選舉,2014,臺北市,中正區,幸福里,臺北市,6,連勝文,中國國民黨,1116,
2014年直轄市長選舉,2014,臺北市,中正區,幸福里,臺北市,7,柯文哲,無黨籍及未經政黨推薦,1400,*
2014年直轄市長選舉,2014,臺北市,中正區,幸市里,臺北市,1,陳汝斌,三等國民公義人權自救黨,2,
2014年直轄市長選舉,2014,臺北市,中正區,幸市里,臺北市,2,趙衍慶,無黨籍及未經政黨推薦,29,
2014年直轄市長選舉,2014,臺北市,中正區,幸市里,臺北市,3,李宏信,無黨籍及未經政黨推薦,5,
2014年直轄市長選舉,2014,臺北市,中正區,幸市里,臺北市,4,陳永昌,無黨籍及未經政黨推薦,5,
2014年直轄市長選舉,2014,臺北市,中正區,幸市里,臺北市,5,馮光遠,無黨籍及未經政黨推薦,15,
2014年直轄市長選舉,2014,臺北市,中正區,幸市里,臺北市,6,連勝文,中國國民黨,1096,
2014年直轄市長選舉,2014,臺北市,中正區,幸市里,臺北市,7,柯文哲,無黨籍及未經政黨推薦,1541,*
2014年直轄市長選舉,2014,臺北市,中正區,東門里,臺北市,1,陳汝斌,三等國民公義人權自救黨,1,
2014年直轄市長選舉,2014,臺北市,中正區,東門里,臺北市,2,趙衍慶,無黨籍及未經政黨推薦,27,
2014年直轄市長選舉,2014,臺北市,中正區,東門里,臺北市,3,李宏信,無黨籍及未經政黨推薦,2,
2014年直轄市長選舉,2014,臺北市,中正區,東門里,臺北市,4,陳永昌,無黨籍及未經政黨推薦,2,
2014年直轄市長選舉,2014,臺北市,中正區,東門里,臺北市,5,馮光遠,無黨籍及未經政黨推薦,13,
2014年直轄市長選舉,2014,臺北市,中正區,東門里,臺北市,6,連勝文,中國國民黨,1111,
2014年直轄市長選舉,2014,臺北市,中正區,東門里,臺北市,7,柯文哲,無黨籍及未經政黨推薦,1184,*
2014年直轄市長選舉,2014,臺北市,中正區,文北里,臺北市,1,陳汝斌,三等國民公義人權自救黨,1,
2014年直轄市長選舉,2014,臺北市,中正區,文北里,臺北市,2,趙衍慶,無黨籍及未經政黨推薦,30,
2014年直轄市長選舉,2014,臺北市,中正區,文北里,臺北市,3,李宏信,無黨籍及未經政黨推薦,9,
2014年直轄市長選舉,2014,臺北市,中正區,文北里,臺北市,4,陳永昌,無黨籍及未經政黨推薦,8,
2014年直轄市長選舉,2014,臺北市,中正區,文北里,臺北市,5,馮光遠,無黨籍及未經政黨推薦,20,
2014年直轄市長選舉,2014,臺北市,中正區,文北里,臺北市,6,連勝文,中國國民黨,1256,
2014年直轄市長選舉,2014,臺北市,中正區,文北里,臺北市,7,柯文哲,無黨籍及未經政黨推薦,1764,*
2014年直轄市長選舉,2014,臺北市,中正區,文祥里,臺北市,1,陳汝斌,三等國民公義人權自救黨,2,
2014年直轄市長選舉,2014,臺北市,中正區,文祥里,臺北市,2,趙衍慶,無黨籍及未經政黨推薦,47,
2014年直轄市長選舉,2014,臺北市,中正區,文祥里,臺北市,3,李宏信,無黨籍及未經政黨推薦,4,
2014年直轄市長選舉,2014,臺北市,中正區,文祥里,臺北市,4,陳永昌,無黨籍及未經政黨推薦,6,
2014年直轄市長選舉,2014,臺北市,中正區,文祥里,臺北市,5,馮光遠,無黨籍及未經政黨推薦,26,
2014年直轄市長選舉,2014,臺北市,中正區,文祥里,臺北市,6,連勝文,中國國民黨,1805,
2014年直轄市長選舉,2014,臺北市,中正區,文祥里,臺北市,7,柯文哲,無黨籍及未經政黨推薦,2438,*
2014年直轄市長選舉,2014,臺北市,中正區,三愛里,臺北市,1,陳汝斌,三等國民公義人權自救黨,3,
2014年直轄市長選舉,2014,臺北市,中正區,三愛里,臺北市,2,趙衍慶,無黨籍及未經政黨推薦,47,
2014年直轄市長選舉,2014,臺北市,中正區,三愛里,臺北市,3,李宏信,無黨籍及未經政黨推薦,12,
2014年直轄市長選舉,2014,臺北市,中正區,三愛里,臺北市,4,陳永昌,無黨籍及未經政黨推薦,2,
2014年直轄市長選舉,2014,臺北市,中正區,三愛里,臺北市,5,馮光遠,無黨籍及未經政黨推薦,34,
2014年直轄市長選舉,2014,臺北市,中正區,三愛里,臺北市,6,連勝文,中國國民黨,2006,
2014年直轄市長選舉,2014,臺北市,中正區,三愛里,臺北市,7,柯文哲,無黨籍及未經政黨推薦,2701,*
2014年直轄市長選舉,2014,臺北市,大同區,玉泉里,臺北市,1,陳汝斌,三等國民公義人權自救黨,0,
2014年直轄市長選舉,2014,臺北市,大同區,玉泉里,臺北市,2,趙衍慶,無黨籍及未經政黨推薦,18,
2014年直轄市長選舉,2014,臺北市,大同區,玉泉里,臺北市,3,李宏信,無黨籍及未經政黨推薦,1,
2014年直轄市長選舉,2014,臺北市,大同區,玉泉里,臺北市,4,陳永昌,無黨籍及未經政黨推薦,5,
2014年直轄市長選舉,2014,臺北市,大同區,玉泉里,臺北市,5,馮光遠,無黨籍及未經政黨推薦,9,
2014年直轄市長選舉,2014,臺北市,大同區,玉泉里,臺北市,6,連勝文,中國國民黨,652,
2014年直轄市長選舉,2014,臺北市,大同區,玉泉里,臺北市,7,柯文哲,無黨籍及未經政黨推薦,1190,*
2014年直轄市長選舉,2014,臺北市,大同區,建明里,臺北市,1,陳汝斌,三等國民公義人權自救黨,1,
2014年直轄市長選舉,2014,臺北市,大同區,建明里,臺北市,2,趙衍慶,無黨籍及未經政黨推薦,13,
2014年直轄市長選舉,2014,臺北市,大同區,建明里,臺北市,3,李宏信,無黨籍及未經政黨推薦,3,
2014年直轄市長選舉,2014,臺北市,大同區,建明里,臺北市,4,陳永昌,無黨籍及未經政黨推薦,1,
2014年直轄市長選舉,2014,臺北市,大同區,建明里,臺北市,5,馮光遠,無黨籍及未經政黨推薦,3,
2014年直轄市長選舉,2014,臺北市,大同區,建明里,臺北市,6,連勝文,中國國民黨,681,
2014年直轄市長選舉,2014,臺北市,大同區,建明里,臺北市,7,柯文哲,無黨籍及未經政黨推薦,1346,*
2014年直轄市長選舉,2014,臺北市,大同區,建功里,臺北市,1,陳汝斌,三等國民公義人權自救黨,0,
2014年直轄市長選舉,2014,臺北市,大同區,建功里,臺北市,2,趙衍慶,無黨籍及未經政黨推薦,16,
2014年直轄市長選舉,2014,臺北市,大同區,建功里,臺北市,3,李宏信,無黨籍及未經政黨推薦,3,
2014年直轄市長選舉,2014,臺北市,大同區,建功里,臺北市,4,陳永昌,無黨籍及未經政黨推薦,2,
2014年直轄市長選舉,2014,臺北市,大同區,建功里,臺北市,5,馮光遠,無黨籍及未經政黨推薦,9,
2014年直轄市長選舉,2014,臺北市,大同區,建功里,臺北市,6,連勝文,中國國民黨,946,
2014年直轄市長選舉,2014,臺北市,大同區,建功里,臺北市,7,柯文哲,無黨籍及未經政黨推薦,1795,*
2014年直轄市長選舉,2014,臺北市,大同區,建泰里,臺北市,1,陳汝斌,三等國民公義人權自救黨,1,
2014年直轄市長選舉,2014,臺北市,大同區,建泰里,臺北市,2,趙衍慶,無黨籍及未經政黨推薦,22,
2014年直轄市長選舉,2014,臺北市,大同區,建泰里,臺北市,3,李宏信,無黨籍及未經政黨推薦,0,
2014年直轄市長選舉,2014,臺北市,大同區,建泰里,臺北市,4,陳永昌,無黨籍及未經政黨推薦,3,
2014年直轄市長選舉,2014,臺北市,大同區,建泰里,臺北市,5,馮光遠,無黨籍及未經政黨推薦,12,
2014年直轄市長選舉,2014,臺北市,大同區,建泰里,臺北市,6,連勝文,中國國民黨,655,
2014年直轄市長選舉,2014,臺北市,大同區,建泰里,臺北市,7,柯文哲,無黨籍及未經政黨推薦,1561,*
2014年直轄市長選舉,2014,臺北市,大同區,永樂里,臺北市,1,陳汝斌,三等國民公義人權自救黨,7,
2014年直轄市長選舉,2014,臺北市,大同區,永樂里,臺北市,2,趙衍慶,無黨籍及未經政黨推薦,22,
2014年直轄市長選舉,2014,臺北市,大同區,永樂里,臺北市,3,李宏信,無黨籍及未經政黨推薦,7,
2014年直轄市長選舉,2014,臺北市,大同區,永樂里,臺北市,4,陳永昌,無黨籍及未經政黨推薦,1,
2014年直轄市長選舉,2014,臺北市,大同區,永樂里,臺北市,5,馮光遠,無黨籍及未經政黨推薦,14,
2014年直轄市長選舉,2014,臺北市,大同區,永樂里,臺北市,6,連勝文,中國國民黨,939,
2014年直轄市長選舉,2014,臺北市,大同區,永樂里,臺北市,7,柯文哲,無黨籍及未經政黨推薦,2233,*
2014年直轄市長選舉,2014,臺北市,大同區,朝陽里,臺北市,1,陳汝斌,三等國民公義人權自救黨,4,
2014年直轄市長選舉,2014,臺北市,大同區,朝陽里,臺北市,2,趙衍慶,無黨籍及未經政黨推薦,28,
2014年直轄市長選舉,2014,臺北市,大同區,朝陽里,臺北市,3,李宏信,無黨籍及未經政黨推薦,4,
2014年直轄市長選舉,2014,臺北市,大同區,朝陽里,臺北市,4,陳永昌,無黨籍及未經政黨推薦,5,
2014年直轄市長選舉,2014,臺北市,大同區,朝陽里,臺北市,5,馮光遠,無黨籍及未經政黨推薦,11,
2014年直轄市長選舉,2014,臺北市,大同區,朝陽里,臺北市,6,連勝文,中國國民黨,810,
2014年直轄市長選舉,2014,臺北市,大同區,朝陽里,臺北市,7,柯文哲,無黨籍及未經政黨推薦,1734,*
2014年直轄市長選舉,2014,臺北市,大同區,星明里,臺北市,1,陳汝斌,三等國民公義人權自救黨,2,
2014年直轄市長選舉,2014,臺北市,大同區,星明里,臺北市,2,趙衍慶,無黨籍及未經政黨推薦,30,
2014年直轄市長選舉,2014,臺北市,大同區,星明里,臺北市,3,李宏信,無黨籍及未經政黨推薦,8,
2014年直轄市長選舉,2014,臺北市,大同區,星明里,臺北市,4,陳永昌,無黨籍及未經政黨推薦,3,
2014年直轄市長選舉,2014,臺北市,大同區,星明里,臺北市,5,馮光遠,無黨籍及未經政黨推薦,18,
2014年直轄市長選舉,2014,臺北市,大同區,星明里,臺北市,6,連勝文,中國國民黨,1136,
2014年直轄市長選舉,2014,臺北市,大同區,星明里,臺北市,7,柯文哲,無黨籍及未經政黨推薦,2162,*
2014年直轄市長選舉,2014,臺北市,大同區,光能里,臺北市,1,陳汝斌,三等國民公義人權自救黨,7,
2014年直轄市長選舉,2014,臺北市,大同區,光能里,臺北市,2,趙衍慶,無黨籍及未經政黨推薦,31,
2014年直轄市長選舉,2014,臺北市,大同區,光能里,臺北市,3,李宏信,無黨籍及未經政黨推薦,2,
2014年直轄市長選舉,2014,臺北市,大同區,光能里,臺北市,4,陳永昌,無黨籍及未經政黨推薦,3,
2014年直轄市長選舉,2014,臺北市,大同區,光能里,臺北市,5,馮光遠,無黨籍及未經政黨推薦,17,
2014年直轄市長選舉,2014,臺北市,大同區,光能里,臺北市,6,連勝文,中國國民黨,992,
2014年直轄市長選舉,2014,臺北市,大同區,光能里,臺北市,7,柯文哲,無黨籍及未經政黨推薦,2120,*
2014年直轄市長選舉,2014,臺北市,大同區,大有里,臺北市,1,陳汝斌,三等國民公義人權自救黨,5,
2014年直轄市長選舉,2014,臺北市,大同區,大有里,臺北市,2,趙衍慶,無黨籍及未經政黨推薦,22,
2014年直轄市長選舉,2014,臺北市,大同區,大有里,臺北市,3,李宏信,無黨籍及未經政黨推薦,4,
2014年直轄市長選舉,2014,臺北市,大同區,大有里,臺北市,4,陳永昌,無黨籍及未經政黨推薦,3,
2014年直轄市長選舉,2014,臺北市,大同區,大有里,臺北市,5,馮光遠,無黨籍及未經政黨推薦,12,
2014年直轄市長選舉,2014,臺北市,大同區,大有里,臺北市,6,連勝文,中國國民黨,920,
2014年直轄市長選舉,2014,臺北市,大同區,大有里,臺北市,7,柯文哲,無黨籍及未經政黨推薦,2160,*
2014年直轄市長選舉,2014,臺北市,大同區,延平里,臺北市,1,陳汝斌,三等國民公義人權自救黨,4,
2014年直轄市長選舉,2014,臺北市,大同區,延平里,臺北市,2,趙衍慶,無黨籍及未經政黨推薦,18,
2014年直轄市長選舉,2014,臺北市,大同區,延平里,臺北市,3,李宏信,無黨籍及未經政黨推薦,1,
2014年直轄市長選舉,2014,臺北市,大同區,延平里,臺北市,4,陳永昌,無黨籍及未經政黨推薦,4,
2014年直轄市長選舉,2014,臺北市,大同區,延平里,臺北市,5,馮光遠,無黨籍及未經政黨推薦,7,
2014年直轄市長選舉,2014,臺北市,大同區,延平里,臺北市,6,連勝文,中國國民黨,845,
2014年直轄市長選舉,2014,臺北市,大同區,延平里,臺北市,7,柯文哲,無黨籍及未經政黨推薦,1554,*
2014年直轄市長選舉,2014,臺北市,大同區,雙連里,臺北市,1,陳汝斌,三等國民公義人權自救黨,12,
2014年直轄市長選舉,2014,臺北市,大同區,雙連里,臺北市,2,趙衍慶,無黨籍及未經政黨推薦,56,
2014年直轄市長選舉,2014,臺北市,大同區,雙連里,臺北市,3,李宏信,無黨籍及未經政黨推薦,9,
2014年直轄市長選舉,2014,臺北市,大同區,雙連里,臺北市,4,陳永昌,無黨籍及未經政黨推薦,11,
2014年直轄市長選舉,2014,臺北市,大同區,雙連里,臺北市,5,馮光遠,無黨籍及未經政黨推薦,27,
2014年直轄市長選舉,2014,臺北市,大同區,雙連里,臺北市,6,連勝文,中國國民黨,1729,
2014年直轄市長選舉,2014,臺北市,大同區,雙連里,臺北市,7,柯文哲,無黨籍及未經政黨推薦,3756,*
2014年直轄市長選舉,2014,臺北市,大同區,南芳里,臺北市,1,陳汝斌,三等國民公義人權自救黨,7,
2014年直轄市長選舉,2014,臺北市,大同區,南芳里,臺北市,2,趙衍慶,無黨籍及未經政黨推薦,19,
2014年直轄市長選舉,2014,臺北市,大同區,南芳里,臺北市,3,李宏信,無黨籍及未經政黨推薦,2,
2014年直轄市長選舉,2014,臺北市,大同區,南芳里,臺北市,4,陳永昌,無黨籍及未經政黨推薦,0,
2014年直轄市長選舉,2014,臺北市,大同區,南芳里,臺北市,5,馮光遠,無黨籍及未經政黨推薦,12,
2014年直轄市長選舉,2014,臺北市,大同區,南芳里,臺北市,6,連勝文,中國國民黨,766,
2014年直轄市長選舉,2014,臺北市,大同區,南芳里,臺北市,7,柯文哲,無黨籍及未經政黨推薦,1554,*
2014年直轄市長選舉,2014,臺北市,大同區,民權里,臺北市,1,陳汝斌,三等國民公義人權自救黨,11,
2014年直轄市長選舉,2014,臺北市,大同區,民權里,臺北市,2,趙衍慶,無黨籍及未經政黨推薦,32,
2014年直轄市長選舉,2014,臺北市,大同區,民權里,臺北市,3,李宏信,無黨籍及未經政黨推薦,6,
2014年直轄市長選舉,2014,臺北市,大同區,民權里,臺北市,4,陳永昌,無黨籍及未經政黨推薦,3,
2014年直轄市長選舉,2014,臺北市,大同區,民權里,臺北市,5,馮光遠,無黨籍及未經政黨推薦,20,
2014年直轄市長選舉,2014,臺北市,大同區,民權里,臺北市,6,連勝文,中國國民黨,1258,
2014年直轄市長選舉,2014,臺北市,大同區,民權里,臺北市,7,柯文哲,無黨籍及未經政黨推薦,2486,*
2014年直轄市長選舉,2014,臺北市,大同區,景星里,臺北市,1,陳汝斌,三等國民公義人權自救黨,1,
2014年直轄市長選舉,2014,臺北市,大同區,景星里,臺北市,2,趙衍慶,無黨籍及未經政黨推薦,19,
2014年直轄市長選舉,2014,臺北市,大同區,景星里,臺北市,3,李宏信,無黨籍及未經政黨推薦,6,
2014年直轄市長選舉,2014,臺北市,大同區,景星里,臺北市,4,陳永昌,無黨籍及未經政黨推薦,8,
2014年直轄市長選舉,2014,臺北市,大同區,景星里,臺北市,5,馮光遠,無黨籍及未經政黨推薦,10,
2014年直轄市長選舉,2014,臺北市,大同區,景星里,臺北市,6,連勝文,中國國民黨,588,
2014年直轄市長選舉,2014,臺北市,大同區,景星里,臺北市,7,柯文哲,無黨籍及未經政黨推薦,1160,*
2014年直轄市長選舉,2014,臺北市,大同區,隆和里,臺北市,1,陳汝斌,三等國民公義人權自救黨,5,
2014年直轄市長選舉,2014,臺北市,大同區,隆和里,臺北市,2,趙衍慶,無黨籍及未經政黨推薦,17,
2014年直轄市長選舉,2014,臺北市,大同區,隆和里,臺北市,3,李宏信,無黨籍及未經政黨推薦,5,
2014年直轄市長選舉,2014,臺北市,大同區,隆和里,臺北市,4,陳永昌,無黨籍及未經政黨推薦,3,
2014年直轄市長選舉,2014,臺北市,大同區,隆和里,臺北市,5,馮光遠,無黨籍及未經政黨推薦,9,
2014年直轄市長選舉,2014,臺北市,大同區,隆和里,臺北市,6,連勝文,中國國民黨,519,
2014年直轄市長選舉,2014,臺北市,大同區,隆和里,臺北市,7,柯文哲,無黨籍及未經政黨推薦,1257,*
2014年直轄市長選舉,2014,臺北市,大同區,蓬萊里,臺北市,1,陳汝斌,三等國民公義人權自救黨,6,
2014年直轄市長選舉,2014,臺北市,大同區,蓬萊里,臺北市,2,趙衍慶,無黨籍及未經政黨推薦,26,
2014年直轄市長選舉,2014,臺北市,大同區,蓬萊里,臺北市,3,李宏信,無黨籍及未經政黨推薦,10,
2014年直轄市長選舉,2014,臺北市,大同區,蓬萊里,臺北市,4,陳永昌,無黨籍及未經政黨推薦,0,
2014年直轄市長選舉,2014,臺北市,大同區,蓬萊里,臺北市,5,馮光遠,無黨籍及未經政黨推薦,9,
2014年直轄市長選舉,2014,臺北市,大同區,蓬萊里,臺北市,6,連勝文,中國國民黨,920,
2014年直轄市長選舉,2014,臺北市,大同區,蓬萊里,臺北市,7,柯文哲,無黨籍及未經政黨推薦,1993,*
2014年直轄市長選舉,2014,臺北市,大同區,國順里,臺北市,1,陳汝斌,三等國民公義人權自救黨,4,
2014年直轄市長選舉,2014,臺北市,大同區,國順里,臺北市,2,趙衍慶,無黨籍及未經政黨推薦,18,
2014年直轄市長選舉,2014,臺北市,大同區,國順里,臺北市,3,李宏信,無黨籍及未經政黨推薦,2,
2014年直轄市長選舉,2014,臺北市,大同區,國順里,臺北市,4,陳永昌,無黨籍及未經政黨推薦,1,
2014年直轄市長選舉,2014,臺北市,大同區,國順里,臺北市,5,馮光遠,無黨籍及未經政黨推薦,9,
2014年直轄市長選舉,2014,臺北市,大同區,國順里,臺北市,6,連勝文,中國國民黨,507,
2014年直轄市長選舉,2014,臺北市,大同區,國順里,臺北市,7,柯文哲,無黨籍及未經政黨推薦,1347,*
2014年直轄市長選舉,2014,臺北市,大同區,國慶里,臺北市,1,陳汝斌,三等國民公義人權自救黨,6,
2014年直轄市長選舉,2014,臺北市,大同區,國慶里,臺北市,2,趙衍慶,無黨籍及未經政黨推薦,30,
2014年直轄市長選舉,2014,臺北市,大同區,國慶里,臺北市,3,李宏信,無黨籍及未經政黨推薦,4,
2014年直轄市長選舉,2014,臺北市,大同區,國慶里,臺北市,4,陳永昌,無黨籍及未經政黨推薦,0,
2014年直轄市長選舉,2014,臺北市,大同區,國慶里,臺北市,5,馮光遠,無黨籍及未經政黨推薦,13,
2014年直轄市長選舉,2014,臺北市,大同區,國慶里,臺北市,6,連勝文,中國國民黨,824,
2014年直轄市長選舉,2014,臺北市,大同區,國慶里,臺北市,7,柯文哲,無黨籍及未經政黨推薦,1784,*
2014年直轄市長選舉,2014,臺北市,大同區,揚雅里,臺北市,1,陳汝斌,三等國民公義人權自救黨,6,
2014年直轄市長選舉,2014,臺北市,大同區,揚雅里,臺北市,2,趙衍慶,無黨籍及未經政黨推薦,30,
2014年直轄市長選舉,2014,臺北市,大同區,揚雅里,臺北市,3,李宏信,無黨籍及未經政黨推薦,7,
2014年直轄市長選舉,2014,臺北市,大同區,揚雅里,臺北市,4,陳永昌,無黨籍及未經政黨推薦,1,
2014年直轄市長選舉,2014,臺北市,大同區,揚雅里,臺北市,5,馮光遠,無黨籍及未經政黨推薦,6,
2014年直轄市長選舉,2014,臺北市,大同區,揚雅里,臺北市,6,連勝文,中國國民黨,633,
2014年直轄市長選舉,2014,臺北市,大同區,揚雅里,臺北市,7,柯文哲,無黨籍及未經政黨推薦,1598,*
2014年直轄市長選舉,2014,臺北市,大同區,斯文里,臺北市,1,陳汝斌,三等國民公義人權自救黨,6,
2014年直轄市長選舉,2014,臺北市,大同區,斯文里,臺北市,2,趙衍慶,無黨籍及未經政黨推薦,23,
2014年直轄市長選舉,2014,臺北市,大同區,斯文里,臺北市,3,李宏信,無黨籍及未經政黨推薦,7,
2014年直轄市長選舉,2014,臺北市,大同區,斯文里,臺北市,4,陳永昌,無黨籍及未經政黨推薦,6,
2014年直轄市長選舉,2014,臺北市,大同區,斯文里,臺北市,5,馮光遠,無黨籍及未經政黨推薦,15,
2014年直轄市長選舉,2014,臺北市,大同區,斯文里,臺北市,6,連勝文,中國國民黨,1003,
2014年直轄市長選舉,2014,臺北市,大同區,斯文里,臺北市,7,柯文哲,無黨籍及未經政黨推薦,2246,*
2014年直轄市長選舉,2014,臺北市,大同區,鄰江里,臺北市,1,陳汝斌,三等國民公義人權自救黨,15,
2014年直轄市長選舉,2014,臺北市,大同區,鄰江里,臺北市,2,趙衍慶,無黨籍及未經政黨推薦,36,
2014年直轄市長選舉,2014,臺北市,大同區,鄰江里,臺北市,3,李宏信,無黨籍及未經政黨推薦,8,
2014年直轄市長選舉,2014,臺北市,大同區,鄰江里,臺北市,4,陳永昌,無黨籍及未經政黨推薦,6,
2014年直轄市長選舉,2014,臺北市,大同區,鄰江里,臺北市,5,馮光遠,無黨籍及未經政黨推薦,26,
2014年直轄市長選舉,2014,臺北市,大同區,鄰江里,臺北市,6,連勝文,中國國民黨,1243,
2014年直轄市長選舉,2014,臺北市,大同區,鄰江里,臺北市,7,柯文哲,無黨籍及未經政黨推薦,2801,*
2014年直轄市長選舉,2014,臺北市,大同區,至聖里,臺北市,1,陳汝斌,三等國民公義人權自救黨,5,
2014年直轄市長選舉,2014,臺北市,大同區,至聖里,臺北市,2,趙衍慶,無黨籍及未經政黨推薦,49,
2014年直轄市長選舉,2014,臺北市,大同區,至聖里,臺北市,3,李宏信,無黨籍及未經政黨推薦,8,
2014年直轄市長選舉,2014,臺北市,大同區,至聖里,臺北市,4,陳永昌,無黨籍及未經政黨推薦,4,
2014年直轄市長選舉,2014,臺北市,大同區,至聖里,臺北市,5,馮光遠,無黨籍及未經政黨推薦,12,
2014年直轄市長選舉,2014,臺北市,大同區,至聖里,臺北市,6,連勝文,中國國民黨,1562,
2014年直轄市長選舉,2014,臺北市,大同區,至聖里,臺北市,7,柯文哲,無黨籍及未經政黨推薦,3273,*
2014年直轄市長選舉,2014,臺北市,大同區,老師里,臺北市,1,陳汝斌,三等國民公義人權自救黨,3,
2014年直轄市長選舉,2014,臺北市,大同區,老師里,臺北市,2,趙衍慶,無黨籍及未經政黨推薦,36,
2014年直轄市長選舉,2014,臺北市,大同區,老師里,臺北市,3,李宏信,無黨籍及未經政黨推薦,5,
2014年直轄市長選舉,2014,臺北市,大同區,老師里,臺北市,4,陳永昌,無黨籍及未經政黨推薦,4,
2014年直轄市長選舉,2014,臺北市,大同區,老師里,臺北市,5,馮光遠,無黨籍及未經政黨推薦,15,
2014年直轄市長選舉,2014,臺北市,大同區,老師里,臺北市,6,連勝文,中國國民黨,1049,
2014年直轄市長選舉,2014,臺北市,大同區,老師里,臺北市,7,柯文哲,無黨籍及未經政黨推薦,2606,*
2014年直轄市長選舉,2014,臺北市,大同區,重慶里,臺北市,1,陳汝斌,三等國民公義人權自救黨,4,
2014年直轄市長選舉,2014,臺北市,大同區,重慶里,臺北市,2,趙衍慶,無黨籍及未經政黨推薦,37,
2014年直轄市長選舉,2014,臺北市,大同區,重慶里,臺北市,3,李宏信,無黨籍及未經政黨推薦,8,
2014年直轄市長選舉,2014,臺北市,大同區,重慶里,臺北市,4,陳永昌,無黨籍及未經政黨推薦,4,
2014年直轄市長選舉,2014,臺北市,大同區,重慶里,臺北市,5,馮光遠,無黨籍及未經政黨推薦,14,
2014年直轄市長選舉,2014,臺北市,大同區,重慶里,臺北市,6,連勝文,中國國民黨,1380,
2014年直轄市長選舉,2014,臺北市,大同區,重慶里,臺北市,7,柯文哲,無黨籍及未經政黨推薦,2655,*
2014年直轄市長選舉,2014,臺北市,大同區,保安里,臺北市,1,陳汝斌,三等國民公義人權自救黨,6,
2014年直轄市長選舉,2014,臺北市,大同區,保安里,臺北市,2,趙衍慶,無黨籍及未經政黨推薦,29,
2014年直轄市長選舉,2014,臺北市,大同區,保安里,臺北市,3,李宏信,無黨籍及未經政黨推薦,3,
2014年直轄市長選舉,2014,臺北市,大同區,保安里,臺北市,4,陳永昌,無黨籍及未經政黨推薦,2,
2014年直轄市長選舉,2014,臺北市,大同區,保安里,臺北市,5,馮光遠,無黨籍及未經政黨推薦,11,
2014年直轄市長選舉,2014,臺北市,大同區,保安里,臺北市,6,連勝文,中國國民黨,749,
2014年直轄市長選舉,2014,臺北市,大同區,保安里,臺北市,7,柯文哲,無黨籍及未經政黨推薦,1816,*
2014年直轄市長選舉,2014,臺北市,萬華區,福星里,臺北市,1,陳汝斌,三等國民公義人權自救黨,2,
2014年直轄市長選舉,2014,臺北市,萬華區,福星里,臺北市,2,趙衍慶,無黨籍及未經政黨推薦,26,
2014年直轄市長選舉,2014,臺北市,萬華區,福星里,臺北市,3,李宏信,無黨籍及未經政黨推薦,4,
2014年直轄市長選舉,2014,臺北市,萬華區,福星里,臺北市,4,陳永昌,無黨籍及未經政黨推薦,4,
2014年直轄市長選舉,2014,臺北市,萬華區,福星里,臺北市,5,馮光遠,無黨籍及未經政黨推薦,10,
2014年直轄市長選舉,2014,臺北市,萬華區,福星里,臺北市,6,連勝文,中國國民黨,1306,
2014年直轄市長選舉,2014,臺北市,萬華區,福星里,臺北市,7,柯文哲,無黨籍及未經政黨推薦,1669,*
2014年直轄市長選舉,2014,臺北市,萬華區,萬壽里,臺北市,1,陳汝斌,三等國民公義人權自救黨,4,
2014年直轄市長選舉,2014,臺北市,萬華區,萬壽里,臺北市,2,趙衍慶,無黨籍及未經政黨推薦,12,
2014年直轄市長選舉,2014,臺北市,萬華區,萬壽里,臺北市,3,李宏信,無黨籍及未經政黨推薦,3,
2014年直轄市長選舉,2014,臺北市,萬華區,萬壽里,臺北市,4,陳永昌,無黨籍及未經政黨推薦,2,
2014年直轄市長選舉,2014,臺北市,萬華區,萬壽里,臺北市,5,馮光遠,無黨籍及未經政黨推薦,7,
2014年直轄市長選舉,2014,臺北市,萬華區,萬壽里,臺北市,6,連勝文,中國國民黨,840,
2014年直轄市長選舉,2014,臺北市,萬華區,萬壽里,臺北市,7,柯文哲,無黨籍及未經政黨推薦,1006,*
2014年直轄市長選舉,2014,臺北市,萬華區,西門里,臺北市,1,陳汝斌,三等國民公義人權自救黨,2,
2014年直轄市長選舉,2014,臺北市,萬華區,西門里,臺北市,2,趙衍慶,無黨籍及未經政黨推薦,24,
2014年直轄市長選舉,2014,臺北市,萬華區,西門里,臺北市,3,李宏信,無黨籍及未經政黨推薦,2,
2014年直轄市長選舉,2014,臺北市,萬華區,西門里,臺北市,4,陳永昌,無黨籍及未經政黨推薦,4,
2014年直轄市長選舉,2014,臺北市,萬華區,西門里,臺北市,5,馮光遠,無黨籍及未經政黨推薦,11,
2014年直轄市長選舉,2014,臺北市,萬華區,西門里,臺北市,6,連勝文,中國國民黨,932,
2014年直轄市長選舉,2014,臺北市,萬華區,西門里,臺北市,7,柯文哲,無黨籍及未經政黨推薦,1210,*
2014年直轄市長選舉,2014,臺北市,萬華區,新起里,臺北市,1,陳汝斌,三等國民公義人權自救黨,5,
2014年直轄市長選舉,2014,臺北市,萬華區,新起里,臺北市,2,趙衍慶,無黨籍及未經政黨推薦,31,
2014年直轄市長選舉,2014,臺北市,萬華區,新起里,臺北市,3,李宏信,無黨籍及未經政黨推薦,2,
2014年直轄市長選舉,2014,臺北市,萬華區,新起里,臺北市,4,陳永昌,無黨籍及未經政黨推薦,4,
2014年直轄市長選舉,2014,臺北市,萬華區,新起里,臺北市,5,馮光遠,無黨籍及未經政黨推薦,15,
2014年直轄市長選舉,2014,臺北市,萬華區,新起里,臺北市,6,連勝文,中國國民黨,1498,
2014年直轄市長選舉,2014,臺北市,萬華區,新起里,臺北市,7,柯文哲,無黨籍及未經政黨推薦,2458,*
2014年直轄市長選舉,2014,臺北市,萬華區,菜園里,臺北市,1,陳汝斌,三等國民公義人權自救黨,5,
2014年直轄市長選舉,2014,臺北市,萬華區,菜園里,臺北市,2,趙衍慶,無黨籍及未經政黨推薦,33,
2014年直轄市長選舉,2014,臺北市,萬華區,菜園里,臺北市,3,李宏信,無黨籍及未經政黨推薦,4,
2014年直轄市長選舉,2014,臺北市,萬華區,菜園里,臺北市,4,陳永昌,無黨籍及未經政黨推薦,4,
2014年直轄市長選舉,2014,臺北市,萬華區,菜園里,臺北市,5,馮光遠,無黨籍及未經政黨推薦,19,
2014年直轄市長選舉,2014,臺北市,萬華區,菜園里,臺北市,6,連勝文,中國國民黨,1301,
2014年直轄市長選舉,2014,臺北市,萬華區,菜園里,臺北市,7,柯文哲,無黨籍及未經政黨推薦,2311,*
2014年直轄市長選舉,2014,臺北市,萬華區,青山里,臺北市,1,陳汝斌,三等國民公義人權自救黨,3,
2014年直轄市長選舉,2014,臺北市,萬華區,青山里,臺北市,2,趙衍慶,無黨籍及未經政黨推薦,20,
2014年直轄市長選舉,2014,臺北市,萬華區,青山里,臺北市,3,李宏信,無黨籍及未經政黨推薦,2,
2014年直轄市長選舉,2014,臺北市,萬華區,青山里,臺北市,4,陳永昌,無黨籍及未經政黨推薦,3,
2014年直轄市長選舉,2014,臺北市,萬華區,青山里,臺北市,5,馮光遠,無黨籍及未經政黨推薦,17,
2014年直轄市長選舉,2014,臺北市,萬華區,青山里,臺北市,6,連勝文,中國國民黨,1204,
2014年直轄市長選舉,2014,臺北市,萬華區,青山里,臺北市,7,柯文哲,無黨籍及未經政黨推薦,2077,*
2014年直轄市長選舉,2014,臺北市,萬華區,富民里,臺北市,1,陳汝斌,三等國民公義人權自救黨,1,
2014年直轄市長選舉,2014,臺北市,萬華區,富民里,臺北市,2,趙衍慶,無黨籍及未經政黨推薦,16,
2014年直轄市長選舉,2014,臺北市,萬華區,富民里,臺北市,3,李宏信,無黨籍及未經政黨推薦,2,
2014年直轄市長選舉,2014,臺北市,萬華區,富民里,臺北市,4,陳永昌,無黨籍及未經政黨推薦,2,
2014年直轄市長選舉,2014,臺北市,萬華區,富民里,臺北市,5,馮光遠,無黨籍及未經政黨推薦,14,
2014年直轄市長選舉,2014,臺北市,萬華區,富民里,臺北市,6,連勝文,中國國民黨,994,
2014年直轄市長選舉,2014,臺北市,萬華區,富民里,臺北市,7,柯文哲,無黨籍及未經政黨推薦,2101,*
2014年直轄市長選舉,2014,臺北市,萬華區,福音里,臺北市,1,陳汝斌,三等國民公義人權自救黨,1,
2014年直轄市長選舉,2014,臺北市,萬華區,福音里,臺北市,2,趙衍慶,無黨籍及未經政黨推薦,17,
2014年直轄市長選舉,2014,臺北市,萬華區,福音里,臺北市,3,李宏信,無黨籍及未經政黨推薦,2,
2014年直轄市長選舉,2014,臺北市,萬華區,福音里,臺北市,4,陳永昌,無黨籍及未經政黨推薦,1,
2014年直轄市長選舉,2014,臺北市,萬華區,福音里,臺北市,5,馮光遠,無黨籍及未經政黨推薦,5,
2014年直轄市長選舉,2014,臺北市,萬華區,福音里,臺北市,6,連勝文,中國國民黨,737,
2014年直轄市長選舉,2014,臺北市,萬華區,福音里,臺北市,7,柯文哲,無黨籍及未經政黨推薦,1417,*
2014年直轄市長選舉,2014,臺北市,萬華區,仁德里,臺北市,1,陳汝斌,三等國民公義人權自救黨,3,
2014年直轄市長選舉,2014,臺北市,萬華區,仁德里,臺北市,2,趙衍慶,無黨籍及未經政黨推薦,28,
2014年直轄市長選舉,2014,臺北市,萬華區,仁德里,臺北市,3,李宏信,無黨籍及未經政黨推薦,14,
2014年直轄市長選舉,2014,臺北市,萬華區,仁德里,臺北市,4,陳永昌,無黨籍及未經政黨推薦,2,
2014年直轄市長選舉,2014,臺北市,萬華區,仁德里,臺北市,5,馮光遠,無黨籍及未經政黨推薦,12,
2014年直轄市長選舉,2014,臺北市,萬華區,仁德里,臺北市,6,連勝文,中國國民黨,1097,
2014年直轄市長選舉,2014,臺北市,萬華區,仁德里,臺北市,7,柯文哲,無黨籍及未經政黨推薦,1824,*
2014年直轄市長選舉,2014,臺北市,萬華區,富福里,臺北市,1,陳汝斌,三等國民公義人權自救黨,5,
2014年直轄市長選舉,2014,臺北市,萬華區,富福里,臺北市,2,趙衍慶,無黨籍及未經政黨推薦,26,
2014年直轄市長選舉,2014,臺北市,萬華區,富福里,臺北市,3,李宏信,無黨籍及未經政黨推薦,4,
2014年直轄市長選舉,2014,臺北市,萬華區,富福里,臺北市,4,陳永昌,無黨籍及未經政黨推薦,1,
2014年直轄市長選舉,2014,臺北市,萬華區,富福里,臺北市,5,馮光遠,無黨籍及未經政黨推薦,6,
2014年直轄市長選舉,2014,臺北市,萬華區,富福里,臺北市,6,連勝文,中國國民黨,971,
2014年直轄市長選舉,2014,臺北市,萬華區,富福里,臺北市,7,柯文哲,無黨籍及未經政黨推薦,2000,*
2014年直轄市長選舉,2014,臺北市,萬華區,頂碩里,臺北市,1,陳汝斌,三等國民公義人權自救黨,4,
2014年直轄市長選舉,2014,臺北市,萬華區,頂碩里,臺北市,2,趙衍慶,無黨籍及未經政黨推薦,42,
2014年直轄市長選舉,2014,臺北市,萬華區,頂碩里,臺北市,3,李宏信,無黨籍及未經政黨推薦,4,
2014年直轄市長選舉,2014,臺北市,萬華區,頂碩里,臺北市,4,陳永昌,無黨籍及未經政黨推薦,3,
2014年直轄市長選舉,2014,臺北市,萬華區,頂碩里,臺北市,5,馮光遠,無黨籍及未經政黨推薦,26,
2014年直轄市長選舉,2014,臺北市,萬華區,頂碩里,臺北市,6,連勝文,中國國民黨,1311,
2014年直轄市長選舉,2014,臺北市,萬華區,頂碩里,臺北市,7,柯文哲,無黨籍及未經政黨推薦,3157,*
2014年直轄市長選舉,2014,臺北市,萬華區,雙園里,臺北市,1,陳汝斌,三等國民公義人權自救黨,5,
2014年直轄市長選舉,2014,臺北市,萬華區,雙園里,臺北市,2,趙衍慶,無黨籍及未經政黨推薦,24,
2014年直轄市長選舉,2014,臺北市,萬華區,雙園里,臺北市,3,李宏信,無黨籍及未經政黨推薦,5,
2014年直轄市長選舉,2014,臺北市,萬華區,雙園里,臺北市,4,陳永昌,無黨籍及未經政黨推薦,2,
2014年直轄市長選舉,2014,臺北市,萬華區,雙園里,臺北市,5,馮光遠,無黨籍及未經政黨推薦,13,
2014年直轄市長選舉,2014,臺北市,萬華區,雙園里,臺北市,6,連勝文,中國國民黨,899,
2014年直轄市長選舉,2014,臺北市,萬華區,雙園里,臺北市,7,柯文哲,無黨籍及未經政黨推薦,1832,*
2014年直轄市長選舉,2014,臺北市,萬華區,新忠里,臺北市,1,陳汝斌,三等國民公義人權自救黨,4,
2014年直轄市長選舉,2014,臺北市,萬華區,新忠里,臺北市,2,趙衍慶,無黨籍及未經政黨推薦,23,
2014年直轄市長選舉,2014,臺北市,萬華區,新忠里,臺北市,3,李宏信,無黨籍及未經政黨推薦,4,
2014年直轄市長選舉,2014,臺北市,萬華區,新忠里,臺北市,4,陳永昌,無黨籍及未經政黨推薦,3,
2014年直轄市長選舉,2014,臺北市,萬華區,新忠里,臺北市,5,馮光遠,無黨籍及未經政黨推薦,12,
2014年直轄市長選舉,2014,臺北市,萬華區,新忠里,臺北市,6,連勝文,中國國民黨,1422,
2014年直轄市長選舉,2014,臺北市,萬華區,新忠里,臺北市,7,柯文哲,無黨籍及未經政黨推薦,639,*
2014年直轄市長選舉,2014,臺北市,萬華區,新和里,臺北市,1,陳汝斌,三等國民公義人權自救黨,5,
2014年直轄市長選舉,2014,臺北市,萬華區,新和里,臺北市,2,趙衍慶,無黨籍及未經政黨推薦,54,
2014年直轄市長選舉,2014,臺北市,萬華區,新和里,臺北市,3,李宏信,無黨籍及未經政黨推薦,11,
2014年直轄市長選舉,2014,臺北市,萬華區,新和里,臺北市,4,陳永昌,無黨籍及未經政黨推薦,4,
2014年直轄市長選舉,2014,臺北市,萬華區,新和里,臺北市,5,馮光遠,無黨籍及未經政黨推薦,30,
2014年直轄市長選舉,2014,臺北市,萬華區,新和里,臺北市,6,連勝文,中國國民黨,3207,
2014年直轄市長選舉,2014,臺北市,萬華區,新和里,臺北市,7,柯文哲,無黨籍及未經政黨推薦,1926,*
2014年直轄市長選舉,2014,臺北市,萬華區,糖廍里,臺北市,1,陳汝斌,三等國民公義人權自救黨,3,
2014年直轄市長選舉,2014,臺北市,萬華區,糖廍里,臺北市,2,趙衍慶,無黨籍及未經政黨推薦,30,
2014年直轄市長選舉,2014,臺北市,萬華區,糖廍里,臺北市,3,李宏信,無黨籍及未經政黨推薦,10,
2014年直轄市長選舉,2014,臺北市,萬華區,糖廍里,臺北市,4,陳永昌,無黨籍及未經政黨推薦,5,
2014年直轄市長選舉,2014,臺北市,萬華區,糖廍里,臺北市,5,馮光遠,無黨籍及未經政黨推薦,20,
2014年直轄市長選舉,2014,臺北市,萬華區,糖廍里,臺北市,6,連勝文,中國國民黨,1157,
2014年直轄市長選舉,2014,臺北市,萬華區,糖廍里,臺北市,7,柯文哲,無黨籍及未經政黨推薦,2145,*
2014年直轄市長選舉,2014,臺北市,萬華區,和平里,臺北市,1,陳汝斌,三等國民公義人權自救黨,6,
2014年直轄市長選舉,2014,臺北市,萬華區,和平里,臺北市,2,趙衍慶,無黨籍及未經政黨推薦,34,
2014年直轄市長選舉,2014,臺北市,萬華區,和平里,臺北市,3,李宏信,無黨籍及未經政黨推薦,3,
2014年直轄市長選舉,2014,臺北市,萬華區,和平里,臺北市,4,陳永昌,無黨籍及未經政黨推薦,10,
2014年直轄市長選舉,2014,臺北市,萬華區,和平里,臺北市,5,馮光遠,無黨籍及未經政黨推薦,21,
2014年直轄市長選舉,2014,臺北市,萬華區,和平里,臺北市,6,連勝文,中國國民黨,1232,
2014年直轄市長選舉,2014,臺北市,萬華區,和平里,臺北市,7,柯文哲,無黨籍及未經政黨推薦,3047,*
2014年直轄市長選舉,2014,臺北市,萬華區,綠堤里,臺北市,1,陳汝斌,三等國民公義人權自救黨,1,
2014年直轄市長選舉,2014,臺北市,萬華區,綠堤里,臺北市,2,趙衍慶,無黨籍及未經政黨推薦,23,
2014年直轄市長選舉,2014,臺北市,萬華區,綠堤里,臺北市,3,李宏信,無黨籍及未經政黨推薦,3,
2014年直轄市長選舉,2014,臺北市,萬華區,綠堤里,臺北市,4,陳永昌,無黨籍及未經政黨推薦,8,
2014年直轄市長選舉,2014,臺北市,萬華區,綠堤里,臺北市,5,馮光遠,無黨籍及未經政黨推薦,9,
2014年直轄市長選舉,2014,臺北市,萬華區,綠堤里,臺北市,6,連勝文,中國國民黨,1025,
2014年直轄市長選舉,2014,臺北市,萬華區,綠堤里,臺北市,7,柯文哲,無黨籍及未經政黨推薦,1467,*
2014年直轄市長選舉,2014,臺北市,萬華區,華江里,臺北市,1,陳汝斌,三等國民公義人權自救黨,4,
2014年直轄市長選舉,2014,臺北市,萬華區,華江里,臺北市,2,趙衍慶,無黨籍及未經政黨推薦,57,
2014年直轄市長選舉,2014,臺北市,萬華區,華江里,臺北市,3,李宏信,無黨籍及未經政黨推薦,13,
2014年直轄市長選舉,2014,臺北市,萬華區,華江里,臺北市,4,陳永昌,無黨籍及未經政黨推薦,6,
2014年直轄市長選舉,2014,臺北市,萬華區,華江里,臺北市,5,馮光遠,無黨籍及未經政黨推薦,26,
2014年直轄市長選舉,2014,臺北市,萬華區,華江里,臺北市,6,連勝文,中國國民黨,1827,
2014年直轄市長選舉,2014,臺北市,萬華區,華江里,臺北市,7,柯文哲,無黨籍及未經政黨推薦,3284,*
2014年直轄市長選舉,2014,臺北市,萬華區,柳鄉里,臺北市,1,陳汝斌,三等國民公義人權自救黨,4,
2014年直轄市長選舉,2014,臺北市,萬華區,柳鄉里,臺北市,2,趙衍慶,無黨籍及未經政黨推薦,28,
2014年直轄市長選舉,2014,臺北市,萬華區,柳鄉里,臺北市,3,李宏信,無黨籍及未經政黨推薦,4,
2014年直轄市長選舉,2014,臺北市,萬華區,柳鄉里,臺北市,4,陳永昌,無黨籍及未經政黨推薦,5,
2014年直轄市長選舉,2014,臺北市,萬華區,柳鄉里,臺北市,5,馮光遠,無黨籍及未經政黨推薦,16,
2014年直轄市長選舉,2014,臺北市,萬華區,柳鄉里,臺北市,6,連勝文,中國國民黨,1065,
2014年直轄市長選舉,2014,臺北市,萬華區,柳鄉里,臺北市,7,柯文哲,無黨籍及未經政黨推薦,2258,*
2014年直轄市長選舉,2014,臺北市,萬華區,日善里,臺北市,1,陳汝斌,三等國民公義人權自救黨,3,
2014年直轄市長選舉,2014,臺北市,萬華區,日善里,臺北市,2,趙衍慶,無黨籍及未經政黨推薦,26,
2014年直轄市長選舉,2014,臺北市,萬華區,日善里,臺北市,3,李宏信,無黨籍及未經政黨推薦,3,
2014年直轄市長選舉,2014,臺北市,萬華區,日善里,臺北市,4,陳永昌,無黨籍及未經政黨推薦,3,
2014年直轄市長選舉,2014,臺北市,萬華區,日善里,臺北市,5,馮光遠,無黨籍及未經政黨推薦,9,
2014年直轄市長選舉,2014,臺北市,萬華區,日善里,臺北市,6,連勝文,中國國民黨,758,
2014年直轄市長選舉,2014,臺北市,萬華區,日善里,臺北市,7,柯文哲,無黨籍及未經政黨推薦,1478,*
2014年直轄市長選舉,2014,臺北市,萬華區,新安里,臺北市,1,陳汝斌,三等國民公義人權自救黨,14,
2014年直轄市長選舉,2014,臺北市,萬華區,新安里,臺北市,2,趙衍慶,無黨籍及未經政黨推薦,41,
2014年直轄市長選舉,2014,臺北市,萬華區,新安里,臺北市,3,李宏信,無黨籍及未經政黨推薦,6,
2014年直轄市長選舉,2014,臺北市,萬華區,新安里,臺北市,4,陳永昌,無黨籍及未經政黨推薦,6,
2014年直轄市長選舉,2014,臺北市,萬華區,新安里,臺北市,5,馮光遠,無黨籍及未經政黨推薦,18,
2014年直轄市長選舉,2014,臺北市,萬華區,新安里,臺北市,6,連勝文,中國國民黨,1834,
2014年直轄市長選舉,2014,臺北市,萬華區,新安里,臺北市,7,柯文哲,無黨籍及未經政黨推薦,1815,*
2014年直轄市長選舉,2014,臺北市,萬華區,忠德里,臺北市,1,陳汝斌,三等國民公義人權自救黨,2,
2014年直轄市長選舉,2014,臺北市,萬華區,忠德里,臺北市,2,趙衍慶,無黨籍及未經政黨推薦,16,
2014年直轄市長選舉,2014,臺北市,萬華區,忠德里,臺北市,3,李宏信,無黨籍及未經政黨推薦,4,
2014年直轄市長選舉,2014,臺北市,萬華區,忠德里,臺北市,4,陳永昌,無黨籍及未經政黨推薦,2,
2014年直轄市長選舉,2014,臺北市,萬華區,忠德里,臺北市,5,馮光遠,無黨籍及未經政黨推薦,10,
2014年直轄市長選舉,2014,臺北市,萬華區,忠德里,臺北市,6,連勝文,中國國民黨,772,
2014年直轄市長選舉,2014,臺北市,萬華區,忠德里,臺北市,7,柯文哲,無黨籍及未經政黨推薦,1781,*
2014年直轄市長選舉,2014,臺北市,萬華區,孝德里,臺北市,1,陳汝斌,三等國民公義人權自救黨,1,
2014年直轄市長選舉,2014,臺北市,萬華區,孝德里,臺北市,2,趙衍慶,無黨籍及未經政黨推薦,23,
2014年直轄市長選舉,2014,臺北市,萬華區,孝德里,臺北市,3,李宏信,無黨籍及未經政黨推薦,8,
2014年直轄市長選舉,2014,臺北市,萬華區,孝德里,臺北市,4,陳永昌,無黨籍及未經政黨推薦,5,
2014年直轄市長選舉,2014,臺北市,萬華區,孝德里,臺北市,5,馮光遠,無黨籍及未經政黨推薦,9,
2014年直轄市長選舉,2014,臺北市,萬華區,孝德里,臺北市,6,連勝文,中國國民黨,620,
2014年直轄市長選舉,2014,臺北市,萬華區,孝德里,臺北市,7,柯文哲,無黨籍及未經政黨推薦,1483,*
2014年直轄市長選舉,2014,臺北市,萬華區,和德里,臺北市,1,陳汝斌,三等國民公義人權自救黨,8,
2014年直轄市長選舉,2014,臺北市,萬華區,和德里,臺北市,2,趙衍慶,無黨籍及未經政黨推薦,36,
2014年直轄市長選舉,2014,臺北市,萬華區,和德里,臺北市,3,李宏信,無黨籍及未經政黨推薦,2,
2014年直轄市長選舉,2014,臺北市,萬華區,和德里,臺北市,4,陳永昌,無黨籍及未經政黨推薦,4,
2014年直轄市長選舉,2014,臺北市,萬華區,和德里,臺北市,5,馮光遠,無黨籍及未經政黨推薦,13,
2014年直轄市長選舉,2014,臺北市,萬華區,和德里,臺北市,6,連勝文,中國國民黨,1336,
2014年直轄市長選舉,2014,臺北市,萬華區,和德里,臺北市,7,柯文哲,無黨籍及未經政黨推薦,2738,*
2014年直轄市長選舉,2014,臺北市,萬華區,錦德里,臺北市,1,陳汝斌,三等國民公義人權自救黨,2,
2014年直轄市長選舉,2014,臺北市,萬華區,錦德里,臺北市,2,趙衍慶,無黨籍及未經政黨推薦,22,
2014年直轄市長選舉,2014,臺北市,萬華區,錦德里,臺北市,3,李宏信,無黨籍及未經政黨推薦,4,
2014年直轄市長選舉,2014,臺北市,萬華區,錦德里,臺北市,4,陳永昌,無黨籍及未經政黨推薦,8,
2014年直轄市長選舉,2014,臺北市,萬華區,錦德里,臺北市,5,馮光遠,無黨籍及未經政黨推薦,17,
2014年直轄市長選舉,2014,臺北市,萬華區,錦德里,臺北市,6,連勝文,中國國民黨,1123,
2014年直轄市長選舉,2014,臺北市,萬華區,錦德里,臺北市,7,柯文哲,無黨籍及未經政黨推薦,2271,*
2014年直轄市長選舉,2014,臺北市,萬華區,全德里,臺北市,1,陳汝斌,三等國民公義人權自救黨,1,
2014年直轄市長選舉,2014,臺北市,萬華區,全德里,臺北市,2,趙衍慶,無黨籍及未經政黨推薦,20,
2014年直轄市長選舉,2014,臺北市,萬華區,全德里,臺北市,3,李宏信,無黨籍及未經政黨推薦,8,
2014年直轄市長選舉,2014,臺北市,萬華區,全德里,臺北市,4,陳永昌,無黨籍及未經政黨推薦,3,
2014年直轄市長選舉,2014,臺北市,萬華區,全德里,臺北市,5,馮光遠,無黨籍及未經政黨推薦,10,
2014年直轄市長選舉,2014,臺北市,萬華區,全德里,臺北市,6,連勝文,中國國民黨,895,
2014年直轄市長選舉,2014,臺北市,萬華區,全德里,臺北市,7,柯文哲,無黨籍及未經政黨推薦,1547,*
2014年直轄市長選舉,2014,臺北市,萬華區,保德里,臺北市,1,陳汝斌,三等國民公義人權自救黨,2,
2014年直轄市長選舉,2014,臺北市,萬華區,保德里,臺北市,2,趙衍慶,無黨籍及未經政黨推薦,26,
2014年直轄市長選舉,2014,臺北市,萬華區,保德里,臺北市,3,李宏信,無黨籍及未經政黨推薦,2,
2014年直轄市長選舉,2014,臺北市,萬華區,保德里,臺北市,4,陳永昌,無黨籍及未經政黨推薦,2,
2014年直轄市長選舉,2014,臺北市,萬華區,保德里,臺北市,5,馮光遠,無黨籍及未經政黨推薦,6,
2014年直轄市長選舉,2014,臺北市,萬華區,保德里,臺北市,6,連勝文,中國國民黨,746,
2014年直轄市長選舉,2014,臺北市,萬華區,保德里,臺北市,7,柯文哲,無黨籍及未經政黨推薦,1284,*
2014年直轄市長選舉,2014,臺北市,萬華區,銘德里,臺北市,1,陳汝斌,三等國民公義人權自救黨,4,
2014年直轄市長選舉,2014,臺北市,萬華區,銘德里,臺北市,2,趙衍慶,無黨籍及未經政黨推薦,14,
2014年直轄市長選舉,2014,臺北市,萬華區,銘德里,臺北市,3,李宏信,無黨籍及未經政黨推薦,6,
2014年直轄市長選舉,2014,臺北市,萬華區,銘德里,臺北市,4,陳永昌,無黨籍及未經政黨推薦,6,
2014年直轄市長選舉,2014,臺北市,萬華區,銘德里,臺北市,5,馮光遠,無黨籍及未經政黨推薦,14,
2014年直轄市長選舉,2014,臺北市,萬華區,銘德里,臺北市,6,連勝文,中國國民黨,963,
2014年直轄市長選舉,2014,臺北市,萬華區,銘德里,臺北市,7,柯文哲,無黨籍及未經政黨推薦,1879,*
2014年直轄市長選舉,2014,臺北市,萬華區,榮德里,臺北市,1,陳汝斌,三等國民公義人權自救黨,6,
2014年直轄市長選舉,2014,臺北市,萬華區,榮德里,臺北市,2,趙衍慶,無黨籍及未經政黨推薦,20,
2014年直轄市長選舉,2014,臺北市,萬華區,榮德里,臺北市,3,李宏信,無黨籍及未經政黨推薦,5,
2014年直轄市長選舉,2014,臺北市,萬華區,榮德里,臺北市,4,陳永昌,無黨籍及未經政黨推薦,6,
2014年直轄市長選舉,2014,臺北市,萬華區,榮德里,臺北市,5,馮光遠,無黨籍及未經政黨推薦,10,
2014年直轄市長選舉,2014,臺北市,萬華區,榮德里,臺北市,6,連勝文,中國國民黨,755,
2014年直轄市長選舉,2014,臺北市,萬華區,榮德里,臺北市,7,柯文哲,無黨籍及未經政黨推薦,1501,*
2014年直轄市長選舉,2014,臺北市,萬華區,壽德里,臺北市,1,陳汝斌,三等國民公義人權自救黨,2,
2014年直轄市長選舉,2014,臺北市,萬華區,壽德里,臺北市,2,趙衍慶,無黨籍及未經政黨推薦,37,
2014年直轄市長選舉,2014,臺北市,萬華區,壽德里,臺北市,3,李宏信,無黨籍及未經政黨推薦,4,
2014年直轄市長選舉,2014,臺北市,萬華區,壽德里,臺北市,4,陳永昌,無黨籍及未經政黨推薦,6,
2014年直轄市長選舉,2014,臺北市,萬華區,壽德里,臺北市,5,馮光遠,無黨籍及未經政黨推薦,17,
2014年直轄市長選舉,2014,臺北市,萬華區,壽德里,臺北市,6,連勝文,中國國民黨,1198,
2014年直轄市長選舉,2014,臺北市,萬華區,壽德里,臺北市,7,柯文哲,無黨籍及未經政黨推薦,1997,*
2014年直轄市長選舉,2014,臺北市,萬華區,興德里,臺北市,1,陳汝斌,三等國民公義人權自救黨,3,
2014年直轄市長選舉,2014,臺北市,萬華區,興德里,臺北市,2,趙衍慶,無黨籍及未經政黨推薦,35,
2014年直轄市長選舉,2014,臺北市,萬華區,興德里,臺北市,3,李宏信,無黨籍及未經政黨推薦,4,
2014年直轄市長選舉,2014,臺北市,萬華區,興德里,臺北市,4,陳永昌,無黨籍及未經政黨推薦,3,
2014年直轄市長選舉,2014,臺北市,萬華區,興德里,臺北市,5,馮光遠,無黨籍及未經政黨推薦,12,
2014年直轄市長選舉,2014,臺北市,萬華區,興德里,臺北市,6,連勝文,中國國民黨,988,
2014年直轄市長選舉,2014,臺北市,萬華區,興德里,臺北市,7,柯文哲,無黨籍及未經政黨推薦,1979,*
2014年直轄市長選舉,2014,臺北市,萬華區,華中里,臺北市,1,陳汝斌,三等國民公義人權自救黨,2,
2014年直轄市長選舉,2014,臺北市,萬華區,華中里,臺北市,2,趙衍慶,無黨籍及未經政黨推薦,35,
2014年直轄市長選舉,2014,臺北市,萬華區,華中里,臺北市,3,李宏信,無黨籍及未經政黨推薦,5,
2014年直轄市長選舉,2014,臺北市,萬華區,華中里,臺北市,4,陳永昌,無黨籍及未經政黨推薦,6,
2014年直轄市長選舉,2014,臺北市,萬華區,華中里,臺北市,5,馮光遠,無黨籍及未經政黨推薦,18,
2014年直轄市長選舉,2014,臺北市,萬華區,華中里,臺北市,6,連勝文,中國國民黨,1316,
2014年直轄市長選舉,2014,臺北市,萬華區,華中里,臺北市,7,柯文哲,無黨籍及未經政黨推薦,2509,*
2014年直轄市長選舉,2014,臺北市,萬華區,日祥里,臺北市,1,陳汝斌,三等國民公義人權自救黨,12,
2014年直轄市長選舉,2014,臺北市,萬華區,日祥里,臺北市,2,趙衍慶,無黨籍及未經政黨推薦,42,
2014年直轄市長選舉,2014,臺北市,萬華區,日祥里,臺北市,3,李宏信,無黨籍及未經政黨推薦,3,
2014年直轄市長選舉,2014,臺北市,萬華區,日祥里,臺北市,4,陳永昌,無黨籍及未經政黨推薦,1,
2014年直轄市長選舉,2014,臺北市,萬華區,日祥里,臺北市,5,馮光遠,無黨籍及未經政黨推薦,18,
2014年直轄市長選舉,2014,臺北市,萬華區,日祥里,臺北市,6,連勝文,中國國民黨,1859,
2014年直轄市長選舉,2014,臺北市,萬華區,日祥里,臺北市,7,柯文哲,無黨籍及未經政黨推薦,1540,*
2014年直轄市長選舉,2014,臺北市,萬華區,忠貞里,臺北市,1,陳汝斌,三等國民公義人權自救黨,6,
2014年直轄市長選舉,2014,臺北市,萬華區,忠貞里,臺北市,2,趙衍慶,無黨籍及未經政黨推薦,30,
2014年直轄市長選舉,2014,臺北市,萬華區,忠貞里,臺北市,3,李宏信,無黨籍及未經政黨推薦,6,
2014年直轄市長選舉,2014,臺北市,萬華區,忠貞里,臺北市,4,陳永昌,無黨籍及未經政黨推薦,6,
2014年直轄市長選舉,2014,臺北市,萬華區,忠貞里,臺北市,5,馮光遠,無黨籍及未經政黨推薦,25,
2014年直轄市長選舉,2014,臺北市,萬華區,忠貞里,臺北市,6,連勝文,中國國民黨,1852,
2014年直轄市長選舉,2014,臺北市,萬華區,忠貞里,臺北市,7,柯文哲,無黨籍及未經政黨推薦,1222,*
2014年直轄市長選舉,2014,臺北市,萬華區,凌霄里,臺北市,1,陳汝斌,三等國民公義人權自救黨,7,
2014年直轄市長選舉,2014,臺北市,萬華區,凌霄里,臺北市,2,趙衍慶,無黨籍及未經政黨推薦,30,
2014年直轄市長選舉,2014,臺北市,萬華區,凌霄里,臺北市,3,李宏信,無黨籍及未經政黨推薦,7,
2014年直轄市長選舉,2014,臺北市,萬華區,凌霄里,臺北市,4,陳永昌,無黨籍及未經政黨推薦,2,
2014年直轄市長選舉,2014,臺北市,萬華區,凌霄里,臺北市,5,馮光遠,無黨籍及未經政黨推薦,14,
2014年直轄市長選舉,2014,臺北市,萬華區,凌霄里,臺北市,6,連勝文,中國國民黨,1231,
2014年直轄市長選舉,2014,臺北市,萬華區,凌霄里,臺北市,7,柯文哲,無黨籍及未經政黨推薦,1121,*
2014年直轄市長選舉,2014,臺北市,萬華區,騰雲里,臺北市,1,陳汝斌,三等國民公義人權自救黨,4,
2014年直轄市長選舉,2014,臺北市,萬華區,騰雲里,臺北市,2,趙衍慶,無黨籍及未經政黨推薦,23,
2014年直轄市長選舉,2014,臺北市,萬華區,騰雲里,臺北市,3,李宏信,無黨籍及未經政黨推薦,0,
2014年直轄市長選舉,2014,臺北市,萬華區,騰雲里,臺北市,4,陳永昌,無黨籍及未經政黨推薦,2,
2014年直轄市長選舉,2014,臺北市,萬華區,騰雲里,臺北市,5,馮光遠,無黨籍及未經政黨推薦,11,
2014年直轄市長選舉,2014,臺北市,萬華區,騰雲里,臺北市,6,連勝文,中國國民黨,950,
2014年直轄市長選舉,2014,臺北市,萬華區,騰雲里,臺北市,7,柯文哲,無黨籍及未經政黨推薦,910,*
2014年直轄市長選舉,2014,臺北市,文山區,景行里,臺北市,1,陳汝斌,三等國民公義人權自救黨,0,
2014年直轄市長選舉,2014,臺北市,文山區,景行里,臺北市,2,趙衍慶,無黨籍及未經政黨推薦,46,
2014年直轄市長選舉,2014,臺北市,文山區,景行里,臺北市,3,李宏信,無黨籍及未經政黨推薦,4,
2014年直轄市長選舉,2014,臺北市,文山區,景行里,臺北市,4,陳永昌,無黨籍及未經政黨推薦,5,
2014年直轄市長選舉,2014,臺北市,文山區,景行里,臺北市,5,馮光遠,無黨籍及未經政黨推薦,16,
2014年直轄市長選舉,2014,臺北市,文山區,景行里,臺北市,6,連勝文,中國國民黨,1502,
2014年直轄市長選舉,2014,臺北市,文山區,景行里,臺北市,7,柯文哲,無黨籍及未經政黨推薦,2305,*
2014年直轄市長選舉,2014,臺北市,文山區,景東里,臺北市,1,陳汝斌,三等國民公義人權自救黨,5,
2014年直轄市長選舉,2014,臺北市,文山區,景東里,臺北市,2,趙衍慶,無黨籍及未經政黨推薦,55,
2014年直轄市長選舉,2014,臺北市,文山區,景東里,臺北市,3,李宏信,無黨籍及未經政黨推薦,12,
2014年直轄市長選舉,2014,臺北市,文山區,景東里,臺北市,4,陳永昌,無黨籍及未經政黨推薦,6,
2014年直轄市長選舉,2014,臺北市,文山區,景東里,臺北市,5,馮光遠,無黨籍及未經政黨推薦,28,
2014年直轄市長選舉,2014,臺北市,文山區,景東里,臺北市,6,連勝文,中國國民黨,1921,
2014年直轄市長選舉,2014,臺北市,文山區,景東里,臺北市,7,柯文哲,無黨籍及未經政黨推薦,1925,*
2014年直轄市長選舉,2014,臺北市,文山區,景美里,臺北市,1,陳汝斌,三等國民公義人權自救黨,2,
2014年直轄市長選舉,2014,臺北市,文山區,景美里,臺北市,2,趙衍慶,無黨籍及未經政黨推薦,31,
2014年直轄市長選舉,2014,臺北市,文山區,景美里,臺北市,3,李宏信,無黨籍及未經政黨推薦,6,
2014年直轄市長選舉,2014,臺北市,文山區,景美里,臺北市,4,陳永昌,無黨籍及未經政黨推薦,4,
2014年直轄市長選舉,2014,臺北市,文山區,景美里,臺北市,5,馮光遠,無黨籍及未經政黨推薦,17,
2014年直轄市長選舉,2014,臺北市,文山區,景美里,臺北市,6,連勝文,中國國民黨,1380,
2014年直轄市長選舉,2014,臺北市,文山區,景美里,臺北市,7,柯文哲,無黨籍及未經政黨推薦,1649,*
2014年直轄市長選舉,2014,臺北市,文山區,景慶里,臺北市,1,陳汝斌,三等國民公義人權自救黨,5,
2014年直轄市長選舉,2014,臺北市,文山區,景慶里,臺北市,2,趙衍慶,無黨籍及未經政黨推薦,52,
2014年直轄市長選舉,2014,臺北市,文山區,景慶里,臺北市,3,李宏信,無黨籍及未經政黨推薦,10,
2014年直轄市長選舉,2014,臺北市,文山區,景慶里,臺北市,4,陳永昌,無黨籍及未經政黨推薦,5,
2014年直轄市長選舉,2014,臺北市,文山區,景慶里,臺北市,5,馮光遠,無黨籍及未經政黨推薦,25,
2014年直轄市長選舉,2014,臺北市,文山區,景慶里,臺北市,6,連勝文,中國國民黨,1720,
2014年直轄市長選舉,2014,臺北市,文山區,景慶里,臺北市,7,柯文哲,無黨籍及未經政黨推薦,2033,*
2014年直轄市長選舉,2014,臺北市,文山區,景仁里,臺北市,1,陳汝斌,三等國民公義人權自救黨,1,
2014年直轄市長選舉,2014,臺北市,文山區,景仁里,臺北市,2,趙衍慶,無黨籍及未經政黨推薦,28,
2014年直轄市長選舉,2014,臺北市,文山區,景仁里,臺北市,3,李宏信,無黨籍及未經政黨推薦,6,
2014年直轄市長選舉,2014,臺北市,文山區,景仁里,臺北市,4,陳永昌,無黨籍及未經政黨推薦,2,
2014年直轄市長選舉,2014,臺北市,文山區,景仁里,臺北市,5,馮光遠,無黨籍及未經政黨推薦,16,
2014年直轄市長選舉,2014,臺北市,文山區,景仁里,臺北市,6,連勝文,中國國民黨,1320,
2014年直轄市長選舉,2014,臺北市,文山區,景仁里,臺北市,7,柯文哲,無黨籍及未經政黨推薦,1461,*
2014年直轄市長選舉,2014,臺北市,文山區,景華里,臺北市,1,陳汝斌,三等國民公義人權自救黨,4,
2014年直轄市長選舉,2014,臺北市,文山區,景華里,臺北市,2,趙衍慶,無黨籍及未經政黨推薦,50,
2014年直轄市長選舉,2014,臺北市,文山區,景華里,臺北市,3,李宏信,無黨籍及未經政黨推薦,5,
2014年直轄市長選舉,2014,臺北市,文山區,景華里,臺北市,4,陳永昌,無黨籍及未經政黨推薦,2,
2014年直轄市長選舉,2014,臺北市,文山區,景華里,臺北市,5,馮光遠,無黨籍及未經政黨推薦,25,
2014年直轄市長選舉,2014,臺北市,文山區,景華里,臺北市,6,連勝文,中國國民黨,1618,
2014年直轄市長選舉,2014,臺北市,文山區,景華里,臺北市,7,柯文哲,無黨籍及未經政黨推薦,1681,*
2014年直轄市長選舉,2014,臺北市,文山區,萬有里,臺北市,1,陳汝斌,三等國民公義人權自救黨,1,
2014年直轄市長選舉,2014,臺北市,文山區,萬有里,臺北市,2,趙衍慶,無黨籍及未經政黨推薦,39,
2014年直轄市長選舉,2014,臺北市,文山區,萬有里,臺北市,3,李宏信,無黨籍及未經政黨推薦,5,
2014年直轄市長選舉,2014,臺北市,文山區,萬有里,臺北市,4,陳永昌,無黨籍及未經政黨推薦,3,
2014年直轄市長選舉,2014,臺北市,文山區,萬有里,臺北市,5,馮光遠,無黨籍及未經政黨推薦,24,
2014年直轄市長選舉,2014,臺北市,文山區,萬有里,臺北市,6,連勝文,中國國民黨,1530,
2014年直轄市長選舉,2014,臺北市,文山區,萬有里,臺北市,7,柯文哲,無黨籍及未經政黨推薦,1593,*
2014年直轄市長選舉,2014,臺北市,文山區,萬祥里,臺北市,1,陳汝斌,三等國民公義人權自救黨,5,
2014年直轄市長選舉,2014,臺北市,文山區,萬祥里,臺北市,2,趙衍慶,無黨籍及未經政黨推薦,25,
2014年直轄市長選舉,2014,臺北市,文山區,萬祥里,臺北市,3,李宏信,無黨籍及未經政黨推薦,4,
2014年直轄市長選舉,2014,臺北市,文山區,萬祥里,臺北市,4,陳永昌,無黨籍及未經政黨推薦,0,
2014年直轄市長選舉,2014,臺北市,文山區,萬祥里,臺北市,5,馮光遠,無黨籍及未經政黨推薦,15,
2014年直轄市長選舉,2014,臺北市,文山區,萬祥里,臺北市,6,連勝文,中國國民黨,1180,
2014年直轄市長選舉,2014,臺北市,文山區,萬祥里,臺北市,7,柯文哲,無黨籍及未經政黨推薦,1482,*
2014年直轄市長選舉,2014,臺北市,文山區,萬隆里,臺北市,1,陳汝斌,三等國民公義人權自救黨,2,
2014年直轄市長選舉,2014,臺北市,文山區,萬隆里,臺北市,2,趙衍慶,無黨籍及未經政黨推薦,60,
2014年直轄市長選舉,2014,臺北市,文山區,萬隆里,臺北市,3,李宏信,無黨籍及未經政黨推薦,7,
2014年直轄市長選舉,2014,臺北市,文山區,萬隆里,臺北市,4,陳永昌,無黨籍及未經政黨推薦,3,
2014年直轄市長選舉,2014,臺北市,文山區,萬隆里,臺北市,5,馮光遠,無黨籍及未經政黨推薦,23,
2014年直轄市長選舉,2014,臺北市,文山區,萬隆里,臺北市,6,連勝文,中國國民黨,2095,
2014年直轄市長選舉,2014,臺北市,文山區,萬隆里,臺北市,7,柯文哲,無黨籍及未經政黨推薦,2090,*
2014年直轄市長選舉,2014,臺北市,文山區,萬年里,臺北市,1,陳汝斌,三等國民公義人權自救黨,2,
2014年直轄市長選舉,2014,臺北市,文山區,萬年里,臺北市,2,趙衍慶,無黨籍及未經政黨推薦,37,
2014年直轄市長選舉,2014,臺北市,文山區,萬年里,臺北市,3,李宏信,無黨籍及未經政黨推薦,9,
2014年直轄市長選舉,2014,臺北市,文山區,萬年里,臺北市,4,陳永昌,無黨籍及未經政黨推薦,3,
2014年直轄市長選舉,2014,臺北市,文山區,萬年里,臺北市,5,馮光遠,無黨籍及未經政黨推薦,29,
2014年直轄市長選舉,2014,臺北市,文山區,萬年里,臺北市,6,連勝文,中國國民黨,1409,
2014年直轄市長選舉,2014,臺北市,文山區,萬年里,臺北市,7,柯文哲,無黨籍及未經政黨推薦,1803,*
2014年直轄市長選舉,2014,臺北市,文山區,萬和里,臺北市,1,陳汝斌,三等國民公義人權自救黨,4,
2014年直轄市長選舉,2014,臺北市,文山區,萬和里,臺北市,2,趙衍慶,無黨籍及未經政黨推薦,20,
2014年直轄市長選舉,2014,臺北市,文山區,萬和里,臺北市,3,李宏信,無黨籍及未經政黨推薦,5,
2014年直轄市長選舉,2014,臺北市,文山區,萬和里,臺北市,4,陳永昌,無黨籍及未經政黨推薦,3,
2014年直轄市長選舉,2014,臺北市,文山區,萬和里,臺北市,5,馮光遠,無黨籍及未經政黨推薦,11,
2014年直轄市長選舉,2014,臺北市,文山區,萬和里,臺北市,6,連勝文,中國國民黨,1199,
2014年直轄市長選舉,2014,臺北市,文山區,萬和里,臺北市,7,柯文哲,無黨籍及未經政黨推薦,684,*
2014年直轄市長選舉,2014,臺北市,文山區,萬盛里,臺北市,1,陳汝斌,三等國民公義人權自救黨,1,
2014年直轄市長選舉,2014,臺北市,文山區,萬盛里,臺北市,2,趙衍慶,無黨籍及未經政黨推薦,25,
2014年直轄市長選舉,2014,臺北市,文山區,萬盛里,臺北市,3,李宏信,無黨籍及未經政黨推薦,9,
2014年直轄市長選舉,2014,臺北市,文山區,萬盛里,臺北市,4,陳永昌,無黨籍及未經政黨推薦,7,
2014年直轄市長選舉,2014,臺北市,文山區,萬盛里,臺北市,5,馮光遠,無黨籍及未經政黨推薦,13,
2014年直轄市長選舉,2014,臺北市,文山區,萬盛里,臺北市,6,連勝文,中國國民黨,1382,
2014年直轄市長選舉,2014,臺北市,文山區,萬盛里,臺北市,7,柯文哲,無黨籍及未經政黨推薦,1410,*
2014年直轄市長選舉,2014,臺北市,文山區,興豐里,臺北市,1,陳汝斌,三等國民公義人權自救黨,3,
2014年直轄市長選舉,2014,臺北市,文山區,興豐里,臺北市,2,趙衍慶,無黨籍及未經政黨推薦,39,
2014年直轄市長選舉,2014,臺北市,文山區,興豐里,臺北市,3,李宏信,無黨籍及未經政黨推薦,7,
2014年直轄市長選舉,2014,臺北市,文山區,興豐里,臺北市,4,陳永昌,無黨籍及未經政黨推薦,7,
2014年直轄市長選舉,2014,臺北市,文山區,興豐里,臺北市,5,馮光遠,無黨籍及未經政黨推薦,20,
2014年直轄市長選舉,2014,臺北市,文山區,興豐里,臺北市,6,連勝文,中國國民黨,1393,
2014年直轄市長選舉,2014,臺北市,文山區,興豐里,臺北市,7,柯文哲,無黨籍及未經政黨推薦,1437,*
2014年直轄市長選舉,2014,臺北市,文山區,興光里,臺北市,1,陳汝斌,三等國民公義人權自救黨,6,
2014年直轄市長選舉,2014,臺北市,文山區,興光里,臺北市,2,趙衍慶,無黨籍及未經政黨推薦,20,
2014年直轄市長選舉,2014,臺北市,文山區,興光里,臺北市,3,李宏信,無黨籍及未經政黨推薦,6,
2014年直轄市長選舉,2014,臺北市,文山區,興光里,臺北市,4,陳永昌,無黨籍及未經政黨推薦,3,
2014年直轄市長選舉,2014,臺北市,文山區,興光里,臺北市,5,馮光遠,無黨籍及未經政黨推薦,9,
2014年直轄市長選舉,2014,臺北市,文山區,興光里,臺北市,6,連勝文,中國國民黨,964,
2014年直轄市長選舉,2014,臺北市,文山區,興光里,臺北市,7,柯文哲,無黨籍及未經政黨推薦,975,*
2014年直轄市長選舉,2014,臺北市,文山區,興家里,臺北市,1,陳汝斌,三等國民公義人權自救黨,6,
2014年直轄市長選舉,2014,臺北市,文山區,興家里,臺北市,2,趙衍慶,無黨籍及未經政黨推薦,60,
2014年直轄市長選舉,2014,臺北市,文山區,興家里,臺北市,3,李宏信,無黨籍及未經政黨推薦,4,
2014年直轄市長選舉,2014,臺北市,文山區,興家里,臺北市,4,陳永昌,無黨籍及未經政黨推薦,9,
2014年直轄市長選舉,2014,臺北市,文山區,興家里,臺北市,5,馮光遠,無黨籍及未經政黨推薦,23,
2014年直轄市長選舉,2014,臺北市,文山區,興家里,臺北市,6,連勝文,中國國民黨,2183,
2014年直轄市長選舉,2014,臺北市,文山區,興家里,臺北市,7,柯文哲,無黨籍及未經政黨推薦,2088,*
2014年直轄市長選舉,2014,臺北市,文山區,興得里,臺北市,1,陳汝斌,三等國民公義人權自救黨,4,
2014年直轄市長選舉,2014,臺北市,文山區,興得里,臺北市,2,趙衍慶,無黨籍及未經政黨推薦,58,
2014年直轄市長選舉,2014,臺北市,文山區,興得里,臺北市,3,李宏信,無黨籍及未經政黨推薦,3,
2014年直轄市長選舉,2014,臺北市,文山區,興得里,臺北市,4,陳永昌,無黨籍及未經政黨推薦,3,
2014年直轄市長選舉,2014,臺北市,文山區,興得里,臺北市,5,馮光遠,無黨籍及未經政黨推薦,26,
2014年直轄市長選舉,2014,臺北市,文山區,興得里,臺北市,6,連勝文,中國國民黨,1725,
2014年直轄市長選舉,2014,臺北市,文山區,興得里,臺北市,7,柯文哲,無黨籍及未經政黨推薦,1632,*
2014年直轄市長選舉,2014,臺北市,文山區,興業里,臺北市,1,陳汝斌,三等國民公義人權自救黨,5,
2014年直轄市長選舉,2014,臺北市,文山區,興業里,臺北市,2,趙衍慶,無黨籍及未經政黨推薦,38,
2014年直轄市長選舉,2014,臺北市,文山區,興業里,臺北市,3,李宏信,無黨籍及未經政黨推薦,4,
2014年直轄市長選舉,2014,臺北市,文山區,興業里,臺北市,4,陳永昌,無黨籍及未經政黨推薦,2,
2014年直轄市長選舉,2014,臺北市,文山區,興業里,臺北市,5,馮光遠,無黨籍及未經政黨推薦,20,
2014年直轄市長選舉,2014,臺北市,文山區,興業里,臺北市,6,連勝文,中國國民黨,1679,
2014年直轄市長選舉,2014,臺北市,文山區,興業里,臺北市,7,柯文哲,無黨籍及未經政黨推薦,1415,*
2014年直轄市長選舉,2014,臺北市,文山區,興安里,臺北市,1,陳汝斌,三等國民公義人權自救黨,2,
2014年直轄市長選舉,2014,臺北市,文山區,興安里,臺北市,2,趙衍慶,無黨籍及未經政黨推薦,58,
2014年直轄市長選舉,2014,臺北市,文山區,興安里,臺北市,3,李宏信,無黨籍及未經政黨推薦,4,
2014年直轄市長選舉,2014,臺北市,文山區,興安里,臺北市,4,陳永昌,無黨籍及未經政黨推薦,3,
2014年直轄市長選舉,2014,臺北市,文山區,興安里,臺北市,5,馮光遠,無黨籍及未經政黨推薦,18,
2014年直轄市長選舉,2014,臺北市,文山區,興安里,臺北市,6,連勝文,中國國民黨,1953,
2014年直轄市長選舉,2014,臺北市,文山區,興安里,臺北市,7,柯文哲,無黨籍及未經政黨推薦,1696,*
2014年直轄市長選舉,2014,臺北市,文山區,興福里,臺北市,1,陳汝斌,三等國民公義人權自救黨,4,
2014年直轄市長選舉,2014,臺北市,文山區,興福里,臺北市,2,趙衍慶,無黨籍及未經政黨推薦,35,
2014年直轄市長選舉,2014,臺北市,文山區,興福里,臺北市,3,李宏信,無黨籍及未經政黨推薦,6,
2014年直轄市長選舉,2014,臺北市,文山區,興福里,臺北市,4,陳永昌,無黨籍及未經政黨推薦,4,
2014年直轄市長選舉,2014,臺北市,文山區,興福里,臺北市,5,馮光遠,無黨籍及未經政黨推薦,12,
2014年直轄市長選舉,2014,臺北市,文山區,興福里,臺北市,6,連勝文,中國國民黨,1520,
2014年直轄市長選舉,2014,臺北市,文山區,興福里,臺北市,7,柯文哲,無黨籍及未經政黨推薦,1708,*
2014年直轄市長選舉,2014,臺北市,文山區,興旺里,臺北市,1,陳汝斌,三等國民公義人權自救黨,4,
2014年直轄市長選舉,2014,臺北市,文山區,興旺里,臺北市,2,趙衍慶,無黨籍及未經政黨推薦,52,
2014年直轄市長選舉,2014,臺北市,文山區,興旺里,臺北市,3,李宏信,無黨籍及未經政黨推薦,12,
2014年直轄市長選舉,2014,臺北市,文山區,興旺里,臺北市,4,陳永昌,無黨籍及未經政黨推薦,7,
2014年直轄市長選舉,2014,臺北市,文山區,興旺里,臺北市,5,馮光遠,無黨籍及未經政黨推薦,25,
2014年直轄市長選舉,2014,臺北市,文山區,興旺里,臺北市,6,連勝文,中國國民黨,2349,
2014年直轄市長選舉,2014,臺北市,文山區,興旺里,臺北市,7,柯文哲,無黨籍及未經政黨推薦,2169,*
2014年直轄市長選舉,2014,臺北市,文山區,興泰里,臺北市,1,陳汝斌,三等國民公義人權自救黨,4,
2014年直轄市長選舉,2014,臺北市,文山區,興泰里,臺北市,2,趙衍慶,無黨籍及未經政黨推薦,21,
2014年直轄市長選舉,2014,臺北市,文山區,興泰里,臺北市,3,李宏信,無黨籍及未經政黨推薦,5,
2014年直轄市長選舉,2014,臺北市,文山區,興泰里,臺北市,4,陳永昌,無黨籍及未經政黨推薦,2,
2014年直轄市長選舉,2014,臺北市,文山區,興泰里,臺北市,5,馮光遠,無黨籍及未經政黨推薦,18,
2014年直轄市長選舉,2014,臺北市,文山區,興泰里,臺北市,6,連勝文,中國國民黨,1156,
2014年直轄市長選舉,2014,臺北市,文山區,興泰里,臺北市,7,柯文哲,無黨籍及未經政黨推薦,1168,*
2014年直轄市長選舉,2014,臺北市,文山區,興昌里,臺北市,1,陳汝斌,三等國民公義人權自救黨,4,
2014年直轄市長選舉,2014,臺北市,文山區,興昌里,臺北市,2,趙衍慶,無黨籍及未經政黨推薦,50,
2014年直轄市長選舉,2014,臺北市,文山區,興昌里,臺北市,3,李宏信,無黨籍及未經政黨推薦,10,
2014年直轄市長選舉,2014,臺北市,文山區,興昌里,臺北市,4,陳永昌,無黨籍及未經政黨推薦,5,
2014年直轄市長選舉,2014,臺北市,文山區,興昌里,臺北市,5,馮光遠,無黨籍及未經政黨推薦,29,
2014年直轄市長選舉,2014,臺北市,文山區,興昌里,臺北市,6,連勝文,中國國民黨,1918,
2014年直轄市長選舉,2014,臺北市,文山區,興昌里,臺北市,7,柯文哲,無黨籍及未經政黨推薦,1746,*
2014年直轄市長選舉,2014,臺北市,文山區,試院里,臺北市,1,陳汝斌,三等國民公義人權自救黨,4,
2014年直轄市長選舉,2014,臺北市,文山區,試院里,臺北市,2,趙衍慶,無黨籍及未經政黨推薦,52,
2014年直轄市長選舉,2014,臺北市,文山區,試院里,臺北市,3,李宏信,無黨籍及未經政黨推薦,9,
2014年直轄市長選舉,2014,臺北市,文山區,試院里,臺北市,4,陳永昌,無黨籍及未經政黨推薦,9,
2014年直轄市長選舉,2014,臺北市,文山區,試院里,臺北市,5,馮光遠,無黨籍及未經政黨推薦,26,
2014年直轄市長選舉,2014,臺北市,文山區,試院里,臺北市,6,連勝文,中國國民黨,2119,
2014年直轄市長選舉,2014,臺北市,文山區,試院里,臺北市,7,柯文哲,無黨籍及未經政黨推薦,1910,*
2014年直轄市長選舉,2014,臺北市,文山區,華興里,臺北市,1,陳汝斌,三等國民公義人權自救黨,7,
2014年直轄市長選舉,2014,臺北市,文山區,華興里,臺北市,2,趙衍慶,無黨籍及未經政黨推薦,76,
2014年直轄市長選舉,2014,臺北市,文山區,華興里,臺北市,3,李宏信,無黨籍及未經政黨推薦,16,
2014年直轄市長選舉,2014,臺北市,文山區,華興里,臺北市,4,陳永昌,無黨籍及未經政黨推薦,7,
2014年直轄市長選舉,2014,臺北市,文山區,華興里,臺北市,5,馮光遠,無黨籍及未經政黨推薦,35,
2014年直轄市長選舉,2014,臺北市,文山區,華興里,臺北市,6,連勝文,中國國民黨,2425,
2014年直轄市長選舉,2014,臺北市,文山區,華興里,臺北市,7,柯文哲,無黨籍及未經政黨推薦,2415,*
2014年直轄市長選舉,2014,臺北市,文山區,明義里,臺北市,1,陳汝斌,三等國民公義人權自救黨,2,
2014年直轄市長選舉,2014,臺北市,文山區,明義里,臺北市,2,趙衍慶,無黨籍及未經政黨推薦,29,
2014年直轄市長選舉,2014,臺北市,文山區,明義里,臺北市,3,李宏信,無黨籍及未經政黨推薦,5,
2014年直轄市長選舉,2014,臺北市,文山區,明義里,臺北市,4,陳永昌,無黨籍及未經政黨推薦,3,
2014年直轄市長選舉,2014,臺北市,文山區,明義里,臺北市,5,馮光遠,無黨籍及未經政黨推薦,15,
2014年直轄市長選舉,2014,臺北市,文山區,明義里,臺北市,6,連勝文,中國國民黨,1194,
2014年直轄市長選舉,2014,臺北市,文山區,明義里,臺北市,7,柯文哲,無黨籍及未經政黨推薦,943,*
2014年直轄市長選舉,2014,臺北市,文山區,明興里,臺北市,1,陳汝斌,三等國民公義人權自救黨,4,
2014年直轄市長選舉,2014,臺北市,文山區,明興里,臺北市,2,趙衍慶,無黨籍及未經政黨推薦,45,
2014年直轄市長選舉,2014,臺北市,文山區,明興里,臺北市,3,李宏信,無黨籍及未經政黨推薦,7,
2014年直轄市長選舉,2014,臺北市,文山區,明興里,臺北市,4,陳永昌,無黨籍及未經政黨推薦,7,
2014年直轄市長選舉,2014,臺北市,文山區,明興里,臺北市,5,馮光遠,無黨籍及未經政黨推薦,16,
2014年直轄市長選舉,2014,臺北市,文山區,明興里,臺北市,6,連勝文,中國國民黨,1904,
2014年直轄市長選舉,2014,臺北市,文山區,明興里,臺北市,7,柯文哲,無黨籍及未經政黨推薦,1951,*
2014年直轄市長選舉,2014,臺北市,文山區,木柵里,臺北市,1,陳汝斌,三等國民公義人權自救黨,4,
2014年直轄市長選舉,2014,臺北市,文山區,木柵里,臺北市,2,趙衍慶,無黨籍及未經政黨推薦,62,
2014年直轄市長選舉,2014,臺北市,文山區,木柵里,臺北市,3,李宏信,無黨籍及未經政黨推薦,7,
2014年直轄市長選舉,2014,臺北市,文山區,木柵里,臺北市,4,陳永昌,無黨籍及未經政黨推薦,4,
2014年直轄市長選舉,2014,臺北市,文山區,木柵里,臺北市,5,馮光遠,無黨籍及未經政黨推薦,29,
2014年直轄市長選舉,2014,臺北市,文山區,木柵里,臺北市,6,連勝文,中國國民黨,2735,
2014年直轄市長選舉,2014,臺北市,文山區,木柵里,臺北市,7,柯文哲,無黨籍及未經政黨推薦,2245,*
2014年直轄市長選舉,2014,臺北市,文山區,木新里,臺北市,1,陳汝斌,三等國民公義人權自救黨,9,
2014年直轄市長選舉,2014,臺北市,文山區,木新里,臺北市,2,趙衍慶,無黨籍及未經政黨推薦,56,
2014年直轄市長選舉,2014,臺北市,文山區,木新里,臺北市,3,李宏信,無黨籍及未經政黨推薦,6,
2014年直轄市長選舉,2014,臺北市,文山區,木新里,臺北市,4,陳永昌,無黨籍及未經政黨推薦,5,
2014年直轄市長選舉,2014,臺北市,文山區,木新里,臺北市,5,馮光遠,無黨籍及未經政黨推薦,33,
2014年直轄市長選舉,2014,臺北市,文山區,木新里,臺北市,6,連勝文,中國國民黨,2281,
2014年直轄市長選舉,2014,臺北市,文山區,木新里,臺北市,7,柯文哲,無黨籍及未經政黨推薦,2874,*
2014年直轄市長選舉,2014,臺北市,文山區,順興里,臺北市,1,陳汝斌,三等國民公義人權自救黨,5,
2014年直轄市長選舉,2014,臺北市,文山區,順興里,臺北市,2,趙衍慶,無黨籍及未經政黨推薦,52,
2014年直轄市長選舉,2014,臺北市,文山區,順興里,臺北市,3,李宏信,無黨籍及未經政黨推薦,5,
2014年直轄市長選舉,2014,臺北市,文山區,順興里,臺北市,4,陳永昌,無黨籍及未經政黨推薦,4,
2014年直轄市長選舉,2014,臺北市,文山區,順興里,臺北市,5,馮光遠,無黨籍及未經政黨推薦,23,
2014年直轄市長選舉,2014,臺北市,文山區,順興里,臺北市,6,連勝文,中國國民黨,2001,
2014年直轄市長選舉,2014,臺北市,文山區,順興里,臺北市,7,柯文哲,無黨籍及未經政黨推薦,2406,*
2014年直轄市長選舉,2014,臺北市,文山區,樟林里,臺北市,1,陳汝斌,三等國民公義人權自救黨,6,
2014年直轄市長選舉,2014,臺北市,文山區,樟林里,臺北市,2,趙衍慶,無黨籍及未經政黨推薦,61,
2014年直轄市長選舉,2014,臺北市,文山區,樟林里,臺北市,3,李宏信,無黨籍及未經政黨推薦,10,
2014年直轄市長選舉,2014,臺北市,文山區,樟林里,臺北市,4,陳永昌,無黨籍及未經政黨推薦,6,
2014年直轄市長選舉,2014,臺北市,文山區,樟林里,臺北市,5,馮光遠,無黨籍及未經政黨推薦,47,
2014年直轄市長選舉,2014,臺北市,文山區,樟林里,臺北市,6,連勝文,中國國民黨,2416,
2014年直轄市長選舉,2014,臺北市,文山區,樟林里,臺北市,7,柯文哲,無黨籍及未經政黨推薦,2333,*
2014年直轄市長選舉,2014,臺北市,文山區,樟新里,臺北市,1,陳汝斌,三等國民公義人權自救黨,3,
2014年直轄市長選舉,2014,臺北市,文山區,樟新里,臺北市,2,趙衍慶,無黨籍及未經政黨推薦,43,
2014年直轄市長選舉,2014,臺北市,文山區,樟新里,臺北市,3,李宏信,無黨籍及未經政黨推薦,8,
2014年直轄市長選舉,2014,臺北市,文山區,樟新里,臺北市,4,陳永昌,無黨籍及未經政黨推薦,1,
2014年直轄市長選舉,2014,臺北市,文山區,樟新里,臺北市,5,馮光遠,無黨籍及未經政黨推薦,29,
2014年直轄市長選舉,2014,臺北市,文山區,樟新里,臺北市,6,連勝文,中國國民黨,1538,
2014年直轄市長選舉,2014,臺北市,文山區,樟新里,臺北市,7,柯文哲,無黨籍及未經政黨推薦,1644,*
2014年直轄市長選舉,2014,臺北市,文山區,樟腳里,臺北市,1,陳汝斌,三等國民公義人權自救黨,1,
2014年直轄市長選舉,2014,臺北市,文山區,樟腳里,臺北市,2,趙衍慶,無黨籍及未經政黨推薦,33,
2014年直轄市長選舉,2014,臺北市,文山區,樟腳里,臺北市,3,李宏信,無黨籍及未經政黨推薦,2,
2014年直轄市長選舉,2014,臺北市,文山區,樟腳里,臺北市,4,陳永昌,無黨籍及未經政黨推薦,5,
2014年直轄市長選舉,2014,臺北市,文山區,樟腳里,臺北市,5,馮光遠,無黨籍及未經政黨推薦,21,
2014年直轄市長選舉,2014,臺北市,文山區,樟腳里,臺北市,6,連勝文,中國國民黨,1386,
2014年直轄市長選舉,2014,臺北市,文山區,樟腳里,臺北市,7,柯文哲,無黨籍及未經政黨推薦,1740,*
2014年直轄市長選舉,2014,臺北市,文山區,萬芳里,臺北市,1,陳汝斌,三等國民公義人權自救黨,10,
2014年直轄市長選舉,2014,臺北市,文山區,萬芳里,臺北市,2,趙衍慶,無黨籍及未經政黨推薦,57,
2014年直轄市長選舉,2014,臺北市,文山區,萬芳里,臺北市,3,李宏信,無黨籍及未經政黨推薦,14,
2014年直轄市長選舉,2014,臺北市,文山區,萬芳里,臺北市,4,陳永昌,無黨籍及未經政黨推薦,9,
2014年直轄市長選舉,2014,臺北市,文山區,萬芳里,臺北市,5,馮光遠,無黨籍及未經政黨推薦,43,
2014年直轄市長選舉,2014,臺北市,文山區,萬芳里,臺北市,6,連勝文,中國國民黨,2214,
2014年直轄市長選舉,2014,臺北市,文山區,萬芳里,臺北市,7,柯文哲,無黨籍及未經政黨推薦,2224,*
2014年直轄市長選舉,2014,臺北市,文山區,博嘉里,臺北市,1,陳汝斌,三等國民公義人權自救黨,6,
2014年直轄市長選舉,2014,臺北市,文山區,博嘉里,臺北市,2,趙衍慶,無黨籍及未經政黨推薦,43,
2014年直轄市長選舉,2014,臺北市,文山區,博嘉里,臺北市,3,李宏信,無黨籍及未經政黨推薦,5,
2014年直轄市長選舉,2014,臺北市,文山區,博嘉里,臺北市,4,陳永昌,無黨籍及未經政黨推薦,2,
2014年直轄市長選舉,2014,臺北市,文山區,博嘉里,臺北市,5,馮光遠,無黨籍及未經政黨推薦,26,
2014年直轄市長選舉,2014,臺北市,文山區,博嘉里,臺北市,6,連勝文,中國國民黨,1509,
2014年直轄市長選舉,2014,臺北市,文山區,博嘉里,臺北市,7,柯文哲,無黨籍及未經政黨推薦,1680,*
2014年直轄市長選舉,2014,臺北市,文山區,萬興里,臺北市,1,陳汝斌,三等國民公義人權自救黨,7,
2014年直轄市長選舉,2014,臺北市,文山區,萬興里,臺北市,2,趙衍慶,無黨籍及未經政黨推薦,56,
2014年直轄市長選舉,2014,臺北市,文山區,萬興里,臺北市,3,李宏信,無黨籍及未經政黨推薦,9,
2014年直轄市長選舉,2014,臺北市,文山區,萬興里,臺北市,4,陳永昌,無黨籍及未經政黨推薦,8,
2014年直轄市長選舉,2014,臺北市,文山區,萬興里,臺北市,5,馮光遠,無黨籍及未經政黨推薦,38,
2014年直轄市長選舉,2014,臺北市,文山區,萬興里,臺北市,6,連勝文,中國國民黨,2032,
2014年直轄市長選舉,2014,臺北市,文山區,萬興里,臺北市,7,柯文哲,無黨籍及未經政黨推薦,2643,*
2014年直轄市長選舉,2014,臺北市,文山區,指南里,臺北市,1,陳汝斌,三等國民公義人權自救黨,3,
2014年直轄市長選舉,2014,臺北市,文山區,指南里,臺北市,2,趙衍慶,無黨籍及未經政黨推薦,22,
2014年直轄市長選舉,2014,臺北市,文山區,指南里,臺北市,3,李宏信,無黨籍及未經政黨推薦,1,
2014年直轄市長選舉,2014,臺北市,文山區,指南里,臺北市,4,陳永昌,無黨籍及未經政黨推薦,4,
2014年直轄市長選舉,2014,臺北市,文山區,指南里,臺北市,5,馮光遠,無黨籍及未經政黨推薦,17,
2014年直轄市長選舉,2014,臺北市,文山區,指南里,臺北市,6,連勝文,中國國民黨,765,
2014年直轄市長選舉,2014,臺北市,文山區,指南里,臺北市,7,柯文哲,無黨籍及未經政黨推薦,1191,*
2014年直轄市長選舉,2014,臺北市,文山區,老泉里,臺北市,1,陳汝斌,三等國民公義人權自救黨,2,
2014年直轄市長選舉,2014,臺北市,文山區,老泉里,臺北市,2,趙衍慶,無黨籍及未經政黨推薦,1,
2014年直轄市長選舉,2014,臺北市,文山區,老泉里,臺北市,3,李宏信,無黨籍及未經政黨推薦,1,
2014年直轄市長選舉,2014,臺北市,文山區,老泉里,臺北市,4,陳永昌,無黨籍及未經政黨推薦,0,
2014年直轄市長選舉,2014,臺北市,文山區,老泉里,臺北市,5,馮光遠,無黨籍及未經政黨推薦,1,
2014年直轄市長選舉,2014,臺北市,文山區,老泉里,臺北市,6,連勝文,中國國民黨,168,
2014年直轄市長選舉,2014,臺北市,文山區,老泉里,臺北市,7,柯文哲,無黨籍及未經政黨推薦,383,*
2014年直轄市長選舉,2014,臺北市,文山區,忠順里,臺北市,1,陳汝斌,三等國民公義人權自救黨,1,
2014年直轄市長選舉,2014,臺北市,文山區,忠順里,臺北市,2,趙衍慶,無黨籍及未經政黨推薦,32,
2014年直轄市長選舉,2014,臺北市,文山區,忠順里,臺北市,3,李宏信,無黨籍及未經政黨推薦,2,
2014年直轄市長選舉,2014,臺北市,文山區,忠順里,臺北市,4,陳永昌,無黨籍及未經政黨推薦,2,
2014年直轄市長選舉,2014,臺北市,文山區,忠順里,臺北市,5,馮光遠,無黨籍及未經政黨推薦,21,
2014年直轄市長選舉,2014,臺北市,文山區,忠順里,臺北市,6,連勝文,中國國民黨,1219,
2014年直轄市長選舉,2014,臺北市,文山區,忠順里,臺北市,7,柯文哲,無黨籍及未經政黨推薦,1020,*
2014年直轄市長選舉,2014,臺北市,文山區,萬美里,臺北市,1,陳汝斌,三等國民公義人權自救黨,0,
2014年直轄市長選舉,2014,臺北市,文山區,萬美里,臺北市,2,趙衍慶,無黨籍及未經政黨推薦,34,
2014年直轄市長選舉,2014,臺北市,文山區,萬美里,臺北市,3,李宏信,無黨籍及未經政黨推薦,7,
2014年直轄市長選舉,2014,臺北市,文山區,萬美里,臺北市,4,陳永昌,無黨籍及未經政黨推薦,5,
2014年直轄市長選舉,2014,臺北市,文山區,萬美里,臺北市,5,馮光遠,無黨籍及未經政黨推薦,21,
2014年直轄市長選舉,2014,臺北市,文山區,萬美里,臺北市,6,連勝文,中國國民黨,1921,
2014年直轄市長選舉,2014,臺北市,文山區,萬美里,臺北市,7,柯文哲,無黨籍及未經政黨推薦,1928,*
2014年直轄市長選舉,2014,臺北市,文山區,政大里,臺北市,1,陳汝斌,三等國民公義人權自救黨,3,
2014年直轄市長選舉,2014,臺北市,文山區,政大里,臺北市,2,趙衍慶,無黨籍及未經政黨推薦,59,
2014年直轄市長選舉,2014,臺北市,文山區,政大里,臺北市,3,李宏信,無黨籍及未經政黨推薦,4,
2014年直轄市長選舉,2014,臺北市,文山區,政大里,臺北市,4,陳永昌,無黨籍及未經政黨推薦,6,
2014年直轄市長選舉,2014,臺北市,文山區,政大里,臺北市,5,馮光遠,無黨籍及未經政黨推薦,18,
2014年直轄市長選舉,2014,臺北市,文山區,政大里,臺北市,6,連勝文,中國國民黨,1667,
2014年直轄市長選舉,2014,臺北市,文山區,政大里,臺北市,7,柯文哲,無黨籍及未經政黨推薦,1913,*
2014年直轄市長選舉,2014,臺北市,文山區,樟文里,臺北市,1,陳汝斌,三等國民公義人權自救黨,5,
2014年直轄市長選舉,2014,臺北市,文山區,樟文里,臺北市,2,趙衍慶,無黨籍及未經政黨推薦,46,
2014年直轄市長選舉,2014,臺北市,文山區,樟文里,臺北市,3,李宏信,無黨籍及未經政黨推薦,3,
2014年直轄市長選舉,2014,臺北市,文山區,樟文里,臺北市,4,陳永昌,無黨籍及未經政黨推薦,3,
2014年直轄市長選舉,2014,臺北市,文山區,樟文里,臺北市,5,馮光遠,無黨籍及未經政黨推薦,20,
2014年直轄市長選舉,2014,臺北市,文山區,樟文里,臺北市,6,連勝文,中國國民黨,1623,
2014年直轄市長選舉,2014,臺北市,文山區,樟文里,臺北市,7,柯文哲,無黨籍及未經政黨推薦,1917,*
2014年直轄市長選舉,2014,臺北市,文山區,興邦里,臺北市,1,陳汝斌,三等國民公義人權自救黨,2,
2014年直轄市長選舉,2014,臺北市,文山區,興邦里,臺北市,2,趙衍慶,無黨籍及未經政黨推薦,32,
2014年直轄市長選舉,2014,臺北市,文山區,興邦里,臺北市,3,李宏信,無黨籍及未經政黨推薦,8,
2014年直轄市長選舉,2014,臺北市,文山區,興邦里,臺北市,4,陳永昌,無黨籍及未經政黨推薦,4,
2014年直轄市長選舉,2014,臺北市,文山區,興邦里,臺北市,5,馮光遠,無黨籍及未經政黨推薦,19,
2014年直轄市長選舉,2014,臺北市,文山區,興邦里,臺北市,6,連勝文,中國國民黨,1495,
2014年直轄市長選舉,2014,臺北市,文山區,興邦里,臺北市,7,柯文哲,無黨籍及未經政黨推薦,1224,*
2014年直轄市長選舉,2014,臺北市,文山區,樟樹里,臺北市,1,陳汝斌,三等國民公義人權自救黨,3,
2014年直轄市長選舉,2014,臺北市,文山區,樟樹里,臺北市,2,趙衍慶,無黨籍及未經政黨推薦,39,
2014年直轄市長選舉,2014,臺北市,文山區,樟樹里,臺北市,3,李宏信,無黨籍及未經政黨推薦,2,
2014年直轄市長選舉,2014,臺北市,文山區,樟樹里,臺北市,4,陳永昌,無黨籍及未經政黨推薦,2,
2014年直轄市長選舉,2014,臺北市,文山區,樟樹里,臺北市,5,馮光遠,無黨籍及未經政黨推薦,15,
2014年直轄市長選舉,2014,臺北市,文山區,樟樹里,臺北市,6,連勝文,中國國民黨,1319,
2014年直轄市長選舉,2014,臺北市,文山區,樟樹里,臺北市,7,柯文哲,無黨籍及未經政黨推薦,1496,*
2014年直轄市長選舉,2014,臺北市,南港區,南港里,臺北市,1,陳汝斌,三等國民公義人權自救黨,2,
2014年直轄市長選舉,2014,臺北市,南港區,南港里,臺北市,2,趙衍慶,無黨籍及未經政黨推薦,40,
2014年直轄市長選舉,2014,臺北市,南港區,南港里,臺北市,3,李宏信,無黨籍及未經政黨推薦,6,
2014年直轄市長選舉,2014,臺北市,南港區,南港里,臺北市,4,陳永昌,無黨籍及未經政黨推薦,3,
2014年直轄市長選舉,2014,臺北市,南港區,南港里,臺北市,5,馮光遠,無黨籍及未經政黨推薦,20,
2014年直轄市長選舉,2014,臺北市,南港區,南港里,臺北市,6,連勝文,中國國民黨,1349,
2014年直轄市長選舉,2014,臺北市,南港區,南港里,臺北市,7,柯文哲,無黨籍及未經政黨推薦,2121,*
2014年直轄市長選舉,2014,臺北市,南港區,中南里,臺北市,1,陳汝斌,三等國民公義人權自救黨,4,
2014年直轄市長選舉,2014,臺北市,南港區,中南里,臺北市,2,趙衍慶,無黨籍及未經政黨推薦,29,
2014年直轄市長選舉,2014,臺北市,南港區,中南里,臺北市,3,李宏信,無黨籍及未經政黨推薦,5,
2014年直轄市長選舉,2014,臺北市,南港區,中南里,臺北市,4,陳永昌,無黨籍及未經政黨推薦,4,
2014年直轄市長選舉,2014,臺北市,南港區,中南里,臺北市,5,馮光遠,無黨籍及未經政黨推薦,7,
2014年直轄市長選舉,2014,臺北市,南港區,中南里,臺北市,6,連勝文,中國國民黨,770,
2014年直轄市長選舉,2014,臺北市,南港區,中南里,臺北市,7,柯文哲,無黨籍及未經政黨推薦,1360,*
2014年直轄市長選舉,2014,臺北市,南港區,新富里,臺北市,1,陳汝斌,三等國民公義人權自救黨,4,
2014年直轄市長選舉,2014,臺北市,南港區,新富里,臺北市,2,趙衍慶,無黨籍及未經政黨推薦,34,
2014年直轄市長選舉,2014,臺北市,南港區,新富里,臺北市,3,李宏信,無黨籍及未經政黨推薦,5,
2014年直轄市長選舉,2014,臺北市,南港區,新富里,臺北市,4,陳永昌,無黨籍及未經政黨推薦,6,
2014年直轄市長選舉,2014,臺北市,南港區,新富里,臺北市,5,馮光遠,無黨籍及未經政黨推薦,7,
2014年直轄市長選舉,2014,臺北市,南港區,新富里,臺北市,6,連勝文,中國國民黨,781,
2014年直轄市長選舉,2014,臺北市,南港區,新富里,臺北市,7,柯文哲,無黨籍及未經政黨推薦,1511,*
2014年直轄市長選舉,2014,臺北市,南港區,三重里,臺北市,1,陳汝斌,三等國民公義人權自救黨,1,
2014年直轄市長選舉,2014,臺北市,南港區,三重里,臺北市,2,趙衍慶,無黨籍及未經政黨推薦,49,
2014年直轄市長選舉,2014,臺北市,南港區,三重里,臺北市,3,李宏信,無黨籍及未經政黨推薦,5,
2014年直轄市長選舉,2014,臺北市,南港區,三重里,臺北市,4,陳永昌,無黨籍及未經政黨推薦,6,
2014年直轄市長選舉,2014,臺北市,南港區,三重里,臺北市,5,馮光遠,無黨籍及未經政黨推薦,12,
2014年直轄市長選舉,2014,臺北市,南港區,三重里,臺北市,6,連勝文,中國國民黨,1340,
2014年直轄市長選舉,2014,臺北市,南港區,三重里,臺北市,7,柯文哲,無黨籍及未經政黨推薦,1970,*
2014年直轄市長選舉,2014,臺北市,南港區,東新里,臺北市,1,陳汝斌,三等國民公義人權自救黨,11,
2014年直轄市長選舉,2014,臺北市,南港區,東新里,臺北市,2,趙衍慶,無黨籍及未經政黨推薦,61,
2014年直轄市長選舉,2014,臺北市,南港區,東新里,臺北市,3,李宏信,無黨籍及未經政黨推薦,6,
2014年直轄市長選舉,2014,臺北市,南港區,東新里,臺北市,4,陳永昌,無黨籍及未經政黨推薦,8,
2014年直轄市長選舉,2014,臺北市,南港區,東新里,臺北市,5,馮光遠,無黨籍及未經政黨推薦,8,
2014年直轄市長選舉,2014,臺北市,南港區,東新里,臺北市,6,連勝文,中國國民黨,1649,
2014年直轄市長選舉,2014,臺北市,南港區,東新里,臺北市,7,柯文哲,無黨籍及未經政黨推薦,2495,*
2014年直轄市長選舉,2014,臺北市,南港區,新光里,臺北市,1,陳汝斌,三等國民公義人權自救黨,1,
2014年直轄市長選舉,2014,臺北市,南港區,新光里,臺北市,2,趙衍慶,無黨籍及未經政黨推薦,25,
2014年直轄市長選舉,2014,臺北市,南港區,新光里,臺北市,3,李宏信,無黨籍及未經政黨推薦,5,
2014年直轄市長選舉,2014,臺北市,南港區,新光里,臺北市,4,陳永昌,無黨籍及未經政黨推薦,7,
2014年直轄市長選舉,2014,臺北市,南港區,新光里,臺北市,5,馮光遠,無黨籍及未經政黨推薦,12,
2014年直轄市長選舉,2014,臺北市,南港區,新光里,臺北市,6,連勝文,中國國民黨,1070,
2014年直轄市長選舉,2014,臺北市,南港區,新光里,臺北市,7,柯文哲,無黨籍及未經政黨推薦,1232,*
2014年直轄市長選舉,2014,臺北市,南港區,東明里,臺北市,1,陳汝斌,三等國民公義人權自救黨,3,
2014年直轄市長選舉,2014,臺北市,南港區,東明里,臺北市,2,趙衍慶,無黨籍及未經政黨推薦,35,
2014年直轄市長選舉,2014,臺北市,南港區,東明里,臺北市,3,李宏信,無黨籍及未經政黨推薦,4,
2014年直轄市長選舉,2014,臺北市,南港區,東明里,臺北市,4,陳永昌,無黨籍及未經政黨推薦,5,
2014年直轄市長選舉,2014,臺北市,南港區,東明里,臺北市,5,馮光遠,無黨籍及未經政黨推薦,17,
2014年直轄市長選舉,2014,臺北市,南港區,東明里,臺北市,6,連勝文,中國國民黨,1180,
2014年直轄市長選舉,2014,臺北市,南港區,東明里,臺北市,7,柯文哲,無黨籍及未經政黨推薦,1516,*
2014年直轄市長選舉,2014,臺北市,南港區,西新里,臺北市,1,陳汝斌,三等國民公義人權自救黨,4,
2014年直轄市長選舉,2014,臺北市,南港區,西新里,臺北市,2,趙衍慶,無黨籍及未經政黨推薦,22,
2014年直轄市長選舉,2014,臺北市,南港區,西新里,臺北市,3,李宏信,無黨籍及未經政黨推薦,1,
2014年直轄市長選舉,2014,臺北市,南港區,西新里,臺北市,4,陳永昌,無黨籍及未經政黨推薦,3,
2014年直轄市長選舉,2014,臺北市,南港區,西新里,臺北市,5,馮光遠,無黨籍及未經政黨推薦,14,
2014年直轄市長選舉,2014,臺北市,南港區,西新里,臺北市,6,連勝文,中國國民黨,893,
2014年直轄市長選舉,2014,臺北市,南港區,西新里,臺北市,7,柯文哲,無黨籍及未經政黨推薦,1991,*
2014年直轄市長選舉,2014,臺北市,南港區,玉成里,臺北市,1,陳汝斌,三等國民公義人權自救黨,3,
2014年直轄市長選舉,2014,臺北市,南港區,玉成里,臺北市,2,趙衍慶,無黨籍及未經政黨推薦,42,
2014年直轄市長選舉,2014,臺北市,南港區,玉成里,臺北市,3,李宏信,無黨籍及未經政黨推薦,5,
2014年直轄市長選舉,2014,臺北市,南港區,玉成里,臺北市,4,陳永昌,無黨籍及未經政黨推薦,5,
2014年直轄市長選舉,2014,臺北市,南港區,玉成里,臺北市,5,馮光遠,無黨籍及未經政黨推薦,12,
2014年直轄市長選舉,2014,臺北市,南港區,玉成里,臺北市,6,連勝文,中國國民黨,1072,
2014年直轄市長選舉,2014,臺北市,南港區,玉成里,臺北市,7,柯文哲,無黨籍及未經政黨推薦,1921,*
2014年直轄市長選舉,2014,臺北市,南港區,合成里,臺北市,1,陳汝斌,三等國民公義人權自救黨,3,
2014年直轄市長選舉,2014,臺北市,南港區,合成里,臺北市,2,趙衍慶,無黨籍及未經政黨推薦,59,
2014年直轄市長選舉,2014,臺北市,南港區,合成里,臺北市,3,李宏信,無黨籍及未經政黨推薦,9,
2014年直轄市長選舉,2014,臺北市,南港區,合成里,臺北市,4,陳永昌,無黨籍及未經政黨推薦,4,
2014年直轄市長選舉,2014,臺北市,南港區,合成里,臺北市,5,馮光遠,無黨籍及未經政黨推薦,29,
2014年直轄市長選舉,2014,臺北市,南港區,合成里,臺北市,6,連勝文,中國國民黨,1557,
2014年直轄市長選舉,2014,臺北市,南港區,合成里,臺北市,7,柯文哲,無黨籍及未經政黨推薦,2498,*
2014年直轄市長選舉,2014,臺北市,南港區,成福里,臺北市,1,陳汝斌,三等國民公義人權自救黨,3,
2014年直轄市長選舉,2014,臺北市,南港區,成福里,臺北市,2,趙衍慶,無黨籍及未經政黨推薦,60,
2014年直轄市長選舉,2014,臺北市,南港區,成福里,臺北市,3,李宏信,無黨籍及未經政黨推薦,5,
2014年直轄市長選舉,2014,臺北市,南港區,成福里,臺北市,4,陳永昌,無黨籍及未經政黨推薦,5,
2014年直轄市長選舉,2014,臺北市,南港區,成福里,臺北市,5,馮光遠,無黨籍及未經政黨推薦,33,
2014年直轄市長選舉,2014,臺北市,南港區,成福里,臺北市,6,連勝文,中國國民黨,2085,
2014年直轄市長選舉,2014,臺北市,南港區,成福里,臺北市,7,柯文哲,無黨籍及未經政黨推薦,2442,*
2014年直轄市長選舉,2014,臺北市,南港區,萬福里,臺北市,1,陳汝斌,三等國民公義人權自救黨,3,
2014年直轄市長選舉,2014,臺北市,南港區,萬福里,臺北市,2,趙衍慶,無黨籍及未經政黨推薦,26,
2014年直轄市長選舉,2014,臺北市,南港區,萬福里,臺北市,3,李宏信,無黨籍及未經政黨推薦,4,
2014年直轄市長選舉,2014,臺北市,南港區,萬福里,臺北市,4,陳永昌,無黨籍及未經政黨推薦,2,
2014年直轄市長選舉,2014,臺北市,南港區,萬福里,臺北市,5,馮光遠,無黨籍及未經政黨推薦,14,
2014年直轄市長選舉,2014,臺北市,南港區,萬福里,臺北市,6,連勝文,中國國民黨,1132,
2014年直轄市長選舉,2014,臺北市,南港區,萬福里,臺北市,7,柯文哲,無黨籍及未經政黨推薦,1415,*
2014年直轄市長選舉,2014,臺北市,南港區,鴻福里,臺北市,1,陳汝斌,三等國民公義人權自救黨,2,
2014年直轄市長選舉,2014,臺北市,南港區,鴻福里,臺北市,2,趙衍慶,無黨籍及未經政黨推薦,29,
2014年直轄市長選舉,2014,臺北市,南港區,鴻福里,臺北市,3,李宏信,無黨籍及未經政黨推薦,8,
2014年直轄市長選舉,2014,臺北市,南港區,鴻福里,臺北市,4,陳永昌,無黨籍及未經政黨推薦,6,
2014年直轄市長選舉,2014,臺北市,南港區,鴻福里,臺北市,5,馮光遠,無黨籍及未經政黨推薦,13,
2014年直轄市長選舉,2014,臺北市,南港區,鴻福里,臺北市,6,連勝文,中國國民黨,1167,
2014年直轄市長選舉,2014,臺北市,南港區,鴻福里,臺北市,7,柯文哲,無黨籍及未經政黨推薦,1686,*
2014年直轄市長選舉,2014,臺北市,南港區,百福里,臺北市,1,陳汝斌,三等國民公義人權自救黨,6,
2014年直轄市長選舉,2014,臺北市,南港區,百福里,臺北市,2,趙衍慶,無黨籍及未經政黨推薦,32,
2014年直轄市長選舉,2014,臺北市,南港區,百福里,臺北市,3,李宏信,無黨籍及未經政黨推薦,7,
2014年直轄市長選舉,2014,臺北市,南港區,百福里,臺北市,4,陳永昌,無黨籍及未經政黨推薦,3,
2014年直轄市長選舉,2014,臺北市,南港區,百福里,臺北市,5,馮光遠,無黨籍及未經政黨推薦,18,
2014年直轄市長選舉,2014,臺北市,南港區,百福里,臺北市,6,連勝文,中國國民黨,1228,
2014年直轄市長選舉,2014,臺北市,南港區,百福里,臺北市,7,柯文哲,無黨籍及未經政黨推薦,1815,*
2014年直轄市長選舉,2014,臺北市,南港區,聯成里,臺北市,1,陳汝斌,三等國民公義人權自救黨,6,
2014年直轄市長選舉,2014,臺北市,南港區,聯成里,臺北市,2,趙衍慶,無黨籍及未經政黨推薦,46,
2014年直轄市長選舉,2014,臺北市,南港區,聯成里,臺北市,3,李宏信,無黨籍及未經政黨推薦,4,
2014年直轄市長選舉,2014,臺北市,南港區,聯成里,臺北市,4,陳永昌,無黨籍及未經政黨推薦,6,
2014年直轄市長選舉,2014,臺北市,南港區,聯成里,臺北市,5,馮光遠,無黨籍及未經政黨推薦,12,
2014年直轄市長選舉,2014,臺北市,南港區,聯成里,臺北市,6,連勝文,中國國民黨,1349,
2014年直轄市長選舉,2014,臺北市,南港區,聯成里,臺北市,7,柯文哲,無黨籍及未經政黨推薦,1767,*
2014年直轄市長選舉,2014,臺北市,南港區,舊莊里,臺北市,1,陳汝斌,三等國民公義人權自救黨,8,
2014年直轄市長選舉,2014,臺北市,南港區,舊莊里,臺北市,2,趙衍慶,無黨籍及未經政黨推薦,86,
2014年直轄市長選舉,2014,臺北市,南港區,舊莊里,臺北市,3,李宏信,無黨籍及未經政黨推薦,14,
2014年直轄市長選舉,2014,臺北市,南港區,舊莊里,臺北市,4,陳永昌,無黨籍及未經政黨推薦,9,
2014年直轄市長選舉,2014,臺北市,南港區,舊莊里,臺北市,5,馮光遠,無黨籍及未經政黨推薦,23,
2014年直轄市長選舉,2014,臺北市,南港區,舊莊里,臺北市,6,連勝文,中國國民黨,1737,
2014年直轄市長選舉,2014,臺北市,南港區,舊莊里,臺北市,7,柯文哲,無黨籍及未經政黨推薦,3476,*
2014年直轄市長選舉,2014,臺北市,南港區,中研里,臺北市,1,陳汝斌,三等國民公義人權自救黨,7,
2014年直轄市長選舉,2014,臺北市,南港區,中研里,臺北市,2,趙衍慶,無黨籍及未經政黨推薦,55,
2014年直轄市長選舉,2014,臺北市,南港區,中研里,臺北市,3,李宏信,無黨籍及未經政黨推薦,9,
2014年直轄市長選舉,2014,臺北市,南港區,中研里,臺北市,4,陳永昌,無黨籍及未經政黨推薦,7,
2014年直轄市長選舉,2014,臺北市,南港區,中研里,臺北市,5,馮光遠,無黨籍及未經政黨推薦,43,
2014年直轄市長選舉,2014,臺北市,南港區,中研里,臺北市,6,連勝文,中國國民黨,1973,
2014年直轄市長選舉,2014,臺北市,南港區,中研里,臺北市,7,柯文哲,無黨籍及未經政黨推薦,3183,*
2014年直轄市長選舉,2014,臺北市,南港區,九如里,臺北市,1,陳汝斌,三等國民公義人權自救黨,6,
2014年直轄市長選舉,2014,臺北市,南港區,九如里,臺北市,2,趙衍慶,無黨籍及未經政黨推薦,68,
2014年直轄市長選舉,2014,臺北市,南港區,九如里,臺北市,3,李宏信,無黨籍及未經政黨推薦,6,
2014年直轄市長選舉,2014,臺北市,南港區,九如里,臺北市,4,陳永昌,無黨籍及未經政黨推薦,4,
2014年直轄市長選舉,2014,臺北市,南港區,九如里,臺北市,5,馮光遠,無黨籍及未經政黨推薦,18,
2014年直轄市長選舉,2014,臺北市,南港區,九如里,臺北市,6,連勝文,中國國民黨,1769,
2014年直轄市長選舉,2014,臺北市,南港區,九如里,臺北市,7,柯文哲,無黨籍及未經政黨推薦,1943,*
2014年直轄市長選舉,2014,臺北市,南港區,仁福里,臺北市,1,陳汝斌,三等國民公義人權自救黨,2,
2014年直轄市長選舉,2014,臺北市,南港區,仁福里,臺北市,2,趙衍慶,無黨籍及未經政黨推薦,46,
2014年直轄市長選舉,2014,臺北市,南港區,仁福里,臺北市,3,李宏信,無黨籍及未經政黨推薦,5,
2014年直轄市長選舉,2014,臺北市,南港區,仁福里,臺北市,4,陳永昌,無黨籍及未經政黨推薦,1,
2014年直轄市長選舉,2014,臺北市,南港區,仁福里,臺北市,5,馮光遠,無黨籍及未經政黨推薦,19,
2014年直轄市長選舉,2014,臺北市,南港區,仁福里,臺北市,6,連勝文,中國國民黨,1593,
2014年直轄市長選舉,2014,臺北市,南港區,仁福里,臺北市,7,柯文哲,無黨籍及未經政黨推薦,1671,*
2014年直轄市長選舉,2014,臺北市,南港區,重陽里,臺北市,1,陳汝斌,三等國民公義人權自救黨,4,
2014年直轄市長選舉,2014,臺北市,南港區,重陽里,臺北市,2,趙衍慶,無黨籍及未經政黨推薦,21,
2014年直轄市長選舉,2014,臺北市,南港區,重陽里,臺北市,3,李宏信,無黨籍及未經政黨推薦,11,
2014年直轄市長選舉,2014,臺北市,南港區,重陽里,臺北市,4,陳永昌,無黨籍及未經政黨推薦,4,
2014年直轄市長選舉,2014,臺北市,南港區,重陽里,臺北市,5,馮光遠,無黨籍及未經政黨推薦,12,
2014年直轄市長選舉,2014,臺北市,南港區,重陽里,臺北市,6,連勝文,中國國民黨,1205,
2014年直轄市長選舉,2014,臺北市,南港區,重陽里,臺北市,7,柯文哲,無黨籍及未經政黨推薦,1545,*
2014年直轄市長選舉,2014,臺北市,內湖區,西湖里,臺北市,1,陳汝斌,三等國民公義人權自救黨,9,
2014年直轄市長選舉,2014,臺北市,內湖區,西湖里,臺北市,2,趙衍慶,無黨籍及未經政黨推薦,43,
2014年直轄市長選舉,2014,臺北市,內湖區,西湖里,臺北市,3,李宏信,無黨籍及未經政黨推薦,5,
2014年直轄市長選舉,2014,臺北市,內湖區,西湖里,臺北市,4,陳永昌,無黨籍及未經政黨推薦,7,
2014年直轄市長選舉,2014,臺北市,內湖區,西湖里,臺北市,5,馮光遠,無黨籍及未經政黨推薦,15,
2014年直轄市長選舉,2014,臺北市,內湖區,西湖里,臺北市,6,連勝文,中國國民黨,1664,
2014年直轄市長選舉,2014,臺北市,內湖區,西湖里,臺北市,7,柯文哲,無黨籍及未經政黨推薦,2857,*
2014年直轄市長選舉,2014,臺北市,內湖區,西康里,臺北市,1,陳汝斌,三等國民公義人權自救黨,6,
2014年直轄市長選舉,2014,臺北市,內湖區,西康里,臺北市,2,趙衍慶,無黨籍及未經政黨推薦,66,
2014年直轄市長選舉,2014,臺北市,內湖區,西康里,臺北市,3,李宏信,無黨籍及未經政黨推薦,14,
2014年直轄市長選舉,2014,臺北市,內湖區,西康里,臺北市,4,陳永昌,無黨籍及未經政黨推薦,9,
2014年直轄市長選舉,2014,臺北市,內湖區,西康里,臺北市,5,馮光遠,無黨籍及未經政黨推薦,32,
2014年直轄市長選舉,2014,臺北市,內湖區,西康里,臺北市,6,連勝文,中國國民黨,2386,
2014年直轄市長選舉,2014,臺北市,內湖區,西康里,臺北市,7,柯文哲,無黨籍及未經政黨推薦,2931,*
2014年直轄市長選舉,2014,臺北市,內湖區,西安里,臺北市,1,陳汝斌,三等國民公義人權自救黨,3,
2014年直轄市長選舉,2014,臺北市,內湖區,西安里,臺北市,2,趙衍慶,無黨籍及未經政黨推薦,49,
2014年直轄市長選舉,2014,臺北市,內湖區,西安里,臺北市,3,李宏信,無黨籍及未經政黨推薦,12,
2014年直轄市長選舉,2014,臺北市,內湖區,西安里,臺北市,4,陳永昌,無黨籍及未經政黨推薦,3,
2014年直轄市長選舉,2014,臺北市,內湖區,西安里,臺北市,5,馮光遠,無黨籍及未經政黨推薦,19,
2014年直轄市長選舉,2014,臺北市,內湖區,西安里,臺北市,6,連勝文,中國國民黨,1707,
2014年直轄市長選舉,2014,臺北市,內湖區,西安里,臺北市,7,柯文哲,無黨籍及未經政黨推薦,2277,*
2014年直轄市長選舉,2014,臺北市,內湖區,港墘里,臺北市,1,陳汝斌,三等國民公義人權自救黨,2,
2014年直轄市長選舉,2014,臺北市,內湖區,港墘里,臺北市,2,趙衍慶,無黨籍及未經政黨推薦,43,
2014年直轄市長選舉,2014,臺北市,內湖區,港墘里,臺北市,3,李宏信,無黨籍及未經政黨推薦,6,
2014年直轄市長選舉,2014,臺北市,內湖區,港墘里,臺北市,4,陳永昌,無黨籍及未經政黨推薦,6,
2014年直轄市長選舉,2014,臺北市,內湖區,港墘里,臺北市,5,馮光遠,無黨籍及未經政黨推薦,22,
2014年直轄市長選舉,2014,臺北市,內湖區,港墘里,臺北市,6,連勝文,中國國民黨,1352,
2014年直轄市長選舉,2014,臺北市,內湖區,港墘里,臺北市,7,柯文哲,無黨籍及未經政黨推薦,2168,*
2014年直轄市長選舉,2014,臺北市,內湖區,港都里,臺北市,1,陳汝斌,三等國民公義人權自救黨,2,
2014年直轄市長選舉,2014,臺北市,內湖區,港都里,臺北市,2,趙衍慶,無黨籍及未經政黨推薦,24,
2014年直轄市長選舉,2014,臺北市,內湖區,港都里,臺北市,3,李宏信,無黨籍及未經政黨推薦,2,
2014年直轄市長選舉,2014,臺北市,內湖區,港都里,臺北市,4,陳永昌,無黨籍及未經政黨推薦,4,
2014年直轄市長選舉,2014,臺北市,內湖區,港都里,臺北市,5,馮光遠,無黨籍及未經政黨推薦,14,
2014年直轄市長選舉,2014,臺北市,內湖區,港都里,臺北市,6,連勝文,中國國民黨,1262,
2014年直轄市長選舉,2014,臺北市,內湖區,港都里,臺北市,7,柯文哲,無黨籍及未經政黨推薦,1919,*
2014年直轄市長選舉,2014,臺北市,內湖區,港富里,臺北市,1,陳汝斌,三等國民公義人權自救黨,5,
2014年直轄市長選舉,2014,臺北市,內湖區,港富里,臺北市,2,趙衍慶,無黨籍及未經政黨推薦,68,
2014年直轄市長選舉,2014,臺北市,內湖區,港富里,臺北市,3,李宏信,無黨籍及未經政黨推薦,12,
2014年直轄市長選舉,2014,臺北市,內湖區,港富里,臺北市,4,陳永昌,無黨籍及未經政黨推薦,9,
2014年直轄市長選舉,2014,臺北市,內湖區,港富里,臺北市,5,馮光遠,無黨籍及未經政黨推薦,18,
2014年直轄市長選舉,2014,臺北市,內湖區,港富里,臺北市,6,連勝文,中國國民黨,2214,
2014年直轄市長選舉,2014,臺北市,內湖區,港富里,臺北市,7,柯文哲,無黨籍及未經政黨推薦,3321,*
2014年直轄市長選舉,2014,臺北市,內湖區,港華里,臺北市,1,陳汝斌,三等國民公義人權自救黨,2,
2014年直轄市長選舉,2014,臺北市,內湖區,港華里,臺北市,2,趙衍慶,無黨籍及未經政黨推薦,64,
2014年直轄市長選舉,2014,臺北市,內湖區,港華里,臺北市,3,李宏信,無黨籍及未經政黨推薦,11,
2014年直轄市長選舉,2014,臺北市,內湖區,港華里,臺北市,4,陳永昌,無黨籍及未經政黨推薦,9,
2014年直轄市長選舉,2014,臺北市,內湖區,港華里,臺北市,5,馮光遠,無黨籍及未經政黨推薦,29,
2014年直轄市長選舉,2014,臺北市,內湖區,港華里,臺北市,6,連勝文,中國國民黨,2012,
2014年直轄市長選舉,2014,臺北市,內湖區,港華里,臺北市,7,柯文哲,無黨籍及未經政黨推薦,3151,*
2014年直轄市長選舉,2014,臺北市,內湖區,內湖里,臺北市,1,陳汝斌,三等國民公義人權自救黨,1,
2014年直轄市長選舉,2014,臺北市,內湖區,內湖里,臺北市,2,趙衍慶,無黨籍及未經政黨推薦,33,
2014年直轄市長選舉,2014,臺北市,內湖區,內湖里,臺北市,3,李宏信,無黨籍及未經政黨推薦,9,
2014年直轄市長選舉,2014,臺北市,內湖區,內湖里,臺北市,4,陳永昌,無黨籍及未經政黨推薦,4,
2014年直轄市長選舉,2014,臺北市,內湖區,內湖里,臺北市,5,馮光遠,無黨籍及未經政黨推薦,18,
2014年直轄市長選舉,2014,臺北市,內湖區,內湖里,臺北市,6,連勝文,中國國民黨,1524,
2014年直轄市長選舉,2014,臺北市,內湖區,內湖里,臺北市,7,柯文哲,無黨籍及未經政黨推薦,1938,*
2014年直轄市長選舉,2014,臺北市,內湖區,湖濱里,臺北市,1,陳汝斌,三等國民公義人權自救黨,8,
2014年直轄市長選舉,2014,臺北市,內湖區,湖濱里,臺北市,2,趙衍慶,無黨籍及未經政黨推薦,49,
2014年直轄市長選舉,2014,臺北市,內湖區,湖濱里,臺北市,3,李宏信,無黨籍及未經政黨推薦,9,
2014年直轄市長選舉,2014,臺北市,內湖區,湖濱里,臺北市,4,陳永昌,無黨籍及未經政黨推薦,6,
2014年直轄市長選舉,2014,臺北市,內湖區,湖濱里,臺北市,5,馮光遠,無黨籍及未經政黨推薦,38,
2014年直轄市長選舉,2014,臺北市,內湖區,湖濱里,臺北市,6,連勝文,中國國民黨,2215,
2014年直轄市長選舉,2014,臺北市,內湖區,湖濱里,臺北市,7,柯文哲,無黨籍及未經政黨推薦,2450,*
2014年直轄市長選舉,2014,臺北市,內湖區,紫星里,臺北市,1,陳汝斌,三等國民公義人權自救黨,4,
2014年直轄市長選舉,2014,臺北市,內湖區,紫星里,臺北市,2,趙衍慶,無黨籍及未經政黨推薦,44,
2014年直轄市長選舉,2014,臺北市,內湖區,紫星里,臺北市,3,李宏信,無黨籍及未經政黨推薦,5,
2014年直轄市長選舉,2014,臺北市,內湖區,紫星里,臺北市,4,陳永昌,無黨籍及未經政黨推薦,5,
2014年直轄市長選舉,2014,臺北市,內湖區,紫星里,臺北市,5,馮光遠,無黨籍及未經政黨推薦,33,
2014年直轄市長選舉,2014,臺北市,內湖區,紫星里,臺北市,6,連勝文,中國國民黨,1872,
2014年直轄市長選舉,2014,臺北市,內湖區,紫星里,臺北市,7,柯文哲,無黨籍及未經政黨推薦,2824,*
2014年直轄市長選舉,2014,臺北市,內湖區,大湖里,臺北市,1,陳汝斌,三等國民公義人權自救黨,3,
2014年直轄市長選舉,2014,臺北市,內湖區,大湖里,臺北市,2,趙衍慶,無黨籍及未經政黨推薦,40,
2014年直轄市長選舉,2014,臺北市,內湖區,大湖里,臺北市,3,李宏信,無黨籍及未經政黨推薦,4,
2014年直轄市長選舉,2014,臺北市,內湖區,大湖里,臺北市,4,陳永昌,無黨籍及未經政黨推薦,6,
2014年直轄市長選舉,2014,臺北市,內湖區,大湖里,臺北市,5,馮光遠,無黨籍及未經政黨推薦,20,
2014年直轄市長選舉,2014,臺北市,內湖區,大湖里,臺北市,6,連勝文,中國國民黨,1334,
2014年直轄市長選舉,2014,臺北市,內湖區,大湖里,臺北市,7,柯文哲,無黨籍及未經政黨推薦,1806,*
2014年直轄市長選舉,2014,臺北市,內湖區,金龍里,臺北市,1,陳汝斌,三等國民公義人權自救黨,0,
2014年直轄市長選舉,2014,臺北市,內湖區,金龍里,臺北市,2,趙衍慶,無黨籍及未經政黨推薦,29,
2014年直轄市長選舉,2014,臺北市,內湖區,金龍里,臺北市,3,李宏信,無黨籍及未經政黨推薦,5,
2014年直轄市長選舉,2014,臺北市,內湖區,金龍里,臺北市,4,陳永昌,無黨籍及未經政黨推薦,6,
2014年直轄市長選舉,2014,臺北市,內湖區,金龍里,臺北市,5,馮光遠,無黨籍及未經政黨推薦,19,
2014年直轄市長選舉,2014,臺北市,內湖區,金龍里,臺北市,6,連勝文,中國國民黨,1342,
2014年直轄市長選舉,2014,臺北市,內湖區,金龍里,臺北市,7,柯文哲,無黨籍及未經政黨推薦,1860,*
2014年直轄市長選舉,2014,臺北市,內湖區,金瑞里,臺北市,1,陳汝斌,三等國民公義人權自救黨,8,
2014年直轄市長選舉,2014,臺北市,內湖區,金瑞里,臺北市,2,趙衍慶,無黨籍及未經政黨推薦,46,
2014年直轄市長選舉,2014,臺北市,內湖區,金瑞里,臺北市,3,李宏信,無黨籍及未經政黨推薦,5,
2014年直轄市長選舉,2014,臺北市,內湖區,金瑞里,臺北市,4,陳永昌,無黨籍及未經政黨推薦,8,
2014年直轄市長選舉,2014,臺北市,內湖區,金瑞里,臺北市,5,馮光遠,無黨籍及未經政黨推薦,22,
2014年直轄市長選舉,2014,臺北市,內湖區,金瑞里,臺北市,6,連勝文,中國國民黨,1673,
2014年直轄市長選舉,2014,臺北市,內湖區,金瑞里,臺北市,7,柯文哲,無黨籍及未經政黨推薦,2264,*
2014年直轄市長選舉,2014,臺北市,內湖區,碧山里,臺北市,1,陳汝斌,三等國民公義人權自救黨,7,
2014年直轄市長選舉,2014,臺北市,內湖區,碧山里,臺北市,2,趙衍慶,無黨籍及未經政黨推薦,36,
2014年直轄市長選舉,2014,臺北市,內湖區,碧山里,臺北市,3,李宏信,無黨籍及未經政黨推薦,12,
2014年直轄市長選舉,2014,臺北市,內湖區,碧山里,臺北市,4,陳永昌,無黨籍及未經政黨推薦,8,
2014年直轄市長選舉,2014,臺北市,內湖區,碧山里,臺北市,5,馮光遠,無黨籍及未經政黨推薦,22,
2014年直轄市長選舉,2014,臺北市,內湖區,碧山里,臺北市,6,連勝文,中國國民黨,1718,
2014年直轄市長選舉,2014,臺北市,內湖區,碧山里,臺北市,7,柯文哲,無黨籍及未經政黨推薦,2380,*
2014年直轄市長選舉,2014,臺北市,內湖區,紫雲里,臺北市,1,陳汝斌,三等國民公義人權自救黨,3,
2014年直轄市長選舉,2014,臺北市,內湖區,紫雲里,臺北市,2,趙衍慶,無黨籍及未經政黨推薦,39,
2014年直轄市長選舉,2014,臺北市,內湖區,紫雲里,臺北市,3,李宏信,無黨籍及未經政黨推薦,3,
2014年直轄市長選舉,2014,臺北市,內湖區,紫雲里,臺北市,4,陳永昌,無黨籍及未經政黨推薦,5,
2014年直轄市長選舉,2014,臺北市,內湖區,紫雲里,臺北市,5,馮光遠,無黨籍及未經政黨推薦,21,
2014年直轄市長選舉,2014,臺北市,內湖區,紫雲里,臺北市,6,連勝文,中國國民黨,1691,
2014年直轄市長選舉,2014,臺北市,內湖區,紫雲里,臺北市,7,柯文哲,無黨籍及未經政黨推薦,1667,*
2014年直轄市長選舉,2014,臺北市,內湖區,清白里,臺北市,1,陳汝斌,三等國民公義人權自救黨,4,
2014年直轄市長選舉,2014,臺北市,內湖區,清白里,臺北市,2,趙衍慶,無黨籍及未經政黨推薦,65,
2014年直轄市長選舉,2014,臺北市,內湖區,清白里,臺北市,3,李宏信,無黨籍及未經政黨推薦,9,
2014年直轄市長選舉,2014,臺北市,內湖區,清白里,臺北市,4,陳永昌,無黨籍及未經政黨推薦,10,
2014年直轄市長選舉,2014,臺北市,內湖區,清白里,臺北市,5,馮光遠,無黨籍及未經政黨推薦,38,
2014年直轄市長選舉,2014,臺北市,內湖區,清白里,臺北市,6,連勝文,中國國民黨,2136,
2014年直轄市長選舉,2014,臺北市,內湖區,清白里,臺北市,7,柯文哲,無黨籍及未經政黨推薦,2575,*
2014年直轄市長選舉,2014,臺北市,內湖區,葫洲里,臺北市,1,陳汝斌,三等國民公義人權自救黨,2,
2014年直轄市長選舉,2014,臺北市,內湖區,葫洲里,臺北市,2,趙衍慶,無黨籍及未經政黨推薦,50,
2014年直轄市長選舉,2014,臺北市,內湖區,葫洲里,臺北市,3,李宏信,無黨籍及未經政黨推薦,7,
2014年直轄市長選舉,2014,臺北市,內湖區,葫洲里,臺北市,4,陳永昌,無黨籍及未經政黨推薦,3,
2014年直轄市長選舉,2014,臺北市,內湖區,葫洲里,臺北市,5,馮光遠,無黨籍及未經政黨推薦,16,
2014年直轄市長選舉,2014,臺北市,內湖區,葫洲里,臺北市,6,連勝文,中國國民黨,1669,
2014年直轄市長選舉,2014,臺北市,內湖區,葫洲里,臺北市,7,柯文哲,無黨籍及未經政黨推薦,2040,*
2014年直轄市長選舉,2014,臺北市,內湖區,紫陽里,臺北市,1,陳汝斌,三等國民公義人權自救黨,5,
2014年直轄市長選舉,2014,臺北市,內湖區,紫陽里,臺北市,2,趙衍慶,無黨籍及未經政黨推薦,69,
2014年直轄市長選舉,2014,臺北市,內湖區,紫陽里,臺北市,3,李宏信,無黨籍及未經政黨推薦,5,
2014年直轄市長選舉,2014,臺北市,內湖區,紫陽里,臺北市,4,陳永昌,無黨籍及未經政黨推薦,9,
2014年直轄市長選舉,2014,臺北市,內湖區,紫陽里,臺北市,5,馮光遠,無黨籍及未經政黨推薦,27,
2014年直轄市長選舉,2014,臺北市,內湖區,紫陽里,臺北市,6,連勝文,中國國民黨,1989,
2014年直轄市長選舉,2014,臺北市,內湖區,紫陽里,臺北市,7,柯文哲,無黨籍及未經政黨推薦,2666,*
2014年直轄市長選舉,2014,臺北市,內湖區,瑞陽里,臺北市,1,陳汝斌,三等國民公義人權自救黨,5,
2014年直轄市長選舉,2014,臺北市,內湖區,瑞陽里,臺北市,2,趙衍慶,無黨籍及未經政黨推薦,73,
2014年直轄市長選舉,2014,臺北市,內湖區,瑞陽里,臺北市,3,李宏信,無黨籍及未經政黨推薦,10,
2014年直轄市長選舉,2014,臺北市,內湖區,瑞陽里,臺北市,4,陳永昌,無黨籍及未經政黨推薦,7,
2014年直轄市長選舉,2014,臺北市,內湖區,瑞陽里,臺北市,5,馮光遠,無黨籍及未經政黨推薦,20,
2014年直轄市長選舉,2014,臺北市,內湖區,瑞陽里,臺北市,6,連勝文,中國國民黨,2496,
2014年直轄市長選舉,2014,臺北市,內湖區,瑞陽里,臺北市,7,柯文哲,無黨籍及未經政黨推薦,2189,*
2014年直轄市長選舉,2014,臺北市,內湖區,瑞光里,臺北市,1,陳汝斌,三等國民公義人權自救黨,3,
2014年直轄市長選舉,2014,臺北市,內湖區,瑞光里,臺北市,2,趙衍慶,無黨籍及未經政黨推薦,47,
2014年直轄市長選舉,2014,臺北市,內湖區,瑞光里,臺北市,3,李宏信,無黨籍及未經政黨推薦,1,
2014年直轄市長選舉,2014,臺北市,內湖區,瑞光里,臺北市,4,陳永昌,無黨籍及未經政黨推薦,6,
2014年直轄市長選舉,2014,臺北市,內湖區,瑞光里,臺北市,5,馮光遠,無黨籍及未經政黨推薦,17,
2014年直轄市長選舉,2014,臺北市,內湖區,瑞光里,臺北市,6,連勝文,中國國民黨,1463,
2014年直轄市長選舉,2014,臺北市,內湖區,瑞光里,臺北市,7,柯文哲,無黨籍及未經政黨推薦,1382,*
2014年直轄市長選舉,2014,臺北市,內湖區,五分里,臺北市,1,陳汝斌,三等國民公義人權自救黨,8,
2014年直轄市長選舉,2014,臺北市,內湖區,五分里,臺北市,2,趙衍慶,無黨籍及未經政黨推薦,70,
2014年直轄市長選舉,2014,臺北市,內湖區,五分里,臺北市,3,李宏信,無黨籍及未經政黨推薦,5,
2014年直轄市長選舉,2014,臺北市,內湖區,五分里,臺北市,4,陳永昌,無黨籍及未經政黨推薦,6,
2014年直轄市長選舉,2014,臺北市,內湖區,五分里,臺北市,5,馮光遠,無黨籍及未經政黨推薦,33,
2014年直轄市長選舉,2014,臺北市,內湖區,五分里,臺北市,6,連勝文,中國國民黨,2065,
2014年直轄市長選舉,2014,臺北市,內湖區,五分里,臺北市,7,柯文哲,無黨籍及未經政黨推薦,3332,*
2014年直轄市長選舉,2014,臺北市,內湖區,東湖里,臺北市,1,陳汝斌,三等國民公義人權自救黨,4,
2014年直轄市長選舉,2014,臺北市,內湖區,東湖里,臺北市,2,趙衍慶,無黨籍及未經政黨推薦,59,
2014年直轄市長選舉,2014,臺北市,內湖區,東湖里,臺北市,3,李宏信,無黨籍及未經政黨推薦,6,
2014年直轄市長選舉,2014,臺北市,內湖區,東湖里,臺北市,4,陳永昌,無黨籍及未經政黨推薦,7,
2014年直轄市長選舉,2014,臺北市,內湖區,東湖里,臺北市,5,馮光遠,無黨籍及未經政黨推薦,25,
2014年直轄市長選舉,2014,臺北市,內湖區,東湖里,臺北市,6,連勝文,中國國民黨,1813,
2014年直轄市長選舉,2014,臺北市,內湖區,東湖里,臺北市,7,柯文哲,無黨籍及未經政黨推薦,2853,*
2014年直轄市長選舉,2014,臺北市,內湖區,樂康里,臺北市,1,陳汝斌,三等國民公義人權自救黨,3,
2014年直轄市長選舉,2014,臺北市,內湖區,樂康里,臺北市,2,趙衍慶,無黨籍及未經政黨推薦,58,
2014年直轄市長選舉,2014,臺北市,內湖區,樂康里,臺北市,3,李宏信,無黨籍及未經政黨推薦,6,
2014年直轄市長選舉,2014,臺北市,內湖區,樂康里,臺北市,4,陳永昌,無黨籍及未經政黨推薦,9,
2014年直轄市長選舉,2014,臺北市,內湖區,樂康里,臺北市,5,馮光遠,無黨籍及未經政黨推薦,21,
2014年直轄市長選舉,2014,臺北市,內湖區,樂康里,臺北市,6,連勝文,中國國民黨,1815,
2014年直轄市長選舉,2014,臺北市,內湖區,樂康里,臺北市,7,柯文哲,無黨籍及未經政黨推薦,2955,*
2014年直轄市長選舉,2014,臺北市,內湖區,內溝里,臺北市,1,陳汝斌,三等國民公義人權自救黨,0,
2014年直轄市長選舉,2014,臺北市,內湖區,內溝里,臺北市,2,趙衍慶,無黨籍及未經政黨推薦,38,
2014年直轄市長選舉,2014,臺北市,內湖區,內溝里,臺北市,3,李宏信,無黨籍及未經政黨推薦,2,
2014年直轄市長選舉,2014,臺北市,內湖區,內溝里,臺北市,4,陳永昌,無黨籍及未經政黨推薦,5,
2014年直轄市長選舉,2014,臺北市,內湖區,內溝里,臺北市,5,馮光遠,無黨籍及未經政黨推薦,15,
2014年直轄市長選舉,2014,臺北市,內湖區,內溝里,臺北市,6,連勝文,中國國民黨,1093,
2014年直轄市長選舉,2014,臺北市,內湖區,內溝里,臺北市,7,柯文哲,無黨籍及未經政黨推薦,1643,*
2014年直轄市長選舉,2014,臺北市,內湖區,週美里,臺北市,1,陳汝斌,三等國民公義人權自救黨,0,
2014年直轄市長選舉,2014,臺北市,內湖區,週美里,臺北市,2,趙衍慶,無黨籍及未經政黨推薦,50,
2014年直轄市長選舉,2014,臺北市,內湖區,週美里,臺北市,3,李宏信,無黨籍及未經政黨推薦,3,
2014年直轄市長選舉,2014,臺北市,內湖區,週美里,臺北市,4,陳永昌,無黨籍及未經政黨推薦,5,
2014年直轄市長選舉,2014,臺北市,內湖區,週美里,臺北市,5,馮光遠,無黨籍及未經政黨推薦,15,
2014年直轄市長選舉,2014,臺北市,內湖區,週美里,臺北市,6,連勝文,中國國民黨,1546,
2014年直轄市長選舉,2014,臺北市,內湖區,週美里,臺北市,7,柯文哲,無黨籍及未經政黨推薦,2699,*
2014年直轄市長選舉,2014,臺北市,內湖區,行善里,臺北市,1,陳汝斌,三等國民公義人權自救黨,5,
2014年直轄市長選舉,2014,臺北市,內湖區,行善里,臺北市,2,趙衍慶,無黨籍及未經政黨推薦,52,
2014年直轄市長選舉,2014,臺北市,內湖區,行善里,臺北市,3,李宏信,無黨籍及未經政黨推薦,10,
2014年直轄市長選舉,2014,臺北市,內湖區,行善里,臺北市,4,陳永昌,無黨籍及未經政黨推薦,7,
2014年直轄市長選舉,2014,臺北市,內湖區,行善里,臺北市,5,馮光遠,無黨籍及未經政黨推薦,26,
2014年直轄市長選舉,2014,臺北市,內湖區,行善里,臺北市,6,連勝文,中國國民黨,1501,
2014年直轄市長選舉,2014,臺北市,內湖區,行善里,臺北市,7,柯文哲,無黨籍及未經政黨推薦,2401,*
2014年直轄市長選舉,2014,臺北市,內湖區,石潭里,臺北市,1,陳汝斌,三等國民公義人權自救黨,0,
2014年直轄市長選舉,2014,臺北市,內湖區,石潭里,臺北市,2,趙衍慶,無黨籍及未經政黨推薦,30,
2014年直轄市長選舉,2014,臺北市,內湖區,石潭里,臺北市,3,李宏信,無黨籍及未經政黨推薦,3,
2014年直轄市長選舉,2014,臺北市,內湖區,石潭里,臺北市,4,陳永昌,無黨籍及未經政黨推薦,0,
2014年直轄市長選舉,2014,臺北市,內湖區,石潭里,臺北市,5,馮光遠,無黨籍及未經政黨推薦,11,
2014年直轄市長選舉,2014,臺北市,內湖區,石潭里,臺北市,6,連勝文,中國國民黨,806,
2014年直轄市長選舉,2014,臺北市,內湖區,石潭里,臺北市,7,柯文哲,無黨籍及未經政黨推薦,1145,*
2014年直轄市長選舉,2014,臺北市,內湖區,湖興里,臺北市,1,陳汝斌,三等國民公義人權自救黨,1,
2014年直轄市長選舉,2014,臺北市,內湖區,湖興里,臺北市,2,趙衍慶,無黨籍及未經政黨推薦,59,
2014年直轄市長選舉,2014,臺北市,內湖區,湖興里,臺北市,3,李宏信,無黨籍及未經政黨推薦,7,
2014年直轄市長選舉,2014,臺北市,內湖區,湖興里,臺北市,4,陳永昌,無黨籍及未經政黨推薦,6,
2014年直轄市長選舉,2014,臺北市,內湖區,湖興里,臺北市,5,馮光遠,無黨籍及未經政黨推薦,29,
2014年直轄市長選舉,2014,臺北市,內湖區,湖興里,臺北市,6,連勝文,中國國民黨,1677,
2014年直轄市長選舉,2014,臺北市,內湖區,湖興里,臺北市,7,柯文哲,無黨籍及未經政黨推薦,2508,*
2014年直轄市長選舉,2014,臺北市,內湖區,湖元里,臺北市,1,陳汝斌,三等國民公義人權自救黨,2,
2014年直轄市長選舉,2014,臺北市,內湖區,湖元里,臺北市,2,趙衍慶,無黨籍及未經政黨推薦,34,
2014年直轄市長選舉,2014,臺北市,內湖區,湖元里,臺北市,3,李宏信,無黨籍及未經政黨推薦,3,
2014年直轄市長選舉,2014,臺北市,內湖區,湖元里,臺北市,4,陳永昌,無黨籍及未經政黨推薦,2,
2014年直轄市長選舉,2014,臺北市,內湖區,湖元里,臺北市,5,馮光遠,無黨籍及未經政黨推薦,19,
2014年直轄市長選舉,2014,臺北市,內湖區,湖元里,臺北市,6,連勝文,中國國民黨,1297,
2014年直轄市長選舉,2014,臺北市,內湖區,湖元里,臺北市,7,柯文哲,無黨籍及未經政黨推薦,1912,*
2014年直轄市長選舉,2014,臺北市,內湖區,安湖里,臺北市,1,陳汝斌,三等國民公義人權自救黨,3,
2014年直轄市長選舉,2014,臺北市,內湖區,安湖里,臺北市,2,趙衍慶,無黨籍及未經政黨推薦,69,
2014年直轄市長選舉,2014,臺北市,內湖區,安湖里,臺北市,3,李宏信,無黨籍及未經政黨推薦,14,
2014年直轄市長選舉,2014,臺北市,內湖區,安湖里,臺北市,4,陳永昌,無黨籍及未經政黨推薦,6,
2014年直轄市長選舉,2014,臺北市,內湖區,安湖里,臺北市,5,馮光遠,無黨籍及未經政黨推薦,23,
2014年直轄市長選舉,2014,臺北市,內湖區,安湖里,臺北市,6,連勝文,中國國民黨,1819,
2014年直轄市長選舉,2014,臺北市,內湖區,安湖里,臺北市,7,柯文哲,無黨籍及未經政黨推薦,2584,*
2014年直轄市長選舉,2014,臺北市,內湖區,秀湖里,臺北市,1,陳汝斌,三等國民公義人權自救黨,0,
2014年直轄市長選舉,2014,臺北市,內湖區,秀湖里,臺北市,2,趙衍慶,無黨籍及未經政黨推薦,51,
2014年直轄市長選舉,2014,臺北市,內湖區,秀湖里,臺北市,3,李宏信,無黨籍及未經政黨推薦,10,
2014年直轄市長選舉,2014,臺北市,內湖區,秀湖里,臺北市,4,陳永昌,無黨籍及未經政黨推薦,4,
2014年直轄市長選舉,2014,臺北市,內湖區,秀湖里,臺北市,5,馮光遠,無黨籍及未經政黨推薦,25,
2014年直轄市長選舉,2014,臺北市,內湖區,秀湖里,臺北市,6,連勝文,中國國民黨,1581,
2014年直轄市長選舉,2014,臺北市,內湖區,秀湖里,臺北市,7,柯文哲,無黨籍及未經政黨推薦,1922,*
2014年直轄市長選舉,2014,臺北市,內湖區,安泰里,臺北市,1,陳汝斌,三等國民公義人權自救黨,1,
2014年直轄市長選舉,2014,臺北市,內湖區,安泰里,臺北市,2,趙衍慶,無黨籍及未經政黨推薦,57,
2014年直轄市長選舉,2014,臺北市,內湖區,安泰里,臺北市,3,李宏信,無黨籍及未經政黨推薦,8,
2014年直轄市長選舉,2014,臺北市,內湖區,安泰里,臺北市,4,陳永昌,無黨籍及未經政黨推薦,5,
2014年直轄市長選舉,2014,臺北市,內湖區,安泰里,臺北市,5,馮光遠,無黨籍及未經政黨推薦,18,
2014年直轄市長選舉,2014,臺北市,內湖區,安泰里,臺北市,6,連勝文,中國國民黨,1335,
2014年直轄市長選舉,2014,臺北市,內湖區,安泰里,臺北市,7,柯文哲,無黨籍及未經政黨推薦,1803,*
2014年直轄市長選舉,2014,臺北市,內湖區,金湖里,臺北市,1,陳汝斌,三等國民公義人權自救黨,0,
2014年直轄市長選舉,2014,臺北市,內湖區,金湖里,臺北市,2,趙衍慶,無黨籍及未經政黨推薦,65,
2014年直轄市長選舉,2014,臺北市,內湖區,金湖里,臺北市,3,李宏信,無黨籍及未經政黨推薦,2,
2014年直轄市長選舉,2014,臺北市,內湖區,金湖里,臺北市,4,陳永昌,無黨籍及未經政黨推薦,7,
2014年直轄市長選舉,2014,臺北市,內湖區,金湖里,臺北市,5,馮光遠,無黨籍及未經政黨推薦,27,
2014年直轄市長選舉,2014,臺北市,內湖區,金湖里,臺北市,6,連勝文,中國國民黨,2240,
2014年直轄市長選舉,2014,臺北市,內湖區,金湖里,臺北市,7,柯文哲,無黨籍及未經政黨推薦,2674,*
2014年直轄市長選舉,2014,臺北市,內湖區,康寧里,臺北市,1,陳汝斌,三等國民公義人權自救黨,3,
2014年直轄市長選舉,2014,臺北市,內湖區,康寧里,臺北市,2,趙衍慶,無黨籍及未經政黨推薦,43,
2014年直轄市長選舉,2014,臺北市,內湖區,康寧里,臺北市,3,李宏信,無黨籍及未經政黨推薦,8,
2014年直轄市長選舉,2014,臺北市,內湖區,康寧里,臺北市,4,陳永昌,無黨籍及未經政黨推薦,1,
2014年直轄市長選舉,2014,臺北市,內湖區,康寧里,臺北市,5,馮光遠,無黨籍及未經政黨推薦,25,
2014年直轄市長選舉,2014,臺北市,內湖區,康寧里,臺北市,6,連勝文,中國國民黨,2104,
2014年直轄市長選舉,2014,臺北市,內湖區,康寧里,臺北市,7,柯文哲,無黨籍及未經政黨推薦,2604,*
2014年直轄市長選舉,2014,臺北市,內湖區,明湖里,臺北市,1,陳汝斌,三等國民公義人權自救黨,4,
2014年直轄市長選舉,2014,臺北市,內湖區,明湖里,臺北市,2,趙衍慶,無黨籍及未經政黨推薦,36,
2014年直轄市長選舉,2014,臺北市,內湖區,明湖里,臺北市,3,李宏信,無黨籍及未經政黨推薦,6,
2014年直轄市長選舉,2014,臺北市,內湖區,明湖里,臺北市,4,陳永昌,無黨籍及未經政黨推薦,2,
2014年直轄市長選舉,2014,臺北市,內湖區,明湖里,臺北市,5,馮光遠,無黨籍及未經政黨推薦,14,
2014年直轄市長選舉,2014,臺北市,內湖區,明湖里,臺北市,6,連勝文,中國國民黨,1145,
2014年直轄市長選舉,2014,臺北市,內湖區,明湖里,臺北市,7,柯文哲,無黨籍及未經政黨推薦,1751,*
2014年直轄市長選舉,2014,臺北市,內湖區,蘆洲里,臺北市,1,陳汝斌,三等國民公義人權自救黨,1,
2014年直轄市長選舉,2014,臺北市,內湖區,蘆洲里,臺北市,2,趙衍慶,無黨籍及未經政黨推薦,4,
2014年直轄市長選舉,2014,臺北市,內湖區,蘆洲里,臺北市,3,李宏信,無黨籍及未經政黨推薦,0,
2014年直轄市長選舉,2014,臺北市,內湖區,蘆洲里,臺北市,4,陳永昌,無黨籍及未經政黨推薦,0,
2014年直轄市長選舉,2014,臺北市,內湖區,蘆洲里,臺北市,5,馮光遠,無黨籍及未經政黨推薦,3,
2014年直轄市長選舉,2014,臺北市,內湖區,蘆洲里,臺北市,6,連勝文,中國國民黨,211,
2014年直轄市長選舉,2014,臺北市,內湖區,蘆洲里,臺北市,7,柯文哲,無黨籍及未經政黨推薦,465,*
2014年直轄市長選舉,2014,臺北市,內湖區,麗山里,臺北市,1,陳汝斌,三等國民公義人權自救黨,3,
2014年直轄市長選舉,2014,臺北市,內湖區,麗山里,臺北市,2,趙衍慶,無黨籍及未經政黨推薦,38,
2014年直轄市長選舉,2014,臺北市,內湖區,麗山里,臺北市,3,李宏信,無黨籍及未經政黨推薦,12,
2014年直轄市長選舉,2014,臺北市,內湖區,麗山里,臺北市,4,陳永昌,無黨籍及未經政黨推薦,4,
2014年直轄市長選舉,2014,臺北市,內湖區,麗山里,臺北市,5,馮光遠,無黨籍及未經政黨推薦,13,
2014年直轄市長選舉,2014,臺北市,內湖區,麗山里,臺北市,6,連勝文,中國國民黨,1276,
2014年直轄市長選舉,2014,臺北市,內湖區,麗山里,臺北市,7,柯文哲,無黨籍及未經政黨推薦,2102,*
2014年直轄市長選舉,2014,臺北市,內湖區,寶湖里,臺北市,1,陳汝斌,三等國民公義人權自救黨,3,
2014年直轄市長選舉,2014,臺北市,內湖區,寶湖里,臺北市,2,趙衍慶,無黨籍及未經政黨推薦,60,
2014年直轄市長選舉,2014,臺北市,內湖區,寶湖里,臺北市,3,李宏信,無黨籍及未經政黨推薦,7,
2014年直轄市長選舉,2014,臺北市,內湖區,寶湖里,臺北市,4,陳永昌,無黨籍及未經政黨推薦,3,
2014年直轄市長選舉,2014,臺北市,內湖區,寶湖里,臺北市,5,馮光遠,無黨籍及未經政黨推薦,16,
2014年直轄市長選舉,2014,臺北市,內湖區,寶湖里,臺北市,6,連勝文,中國國民黨,1854,
2014年直轄市長選舉,2014,臺北市,內湖區,寶湖里,臺北市,7,柯文哲,無黨籍及未經政黨推薦,2435,*
2014年直轄市長選舉,2014,臺北市,內湖區,南湖里,臺北市,1,陳汝斌,三等國民公義人權自救黨,1,
2014年直轄市長選舉,2014,臺北市,內湖區,南湖里,臺北市,2,趙衍慶,無黨籍及未經政黨推薦,34,
2014年直轄市長選舉,2014,臺北市,內湖區,南湖里,臺北市,3,李宏信,無黨籍及未經政黨推薦,2,
2014年直轄市長選舉,2014,臺北市,內湖區,南湖里,臺北市,4,陳永昌,無黨籍及未經政黨推薦,2,
2014年直轄市長選舉,2014,臺北市,內湖區,南湖里,臺北市,5,馮光遠,無黨籍及未經政黨推薦,19,
2014年直轄市長選舉,2014,臺北市,內湖區,南湖里,臺北市,6,連勝文,中國國民黨,1264,
2014年直轄市長選舉,2014,臺北市,內湖區,南湖里,臺北市,7,柯文哲,無黨籍及未經政黨推薦,1537,*
2014年直轄市長選舉,2014,臺北市,士林區,仁勇里,臺北市,1,陳汝斌,三等國民公義人權自救黨,5,
2014年直轄市長選舉,2014,臺北市,士林區,仁勇里,臺北市,2,趙衍慶,無黨籍及未經政黨推薦,25,
2014年直轄市長選舉,2014,臺北市,士林區,仁勇里,臺北市,3,李宏信,無黨籍及未經政黨推薦,1,
2014年直轄市長選舉,2014,臺北市,士林區,仁勇里,臺北市,4,陳永昌,無黨籍及未經政黨推薦,4,
2014年直轄市長選舉,2014,臺北市,士林區,仁勇里,臺北市,5,馮光遠,無黨籍及未經政黨推薦,7,
2014年直轄市長選舉,2014,臺北市,士林區,仁勇里,臺北市,6,連勝文,中國國民黨,811,
2014年直轄市長選舉,2014,臺北市,士林區,仁勇里,臺北市,7,柯文哲,無黨籍及未經政黨推薦,1585,*
2014年直轄市長選舉,2014,臺北市,士林區,義信里,臺北市,1,陳汝斌,三等國民公義人權自救黨,2,
2014年直轄市長選舉,2014,臺北市,士林區,義信里,臺北市,2,趙衍慶,無黨籍及未經政黨推薦,18,
2014年直轄市長選舉,2014,臺北市,士林區,義信里,臺北市,3,李宏信,無黨籍及未經政黨推薦,4,
2014年直轄市長選舉,2014,臺北市,士林區,義信里,臺北市,4,陳永昌,無黨籍及未經政黨推薦,2,
2014年直轄市長選舉,2014,臺北市,士林區,義信里,臺北市,5,馮光遠,無黨籍及未經政黨推薦,10,
2014年直轄市長選舉,2014,臺北市,士林區,義信里,臺北市,6,連勝文,中國國民黨,740,
2014年直轄市長選舉,2014,臺北市,士林區,義信里,臺北市,7,柯文哲,無黨籍及未經政黨推薦,1139,*
2014年直轄市長選舉,2014,臺北市,士林區,福林里,臺北市,1,陳汝斌,三等國民公義人權自救黨,0,
2014年直轄市長選舉,2014,臺北市,士林區,福林里,臺北市,2,趙衍慶,無黨籍及未經政黨推薦,10,
2014年直轄市長選舉,2014,臺北市,士林區,福林里,臺北市,3,李宏信,無黨籍及未經政黨推薦,3,
2014年直轄市長選舉,2014,臺北市,士林區,福林里,臺北市,4,陳永昌,無黨籍及未經政黨推薦,5,
2014年直轄市長選舉,2014,臺北市,士林區,福林里,臺北市,5,馮光遠,無黨籍及未經政黨推薦,8,
2014年直轄市長選舉,2014,臺北市,士林區,福林里,臺北市,6,連勝文,中國國民黨,791,
2014年直轄市長選舉,2014,臺北市,士林區,福林里,臺北市,7,柯文哲,無黨籍及未經政黨推薦,1063,*
2014年直轄市長選舉,2014,臺北市,士林區,福德里,臺北市,1,陳汝斌,三等國民公義人權自救黨,4,
2014年直轄市長選舉,2014,臺北市,士林區,福德里,臺北市,2,趙衍慶,無黨籍及未經政黨推薦,26,
2014年直轄市長選舉,2014,臺北市,士林區,福德里,臺北市,3,李宏信,無黨籍及未經政黨推薦,7,
2014年直轄市長選舉,2014,臺北市,士林區,福德里,臺北市,4,陳永昌,無黨籍及未經政黨推薦,4,
2014年直轄市長選舉,2014,臺北市,士林區,福德里,臺北市,5,馮光遠,無黨籍及未經政黨推薦,9,
2014年直轄市長選舉,2014,臺北市,士林區,福德里,臺北市,6,連勝文,中國國民黨,1069,
2014年直轄市長選舉,2014,臺北市,士林區,福德里,臺北市,7,柯文哲,無黨籍及未經政黨推薦,1573,*
2014年直轄市長選舉,2014,臺北市,士林區,福志里,臺北市,1,陳汝斌,三等國民公義人權自救黨,7,
2014年直轄市長選舉,2014,臺北市,士林區,福志里,臺北市,2,趙衍慶,無黨籍及未經政黨推薦,50,
2014年直轄市長選舉,2014,臺北市,士林區,福志里,臺北市,3,李宏信,無黨籍及未經政黨推薦,10,
2014年直轄市長選舉,2014,臺北市,士林區,福志里,臺北市,4,陳永昌,無黨籍及未經政黨推薦,10,
2014年直轄市長選舉,2014,臺北市,士林區,福志里,臺北市,5,馮光遠,無黨籍及未經政黨推薦,28,
2014年直轄市長選舉,2014,臺北市,士林區,福志里,臺北市,6,連勝文,中國國民黨,1979,
2014年直轄市長選舉,2014,臺北市,士林區,福志里,臺北市,7,柯文哲,無黨籍及未經政黨推薦,2576,*
2014年直轄市長選舉,2014,臺北市,士林區,舊佳里,臺北市,1,陳汝斌,三等國民公義人權自救黨,5,
2014年直轄市長選舉,2014,臺北市,士林區,舊佳里,臺北市,2,趙衍慶,無黨籍及未經政黨推薦,40,
2014年直轄市長選舉,2014,臺北市,士林區,舊佳里,臺北市,3,李宏信,無黨籍及未經政黨推薦,16,
2014年直轄市長選舉,2014,臺北市,士林區,舊佳里,臺北市,4,陳永昌,無黨籍及未經政黨推薦,12,
2014年直轄市長選舉,2014,臺北市,士林區,舊佳里,臺北市,5,馮光遠,無黨籍及未經政黨推薦,17,
2014年直轄市長選舉,2014,臺北市,士林區,舊佳里,臺北市,6,連勝文,中國國民黨,1254,
2014年直轄市長選舉,2014,臺北市,士林區,舊佳里,臺北市,7,柯文哲,無黨籍及未經政黨推薦,2315,*
2014年直轄市長選舉,2014,臺北市,士林區,福佳里,臺北市,1,陳汝斌,三等國民公義人權自救黨,13,
2014年直轄市長選舉,2014,臺北市,士林區,福佳里,臺北市,2,趙衍慶,無黨籍及未經政黨推薦,44,
2014年直轄市長選舉,2014,臺北市,士林區,福佳里,臺北市,3,李宏信,無黨籍及未經政黨推薦,8,
2014年直轄市長選舉,2014,臺北市,士林區,福佳里,臺北市,4,陳永昌,無黨籍及未經政黨推薦,7,
2014年直轄市長選舉,2014,臺北市,士林區,福佳里,臺北市,5,馮光遠,無黨籍及未經政黨推薦,28,
2014年直轄市長選舉,2014,臺北市,士林區,福佳里,臺北市,6,連勝文,中國國民黨,1665,
2014年直轄市長選舉,2014,臺北市,士林區,福佳里,臺北市,7,柯文哲,無黨籍及未經政黨推薦,2925,*
2014年直轄市長選舉,2014,臺北市,士林區,後港里,臺北市,1,陳汝斌,三等國民公義人權自救黨,4,
2014年直轄市長選舉,2014,臺北市,士林區,後港里,臺北市,2,趙衍慶,無黨籍及未經政黨推薦,47,
2014年直轄市長選舉,2014,臺北市,士林區,後港里,臺北市,3,李宏信,無黨籍及未經政黨推薦,11,
2014年直轄市長選舉,2014,臺北市,士林區,後港里,臺北市,4,陳永昌,無黨籍及未經政黨推薦,2,
2014年直轄市長選舉,2014,臺北市,士林區,後港里,臺北市,5,馮光遠,無黨籍及未經政黨推薦,25,
2014年直轄市長選舉,2014,臺北市,士林區,後港里,臺北市,6,連勝文,中國國民黨,1627,
2014年直轄市長選舉,2014,臺北市,士林區,後港里,臺北市,7,柯文哲,無黨籍及未經政黨推薦,3280,*
2014年直轄市長選舉,2014,臺北市,士林區,福中里,臺北市,1,陳汝斌,三等國民公義人權自救黨,5,
2014年直轄市長選舉,2014,臺北市,士林區,福中里,臺北市,2,趙衍慶,無黨籍及未經政黨推薦,44,
2014年直轄市長選舉,2014,臺北市,士林區,福中里,臺北市,3,李宏信,無黨籍及未經政黨推薦,3,
2014年直轄市長選舉,2014,臺北市,士林區,福中里,臺北市,4,陳永昌,無黨籍及未經政黨推薦,5,
2014年直轄市長選舉,2014,臺北市,士林區,福中里,臺北市,5,馮光遠,無黨籍及未經政黨推薦,29,
2014年直轄市長選舉,2014,臺北市,士林區,福中里,臺北市,6,連勝文,中國國民黨,1343,
2014年直轄市長選舉,2014,臺北市,士林區,福中里,臺北市,7,柯文哲,無黨籍及未經政黨推薦,2882,*
2014年直轄市長選舉,2014,臺北市,士林區,前港里,臺北市,1,陳汝斌,三等國民公義人權自救黨,2,
2014年直轄市長選舉,2014,臺北市,士林區,前港里,臺北市,2,趙衍慶,無黨籍及未經政黨推薦,32,
2014年直轄市長選舉,2014,臺北市,士林區,前港里,臺北市,3,李宏信,無黨籍及未經政黨推薦,2,
2014年直轄市長選舉,2014,臺北市,士林區,前港里,臺北市,4,陳永昌,無黨籍及未經政黨推薦,5,
2014年直轄市長選舉,2014,臺北市,士林區,前港里,臺北市,5,馮光遠,無黨籍及未經政黨推薦,13,
2014年直轄市長選舉,2014,臺北市,士林區,前港里,臺北市,6,連勝文,中國國民黨,905,
2014年直轄市長選舉,2014,臺北市,士林區,前港里,臺北市,7,柯文哲,無黨籍及未經政黨推薦,1901,*
2014年直轄市長選舉,2014,臺北市,士林區,百齡里,臺北市,1,陳汝斌,三等國民公義人權自救黨,4,
2014年直轄市長選舉,2014,臺北市,士林區,百齡里,臺北市,2,趙衍慶,無黨籍及未經政黨推薦,46,
2014年直轄市長選舉,2014,臺北市,士林區,百齡里,臺北市,3,李宏信,無黨籍及未經政黨推薦,7,
2014年直轄市長選舉,2014,臺北市,士林區,百齡里,臺北市,4,陳永昌,無黨籍及未經政黨推薦,4,
2014年直轄市長選舉,2014,臺北市,士林區,百齡里,臺北市,5,馮光遠,無黨籍及未經政黨推薦,23,
2014年直轄市長選舉,2014,臺北市,士林區,百齡里,臺北市,6,連勝文,中國國民黨,1410,
2014年直轄市長選舉,2014,臺北市,士林區,百齡里,臺北市,7,柯文哲,無黨籍及未經政黨推薦,3009,*
2014年直轄市長選舉,2014,臺北市,士林區,承德里,臺北市,1,陳汝斌,三等國民公義人權自救黨,2,
2014年直轄市長選舉,2014,臺北市,士林區,承德里,臺北市,2,趙衍慶,無黨籍及未經政黨推薦,30,
2014年直轄市長選舉,2014,臺北市,士林區,承德里,臺北市,3,李宏信,無黨籍及未經政黨推薦,4,
2014年直轄市長選舉,2014,臺北市,士林區,承德里,臺北市,4,陳永昌,無黨籍及未經政黨推薦,3,
2014年直轄市長選舉,2014,臺北市,士林區,承德里,臺北市,5,馮光遠,無黨籍及未經政黨推薦,18,
2014年直轄市長選舉,2014,臺北市,士林區,承德里,臺北市,6,連勝文,中國國民黨,1348,
2014年直轄市長選舉,2014,臺北市,士林區,承德里,臺北市,7,柯文哲,無黨籍及未經政黨推薦,2011,*
2014年直轄市長選舉,2014,臺北市,士林區,福華里,臺北市,1,陳汝斌,三等國民公義人權自救黨,3,
2014年直轄市長選舉,2014,臺北市,士林區,福華里,臺北市,2,趙衍慶,無黨籍及未經政黨推薦,31,
2014年直轄市長選舉,2014,臺北市,士林區,福華里,臺北市,3,李宏信,無黨籍及未經政黨推薦,5,
2014年直轄市長選舉,2014,臺北市,士林區,福華里,臺北市,4,陳永昌,無黨籍及未經政黨推薦,3,
2014年直轄市長選舉,2014,臺北市,士林區,福華里,臺北市,5,馮光遠,無黨籍及未經政黨推薦,26,
2014年直轄市長選舉,2014,臺北市,士林區,福華里,臺北市,6,連勝文,中國國民黨,1318,
2014年直轄市長選舉,2014,臺北市,士林區,福華里,臺北市,7,柯文哲,無黨籍及未經政黨推薦,2401,*
2014年直轄市長選舉,2014,臺北市,士林區,明勝里,臺北市,1,陳汝斌,三等國民公義人權自救黨,3,
2014年直轄市長選舉,2014,臺北市,士林區,明勝里,臺北市,2,趙衍慶,無黨籍及未經政黨推薦,24,
2014年直轄市長選舉,2014,臺北市,士林區,明勝里,臺北市,3,李宏信,無黨籍及未經政黨推薦,4,
2014年直轄市長選舉,2014,臺北市,士林區,明勝里,臺北市,4,陳永昌,無黨籍及未經政黨推薦,5,
2014年直轄市長選舉,2014,臺北市,士林區,明勝里,臺北市,5,馮光遠,無黨籍及未經政黨推薦,14,
2014年直轄市長選舉,2014,臺北市,士林區,明勝里,臺北市,6,連勝文,中國國民黨,1039,
2014年直轄市長選舉,2014,臺北市,士林區,明勝里,臺北市,7,柯文哲,無黨籍及未經政黨推薦,2034,*
2014年直轄市長選舉,2014,臺北市,士林區,福順里,臺北市,1,陳汝斌,三等國民公義人權自救黨,8,
2014年直轄市長選舉,2014,臺北市,士林區,福順里,臺北市,2,趙衍慶,無黨籍及未經政黨推薦,34,
2014年直轄市長選舉,2014,臺北市,士林區,福順里,臺北市,3,李宏信,無黨籍及未經政黨推薦,9,
2014年直轄市長選舉,2014,臺北市,士林區,福順里,臺北市,4,陳永昌,無黨籍及未經政黨推薦,6,
2014年直轄市長選舉,2014,臺北市,士林區,福順里,臺北市,5,馮光遠,無黨籍及未經政黨推薦,11,
2014年直轄市長選舉,2014,臺北市,士林區,福順里,臺北市,6,連勝文,中國國民黨,924,
2014年直轄市長選舉,2014,臺北市,士林區,福順里,臺北市,7,柯文哲,無黨籍及未經政黨推薦,2272,*
2014年直轄市長選舉,2014,臺北市,士林區,富光里,臺北市,1,陳汝斌,三等國民公義人權自救黨,4,
2014年直轄市長選舉,2014,臺北市,士林區,富光里,臺北市,2,趙衍慶,無黨籍及未經政黨推薦,38,
2014年直轄市長選舉,2014,臺北市,士林區,富光里,臺北市,3,李宏信,無黨籍及未經政黨推薦,8,
2014年直轄市長選舉,2014,臺北市,士林區,富光里,臺北市,4,陳永昌,無黨籍及未經政黨推薦,4,
2014年直轄市長選舉,2014,臺北市,士林區,富光里,臺北市,5,馮光遠,無黨籍及未經政黨推薦,9,
2014年直轄市長選舉,2014,臺北市,士林區,富光里,臺北市,6,連勝文,中國國民黨,973,
2014年直轄市長選舉,2014,臺北市,士林區,富光里,臺北市,7,柯文哲,無黨籍及未經政黨推薦,2492,*
2014年直轄市長選舉,2014,臺北市,士林區,葫蘆里,臺北市,1,陳汝斌,三等國民公義人權自救黨,5,
2014年直轄市長選舉,2014,臺北市,士林區,葫蘆里,臺北市,2,趙衍慶,無黨籍及未經政黨推薦,53,
2014年直轄市長選舉,2014,臺北市,士林區,葫蘆里,臺北市,3,李宏信,無黨籍及未經政黨推薦,4,
2014年直轄市長選舉,2014,臺北市,士林區,葫蘆里,臺北市,4,陳永昌,無黨籍及未經政黨推薦,5,
2014年直轄市長選舉,2014,臺北市,士林區,葫蘆里,臺北市,5,馮光遠,無黨籍及未經政黨推薦,22,
2014年直轄市長選舉,2014,臺北市,士林區,葫蘆里,臺北市,6,連勝文,中國國民黨,1650,
2014年直轄市長選舉,2014,臺北市,士林區,葫蘆里,臺北市,7,柯文哲,無黨籍及未經政黨推薦,3087,*
2014年直轄市長選舉,2014,臺北市,士林區,葫東里,臺北市,1,陳汝斌,三等國民公義人權自救黨,2,
2014年直轄市長選舉,2014,臺北市,士林區,葫東里,臺北市,2,趙衍慶,無黨籍及未經政黨推薦,27,
2014年直轄市長選舉,2014,臺北市,士林區,葫東里,臺北市,3,李宏信,無黨籍及未經政黨推薦,3,
2014年直轄市長選舉,2014,臺北市,士林區,葫東里,臺北市,4,陳永昌,無黨籍及未經政黨推薦,5,
2014年直轄市長選舉,2014,臺北市,士林區,葫東里,臺北市,5,馮光遠,無黨籍及未經政黨推薦,17,
2014年直轄市長選舉,2014,臺北市,士林區,葫東里,臺北市,6,連勝文,中國國民黨,704,
2014年直轄市長選舉,2014,臺北市,士林區,葫東里,臺北市,7,柯文哲,無黨籍及未經政黨推薦,1788,*
2014年直轄市長選舉,2014,臺北市,士林區,社子里,臺北市,1,陳汝斌,三等國民公義人權自救黨,4,
2014年直轄市長選舉,2014,臺北市,士林區,社子里,臺北市,2,趙衍慶,無黨籍及未經政黨推薦,43,
2014年直轄市長選舉,2014,臺北市,士林區,社子里,臺北市,3,李宏信,無黨籍及未經政黨推薦,6,
2014年直轄市長選舉,2014,臺北市,士林區,社子里,臺北市,4,陳永昌,無黨籍及未經政黨推薦,3,
2014年直轄市長選舉,2014,臺北市,士林區,社子里,臺北市,5,馮光遠,無黨籍及未經政黨推薦,16,
2014年直轄市長選舉,2014,臺北市,士林區,社子里,臺北市,6,連勝文,中國國民黨,1123,
2014年直轄市長選舉,2014,臺北市,士林區,社子里,臺北市,7,柯文哲,無黨籍及未經政黨推薦,2755,*
2014年直轄市長選舉,2014,臺北市,士林區,社新里,臺北市,1,陳汝斌,三等國民公義人權自救黨,10,
2014年直轄市長選舉,2014,臺北市,士林區,社新里,臺北市,2,趙衍慶,無黨籍及未經政黨推薦,50,
2014年直轄市長選舉,2014,臺北市,士林區,社新里,臺北市,3,李宏信,無黨籍及未經政黨推薦,9,
2014年直轄市長選舉,2014,臺北市,士林區,社新里,臺北市,4,陳永昌,無黨籍及未經政黨推薦,8,
2014年直轄市長選舉,2014,臺北市,士林區,社新里,臺北市,5,馮光遠,無黨籍及未經政黨推薦,26,
2014年直轄市長選舉,2014,臺北市,士林區,社新里,臺北市,6,連勝文,中國國民黨,1536,
2014年直轄市長選舉,2014,臺北市,士林區,社新里,臺北市,7,柯文哲,無黨籍及未經政黨推薦,3776,*
2014年直轄市長選舉,2014,臺北市,士林區,社園里,臺北市,1,陳汝斌,三等國民公義人權自救黨,3,
2014年直轄市長選舉,2014,臺北市,士林區,社園里,臺北市,2,趙衍慶,無黨籍及未經政黨推薦,34,
2014年直轄市長選舉,2014,臺北市,士林區,社園里,臺北市,3,李宏信,無黨籍及未經政黨推薦,10,
2014年直轄市長選舉,2014,臺北市,士林區,社園里,臺北市,4,陳永昌,無黨籍及未經政黨推薦,6,
2014年直轄市長選舉,2014,臺北市,士林區,社園里,臺北市,5,馮光遠,無黨籍及未經政黨推薦,13,
2014年直轄市長選舉,2014,臺北市,士林區,社園里,臺北市,6,連勝文,中國國民黨,1199,
2014年直轄市長選舉,2014,臺北市,士林區,社園里,臺北市,7,柯文哲,無黨籍及未經政黨推薦,3305,*
2014年直轄市長選舉,2014,臺北市,士林區,永倫里,臺北市,1,陳汝斌,三等國民公義人權自救黨,5,
2014年直轄市長選舉,2014,臺北市,士林區,永倫里,臺北市,2,趙衍慶,無黨籍及未經政黨推薦,37,
2014年直轄市長選舉,2014,臺北市,士林區,永倫里,臺北市,3,李宏信,無黨籍及未經政黨推薦,9,
2014年直轄市長選舉,2014,臺北市,士林區,永倫里,臺北市,4,陳永昌,無黨籍及未經政黨推薦,4,
2014年直轄市長選舉,2014,臺北市,士林區,永倫里,臺北市,5,馮光遠,無黨籍及未經政黨推薦,12,
2014年直轄市長選舉,2014,臺北市,士林區,永倫里,臺北市,6,連勝文,中國國民黨,1244,
2014年直轄市長選舉,2014,臺北市,士林區,永倫里,臺北市,7,柯文哲,無黨籍及未經政黨推薦,3234,*
2014年直轄市長選舉,2014,臺北市,士林區,福安里,臺北市,1,陳汝斌,三等國民公義人權自救黨,4,
2014年直轄市長選舉,2014,臺北市,士林區,福安里,臺北市,2,趙衍慶,無黨籍及未經政黨推薦,31,
2014年直轄市長選舉,2014,臺北市,士林區,福安里,臺北市,3,李宏信,無黨籍及未經政黨推薦,3,
2014年直轄市長選舉,2014,臺北市,士林區,福安里,臺北市,4,陳永昌,無黨籍及未經政黨推薦,4,
2014年直轄市長選舉,2014,臺北市,士林區,福安里,臺北市,5,馮光遠,無黨籍及未經政黨推薦,10,
2014年直轄市長選舉,2014,臺北市,士林區,福安里,臺北市,6,連勝文,中國國民黨,516,
2014年直轄市長選舉,2014,臺北市,士林區,福安里,臺北市,7,柯文哲,無黨籍及未經政黨推薦,2564,*
2014年直轄市長選舉,2014,臺北市,士林區,富洲里,臺北市,1,陳汝斌,三等國民公義人權自救黨,8,
2014年直轄市長選舉,2014,臺北市,士林區,富洲里,臺北市,2,趙衍慶,無黨籍及未經政黨推薦,25,
2014年直轄市長選舉,2014,臺北市,士林區,富洲里,臺北市,3,李宏信,無黨籍及未經政黨推薦,7,
2014年直轄市長選舉,2014,臺北市,士林區,富洲里,臺北市,4,陳永昌,無黨籍及未經政黨推薦,3,
2014年直轄市長選舉,2014,臺北市,士林區,富洲里,臺北市,5,馮光遠,無黨籍及未經政黨推薦,9,
2014年直轄市長選舉,2014,臺北市,士林區,富洲里,臺北市,6,連勝文,中國國民黨,769,
2014年直轄市長選舉,2014,臺北市,士林區,富洲里,臺北市,7,柯文哲,無黨籍及未經政黨推薦,2836,*
2014年直轄市長選舉,2014,臺北市,士林區,岩山里,臺北市,1,陳汝斌,三等國民公義人權自救黨,0,
2014年直轄市長選舉,2014,臺北市,士林區,岩山里,臺北市,2,趙衍慶,無黨籍及未經政黨推薦,20,
2014年直轄市長選舉,2014,臺北市,士林區,岩山里,臺北市,3,李宏信,無黨籍及未經政黨推薦,2,
2014年直轄市長選舉,2014,臺北市,士林區,岩山里,臺北市,4,陳永昌,無黨籍及未經政黨推薦,4,
2014年直轄市長選舉,2014,臺北市,士林區,岩山里,臺北市,5,馮光遠,無黨籍及未經政黨推薦,7,
2014年直轄市長選舉,2014,臺北市,士林區,岩山里,臺北市,6,連勝文,中國國民黨,933,
2014年直轄市長選舉,2014,臺北市,士林區,岩山里,臺北市,7,柯文哲,無黨籍及未經政黨推薦,1127,*
2014年直轄市長選舉,2014,臺北市,士林區,名山里,臺北市,1,陳汝斌,三等國民公義人權自救黨,4,
2014年直轄市長選舉,2014,臺北市,士林區,名山里,臺北市,2,趙衍慶,無黨籍及未經政黨推薦,50,
2014年直轄市長選舉,2014,臺北市,士林區,名山里,臺北市,3,李宏信,無黨籍及未經政黨推薦,5,
2014年直轄市長選舉,2014,臺北市,士林區,名山里,臺北市,4,陳永昌,無黨籍及未經政黨推薦,3,
2014年直轄市長選舉,2014,臺北市,士林區,名山里,臺北市,5,馮光遠,無黨籍及未經政黨推薦,22,
2014年直轄市長選舉,2014,臺北市,士林區,名山里,臺北市,6,連勝文,中國國民黨,1830,
2014年直轄市長選舉,2014,臺北市,士林區,名山里,臺北市,7,柯文哲,無黨籍及未經政黨推薦,2543,*
2014年直轄市長選舉,2014,臺北市,士林區,德行里,臺北市,1,陳汝斌,三等國民公義人權自救黨,1,
2014年直轄市長選舉,2014,臺北市,士林區,德行里,臺北市,2,趙衍慶,無黨籍及未經政黨推薦,27,
2014年直轄市長選舉,2014,臺北市,士林區,德行里,臺北市,3,李宏信,無黨籍及未經政黨推薦,4,
2014年直轄市長選舉,2014,臺北市,士林區,德行里,臺北市,4,陳永昌,無黨籍及未經政黨推薦,2,
2014年直轄市長選舉,2014,臺北市,士林區,德行里,臺北市,5,馮光遠,無黨籍及未經政黨推薦,13,
2014年直轄市長選舉,2014,臺北市,士林區,德行里,臺北市,6,連勝文,中國國民黨,985,
2014年直轄市長選舉,2014,臺北市,士林區,德行里,臺北市,7,柯文哲,無黨籍及未經政黨推薦,1596,*
2014年直轄市長選舉,2014,臺北市,士林區,德華里,臺北市,1,陳汝斌,三等國民公義人權自救黨,2,
2014年直轄市長選舉,2014,臺北市,士林區,德華里,臺北市,2,趙衍慶,無黨籍及未經政黨推薦,30,
2014年直轄市長選舉,2014,臺北市,士林區,德華里,臺北市,3,李宏信,無黨籍及未經政黨推薦,7,
2014年直轄市長選舉,2014,臺北市,士林區,德華里,臺北市,4,陳永昌,無黨籍及未經政黨推薦,7,
2014年直轄市長選舉,2014,臺北市,士林區,德華里,臺北市,5,馮光遠,無黨籍及未經政黨推薦,12,
2014年直轄市長選舉,2014,臺北市,士林區,德華里,臺北市,6,連勝文,中國國民黨,1207,
2014年直轄市長選舉,2014,臺北市,士林區,德華里,臺北市,7,柯文哲,無黨籍及未經政黨推薦,2193,*
2014年直轄市長選舉,2014,臺北市,士林區,聖山里,臺北市,1,陳汝斌,三等國民公義人權自救黨,2,
2014年直轄市長選舉,2014,臺北市,士林區,聖山里,臺北市,2,趙衍慶,無黨籍及未經政黨推薦,42,
2014年直轄市長選舉,2014,臺北市,士林區,聖山里,臺北市,3,李宏信,無黨籍及未經政黨推薦,3,
2014年直轄市長選舉,2014,臺北市,士林區,聖山里,臺北市,4,陳永昌,無黨籍及未經政黨推薦,3,
2014年直轄市長選舉,2014,臺北市,士林區,聖山里,臺北市,5,馮光遠,無黨籍及未經政黨推薦,16,
2014年直轄市長選舉,2014,臺北市,士林區,聖山里,臺北市,6,連勝文,中國國民黨,1449,
2014年直轄市長選舉,2014,臺北市,士林區,聖山里,臺北市,7,柯文哲,無黨籍及未經政黨推薦,1646,*
2014年直轄市長選舉,2014,臺北市,士林區,忠誠里,臺北市,1,陳汝斌,三等國民公義人權自救黨,0,
2014年直轄市長選舉,2014,臺北市,士林區,忠誠里,臺北市,2,趙衍慶,無黨籍及未經政黨推薦,28,
2014年直轄市長選舉,2014,臺北市,士林區,忠誠里,臺北市,3,李宏信,無黨籍及未經政黨推薦,11,
2014年直轄市長選舉,2014,臺北市,士林區,忠誠里,臺北市,4,陳永昌,無黨籍及未經政黨推薦,3,
2014年直轄市長選舉,2014,臺北市,士林區,忠誠里,臺北市,5,馮光遠,無黨籍及未經政黨推薦,20,
2014年直轄市長選舉,2014,臺北市,士林區,忠誠里,臺北市,6,連勝文,中國國民黨,1762,
2014年直轄市長選舉,2014,臺北市,士林區,忠誠里,臺北市,7,柯文哲,無黨籍及未經政黨推薦,1531,*
2014年直轄市長選舉,2014,臺北市,士林區,芝山里,臺北市,1,陳汝斌,三等國民公義人權自救黨,3,
2014年直轄市長選舉,2014,臺北市,士林區,芝山里,臺北市,2,趙衍慶,無黨籍及未經政黨推薦,48,
2014年直轄市長選舉,2014,臺北市,士林區,芝山里,臺北市,3,李宏信,無黨籍及未經政黨推薦,12,
2014年直轄市長選舉,2014,臺北市,士林區,芝山里,臺北市,4,陳永昌,無黨籍及未經政黨推薦,2,
2014年直轄市長選舉,2014,臺北市,士林區,芝山里,臺北市,5,馮光遠,無黨籍及未經政黨推薦,31,
2014年直轄市長選舉,2014,臺北市,士林區,芝山里,臺北市,6,連勝文,中國國民黨,1798,
2014年直轄市長選舉,2014,臺北市,士林區,芝山里,臺北市,7,柯文哲,無黨籍及未經政黨推薦,2668,*
2014年直轄市長選舉,2014,臺北市,士林區,東山里,臺北市,1,陳汝斌,三等國民公義人權自救黨,5,
2014年直轄市長選舉,2014,臺北市,士林區,東山里,臺北市,2,趙衍慶,無黨籍及未經政黨推薦,33,
2014年直轄市長選舉,2014,臺北市,士林區,東山里,臺北市,3,李宏信,無黨籍及未經政黨推薦,3,
2014年直轄市長選舉,2014,臺北市,士林區,東山里,臺北市,4,陳永昌,無黨籍及未經政黨推薦,2,
2014年直轄市長選舉,2014,臺北市,士林區,東山里,臺北市,5,馮光遠,無黨籍及未經政黨推薦,13,
2014年直轄市長選舉,2014,臺北市,士林區,東山里,臺北市,6,連勝文,中國國民黨,1456,
2014年直轄市長選舉,2014,臺北市,士林區,東山里,臺北市,7,柯文哲,無黨籍及未經政黨推薦,1586,*
2014年直轄市長選舉,2014,臺北市,士林區,三玉里,臺北市,1,陳汝斌,三等國民公義人權自救黨,2,
2014年直轄市長選舉,2014,臺北市,士林區,三玉里,臺北市,2,趙衍慶,無黨籍及未經政黨推薦,24,
2014年直轄市長選舉,2014,臺北市,士林區,三玉里,臺北市,3,李宏信,無黨籍及未經政黨推薦,7,
2014年直轄市長選舉,2014,臺北市,士林區,三玉里,臺北市,4,陳永昌,無黨籍及未經政黨推薦,2,
2014年直轄市長選舉,2014,臺北市,士林區,三玉里,臺北市,5,馮光遠,無黨籍及未經政黨推薦,23,
2014年直轄市長選舉,2014,臺北市,士林區,三玉里,臺北市,6,連勝文,中國國民黨,1393,
2014年直轄市長選舉,2014,臺北市,士林區,三玉里,臺北市,7,柯文哲,無黨籍及未經政黨推薦,2089,*
2014年直轄市長選舉,2014,臺北市,士林區,蘭雅里,臺北市,1,陳汝斌,三等國民公義人權自救黨,7,
2014年直轄市長選舉,2014,臺北市,士林區,蘭雅里,臺北市,2,趙衍慶,無黨籍及未經政黨推薦,51,
2014年直轄市長選舉,2014,臺北市,士林區,蘭雅里,臺北市,3,李宏信,無黨籍及未經政黨推薦,11,
2014年直轄市長選舉,2014,臺北市,士林區,蘭雅里,臺北市,4,陳永昌,無黨籍及未經政黨推薦,6,
2014年直轄市長選舉,2014,臺北市,士林區,蘭雅里,臺北市,5,馮光遠,無黨籍及未經政黨推薦,23,
2014年直轄市長選舉,2014,臺北市,士林區,蘭雅里,臺北市,6,連勝文,中國國民黨,1978,
2014年直轄市長選舉,2014,臺北市,士林區,蘭雅里,臺北市,7,柯文哲,無黨籍及未經政黨推薦,3146,*
2014年直轄市長選舉,2014,臺北市,士林區,蘭興里,臺北市,1,陳汝斌,三等國民公義人權自救黨,6,
2014年直轄市長選舉,2014,臺北市,士林區,蘭興里,臺北市,2,趙衍慶,無黨籍及未經政黨推薦,36,
2014年直轄市長選舉,2014,臺北市,士林區,蘭興里,臺北市,3,李宏信,無黨籍及未經政黨推薦,4,
2014年直轄市長選舉,2014,臺北市,士林區,蘭興里,臺北市,4,陳永昌,無黨籍及未經政黨推薦,1,
2014年直轄市長選舉,2014,臺北市,士林區,蘭興里,臺北市,5,馮光遠,無黨籍及未經政黨推薦,25,
2014年直轄市長選舉,2014,臺北市,士林區,蘭興里,臺北市,6,連勝文,中國國民黨,1445,
2014年直轄市長選舉,2014,臺北市,士林區,蘭興里,臺北市,7,柯文哲,無黨籍及未經政黨推薦,2429,*
2014年直轄市長選舉,2014,臺北市,士林區,天福里,臺北市,1,陳汝斌,三等國民公義人權自救黨,0,
2014年直轄市長選舉,2014,臺北市,士林區,天福里,臺北市,2,趙衍慶,無黨籍及未經政黨推薦,35,
2014年直轄市長選舉,2014,臺北市,士林區,天福里,臺北市,3,李宏信,無黨籍及未經政黨推薦,9,
2014年直轄市長選舉,2014,臺北市,士林區,天福里,臺北市,4,陳永昌,無黨籍及未經政黨推薦,3,
2014年直轄市長選舉,2014,臺北市,士林區,天福里,臺北市,5,馮光遠,無黨籍及未經政黨推薦,20,
2014年直轄市長選舉,2014,臺北市,士林區,天福里,臺北市,6,連勝文,中國國民黨,1450,
2014年直轄市長選舉,2014,臺北市,士林區,天福里,臺北市,7,柯文哲,無黨籍及未經政黨推薦,2127,*
2014年直轄市長選舉,2014,臺北市,士林區,天祿里,臺北市,1,陳汝斌,三等國民公義人權自救黨,1,
2014年直轄市長選舉,2014,臺北市,士林區,天祿里,臺北市,2,趙衍慶,無黨籍及未經政黨推薦,28,
2014年直轄市長選舉,2014,臺北市,士林區,天祿里,臺北市,3,李宏信,無黨籍及未經政黨推薦,6,
2014年直轄市長選舉,2014,臺北市,士林區,天祿里,臺北市,4,陳永昌,無黨籍及未經政黨推薦,3,
2014年直轄市長選舉,2014,臺北市,士林區,天祿里,臺北市,5,馮光遠,無黨籍及未經政黨推薦,15,
2014年直轄市長選舉,2014,臺北市,士林區,天祿里,臺北市,6,連勝文,中國國民黨,1137,
2014年直轄市長選舉,2014,臺北市,士林區,天祿里,臺北市,7,柯文哲,無黨籍及未經政黨推薦,1955,*
2014年直轄市長選舉,2014,臺北市,士林區,天壽里,臺北市,1,陳汝斌,三等國民公義人權自救黨,4,
2014年直轄市長選舉,2014,臺北市,士林區,天壽里,臺北市,2,趙衍慶,無黨籍及未經政黨推薦,35,
2014年直轄市長選舉,2014,臺北市,士林區,天壽里,臺北市,3,李宏信,無黨籍及未經政黨推薦,4,
2014年直轄市長選舉,2014,臺北市,士林區,天壽里,臺北市,4,陳永昌,無黨籍及未經政黨推薦,2,
2014年直轄市長選舉,2014,臺北市,士林區,天壽里,臺北市,5,馮光遠,無黨籍及未經政黨推薦,13,
2014年直轄市長選舉,2014,臺北市,士林區,天壽里,臺北市,6,連勝文,中國國民黨,1205,
2014年直轄市長選舉,2014,臺北市,士林區,天壽里,臺北市,7,柯文哲,無黨籍及未經政黨推薦,1739,*
2014年直轄市長選舉,2014,臺北市,士林區,天和里,臺北市,1,陳汝斌,三等國民公義人權自救黨,6,
2014年直轄市長選舉,2014,臺北市,士林區,天和里,臺北市,2,趙衍慶,無黨籍及未經政黨推薦,43,
2014年直轄市長選舉,2014,臺北市,士林區,天和里,臺北市,3,李宏信,無黨籍及未經政黨推薦,6,
2014年直轄市長選舉,2014,臺北市,士林區,天和里,臺北市,4,陳永昌,無黨籍及未經政黨推薦,4,
2014年直轄市長選舉,2014,臺北市,士林區,天和里,臺北市,5,馮光遠,無黨籍及未經政黨推薦,30,
2014年直轄市長選舉,2014,臺北市,士林區,天和里,臺北市,6,連勝文,中國國民黨,1714,
2014年直轄市長選舉,2014,臺北市,士林區,天和里,臺北市,7,柯文哲,無黨籍及未經政黨推薦,2553,*
2014年直轄市長選舉,2014,臺北市,士林區,天山里,臺北市,1,陳汝斌,三等國民公義人權自救黨,6,
2014年直轄市長選舉,2014,臺北市,士林區,天山里,臺北市,2,趙衍慶,無黨籍及未經政黨推薦,34,
2014年直轄市長選舉,2014,臺北市,士林區,天山里,臺北市,3,李宏信,無黨籍及未經政黨推薦,6,
2014年直轄市長選舉,2014,臺北市,士林區,天山里,臺北市,4,陳永昌,無黨籍及未經政黨推薦,3,
2014年直轄市長選舉,2014,臺北市,士林區,天山里,臺北市,5,馮光遠,無黨籍及未經政黨推薦,23,
2014年直轄市長選舉,2014,臺北市,士林區,天山里,臺北市,6,連勝文,中國國民黨,1658,
2014年直轄市長選舉,2014,臺北市,士林區,天山里,臺北市,7,柯文哲,無黨籍及未經政黨推薦,2249,*
2014年直轄市長選舉,2014,臺北市,士林區,天玉里,臺北市,1,陳汝斌,三等國民公義人權自救黨,0,
2014年直轄市長選舉,2014,臺北市,士林區,天玉里,臺北市,2,趙衍慶,無黨籍及未經政黨推薦,51,
2014年直轄市長選舉,2014,臺北市,士林區,天玉里,臺北市,3,李宏信,無黨籍及未經政黨推薦,15,
2014年直轄市長選舉,2014,臺北市,士林區,天玉里,臺北市,4,陳永昌,無黨籍及未經政黨推薦,4,
2014年直轄市長選舉,2014,臺北市,士林區,天玉里,臺北市,5,馮光遠,無黨籍及未經政黨推薦,22,
2014年直轄市長選舉,2014,臺北市,士林區,天玉里,臺北市,6,連勝文,中國國民黨,2102,
2014年直轄市長選舉,2014,臺北市,士林區,天玉里,臺北市,7,柯文哲,無黨籍及未經政黨推薦,2820,*
2014年直轄市長選舉,2014,臺北市,士林區,天母里,臺北市,1,陳汝斌,三等國民公義人權自救黨,3,
2014年直轄市長選舉,2014,臺北市,士林區,天母里,臺北市,2,趙衍慶,無黨籍及未經政黨推薦,43,
2014年直轄市長選舉,2014,臺北市,士林區,天母里,臺北市,3,李宏信,無黨籍及未經政黨推薦,3,
2014年直轄市長選舉,2014,臺北市,士林區,天母里,臺北市,4,陳永昌,無黨籍及未經政黨推薦,3,
2014年直轄市長選舉,2014,臺北市,士林區,天母里,臺北市,5,馮光遠,無黨籍及未經政黨推薦,20,
2014年直轄市長選舉,2014,臺北市,士林區,天母里,臺北市,6,連勝文,中國國民黨,1571,
2014年直轄市長選舉,2014,臺北市,士林區,天母里,臺北市,7,柯文哲,無黨籍及未經政黨推薦,2191,*
2014年直轄市長選舉,2014,臺北市,士林區,永福里,臺北市,1,陳汝斌,三等國民公義人權自救黨,0,
2014年直轄市長選舉,2014,臺北市,士林區,永福里,臺北市,2,趙衍慶,無黨籍及未經政黨推薦,3,
2014年直轄市長選舉,2014,臺北市,士林區,永福里,臺北市,3,李宏信,無黨籍及未經政黨推薦,2,
2014年直轄市長選舉,2014,臺北市,士林區,永福里,臺北市,4,陳永昌,無黨籍及未經政黨推薦,2,
2014年直轄市長選舉,2014,臺北市,士林區,永福里,臺北市,5,馮光遠,無黨籍及未經政黨推薦,6,
2014年直轄市長選舉,2014,臺北市,士林區,永福里,臺北市,6,連勝文,中國國民黨,228,
2014年直轄市長選舉,2014,臺北市,士林區,永福里,臺北市,7,柯文哲,無黨籍及未經政黨推薦,562,*
2014年直轄市長選舉,2014,臺北市,士林區,公館里,臺北市,1,陳汝斌,三等國民公義人權自救黨,3,
2014年直轄市長選舉,2014,臺北市,士林區,公館里,臺北市,2,趙衍慶,無黨籍及未經政黨推薦,14,
2014年直轄市長選舉,2014,臺北市,士林區,公館里,臺北市,3,李宏信,無黨籍及未經政黨推薦,3,
2014年直轄市長選舉,2014,臺北市,士林區,公館里,臺北市,4,陳永昌,無黨籍及未經政黨推薦,0,
2014年直轄市長選舉,2014,臺北市,士林區,公館里,臺北市,5,馮光遠,無黨籍及未經政黨推薦,6,
2014年直轄市長選舉,2014,臺北市,士林區,公館里,臺北市,6,連勝文,中國國民黨,252,
2014年直轄市長選舉,2014,臺北市,士林區,公館里,臺北市,7,柯文哲,無黨籍及未經政黨推薦,686,*
2014年直轄市長選舉,2014,臺北市,士林區,新安里,臺北市,1,陳汝斌,三等國民公義人權自救黨,1,
2014年直轄市長選舉,2014,臺北市,士林區,新安里,臺北市,2,趙衍慶,無黨籍及未經政黨推薦,8,
2014年直轄市長選舉,2014,臺北市,士林區,新安里,臺北市,3,李宏信,無黨籍及未經政黨推薦,1,
2014年直轄市長選舉,2014,臺北市,士林區,新安里,臺北市,4,陳永昌,無黨籍及未經政黨推薦,2,
2014年直轄市長選舉,2014,臺北市,士林區,新安里,臺北市,5,馮光遠,無黨籍及未經政黨推薦,13,
2014年直轄市長選舉,2014,臺北市,士林區,新安里,臺北市,6,連勝文,中國國民黨,383,
2014年直轄市長選舉,2014,臺北市,士林區,新安里,臺北市,7,柯文哲,無黨籍及未經政黨推薦,836,*
2014年直轄市長選舉,2014,臺北市,士林區,陽明里,臺北市,1,陳汝斌,三等國民公義人權自救黨,6,
2014年直轄市長選舉,2014,臺北市,士林區,陽明里,臺北市,2,趙衍慶,無黨籍及未經政黨推薦,23,
2014年直轄市長選舉,2014,臺北市,士林區,陽明里,臺北市,3,李宏信,無黨籍及未經政黨推薦,3,
2014年直轄市長選舉,2014,臺北市,士林區,陽明里,臺北市,4,陳永昌,無黨籍及未經政黨推薦,1,
2014年直轄市長選舉,2014,臺北市,士林區,陽明里,臺北市,5,馮光遠,無黨籍及未經政黨推薦,8,
2014年直轄市長選舉,2014,臺北市,士林區,陽明里,臺北市,6,連勝文,中國國民黨,704,
2014年直轄市長選舉,2014,臺北市,士林區,陽明里,臺北市,7,柯文哲,無黨籍及未經政黨推薦,1139,*
2014年直轄市長選舉,2014,臺北市,士林區,菁山里,臺北市,1,陳汝斌,三等國民公義人權自救黨,3,
2014年直轄市長選舉,2014,臺北市,士林區,菁山里,臺北市,2,趙衍慶,無黨籍及未經政黨推薦,10,
2014年直轄市長選舉,2014,臺北市,士林區,菁山里,臺北市,3,李宏信,無黨籍及未經政黨推薦,1,
2014年直轄市長選舉,2014,臺北市,士林區,菁山里,臺北市,4,陳永昌,無黨籍及未經政黨推薦,2,
2014年直轄市長選舉,2014,臺北市,士林區,菁山里,臺北市,5,馮光遠,無黨籍及未經政黨推薦,5,
2014年直轄市長選舉,2014,臺北市,士林區,菁山里,臺北市,6,連勝文,中國國民黨,364,
2014年直轄市長選舉,2014,臺北市,士林區,菁山里,臺北市,7,柯文哲,無黨籍及未經政黨推薦,674,*
2014年直轄市長選舉,2014,臺北市,士林區,平等里,臺北市,1,陳汝斌,三等國民公義人權自救黨,1,
2014年直轄市長選舉,2014,臺北市,士林區,平等里,臺北市,2,趙衍慶,無黨籍及未經政黨推薦,8,
2014年直轄市長選舉,2014,臺北市,士林區,平等里,臺北市,3,李宏信,無黨籍及未經政黨推薦,5,
2014年直轄市長選舉,2014,臺北市,士林區,平等里,臺北市,4,陳永昌,無黨籍及未經政黨推薦,1,
2014年直轄市長選舉,2014,臺北市,士林區,平等里,臺北市,5,馮光遠,無黨籍及未經政黨推薦,6,
2014年直轄市長選舉,2014,臺北市,士林區,平等里,臺北市,6,連勝文,中國國民黨,216,
2014年直轄市長選舉,2014,臺北市,士林區,平等里,臺北市,7,柯文哲,無黨籍及未經政黨推薦,774,*
2014年直轄市長選舉,2014,臺北市,士林區,溪山里,臺北市,1,陳汝斌,三等國民公義人權自救黨,4,
2014年直轄市長選舉,2014,臺北市,士林區,溪山里,臺北市,2,趙衍慶,無黨籍及未經政黨推薦,12,
2014年直轄市長選舉,2014,臺北市,士林區,溪山里,臺北市,3,李宏信,無黨籍及未經政黨推薦,2,
2014年直轄市長選舉,2014,臺北市,士林區,溪山里,臺北市,4,陳永昌,無黨籍及未經政黨推薦,2,
2014年直轄市長選舉,2014,臺北市,士林區,溪山里,臺北市,5,馮光遠,無黨籍及未經政黨推薦,5,
2014年直轄市長選舉,2014,臺北市,士林區,溪山里,臺北市,6,連勝文,中國國民黨,264,
2014年直轄市長選舉,2014,臺北市,士林區,溪山里,臺北市,7,柯文哲,無黨籍及未經政黨推薦,653,*
2014年直轄市長選舉,2014,臺北市,士林區,翠山里,臺北市,1,陳汝斌,三等國民公義人權自救黨,1,
2014年直轄市長選舉,2014,臺北市,士林區,翠山里,臺北市,2,趙衍慶,無黨籍及未經政黨推薦,28,
2014年直轄市長選舉,2014,臺北市,士林區,翠山里,臺北市,3,李宏信,無黨籍及未經政黨推薦,3,
2014年直轄市長選舉,2014,臺北市,士林區,翠山里,臺北市,4,陳永昌,無黨籍及未經政黨推薦,2,
2014年直轄市長選舉,2014,臺北市,士林區,翠山里,臺北市,5,馮光遠,無黨籍及未經政黨推薦,12,
2014年直轄市長選舉,2014,臺北市,士林區,翠山里,臺北市,6,連勝文,中國國民黨,893,
2014年直轄市長選舉,2014,臺北市,士林區,翠山里,臺北市,7,柯文哲,無黨籍及未經政黨推薦,610,*
2014年直轄市長選舉,2014,臺北市,士林區,臨溪里,臺北市,1,陳汝斌,三等國民公義人權自救黨,3,
2014年直轄市長選舉,2014,臺北市,士林區,臨溪里,臺北市,2,趙衍慶,無黨籍及未經政黨推薦,14,
2014年直轄市長選舉,2014,臺北市,士林區,臨溪里,臺北市,3,李宏信,無黨籍及未經政黨推薦,3,
2014年直轄市長選舉,2014,臺北市,士林區,臨溪里,臺北市,4,陳永昌,無黨籍及未經政黨推薦,2,
2014年直轄市長選舉,2014,臺北市,士林區,臨溪里,臺北市,5,馮光遠,無黨籍及未經政黨推薦,11,
2014年直轄市長選舉,2014,臺北市,士林區,臨溪里,臺北市,6,連勝文,中國國民黨,781,
2014年直轄市長選舉,2014,臺北市,士林區,臨溪里,臺北市,7,柯文哲,無黨籍及未經政黨推薦,966,*
2014年直轄市長選舉,2014,臺北市,北投區,建民里,臺北市,1,陳汝斌,三等國民公義人權自救黨,2,
2014年直轄市長選舉,2014,臺北市,北投區,建民里,臺北市,2,趙衍慶,無黨籍及未經政黨推薦,28,
2014年直轄市長選舉,2014,臺北市,北投區,建民里,臺北市,3,李宏信,無黨籍及未經政黨推薦,6,
2014年直轄市長選舉,2014,臺北市,北投區,建民里,臺北市,4,陳永昌,無黨籍及未經政黨推薦,5,
2014年直轄市長選舉,2014,臺北市,北投區,建民里,臺北市,5,馮光遠,無黨籍及未經政黨推薦,16,
2014年直轄市長選舉,2014,臺北市,北投區,建民里,臺北市,6,連勝文,中國國民黨,884,
2014年直轄市長選舉,2014,臺北市,北投區,建民里,臺北市,7,柯文哲,無黨籍及未經政黨推薦,1659,*
2014年直轄市長選舉,2014,臺北市,北投區,文林里,臺北市,1,陳汝斌,三等國民公義人權自救黨,5,
2014年直轄市長選舉,2014,臺北市,北投區,文林里,臺北市,2,趙衍慶,無黨籍及未經政黨推薦,20,
2014年直轄市長選舉,2014,臺北市,北投區,文林里,臺北市,3,李宏信,無黨籍及未經政黨推薦,1,
2014年直轄市長選舉,2014,臺北市,北投區,文林里,臺北市,4,陳永昌,無黨籍及未經政黨推薦,2,
2014年直轄市長選舉,2014,臺北市,北投區,文林里,臺北市,5,馮光遠,無黨籍及未經政黨推薦,18,
2014年直轄市長選舉,2014,臺北市,北投區,文林里,臺北市,6,連勝文,中國國民黨,862,
2014年直轄市長選舉,2014,臺北市,北投區,文林里,臺北市,7,柯文哲,無黨籍及未經政黨推薦,1727,*
2014年直轄市長選舉,2014,臺北市,北投區,石牌里,臺北市,1,陳汝斌,三等國民公義人權自救黨,3,
2014年直轄市長選舉,2014,臺北市,北投區,石牌里,臺北市,2,趙衍慶,無黨籍及未經政黨推薦,34,
2014年直轄市長選舉,2014,臺北市,北投區,石牌里,臺北市,3,李宏信,無黨籍及未經政黨推薦,6,
2014年直轄市長選舉,2014,臺北市,北投區,石牌里,臺北市,4,陳永昌,無黨籍及未經政黨推薦,5,
2014年直轄市長選舉,2014,臺北市,北投區,石牌里,臺北市,5,馮光遠,無黨籍及未經政黨推薦,22,
2014年直轄市長選舉,2014,臺北市,北投區,石牌里,臺北市,6,連勝文,中國國民黨,1120,
2014年直轄市長選舉,2014,臺北市,北投區,石牌里,臺北市,7,柯文哲,無黨籍及未經政黨推薦,2151,*
2014年直轄市長選舉,2014,臺北市,北投區,福興里,臺北市,1,陳汝斌,三等國民公義人權自救黨,1,
2014年直轄市長選舉,2014,臺北市,北投區,福興里,臺北市,2,趙衍慶,無黨籍及未經政黨推薦,36,
2014年直轄市長選舉,2014,臺北市,北投區,福興里,臺北市,3,李宏信,無黨籍及未經政黨推薦,5,
2014年直轄市長選舉,2014,臺北市,北投區,福興里,臺北市,4,陳永昌,無黨籍及未經政黨推薦,5,
2014年直轄市長選舉,2014,臺北市,北投區,福興里,臺北市,5,馮光遠,無黨籍及未經政黨推薦,21,
2014年直轄市長選舉,2014,臺北市,北投區,福興里,臺北市,6,連勝文,中國國民黨,1485,
2014年直轄市長選舉,2014,臺北市,北投區,福興里,臺北市,7,柯文哲,無黨籍及未經政黨推薦,2600,*
2014年直轄市長選舉,2014,臺北市,北投區,榮光里,臺北市,1,陳汝斌,三等國民公義人權自救黨,2,
2014年直轄市長選舉,2014,臺北市,北投區,榮光里,臺北市,2,趙衍慶,無黨籍及未經政黨推薦,40,
2014年直轄市長選舉,2014,臺北市,北投區,榮光里,臺北市,3,李宏信,無黨籍及未經政黨推薦,3,
2014年直轄市長選舉,2014,臺北市,北投區,榮光里,臺北市,4,陳永昌,無黨籍及未經政黨推薦,2,
2014年直轄市長選舉,2014,臺北市,北投區,榮光里,臺北市,5,馮光遠,無黨籍及未經政黨推薦,26,
2014年直轄市長選舉,2014,臺北市,北投區,榮光里,臺北市,6,連勝文,中國國民黨,1653,
2014年直轄市長選舉,2014,臺北市,北投區,榮光里,臺北市,7,柯文哲,無黨籍及未經政黨推薦,2575,*
2014年直轄市長選舉,2014,臺北市,北投區,榮華里,臺北市,1,陳汝斌,三等國民公義人權自救黨,5,
2014年直轄市長選舉,2014,臺北市,北投區,榮華里,臺北市,2,趙衍慶,無黨籍及未經政黨推薦,63,
2014年直轄市長選舉,2014,臺北市,北投區,榮華里,臺北市,3,李宏信,無黨籍及未經政黨推薦,7,
2014年直轄市長選舉,2014,臺北市,北投區,榮華里,臺北市,4,陳永昌,無黨籍及未經政黨推薦,4,
2014年直轄市長選舉,2014,臺北市,北投區,榮華里,臺北市,5,馮光遠,無黨籍及未經政黨推薦,27,
2014年直轄市長選舉,2014,臺北市,北投區,榮華里,臺北市,6,連勝文,中國國民黨,1737,
2014年直轄市長選舉,2014,臺北市,北投區,榮華里,臺北市,7,柯文哲,無黨籍及未經政黨推薦,2710,*
2014年直轄市長選舉,2014,臺北市,北投區,裕民里,臺北市,1,陳汝斌,三等國民公義人權自救黨,6,
2014年直轄市長選舉,2014,臺北市,北投區,裕民里,臺北市,2,趙衍慶,無黨籍及未經政黨推薦,36,
2014年直轄市長選舉,2014,臺北市,北投區,裕民里,臺北市,3,李宏信,無黨籍及未經政黨推薦,14,
2014年直轄市長選舉,2014,臺北市,北投區,裕民里,臺北市,4,陳永昌,無黨籍及未經政黨推薦,6,
2014年直轄市長選舉,2014,臺北市,北投區,裕民里,臺北市,5,馮光遠,無黨籍及未經政黨推薦,29,
2014年直轄市長選舉,2014,臺北市,北投區,裕民里,臺北市,6,連勝文,中國國民黨,1727,
2014年直轄市長選舉,2014,臺北市,北投區,裕民里,臺北市,7,柯文哲,無黨籍及未經政黨推薦,2737,*
2014年直轄市長選舉,2014,臺北市,北投區,振華里,臺北市,1,陳汝斌,三等國民公義人權自救黨,1,
2014年直轄市長選舉,2014,臺北市,北投區,振華里,臺北市,2,趙衍慶,無黨籍及未經政黨推薦,50,
2014年直轄市長選舉,2014,臺北市,北投區,振華里,臺北市,3,李宏信,無黨籍及未經政黨推薦,8,
2014年直轄市長選舉,2014,臺北市,北投區,振華里,臺北市,4,陳永昌,無黨籍及未經政黨推薦,8,
2014年直轄市長選舉,2014,臺北市,北投區,振華里,臺北市,5,馮光遠,無黨籍及未經政黨推薦,24,
2014年直轄市長選舉,2014,臺北市,北投區,振華里,臺北市,6,連勝文,中國國民黨,1842,
2014年直轄市長選舉,2014,臺北市,北投區,振華里,臺北市,7,柯文哲,無黨籍及未經政黨推薦,2614,*
2014年直轄市長選舉,2014,臺北市,北投區,永和里,臺北市,1,陳汝斌,三等國民公義人權自救黨,6,
2014年直轄市長選舉,2014,臺北市,北投區,永和里,臺北市,2,趙衍慶,無黨籍及未經政黨推薦,49,
2014年直轄市長選舉,2014,臺北市,北投區,永和里,臺北市,3,李宏信,無黨籍及未經政黨推薦,5,
2014年直轄市長選舉,2014,臺北市,北投區,永和里,臺北市,4,陳永昌,無黨籍及未經政黨推薦,11,
2014年直轄市長選舉,2014,臺北市,北投區,永和里,臺北市,5,馮光遠,無黨籍及未經政黨推薦,28,
2014年直轄市長選舉,2014,臺北市,北投區,永和里,臺北市,6,連勝文,中國國民黨,1905,
2014年直轄市長選舉,2014,臺北市,北投區,永和里,臺北市,7,柯文哲,無黨籍及未經政黨推薦,3104,*
2014年直轄市長選舉,2014,臺北市,北投區,永欣里,臺北市,1,陳汝斌,三等國民公義人權自救黨,3,
2014年直轄市長選舉,2014,臺北市,北投區,永欣里,臺北市,2,趙衍慶,無黨籍及未經政黨推薦,43,
2014年直轄市長選舉,2014,臺北市,北投區,永欣里,臺北市,3,李宏信,無黨籍及未經政黨推薦,6,
2014年直轄市長選舉,2014,臺北市,北投區,永欣里,臺北市,4,陳永昌,無黨籍及未經政黨推薦,5,
2014年直轄市長選舉,2014,臺北市,北投區,永欣里,臺北市,5,馮光遠,無黨籍及未經政黨推薦,22,
2014年直轄市長選舉,2014,臺北市,北投區,永欣里,臺北市,6,連勝文,中國國民黨,1814,
2014年直轄市長選舉,2014,臺北市,北投區,永欣里,臺北市,7,柯文哲,無黨籍及未經政黨推薦,2397,*
2014年直轄市長選舉,2014,臺北市,北投區,永明里,臺北市,1,陳汝斌,三等國民公義人權自救黨,3,
2014年直轄市長選舉,2014,臺北市,北投區,永明里,臺北市,2,趙衍慶,無黨籍及未經政黨推薦,24,
2014年直轄市長選舉,2014,臺北市,北投區,永明里,臺北市,3,李宏信,無黨籍及未經政黨推薦,6,
2014年直轄市長選舉,2014,臺北市,北投區,永明里,臺北市,4,陳永昌,無黨籍及未經政黨推薦,3,
2014年直轄市長選舉,2014,臺北市,北投區,永明里,臺北市,5,馮光遠,無黨籍及未經政黨推薦,10,
2014年直轄市長選舉,2014,臺北市,北投區,永明里,臺北市,6,連勝文,中國國民黨,1086,
2014年直轄市長選舉,2014,臺北市,北投區,永明里,臺北市,7,柯文哲,無黨籍及未經政黨推薦,1684,*
2014年直轄市長選舉,2014,臺北市,北投區,東華里,臺北市,1,陳汝斌,三等國民公義人權自救黨,5,
2014年直轄市長選舉,2014,臺北市,北投區,東華里,臺北市,2,趙衍慶,無黨籍及未經政黨推薦,33,
2014年直轄市長選舉,2014,臺北市,北投區,東華里,臺北市,3,李宏信,無黨籍及未經政黨推薦,14,
2014年直轄市長選舉,2014,臺北市,北投區,東華里,臺北市,4,陳永昌,無黨籍及未經政黨推薦,4,
2014年直轄市長選舉,2014,臺北市,北投區,東華里,臺北市,5,馮光遠,無黨籍及未經政黨推薦,11,
2014年直轄市長選舉,2014,臺北市,北投區,東華里,臺北市,6,連勝文,中國國民黨,1176,
2014年直轄市長選舉,2014,臺北市,北投區,東華里,臺北市,7,柯文哲,無黨籍及未經政黨推薦,1521,*
2014年直轄市長選舉,2014,臺北市,北投區,吉利里,臺北市,1,陳汝斌,三等國民公義人權自救黨,2,
2014年直轄市長選舉,2014,臺北市,北投區,吉利里,臺北市,2,趙衍慶,無黨籍及未經政黨推薦,50,
2014年直轄市長選舉,2014,臺北市,北投區,吉利里,臺北市,3,李宏信,無黨籍及未經政黨推薦,8,
2014年直轄市長選舉,2014,臺北市,北投區,吉利里,臺北市,4,陳永昌,無黨籍及未經政黨推薦,5,
2014年直轄市長選舉,2014,臺北市,北投區,吉利里,臺北市,5,馮光遠,無黨籍及未經政黨推薦,23,
2014年直轄市長選舉,2014,臺北市,北投區,吉利里,臺北市,6,連勝文,中國國民黨,1681,
2014年直轄市長選舉,2014,臺北市,北投區,吉利里,臺北市,7,柯文哲,無黨籍及未經政黨推薦,2319,*
2014年直轄市長選舉,2014,臺北市,北投區,吉慶里,臺北市,1,陳汝斌,三等國民公義人權自救黨,3,
2014年直轄市長選舉,2014,臺北市,北投區,吉慶里,臺北市,2,趙衍慶,無黨籍及未經政黨推薦,26,
2014年直轄市長選舉,2014,臺北市,北投區,吉慶里,臺北市,3,李宏信,無黨籍及未經政黨推薦,1,
2014年直轄市長選舉,2014,臺北市,北投區,吉慶里,臺北市,4,陳永昌,無黨籍及未經政黨推薦,4,
2014年直轄市長選舉,2014,臺北市,北投區,吉慶里,臺北市,5,馮光遠,無黨籍及未經政黨推薦,27,
2014年直轄市長選舉,2014,臺北市,北投區,吉慶里,臺北市,6,連勝文,中國國民黨,1032,
2014年直轄市長選舉,2014,臺北市,北投區,吉慶里,臺北市,7,柯文哲,無黨籍及未經政黨推薦,2022,*
2014年直轄市長選舉,2014,臺北市,北投區,尊賢里,臺北市,1,陳汝斌,三等國民公義人權自救黨,7,
2014年直轄市長選舉,2014,臺北市,北投區,尊賢里,臺北市,2,趙衍慶,無黨籍及未經政黨推薦,32,
2014年直轄市長選舉,2014,臺北市,北投區,尊賢里,臺北市,3,李宏信,無黨籍及未經政黨推薦,2,
2014年直轄市長選舉,2014,臺北市,北投區,尊賢里,臺北市,4,陳永昌,無黨籍及未經政黨推薦,3,
2014年直轄市長選舉,2014,臺北市,北投區,尊賢里,臺北市,5,馮光遠,無黨籍及未經政黨推薦,13,
2014年直轄市長選舉,2014,臺北市,北投區,尊賢里,臺北市,6,連勝文,中國國民黨,893,
2014年直轄市長選舉,2014,臺北市,北投區,尊賢里,臺北市,7,柯文哲,無黨籍及未經政黨推薦,1822,*
2014年直轄市長選舉,2014,臺北市,北投區,立賢里,臺北市,1,陳汝斌,三等國民公義人權自救黨,3,
2014年直轄市長選舉,2014,臺北市,北投區,立賢里,臺北市,2,趙衍慶,無黨籍及未經政黨推薦,32,
2014年直轄市長選舉,2014,臺北市,北投區,立賢里,臺北市,3,李宏信,無黨籍及未經政黨推薦,2,
2014年直轄市長選舉,2014,臺北市,北投區,立賢里,臺北市,4,陳永昌,無黨籍及未經政黨推薦,1,
2014年直轄市長選舉,2014,臺北市,北投區,立賢里,臺北市,5,馮光遠,無黨籍及未經政黨推薦,14,
2014年直轄市長選舉,2014,臺北市,北投區,立賢里,臺北市,6,連勝文,中國國民黨,1096,
2014年直轄市長選舉,2014,臺北市,北投區,立賢里,臺北市,7,柯文哲,無黨籍及未經政黨推薦,2041,*
2014年直轄市長選舉,2014,臺北市,北投區,立農里,臺北市,1,陳汝斌,三等國民公義人權自救黨,12,
2014年直轄市長選舉,2014,臺北市,北投區,立農里,臺北市,2,趙衍慶,無黨籍及未經政黨推薦,58,
2014年直轄市長選舉,2014,臺北市,北投區,立農里,臺北市,3,李宏信,無黨籍及未經政黨推薦,6,
2014年直轄市長選舉,2014,臺北市,北投區,立農里,臺北市,4,陳永昌,無黨籍及未經政黨推薦,6,
2014年直轄市長選舉,2014,臺北市,北投區,立農里,臺北市,5,馮光遠,無黨籍及未經政黨推薦,29,
2014年直轄市長選舉,2014,臺北市,北投區,立農里,臺北市,6,連勝文,中國國民黨,1829,
2014年直轄市長選舉,2014,臺北市,北投區,立農里,臺北市,7,柯文哲,無黨籍及未經政黨推薦,3341,*
2014年直轄市長選舉,2014,臺北市,北投區,八仙里,臺北市,1,陳汝斌,三等國民公義人權自救黨,3,
2014年直轄市長選舉,2014,臺北市,北投區,八仙里,臺北市,2,趙衍慶,無黨籍及未經政黨推薦,36,
2014年直轄市長選舉,2014,臺北市,北投區,八仙里,臺北市,3,李宏信,無黨籍及未經政黨推薦,2,
2014年直轄市長選舉,2014,臺北市,北投區,八仙里,臺北市,4,陳永昌,無黨籍及未經政黨推薦,6,
2014年直轄市長選舉,2014,臺北市,北投區,八仙里,臺北市,5,馮光遠,無黨籍及未經政黨推薦,22,
2014年直轄市長選舉,2014,臺北市,北投區,八仙里,臺北市,6,連勝文,中國國民黨,1131,
2014年直轄市長選舉,2014,臺北市,北投區,八仙里,臺北市,7,柯文哲,無黨籍及未經政黨推薦,2030,*
2014年直轄市長選舉,2014,臺北市,北投區,洲美里,臺北市,1,陳汝斌,三等國民公義人權自救黨,2,
2014年直轄市長選舉,2014,臺北市,北投區,洲美里,臺北市,2,趙衍慶,無黨籍及未經政黨推薦,18,
2014年直轄市長選舉,2014,臺北市,北投區,洲美里,臺北市,3,李宏信,無黨籍及未經政黨推薦,3,
2014年直轄市長選舉,2014,臺北市,北投區,洲美里,臺北市,4,陳永昌,無黨籍及未經政黨推薦,1,
2014年直轄市長選舉,2014,臺北市,北投區,洲美里,臺北市,5,馮光遠,無黨籍及未經政黨推薦,6,
2014年直轄市長選舉,2014,臺北市,北投區,洲美里,臺北市,6,連勝文,中國國民黨,343,
2014年直轄市長選舉,2014,臺北市,北投區,洲美里,臺北市,7,柯文哲,無黨籍及未經政黨推薦,1097,*
2014年直轄市長選舉,2014,臺北市,北投區,奇岩里,臺北市,1,陳汝斌,三等國民公義人權自救黨,4,
2014年直轄市長選舉,2014,臺北市,北投區,奇岩里,臺北市,2,趙衍慶,無黨籍及未經政黨推薦,64,
2014年直轄市長選舉,2014,臺北市,北投區,奇岩里,臺北市,3,李宏信,無黨籍及未經政黨推薦,8,
2014年直轄市長選舉,2014,臺北市,北投區,奇岩里,臺北市,4,陳永昌,無黨籍及未經政黨推薦,7,
2014年直轄市長選舉,2014,臺北市,北投區,奇岩里,臺北市,5,馮光遠,無黨籍及未經政黨推薦,30,
2014年直轄市長選舉,2014,臺北市,北投區,奇岩里,臺北市,6,連勝文,中國國民黨,2127,
2014年直轄市長選舉,2014,臺北市,北投區,奇岩里,臺北市,7,柯文哲,無黨籍及未經政黨推薦,3501,*
2014年直轄市長選舉,2014,臺北市,北投區,清江里,臺北市,1,陳汝斌,三等國民公義人權自救黨,10,
2014年直轄市長選舉,2014,臺北市,北投區,清江里,臺北市,2,趙衍慶,無黨籍及未經政黨推薦,74,
2014年直轄市長選舉,2014,臺北市,北投區,清江里,臺北市,3,李宏信,無黨籍及未經政黨推薦,12,
2014年直轄市長選舉,2014,臺北市,北投區,清江里,臺北市,4,陳永昌,無黨籍及未經政黨推薦,5,
2014年直轄市長選舉,2014,臺北市,北投區,清江里,臺北市,5,馮光遠,無黨籍及未經政黨推薦,30,
2014年直轄市長選舉,2014,臺北市,北投區,清江里,臺北市,6,連勝文,中國國民黨,1773,
2014年直轄市長選舉,2014,臺北市,北投區,清江里,臺北市,7,柯文哲,無黨籍及未經政黨推薦,3265,*
2014年直轄市長選舉,2014,臺北市,北投區,中央里,臺北市,1,陳汝斌,三等國民公義人權自救黨,8,
2014年直轄市長選舉,2014,臺北市,北投區,中央里,臺北市,2,趙衍慶,無黨籍及未經政黨推薦,51,
2014年直轄市長選舉,2014,臺北市,北投區,中央里,臺北市,3,李宏信,無黨籍及未經政黨推薦,8,
2014年直轄市長選舉,2014,臺北市,北投區,中央里,臺北市,4,陳永昌,無黨籍及未經政黨推薦,4,
2014年直轄市長選舉,2014,臺北市,北投區,中央里,臺北市,5,馮光遠,無黨籍及未經政黨推薦,23,
2014年直轄市長選舉,2014,臺北市,北投區,中央里,臺北市,6,連勝文,中國國民黨,1706,
2014年直轄市長選舉,2014,臺北市,北投區,中央里,臺北市,7,柯文哲,無黨籍及未經政黨推薦,3449,*
2014年直轄市長選舉,2014,臺北市,北投區,長安里,臺北市,1,陳汝斌,三等國民公義人權自救黨,3,
2014年直轄市長選舉,2014,臺北市,北投區,長安里,臺北市,2,趙衍慶,無黨籍及未經政黨推薦,31,
2014年直轄市長選舉,2014,臺北市,北投區,長安里,臺北市,3,李宏信,無黨籍及未經政黨推薦,3,
2014年直轄市長選舉,2014,臺北市,北投區,長安里,臺北市,4,陳永昌,無黨籍及未經政黨推薦,3,
2014年直轄市長選舉,2014,臺北市,北投區,長安里,臺北市,5,馮光遠,無黨籍及未經政黨推薦,20,
2014年直轄市長選舉,2014,臺北市,北投區,長安里,臺北市,6,連勝文,中國國民黨,1196,
2014年直轄市長選舉,2014,臺北市,北投區,長安里,臺北市,7,柯文哲,無黨籍及未經政黨推薦,2145,*
2014年直轄市長選舉,2014,臺北市,北投區,大同里,臺北市,1,陳汝斌,三等國民公義人權自救黨,5,
2014年直轄市長選舉,2014,臺北市,北投區,大同里,臺北市,2,趙衍慶,無黨籍及未經政黨推薦,26,
2014年直轄市長選舉,2014,臺北市,北投區,大同里,臺北市,3,李宏信,無黨籍及未經政黨推薦,8,
2014年直轄市長選舉,2014,臺北市,北投區,大同里,臺北市,4,陳永昌,無黨籍及未經政黨推薦,0,
2014年直轄市長選舉,2014,臺北市,北投區,大同里,臺北市,5,馮光遠,無黨籍及未經政黨推薦,18,
2014年直轄市長選舉,2014,臺北市,北投區,大同里,臺北市,6,連勝文,中國國民黨,1132,
2014年直轄市長選舉,2014,臺北市,北投區,大同里,臺北市,7,柯文哲,無黨籍及未經政黨推薦,2354,*
2014年直轄市長選舉,2014,臺北市,北投區,溫泉里,臺北市,1,陳汝斌,三等國民公義人權自救黨,2,
2014年直轄市長選舉,2014,臺北市,北投區,溫泉里,臺北市,2,趙衍慶,無黨籍及未經政黨推薦,36,
2014年直轄市長選舉,2014,臺北市,北投區,溫泉里,臺北市,3,李宏信,無黨籍及未經政黨推薦,13,
2014年直轄市長選舉,2014,臺北市,北投區,溫泉里,臺北市,4,陳永昌,無黨籍及未經政黨推薦,13,
2014年直轄市長選舉,2014,臺北市,北投區,溫泉里,臺北市,5,馮光遠,無黨籍及未經政黨推薦,22,
2014年直轄市長選舉,2014,臺北市,北投區,溫泉里,臺北市,6,連勝文,中國國民黨,1442,
2014年直轄市長選舉,2014,臺北市,北投區,溫泉里,臺北市,7,柯文哲,無黨籍及未經政黨推薦,2480,*
2014年直轄市長選舉,2014,臺北市,北投區,林泉里,臺北市,1,陳汝斌,三等國民公義人權自救黨,1,
2014年直轄市長選舉,2014,臺北市,北投區,林泉里,臺北市,2,趙衍慶,無黨籍及未經政黨推薦,24,
2014年直轄市長選舉,2014,臺北市,北投區,林泉里,臺北市,3,李宏信,無黨籍及未經政黨推薦,3,
2014年直轄市長選舉,2014,臺北市,北投區,林泉里,臺北市,4,陳永昌,無黨籍及未經政黨推薦,4,
2014年直轄市長選舉,2014,臺北市,北投區,林泉里,臺北市,5,馮光遠,無黨籍及未經政黨推薦,7,
2014年直轄市長選舉,2014,臺北市,北投區,林泉里,臺北市,6,連勝文,中國國民黨,870,
2014年直轄市長選舉,2014,臺北市,北投區,林泉里,臺北市,7,柯文哲,無黨籍及未經政黨推薦,936,*
2014年直轄市長選舉,2014,臺北市,北投區,中心里,臺北市,1,陳汝斌,三等國民公義人權自救黨,7,
2014年直轄市長選舉,2014,臺北市,北投區,中心里,臺北市,2,趙衍慶,無黨籍及未經政黨推薦,27,
2014年直轄市長選舉,2014,臺北市,北投區,中心里,臺北市,3,李宏信,無黨籍及未經政黨推薦,10,
2014年直轄市長選舉,2014,臺北市,北投區,中心里,臺北市,4,陳永昌,無黨籍及未經政黨推薦,7,
2014年直轄市長選舉,2014,臺北市,北投區,中心里,臺北市,5,馮光遠,無黨籍及未經政黨推薦,17,
2014年直轄市長選舉,2014,臺北市,北投區,中心里,臺北市,6,連勝文,中國國民黨,1330,
2014年直轄市長選舉,2014,臺北市,北投區,中心里,臺北市,7,柯文哲,無黨籍及未經政黨推薦,2153,*
2014年直轄市長選舉,2014,臺北市,北投區,中庸里,臺北市,1,陳汝斌,三等國民公義人權自救黨,5,
2014年直轄市長選舉,2014,臺北市,北投區,中庸里,臺北市,2,趙衍慶,無黨籍及未經政黨推薦,22,
2014年直轄市長選舉,2014,臺北市,北投區,中庸里,臺北市,3,李宏信,無黨籍及未經政黨推薦,3,
2014年直轄市長選舉,2014,臺北市,北投區,中庸里,臺北市,4,陳永昌,無黨籍及未經政黨推薦,5,
2014年直轄市長選舉,2014,臺北市,北投區,中庸里,臺北市,5,馮光遠,無黨籍及未經政黨推薦,13,
2014年直轄市長選舉,2014,臺北市,北投區,中庸里,臺北市,6,連勝文,中國國民黨,887,
2014年直轄市長選舉,2014,臺北市,北投區,中庸里,臺北市,7,柯文哲,無黨籍及未經政黨推薦,1732,*
2014年直轄市長選舉,2014,臺北市,北投區,開明里,臺北市,1,陳汝斌,三等國民公義人權自救黨,6,
2014年直轄市長選舉,2014,臺北市,北投區,開明里,臺北市,2,趙衍慶,無黨籍及未經政黨推薦,47,
2014年直轄市長選舉,2014,臺北市,北投區,開明里,臺北市,3,李宏信,無黨籍及未經政黨推薦,4,
2014年直轄市長選舉,2014,臺北市,北投區,開明里,臺北市,4,陳永昌,無黨籍及未經政黨推薦,9,
2014年直轄市長選舉,2014,臺北市,北投區,開明里,臺北市,5,馮光遠,無黨籍及未經政黨推薦,23,
2014年直轄市長選舉,2014,臺北市,北投區,開明里,臺北市,6,連勝文,中國國民黨,1624,
2014年直轄市長選舉,2014,臺北市,北投區,開明里,臺北市,7,柯文哲,無黨籍及未經政黨推薦,2266,*
2014年直轄市長選舉,2014,臺北市,北投區,中和里,臺北市,1,陳汝斌,三等國民公義人權自救黨,5,
2014年直轄市長選舉,2014,臺北市,北投區,中和里,臺北市,2,趙衍慶,無黨籍及未經政黨推薦,37,
2014年直轄市長選舉,2014,臺北市,北投區,中和里,臺北市,3,李宏信,無黨籍及未經政黨推薦,5,
2014年直轄市長選舉,2014,臺北市,北投區,中和里,臺北市,4,陳永昌,無黨籍及未經政黨推薦,4,
2014年直轄市長選舉,2014,臺北市,北投區,中和里,臺北市,5,馮光遠,無黨籍及未經政黨推薦,15,
2014年直轄市長選舉,2014,臺北市,北投區,中和里,臺北市,6,連勝文,中國國民黨,1246,
2014年直轄市長選舉,2014,臺北市,北投區,中和里,臺北市,7,柯文哲,無黨籍及未經政黨推薦,1698,*
2014年直轄市長選舉,2014,臺北市,北投區,智仁里,臺北市,1,陳汝斌,三等國民公義人權自救黨,9,
2014年直轄市長選舉,2014,臺北市,北投區,智仁里,臺北市,2,趙衍慶,無黨籍及未經政黨推薦,43,
2014年直轄市長選舉,2014,臺北市,北投區,智仁里,臺北市,3,李宏信,無黨籍及未經政黨推薦,2,
2014年直轄市長選舉,2014,臺北市,北投區,智仁里,臺北市,4,陳永昌,無黨籍及未經政黨推薦,2,
2014年直轄市長選舉,2014,臺北市,北投區,智仁里,臺北市,5,馮光遠,無黨籍及未經政黨推薦,20,
2014年直轄市長選舉,2014,臺北市,北投區,智仁里,臺北市,6,連勝文,中國國民黨,1523,
2014年直轄市長選舉,2014,臺北市,北投區,智仁里,臺北市,7,柯文哲,無黨籍及未經政黨推薦,2103,*
2014年直轄市長選舉,2014,臺北市,北投區,秀山里,臺北市,1,陳汝斌,三等國民公義人權自救黨,4,
2014年直轄市長選舉,2014,臺北市,北投區,秀山里,臺北市,2,趙衍慶,無黨籍及未經政黨推薦,25,
2014年直轄市長選舉,2014,臺北市,北投區,秀山里,臺北市,3,李宏信,無黨籍及未經政黨推薦,6,
2014年直轄市長選舉,2014,臺北市,北投區,秀山里,臺北市,4,陳永昌,無黨籍及未經政黨推薦,2,
2014年直轄市長選舉,2014,臺北市,北投區,秀山里,臺北市,5,馮光遠,無黨籍及未經政黨推薦,12,
2014年直轄市長選舉,2014,臺北市,北投區,秀山里,臺北市,6,連勝文,中國國民黨,814,
2014年直轄市長選舉,2014,臺北市,北投區,秀山里,臺北市,7,柯文哲,無黨籍及未經政黨推薦,1136,*
2014年直轄市長選舉,2014,臺北市,北投區,文化里,臺北市,1,陳汝斌,三等國民公義人權自救黨,2,
2014年直轄市長選舉,2014,臺北市,北投區,文化里,臺北市,2,趙衍慶,無黨籍及未經政黨推薦,36,
2014年直轄市長選舉,2014,臺北市,北投區,文化里,臺北市,3,李宏信,無黨籍及未經政黨推薦,2,
2014年直轄市長選舉,2014,臺北市,北投區,文化里,臺北市,4,陳永昌,無黨籍及未經政黨推薦,2,
2014年直轄市長選舉,2014,臺北市,北投區,文化里,臺北市,5,馮光遠,無黨籍及未經政黨推薦,13,
2014年直轄市長選舉,2014,臺北市,北投區,文化里,臺北市,6,連勝文,中國國民黨,1354,
2014年直轄市長選舉,2014,臺北市,北投區,文化里,臺北市,7,柯文哲,無黨籍及未經政黨推薦,1050,*
2014年直轄市長選舉,2014,臺北市,北投區,豐年里,臺北市,1,陳汝斌,三等國民公義人權自救黨,4,
2014年直轄市長選舉,2014,臺北市,北投區,豐年里,臺北市,2,趙衍慶,無黨籍及未經政黨推薦,38,
2014年直轄市長選舉,2014,臺北市,北投區,豐年里,臺北市,3,李宏信,無黨籍及未經政黨推薦,4,
2014年直轄市長選舉,2014,臺北市,北投區,豐年里,臺北市,4,陳永昌,無黨籍及未經政黨推薦,5,
2014年直轄市長選舉,2014,臺北市,北投區,豐年里,臺北市,5,馮光遠,無黨籍及未經政黨推薦,14,
2014年直轄市長選舉,2014,臺北市,北投區,豐年里,臺北市,6,連勝文,中國國民黨,1083,
2014年直轄市長選舉,2014,臺北市,北投區,豐年里,臺北市,7,柯文哲,無黨籍及未經政黨推薦,1706,*
2014年直轄市長選舉,2014,臺北市,北投區,稻香里,臺北市,1,陳汝斌,三等國民公義人權自救黨,3,
2014年直轄市長選舉,2014,臺北市,北投區,稻香里,臺北市,2,趙衍慶,無黨籍及未經政黨推薦,27,
2014年直轄市長選舉,2014,臺北市,北投區,稻香里,臺北市,3,李宏信,無黨籍及未經政黨推薦,0,
2014年直轄市長選舉,2014,臺北市,北投區,稻香里,臺北市,4,陳永昌,無黨籍及未經政黨推薦,2,
2014年直轄市長選舉,2014,臺北市,北投區,稻香里,臺北市,5,馮光遠,無黨籍及未經政黨推薦,17,
2014年直轄市長選舉,2014,臺北市,北投區,稻香里,臺北市,6,連勝文,中國國民黨,1183,
2014年直轄市長選舉,2014,臺北市,北投區,稻香里,臺北市,7,柯文哲,無黨籍及未經政黨推薦,1694,*
2014年直轄市長選舉,2014,臺北市,北投區,桃源里,臺北市,1,陳汝斌,三等國民公義人權自救黨,4,
2014年直轄市長選舉,2014,臺北市,北投區,桃源里,臺北市,2,趙衍慶,無黨籍及未經政黨推薦,41,
2014年直轄市長選舉,2014,臺北市,北投區,桃源里,臺北市,3,李宏信,無黨籍及未經政黨推薦,13,
2014年直轄市長選舉,2014,臺北市,北投區,桃源里,臺北市,4,陳永昌,無黨籍及未經政黨推薦,8,
2014年直轄市長選舉,2014,臺北市,北投區,桃源里,臺北市,5,馮光遠,無黨籍及未經政黨推薦,32,
2014年直轄市長選舉,2014,臺北市,北投區,桃源里,臺北市,6,連勝文,中國國民黨,1267,
2014年直轄市長選舉,2014,臺北市,北投區,桃源里,臺北市,7,柯文哲,無黨籍及未經政黨推薦,2336,*
2014年直轄市長選舉,2014,臺北市,北投區,一德里,臺北市,1,陳汝斌,三等國民公義人權自救黨,4,
2014年直轄市長選舉,2014,臺北市,北投區,一德里,臺北市,2,趙衍慶,無黨籍及未經政黨推薦,28,
2014年直轄市長選舉,2014,臺北市,北投區,一德里,臺北市,3,李宏信,無黨籍及未經政黨推薦,8,
2014年直轄市長選舉,2014,臺北市,北投區,一德里,臺北市,4,陳永昌,無黨籍及未經政黨推薦,8,
2014年直轄市長選舉,2014,臺北市,北投區,一德里,臺北市,5,馮光遠,無黨籍及未經政黨推薦,22,
2014年直轄市長選舉,2014,臺北市,北投區,一德里,臺北市,6,連勝文,中國國民黨,1345,
2014年直轄市長選舉,2014,臺北市,北投區,一德里,臺北市,7,柯文哲,無黨籍及未經政黨推薦,2817,*
2014年直轄市長選舉,2014,臺北市,北投區,關渡里,臺北市,1,陳汝斌,三等國民公義人權自救黨,9,
2014年直轄市長選舉,2014,臺北市,北投區,關渡里,臺北市,2,趙衍慶,無黨籍及未經政黨推薦,69,
2014年直轄市長選舉,2014,臺北市,北投區,關渡里,臺北市,3,李宏信,無黨籍及未經政黨推薦,10,
2014年直轄市長選舉,2014,臺北市,北投區,關渡里,臺北市,4,陳永昌,無黨籍及未經政黨推薦,15,
2014年直轄市長選舉,2014,臺北市,北投區,關渡里,臺北市,5,馮光遠,無黨籍及未經政黨推薦,25,
2014年直轄市長選舉,2014,臺北市,北投區,關渡里,臺北市,6,連勝文,中國國民黨,2271,
2014年直轄市長選舉,2014,臺北市,北投區,關渡里,臺北市,7,柯文哲,無黨籍及未經政黨推薦,4060,*
2014年直轄市長選舉,2014,臺北市,北投區,泉源里,臺北市,1,陳汝斌,三等國民公義人權自救黨,1,
2014年直轄市長選舉,2014,臺北市,北投區,泉源里,臺北市,2,趙衍慶,無黨籍及未經政黨推薦,19,
2014年直轄市長選舉,2014,臺北市,北投區,泉源里,臺北市,3,李宏信,無黨籍及未經政黨推薦,2,
2014年直轄市長選舉,2014,臺北市,北投區,泉源里,臺北市,4,陳永昌,無黨籍及未經政黨推薦,4,
2014年直轄市長選舉,2014,臺北市,北投區,泉源里,臺北市,5,馮光遠,無黨籍及未經政黨推薦,9,
2014年直轄市長選舉,2014,臺北市,北投區,泉源里,臺北市,6,連勝文,中國國民黨,432,
2014年直轄市長選舉,2014,臺北市,北投區,泉源里,臺北市,7,柯文哲,無黨籍及未經政黨推薦,915,*
2014年直轄市長選舉,2014,臺北市,北投區,湖山里,臺北市,1,陳汝斌,三等國民公義人權自救黨,1,
2014年直轄市長選舉,2014,臺北市,北投區,湖山里,臺北市,2,趙衍慶,無黨籍及未經政黨推薦,12,
2014年直轄市長選舉,2014,臺北市,北投區,湖山里,臺北市,3,李宏信,無黨籍及未經政黨推薦,1,
2014年直轄市長選舉,2014,臺北市,北投區,湖山里,臺北市,4,陳永昌,無黨籍及未經政黨推薦,0,
2014年直轄市長選舉,2014,臺北市,北投區,湖山里,臺北市,5,馮光遠,無黨籍及未經政黨推薦,5,
2014年直轄市長選舉,2014,臺北市,北投區,湖山里,臺北市,6,連勝文,中國國民黨,396,
2014年直轄市長選舉,2014,臺北市,北投區,湖山里,臺北市,7,柯文哲,無黨籍及未經政黨推薦,687,*
2014年直轄市長選舉,2014,臺北市,北投區,大屯里,臺北市,1,陳汝斌,三等國民公義人權自救黨,3,
2014年直轄市長選舉,2014,臺北市,北投區,大屯里,臺北市,2,趙衍慶,無黨籍及未經政黨推薦,9,
2014年直轄市長選舉,2014,臺北市,北投區,大屯里,臺北市,3,李宏信,無黨籍及未經政黨推薦,0,
2014年直轄市長選舉,2014,臺北市,北投區,大屯里,臺北市,4,陳永昌,無黨籍及未經政黨推薦,0,
2014年直轄市長選舉,2014,臺北市,北投區,大屯里,臺北市,5,馮光遠,無黨籍及未經政黨推薦,2,
2014年直轄市長選舉,2014,臺北市,北投區,大屯里,臺北市,6,連勝文,中國國民黨,173,
2014年直轄市長選舉,2014,臺北市,北投區,大屯里,臺北市,7,柯文哲,無黨籍及未經政黨推薦,507,*
2014年直轄市長選舉,2014,臺北市,北投區,湖田里,臺北市,1,陳汝斌,三等國民公義人權自救黨,2,
2014年直轄市長選舉,2014,臺北市,北投區,湖田里,臺北市,2,趙衍慶,無黨籍及未經政黨推薦,15,
2014年直轄市長選舉,2014,臺北市,北投區,湖田里,臺北市,3,李宏信,無黨籍及未經政黨推薦,5,
2014年直轄市長選舉,2014,臺北市,北投區,湖田里,臺北市,4,陳永昌,無黨籍及未經政黨推薦,0,
2014年直轄市長選舉,2014,臺北市,北投區,湖田里,臺北市,5,馮光遠,無黨籍及未經政黨推薦,8,
2014年直轄市長選舉,2014,臺北市,北投區,湖田里,臺北市,6,連勝文,中國國民黨,258,
2014年直轄市長選舉,2014,臺北市,北投區,湖田里,臺北市,7,柯文哲,無黨籍及未經政黨推薦,505,*
