選區,行政區,里,年份,選舉,候選人,政黨,得票,有效票,得票率
3,中山區,下埤里,2014,市長,陳汝斌,三等國民公義人權自救黨,2,4662,0.0429
3,中山區,下埤里,2014,市長,趙衍慶,無黨籍及未經政黨推薦,37,4662,0.7937
3,中山區,下埤里,2014,市長,李宏信,無黨籍及未經政黨推薦,8,4662,0.1716
3,中山區,下埤里,2014,市長,陳永昌,無黨籍及未經政黨推薦,6,4662,0.1287
3,中山區,下埤里,2014,市長,馮光遠,無黨籍及未經政黨推薦,25,4662,0.5363
3,中山區,下埤里,2014,市長,連勝文,中國國民黨,1653,4662,35.4569
3,中山區,下埤里,2014,市長,柯文哲,無黨籍及未經政黨推薦,2931,4662,62.87
3,中山區,下埤里,2016,立委,高士恩,大愛憲改聯盟,10,4490,0.2227
3,中山區,下埤里,2016,立委,潘建志,無黨籍及未經政黨推薦,1995,4490,44.4321
3,中山區,下埤里,2016,立委,林新凱,台灣獨立黨,24,4490,0.5345
3,中山區,下埤里,2016,立委,趙燕傑,無黨籍及未經政黨推薦,8,4490,0.1782
3,中山區,下埤里,2016,立委,邱正浩,和平鴿聯盟黨,7,4490,0.1559
3,中山區,下埤里,2016,立委,陳科引,無黨籍及未經政黨推薦,33,4490,0.735
3,中山區,下埤里,2016,立委,李晏榕,綠黨社會民主黨聯盟,583,4490,12.9844
3,中山區,下埤里,2016,立委,李成嶽,軍公教聯盟黨,11,4490,0.245
3,中山區,下埤里,2016,立委,黃麗香,無黨籍及未經政黨推薦,10,4490,0.2227
3,中山區,下埤里,2016,立委,蔣萬安,中國國民黨,1809,4490,40.2895
3,中山區,下埤里,2016,總統,朱立倫,中國國民黨,1454,4558,31.9
3,中山區,下埤里,2016,總統,蔡英文,民主進步黨,2643,4558,57.986
3,中山區,下埤里,2016,總統,宋楚瑜,親民黨,461,4558,10.1141
3,中山區,下埤里,2018,市長,吳蕚洋,無黨籍及未經政黨推薦,12,4348,0.276
3,中山區,下埤里,2018,市長,丁守中,中國國民黨,1571,4348,36.1316
3,中山區,下埤里,2018,市長,姚文智,民主進步黨,914,4348,21.0212
3,中山區,下埤里,2018,市長,柯文哲,無黨籍及未經政黨推薦,1833,4348,42.1573
3,中山區,下埤里,2018,市長,李錫錕,無黨籍及未經政黨推薦,18,4348,0.414
3,中山區,下埤里,2020,立委,何景榮,台灣民眾黨,132,5009,2.6353
3,中山區,下埤里,2020,立委,吳怡農,民主進步黨,2505,5009,50.01
3,中山區,下埤里,2020,立委,田方宇,安定力量,25,5009,0.4991
3,中山區,下埤里,2020,立委,蔣萬安,中國國民黨,2347,5009,46.8557
3,中山區,下埤里,2020,總統,宋楚瑜,親民黨,252,5034,5.006
3,中山區,下埤里,2020,總統,韓國瑜,中國國民黨,1845,5034,36.6508
3,中山區,下埤里,2020,總統,蔡英文,民主進步黨,2937,5034,58.3433
3,中山區,下埤里,2022,市長,張家豪,台灣動物保護黨,11,4146,0.2653
3,中山區,下埤里,2022,市長,王文娟,無黨籍及未經政黨推薦,1,4146,0.0241
3,中山區,下埤里,2022,市長,鄭匡宇,無黨籍及未經政黨推薦,0,4146,0.0
3,中山區,下埤里,2022,市長,黃聖峰,台澎黨,0,4146,0.0
3,中山區,下埤里,2022,市長,童文薰,無黨籍及未經政黨推薦,6,4146,0.1447
3,中山區,下埤里,2022,市長,蔣萬安,中國國民黨,1689,4146,40.7381
3,中山區,下埤里,2022,市長,蘇煥智,台灣維新,8,4146,0.193
3,中山區,下埤里,2022,市長,黃珊珊,無黨籍及未經政黨推薦,929,4146,22.4071
3,中山區,下埤里,2022,市長,施奉先,無黨籍及未經政黨推薦,0,4146,0.0
3,中山區,下埤里,2022,市長,唐新民,共和黨,0,4146,0.0
3,中山區,下埤里,2022,市長,謝立康,無黨籍及未經政黨推薦,0,4146,0.0
3,中山區,下埤里,2022,市長,陳時中,民主進步黨,1502,4146,36.2277
3,中山區,下埤里,2023,立委,吳怡農,民主進步黨,1504,2752,54.6512
3,中山區,下埤里,2023,立委,王鴻薇,中國國民黨,1234,2752,44.8401
3,中山區,下埤里,2023,立委,蕭赫麟,無黨籍及未經政黨推薦,14,2752,0.5087
3,中山區,下埤里,2024,立委,余新造,人民最大黨,10,4595,0.2176
3,中山區,下埤里,2024,立委,陳源發,無黨籍及未經政黨推薦,48,4595,1.0446
3,中山區,下埤里,2024,立委,謝佩芬,民主進步黨,2290,4595,49.8368
3,中山區,下埤里,2024,立委,高士恩,制度救世島,6,4595,0.1306
3,中山區,下埤里,2024,立委,王鴻薇,中國國民黨,2199,4595,47.8564
3,中山區,下埤里,2024,立委,楊時睿,台灣維新,26,4595,0.5658
3,中山區,下埤里,2024,立委,陳一郎,臺灣雙語無法黨,16,4595,0.3482
3,中山區,下埤里,2024,總統,柯文哲,台灣民眾黨,1075,4722,22.7658
3,中山區,下埤里,2024,總統,賴清德,民主進步黨,2011,4722,42.5879
3,中山區,下埤里,2024,總統,侯友宜,中國國民黨,1636,4722,34.6463
3,中山區,中原里,2014,市長,陳汝斌,三等國民公義人權自救黨,2,3072,0.0651
3,中山區,中原里,2014,市長,趙衍慶,無黨籍及未經政黨推薦,23,3072,0.7487
3,中山區,中原里,2014,市長,李宏信,無黨籍及未經政黨推薦,6,3072,0.1953
3,中山區,中原里,2014,市長,陳永昌,無黨籍及未經政黨推薦,5,3072,0.1628
3,中山區,中原里,2014,市長,馮光遠,無黨籍及未經政黨推薦,9,3072,0.293
3,中山區,中原里,2014,市長,連勝文,中國國民黨,1094,3072,35.612
3,中山區,中原里,2014,市長,柯文哲,無黨籍及未經政黨推薦,1933,3072,62.9232
3,中山區,中原里,2016,立委,高士恩,大愛憲改聯盟,8,2933,0.2728
3,中山區,中原里,2016,立委,潘建志,無黨籍及未經政黨推薦,1327,2933,45.2438
3,中山區,中原里,2016,立委,林新凱,台灣獨立黨,5,2933,0.1705
3,中山區,中原里,2016,立委,趙燕傑,無黨籍及未經政黨推薦,4,2933,0.1364
3,中山區,中原里,2016,立委,邱正浩,和平鴿聯盟黨,2,2933,0.0682
3,中山區,中原里,2016,立委,陳科引,無黨籍及未經政黨推薦,26,2933,0.8865
3,中山區,中原里,2016,立委,李晏榕,綠黨社會民主黨聯盟,378,2933,12.8878
3,中山區,中原里,2016,立委,李成嶽,軍公教聯盟黨,9,2933,0.3069
3,中山區,中原里,2016,立委,黃麗香,無黨籍及未經政黨推薦,10,2933,0.3409
3,中山區,中原里,2016,立委,蔣萬安,中國國民黨,1164,2933,39.6863
3,中山區,中原里,2016,總統,朱立倫,中國國民黨,945,2976,31.754
3,中山區,中原里,2016,總統,蔡英文,民主進步黨,1757,2976,59.039
3,中山區,中原里,2016,總統,宋楚瑜,親民黨,274,2976,9.207
3,中山區,中原里,2018,市長,吳蕚洋,無黨籍及未經政黨推薦,2,2983,0.067
3,中山區,中原里,2018,市長,丁守中,中國國民黨,1060,2983,35.5347
3,中山區,中原里,2018,市長,姚文智,民主進步黨,682,2983,22.8629
3,中山區,中原里,2018,市長,柯文哲,無黨籍及未經政黨推薦,1229,2983,41.2001
3,中山區,中原里,2018,市長,李錫錕,無黨籍及未經政黨推薦,10,2983,0.3352
3,中山區,中原里,2020,立委,何景榮,台灣民眾黨,100,3390,2.9499
3,中山區,中原里,2020,立委,吳怡農,民主進步黨,1741,3390,51.3569
3,中山區,中原里,2020,立委,田方宇,安定力量,18,3390,0.531
3,中山區,中原里,2020,立委,蔣萬安,中國國民黨,1531,3390,45.1622
3,中山區,中原里,2020,總統,宋楚瑜,親民黨,138,3409,4.0481
3,中山區,中原里,2020,總統,韓國瑜,中國國民黨,1239,3409,36.345
3,中山區,中原里,2020,總統,蔡英文,民主進步黨,2032,3409,59.6069
3,中山區,中原里,2022,市長,張家豪,台灣動物保護黨,6,2824,0.2125
3,中山區,中原里,2022,市長,王文娟,無黨籍及未經政黨推薦,1,2824,0.0354
3,中山區,中原里,2022,市長,鄭匡宇,無黨籍及未經政黨推薦,2,2824,0.0708
3,中山區,中原里,2022,市長,黃聖峰,台澎黨,1,2824,0.0354
3,中山區,中原里,2022,市長,童文薰,無黨籍及未經政黨推薦,9,2824,0.3187
3,中山區,中原里,2022,市長,蔣萬安,中國國民黨,1112,2824,39.3768
3,中山區,中原里,2022,市長,蘇煥智,台灣維新,4,2824,0.1416
3,中山區,中原里,2022,市長,黃珊珊,無黨籍及未經政黨推薦,590,2824,20.8924
3,中山區,中原里,2022,市長,施奉先,無黨籍及未經政黨推薦,0,2824,0.0
3,中山區,中原里,2022,市長,唐新民,共和黨,0,2824,0.0
3,中山區,中原里,2022,市長,謝立康,無黨籍及未經政黨推薦,0,2824,0.0
3,中山區,中原里,2022,市長,陳時中,民主進步黨,1099,2824,38.9164
3,中山區,中原里,2023,立委,吳怡農,民主進步黨,1023,1858,55.0592
3,中山區,中原里,2023,立委,王鴻薇,中國國民黨,825,1858,44.4026
3,中山區,中原里,2023,立委,蕭赫麟,無黨籍及未經政黨推薦,10,1858,0.5382
3,中山區,中原里,2024,立委,余新造,人民最大黨,7,2995,0.2337
3,中山區,中原里,2024,立委,陳源發,無黨籍及未經政黨推薦,30,2995,1.0017
3,中山區,中原里,2024,立委,謝佩芬,民主進步黨,1562,2995,52.1536
3,中山區,中原里,2024,立委,高士恩,制度救世島,6,2995,0.2003
3,中山區,中原里,2024,立委,王鴻薇,中國國民黨,1348,2995,45.0083
3,中山區,中原里,2024,立委,楊時睿,台灣維新,18,2995,0.601
3,中山區,中原里,2024,立委,陳一郎,臺灣雙語無法黨,24,2995,0.8013
3,中山區,中原里,2024,總統,柯文哲,台灣民眾黨,606,3093,19.5926
3,中山區,中原里,2024,總統,賴清德,民主進步黨,1423,3093,46.0071
3,中山區,中原里,2024,總統,侯友宜,中國國民黨,1064,3093,34.4003
3,中山區,中吉里,2014,市長,陳汝斌,三等國民公義人權自救黨,4,3312,0.1208
3,中山區,中吉里,2014,市長,趙衍慶,無黨籍及未經政黨推薦,25,3312,0.7548
3,中山區,中吉里,2014,市長,李宏信,無黨籍及未經政黨推薦,9,3312,0.2717
3,中山區,中吉里,2014,市長,陳永昌,無黨籍及未經政黨推薦,0,3312,0.0
3,中山區,中吉里,2014,市長,馮光遠,無黨籍及未經政黨推薦,16,3312,0.4831
3,中山區,中吉里,2014,市長,連勝文,中國國民黨,1052,3312,31.7633
3,中山區,中吉里,2014,市長,柯文哲,無黨籍及未經政黨推薦,2206,3312,66.6063
3,中山區,中吉里,2016,立委,高士恩,大愛憲改聯盟,10,3172,0.3153
3,中山區,中吉里,2016,立委,潘建志,無黨籍及未經政黨推薦,1513,3172,47.6986
3,中山區,中吉里,2016,立委,林新凱,台灣獨立黨,15,3172,0.4729
3,中山區,中吉里,2016,立委,趙燕傑,無黨籍及未經政黨推薦,5,3172,0.1576
3,中山區,中吉里,2016,立委,邱正浩,和平鴿聯盟黨,9,3172,0.2837
3,中山區,中吉里,2016,立委,陳科引,無黨籍及未經政黨推薦,33,3172,1.0404
3,中山區,中吉里,2016,立委,李晏榕,綠黨社會民主黨聯盟,403,3172,12.7049
3,中山區,中吉里,2016,立委,李成嶽,軍公教聯盟黨,5,3172,0.1576
3,中山區,中吉里,2016,立委,黃麗香,無黨籍及未經政黨推薦,15,3172,0.4729
3,中山區,中吉里,2016,立委,蔣萬安,中國國民黨,1164,3172,36.6961
3,中山區,中吉里,2016,總統,朱立倫,中國國民黨,911,3234,28.1694
3,中山區,中吉里,2016,總統,蔡英文,民主進步黨,2011,3234,62.1831
3,中山區,中吉里,2016,總統,宋楚瑜,親民黨,312,3234,9.6475
3,中山區,中吉里,2018,市長,吳蕚洋,無黨籍及未經政黨推薦,9,2978,0.3022
3,中山區,中吉里,2018,市長,丁守中,中國國民黨,952,2978,31.9678
3,中山區,中吉里,2018,市長,姚文智,民主進步黨,707,2978,23.7408
3,中山區,中吉里,2018,市長,柯文哲,無黨籍及未經政黨推薦,1299,2978,43.6199
3,中山區,中吉里,2018,市長,李錫錕,無黨籍及未經政黨推薦,11,2978,0.3694
3,中山區,中吉里,2020,立委,何景榮,台灣民眾黨,87,3572,2.4356
3,中山區,中吉里,2020,立委,吳怡農,民主進步黨,1892,3572,52.9675
3,中山區,中吉里,2020,立委,田方宇,安定力量,22,3572,0.6159
3,中山區,中吉里,2020,立委,蔣萬安,中國國民黨,1571,3572,43.981
3,中山區,中吉里,2020,總統,宋楚瑜,親民黨,156,3601,4.3321
3,中山區,中吉里,2020,總統,韓國瑜,中國國民黨,1243,3601,34.5182
3,中山區,中吉里,2020,總統,蔡英文,民主進步黨,2202,3601,61.1497
3,中山區,中吉里,2022,市長,張家豪,台灣動物保護黨,3,3004,0.0999
3,中山區,中吉里,2022,市長,王文娟,無黨籍及未經政黨推薦,0,3004,0.0
3,中山區,中吉里,2022,市長,鄭匡宇,無黨籍及未經政黨推薦,0,3004,0.0
3,中山區,中吉里,2022,市長,黃聖峰,台澎黨,0,3004,0.0
3,中山區,中吉里,2022,市長,童文薰,無黨籍及未經政黨推薦,5,3004,0.1664
3,中山區,中吉里,2022,市長,蔣萬安,中國國民黨,1086,3004,36.1518
3,中山區,中吉里,2022,市長,蘇煥智,台灣維新,3,3004,0.0999
3,中山區,中吉里,2022,市長,黃珊珊,無黨籍及未經政黨推薦,721,3004,24.0013
3,中山區,中吉里,2022,市長,施奉先,無黨籍及未經政黨推薦,1,3004,0.0333
3,中山區,中吉里,2022,市長,唐新民,共和黨,0,3004,0.0
3,中山區,中吉里,2022,市長,謝立康,無黨籍及未經政黨推薦,2,3004,0.0666
3,中山區,中吉里,2022,市長,陳時中,民主進步黨,1183,3004,39.3808
3,中山區,中吉里,2023,立委,吳怡農,民主進步黨,1124,1947,57.7298
3,中山區,中吉里,2023,立委,王鴻薇,中國國民黨,814,1947,41.8079
3,中山區,中吉里,2023,立委,蕭赫麟,無黨籍及未經政黨推薦,9,1947,0.4622
3,中山區,中吉里,2024,立委,余新造,人民最大黨,21,3304,0.6356
3,中山區,中吉里,2024,立委,陳源發,無黨籍及未經政黨推薦,41,3304,1.2409
3,中山區,中吉里,2024,立委,謝佩芬,民主進步黨,1742,3304,52.724
3,中山區,中吉里,2024,立委,高士恩,制度救世島,2,3304,0.0605
3,中山區,中吉里,2024,立委,王鴻薇,中國國民黨,1452,3304,43.9467
3,中山區,中吉里,2024,立委,楊時睿,台灣維新,28,3304,0.8475
3,中山區,中吉里,2024,立委,陳一郎,臺灣雙語無法黨,18,3304,0.5448
3,中山區,中吉里,2024,總統,柯文哲,台灣民眾黨,796,3411,23.3363
3,中山區,中吉里,2024,總統,賴清德,民主進步黨,1543,3411,45.236
3,中山區,中吉里,2024,總統,侯友宜,中國國民黨,1072,3411,31.4277
3,中山區,中央里,2014,市長,陳汝斌,三等國民公義人權自救黨,1,2156,0.0464
3,中山區,中央里,2014,市長,趙衍慶,無黨籍及未經政黨推薦,18,2156,0.8349
3,中山區,中央里,2014,市長,李宏信,無黨籍及未經政黨推薦,9,2156,0.4174
3,中山區,中央里,2014,市長,陳永昌,無黨籍及未經政黨推薦,2,2156,0.0928
3,中山區,中央里,2014,市長,馮光遠,無黨籍及未經政黨推薦,7,2156,0.3247
3,中山區,中央里,2014,市長,連勝文,中國國民黨,824,2156,38.2189
3,中山區,中央里,2014,市長,柯文哲,無黨籍及未經政黨推薦,1295,2156,60.0649
3,中山區,中央里,2016,立委,高士恩,大愛憲改聯盟,5,2022,0.2473
3,中山區,中央里,2016,立委,潘建志,無黨籍及未經政黨推薦,826,2022,40.8506
3,中山區,中央里,2016,立委,林新凱,台灣獨立黨,8,2022,0.3956
3,中山區,中央里,2016,立委,趙燕傑,無黨籍及未經政黨推薦,8,2022,0.3956
3,中山區,中央里,2016,立委,邱正浩,和平鴿聯盟黨,6,2022,0.2967
3,中山區,中央里,2016,立委,陳科引,無黨籍及未經政黨推薦,46,2022,2.275
3,中山區,中央里,2016,立委,李晏榕,綠黨社會民主黨聯盟,222,2022,10.9792
3,中山區,中央里,2016,立委,李成嶽,軍公教聯盟黨,6,2022,0.2967
3,中山區,中央里,2016,立委,黃麗香,無黨籍及未經政黨推薦,6,2022,0.2967
3,中山區,中央里,2016,立委,蔣萬安,中國國民黨,889,2022,43.9664
3,中山區,中央里,2016,總統,朱立倫,中國國民黨,708,2066,34.2691
3,中山區,中央里,2016,總統,蔡英文,民主進步黨,1133,2066,54.8403
3,中山區,中央里,2016,總統,宋楚瑜,親民黨,225,2066,10.8906
3,中山區,中央里,2018,市長,吳蕚洋,無黨籍及未經政黨推薦,8,2048,0.3906
3,中山區,中央里,2018,市長,丁守中,中國國民黨,749,2048,36.5723
3,中山區,中央里,2018,市長,姚文智,民主進步黨,359,2048,17.5293
3,中山區,中央里,2018,市長,柯文哲,無黨籍及未經政黨推薦,925,2048,45.166
3,中山區,中央里,2018,市長,李錫錕,無黨籍及未經政黨推薦,7,2048,0.3418
3,中山區,中央里,2020,立委,何景榮,台灣民眾黨,68,2349,2.8948
3,中山區,中央里,2020,立委,吳怡農,民主進步黨,1114,2349,47.4244
3,中山區,中央里,2020,立委,田方宇,安定力量,15,2349,0.6386
3,中山區,中央里,2020,立委,蔣萬安,中國國民黨,1152,2349,49.0421
3,中山區,中央里,2020,總統,宋楚瑜,親民黨,87,2353,3.6974
3,中山區,中央里,2020,總統,韓國瑜,中國國民黨,932,2353,39.609
3,中山區,中央里,2020,總統,蔡英文,民主進步黨,1334,2353,56.6936
3,中山區,中央里,2022,市長,張家豪,台灣動物保護黨,3,2020,0.1485
3,中山區,中央里,2022,市長,王文娟,無黨籍及未經政黨推薦,0,2020,0.0
3,中山區,中央里,2022,市長,鄭匡宇,無黨籍及未經政黨推薦,1,2020,0.0495
3,中山區,中央里,2022,市長,黃聖峰,台澎黨,0,2020,0.0
3,中山區,中央里,2022,市長,童文薰,無黨籍及未經政黨推薦,6,2020,0.297
3,中山區,中央里,2022,市長,蔣萬安,中國國民黨,817,2020,40.4455
3,中山區,中央里,2022,市長,蘇煥智,台灣維新,4,2020,0.198
3,中山區,中央里,2022,市長,黃珊珊,無黨籍及未經政黨推薦,480,2020,23.7624
3,中山區,中央里,2022,市長,施奉先,無黨籍及未經政黨推薦,0,2020,0.0
3,中山區,中央里,2022,市長,唐新民,共和黨,1,2020,0.0495
3,中山區,中央里,2022,市長,謝立康,無黨籍及未經政黨推薦,0,2020,0.0
3,中山區,中央里,2022,市長,陳時中,民主進步黨,708,2020,35.0495
3,中山區,中央里,2023,立委,吳怡農,民主進步黨,646,1277,50.5873
3,中山區,中央里,2023,立委,王鴻薇,中國國民黨,625,1277,48.9428
3,中山區,中央里,2023,立委,蕭赫麟,無黨籍及未經政黨推薦,6,1277,0.4699
3,中山區,中央里,2024,立委,余新造,人民最大黨,7,2194,0.3191
3,中山區,中央里,2024,立委,陳源發,無黨籍及未經政黨推薦,24,2194,1.0939
3,中山區,中央里,2024,立委,謝佩芬,民主進步黨,1058,2194,48.2224
3,中山區,中央里,2024,立委,高士恩,制度救世島,3,2194,0.1367
3,中山區,中央里,2024,立委,王鴻薇,中國國民黨,1069,2194,48.7238
3,中山區,中央里,2024,立委,楊時睿,台灣維新,21,2194,0.9572
3,中山區,中央里,2024,立委,陳一郎,臺灣雙語無法黨,12,2194,0.5469
3,中山區,中央里,2024,總統,柯文哲,台灣民眾黨,518,2266,22.8597
3,中山區,中央里,2024,總統,賴清德,民主進步黨,958,2266,42.2771
3,中山區,中央里,2024,總統,侯友宜,中國國民黨,790,2266,34.8632
3,中山區,中山里,2014,市長,陳汝斌,三等國民公義人權自救黨,6,3473,0.1728
3,中山區,中山里,2014,市長,趙衍慶,無黨籍及未經政黨推薦,42,3473,1.2093
3,中山區,中山里,2014,市長,李宏信,無黨籍及未經政黨推薦,3,3473,0.0864
3,中山區,中山里,2014,市長,陳永昌,無黨籍及未經政黨推薦,2,3473,0.0576
3,中山區,中山里,2014,市長,馮光遠,無黨籍及未經政黨推薦,16,3473,0.4607
3,中山區,中山里,2014,市長,連勝文,中國國民黨,1285,3473,36.9997
3,中山區,中山里,2014,市長,柯文哲,無黨籍及未經政黨推薦,2119,3473,61.0135
3,中山區,中山里,2016,立委,高士恩,大愛憲改聯盟,29,3385,0.8567
3,中山區,中山里,2016,立委,潘建志,無黨籍及未經政黨推薦,1333,3385,39.3796
3,中山區,中山里,2016,立委,林新凱,台灣獨立黨,21,3385,0.6204
3,中山區,中山里,2016,立委,趙燕傑,無黨籍及未經政黨推薦,8,3385,0.2363
3,中山區,中山里,2016,立委,邱正浩,和平鴿聯盟黨,13,3385,0.384
3,中山區,中山里,2016,立委,陳科引,無黨籍及未經政黨推薦,26,3385,0.7681
3,中山區,中山里,2016,立委,李晏榕,綠黨社會民主黨聯盟,518,3385,15.3028
3,中山區,中山里,2016,立委,李成嶽,軍公教聯盟黨,13,3385,0.384
3,中山區,中山里,2016,立委,黃麗香,無黨籍及未經政黨推薦,13,3385,0.384
3,中山區,中山里,2016,立委,蔣萬安,中國國民黨,1411,3385,41.6839
3,中山區,中山里,2016,總統,朱立倫,中國國民黨,1237,3670,33.7057
3,中山區,中山里,2016,總統,蔡英文,民主進步黨,2047,3670,55.7766
3,中山區,中山里,2016,總統,宋楚瑜,親民黨,386,3670,10.5177
3,中山區,中山里,2018,市長,吳蕚洋,無黨籍及未經政黨推薦,17,3573,0.4758
3,中山區,中山里,2018,市長,丁守中,中國國民黨,1313,3573,36.7478
3,中山區,中山里,2018,市長,姚文智,民主進步黨,718,3573,20.0952
3,中山區,中山里,2018,市長,柯文哲,無黨籍及未經政黨推薦,1501,3573,42.0095
3,中山區,中山里,2018,市長,李錫錕,無黨籍及未經政黨推薦,24,3573,0.6717
3,中山區,中山里,2020,立委,何景榮,台灣民眾黨,126,4253,2.9626
3,中山區,中山里,2020,立委,吳怡農,民主進步黨,2018,4253,47.4489
3,中山區,中山里,2020,立委,田方宇,安定力量,31,4253,0.7289
3,中山區,中山里,2020,立委,蔣萬安,中國國民黨,2078,4253,48.8596
3,中山區,中山里,2020,總統,宋楚瑜,親民黨,210,4313,4.869
3,中山區,中山里,2020,總統,韓國瑜,中國國民黨,1692,4313,39.2302
3,中山區,中山里,2020,總統,蔡英文,民主進步黨,2411,4313,55.9008
3,中山區,中山里,2022,市長,張家豪,台灣動物保護黨,5,3511,0.1424
3,中山區,中山里,2022,市長,王文娟,無黨籍及未經政黨推薦,3,3511,0.0854
3,中山區,中山里,2022,市長,鄭匡宇,無黨籍及未經政黨推薦,0,3511,0.0
3,中山區,中山里,2022,市長,黃聖峰,台澎黨,1,3511,0.0285
3,中山區,中山里,2022,市長,童文薰,無黨籍及未經政黨推薦,8,3511,0.2279
3,中山區,中山里,2022,市長,蔣萬安,中國國民黨,1505,3511,42.8653
3,中山區,中山里,2022,市長,蘇煥智,台灣維新,8,3511,0.2279
3,中山區,中山里,2022,市長,黃珊珊,無黨籍及未經政黨推薦,778,3511,22.1589
3,中山區,中山里,2022,市長,施奉先,無黨籍及未經政黨推薦,2,3511,0.057
3,中山區,中山里,2022,市長,唐新民,共和黨,0,3511,0.0
3,中山區,中山里,2022,市長,謝立康,無黨籍及未經政黨推薦,1,3511,0.0285
3,中山區,中山里,2022,市長,陳時中,民主進步黨,1200,3511,34.1783
3,中山區,中山里,2023,立委,吳怡農,民主進步黨,1080,2148,50.2793
3,中山區,中山里,2023,立委,王鴻薇,中國國民黨,1051,2148,48.9292
3,中山區,中山里,2023,立委,蕭赫麟,無黨籍及未經政黨推薦,17,2148,0.7914
3,中山區,中山里,2024,立委,余新造,人民最大黨,20,4021,0.4974
3,中山區,中山里,2024,立委,陳源發,無黨籍及未經政黨推薦,58,4021,1.4424
3,中山區,中山里,2024,立委,謝佩芬,民主進步黨,1877,4021,46.6799
3,中山區,中山里,2024,立委,高士恩,制度救世島,7,4021,0.1741
3,中山區,中山里,2024,立委,王鴻薇,中國國民黨,2001,4021,49.7637
3,中山區,中山里,2024,立委,楊時睿,台灣維新,30,4021,0.7461
3,中山區,中山里,2024,立委,陳一郎,臺灣雙語無法黨,28,4021,0.6963
3,中山區,中山里,2024,總統,柯文哲,台灣民眾黨,1037,4181,24.8027
3,中山區,中山里,2024,總統,賴清德,民主進步黨,1672,4181,39.9904
3,中山區,中山里,2024,總統,侯友宜,中國國民黨,1472,4181,35.2069
3,中山區,中庄里,2014,市長,陳汝斌,三等國民公義人權自救黨,1,2974,0.0336
3,中山區,中庄里,2014,市長,趙衍慶,無黨籍及未經政黨推薦,18,2974,0.6052
3,中山區,中庄里,2014,市長,李宏信,無黨籍及未經政黨推薦,5,2974,0.1681
3,中山區,中庄里,2014,市長,陳永昌,無黨籍及未經政黨推薦,1,2974,0.0336
3,中山區,中庄里,2014,市長,馮光遠,無黨籍及未經政黨推薦,15,2974,0.5044
3,中山區,中庄里,2014,市長,連勝文,中國國民黨,1020,2974,34.2972
3,中山區,中庄里,2014,市長,柯文哲,無黨籍及未經政黨推薦,1914,2974,64.3578
3,中山區,中庄里,2016,立委,高士恩,大愛憲改聯盟,17,2987,0.5691
3,中山區,中庄里,2016,立委,潘建志,無黨籍及未經政黨推薦,1305,2987,43.6893
3,中山區,中庄里,2016,立委,林新凱,台灣獨立黨,14,2987,0.4687
3,中山區,中庄里,2016,立委,趙燕傑,無黨籍及未經政黨推薦,4,2987,0.1339
3,中山區,中庄里,2016,立委,邱正浩,和平鴿聯盟黨,10,2987,0.3348
3,中山區,中庄里,2016,立委,陳科引,無黨籍及未經政黨推薦,29,2987,0.9709
3,中山區,中庄里,2016,立委,李晏榕,綠黨社會民主黨聯盟,425,2987,14.2283
3,中山區,中庄里,2016,立委,李成嶽,軍公教聯盟黨,8,2987,0.2678
3,中山區,中庄里,2016,立委,黃麗香,無黨籍及未經政黨推薦,12,2987,0.4017
3,中山區,中庄里,2016,立委,蔣萬安,中國國民黨,1163,2987,38.9354
3,中山區,中庄里,2016,總統,朱立倫,中國國民黨,918,3047,30.128
3,中山區,中庄里,2016,總統,蔡英文,民主進步黨,1792,3047,58.8119
3,中山區,中庄里,2016,總統,宋楚瑜,親民黨,337,3047,11.0601
3,中山區,中庄里,2018,市長,吳蕚洋,無黨籍及未經政黨推薦,12,2721,0.441
3,中山區,中庄里,2018,市長,丁守中,中國國民黨,887,2721,32.5983
3,中山區,中庄里,2018,市長,姚文智,民主進步黨,626,2721,23.0062
3,中山區,中庄里,2018,市長,柯文哲,無黨籍及未經政黨推薦,1178,2721,43.2929
3,中山區,中庄里,2018,市長,李錫錕,無黨籍及未經政黨推薦,18,2721,0.6615
3,中山區,中庄里,2020,立委,何景榮,台灣民眾黨,100,3265,3.0628
3,中山區,中庄里,2020,立委,吳怡農,民主進步黨,1725,3265,52.8331
3,中山區,中庄里,2020,立委,田方宇,安定力量,10,3265,0.3063
3,中山區,中庄里,2020,立委,蔣萬安,中國國民黨,1430,3265,43.7979
3,中山區,中庄里,2020,總統,宋楚瑜,親民黨,146,3285,4.4444
3,中山區,中庄里,2020,總統,韓國瑜,中國國民黨,1141,3285,34.7336
3,中山區,中庄里,2020,總統,蔡英文,民主進步黨,1998,3285,60.8219
3,中山區,中庄里,2022,市長,張家豪,台灣動物保護黨,5,2682,0.1864
3,中山區,中庄里,2022,市長,王文娟,無黨籍及未經政黨推薦,0,2682,0.0
3,中山區,中庄里,2022,市長,鄭匡宇,無黨籍及未經政黨推薦,0,2682,0.0
3,中山區,中庄里,2022,市長,黃聖峰,台澎黨,1,2682,0.0373
3,中山區,中庄里,2022,市長,童文薰,無黨籍及未經政黨推薦,5,2682,0.1864
3,中山區,中庄里,2022,市長,蔣萬安,中國國民黨,1017,2682,37.9195
3,中山區,中庄里,2022,市長,蘇煥智,台灣維新,0,2682,0.0
3,中山區,中庄里,2022,市長,黃珊珊,無黨籍及未經政黨推薦,588,2682,21.9239
3,中山區,中庄里,2022,市長,施奉先,無黨籍及未經政黨推薦,1,2682,0.0373
3,中山區,中庄里,2022,市長,唐新民,共和黨,0,2682,0.0
3,中山區,中庄里,2022,市長,謝立康,無黨籍及未經政黨推薦,2,2682,0.0746
3,中山區,中庄里,2022,市長,陳時中,民主進步黨,1063,2682,39.6346
3,中山區,中庄里,2023,立委,吳怡農,民主進步黨,987,1727,57.1511
3,中山區,中庄里,2023,立委,王鴻薇,中國國民黨,735,1727,42.5594
3,中山區,中庄里,2023,立委,蕭赫麟,無黨籍及未經政黨推薦,5,1727,0.2895
3,中山區,中庄里,2024,立委,余新造,人民最大黨,3,2993,0.1002
3,中山區,中庄里,2024,立委,陳源發,無黨籍及未經政黨推薦,33,2993,1.1026
3,中山區,中庄里,2024,立委,謝佩芬,民主進步黨,1569,2993,52.4223
3,中山區,中庄里,2024,立委,高士恩,制度救世島,3,2993,0.1002
3,中山區,中庄里,2024,立委,王鴻薇,中國國民黨,1344,2993,44.9048
3,中山區,中庄里,2024,立委,楊時睿,台灣維新,24,2993,0.8019
3,中山區,中庄里,2024,立委,陳一郎,臺灣雙語無法黨,17,2993,0.568
3,中山區,中庄里,2024,總統,柯文哲,台灣民眾黨,699,3094,22.5921
3,中山區,中庄里,2024,總統,賴清德,民主進步黨,1410,3094,45.5721
3,中山區,中庄里,2024,總統,侯友宜,中國國民黨,985,3094,31.8358
3,中山區,劍潭里,2014,市長,陳汝斌,三等國民公義人權自救黨,5,2186,0.2287
3,中山區,劍潭里,2014,市長,趙衍慶,無黨籍及未經政黨推薦,35,2186,1.6011
3,中山區,劍潭里,2014,市長,李宏信,無黨籍及未經政黨推薦,3,2186,0.1372
3,中山區,劍潭里,2014,市長,陳永昌,無黨籍及未經政黨推薦,2,2186,0.0915
3,中山區,劍潭里,2014,市長,馮光遠,無黨籍及未經政黨推薦,13,2186,0.5947
3,中山區,劍潭里,2014,市長,連勝文,中國國民黨,1490,2186,68.161
3,中山區,劍潭里,2014,市長,柯文哲,無黨籍及未經政黨推薦,638,2186,29.1857
3,中山區,劍潭里,2016,立委,高士恩,大愛憲改聯盟,8,2138,0.3742
3,中山區,劍潭里,2016,立委,潘建志,無黨籍及未經政黨推薦,336,2138,15.7156
3,中山區,劍潭里,2016,立委,林新凱,台灣獨立黨,4,2138,0.1871
3,中山區,劍潭里,2016,立委,趙燕傑,無黨籍及未經政黨推薦,5,2138,0.2339
3,中山區,劍潭里,2016,立委,邱正浩,和平鴿聯盟黨,4,2138,0.1871
3,中山區,劍潭里,2016,立委,陳科引,無黨籍及未經政黨推薦,10,2138,0.4677
3,中山區,劍潭里,2016,立委,李晏榕,綠黨社會民主黨聯盟,153,2138,7.1562
3,中山區,劍潭里,2016,立委,李成嶽,軍公教聯盟黨,9,2138,0.421
3,中山區,劍潭里,2016,立委,黃麗香,無黨籍及未經政黨推薦,9,2138,0.421
3,中山區,劍潭里,2016,立委,蔣萬安,中國國民黨,1600,2138,74.8363
3,中山區,劍潭里,2016,總統,朱立倫,中國國民黨,1382,2174,63.5695
3,中山區,劍潭里,2016,總統,蔡英文,民主進步黨,521,2174,23.965
3,中山區,劍潭里,2016,總統,宋楚瑜,親民黨,271,2174,12.4655
3,中山區,劍潭里,2018,市長,吳蕚洋,無黨籍及未經政黨推薦,4,2010,0.199
3,中山區,劍潭里,2018,市長,丁守中,中國國民黨,1317,2010,65.5224
3,中山區,劍潭里,2018,市長,姚文智,民主進步黨,115,2010,5.7214
3,中山區,劍潭里,2018,市長,柯文哲,無黨籍及未經政黨推薦,564,2010,28.0597
3,中山區,劍潭里,2018,市長,李錫錕,無黨籍及未經政黨推薦,10,2010,0.4975
3,中山區,劍潭里,2020,立委,何景榮,台灣民眾黨,40,2351,1.7014
3,中山區,劍潭里,2020,立委,吳怡農,民主進步黨,489,2351,20.7997
3,中山區,劍潭里,2020,立委,田方宇,安定力量,20,2351,0.8507
3,中山區,劍潭里,2020,立委,蔣萬安,中國國民黨,1802,2351,76.6482
3,中山區,劍潭里,2020,總統,宋楚瑜,親民黨,105,2364,4.4416
3,中山區,劍潭里,2020,總統,韓國瑜,中國國民黨,1611,2364,68.1472
3,中山區,劍潭里,2020,總統,蔡英文,民主進步黨,648,2364,27.4112
3,中山區,劍潭里,2022,市長,張家豪,台灣動物保護黨,2,2074,0.0964
3,中山區,劍潭里,2022,市長,王文娟,無黨籍及未經政黨推薦,1,2074,0.0482
3,中山區,劍潭里,2022,市長,鄭匡宇,無黨籍及未經政黨推薦,3,2074,0.1446
3,中山區,劍潭里,2022,市長,黃聖峰,台澎黨,0,2074,0.0
3,中山區,劍潭里,2022,市長,童文薰,無黨籍及未經政黨推薦,8,2074,0.3857
3,中山區,劍潭里,2022,市長,蔣萬安,中國國民黨,1411,2074,68.0328
3,中山區,劍潭里,2022,市長,蘇煥智,台灣維新,3,2074,0.1446
3,中山區,劍潭里,2022,市長,黃珊珊,無黨籍及未經政黨推薦,386,2074,18.6114
3,中山區,劍潭里,2022,市長,施奉先,無黨籍及未經政黨推薦,0,2074,0.0
3,中山區,劍潭里,2022,市長,唐新民,共和黨,3,2074,0.1446
3,中山區,劍潭里,2022,市長,謝立康,無黨籍及未經政黨推薦,0,2074,0.0
3,中山區,劍潭里,2022,市長,陳時中,民主進步黨,257,2074,12.3915
3,中山區,劍潭里,2023,立委,吳怡農,民主進步黨,279,1406,19.8435
3,中山區,劍潭里,2023,立委,王鴻薇,中國國民黨,1119,1406,79.5875
3,中山區,劍潭里,2023,立委,蕭赫麟,無黨籍及未經政黨推薦,8,1406,0.569
3,中山區,劍潭里,2024,立委,余新造,人民最大黨,7,2159,0.3242
3,中山區,劍潭里,2024,立委,陳源發,無黨籍及未經政黨推薦,18,2159,0.8337
3,中山區,劍潭里,2024,立委,謝佩芬,民主進步黨,467,2159,21.6304
3,中山區,劍潭里,2024,立委,高士恩,制度救世島,0,2159,0.0
3,中山區,劍潭里,2024,立委,王鴻薇,中國國民黨,1643,2159,76.1
3,中山區,劍潭里,2024,立委,楊時睿,台灣維新,15,2159,0.6948
3,中山區,劍潭里,2024,立委,陳一郎,臺灣雙語無法黨,9,2159,0.4169
3,中山區,劍潭里,2024,總統,柯文哲,台灣民眾黨,482,2210,21.81
3,中山區,劍潭里,2024,總統,賴清德,民主進步黨,421,2210,19.0498
3,中山區,劍潭里,2024,總統,侯友宜,中國國民黨,1307,2210,59.1403
3,中山區,力行里,2014,市長,陳汝斌,三等國民公義人權自救黨,3,3383,0.0887
3,中山區,力行里,2014,市長,趙衍慶,無黨籍及未經政黨推薦,26,3383,0.7685
3,中山區,力行里,2014,市長,李宏信,無黨籍及未經政黨推薦,2,3383,0.0591
3,中山區,力行里,2014,市長,陳永昌,無黨籍及未經政黨推薦,7,3383,0.2069
3,中山區,力行里,2014,市長,馮光遠,無黨籍及未經政黨推薦,20,3383,0.5912
3,中山區,力行里,2014,市長,連勝文,中國國民黨,1141,3383,33.7275
3,中山區,力行里,2014,市長,柯文哲,無黨籍及未經政黨推薦,2184,3383,64.5581
3,中山區,力行里,2016,立委,高士恩,大愛憲改聯盟,6,3357,0.1787
3,中山區,力行里,2016,立委,潘建志,無黨籍及未經政黨推薦,1444,3357,43.0146
3,中山區,力行里,2016,立委,林新凱,台灣獨立黨,17,3357,0.5064
3,中山區,力行里,2016,立委,趙燕傑,無黨籍及未經政黨推薦,5,3357,0.1489
3,中山區,力行里,2016,立委,邱正浩,和平鴿聯盟黨,8,3357,0.2383
3,中山區,力行里,2016,立委,陳科引,無黨籍及未經政黨推薦,35,3357,1.0426
3,中山區,力行里,2016,立委,李晏榕,綠黨社會民主黨聯盟,461,3357,13.7325
3,中山區,力行里,2016,立委,李成嶽,軍公教聯盟黨,6,3357,0.1787
3,中山區,力行里,2016,立委,黃麗香,無黨籍及未經政黨推薦,5,3357,0.1489
3,中山區,力行里,2016,立委,蔣萬安,中國國民黨,1370,3357,40.8102
3,中山區,力行里,2016,總統,朱立倫,中國國民黨,1103,3401,32.4316
3,中山區,力行里,2016,總統,蔡英文,民主進步黨,1966,3401,57.8065
3,中山區,力行里,2016,總統,宋楚瑜,親民黨,332,3401,9.7618
3,中山區,力行里,2018,市長,吳蕚洋,無黨籍及未經政黨推薦,17,3316,0.5127
3,中山區,力行里,2018,市長,丁守中,中國國民黨,1209,3316,36.4596
3,中山區,力行里,2018,市長,姚文智,民主進步黨,711,3316,21.4415
3,中山區,力行里,2018,市長,柯文哲,無黨籍及未經政黨推薦,1371,3316,41.345
3,中山區,力行里,2018,市長,李錫錕,無黨籍及未經政黨推薦,8,3316,0.2413
3,中山區,力行里,2020,立委,何景榮,台灣民眾黨,101,3940,2.5635
3,中山區,力行里,2020,立委,吳怡農,民主進步黨,1999,3940,50.736
3,中山區,力行里,2020,立委,田方宇,安定力量,23,3940,0.5838
3,中山區,力行里,2020,立委,蔣萬安,中國國民黨,1817,3940,46.1168
3,中山區,力行里,2020,總統,宋楚瑜,親民黨,153,3939,3.8842
3,中山區,力行里,2020,總統,韓國瑜,中國國民黨,1496,3939,37.9792
3,中山區,力行里,2020,總統,蔡英文,民主進步黨,2290,3939,58.1366
3,中山區,力行里,2022,市長,張家豪,台灣動物保護黨,5,3330,0.1502
3,中山區,力行里,2022,市長,王文娟,無黨籍及未經政黨推薦,0,3330,0.0
3,中山區,力行里,2022,市長,鄭匡宇,無黨籍及未經政黨推薦,0,3330,0.0
3,中山區,力行里,2022,市長,黃聖峰,台澎黨,0,3330,0.0
3,中山區,力行里,2022,市長,童文薰,無黨籍及未經政黨推薦,16,3330,0.4805
3,中山區,力行里,2022,市長,蔣萬安,中國國民黨,1315,3330,39.4895
3,中山區,力行里,2022,市長,蘇煥智,台灣維新,4,3330,0.1201
3,中山區,力行里,2022,市長,黃珊珊,無黨籍及未經政黨推薦,746,3330,22.4024
3,中山區,力行里,2022,市長,施奉先,無黨籍及未經政黨推薦,0,3330,0.0
3,中山區,力行里,2022,市長,唐新民,共和黨,1,3330,0.03
3,中山區,力行里,2022,市長,謝立康,無黨籍及未經政黨推薦,0,3330,0.0
3,中山區,力行里,2022,市長,陳時中,民主進步黨,1243,3330,37.3273
3,中山區,力行里,2023,立委,吳怡農,民主進步黨,1112,2088,53.2567
3,中山區,力行里,2023,立委,王鴻薇,中國國民黨,967,2088,46.3123
3,中山區,力行里,2023,立委,蕭赫麟,無黨籍及未經政黨推薦,9,2088,0.431
3,中山區,力行里,2024,立委,余新造,人民最大黨,13,3638,0.3573
3,中山區,力行里,2024,立委,陳源發,無黨籍及未經政黨推薦,37,3638,1.017
3,中山區,力行里,2024,立委,謝佩芬,民主進步黨,1779,3638,48.9005
3,中山區,力行里,2024,立委,高士恩,制度救世島,2,3638,0.055
3,中山區,力行里,2024,立委,王鴻薇,中國國民黨,1775,3638,48.7905
3,中山區,力行里,2024,立委,楊時睿,台灣維新,23,3638,0.6322
3,中山區,力行里,2024,立委,陳一郎,臺灣雙語無法黨,9,3638,0.2474
3,中山區,力行里,2024,總統,柯文哲,台灣民眾黨,758,3730,20.3217
3,中山區,力行里,2024,總統,賴清德,民主進步黨,1639,3730,43.941
3,中山區,力行里,2024,總統,侯友宜,中國國民黨,1333,3730,35.7373
3,中山區,北安里,2014,市長,陳汝斌,三等國民公義人權自救黨,3,1654,0.1814
3,中山區,北安里,2014,市長,趙衍慶,無黨籍及未經政黨推薦,14,1654,0.8464
3,中山區,北安里,2014,市長,李宏信,無黨籍及未經政黨推薦,1,1654,0.0605
3,中山區,北安里,2014,市長,陳永昌,無黨籍及未經政黨推薦,1,1654,0.0605
3,中山區,北安里,2014,市長,馮光遠,無黨籍及未經政黨推薦,15,1654,0.9069
3,中山區,北安里,2014,市長,連勝文,中國國民黨,815,1654,49.2745
3,中山區,北安里,2014,市長,柯文哲,無黨籍及未經政黨推薦,805,1654,48.6699
3,中山區,北安里,2016,立委,高士恩,大愛憲改聯盟,2,1524,0.1312
3,中山區,北安里,2016,立委,潘建志,無黨籍及未經政黨推薦,439,1524,28.8058
3,中山區,北安里,2016,立委,林新凱,台灣獨立黨,4,1524,0.2625
3,中山區,北安里,2016,立委,趙燕傑,無黨籍及未經政黨推薦,1,1524,0.0656
3,中山區,北安里,2016,立委,邱正浩,和平鴿聯盟黨,4,1524,0.2625
3,中山區,北安里,2016,立委,陳科引,無黨籍及未經政黨推薦,9,1524,0.5906
3,中山區,北安里,2016,立委,李晏榕,綠黨社會民主黨聯盟,186,1524,12.2047
3,中山區,北安里,2016,立委,李成嶽,軍公教聯盟黨,5,1524,0.3281
3,中山區,北安里,2016,立委,黃麗香,無黨籍及未經政黨推薦,1,1524,0.0656
3,中山區,北安里,2016,立委,蔣萬安,中國國民黨,873,1524,57.2835
3,中山區,北安里,2016,總統,朱立倫,中國國民黨,708,1546,45.7956
3,中山區,北安里,2016,總統,蔡英文,民主進步黨,667,1546,43.1436
3,中山區,北安里,2016,總統,宋楚瑜,親民黨,171,1546,11.0608
3,中山區,北安里,2018,市長,吳蕚洋,無黨籍及未經政黨推薦,5,1547,0.3232
3,中山區,北安里,2018,市長,丁守中,中國國民黨,733,1547,47.382
3,中山區,北安里,2018,市長,姚文智,民主進步黨,203,1547,13.1222
3,中山區,北安里,2018,市長,柯文哲,無黨籍及未經政黨推薦,602,1547,38.914
3,中山區,北安里,2018,市長,李錫錕,無黨籍及未經政黨推薦,4,1547,0.2586
3,中山區,北安里,2020,立委,何景榮,台灣民眾黨,41,1721,2.3823
3,中山區,北安里,2020,立委,吳怡農,民主進步黨,653,1721,37.9431
3,中山區,北安里,2020,立委,田方宇,安定力量,13,1721,0.7554
3,中山區,北安里,2020,立委,蔣萬安,中國國民黨,1014,1721,58.9192
3,中山區,北安里,2020,總統,宋楚瑜,親民黨,60,1729,3.4702
3,中山區,北安里,2020,總統,韓國瑜,中國國民黨,842,1729,48.6987
3,中山區,北安里,2020,總統,蔡英文,民主進步黨,827,1729,47.8311
3,中山區,北安里,2022,市長,張家豪,台灣動物保護黨,2,1425,0.1404
3,中山區,北安里,2022,市長,王文娟,無黨籍及未經政黨推薦,0,1425,0.0
3,中山區,北安里,2022,市長,鄭匡宇,無黨籍及未經政黨推薦,0,1425,0.0
3,中山區,北安里,2022,市長,黃聖峰,台澎黨,0,1425,0.0
3,中山區,北安里,2022,市長,童文薰,無黨籍及未經政黨推薦,1,1425,0.0702
3,中山區,北安里,2022,市長,蔣萬安,中國國民黨,728,1425,51.0877
3,中山區,北安里,2022,市長,蘇煥智,台灣維新,1,1425,0.0702
3,中山區,北安里,2022,市長,黃珊珊,無黨籍及未經政黨推薦,303,1425,21.2632
3,中山區,北安里,2022,市長,施奉先,無黨籍及未經政黨推薦,0,1425,0.0
3,中山區,北安里,2022,市長,唐新民,共和黨,0,1425,0.0
3,中山區,北安里,2022,市長,謝立康,無黨籍及未經政黨推薦,0,1425,0.0
3,中山區,北安里,2022,市長,陳時中,民主進步黨,390,1425,27.3684
3,中山區,北安里,2023,立委,吳怡農,民主進步黨,347,903,38.4275
3,中山區,北安里,2023,立委,王鴻薇,中國國民黨,548,903,60.6866
3,中山區,北安里,2023,立委,蕭赫麟,無黨籍及未經政黨推薦,8,903,0.8859
3,中山區,北安里,2024,立委,余新造,人民最大黨,6,1508,0.3979
3,中山區,北安里,2024,立委,陳源發,無黨籍及未經政黨推薦,9,1508,0.5968
3,中山區,北安里,2024,立委,謝佩芬,民主進步黨,578,1508,38.3289
3,中山區,北安里,2024,立委,高士恩,制度救世島,1,1508,0.0663
3,中山區,北安里,2024,立委,王鴻薇,中國國民黨,897,1508,59.4828
3,中山區,北安里,2024,立委,楊時睿,台灣維新,8,1508,0.5305
3,中山區,北安里,2024,立委,陳一郎,臺灣雙語無法黨,9,1508,0.5968
3,中山區,北安里,2024,總統,柯文哲,台灣民眾黨,323,1553,20.7985
3,中山區,北安里,2024,總統,賴清德,民主進步黨,547,1553,35.2222
3,中山區,北安里,2024,總統,侯友宜,中國國民黨,683,1553,43.9794
3,中山區,圓山里,2014,市長,陳汝斌,三等國民公義人權自救黨,2,2449,0.0817
3,中山區,圓山里,2014,市長,趙衍慶,無黨籍及未經政黨推薦,24,2449,0.98
3,中山區,圓山里,2014,市長,李宏信,無黨籍及未經政黨推薦,4,2449,0.1633
3,中山區,圓山里,2014,市長,陳永昌,無黨籍及未經政黨推薦,2,2449,0.0817
3,中山區,圓山里,2014,市長,馮光遠,無黨籍及未經政黨推薦,9,2449,0.3675
3,中山區,圓山里,2014,市長,連勝文,中國國民黨,898,2449,36.668
3,中山區,圓山里,2014,市長,柯文哲,無黨籍及未經政黨推薦,1510,2449,61.6578
3,中山區,圓山里,2016,立委,高士恩,大愛憲改聯盟,5,2320,0.2155
3,中山區,圓山里,2016,立委,潘建志,無黨籍及未經政黨推薦,972,2320,41.8966
3,中山區,圓山里,2016,立委,林新凱,台灣獨立黨,11,2320,0.4741
3,中山區,圓山里,2016,立委,趙燕傑,無黨籍及未經政黨推薦,5,2320,0.2155
3,中山區,圓山里,2016,立委,邱正浩,和平鴿聯盟黨,3,2320,0.1293
3,中山區,圓山里,2016,立委,陳科引,無黨籍及未經政黨推薦,17,2320,0.7328
3,中山區,圓山里,2016,立委,李晏榕,綠黨社會民主黨聯盟,314,2320,13.5345
3,中山區,圓山里,2016,立委,李成嶽,軍公教聯盟黨,13,2320,0.5603
3,中山區,圓山里,2016,立委,黃麗香,無黨籍及未經政黨推薦,16,2320,0.6897
3,中山區,圓山里,2016,立委,蔣萬安,中國國民黨,964,2320,41.5517
3,中山區,圓山里,2016,總統,朱立倫,中國國民黨,751,2367,31.7279
3,中山區,圓山里,2016,總統,蔡英文,民主進步黨,1363,2367,57.5834
3,中山區,圓山里,2016,總統,宋楚瑜,親民黨,253,2367,10.6886
3,中山區,圓山里,2018,市長,吳蕚洋,無黨籍及未經政黨推薦,11,2304,0.4774
3,中山區,圓山里,2018,市長,丁守中,中國國民黨,832,2304,36.1111
3,中山區,圓山里,2018,市長,姚文智,民主進步黨,490,2304,21.2674
3,中山區,圓山里,2018,市長,柯文哲,無黨籍及未經政黨推薦,963,2304,41.7969
3,中山區,圓山里,2018,市長,李錫錕,無黨籍及未經政黨推薦,8,2304,0.3472
3,中山區,圓山里,2020,立委,何景榮,台灣民眾黨,80,2671,2.9951
3,中山區,圓山里,2020,立委,吳怡農,民主進步黨,1341,2671,50.2059
3,中山區,圓山里,2020,立委,田方宇,安定力量,26,2671,0.9734
3,中山區,圓山里,2020,立委,蔣萬安,中國國民黨,1224,2671,45.8255
3,中山區,圓山里,2020,總統,宋楚瑜,親民黨,149,2724,5.4699
3,中山區,圓山里,2020,總統,韓國瑜,中國國民黨,1026,2724,37.6652
3,中山區,圓山里,2020,總統,蔡英文,民主進步黨,1549,2724,56.8649
3,中山區,圓山里,2022,市長,張家豪,台灣動物保護黨,2,2172,0.0921
3,中山區,圓山里,2022,市長,王文娟,無黨籍及未經政黨推薦,0,2172,0.0
3,中山區,圓山里,2022,市長,鄭匡宇,無黨籍及未經政黨推薦,1,2172,0.046
3,中山區,圓山里,2022,市長,黃聖峰,台澎黨,0,2172,0.0
3,中山區,圓山里,2022,市長,童文薰,無黨籍及未經政黨推薦,5,2172,0.2302
3,中山區,圓山里,2022,市長,蔣萬安,中國國民黨,879,2172,40.4696
3,中山區,圓山里,2022,市長,蘇煥智,台灣維新,5,2172,0.2302
3,中山區,圓山里,2022,市長,黃珊珊,無黨籍及未經政黨推薦,511,2172,23.5267
3,中山區,圓山里,2022,市長,施奉先,無黨籍及未經政黨推薦,0,2172,0.0
3,中山區,圓山里,2022,市長,唐新民,共和黨,3,2172,0.1381
3,中山區,圓山里,2022,市長,謝立康,無黨籍及未經政黨推薦,0,2172,0.0
3,中山區,圓山里,2022,市長,陳時中,民主進步黨,766,2172,35.267
3,中山區,圓山里,2023,立委,吳怡農,民主進步黨,716,1318,54.3247
3,中山區,圓山里,2023,立委,王鴻薇,中國國民黨,598,1318,45.3718
3,中山區,圓山里,2023,立委,蕭赫麟,無黨籍及未經政黨推薦,4,1318,0.3035
3,中山區,圓山里,2024,立委,余新造,人民最大黨,7,2389,0.293
3,中山區,圓山里,2024,立委,陳源發,無黨籍及未經政黨推薦,30,2389,1.2558
3,中山區,圓山里,2024,立委,謝佩芬,民主進步黨,1195,2389,50.0209
3,中山區,圓山里,2024,立委,高士恩,制度救世島,3,2389,0.1256
3,中山區,圓山里,2024,立委,王鴻薇,中國國民黨,1117,2389,46.756
3,中山區,圓山里,2024,立委,楊時睿,台灣維新,24,2389,1.0046
3,中山區,圓山里,2024,立委,陳一郎,臺灣雙語無法黨,13,2389,0.5442
3,中山區,圓山里,2024,總統,柯文哲,台灣民眾黨,587,2496,23.5176
3,中山區,圓山里,2024,總統,賴清德,民主進步黨,1067,2496,42.7484
3,中山區,圓山里,2024,總統,侯友宜,中國國民黨,842,2496,33.734
3,中山區,埤頭里,2014,市長,陳汝斌,三等國民公義人權自救黨,3,2043,0.1468
3,中山區,埤頭里,2014,市長,趙衍慶,無黨籍及未經政黨推薦,22,2043,1.0768
3,中山區,埤頭里,2014,市長,李宏信,無黨籍及未經政黨推薦,4,2043,0.1958
3,中山區,埤頭里,2014,市長,陳永昌,無黨籍及未經政黨推薦,0,2043,0.0
3,中山區,埤頭里,2014,市長,馮光遠,無黨籍及未經政黨推薦,8,2043,0.3916
3,中山區,埤頭里,2014,市長,連勝文,中國國民黨,834,2043,40.8223
3,中山區,埤頭里,2014,市長,柯文哲,無黨籍及未經政黨推薦,1172,2043,57.3666
3,中山區,埤頭里,2016,立委,高士恩,大愛憲改聯盟,12,1968,0.6098
3,中山區,埤頭里,2016,立委,潘建志,無黨籍及未經政黨推薦,786,1968,39.939
3,中山區,埤頭里,2016,立委,林新凱,台灣獨立黨,9,1968,0.4573
3,中山區,埤頭里,2016,立委,趙燕傑,無黨籍及未經政黨推薦,4,1968,0.2033
3,中山區,埤頭里,2016,立委,邱正浩,和平鴿聯盟黨,6,1968,0.3049
3,中山區,埤頭里,2016,立委,陳科引,無黨籍及未經政黨推薦,12,1968,0.6098
3,中山區,埤頭里,2016,立委,李晏榕,綠黨社會民主黨聯盟,246,1968,12.5
3,中山區,埤頭里,2016,立委,李成嶽,軍公教聯盟黨,3,1968,0.1524
3,中山區,埤頭里,2016,立委,黃麗香,無黨籍及未經政黨推薦,6,1968,0.3049
3,中山區,埤頭里,2016,立委,蔣萬安,中國國民黨,884,1968,44.9187
3,中山區,埤頭里,2016,總統,朱立倫,中國國民黨,751,2020,37.1782
3,中山區,埤頭里,2016,總統,蔡英文,民主進步黨,1090,2020,53.9604
3,中山區,埤頭里,2016,總統,宋楚瑜,親民黨,179,2020,8.8614
3,中山區,埤頭里,2018,市長,吳蕚洋,無黨籍及未經政黨推薦,8,1935,0.4134
3,中山區,埤頭里,2018,市長,丁守中,中國國民黨,775,1935,40.0517
3,中山區,埤頭里,2018,市長,姚文智,民主進步黨,353,1935,18.2429
3,中山區,埤頭里,2018,市長,柯文哲,無黨籍及未經政黨推薦,787,1935,40.6718
3,中山區,埤頭里,2018,市長,李錫錕,無黨籍及未經政黨推薦,12,1935,0.6202
3,中山區,埤頭里,2020,立委,何景榮,台灣民眾黨,68,2133,3.188
3,中山區,埤頭里,2020,立委,吳怡農,民主進步黨,1011,2133,47.398
3,中山區,埤頭里,2020,立委,田方宇,安定力量,16,2133,0.7501
3,中山區,埤頭里,2020,立委,蔣萬安,中國國民黨,1038,2133,48.6639
3,中山區,埤頭里,2020,總統,宋楚瑜,親民黨,83,2139,3.8803
3,中山區,埤頭里,2020,總統,韓國瑜,中國國民黨,875,2139,40.907
3,中山區,埤頭里,2020,總統,蔡英文,民主進步黨,1181,2139,55.2127
3,中山區,埤頭里,2022,市長,張家豪,台灣動物保護黨,1,1761,0.0568
3,中山區,埤頭里,2022,市長,王文娟,無黨籍及未經政黨推薦,0,1761,0.0
3,中山區,埤頭里,2022,市長,鄭匡宇,無黨籍及未經政黨推薦,1,1761,0.0568
3,中山區,埤頭里,2022,市長,黃聖峰,台澎黨,0,1761,0.0
3,中山區,埤頭里,2022,市長,童文薰,無黨籍及未經政黨推薦,2,1761,0.1136
3,中山區,埤頭里,2022,市長,蔣萬安,中國國民黨,773,1761,43.8955
3,中山區,埤頭里,2022,市長,蘇煥智,台灣維新,3,1761,0.1704
3,中山區,埤頭里,2022,市長,黃珊珊,無黨籍及未經政黨推薦,381,1761,21.6354
3,中山區,埤頭里,2022,市長,施奉先,無黨籍及未經政黨推薦,0,1761,0.0
3,中山區,埤頭里,2022,市長,唐新民,共和黨,0,1761,0.0
3,中山區,埤頭里,2022,市長,謝立康,無黨籍及未經政黨推薦,0,1761,0.0
3,中山區,埤頭里,2022,市長,陳時中,民主進步黨,600,1761,34.0716
3,中山區,埤頭里,2023,立委,吳怡農,民主進步黨,509,1079,47.1733
3,中山區,埤頭里,2023,立委,王鴻薇,中國國民黨,563,1079,52.1779
3,中山區,埤頭里,2023,立委,蕭赫麟,無黨籍及未經政黨推薦,7,1079,0.6487
3,中山區,埤頭里,2024,立委,余新造,人民最大黨,6,1936,0.3099
3,中山區,埤頭里,2024,立委,陳源發,無黨籍及未經政黨推薦,22,1936,1.1364
3,中山區,埤頭里,2024,立委,謝佩芬,民主進步黨,868,1936,44.8347
3,中山區,埤頭里,2024,立委,高士恩,制度救世島,1,1936,0.0517
3,中山區,埤頭里,2024,立委,王鴻薇,中國國民黨,1007,1936,52.0145
3,中山區,埤頭里,2024,立委,楊時睿,台灣維新,19,1936,0.9814
3,中山區,埤頭里,2024,立委,陳一郎,臺灣雙語無法黨,13,1936,0.6715
3,中山區,埤頭里,2024,總統,柯文哲,台灣民眾黨,408,1981,20.5957
3,中山區,埤頭里,2024,總統,賴清德,民主進步黨,790,1981,39.8788
3,中山區,埤頭里,2024,總統,侯友宜,中國國民黨,783,1981,39.5255
3,中山區,大佳里,2014,市長,陳汝斌,三等國民公義人權自救黨,1,670,0.1493
3,中山區,大佳里,2014,市長,趙衍慶,無黨籍及未經政黨推薦,4,670,0.597
3,中山區,大佳里,2014,市長,李宏信,無黨籍及未經政黨推薦,1,670,0.1493
3,中山區,大佳里,2014,市長,陳永昌,無黨籍及未經政黨推薦,2,670,0.2985
3,中山區,大佳里,2014,市長,馮光遠,無黨籍及未經政黨推薦,2,670,0.2985
3,中山區,大佳里,2014,市長,連勝文,中國國民黨,166,670,24.7761
3,中山區,大佳里,2014,市長,柯文哲,無黨籍及未經政黨推薦,494,670,73.7313
3,中山區,大佳里,2016,立委,高士恩,大愛憲改聯盟,2,617,0.3241
3,中山區,大佳里,2016,立委,潘建志,無黨籍及未經政黨推薦,334,617,54.1329
3,中山區,大佳里,2016,立委,林新凱,台灣獨立黨,4,617,0.6483
3,中山區,大佳里,2016,立委,趙燕傑,無黨籍及未經政黨推薦,1,617,0.1621
3,中山區,大佳里,2016,立委,邱正浩,和平鴿聯盟黨,2,617,0.3241
3,中山區,大佳里,2016,立委,陳科引,無黨籍及未經政黨推薦,2,617,0.3241
3,中山區,大佳里,2016,立委,李晏榕,綠黨社會民主黨聯盟,81,617,13.128
3,中山區,大佳里,2016,立委,李成嶽,軍公教聯盟黨,0,617,0.0
3,中山區,大佳里,2016,立委,黃麗香,無黨籍及未經政黨推薦,1,617,0.1621
3,中山區,大佳里,2016,立委,蔣萬安,中國國民黨,190,617,30.7942
3,中山區,大佳里,2016,總統,朱立倫,中國國民黨,117,630,18.5714
3,中山區,大佳里,2016,總統,蔡英文,民主進步黨,457,630,72.5397
3,中山區,大佳里,2016,總統,宋楚瑜,親民黨,56,630,8.8889
3,中山區,大佳里,2018,市長,吳蕚洋,無黨籍及未經政黨推薦,4,607,0.659
3,中山區,大佳里,2018,市長,丁守中,中國國民黨,170,607,28.0066
3,中山區,大佳里,2018,市長,姚文智,民主進步黨,205,607,33.7727
3,中山區,大佳里,2018,市長,柯文哲,無黨籍及未經政黨推薦,225,607,37.0675
3,中山區,大佳里,2018,市長,李錫錕,無黨籍及未經政黨推薦,3,607,0.4942
3,中山區,大佳里,2020,立委,何景榮,台灣民眾黨,21,663,3.1674
3,中山區,大佳里,2020,立委,吳怡農,民主進步黨,381,663,57.4661
3,中山區,大佳里,2020,立委,田方宇,安定力量,4,663,0.6033
3,中山區,大佳里,2020,立委,蔣萬安,中國國民黨,257,663,38.7632
3,中山區,大佳里,2020,總統,宋楚瑜,親民黨,30,669,4.4843
3,中山區,大佳里,2020,總統,韓國瑜,中國國民黨,186,669,27.8027
3,中山區,大佳里,2020,總統,蔡英文,民主進步黨,453,669,67.713
3,中山區,大佳里,2022,市長,張家豪,台灣動物保護黨,0,555,0.0
3,中山區,大佳里,2022,市長,王文娟,無黨籍及未經政黨推薦,0,555,0.0
3,中山區,大佳里,2022,市長,鄭匡宇,無黨籍及未經政黨推薦,0,555,0.0
3,中山區,大佳里,2022,市長,黃聖峰,台澎黨,0,555,0.0
3,中山區,大佳里,2022,市長,童文薰,無黨籍及未經政黨推薦,2,555,0.3604
3,中山區,大佳里,2022,市長,蔣萬安,中國國民黨,187,555,33.6937
3,中山區,大佳里,2022,市長,蘇煥智,台灣維新,0,555,0.0
3,中山區,大佳里,2022,市長,黃珊珊,無黨籍及未經政黨推薦,113,555,20.3604
3,中山區,大佳里,2022,市長,施奉先,無黨籍及未經政黨推薦,0,555,0.0
3,中山區,大佳里,2022,市長,唐新民,共和黨,0,555,0.0
3,中山區,大佳里,2022,市長,謝立康,無黨籍及未經政黨推薦,0,555,0.0
3,中山區,大佳里,2022,市長,陳時中,民主進步黨,253,555,45.5856
3,中山區,大佳里,2023,立委,吳怡農,民主進步黨,204,298,68.4564
3,中山區,大佳里,2023,立委,王鴻薇,中國國民黨,92,298,30.8725
3,中山區,大佳里,2023,立委,蕭赫麟,無黨籍及未經政黨推薦,2,298,0.6711
3,中山區,大佳里,2024,立委,余新造,人民最大黨,3,512,0.5859
3,中山區,大佳里,2024,立委,陳源發,無黨籍及未經政黨推薦,8,512,1.5625
3,中山區,大佳里,2024,立委,謝佩芬,民主進步黨,307,512,59.9609
3,中山區,大佳里,2024,立委,高士恩,制度救世島,1,512,0.1953
3,中山區,大佳里,2024,立委,王鴻薇,中國國民黨,186,512,36.3281
3,中山區,大佳里,2024,立委,楊時睿,台灣維新,5,512,0.9766
3,中山區,大佳里,2024,立委,陳一郎,臺灣雙語無法黨,2,512,0.3906
3,中山區,大佳里,2024,總統,柯文哲,台灣民眾黨,118,534,22.0974
3,中山區,大佳里,2024,總統,賴清德,民主進步黨,285,534,53.3708
3,中山區,大佳里,2024,總統,侯友宜,中國國民黨,131,534,24.5318
3,中山區,大直里,2014,市長,陳汝斌,三等國民公義人權自救黨,7,5560,0.1259
3,中山區,大直里,2014,市長,趙衍慶,無黨籍及未經政黨推薦,69,5560,1.241
3,中山區,大直里,2014,市長,李宏信,無黨籍及未經政黨推薦,13,5560,0.2338
3,中山區,大直里,2014,市長,陳永昌,無黨籍及未經政黨推薦,12,5560,0.2158
3,中山區,大直里,2014,市長,馮光遠,無黨籍及未經政黨推薦,34,5560,0.6115
3,中山區,大直里,2014,市長,連勝文,中國國民黨,2395,5560,43.0755
3,中山區,大直里,2014,市長,柯文哲,無黨籍及未經政黨推薦,3030,5560,54.4964
3,中山區,大直里,2016,立委,高士恩,大愛憲改聯盟,10,5424,0.1844
3,中山區,大直里,2016,立委,潘建志,無黨籍及未經政黨推薦,1951,5424,35.9698
3,中山區,大直里,2016,立委,林新凱,台灣獨立黨,9,5424,0.1659
3,中山區,大直里,2016,立委,趙燕傑,無黨籍及未經政黨推薦,6,5424,0.1106
3,中山區,大直里,2016,立委,邱正浩,和平鴿聯盟黨,7,5424,0.1291
3,中山區,大直里,2016,立委,陳科引,無黨籍及未經政黨推薦,47,5424,0.8665
3,中山區,大直里,2016,立委,李晏榕,綠黨社會民主黨聯盟,691,5424,12.7397
3,中山區,大直里,2016,立委,李成嶽,軍公教聯盟黨,24,5424,0.4425
3,中山區,大直里,2016,立委,黃麗香,無黨籍及未經政黨推薦,10,5424,0.1844
3,中山區,大直里,2016,立委,蔣萬安,中國國民黨,2669,5424,49.2072
3,中山區,大直里,2016,總統,朱立倫,中國國民黨,2274,5488,41.4359
3,中山區,大直里,2016,總統,蔡英文,民主進步黨,2641,5488,48.1232
3,中山區,大直里,2016,總統,宋楚瑜,親民黨,573,5488,10.441
3,中山區,大直里,2018,市長,吳蕚洋,無黨籍及未經政黨推薦,25,5011,0.4989
3,中山區,大直里,2018,市長,丁守中,中國國民黨,2130,5011,42.5065
3,中山區,大直里,2018,市長,姚文智,民主進步黨,791,5011,15.7853
3,中山區,大直里,2018,市長,柯文哲,無黨籍及未經政黨推薦,2052,5011,40.9499
3,中山區,大直里,2018,市長,李錫錕,無黨籍及未經政黨推薦,13,5011,0.2594
3,中山區,大直里,2020,立委,何景榮,台灣民眾黨,142,5831,2.4353
3,中山區,大直里,2020,立委,吳怡農,民主進步黨,2486,5831,42.6342
3,中山區,大直里,2020,立委,田方宇,安定力量,41,5831,0.7031
3,中山區,大直里,2020,立委,蔣萬安,中國國民黨,3162,5831,54.2274
3,中山區,大直里,2020,總統,宋楚瑜,親民黨,261,5835,4.473
3,中山區,大直里,2020,總統,韓國瑜,中國國民黨,2614,5835,44.7986
3,中山區,大直里,2020,總統,蔡英文,民主進步黨,2960,5835,50.7284
3,中山區,大直里,2022,市長,張家豪,台灣動物保護黨,6,4823,0.1244
3,中山區,大直里,2022,市長,王文娟,無黨籍及未經政黨推薦,1,4823,0.0207
3,中山區,大直里,2022,市長,鄭匡宇,無黨籍及未經政黨推薦,1,4823,0.0207
3,中山區,大直里,2022,市長,黃聖峰,台澎黨,0,4823,0.0
3,中山區,大直里,2022,市長,童文薰,無黨籍及未經政黨推薦,12,4823,0.2488
3,中山區,大直里,2022,市長,蔣萬安,中國國民黨,2273,4823,47.1283
3,中山區,大直里,2022,市長,蘇煥智,台灣維新,5,4823,0.1037
3,中山區,大直里,2022,市長,黃珊珊,無黨籍及未經政黨推薦,1068,4823,22.1439
3,中山區,大直里,2022,市長,施奉先,無黨籍及未經政黨推薦,1,4823,0.0207
3,中山區,大直里,2022,市長,唐新民,共和黨,3,4823,0.0622
3,中山區,大直里,2022,市長,謝立康,無黨籍及未經政黨推薦,0,4823,0.0
3,中山區,大直里,2022,市長,陳時中,民主進步黨,1453,4823,30.1265
3,中山區,大直里,2023,立委,吳怡農,民主進步黨,1333,3080,43.2792
3,中山區,大直里,2023,立委,王鴻薇,中國國民黨,1730,3080,56.1688
3,中山區,大直里,2023,立委,蕭赫麟,無黨籍及未經政黨推薦,17,3080,0.5519
3,中山區,大直里,2024,立委,余新造,人民最大黨,19,5155,0.3686
3,中山區,大直里,2024,立委,陳源發,無黨籍及未經政黨推薦,62,5155,1.2027
3,中山區,大直里,2024,立委,謝佩芬,民主進步黨,2175,5155,42.192
3,中山區,大直里,2024,立委,高士恩,制度救世島,9,5155,0.1746
3,中山區,大直里,2024,立委,王鴻薇,中國國民黨,2817,5155,54.646
3,中山區,大直里,2024,立委,楊時睿,台灣維新,40,5155,0.7759
3,中山區,大直里,2024,立委,陳一郎,臺灣雙語無法黨,33,5155,0.6402
3,中山區,大直里,2024,總統,柯文哲,台灣民眾黨,1182,5304,22.2851
3,中山區,大直里,2024,總統,賴清德,民主進步黨,1945,5304,36.6704
3,中山區,大直里,2024,總統,侯友宜,中國國民黨,2177,5304,41.0445
3,中山區,康樂里,2014,市長,陳汝斌,三等國民公義人權自救黨,1,1451,0.0689
3,中山區,康樂里,2014,市長,趙衍慶,無黨籍及未經政黨推薦,14,1451,0.9649
3,中山區,康樂里,2014,市長,李宏信,無黨籍及未經政黨推薦,4,1451,0.2757
3,中山區,康樂里,2014,市長,陳永昌,無黨籍及未經政黨推薦,2,1451,0.1378
3,中山區,康樂里,2014,市長,馮光遠,無黨籍及未經政黨推薦,6,1451,0.4135
3,中山區,康樂里,2014,市長,連勝文,中國國民黨,598,1451,41.213
3,中山區,康樂里,2014,市長,柯文哲,無黨籍及未經政黨推薦,826,1451,56.9263
3,中山區,康樂里,2016,立委,高士恩,大愛憲改聯盟,8,1403,0.5702
3,中山區,康樂里,2016,立委,潘建志,無黨籍及未經政黨推薦,516,1403,36.7783
3,中山區,康樂里,2016,立委,林新凱,台灣獨立黨,16,1403,1.1404
3,中山區,康樂里,2016,立委,趙燕傑,無黨籍及未經政黨推薦,0,1403,0.0
3,中山區,康樂里,2016,立委,邱正浩,和平鴿聯盟黨,6,1403,0.4277
3,中山區,康樂里,2016,立委,陳科引,無黨籍及未經政黨推薦,11,1403,0.784
3,中山區,康樂里,2016,立委,李晏榕,綠黨社會民主黨聯盟,175,1403,12.4733
3,中山區,康樂里,2016,立委,李成嶽,軍公教聯盟黨,5,1403,0.3564
3,中山區,康樂里,2016,立委,黃麗香,無黨籍及未經政黨推薦,19,1403,1.3542
3,中山區,康樂里,2016,立委,蔣萬安,中國國民黨,647,1403,46.1155
3,中山區,康樂里,2016,總統,朱立倫,中國國民黨,540,1420,38.0282
3,中山區,康樂里,2016,總統,蔡英文,民主進步黨,715,1420,50.3521
3,中山區,康樂里,2016,總統,宋楚瑜,親民黨,165,1420,11.6197
3,中山區,康樂里,2018,市長,吳蕚洋,無黨籍及未經政黨推薦,7,1415,0.4947
3,中山區,康樂里,2018,市長,丁守中,中國國民黨,624,1415,44.0989
3,中山區,康樂里,2018,市長,姚文智,民主進步黨,255,1415,18.0212
3,中山區,康樂里,2018,市長,柯文哲,無黨籍及未經政黨推薦,527,1415,37.2438
3,中山區,康樂里,2018,市長,李錫錕,無黨籍及未經政黨推薦,2,1415,0.1413
3,中山區,康樂里,2020,立委,何景榮,台灣民眾黨,45,1633,2.7557
3,中山區,康樂里,2020,立委,吳怡農,民主進步黨,684,1633,41.8861
3,中山區,康樂里,2020,立委,田方宇,安定力量,4,1633,0.2449
3,中山區,康樂里,2020,立委,蔣萬安,中國國民黨,900,1633,55.1133
3,中山區,康樂里,2020,總統,宋楚瑜,親民黨,67,1657,4.0435
3,中山區,康樂里,2020,總統,韓國瑜,中國國民黨,766,1657,46.2281
3,中山區,康樂里,2020,總統,蔡英文,民主進步黨,824,1657,49.7284
3,中山區,康樂里,2022,市長,張家豪,台灣動物保護黨,2,1389,0.144
3,中山區,康樂里,2022,市長,王文娟,無黨籍及未經政黨推薦,0,1389,0.0
3,中山區,康樂里,2022,市長,鄭匡宇,無黨籍及未經政黨推薦,0,1389,0.0
3,中山區,康樂里,2022,市長,黃聖峰,台澎黨,0,1389,0.0
3,中山區,康樂里,2022,市長,童文薰,無黨籍及未經政黨推薦,3,1389,0.216
3,中山區,康樂里,2022,市長,蔣萬安,中國國民黨,675,1389,48.5961
3,中山區,康樂里,2022,市長,蘇煥智,台灣維新,1,1389,0.072
3,中山區,康樂里,2022,市長,黃珊珊,無黨籍及未經政黨推薦,251,1389,18.0706
3,中山區,康樂里,2022,市長,施奉先,無黨籍及未經政黨推薦,0,1389,0.0
3,中山區,康樂里,2022,市長,唐新民,共和黨,0,1389,0.0
3,中山區,康樂里,2022,市長,謝立康,無黨籍及未經政黨推薦,0,1389,0.0
3,中山區,康樂里,2022,市長,陳時中,民主進步黨,457,1389,32.9014
3,中山區,康樂里,2023,立委,吳怡農,民主進步黨,395,878,44.9886
3,中山區,康樂里,2023,立委,王鴻薇,中國國民黨,480,878,54.6697
3,中山區,康樂里,2023,立委,蕭赫麟,無黨籍及未經政黨推薦,3,878,0.3417
3,中山區,康樂里,2024,立委,余新造,人民最大黨,5,1559,0.3207
3,中山區,康樂里,2024,立委,陳源發,無黨籍及未經政黨推薦,22,1559,1.4112
3,中山區,康樂里,2024,立委,謝佩芬,民主進步黨,677,1559,43.4253
3,中山區,康樂里,2024,立委,高士恩,制度救世島,3,1559,0.1924
3,中山區,康樂里,2024,立委,王鴻薇,中國國民黨,837,1559,53.6883
3,中山區,康樂里,2024,立委,楊時睿,台灣維新,10,1559,0.6414
3,中山區,康樂里,2024,立委,陳一郎,臺灣雙語無法黨,5,1559,0.3207
3,中山區,康樂里,2024,總統,柯文哲,台灣民眾黨,330,1620,20.3704
3,中山區,康樂里,2024,總統,賴清德,民主進步黨,630,1620,38.8889
3,中山區,康樂里,2024,總統,侯友宜,中國國民黨,660,1620,40.7407
3,中山區,復華里,2014,市長,陳汝斌,三等國民公義人權自救黨,2,2560,0.0781
3,中山區,復華里,2014,市長,趙衍慶,無黨籍及未經政黨推薦,24,2560,0.9375
3,中山區,復華里,2014,市長,李宏信,無黨籍及未經政黨推薦,4,2560,0.1562
3,中山區,復華里,2014,市長,陳永昌,無黨籍及未經政黨推薦,5,2560,0.1953
3,中山區,復華里,2014,市長,馮光遠,無黨籍及未經政黨推薦,5,2560,0.1953
3,中山區,復華里,2014,市長,連勝文,中國國民黨,1184,2560,46.25
3,中山區,復華里,2014,市長,柯文哲,無黨籍及未經政黨推薦,1336,2560,52.1875
3,中山區,復華里,2016,立委,高士恩,大愛憲改聯盟,5,2609,0.1916
3,中山區,復華里,2016,立委,潘建志,無黨籍及未經政黨推薦,919,2609,35.2242
3,中山區,復華里,2016,立委,林新凱,台灣獨立黨,12,2609,0.4599
3,中山區,復華里,2016,立委,趙燕傑,無黨籍及未經政黨推薦,5,2609,0.1916
3,中山區,復華里,2016,立委,邱正浩,和平鴿聯盟黨,2,2609,0.0767
3,中山區,復華里,2016,立委,陳科引,無黨籍及未經政黨推薦,18,2609,0.6899
3,中山區,復華里,2016,立委,李晏榕,綠黨社會民主黨聯盟,284,2609,10.8854
3,中山區,復華里,2016,立委,李成嶽,軍公教聯盟黨,8,2609,0.3066
3,中山區,復華里,2016,立委,黃麗香,無黨籍及未經政黨推薦,2,2609,0.0767
3,中山區,復華里,2016,立委,蔣萬安,中國國民黨,1354,2609,51.8973
3,中山區,復華里,2016,總統,朱立倫,中國國民黨,1092,2649,41.2231
3,中山區,復華里,2016,總統,蔡英文,民主進步黨,1273,2649,48.0559
3,中山區,復華里,2016,總統,宋楚瑜,親民黨,284,2649,10.721
3,中山區,復華里,2018,市長,吳蕚洋,無黨籍及未經政黨推薦,14,2602,0.538
3,中山區,復華里,2018,市長,丁守中,中國國民黨,1129,2602,43.3897
3,中山區,復華里,2018,市長,姚文智,民主進步黨,414,2602,15.9108
3,中山區,復華里,2018,市長,柯文哲,無黨籍及未經政黨推薦,1036,2602,39.8155
3,中山區,復華里,2018,市長,李錫錕,無黨籍及未經政黨推薦,9,2602,0.3459
3,中山區,復華里,2020,立委,何景榮,台灣民眾黨,64,2979,2.1484
3,中山區,復華里,2020,立委,吳怡農,民主進步黨,1219,2979,40.9198
3,中山區,復華里,2020,立委,田方宇,安定力量,20,2979,0.6714
3,中山區,復華里,2020,立委,蔣萬安,中國國民黨,1676,2979,56.2605
3,中山區,復華里,2020,總統,宋楚瑜,親民黨,113,2981,3.7907
3,中山區,復華里,2020,總統,韓國瑜,中國國民黨,1398,2981,46.897
3,中山區,復華里,2020,總統,蔡英文,民主進步黨,1470,2981,49.3123
3,中山區,復華里,2022,市長,張家豪,台灣動物保護黨,4,2487,0.1608
3,中山區,復華里,2022,市長,王文娟,無黨籍及未經政黨推薦,1,2487,0.0402
3,中山區,復華里,2022,市長,鄭匡宇,無黨籍及未經政黨推薦,1,2487,0.0402
3,中山區,復華里,2022,市長,黃聖峰,台澎黨,0,2487,0.0
3,中山區,復華里,2022,市長,童文薰,無黨籍及未經政黨推薦,1,2487,0.0402
3,中山區,復華里,2022,市長,蔣萬安,中國國民黨,1175,2487,47.2457
3,中山區,復華里,2022,市長,蘇煥智,台灣維新,8,2487,0.3217
3,中山區,復華里,2022,市長,黃珊珊,無黨籍及未經政黨推薦,582,2487,23.4017
3,中山區,復華里,2022,市長,施奉先,無黨籍及未經政黨推薦,2,2487,0.0804
3,中山區,復華里,2022,市長,唐新民,共和黨,0,2487,0.0
3,中山區,復華里,2022,市長,謝立康,無黨籍及未經政黨推薦,1,2487,0.0402
3,中山區,復華里,2022,市長,陳時中,民主進步黨,712,2487,28.6289
3,中山區,復華里,2023,立委,吳怡農,民主進步黨,672,1561,43.0493
3,中山區,復華里,2023,立委,王鴻薇,中國國民黨,879,1561,56.3101
3,中山區,復華里,2023,立委,蕭赫麟,無黨籍及未經政黨推薦,10,1561,0.6406
3,中山區,復華里,2024,立委,余新造,人民最大黨,6,2755,0.2178
3,中山區,復華里,2024,立委,陳源發,無黨籍及未經政黨推薦,26,2755,0.9437
3,中山區,復華里,2024,立委,謝佩芬,民主進步黨,1125,2755,40.8348
3,中山區,復華里,2024,立委,高士恩,制度救世島,3,2755,0.1089
3,中山區,復華里,2024,立委,王鴻薇,中國國民黨,1549,2755,56.225
3,中山區,復華里,2024,立委,楊時睿,台灣維新,31,2755,1.1252
3,中山區,復華里,2024,立委,陳一郎,臺灣雙語無法黨,15,2755,0.5445
3,中山區,復華里,2024,總統,柯文哲,台灣民眾黨,581,2805,20.713
3,中山區,復華里,2024,總統,賴清德,民主進步黨,1005,2805,35.8289
3,中山區,復華里,2024,總統,侯友宜,中國國民黨,1219,2805,43.4581
3,中山區,恆安里,2014,市長,陳汝斌,三等國民公義人權自救黨,4,2599,0.1539
3,中山區,恆安里,2014,市長,趙衍慶,無黨籍及未經政黨推薦,24,2599,0.9234
3,中山區,恆安里,2014,市長,李宏信,無黨籍及未經政黨推薦,3,2599,0.1154
3,中山區,恆安里,2014,市長,陳永昌,無黨籍及未經政黨推薦,1,2599,0.0385
3,中山區,恆安里,2014,市長,馮光遠,無黨籍及未經政黨推薦,8,2599,0.3078
3,中山區,恆安里,2014,市長,連勝文,中國國民黨,1041,2599,40.0539
3,中山區,恆安里,2014,市長,柯文哲,無黨籍及未經政黨推薦,1518,2599,58.4071
3,中山區,恆安里,2016,立委,高士恩,大愛憲改聯盟,9,2471,0.3642
3,中山區,恆安里,2016,立委,潘建志,無黨籍及未經政黨推薦,971,2471,39.2958
3,中山區,恆安里,2016,立委,林新凱,台灣獨立黨,18,2471,0.7285
3,中山區,恆安里,2016,立委,趙燕傑,無黨籍及未經政黨推薦,7,2471,0.2833
3,中山區,恆安里,2016,立委,邱正浩,和平鴿聯盟黨,6,2471,0.2428
3,中山區,恆安里,2016,立委,陳科引,無黨籍及未經政黨推薦,14,2471,0.5666
3,中山區,恆安里,2016,立委,李晏榕,綠黨社會民主黨聯盟,325,2471,13.1526
3,中山區,恆安里,2016,立委,李成嶽,軍公教聯盟黨,6,2471,0.2428
3,中山區,恆安里,2016,立委,黃麗香,無黨籍及未經政黨推薦,15,2471,0.607
3,中山區,恆安里,2016,立委,蔣萬安,中國國民黨,1100,2471,44.5164
3,中山區,恆安里,2016,總統,朱立倫,中國國民黨,888,2541,34.9469
3,中山區,恆安里,2016,總統,蔡英文,民主進步黨,1395,2541,54.8996
3,中山區,恆安里,2016,總統,宋楚瑜,親民黨,258,2541,10.1535
3,中山區,恆安里,2018,市長,吳蕚洋,無黨籍及未經政黨推薦,12,2554,0.4699
3,中山區,恆安里,2018,市長,丁守中,中國國民黨,958,2554,37.5098
3,中山區,恆安里,2018,市長,姚文智,民主進步黨,475,2554,18.5983
3,中山區,恆安里,2018,市長,柯文哲,無黨籍及未經政黨推薦,1098,2554,42.9914
3,中山區,恆安里,2018,市長,李錫錕,無黨籍及未經政黨推薦,11,2554,0.4307
3,中山區,恆安里,2020,立委,何景榮,台灣民眾黨,89,3005,2.9617
3,中山區,恆安里,2020,立委,吳怡農,民主進步黨,1379,3005,45.8902
3,中山區,恆安里,2020,立委,田方宇,安定力量,15,3005,0.4992
3,中山區,恆安里,2020,立委,蔣萬安,中國國民黨,1522,3005,50.6489
3,中山區,恆安里,2020,總統,宋楚瑜,親民黨,128,3049,4.1981
3,中山區,恆安里,2020,總統,韓國瑜,中國國民黨,1274,3049,41.7842
3,中山區,恆安里,2020,總統,蔡英文,民主進步黨,1647,3049,54.0177
3,中山區,恆安里,2022,市長,張家豪,台灣動物保護黨,4,2623,0.1525
3,中山區,恆安里,2022,市長,王文娟,無黨籍及未經政黨推薦,0,2623,0.0
3,中山區,恆安里,2022,市長,鄭匡宇,無黨籍及未經政黨推薦,1,2623,0.0381
3,中山區,恆安里,2022,市長,黃聖峰,台澎黨,3,2623,0.1144
3,中山區,恆安里,2022,市長,童文薰,無黨籍及未經政黨推薦,6,2623,0.2287
3,中山區,恆安里,2022,市長,蔣萬安,中國國民黨,1131,2623,43.1186
3,中山區,恆安里,2022,市長,蘇煥智,台灣維新,1,2623,0.0381
3,中山區,恆安里,2022,市長,黃珊珊,無黨籍及未經政黨推薦,607,2623,23.1414
3,中山區,恆安里,2022,市長,施奉先,無黨籍及未經政黨推薦,0,2623,0.0
3,中山區,恆安里,2022,市長,唐新民,共和黨,0,2623,0.0
3,中山區,恆安里,2022,市長,謝立康,無黨籍及未經政黨推薦,0,2623,0.0
3,中山區,恆安里,2022,市長,陳時中,民主進步黨,870,2623,33.1681
3,中山區,恆安里,2023,立委,吳怡農,民主進步黨,744,1515,49.1089
3,中山區,恆安里,2023,立委,王鴻薇,中國國民黨,764,1515,50.429
3,中山區,恆安里,2023,立委,蕭赫麟,無黨籍及未經政黨推薦,7,1515,0.462
3,中山區,恆安里,2024,立委,余新造,人民最大黨,14,2991,0.4681
3,中山區,恆安里,2024,立委,陳源發,無黨籍及未經政黨推薦,40,2991,1.3373
3,中山區,恆安里,2024,立委,謝佩芬,民主進步黨,1368,2991,45.7372
3,中山區,恆安里,2024,立委,高士恩,制度救世島,5,2991,0.1672
3,中山區,恆安里,2024,立委,王鴻薇,中國國民黨,1523,2991,50.9194
3,中山區,恆安里,2024,立委,楊時睿,台灣維新,28,2991,0.9361
3,中山區,恆安里,2024,立委,陳一郎,臺灣雙語無法黨,13,2991,0.4346
3,中山區,恆安里,2024,總統,柯文哲,台灣民眾黨,763,3089,24.7006
3,中山區,恆安里,2024,總統,賴清德,民主進步黨,1204,3089,38.977
3,中山區,恆安里,2024,總統,侯友宜,中國國民黨,1122,3089,36.3224
3,中山區,成功里,2014,市長,陳汝斌,三等國民公義人權自救黨,5,3472,0.144
3,中山區,成功里,2014,市長,趙衍慶,無黨籍及未經政黨推薦,32,3472,0.9217
3,中山區,成功里,2014,市長,李宏信,無黨籍及未經政黨推薦,3,3472,0.0864
3,中山區,成功里,2014,市長,陳永昌,無黨籍及未經政黨推薦,2,3472,0.0576
3,中山區,成功里,2014,市長,馮光遠,無黨籍及未經政黨推薦,18,3472,0.5184
3,中山區,成功里,2014,市長,連勝文,中國國民黨,1394,3472,40.1498
3,中山區,成功里,2014,市長,柯文哲,無黨籍及未經政黨推薦,2018,3472,58.1221
3,中山區,成功里,2016,立委,高士恩,大愛憲改聯盟,11,3406,0.323
3,中山區,成功里,2016,立委,潘建志,無黨籍及未經政黨推薦,1286,3406,37.7569
3,中山區,成功里,2016,立委,林新凱,台灣獨立黨,11,3406,0.323
3,中山區,成功里,2016,立委,趙燕傑,無黨籍及未經政黨推薦,3,3406,0.0881
3,中山區,成功里,2016,立委,邱正浩,和平鴿聯盟黨,7,3406,0.2055
3,中山區,成功里,2016,立委,陳科引,無黨籍及未經政黨推薦,11,3406,0.323
3,中山區,成功里,2016,立委,李晏榕,綠黨社會民主黨聯盟,519,3406,15.2378
3,中山區,成功里,2016,立委,李成嶽,軍公教聯盟黨,7,3406,0.2055
3,中山區,成功里,2016,立委,黃麗香,無黨籍及未經政黨推薦,4,3406,0.1174
3,中山區,成功里,2016,立委,蔣萬安,中國國民黨,1547,3406,45.4198
3,中山區,成功里,2016,總統,朱立倫,中國國民黨,1285,3430,37.4636
3,中山區,成功里,2016,總統,蔡英文,民主進步黨,1815,3430,52.9155
3,中山區,成功里,2016,總統,宋楚瑜,親民黨,330,3430,9.621
3,中山區,成功里,2018,市長,吳蕚洋,無黨籍及未經政黨推薦,19,3548,0.5355
3,中山區,成功里,2018,市長,丁守中,中國國民黨,1631,3548,45.9696
3,中山區,成功里,2018,市長,姚文智,民主進步黨,578,3548,16.2909
3,中山區,成功里,2018,市長,柯文哲,無黨籍及未經政黨推薦,1300,3548,36.6404
3,中山區,成功里,2018,市長,李錫錕,無黨籍及未經政黨推薦,20,3548,0.5637
3,中山區,成功里,2020,立委,何景榮,台灣民眾黨,83,4050,2.0494
3,中山區,成功里,2020,立委,吳怡農,民主進步黨,1854,4050,45.7778
3,中山區,成功里,2020,立委,田方宇,安定力量,23,4050,0.5679
3,中山區,成功里,2020,立委,蔣萬安,中國國民黨,2090,4050,51.6049
3,中山區,成功里,2020,總統,宋楚瑜,親民黨,181,4040,4.4802
3,中山區,成功里,2020,總統,韓國瑜,中國國民黨,1656,4040,40.9901
3,中山區,成功里,2020,總統,蔡英文,民主進步黨,2203,4040,54.5297
3,中山區,成功里,2022,市長,張家豪,台灣動物保護黨,3,3288,0.0912
3,中山區,成功里,2022,市長,王文娟,無黨籍及未經政黨推薦,1,3288,0.0304
3,中山區,成功里,2022,市長,鄭匡宇,無黨籍及未經政黨推薦,2,3288,0.0608
3,中山區,成功里,2022,市長,黃聖峰,台澎黨,1,3288,0.0304
3,中山區,成功里,2022,市長,童文薰,無黨籍及未經政黨推薦,3,3288,0.0912
3,中山區,成功里,2022,市長,蔣萬安,中國國民黨,1527,3288,46.4416
3,中山區,成功里,2022,市長,蘇煥智,台灣維新,7,3288,0.2129
3,中山區,成功里,2022,市長,黃珊珊,無黨籍及未經政黨推薦,630,3288,19.1606
3,中山區,成功里,2022,市長,施奉先,無黨籍及未經政黨推薦,0,3288,0.0
3,中山區,成功里,2022,市長,唐新民,共和黨,0,3288,0.0
3,中山區,成功里,2022,市長,謝立康,無黨籍及未經政黨推薦,0,3288,0.0
3,中山區,成功里,2022,市長,陳時中,民主進步黨,1114,3288,33.8808
3,中山區,成功里,2023,立委,吳怡農,民主進步黨,959,2003,47.8782
3,中山區,成功里,2023,立委,王鴻薇,中國國民黨,1037,2003,51.7723
3,中山區,成功里,2023,立委,蕭赫麟,無黨籍及未經政黨推薦,7,2003,0.3495
3,中山區,成功里,2024,立委,余新造,人民最大黨,12,3673,0.3267
3,中山區,成功里,2024,立委,陳源發,無黨籍及未經政黨推薦,30,3673,0.8168
3,中山區,成功里,2024,立委,謝佩芬,民主進步黨,1688,3673,45.957
3,中山區,成功里,2024,立委,高士恩,制度救世島,2,3673,0.0545
3,中山區,成功里,2024,立委,王鴻薇,中國國民黨,1906,3673,51.8922
3,中山區,成功里,2024,立委,楊時睿,台灣維新,18,3673,0.4901
3,中山區,成功里,2024,立委,陳一郎,臺灣雙語無法黨,17,3673,0.4628
3,中山區,成功里,2024,總統,柯文哲,台灣民眾黨,754,3781,19.9418
3,中山區,成功里,2024,總統,賴清德,民主進步黨,1561,3781,41.2854
3,中山區,成功里,2024,總統,侯友宜,中國國民黨,1466,3781,38.7728
3,中山區,新喜里,2014,市長,陳汝斌,三等國民公義人權自救黨,2,3100,0.0645
3,中山區,新喜里,2014,市長,趙衍慶,無黨籍及未經政黨推薦,32,3100,1.0323
3,中山區,新喜里,2014,市長,李宏信,無黨籍及未經政黨推薦,4,3100,0.129
3,中山區,新喜里,2014,市長,陳永昌,無黨籍及未經政黨推薦,6,3100,0.1935
3,中山區,新喜里,2014,市長,馮光遠,無黨籍及未經政黨推薦,13,3100,0.4194
3,中山區,新喜里,2014,市長,連勝文,中國國民黨,1019,3100,32.871
3,中山區,新喜里,2014,市長,柯文哲,無黨籍及未經政黨推薦,2024,3100,65.2903
3,中山區,新喜里,2016,立委,高士恩,大愛憲改聯盟,11,3076,0.3576
3,中山區,新喜里,2016,立委,潘建志,無黨籍及未經政黨推薦,1392,3076,45.2536
3,中山區,新喜里,2016,立委,林新凱,台灣獨立黨,13,3076,0.4226
3,中山區,新喜里,2016,立委,趙燕傑,無黨籍及未經政黨推薦,3,3076,0.0975
3,中山區,新喜里,2016,立委,邱正浩,和平鴿聯盟黨,11,3076,0.3576
3,中山區,新喜里,2016,立委,陳科引,無黨籍及未經政黨推薦,27,3076,0.8778
3,中山區,新喜里,2016,立委,李晏榕,綠黨社會民主黨聯盟,400,3076,13.0039
3,中山區,新喜里,2016,立委,李成嶽,軍公教聯盟黨,10,3076,0.3251
3,中山區,新喜里,2016,立委,黃麗香,無黨籍及未經政黨推薦,3,3076,0.0975
3,中山區,新喜里,2016,立委,蔣萬安,中國國民黨,1206,3076,39.2068
3,中山區,新喜里,2016,總統,朱立倫,中國國民黨,894,3119,28.663
3,中山區,新喜里,2016,總統,蔡英文,民主進步黨,1874,3119,60.0834
3,中山區,新喜里,2016,總統,宋楚瑜,親民黨,351,3119,11.2536
3,中山區,新喜里,2018,市長,吳蕚洋,無黨籍及未經政黨推薦,16,2887,0.5542
3,中山區,新喜里,2018,市長,丁守中,中國國民黨,941,2887,32.5944
3,中山區,新喜里,2018,市長,姚文智,民主進步黨,588,2887,20.3672
3,中山區,新喜里,2018,市長,柯文哲,無黨籍及未經政黨推薦,1327,2887,45.9647
3,中山區,新喜里,2018,市長,李錫錕,無黨籍及未經政黨推薦,15,2887,0.5196
3,中山區,新喜里,2020,立委,何景榮,台灣民眾黨,109,3415,3.1918
3,中山區,新喜里,2020,立委,吳怡農,民主進步黨,1716,3415,50.2489
3,中山區,新喜里,2020,立委,田方宇,安定力量,9,3415,0.2635
3,中山區,新喜里,2020,立委,蔣萬安,中國國民黨,1581,3415,46.2958
3,中山區,新喜里,2020,總統,宋楚瑜,親民黨,177,3416,5.1815
3,中山區,新喜里,2020,總統,韓國瑜,中國國民黨,1155,3416,33.8115
3,中山區,新喜里,2020,總統,蔡英文,民主進步黨,2084,3416,61.007
3,中山區,新喜里,2022,市長,張家豪,台灣動物保護黨,2,2704,0.074
3,中山區,新喜里,2022,市長,王文娟,無黨籍及未經政黨推薦,0,2704,0.0
3,中山區,新喜里,2022,市長,鄭匡宇,無黨籍及未經政黨推薦,1,2704,0.037
3,中山區,新喜里,2022,市長,黃聖峰,台澎黨,1,2704,0.037
3,中山區,新喜里,2022,市長,童文薰,無黨籍及未經政黨推薦,4,2704,0.1479
3,中山區,新喜里,2022,市長,蔣萬安,中國國民黨,1026,2704,37.9438
3,中山區,新喜里,2022,市長,蘇煥智,台灣維新,2,2704,0.074
3,中山區,新喜里,2022,市長,黃珊珊,無黨籍及未經政黨推薦,655,2704,24.2234
3,中山區,新喜里,2022,市長,施奉先,無黨籍及未經政黨推薦,0,2704,0.0
3,中山區,新喜里,2022,市長,唐新民,共和黨,1,2704,0.037
3,中山區,新喜里,2022,市長,謝立康,無黨籍及未經政黨推薦,1,2704,0.037
3,中山區,新喜里,2022,市長,陳時中,民主進步黨,1011,2704,37.3891
3,中山區,新喜里,2023,立委,吳怡農,民主進步黨,970,1683,57.6352
3,中山區,新喜里,2023,立委,王鴻薇,中國國民黨,709,1683,42.1272
3,中山區,新喜里,2023,立委,蕭赫麟,無黨籍及未經政黨推薦,4,1683,0.2377
3,中山區,新喜里,2024,立委,余新造,人民最大黨,15,2972,0.5047
3,中山區,新喜里,2024,立委,陳源發,無黨籍及未經政黨推薦,33,2972,1.1104
3,中山區,新喜里,2024,立委,謝佩芬,民主進步黨,1528,2972,51.4132
3,中山區,新喜里,2024,立委,高士恩,制度救世島,2,2972,0.0673
3,中山區,新喜里,2024,立委,王鴻薇,中國國民黨,1338,2972,45.0202
3,中山區,新喜里,2024,立委,楊時睿,台灣維新,30,2972,1.0094
3,中山區,新喜里,2024,立委,陳一郎,臺灣雙語無法黨,26,2972,0.8748
3,中山區,新喜里,2024,總統,柯文哲,台灣民眾黨,791,3075,25.7236
3,中山區,新喜里,2024,總統,賴清德,民主進步黨,1342,3075,43.6423
3,中山區,新喜里,2024,總統,侯友宜,中國國民黨,942,3075,30.6341
3,中山區,新庄里,2014,市長,陳汝斌,三等國民公義人權自救黨,3,3036,0.0988
3,中山區,新庄里,2014,市長,趙衍慶,無黨籍及未經政黨推薦,30,3036,0.9881
3,中山區,新庄里,2014,市長,李宏信,無黨籍及未經政黨推薦,8,3036,0.2635
3,中山區,新庄里,2014,市長,陳永昌,無黨籍及未經政黨推薦,5,3036,0.1647
3,中山區,新庄里,2014,市長,馮光遠,無黨籍及未經政黨推薦,23,3036,0.7576
3,中山區,新庄里,2014,市長,連勝文,中國國民黨,1042,3036,34.3215
3,中山區,新庄里,2014,市長,柯文哲,無黨籍及未經政黨推薦,1925,3036,63.4058
3,中山區,新庄里,2016,立委,高士恩,大愛憲改聯盟,11,2892,0.3804
3,中山區,新庄里,2016,立委,潘建志,無黨籍及未經政黨推薦,1289,2892,44.5712
3,中山區,新庄里,2016,立委,林新凱,台灣獨立黨,10,2892,0.3458
3,中山區,新庄里,2016,立委,趙燕傑,無黨籍及未經政黨推薦,6,2892,0.2075
3,中山區,新庄里,2016,立委,邱正浩,和平鴿聯盟黨,12,2892,0.4149
3,中山區,新庄里,2016,立委,陳科引,無黨籍及未經政黨推薦,19,2892,0.657
3,中山區,新庄里,2016,立委,李晏榕,綠黨社會民主黨聯盟,374,2892,12.9322
3,中山區,新庄里,2016,立委,李成嶽,軍公教聯盟黨,10,2892,0.3458
3,中山區,新庄里,2016,立委,黃麗香,無黨籍及未經政黨推薦,8,2892,0.2766
3,中山區,新庄里,2016,立委,蔣萬安,中國國民黨,1153,2892,39.8686
3,中山區,新庄里,2016,總統,朱立倫,中國國民黨,920,2941,31.2819
3,中山區,新庄里,2016,總統,蔡英文,民主進步黨,1693,2941,57.5655
3,中山區,新庄里,2016,總統,宋楚瑜,親民黨,328,2941,11.1527
3,中山區,新庄里,2018,市長,吳蕚洋,無黨籍及未經政黨推薦,16,2957,0.5411
3,中山區,新庄里,2018,市長,丁守中,中國國民黨,1033,2957,34.9341
3,中山區,新庄里,2018,市長,姚文智,民主進步黨,662,2957,22.3876
3,中山區,新庄里,2018,市長,柯文哲,無黨籍及未經政黨推薦,1237,2957,41.8329
3,中山區,新庄里,2018,市長,李錫錕,無黨籍及未經政黨推薦,9,2957,0.3044
3,中山區,新庄里,2020,立委,何景榮,台灣民眾黨,103,3283,3.1374
3,中山區,新庄里,2020,立委,吳怡農,民主進步黨,1640,3283,49.9543
3,中山區,新庄里,2020,立委,田方宇,安定力量,16,3283,0.4874
3,中山區,新庄里,2020,立委,蔣萬安,中國國民黨,1524,3283,46.421
3,中山區,新庄里,2020,總統,宋楚瑜,親民黨,131,3299,3.9709
3,中山區,新庄里,2020,總統,韓國瑜,中國國民黨,1224,3299,37.1022
3,中山區,新庄里,2020,總統,蔡英文,民主進步黨,1944,3299,58.9269
3,中山區,新庄里,2022,市長,張家豪,台灣動物保護黨,5,2788,0.1793
3,中山區,新庄里,2022,市長,王文娟,無黨籍及未經政黨推薦,2,2788,0.0717
3,中山區,新庄里,2022,市長,鄭匡宇,無黨籍及未經政黨推薦,0,2788,0.0
3,中山區,新庄里,2022,市長,黃聖峰,台澎黨,1,2788,0.0359
3,中山區,新庄里,2022,市長,童文薰,無黨籍及未經政黨推薦,4,2788,0.1435
3,中山區,新庄里,2022,市長,蔣萬安,中國國民黨,1132,2788,40.6026
3,中山區,新庄里,2022,市長,蘇煥智,台灣維新,3,2788,0.1076
3,中山區,新庄里,2022,市長,黃珊珊,無黨籍及未經政黨推薦,625,2788,22.4175
3,中山區,新庄里,2022,市長,施奉先,無黨籍及未經政黨推薦,0,2788,0.0
3,中山區,新庄里,2022,市長,唐新民,共和黨,0,2788,0.0
3,中山區,新庄里,2022,市長,謝立康,無黨籍及未經政黨推薦,0,2788,0.0
3,中山區,新庄里,2022,市長,陳時中,民主進步黨,1016,2788,36.4419
3,中山區,新庄里,2023,立委,吳怡農,民主進步黨,963,1744,55.2179
3,中山區,新庄里,2023,立委,王鴻薇,中國國民黨,776,1744,44.4954
3,中山區,新庄里,2023,立委,蕭赫麟,無黨籍及未經政黨推薦,5,1744,0.2867
3,中山區,新庄里,2024,立委,余新造,人民最大黨,10,2909,0.3438
3,中山區,新庄里,2024,立委,陳源發,無黨籍及未經政黨推薦,33,2909,1.1344
3,中山區,新庄里,2024,立委,謝佩芬,民主進步黨,1485,2909,51.0485
3,中山區,新庄里,2024,立委,高士恩,制度救世島,5,2909,0.1719
3,中山區,新庄里,2024,立委,王鴻薇,中國國民黨,1338,2909,45.9952
3,中山區,新庄里,2024,立委,楊時睿,台灣維新,23,2909,0.7906
3,中山區,新庄里,2024,立委,陳一郎,臺灣雙語無法黨,15,2909,0.5156
3,中山區,新庄里,2024,總統,柯文哲,台灣民眾黨,714,3012,23.7052
3,中山區,新庄里,2024,總統,賴清德,民主進步黨,1303,3012,43.2603
3,中山區,新庄里,2024,總統,侯友宜,中國國民黨,995,3012,33.0345
3,中山區,新生里,2014,市長,陳汝斌,三等國民公義人權自救黨,2,3065,0.0653
3,中山區,新生里,2014,市長,趙衍慶,無黨籍及未經政黨推薦,26,3065,0.8483
3,中山區,新生里,2014,市長,李宏信,無黨籍及未經政黨推薦,8,3065,0.261
3,中山區,新生里,2014,市長,陳永昌,無黨籍及未經政黨推薦,6,3065,0.1958
3,中山區,新生里,2014,市長,馮光遠,無黨籍及未經政黨推薦,19,3065,0.6199
3,中山區,新生里,2014,市長,連勝文,中國國民黨,1011,3065,32.9853
3,中山區,新生里,2014,市長,柯文哲,無黨籍及未經政黨推薦,1993,3065,65.0245
3,中山區,新生里,2016,立委,高士恩,大愛憲改聯盟,7,2901,0.2413
3,中山區,新生里,2016,立委,潘建志,無黨籍及未經政黨推薦,1375,2901,47.3974
3,中山區,新生里,2016,立委,林新凱,台灣獨立黨,12,2901,0.4137
3,中山區,新生里,2016,立委,趙燕傑,無黨籍及未經政黨推薦,7,2901,0.2413
3,中山區,新生里,2016,立委,邱正浩,和平鴿聯盟黨,9,2901,0.3102
3,中山區,新生里,2016,立委,陳科引,無黨籍及未經政黨推薦,16,2901,0.5515
3,中山區,新生里,2016,立委,李晏榕,綠黨社會民主黨聯盟,353,2901,12.1682
3,中山區,新生里,2016,立委,李成嶽,軍公教聯盟黨,6,2901,0.2068
3,中山區,新生里,2016,立委,黃麗香,無黨籍及未經政黨推薦,6,2901,0.2068
3,中山區,新生里,2016,立委,蔣萬安,中國國民黨,1110,2901,38.2627
3,中山區,新生里,2016,總統,朱立倫,中國國民黨,872,2956,29.4993
3,中山區,新生里,2016,總統,蔡英文,民主進步黨,1790,2956,60.5548
3,中山區,新生里,2016,總統,宋楚瑜,親民黨,294,2956,9.9459
3,中山區,新生里,2018,市長,吳蕚洋,無黨籍及未經政黨推薦,12,2864,0.419
3,中山區,新生里,2018,市長,丁守中,中國國民黨,974,2864,34.0084
3,中山區,新生里,2018,市長,姚文智,民主進步黨,648,2864,22.6257
3,中山區,新生里,2018,市長,柯文哲,無黨籍及未經政黨推薦,1218,2864,42.5279
3,中山區,新生里,2018,市長,李錫錕,無黨籍及未經政黨推薦,12,2864,0.419
3,中山區,新生里,2020,立委,何景榮,台灣民眾黨,81,3186,2.5424
3,中山區,新生里,2020,立委,吳怡農,民主進步黨,1638,3186,51.4124
3,中山區,新生里,2020,立委,田方宇,安定力量,16,3186,0.5022
3,中山區,新生里,2020,立委,蔣萬安,中國國民黨,1451,3186,45.543
3,中山區,新生里,2020,總統,宋楚瑜,親民黨,117,3213,3.6415
3,中山區,新生里,2020,總統,韓國瑜,中國國民黨,1193,3213,37.1304
3,中山區,新生里,2020,總統,蔡英文,民主進步黨,1903,3213,59.2281
3,中山區,新生里,2022,市長,張家豪,台灣動物保護黨,6,2610,0.2299
3,中山區,新生里,2022,市長,王文娟,無黨籍及未經政黨推薦,0,2610,0.0
3,中山區,新生里,2022,市長,鄭匡宇,無黨籍及未經政黨推薦,0,2610,0.0
3,中山區,新生里,2022,市長,黃聖峰,台澎黨,0,2610,0.0
3,中山區,新生里,2022,市長,童文薰,無黨籍及未經政黨推薦,3,2610,0.1149
3,中山區,新生里,2022,市長,蔣萬安,中國國民黨,1026,2610,39.3103
3,中山區,新生里,2022,市長,蘇煥智,台灣維新,2,2610,0.0766
3,中山區,新生里,2022,市長,黃珊珊,無黨籍及未經政黨推薦,562,2610,21.5326
3,中山區,新生里,2022,市長,施奉先,無黨籍及未經政黨推薦,1,2610,0.0383
3,中山區,新生里,2022,市長,唐新民,共和黨,0,2610,0.0
3,中山區,新生里,2022,市長,謝立康,無黨籍及未經政黨推薦,0,2610,0.0
3,中山區,新生里,2022,市長,陳時中,民主進步黨,1010,2610,38.6973
3,中山區,新生里,2023,立委,吳怡農,民主進步黨,919,1638,56.105
3,中山區,新生里,2023,立委,王鴻薇,中國國民黨,714,1638,43.5897
3,中山區,新生里,2023,立委,蕭赫麟,無黨籍及未經政黨推薦,5,1638,0.3053
3,中山區,新生里,2024,立委,余新造,人民最大黨,3,2818,0.1065
3,中山區,新生里,2024,立委,陳源發,無黨籍及未經政黨推薦,31,2818,1.1001
3,中山區,新生里,2024,立委,謝佩芬,民主進步黨,1433,2818,50.8517
3,中山區,新生里,2024,立委,高士恩,制度救世島,2,2818,0.071
3,中山區,新生里,2024,立委,王鴻薇,中國國民黨,1325,2818,47.0192
3,中山區,新生里,2024,立委,楊時睿,台灣維新,11,2818,0.3903
3,中山區,新生里,2024,立委,陳一郎,臺灣雙語無法黨,13,2818,0.4613
3,中山區,新生里,2024,總統,柯文哲,台灣民眾黨,614,2916,21.0562
3,中山區,新生里,2024,總統,賴清德,民主進步黨,1311,2916,44.9588
3,中山區,新生里,2024,總統,侯友宜,中國國民黨,991,2916,33.9849
3,中山區,新福里,2014,市長,陳汝斌,三等國民公義人權自救黨,1,3008,0.0332
3,中山區,新福里,2014,市長,趙衍慶,無黨籍及未經政黨推薦,27,3008,0.8976
3,中山區,新福里,2014,市長,李宏信,無黨籍及未經政黨推薦,3,3008,0.0997
3,中山區,新福里,2014,市長,陳永昌,無黨籍及未經政黨推薦,4,3008,0.133
3,中山區,新福里,2014,市長,馮光遠,無黨籍及未經政黨推薦,13,3008,0.4322
3,中山區,新福里,2014,市長,連勝文,中國國民黨,922,3008,30.6516
3,中山區,新福里,2014,市長,柯文哲,無黨籍及未經政黨推薦,2038,3008,67.7527
3,中山區,新福里,2016,立委,高士恩,大愛憲改聯盟,14,2897,0.4833
3,中山區,新福里,2016,立委,潘建志,無黨籍及未經政黨推薦,1445,2897,49.8792
3,中山區,新福里,2016,立委,林新凱,台灣獨立黨,18,2897,0.6213
3,中山區,新福里,2016,立委,趙燕傑,無黨籍及未經政黨推薦,6,2897,0.2071
3,中山區,新福里,2016,立委,邱正浩,和平鴿聯盟黨,4,2897,0.1381
3,中山區,新福里,2016,立委,陳科引,無黨籍及未經政黨推薦,27,2897,0.932
3,中山區,新福里,2016,立委,李晏榕,綠黨社會民主黨聯盟,335,2897,11.5637
3,中山區,新福里,2016,立委,李成嶽,軍公教聯盟黨,7,2897,0.2416
3,中山區,新福里,2016,立委,黃麗香,無黨籍及未經政黨推薦,9,2897,0.3107
3,中山區,新福里,2016,立委,蔣萬安,中國國民黨,1032,2897,35.6231
3,中山區,新福里,2016,總統,朱立倫,中國國民黨,785,2976,26.3777
3,中山區,新福里,2016,總統,蔡英文,民主進步黨,1898,2976,63.7769
3,中山區,新福里,2016,總統,宋楚瑜,親民黨,293,2976,9.8454
3,中山區,新福里,2018,市長,吳蕚洋,無黨籍及未經政黨推薦,12,2843,0.4221
3,中山區,新福里,2018,市長,丁守中,中國國民黨,898,2843,31.5864
3,中山區,新福里,2018,市長,姚文智,民主進步黨,661,2843,23.2501
3,中山區,新福里,2018,市長,柯文哲,無黨籍及未經政黨推薦,1261,2843,44.3546
3,中山區,新福里,2018,市長,李錫錕,無黨籍及未經政黨推薦,11,2843,0.3869
3,中山區,新福里,2020,立委,何景榮,台灣民眾黨,81,3336,2.4281
3,中山區,新福里,2020,立委,吳怡農,民主進步黨,1832,3336,54.9161
3,中山區,新福里,2020,立委,田方宇,安定力量,8,3336,0.2398
3,中山區,新福里,2020,立委,蔣萬安,中國國民黨,1415,3336,42.4161
3,中山區,新福里,2020,總統,宋楚瑜,親民黨,134,3361,3.9869
3,中山區,新福里,2020,總統,韓國瑜,中國國民黨,1104,3361,32.8474
3,中山區,新福里,2020,總統,蔡英文,民主進步黨,2123,3361,63.1657
3,中山區,新福里,2022,市長,張家豪,台灣動物保護黨,7,2729,0.2565
3,中山區,新福里,2022,市長,王文娟,無黨籍及未經政黨推薦,2,2729,0.0733
3,中山區,新福里,2022,市長,鄭匡宇,無黨籍及未經政黨推薦,0,2729,0.0
3,中山區,新福里,2022,市長,黃聖峰,台澎黨,0,2729,0.0
3,中山區,新福里,2022,市長,童文薰,無黨籍及未經政黨推薦,2,2729,0.0733
3,中山區,新福里,2022,市長,蔣萬安,中國國民黨,953,2729,34.9212
3,中山區,新福里,2022,市長,蘇煥智,台灣維新,8,2729,0.2931
3,中山區,新福里,2022,市長,黃珊珊,無黨籍及未經政黨推薦,637,2729,23.3419
3,中山區,新福里,2022,市長,施奉先,無黨籍及未經政黨推薦,0,2729,0.0
3,中山區,新福里,2022,市長,唐新民,共和黨,0,2729,0.0
3,中山區,新福里,2022,市長,謝立康,無黨籍及未經政黨推薦,2,2729,0.0733
3,中山區,新福里,2022,市長,陳時中,民主進步黨,1118,2729,40.9674
3,中山區,新福里,2023,立委,吳怡農,民主進步黨,1147,1843,62.2355
3,中山區,新福里,2023,立委,王鴻薇,中國國民黨,691,1843,37.4932
3,中山區,新福里,2023,立委,蕭赫麟,無黨籍及未經政黨推薦,5,1843,0.2713
3,中山區,新福里,2024,立委,余新造,人民最大黨,15,2989,0.5018
3,中山區,新福里,2024,立委,陳源發,無黨籍及未經政黨推薦,39,2989,1.3048
3,中山區,新福里,2024,立委,謝佩芬,民主進步黨,1617,2989,54.0984
3,中山區,新福里,2024,立委,高士恩,制度救世島,1,2989,0.0335
3,中山區,新福里,2024,立委,王鴻薇,中國國民黨,1272,2989,42.556
3,中山區,新福里,2024,立委,楊時睿,台灣維新,22,2989,0.736
3,中山區,新福里,2024,立委,陳一郎,臺灣雙語無法黨,23,2989,0.7695
3,中山區,新福里,2024,總統,柯文哲,台灣民眾黨,703,3104,22.6482
3,中山區,新福里,2024,總統,賴清德,民主進步黨,1439,3104,46.3595
3,中山區,新福里,2024,總統,侯友宜,中國國民黨,962,3104,30.9923
3,中山區,晴光里,2014,市長,陳汝斌,三等國民公義人權自救黨,6,2953,0.2032
3,中山區,晴光里,2014,市長,趙衍慶,無黨籍及未經政黨推薦,30,2953,1.0159
3,中山區,晴光里,2014,市長,李宏信,無黨籍及未經政黨推薦,3,2953,0.1016
3,中山區,晴光里,2014,市長,陳永昌,無黨籍及未經政黨推薦,6,2953,0.2032
3,中山區,晴光里,2014,市長,馮光遠,無黨籍及未經政黨推薦,18,2953,0.6095
3,中山區,晴光里,2014,市長,連勝文,中國國民黨,1186,2953,40.1625
3,中山區,晴光里,2014,市長,柯文哲,無黨籍及未經政黨推薦,1704,2953,57.704
3,中山區,晴光里,2016,立委,高士恩,大愛憲改聯盟,5,2773,0.1803
3,中山區,晴光里,2016,立委,潘建志,無黨籍及未經政黨推薦,1075,2773,38.7667
3,中山區,晴光里,2016,立委,林新凱,台灣獨立黨,17,2773,0.6131
3,中山區,晴光里,2016,立委,趙燕傑,無黨籍及未經政黨推薦,7,2773,0.2524
3,中山區,晴光里,2016,立委,邱正浩,和平鴿聯盟黨,11,2773,0.3967
3,中山區,晴光里,2016,立委,陳科引,無黨籍及未經政黨推薦,19,2773,0.6852
3,中山區,晴光里,2016,立委,李晏榕,綠黨社會民主黨聯盟,373,2773,13.4511
3,中山區,晴光里,2016,立委,李成嶽,軍公教聯盟黨,5,2773,0.1803
3,中山區,晴光里,2016,立委,黃麗香,無黨籍及未經政黨推薦,7,2773,0.2524
3,中山區,晴光里,2016,立委,蔣萬安,中國國民黨,1254,2773,45.2218
3,中山區,晴光里,2016,總統,朱立倫,中國國民黨,1000,2842,35.1865
3,中山區,晴光里,2016,總統,蔡英文,民主進步黨,1505,2842,52.9557
3,中山區,晴光里,2016,總統,宋楚瑜,親民黨,337,2842,11.8578
3,中山區,晴光里,2018,市長,吳蕚洋,無黨籍及未經政黨推薦,4,2809,0.1424
3,中山區,晴光里,2018,市長,丁守中,中國國民黨,1128,2809,40.1566
3,中山區,晴光里,2018,市長,姚文智,民主進步黨,498,2809,17.7287
3,中山區,晴光里,2018,市長,柯文哲,無黨籍及未經政黨推薦,1165,2809,41.4738
3,中山區,晴光里,2018,市長,李錫錕,無黨籍及未經政黨推薦,14,2809,0.4984
3,中山區,晴光里,2020,立委,何景榮,台灣民眾黨,128,3413,3.7504
3,中山區,晴光里,2020,立委,吳怡農,民主進步黨,1544,3413,45.2388
3,中山區,晴光里,2020,立委,田方宇,安定力量,19,3413,0.5567
3,中山區,晴光里,2020,立委,蔣萬安,中國國民黨,1722,3413,50.4541
3,中山區,晴光里,2020,總統,宋楚瑜,親民黨,144,3449,4.1751
3,中山區,晴光里,2020,總統,韓國瑜,中國國民黨,1479,3449,42.882
3,中山區,晴光里,2020,總統,蔡英文,民主進步黨,1826,3449,52.9429
3,中山區,晴光里,2022,市長,張家豪,台灣動物保護黨,2,2765,0.0723
3,中山區,晴光里,2022,市長,王文娟,無黨籍及未經政黨推薦,1,2765,0.0362
3,中山區,晴光里,2022,市長,鄭匡宇,無黨籍及未經政黨推薦,0,2765,0.0
3,中山區,晴光里,2022,市長,黃聖峰,台澎黨,1,2765,0.0362
3,中山區,晴光里,2022,市長,童文薰,無黨籍及未經政黨推薦,10,2765,0.3617
3,中山區,晴光里,2022,市長,蔣萬安,中國國民黨,1223,2765,44.2315
3,中山區,晴光里,2022,市長,蘇煥智,台灣維新,1,2765,0.0362
3,中山區,晴光里,2022,市長,黃珊珊,無黨籍及未經政黨推薦,651,2765,23.5443
3,中山區,晴光里,2022,市長,施奉先,無黨籍及未經政黨推薦,1,2765,0.0362
3,中山區,晴光里,2022,市長,唐新民,共和黨,0,2765,0.0
3,中山區,晴光里,2022,市長,謝立康,無黨籍及未經政黨推薦,0,2765,0.0
3,中山區,晴光里,2022,市長,陳時中,民主進步黨,875,2765,31.6456
3,中山區,晴光里,2023,立委,吳怡農,民主進步黨,759,1581,48.0076
3,中山區,晴光里,2023,立委,王鴻薇,中國國民黨,815,1581,51.5497
3,中山區,晴光里,2023,立委,蕭赫麟,無黨籍及未經政黨推薦,7,1581,0.4428
3,中山區,晴光里,2024,立委,余新造,人民最大黨,12,3172,0.3783
3,中山區,晴光里,2024,立委,陳源發,無黨籍及未經政黨推薦,35,3172,1.1034
3,中山區,晴光里,2024,立委,謝佩芬,民主進步黨,1440,3172,45.3972
3,中山區,晴光里,2024,立委,高士恩,制度救世島,1,3172,0.0315
3,中山區,晴光里,2024,立委,王鴻薇,中國國民黨,1637,3172,51.6078
3,中山區,晴光里,2024,立委,楊時睿,台灣維新,25,3172,0.7881
3,中山區,晴光里,2024,立委,陳一郎,臺灣雙語無法黨,22,3172,0.6936
3,中山區,晴光里,2024,總統,柯文哲,台灣民眾黨,773,3269,23.6464
3,中山區,晴光里,2024,總統,賴清德,民主進步黨,1242,3269,37.9933
3,中山區,晴光里,2024,總統,侯友宜,中國國民黨,1254,3269,38.3604
3,中山區,朱園里,2014,市長,陳汝斌,三等國民公義人權自救黨,6,2645,0.2268
3,中山區,朱園里,2014,市長,趙衍慶,無黨籍及未經政黨推薦,21,2645,0.794
3,中山區,朱園里,2014,市長,李宏信,無黨籍及未經政黨推薦,12,2645,0.4537
3,中山區,朱園里,2014,市長,陳永昌,無黨籍及未經政黨推薦,2,2645,0.0756
3,中山區,朱園里,2014,市長,馮光遠,無黨籍及未經政黨推薦,15,2645,0.5671
3,中山區,朱園里,2014,市長,連勝文,中國國民黨,935,2645,35.3497
3,中山區,朱園里,2014,市長,柯文哲,無黨籍及未經政黨推薦,1654,2645,62.5331
3,中山區,朱園里,2016,立委,高士恩,大愛憲改聯盟,7,2488,0.2814
3,中山區,朱園里,2016,立委,潘建志,無黨籍及未經政黨推薦,1064,2488,42.7653
3,中山區,朱園里,2016,立委,林新凱,台灣獨立黨,16,2488,0.6431
3,中山區,朱園里,2016,立委,趙燕傑,無黨籍及未經政黨推薦,5,2488,0.201
3,中山區,朱園里,2016,立委,邱正浩,和平鴿聯盟黨,6,2488,0.2412
3,中山區,朱園里,2016,立委,陳科引,無黨籍及未經政黨推薦,23,2488,0.9244
3,中山區,朱園里,2016,立委,李晏榕,綠黨社會民主黨聯盟,373,2488,14.992
3,中山區,朱園里,2016,立委,李成嶽,軍公教聯盟黨,10,2488,0.4019
3,中山區,朱園里,2016,立委,黃麗香,無黨籍及未經政黨推薦,6,2488,0.2412
3,中山區,朱園里,2016,立委,蔣萬安,中國國民黨,978,2488,39.3087
3,中山區,朱園里,2016,總統,朱立倫,中國國民黨,780,2535,30.7692
3,中山區,朱園里,2016,總統,蔡英文,民主進步黨,1495,2535,58.9744
3,中山區,朱園里,2016,總統,宋楚瑜,親民黨,260,2535,10.2564
3,中山區,朱園里,2018,市長,吳蕚洋,無黨籍及未經政黨推薦,5,2502,0.1998
3,中山區,朱園里,2018,市長,丁守中,中國國民黨,892,2502,35.6515
3,中山區,朱園里,2018,市長,姚文智,民主進步黨,492,2502,19.6643
3,中山區,朱園里,2018,市長,柯文哲,無黨籍及未經政黨推薦,1104,2502,44.1247
3,中山區,朱園里,2018,市長,李錫錕,無黨籍及未經政黨推薦,9,2502,0.3597
3,中山區,朱園里,2020,立委,何景榮,台灣民眾黨,130,2927,4.4414
3,中山區,朱園里,2020,立委,吳怡農,民主進步黨,1452,2927,49.6071
3,中山區,朱園里,2020,立委,田方宇,安定力量,17,2927,0.5808
3,中山區,朱園里,2020,立委,蔣萬安,中國國民黨,1328,2927,45.3707
3,中山區,朱園里,2020,總統,宋楚瑜,親民黨,230,3048,7.5459
3,中山區,朱園里,2020,總統,韓國瑜,中國國民黨,1091,3048,35.794
3,中山區,朱園里,2020,總統,蔡英文,民主進步黨,1727,3048,56.6601
3,中山區,朱園里,2022,市長,張家豪,台灣動物保護黨,3,2433,0.1233
3,中山區,朱園里,2022,市長,王文娟,無黨籍及未經政黨推薦,0,2433,0.0
3,中山區,朱園里,2022,市長,鄭匡宇,無黨籍及未經政黨推薦,2,2433,0.0822
3,中山區,朱園里,2022,市長,黃聖峰,台澎黨,0,2433,0.0
3,中山區,朱園里,2022,市長,童文薰,無黨籍及未經政黨推薦,3,2433,0.1233
3,中山區,朱園里,2022,市長,蔣萬安,中國國民黨,980,2433,40.2795
3,中山區,朱園里,2022,市長,蘇煥智,台灣維新,1,2433,0.0411
3,中山區,朱園里,2022,市長,黃珊珊,無黨籍及未經政黨推薦,550,2433,22.6058
3,中山區,朱園里,2022,市長,施奉先,無黨籍及未經政黨推薦,0,2433,0.0
3,中山區,朱園里,2022,市長,唐新民,共和黨,0,2433,0.0
3,中山區,朱園里,2022,市長,謝立康,無黨籍及未經政黨推薦,1,2433,0.0411
3,中山區,朱園里,2022,市長,陳時中,民主進步黨,893,2433,36.7037
3,中山區,朱園里,2023,立委,吳怡農,民主進步黨,815,1535,53.0945
3,中山區,朱園里,2023,立委,王鴻薇,中國國民黨,706,1535,45.9935
3,中山區,朱園里,2023,立委,蕭赫麟,無黨籍及未經政黨推薦,14,1535,0.9121
3,中山區,朱園里,2024,立委,余新造,人民最大黨,7,2694,0.2598
3,中山區,朱園里,2024,立委,陳源發,無黨籍及未經政黨推薦,21,2694,0.7795
3,中山區,朱園里,2024,立委,謝佩芬,民主進步黨,1345,2694,49.9258
3,中山區,朱園里,2024,立委,高士恩,制度救世島,1,2694,0.0371
3,中山區,朱園里,2024,立委,王鴻薇,中國國民黨,1299,2694,48.2183
3,中山區,朱園里,2024,立委,楊時睿,台灣維新,9,2694,0.3341
3,中山區,朱園里,2024,立委,陳一郎,臺灣雙語無法黨,12,2694,0.4454
3,中山區,朱園里,2024,總統,柯文哲,台灣民眾黨,582,2760,21.087
3,中山區,朱園里,2024,總統,賴清德,民主進步黨,1209,2760,43.8043
3,中山區,朱園里,2024,總統,侯友宜,中國國民黨,969,2760,35.1087
3,中山區,朱崙里,2014,市長,陳汝斌,三等國民公義人權自救黨,2,1638,0.1221
3,中山區,朱崙里,2014,市長,趙衍慶,無黨籍及未經政黨推薦,17,1638,1.0379
3,中山區,朱崙里,2014,市長,李宏信,無黨籍及未經政黨推薦,4,1638,0.2442
3,中山區,朱崙里,2014,市長,陳永昌,無黨籍及未經政黨推薦,0,1638,0.0
3,中山區,朱崙里,2014,市長,馮光遠,無黨籍及未經政黨推薦,8,1638,0.4884
3,中山區,朱崙里,2014,市長,連勝文,中國國民黨,622,1638,37.9731
3,中山區,朱崙里,2014,市長,柯文哲,無黨籍及未經政黨推薦,985,1638,60.1343
3,中山區,朱崙里,2016,立委,高士恩,大愛憲改聯盟,8,1601,0.4997
3,中山區,朱崙里,2016,立委,潘建志,無黨籍及未經政黨推薦,630,1601,39.3504
3,中山區,朱崙里,2016,立委,林新凱,台灣獨立黨,7,1601,0.4372
3,中山區,朱崙里,2016,立委,趙燕傑,無黨籍及未經政黨推薦,2,1601,0.1249
3,中山區,朱崙里,2016,立委,邱正浩,和平鴿聯盟黨,2,1601,0.1249
3,中山區,朱崙里,2016,立委,陳科引,無黨籍及未經政黨推薦,15,1601,0.9369
3,中山區,朱崙里,2016,立委,李晏榕,綠黨社會民主黨聯盟,222,1601,13.8663
3,中山區,朱崙里,2016,立委,李成嶽,軍公教聯盟黨,10,1601,0.6246
3,中山區,朱崙里,2016,立委,黃麗香,無黨籍及未經政黨推薦,4,1601,0.2498
3,中山區,朱崙里,2016,立委,蔣萬安,中國國民黨,701,1601,43.7851
3,中山區,朱崙里,2016,總統,朱立倫,中國國民黨,557,1627,34.2348
3,中山區,朱崙里,2016,總統,蔡英文,民主進步黨,903,1627,55.5009
3,中山區,朱崙里,2016,總統,宋楚瑜,親民黨,167,1627,10.2643
3,中山區,朱崙里,2018,市長,吳蕚洋,無黨籍及未經政黨推薦,6,1630,0.3681
3,中山區,朱崙里,2018,市長,丁守中,中國國民黨,600,1630,36.8098
3,中山區,朱崙里,2018,市長,姚文智,民主進步黨,344,1630,21.1043
3,中山區,朱崙里,2018,市長,柯文哲,無黨籍及未經政黨推薦,673,1630,41.2883
3,中山區,朱崙里,2018,市長,李錫錕,無黨籍及未經政黨推薦,7,1630,0.4294
3,中山區,朱崙里,2020,立委,何景榮,台灣民眾黨,64,1878,3.4079
3,中山區,朱崙里,2020,立委,吳怡農,民主進步黨,901,1878,47.9766
3,中山區,朱崙里,2020,立委,田方宇,安定力量,9,1878,0.4792
3,中山區,朱崙里,2020,立委,蔣萬安,中國國民黨,904,1878,48.1363
3,中山區,朱崙里,2020,總統,宋楚瑜,親民黨,78,1882,4.1445
3,中山區,朱崙里,2020,總統,韓國瑜,中國國民黨,731,1882,38.8417
3,中山區,朱崙里,2020,總統,蔡英文,民主進步黨,1073,1882,57.0138
3,中山區,朱崙里,2022,市長,張家豪,台灣動物保護黨,3,1659,0.1808
3,中山區,朱崙里,2022,市長,王文娟,無黨籍及未經政黨推薦,0,1659,0.0
3,中山區,朱崙里,2022,市長,鄭匡宇,無黨籍及未經政黨推薦,0,1659,0.0
3,中山區,朱崙里,2022,市長,黃聖峰,台澎黨,0,1659,0.0
3,中山區,朱崙里,2022,市長,童文薰,無黨籍及未經政黨推薦,4,1659,0.2411
3,中山區,朱崙里,2022,市長,蔣萬安,中國國民黨,699,1659,42.1338
3,中山區,朱崙里,2022,市長,蘇煥智,台灣維新,4,1659,0.2411
3,中山區,朱崙里,2022,市長,黃珊珊,無黨籍及未經政黨推薦,376,1659,22.6643
3,中山區,朱崙里,2022,市長,施奉先,無黨籍及未經政黨推薦,0,1659,0.0
3,中山區,朱崙里,2022,市長,唐新民,共和黨,1,1659,0.0603
3,中山區,朱崙里,2022,市長,謝立康,無黨籍及未經政黨推薦,1,1659,0.0603
3,中山區,朱崙里,2022,市長,陳時中,民主進步黨,571,1659,34.4183
3,中山區,朱崙里,2023,立委,吳怡農,民主進步黨,501,1001,50.05
3,中山區,朱崙里,2023,立委,王鴻薇,中國國民黨,497,1001,49.6503
3,中山區,朱崙里,2023,立委,蕭赫麟,無黨籍及未經政黨推薦,3,1001,0.2997
3,中山區,朱崙里,2024,立委,余新造,人民最大黨,6,1854,0.3236
3,中山區,朱崙里,2024,立委,陳源發,無黨籍及未經政黨推薦,9,1854,0.4854
3,中山區,朱崙里,2024,立委,謝佩芬,民主進步黨,881,1854,47.5189
3,中山區,朱崙里,2024,立委,高士恩,制度救世島,0,1854,0.0
3,中山區,朱崙里,2024,立委,王鴻薇,中國國民黨,935,1854,50.4315
3,中山區,朱崙里,2024,立委,楊時睿,台灣維新,15,1854,0.8091
3,中山區,朱崙里,2024,立委,陳一郎,臺灣雙語無法黨,8,1854,0.4315
3,中山區,朱崙里,2024,總統,柯文哲,台灣民眾黨,437,1910,22.8796
3,中山區,朱崙里,2024,總統,賴清德,民主進步黨,790,1910,41.3613
3,中山區,朱崙里,2024,總統,侯友宜,中國國民黨,683,1910,35.7592
3,中山區,朱馥里,2014,市長,陳汝斌,三等國民公義人權自救黨,2,3485,0.0574
3,中山區,朱馥里,2014,市長,趙衍慶,無黨籍及未經政黨推薦,42,3485,1.2052
3,中山區,朱馥里,2014,市長,李宏信,無黨籍及未經政黨推薦,10,3485,0.2869
3,中山區,朱馥里,2014,市長,陳永昌,無黨籍及未經政黨推薦,1,3485,0.0287
3,中山區,朱馥里,2014,市長,馮光遠,無黨籍及未經政黨推薦,11,3485,0.3156
3,中山區,朱馥里,2014,市長,連勝文,中國國民黨,1404,3485,40.2869
3,中山區,朱馥里,2014,市長,柯文哲,無黨籍及未經政黨推薦,2015,3485,57.8192
3,中山區,朱馥里,2016,立委,高士恩,大愛憲改聯盟,9,3283,0.2741
3,中山區,朱馥里,2016,立委,潘建志,無黨籍及未經政黨推薦,1264,3283,38.5014
3,中山區,朱馥里,2016,立委,林新凱,台灣獨立黨,11,3283,0.3351
3,中山區,朱馥里,2016,立委,趙燕傑,無黨籍及未經政黨推薦,6,3283,0.1828
3,中山區,朱馥里,2016,立委,邱正浩,和平鴿聯盟黨,10,3283,0.3046
3,中山區,朱馥里,2016,立委,陳科引,無黨籍及未經政黨推薦,34,3283,1.0356
3,中山區,朱馥里,2016,立委,李晏榕,綠黨社會民主黨聯盟,435,3283,13.2501
3,中山區,朱馥里,2016,立委,李成嶽,軍公教聯盟黨,12,3283,0.3655
3,中山區,朱馥里,2016,立委,黃麗香,無黨籍及未經政黨推薦,10,3283,0.3046
3,中山區,朱馥里,2016,立委,蔣萬安,中國國民黨,1492,3283,45.4462
3,中山區,朱馥里,2016,總統,朱立倫,中國國民黨,1189,3312,35.8998
3,中山區,朱馥里,2016,總統,蔡英文,民主進步黨,1777,3312,53.6534
3,中山區,朱馥里,2016,總統,宋楚瑜,親民黨,346,3312,10.4469
3,中山區,朱馥里,2018,市長,吳蕚洋,無黨籍及未經政黨推薦,13,3247,0.4004
3,中山區,朱馥里,2018,市長,丁守中,中國國民黨,1299,3247,40.0062
3,中山區,朱馥里,2018,市長,姚文智,民主進步黨,553,3247,17.0311
3,中山區,朱馥里,2018,市長,柯文哲,無黨籍及未經政黨推薦,1370,3247,42.1928
3,中山區,朱馥里,2018,市長,李錫錕,無黨籍及未經政黨推薦,12,3247,0.3696
3,中山區,朱馥里,2020,立委,何景榮,台灣民眾黨,81,3684,2.1987
3,中山區,朱馥里,2020,立委,吳怡農,民主進步黨,1715,3684,46.5527
3,中山區,朱馥里,2020,立委,田方宇,安定力量,27,3684,0.7329
3,中山區,朱馥里,2020,立委,蔣萬安,中國國民黨,1861,3684,50.5157
3,中山區,朱馥里,2020,總統,宋楚瑜,親民黨,150,3687,4.0683
3,中山區,朱馥里,2020,總統,韓國瑜,中國國民黨,1513,3687,41.0361
3,中山區,朱馥里,2020,總統,蔡英文,民主進步黨,2024,3687,54.8956
3,中山區,朱馥里,2022,市長,張家豪,台灣動物保護黨,11,2986,0.3684
3,中山區,朱馥里,2022,市長,王文娟,無黨籍及未經政黨推薦,0,2986,0.0
3,中山區,朱馥里,2022,市長,鄭匡宇,無黨籍及未經政黨推薦,0,2986,0.0
3,中山區,朱馥里,2022,市長,黃聖峰,台澎黨,0,2986,0.0
3,中山區,朱馥里,2022,市長,童文薰,無黨籍及未經政黨推薦,2,2986,0.067
3,中山區,朱馥里,2022,市長,蔣萬安,中國國民黨,1321,2986,44.2398
3,中山區,朱馥里,2022,市長,蘇煥智,台灣維新,3,2986,0.1005
3,中山區,朱馥里,2022,市長,黃珊珊,無黨籍及未經政黨推薦,681,2986,22.8064
3,中山區,朱馥里,2022,市長,施奉先,無黨籍及未經政黨推薦,0,2986,0.0
3,中山區,朱馥里,2022,市長,唐新民,共和黨,0,2986,0.0
3,中山區,朱馥里,2022,市長,謝立康,無黨籍及未經政黨推薦,0,2986,0.0
3,中山區,朱馥里,2022,市長,陳時中,民主進步黨,968,2986,32.418
3,中山區,朱馥里,2023,立委,吳怡農,民主進步黨,885,1778,49.775
3,中山區,朱馥里,2023,立委,王鴻薇,中國國民黨,884,1778,49.7188
3,中山區,朱馥里,2023,立委,蕭赫麟,無黨籍及未經政黨推薦,9,1778,0.5062
3,中山區,朱馥里,2024,立委,余新造,人民最大黨,19,3306,0.5747
3,中山區,朱馥里,2024,立委,陳源發,無黨籍及未經政黨推薦,37,3306,1.1192
3,中山區,朱馥里,2024,立委,謝佩芬,民主進步黨,1498,3306,45.3116
3,中山區,朱馥里,2024,立委,高士恩,制度救世島,3,3306,0.0907
3,中山區,朱馥里,2024,立委,王鴻薇,中國國民黨,1710,3306,51.7241
3,中山區,朱馥里,2024,立委,楊時睿,台灣維新,28,3306,0.8469
3,中山區,朱馥里,2024,立委,陳一郎,臺灣雙語無法黨,11,3306,0.3327
3,中山區,朱馥里,2024,總統,柯文哲,台灣民眾黨,785,3385,23.1905
3,中山區,朱馥里,2024,總統,賴清德,民主進步黨,1328,3385,39.2319
3,中山區,朱馥里,2024,總統,侯友宜,中國國民黨,1272,3385,37.5775
3,中山區,松江里,2014,市長,陳汝斌,三等國民公義人權自救黨,3,4019,0.0746
3,中山區,松江里,2014,市長,趙衍慶,無黨籍及未經政黨推薦,34,4019,0.846
3,中山區,松江里,2014,市長,李宏信,無黨籍及未經政黨推薦,9,4019,0.2239
3,中山區,松江里,2014,市長,陳永昌,無黨籍及未經政黨推薦,5,4019,0.1244
3,中山區,松江里,2014,市長,馮光遠,無黨籍及未經政黨推薦,26,4019,0.6469
3,中山區,松江里,2014,市長,連勝文,中國國民黨,1440,4019,35.8298
3,中山區,松江里,2014,市長,柯文哲,無黨籍及未經政黨推薦,2502,4019,62.2543
3,中山區,松江里,2016,立委,高士恩,大愛憲改聯盟,10,3834,0.2608
3,中山區,松江里,2016,立委,潘建志,無黨籍及未經政黨推薦,1760,3834,45.9051
3,中山區,松江里,2016,立委,林新凱,台灣獨立黨,23,3834,0.5999
3,中山區,松江里,2016,立委,趙燕傑,無黨籍及未經政黨推薦,10,3834,0.2608
3,中山區,松江里,2016,立委,邱正浩,和平鴿聯盟黨,6,3834,0.1565
3,中山區,松江里,2016,立委,陳科引,無黨籍及未經政黨推薦,40,3834,1.0433
3,中山區,松江里,2016,立委,李晏榕,綠黨社會民主黨聯盟,425,3834,11.085
3,中山區,松江里,2016,立委,李成嶽,軍公教聯盟黨,9,3834,0.2347
3,中山區,松江里,2016,立委,黃麗香,無黨籍及未經政黨推薦,9,3834,0.2347
3,中山區,松江里,2016,立委,蔣萬安,中國國民黨,1542,3834,40.2191
3,中山區,松江里,2016,總統,朱立倫,中國國民黨,1231,3879,31.735
3,中山區,松江里,2016,總統,蔡英文,民主進步黨,2268,3879,58.4687
3,中山區,松江里,2016,總統,宋楚瑜,親民黨,380,3879,9.7963
3,中山區,松江里,2018,市長,吳蕚洋,無黨籍及未經政黨推薦,20,3697,0.541
3,中山區,松江里,2018,市長,丁守中,中國國民黨,1339,3697,36.2186
3,中山區,松江里,2018,市長,姚文智,民主進步黨,756,3697,20.449
3,中山區,松江里,2018,市長,柯文哲,無黨籍及未經政黨推薦,1572,3697,42.521
3,中山區,松江里,2018,市長,李錫錕,無黨籍及未經政黨推薦,10,3697,0.2705
3,中山區,松江里,2020,立委,何景榮,台灣民眾黨,116,4121,2.8149
3,中山區,松江里,2020,立委,吳怡農,民主進步黨,2081,4121,50.4975
3,中山區,松江里,2020,立委,田方宇,安定力量,21,4121,0.5096
3,中山區,松江里,2020,立委,蔣萬安,中國國民黨,1903,4121,46.1781
3,中山區,松江里,2020,總統,宋楚瑜,親民黨,186,4139,4.4938
3,中山區,松江里,2020,總統,韓國瑜,中國國民黨,1522,4139,36.7722
3,中山區,松江里,2020,總統,蔡英文,民主進步黨,2431,4139,58.734
3,中山區,松江里,2022,市長,張家豪,台灣動物保護黨,5,3339,0.1497
3,中山區,松江里,2022,市長,王文娟,無黨籍及未經政黨推薦,0,3339,0.0
3,中山區,松江里,2022,市長,鄭匡宇,無黨籍及未經政黨推薦,2,3339,0.0599
3,中山區,松江里,2022,市長,黃聖峰,台澎黨,0,3339,0.0
3,中山區,松江里,2022,市長,童文薰,無黨籍及未經政黨推薦,8,3339,0.2396
3,中山區,松江里,2022,市長,蔣萬安,中國國民黨,1339,3339,40.1018
3,中山區,松江里,2022,市長,蘇煥智,台灣維新,6,3339,0.1797
3,中山區,松江里,2022,市長,黃珊珊,無黨籍及未經政黨推薦,798,3339,23.8994
3,中山區,松江里,2022,市長,施奉先,無黨籍及未經政黨推薦,0,3339,0.0
3,中山區,松江里,2022,市長,唐新民,共和黨,0,3339,0.0
3,中山區,松江里,2022,市長,謝立康,無黨籍及未經政黨推薦,1,3339,0.0299
3,中山區,松江里,2022,市長,陳時中,民主進步黨,1180,3339,35.3399
3,中山區,松江里,2023,立委,吳怡農,民主進步黨,1183,2184,54.1667
3,中山區,松江里,2023,立委,王鴻薇,中國國民黨,996,2184,45.6044
3,中山區,松江里,2023,立委,蕭赫麟,無黨籍及未經政黨推薦,5,2184,0.2289
3,中山區,松江里,2024,立委,余新造,人民最大黨,11,3786,0.2905
3,中山區,松江里,2024,立委,陳源發,無黨籍及未經政黨推薦,30,3786,0.7924
3,中山區,松江里,2024,立委,謝佩芬,民主進步黨,1889,3786,49.8943
3,中山區,松江里,2024,立委,高士恩,制度救世島,4,3786,0.1057
3,中山區,松江里,2024,立委,王鴻薇,中國國民黨,1805,3786,47.6756
3,中山區,松江里,2024,立委,楊時睿,台灣維新,23,3786,0.6075
3,中山區,松江里,2024,立委,陳一郎,臺灣雙語無法黨,24,3786,0.6339
3,中山區,松江里,2024,總統,柯文哲,台灣民眾黨,923,3890,23.7275
3,中山區,松江里,2024,總統,賴清德,民主進步黨,1676,3890,43.0848
3,中山區,松江里,2024,總統,侯友宜,中國國民黨,1291,3890,33.1877
3,中山區,正守里,2014,市長,陳汝斌,三等國民公義人權自救黨,2,1890,0.1058
3,中山區,正守里,2014,市長,趙衍慶,無黨籍及未經政黨推薦,16,1890,0.8466
3,中山區,正守里,2014,市長,李宏信,無黨籍及未經政黨推薦,3,1890,0.1587
3,中山區,正守里,2014,市長,陳永昌,無黨籍及未經政黨推薦,1,1890,0.0529
3,中山區,正守里,2014,市長,馮光遠,無黨籍及未經政黨推薦,9,1890,0.4762
3,中山區,正守里,2014,市長,連勝文,中國國民黨,708,1890,37.4603
3,中山區,正守里,2014,市長,柯文哲,無黨籍及未經政黨推薦,1151,1890,60.8995
3,中山區,正守里,2016,立委,高士恩,大愛憲改聯盟,10,1828,0.547
3,中山區,正守里,2016,立委,潘建志,無黨籍及未經政黨推薦,768,1828,42.0131
3,中山區,正守里,2016,立委,林新凱,台灣獨立黨,7,1828,0.3829
3,中山區,正守里,2016,立委,趙燕傑,無黨籍及未經政黨推薦,2,1828,0.1094
3,中山區,正守里,2016,立委,邱正浩,和平鴿聯盟黨,10,1828,0.547
3,中山區,正守里,2016,立委,陳科引,無黨籍及未經政黨推薦,19,1828,1.0394
3,中山區,正守里,2016,立委,李晏榕,綠黨社會民主黨聯盟,228,1828,12.4726
3,中山區,正守里,2016,立委,李成嶽,軍公教聯盟黨,2,1828,0.1094
3,中山區,正守里,2016,立委,黃麗香,無黨籍及未經政黨推薦,4,1828,0.2188
3,中山區,正守里,2016,立委,蔣萬安,中國國民黨,778,1828,42.5602
3,中山區,正守里,2016,總統,朱立倫,中國國民黨,619,1843,33.5865
3,中山區,正守里,2016,總統,蔡英文,民主進步黨,1027,1843,55.7244
3,中山區,正守里,2016,總統,宋楚瑜,親民黨,197,1843,10.6891
3,中山區,正守里,2018,市長,吳蕚洋,無黨籍及未經政黨推薦,7,1842,0.38
3,中山區,正守里,2018,市長,丁守中,中國國民黨,708,1842,38.4365
3,中山區,正守里,2018,市長,姚文智,民主進步黨,348,1842,18.8925
3,中山區,正守里,2018,市長,柯文哲,無黨籍及未經政黨推薦,769,1842,41.7481
3,中山區,正守里,2018,市長,李錫錕,無黨籍及未經政黨推薦,10,1842,0.5429
3,中山區,正守里,2020,立委,何景榮,台灣民眾黨,62,2087,2.9708
3,中山區,正守里,2020,立委,吳怡農,民主進步黨,973,2087,46.6219
3,中山區,正守里,2020,立委,田方宇,安定力量,7,2087,0.3354
3,中山區,正守里,2020,立委,蔣萬安,中國國民黨,1045,2087,50.0719
3,中山區,正守里,2020,總統,宋楚瑜,親民黨,108,2098,5.1478
3,中山區,正守里,2020,總統,韓國瑜,中國國民黨,826,2098,39.3708
3,中山區,正守里,2020,總統,蔡英文,民主進步黨,1164,2098,55.4814
3,中山區,正守里,2022,市長,張家豪,台灣動物保護黨,2,1849,0.1082
3,中山區,正守里,2022,市長,王文娟,無黨籍及未經政黨推薦,0,1849,0.0
3,中山區,正守里,2022,市長,鄭匡宇,無黨籍及未經政黨推薦,0,1849,0.0
3,中山區,正守里,2022,市長,黃聖峰,台澎黨,0,1849,0.0
3,中山區,正守里,2022,市長,童文薰,無黨籍及未經政黨推薦,6,1849,0.3245
3,中山區,正守里,2022,市長,蔣萬安,中國國民黨,762,1849,41.2115
3,中山區,正守里,2022,市長,蘇煥智,台灣維新,1,1849,0.0541
3,中山區,正守里,2022,市長,黃珊珊,無黨籍及未經政黨推薦,454,1849,24.5538
3,中山區,正守里,2022,市長,施奉先,無黨籍及未經政黨推薦,0,1849,0.0
3,中山區,正守里,2022,市長,唐新民,共和黨,0,1849,0.0
3,中山區,正守里,2022,市長,謝立康,無黨籍及未經政黨推薦,0,1849,0.0
3,中山區,正守里,2022,市長,陳時中,民主進步黨,624,1849,33.748
3,中山區,正守里,2023,立委,吳怡農,民主進步黨,510,1045,48.8038
3,中山區,正守里,2023,立委,王鴻薇,中國國民黨,530,1045,50.7177
3,中山區,正守里,2023,立委,蕭赫麟,無黨籍及未經政黨推薦,5,1045,0.4785
3,中山區,正守里,2024,立委,余新造,人民最大黨,4,1979,0.2021
3,中山區,正守里,2024,立委,陳源發,無黨籍及未經政黨推薦,25,1979,1.2633
3,中山區,正守里,2024,立委,謝佩芬,民主進步黨,951,1979,48.0546
3,中山區,正守里,2024,立委,高士恩,制度救世島,5,1979,0.2527
3,中山區,正守里,2024,立委,王鴻薇,中國國民黨,966,1979,48.8125
3,中山區,正守里,2024,立委,楊時睿,台灣維新,19,1979,0.9601
3,中山區,正守里,2024,立委,陳一郎,臺灣雙語無法黨,9,1979,0.4548
3,中山區,正守里,2024,總統,柯文哲,台灣民眾黨,464,2037,22.7786
3,中山區,正守里,2024,總統,賴清德,民主進步黨,829,2037,40.6971
3,中山區,正守里,2024,總統,侯友宜,中國國民黨,744,2037,36.5243
3,中山區,正得里,2014,市長,陳汝斌,三等國民公義人權自救黨,7,2033,0.3443
3,中山區,正得里,2014,市長,趙衍慶,無黨籍及未經政黨推薦,18,2033,0.8854
3,中山區,正得里,2014,市長,李宏信,無黨籍及未經政黨推薦,0,2033,0.0
3,中山區,正得里,2014,市長,陳永昌,無黨籍及未經政黨推薦,2,2033,0.0984
3,中山區,正得里,2014,市長,馮光遠,無黨籍及未經政黨推薦,13,2033,0.6394
3,中山區,正得里,2014,市長,連勝文,中國國民黨,862,2033,42.4004
3,中山區,正得里,2014,市長,柯文哲,無黨籍及未經政黨推薦,1131,2033,55.6321
3,中山區,正得里,2016,立委,高士恩,大愛憲改聯盟,5,1999,0.2501
3,中山區,正得里,2016,立委,潘建志,無黨籍及未經政黨推薦,781,1999,39.0695
3,中山區,正得里,2016,立委,林新凱,台灣獨立黨,12,1999,0.6003
3,中山區,正得里,2016,立委,趙燕傑,無黨籍及未經政黨推薦,7,1999,0.3502
3,中山區,正得里,2016,立委,邱正浩,和平鴿聯盟黨,5,1999,0.2501
3,中山區,正得里,2016,立委,陳科引,無黨籍及未經政黨推薦,17,1999,0.8504
3,中山區,正得里,2016,立委,李晏榕,綠黨社會民主黨聯盟,235,1999,11.7559
3,中山區,正得里,2016,立委,李成嶽,軍公教聯盟黨,6,1999,0.3002
3,中山區,正得里,2016,立委,黃麗香,無黨籍及未經政黨推薦,3,1999,0.1501
3,中山區,正得里,2016,立委,蔣萬安,中國國民黨,928,1999,46.4232
3,中山區,正得里,2016,總統,朱立倫,中國國民黨,739,2055,35.9611
3,中山區,正得里,2016,總統,蔡英文,民主進步黨,1098,2055,53.4307
3,中山區,正得里,2016,總統,宋楚瑜,親民黨,218,2055,10.6083
3,中山區,正得里,2018,市長,吳蕚洋,無黨籍及未經政黨推薦,7,1956,0.3579
3,中山區,正得里,2018,市長,丁守中,中國國民黨,774,1956,39.5706
3,中山區,正得里,2018,市長,姚文智,民主進步黨,339,1956,17.3313
3,中山區,正得里,2018,市長,柯文哲,無黨籍及未經政黨推薦,832,1956,42.5358
3,中山區,正得里,2018,市長,李錫錕,無黨籍及未經政黨推薦,4,1956,0.2045
3,中山區,正得里,2020,立委,何景榮,台灣民眾黨,61,2307,2.6441
3,中山區,正得里,2020,立委,吳怡農,民主進步黨,1052,2307,45.6003
3,中山區,正得里,2020,立委,田方宇,安定力量,13,2307,0.5635
3,中山區,正得里,2020,立委,蔣萬安,中國國民黨,1181,2307,51.192
3,中山區,正得里,2020,總統,宋楚瑜,親民黨,79,2327,3.3949
3,中山區,正得里,2020,總統,韓國瑜,中國國民黨,997,2327,42.8449
3,中山區,正得里,2020,總統,蔡英文,民主進步黨,1251,2327,53.7602
3,中山區,正得里,2022,市長,張家豪,台灣動物保護黨,2,1906,0.1049
3,中山區,正得里,2022,市長,王文娟,無黨籍及未經政黨推薦,1,1906,0.0525
3,中山區,正得里,2022,市長,鄭匡宇,無黨籍及未經政黨推薦,0,1906,0.0
3,中山區,正得里,2022,市長,黃聖峰,台澎黨,0,1906,0.0
3,中山區,正得里,2022,市長,童文薰,無黨籍及未經政黨推薦,4,1906,0.2099
3,中山區,正得里,2022,市長,蔣萬安,中國國民黨,825,1906,43.2844
3,中山區,正得里,2022,市長,蘇煥智,台灣維新,2,1906,0.1049
3,中山區,正得里,2022,市長,黃珊珊,無黨籍及未經政黨推薦,436,1906,22.8751
3,中山區,正得里,2022,市長,施奉先,無黨籍及未經政黨推薦,0,1906,0.0
3,中山區,正得里,2022,市長,唐新民,共和黨,0,1906,0.0
3,中山區,正得里,2022,市長,謝立康,無黨籍及未經政黨推薦,0,1906,0.0
3,中山區,正得里,2022,市長,陳時中,民主進步黨,636,1906,33.3683
3,中山區,正得里,2023,立委,吳怡農,民主進步黨,471,973,48.407
3,中山區,正得里,2023,立委,王鴻薇,中國國民黨,498,973,51.1819
3,中山區,正得里,2023,立委,蕭赫麟,無黨籍及未經政黨推薦,4,973,0.4111
3,中山區,正得里,2024,立委,余新造,人民最大黨,7,2150,0.3256
3,中山區,正得里,2024,立委,陳源發,無黨籍及未經政黨推薦,29,2150,1.3488
3,中山區,正得里,2024,立委,謝佩芬,民主進步黨,952,2150,44.2791
3,中山區,正得里,2024,立委,高士恩,制度救世島,1,2150,0.0465
3,中山區,正得里,2024,立委,王鴻薇,中國國民黨,1132,2150,52.6512
3,中山區,正得里,2024,立委,楊時睿,台灣維新,10,2150,0.4651
3,中山區,正得里,2024,立委,陳一郎,臺灣雙語無法黨,19,2150,0.8837
3,中山區,正得里,2024,總統,柯文哲,台灣民眾黨,503,2220,22.6577
3,中山區,正得里,2024,總統,賴清德,民主進步黨,874,2220,39.3694
3,中山區,正得里,2024,總統,侯友宜,中國國民黨,843,2220,37.973
3,中山區,正義里,2014,市長,陳汝斌,三等國民公義人權自救黨,1,2787,0.0359
3,中山區,正義里,2014,市長,趙衍慶,無黨籍及未經政黨推薦,18,2787,0.6459
3,中山區,正義里,2014,市長,李宏信,無黨籍及未經政黨推薦,5,2787,0.1794
3,中山區,正義里,2014,市長,陳永昌,無黨籍及未經政黨推薦,5,2787,0.1794
3,中山區,正義里,2014,市長,馮光遠,無黨籍及未經政黨推薦,15,2787,0.5382
3,中山區,正義里,2014,市長,連勝文,中國國民黨,1136,2787,40.7607
3,中山區,正義里,2014,市長,柯文哲,無黨籍及未經政黨推薦,1607,2787,57.6606
3,中山區,正義里,2016,立委,高士恩,大愛憲改聯盟,10,2670,0.3745
3,中山區,正義里,2016,立委,潘建志,無黨籍及未經政黨推薦,993,2670,37.191
3,中山區,正義里,2016,立委,林新凱,台灣獨立黨,11,2670,0.412
3,中山區,正義里,2016,立委,趙燕傑,無黨籍及未經政黨推薦,10,2670,0.3745
3,中山區,正義里,2016,立委,邱正浩,和平鴿聯盟黨,8,2670,0.2996
3,中山區,正義里,2016,立委,陳科引,無黨籍及未經政黨推薦,28,2670,1.0487
3,中山區,正義里,2016,立委,李晏榕,綠黨社會民主黨聯盟,391,2670,14.6442
3,中山區,正義里,2016,立委,李成嶽,軍公教聯盟黨,7,2670,0.2622
3,中山區,正義里,2016,立委,黃麗香,無黨籍及未經政黨推薦,16,2670,0.5993
3,中山區,正義里,2016,立委,蔣萬安,中國國民黨,1196,2670,44.794
3,中山區,正義里,2016,總統,朱立倫,中國國民黨,960,2744,34.9854
3,中山區,正義里,2016,總統,蔡英文,民主進步黨,1436,2744,52.3324
3,中山區,正義里,2016,總統,宋楚瑜,親民黨,348,2744,12.6822
3,中山區,正義里,2018,市長,吳蕚洋,無黨籍及未經政黨推薦,12,2723,0.4407
3,中山區,正義里,2018,市長,丁守中,中國國民黨,1133,2723,41.6085
3,中山區,正義里,2018,市長,姚文智,民主進步黨,464,2723,17.04
3,中山區,正義里,2018,市長,柯文哲,無黨籍及未經政黨推薦,1098,2723,40.3232
3,中山區,正義里,2018,市長,李錫錕,無黨籍及未經政黨推薦,16,2723,0.5876
3,中山區,正義里,2020,立委,何景榮,台灣民眾黨,121,3219,3.7589
3,中山區,正義里,2020,立委,吳怡農,民主進步黨,1425,3219,44.2684
3,中山區,正義里,2020,立委,田方宇,安定力量,21,3219,0.6524
3,中山區,正義里,2020,立委,蔣萬安,中國國民黨,1652,3219,51.3203
3,中山區,正義里,2020,總統,宋楚瑜,親民黨,156,3267,4.775
3,中山區,正義里,2020,總統,韓國瑜,中國國民黨,1396,3267,42.7303
3,中山區,正義里,2020,總統,蔡英文,民主進步黨,1715,3267,52.4946
3,中山區,正義里,2022,市長,張家豪,台灣動物保護黨,4,2640,0.1515
3,中山區,正義里,2022,市長,王文娟,無黨籍及未經政黨推薦,2,2640,0.0758
3,中山區,正義里,2022,市長,鄭匡宇,無黨籍及未經政黨推薦,1,2640,0.0379
3,中山區,正義里,2022,市長,黃聖峰,台澎黨,0,2640,0.0
3,中山區,正義里,2022,市長,童文薰,無黨籍及未經政黨推薦,4,2640,0.1515
3,中山區,正義里,2022,市長,蔣萬安,中國國民黨,1203,2640,45.5682
3,中山區,正義里,2022,市長,蘇煥智,台灣維新,4,2640,0.1515
3,中山區,正義里,2022,市長,黃珊珊,無黨籍及未經政黨推薦,562,2640,21.2879
3,中山區,正義里,2022,市長,施奉先,無黨籍及未經政黨推薦,2,2640,0.0758
3,中山區,正義里,2022,市長,唐新民,共和黨,0,2640,0.0
3,中山區,正義里,2022,市長,謝立康,無黨籍及未經政黨推薦,0,2640,0.0
3,中山區,正義里,2022,市長,陳時中,民主進步黨,858,2640,32.5
3,中山區,正義里,2023,立委,吳怡農,民主進步黨,737,1536,47.9818
3,中山區,正義里,2023,立委,王鴻薇,中國國民黨,788,1536,51.3021
3,中山區,正義里,2023,立委,蕭赫麟,無黨籍及未經政黨推薦,11,1536,0.7161
3,中山區,正義里,2024,立委,余新造,人民最大黨,15,2964,0.5061
3,中山區,正義里,2024,立委,陳源發,無黨籍及未經政黨推薦,31,2964,1.0459
3,中山區,正義里,2024,立委,謝佩芬,民主進步黨,1306,2964,44.0621
3,中山區,正義里,2024,立委,高士恩,制度救世島,5,2964,0.1687
3,中山區,正義里,2024,立委,王鴻薇,中國國民黨,1566,2964,52.834
3,中山區,正義里,2024,立委,楊時睿,台灣維新,26,2964,0.8772
3,中山區,正義里,2024,立委,陳一郎,臺灣雙語無法黨,15,2964,0.5061
3,中山區,正義里,2024,總統,柯文哲,台灣民眾黨,726,3093,23.4724
3,中山區,正義里,2024,總統,賴清德,民主進步黨,1176,3093,38.0213
3,中山區,正義里,2024,總統,侯友宜,中國國民黨,1191,3093,38.5063
3,中山區,民安里,2014,市長,陳汝斌,三等國民公義人權自救黨,4,2798,0.143
3,中山區,民安里,2014,市長,趙衍慶,無黨籍及未經政黨推薦,23,2798,0.822
3,中山區,民安里,2014,市長,李宏信,無黨籍及未經政黨推薦,5,2798,0.1787
3,中山區,民安里,2014,市長,陳永昌,無黨籍及未經政黨推薦,3,2798,0.1072
3,中山區,民安里,2014,市長,馮光遠,無黨籍及未經政黨推薦,22,2798,0.7863
3,中山區,民安里,2014,市長,連勝文,中國國民黨,972,2798,34.7391
3,中山區,民安里,2014,市長,柯文哲,無黨籍及未經政黨推薦,1769,2798,63.2237
3,中山區,民安里,2016,立委,高士恩,大愛憲改聯盟,7,2635,0.2657
3,中山區,民安里,2016,立委,潘建志,無黨籍及未經政黨推薦,1195,2635,45.351
3,中山區,民安里,2016,立委,林新凱,台灣獨立黨,15,2635,0.5693
3,中山區,民安里,2016,立委,趙燕傑,無黨籍及未經政黨推薦,6,2635,0.2277
3,中山區,民安里,2016,立委,邱正浩,和平鴿聯盟黨,12,2635,0.4554
3,中山區,民安里,2016,立委,陳科引,無黨籍及未經政黨推薦,21,2635,0.797
3,中山區,民安里,2016,立委,李晏榕,綠黨社會民主黨聯盟,346,2635,13.1309
3,中山區,民安里,2016,立委,李成嶽,軍公教聯盟黨,7,2635,0.2657
3,中山區,民安里,2016,立委,黃麗香,無黨籍及未經政黨推薦,13,2635,0.4934
3,中山區,民安里,2016,立委,蔣萬安,中國國民黨,1013,2635,38.444
3,中山區,民安里,2016,總統,朱立倫,中國國民黨,816,2679,30.4591
3,中山區,民安里,2016,總統,蔡英文,民主進步黨,1585,2679,59.1639
3,中山區,民安里,2016,總統,宋楚瑜,親民黨,278,2679,10.377
3,中山區,民安里,2018,市長,吳蕚洋,無黨籍及未經政黨推薦,11,2704,0.4068
3,中山區,民安里,2018,市長,丁守中,中國國民黨,967,2704,35.7618
3,中山區,民安里,2018,市長,姚文智,民主進步黨,619,2704,22.892
3,中山區,民安里,2018,市長,柯文哲,無黨籍及未經政黨推薦,1098,2704,40.6065
3,中山區,民安里,2018,市長,李錫錕,無黨籍及未經政黨推薦,9,2704,0.3328
3,中山區,民安里,2020,立委,何景榮,台灣民眾黨,104,2920,3.5616
3,中山區,民安里,2020,立委,吳怡農,民主進步黨,1465,2920,50.1712
3,中山區,民安里,2020,立委,田方宇,安定力量,14,2920,0.4795
3,中山區,民安里,2020,立委,蔣萬安,中國國民黨,1337,2920,45.7877
3,中山區,民安里,2020,總統,宋楚瑜,親民黨,120,2927,4.0998
3,中山區,民安里,2020,總統,韓國瑜,中國國民黨,1072,2927,36.6245
3,中山區,民安里,2020,總統,蔡英文,民主進步黨,1735,2927,59.2757
3,中山區,民安里,2022,市長,張家豪,台灣動物保護黨,6,2411,0.2489
3,中山區,民安里,2022,市長,王文娟,無黨籍及未經政黨推薦,0,2411,0.0
3,中山區,民安里,2022,市長,鄭匡宇,無黨籍及未經政黨推薦,1,2411,0.0415
3,中山區,民安里,2022,市長,黃聖峰,台澎黨,1,2411,0.0415
3,中山區,民安里,2022,市長,童文薰,無黨籍及未經政黨推薦,7,2411,0.2903
3,中山區,民安里,2022,市長,蔣萬安,中國國民黨,950,2411,39.4027
3,中山區,民安里,2022,市長,蘇煥智,台灣維新,2,2411,0.083
3,中山區,民安里,2022,市長,黃珊珊,無黨籍及未經政黨推薦,492,2411,20.4065
3,中山區,民安里,2022,市長,施奉先,無黨籍及未經政黨推薦,0,2411,0.0
3,中山區,民安里,2022,市長,唐新民,共和黨,0,2411,0.0
3,中山區,民安里,2022,市長,謝立康,無黨籍及未經政黨推薦,3,2411,0.1244
3,中山區,民安里,2022,市長,陳時中,民主進步黨,949,2411,39.3613
3,中山區,民安里,2023,立委,吳怡農,民主進步黨,799,1472,54.2799
3,中山區,民安里,2023,立委,王鴻薇,中國國民黨,669,1472,45.4484
3,中山區,民安里,2023,立委,蕭赫麟,無黨籍及未經政黨推薦,4,1472,0.2717
3,中山區,民安里,2024,立委,余新造,人民最大黨,9,2638,0.3412
3,中山區,民安里,2024,立委,陳源發,無黨籍及未經政黨推薦,24,2638,0.9098
3,中山區,民安里,2024,立委,謝佩芬,民主進步黨,1332,2638,50.4928
3,中山區,民安里,2024,立委,高士恩,制度救世島,2,2638,0.0758
3,中山區,民安里,2024,立委,王鴻薇,中國國民黨,1247,2638,47.2707
3,中山區,民安里,2024,立委,楊時睿,台灣維新,11,2638,0.417
3,中山區,民安里,2024,立委,陳一郎,臺灣雙語無法黨,13,2638,0.4928
3,中山區,民安里,2024,總統,柯文哲,台灣民眾黨,590,2713,21.7471
3,中山區,民安里,2024,總統,賴清德,民主進步黨,1219,2713,44.9318
3,中山區,民安里,2024,總統,侯友宜,中國國民黨,904,2713,33.321
3,中山區,永安里,2014,市長,陳汝斌,三等國民公義人權自救黨,9,5341,0.1685
3,中山區,永安里,2014,市長,趙衍慶,無黨籍及未經政黨推薦,49,5341,0.9174
3,中山區,永安里,2014,市長,李宏信,無黨籍及未經政黨推薦,10,5341,0.1872
3,中山區,永安里,2014,市長,陳永昌,無黨籍及未經政黨推薦,4,5341,0.0749
3,中山區,永安里,2014,市長,馮光遠,無黨籍及未經政黨推薦,26,5341,0.4868
3,中山區,永安里,2014,市長,連勝文,中國國民黨,2184,5341,40.8912
3,中山區,永安里,2014,市長,柯文哲,無黨籍及未經政黨推薦,3059,5341,57.2739
3,中山區,永安里,2016,立委,高士恩,大愛憲改聯盟,8,5205,0.1537
3,中山區,永安里,2016,立委,潘建志,無黨籍及未經政黨推薦,1999,5205,38.4054
3,中山區,永安里,2016,立委,林新凱,台灣獨立黨,10,5205,0.1921
3,中山區,永安里,2016,立委,趙燕傑,無黨籍及未經政黨推薦,4,5205,0.0768
3,中山區,永安里,2016,立委,邱正浩,和平鴿聯盟黨,6,5205,0.1153
3,中山區,永安里,2016,立委,陳科引,無黨籍及未經政黨推薦,21,5205,0.4035
3,中山區,永安里,2016,立委,李晏榕,綠黨社會民主黨聯盟,720,5205,13.8329
3,中山區,永安里,2016,立委,李成嶽,軍公教聯盟黨,23,5205,0.4419
3,中山區,永安里,2016,立委,黃麗香,無黨籍及未經政黨推薦,13,5205,0.2498
3,中山區,永安里,2016,立委,蔣萬安,中國國民黨,2401,5205,46.1287
3,中山區,永安里,2016,總統,朱立倫,中國國民黨,1984,5223,37.9858
3,中山區,永安里,2016,總統,蔡英文,民主進步黨,2722,5223,52.1156
3,中山區,永安里,2016,總統,宋楚瑜,親民黨,517,5223,9.8985
3,中山區,永安里,2018,市長,吳蕚洋,無黨籍及未經政黨推薦,12,5058,0.2372
3,中山區,永安里,2018,市長,丁守中,中國國民黨,2078,5058,41.0834
3,中山區,永安里,2018,市長,姚文智,民主進步黨,898,5058,17.7541
3,中山區,永安里,2018,市長,柯文哲,無黨籍及未經政黨推薦,2050,5058,40.5299
3,中山區,永安里,2018,市長,李錫錕,無黨籍及未經政黨推薦,20,5058,0.3954
3,中山區,永安里,2020,立委,何景榮,台灣民眾黨,137,5836,2.3475
3,中山區,永安里,2020,立委,吳怡農,民主進步黨,2677,5836,45.8705
3,中山區,永安里,2020,立委,田方宇,安定力量,29,5836,0.4969
3,中山區,永安里,2020,立委,蔣萬安,中國國民黨,2993,5836,51.2851
3,中山區,永安里,2020,總統,宋楚瑜,親民黨,232,5838,3.974
3,中山區,永安里,2020,總統,韓國瑜,中國國民黨,2428,5838,41.5896
3,中山區,永安里,2020,總統,蔡英文,民主進步黨,3178,5838,54.4365
3,中山區,永安里,2022,市長,張家豪,台灣動物保護黨,5,5007,0.0999
3,中山區,永安里,2022,市長,王文娟,無黨籍及未經政黨推薦,2,5007,0.0399
3,中山區,永安里,2022,市長,鄭匡宇,無黨籍及未經政黨推薦,3,5007,0.0599
3,中山區,永安里,2022,市長,黃聖峰,台澎黨,1,5007,0.02
3,中山區,永安里,2022,市長,童文薰,無黨籍及未經政黨推薦,11,5007,0.2197
3,中山區,永安里,2022,市長,蔣萬安,中國國民黨,2222,5007,44.3779
3,中山區,永安里,2022,市長,蘇煥智,台灣維新,3,5007,0.0599
3,中山區,永安里,2022,市長,黃珊珊,無黨籍及未經政黨推薦,1189,5007,23.7468
3,中山區,永安里,2022,市長,施奉先,無黨籍及未經政黨推薦,1,5007,0.02
3,中山區,永安里,2022,市長,唐新民,共和黨,1,5007,0.02
3,中山區,永安里,2022,市長,謝立康,無黨籍及未經政黨推薦,0,5007,0.0
3,中山區,永安里,2022,市長,陳時中,民主進步黨,1569,5007,31.3361
3,中山區,永安里,2023,立委,吳怡農,民主進步黨,1471,3212,45.797
3,中山區,永安里,2023,立委,王鴻薇,中國國民黨,1729,3212,53.8294
3,中山區,永安里,2023,立委,蕭赫麟,無黨籍及未經政黨推薦,12,3212,0.3736
3,中山區,永安里,2024,立委,余新造,人民最大黨,15,5473,0.2741
3,中山區,永安里,2024,立委,陳源發,無黨籍及未經政黨推薦,35,5473,0.6395
3,中山區,永安里,2024,立委,謝佩芬,民主進步黨,2518,5473,46.0077
3,中山區,永安里,2024,立委,高士恩,制度救世島,5,5473,0.0914
3,中山區,永安里,2024,立委,王鴻薇,中國國民黨,2833,5473,51.7632
3,中山區,永安里,2024,立委,楊時睿,台灣維新,37,5473,0.676
3,中山區,永安里,2024,立委,陳一郎,臺灣雙語無法黨,30,5473,0.5481
3,中山區,永安里,2024,總統,柯文哲,台灣民眾黨,1222,5620,21.7438
3,中山區,永安里,2024,總統,賴清德,民主進步黨,2204,5620,39.2171
3,中山區,永安里,2024,總統,侯友宜,中國國民黨,2194,5620,39.0391
3,中山區,江寧里,2014,市長,陳汝斌,三等國民公義人權自救黨,9,4102,0.2194
3,中山區,江寧里,2014,市長,趙衍慶,無黨籍及未經政黨推薦,44,4102,1.0726
3,中山區,江寧里,2014,市長,李宏信,無黨籍及未經政黨推薦,7,4102,0.1706
3,中山區,江寧里,2014,市長,陳永昌,無黨籍及未經政黨推薦,7,4102,0.1706
3,中山區,江寧里,2014,市長,馮光遠,無黨籍及未經政黨推薦,21,4102,0.5119
3,中山區,江寧里,2014,市長,連勝文,中國國民黨,1580,4102,38.5178
3,中山區,江寧里,2014,市長,柯文哲,無黨籍及未經政黨推薦,2434,4102,59.3369
3,中山區,江寧里,2016,立委,高士恩,大愛憲改聯盟,9,3947,0.228
3,中山區,江寧里,2016,立委,潘建志,無黨籍及未經政黨推薦,1613,3947,40.8665
3,中山區,江寧里,2016,立委,林新凱,台灣獨立黨,14,3947,0.3547
3,中山區,江寧里,2016,立委,趙燕傑,無黨籍及未經政黨推薦,10,3947,0.2534
3,中山區,江寧里,2016,立委,邱正浩,和平鴿聯盟黨,11,3947,0.2787
3,中山區,江寧里,2016,立委,陳科引,無黨籍及未經政黨推薦,20,3947,0.5067
3,中山區,江寧里,2016,立委,李晏榕,綠黨社會民主黨聯盟,489,3947,12.3892
3,中山區,江寧里,2016,立委,李成嶽,軍公教聯盟黨,4,3947,0.1013
3,中山區,江寧里,2016,立委,黃麗香,無黨籍及未經政黨推薦,13,3947,0.3294
3,中山區,江寧里,2016,立委,蔣萬安,中國國民黨,1764,3947,44.6922
3,中山區,江寧里,2016,總統,朱立倫,中國國民黨,1461,4010,36.4339
3,中山區,江寧里,2016,總統,蔡英文,民主進步黨,2172,4010,54.1646
3,中山區,江寧里,2016,總統,宋楚瑜,親民黨,377,4010,9.4015
3,中山區,江寧里,2018,市長,吳蕚洋,無黨籍及未經政黨推薦,20,3989,0.5014
3,中山區,江寧里,2018,市長,丁守中,中國國民黨,1537,3989,38.531
3,中山區,江寧里,2018,市長,姚文智,民主進步黨,730,3989,18.3003
3,中山區,江寧里,2018,市長,柯文哲,無黨籍及未經政黨推薦,1687,3989,42.2913
3,中山區,江寧里,2018,市長,李錫錕,無黨籍及未經政黨推薦,15,3989,0.376
3,中山區,江寧里,2020,立委,何景榮,台灣民眾黨,116,4567,2.54
3,中山區,江寧里,2020,立委,吳怡農,民主進步黨,2149,4567,47.055
3,中山區,江寧里,2020,立委,田方宇,安定力量,25,4567,0.5474
3,中山區,江寧里,2020,立委,蔣萬安,中國國民黨,2277,4567,49.8577
3,中山區,江寧里,2020,總統,宋楚瑜,親民黨,222,4562,4.8663
3,中山區,江寧里,2020,總統,韓國瑜,中國國民黨,1787,4562,39.1714
3,中山區,江寧里,2020,總統,蔡英文,民主進步黨,2553,4562,55.9623
3,中山區,江寧里,2022,市長,張家豪,台灣動物保護黨,6,3748,0.1601
3,中山區,江寧里,2022,市長,王文娟,無黨籍及未經政黨推薦,2,3748,0.0534
3,中山區,江寧里,2022,市長,鄭匡宇,無黨籍及未經政黨推薦,1,3748,0.0267
3,中山區,江寧里,2022,市長,黃聖峰,台澎黨,0,3748,0.0
3,中山區,江寧里,2022,市長,童文薰,無黨籍及未經政黨推薦,5,3748,0.1334
3,中山區,江寧里,2022,市長,蔣萬安,中國國民黨,1633,3748,43.5699
3,中山區,江寧里,2022,市長,蘇煥智,台灣維新,11,3748,0.2935
3,中山區,江寧里,2022,市長,黃珊珊,無黨籍及未經政黨推薦,796,3748,21.238
3,中山區,江寧里,2022,市長,施奉先,無黨籍及未經政黨推薦,0,3748,0.0
3,中山區,江寧里,2022,市長,唐新民,共和黨,2,3748,0.0534
3,中山區,江寧里,2022,市長,謝立康,無黨籍及未經政黨推薦,0,3748,0.0
3,中山區,江寧里,2022,市長,陳時中,民主進步黨,1292,3748,34.4717
3,中山區,江寧里,2023,立委,吳怡農,民主進步黨,669,1362,49.1189
3,中山區,江寧里,2023,立委,王鴻薇,中國國民黨,687,1362,50.4405
3,中山區,江寧里,2023,立委,蕭赫麟,無黨籍及未經政黨推薦,6,1362,0.4405
3,中山區,江寧里,2024,立委,余新造,人民最大黨,21,4111,0.5108
3,中山區,江寧里,2024,立委,陳源發,無黨籍及未經政黨推薦,50,4111,1.2162
3,中山區,江寧里,2024,立委,謝佩芬,民主進步黨,1917,4111,46.631
3,中山區,江寧里,2024,立委,高士恩,制度救世島,5,4111,0.1216
3,中山區,江寧里,2024,立委,王鴻薇,中國國民黨,2074,4111,50.45
3,中山區,江寧里,2024,立委,楊時睿,台灣維新,25,4111,0.6081
3,中山區,江寧里,2024,立委,陳一郎,臺灣雙語無法黨,19,4111,0.4622
3,中山區,江寧里,2024,總統,柯文哲,台灣民眾黨,943,4248,22.1987
3,中山區,江寧里,2024,總統,賴清德,民主進步黨,1729,4248,40.7015
3,中山區,江寧里,2024,總統,侯友宜,中國國民黨,1576,4248,37.0998
3,中山區,江山里,2014,市長,陳汝斌,三等國民公義人權自救黨,5,4568,0.1095
3,中山區,江山里,2014,市長,趙衍慶,無黨籍及未經政黨推薦,31,4568,0.6786
3,中山區,江山里,2014,市長,李宏信,無黨籍及未經政黨推薦,9,4568,0.197
3,中山區,江山里,2014,市長,陳永昌,無黨籍及未經政黨推薦,7,4568,0.1532
3,中山區,江山里,2014,市長,馮光遠,無黨籍及未經政黨推薦,17,4568,0.3722
3,中山區,江山里,2014,市長,連勝文,中國國民黨,1596,4568,34.9387
3,中山區,江山里,2014,市長,柯文哲,無黨籍及未經政黨推薦,2903,4568,63.5508
3,中山區,江山里,2016,立委,高士恩,大愛憲改聯盟,16,4419,0.3621
3,中山區,江山里,2016,立委,潘建志,無黨籍及未經政黨推薦,2039,4419,46.1417
3,中山區,江山里,2016,立委,林新凱,台灣獨立黨,13,4419,0.2942
3,中山區,江山里,2016,立委,趙燕傑,無黨籍及未經政黨推薦,8,4419,0.181
3,中山區,江山里,2016,立委,邱正浩,和平鴿聯盟黨,12,4419,0.2716
3,中山區,江山里,2016,立委,陳科引,無黨籍及未經政黨推薦,36,4419,0.8147
3,中山區,江山里,2016,立委,李晏榕,綠黨社會民主黨聯盟,530,4419,11.9937
3,中山區,江山里,2016,立委,李成嶽,軍公教聯盟黨,20,4419,0.4526
3,中山區,江山里,2016,立委,黃麗香,無黨籍及未經政黨推薦,6,4419,0.1358
3,中山區,江山里,2016,立委,蔣萬安,中國國民黨,1739,4419,39.3528
3,中山區,江山里,2016,總統,朱立倫,中國國民黨,1404,4454,31.5222
3,中山區,江山里,2016,總統,蔡英文,民主進步黨,2643,4454,59.3399
3,中山區,江山里,2016,總統,宋楚瑜,親民黨,407,4454,9.1379
3,中山區,江山里,2018,市長,吳蕚洋,無黨籍及未經政黨推薦,11,4229,0.2601
3,中山區,江山里,2018,市長,丁守中,中國國民黨,1522,4229,35.9896
3,中山區,江山里,2018,市長,姚文智,民主進步黨,919,4229,21.7309
3,中山區,江山里,2018,市長,柯文哲,無黨籍及未經政黨推薦,1766,4229,41.7593
3,中山區,江山里,2018,市長,李錫錕,無黨籍及未經政黨推薦,11,4229,0.2601
3,中山區,江山里,2020,立委,何景榮,台灣民眾黨,124,4969,2.4955
3,中山區,江山里,2020,立委,吳怡農,民主進步黨,2544,4969,51.1974
3,中山區,江山里,2020,立委,田方宇,安定力量,33,4969,0.6641
3,中山區,江山里,2020,立委,蔣萬安,中國國民黨,2268,4969,45.643
3,中山區,江山里,2020,總統,宋楚瑜,親民黨,218,4988,4.3705
3,中山區,江山里,2020,總統,韓國瑜,中國國民黨,1854,4988,37.1692
3,中山區,江山里,2020,總統,蔡英文,民主進步黨,2916,4988,58.4603
3,中山區,江山里,2022,市長,張家豪,台灣動物保護黨,4,4077,0.0981
3,中山區,江山里,2022,市長,王文娟,無黨籍及未經政黨推薦,1,4077,0.0245
3,中山區,江山里,2022,市長,鄭匡宇,無黨籍及未經政黨推薦,0,4077,0.0
3,中山區,江山里,2022,市長,黃聖峰,台澎黨,3,4077,0.0736
3,中山區,江山里,2022,市長,童文薰,無黨籍及未經政黨推薦,8,4077,0.1962
3,中山區,江山里,2022,市長,蔣萬安,中國國民黨,1621,4077,39.7596
3,中山區,江山里,2022,市長,蘇煥智,台灣維新,5,4077,0.1226
3,中山區,江山里,2022,市長,黃珊珊,無黨籍及未經政黨推薦,853,4077,20.9222
3,中山區,江山里,2022,市長,施奉先,無黨籍及未經政黨推薦,1,4077,0.0245
3,中山區,江山里,2022,市長,唐新民,共和黨,1,4077,0.0245
3,中山區,江山里,2022,市長,謝立康,無黨籍及未經政黨推薦,1,4077,0.0245
3,中山區,江山里,2022,市長,陳時中,民主進步黨,1579,4077,38.7295
3,中山區,江山里,2023,立委,吳怡農,民主進步黨,1475,2719,54.2479
3,中山區,江山里,2023,立委,王鴻薇,中國國民黨,1229,2719,45.2004
3,中山區,江山里,2023,立委,蕭赫麟,無黨籍及未經政黨推薦,15,2719,0.5517
3,中山區,江山里,2024,立委,余新造,人民最大黨,11,4513,0.2437
3,中山區,江山里,2024,立委,陳源發,無黨籍及未經政黨推薦,60,4513,1.3295
3,中山區,江山里,2024,立委,謝佩芬,民主進步黨,2274,4513,50.3878
3,中山區,江山里,2024,立委,高士恩,制度救世島,5,4513,0.1108
3,中山區,江山里,2024,立委,王鴻薇,中國國民黨,2114,4513,46.8425
3,中山區,江山里,2024,立委,楊時睿,台灣維新,29,4513,0.6426
3,中山區,江山里,2024,立委,陳一郎,臺灣雙語無法黨,20,4513,0.4432
3,中山區,江山里,2024,總統,柯文哲,台灣民眾黨,980,4639,21.1252
3,中山區,江山里,2024,總統,賴清德,民主進步黨,2076,4639,44.751
3,中山區,江山里,2024,總統,侯友宜,中國國民黨,1583,4639,34.1237
3,中山區,聚盛里,2014,市長,陳汝斌,三等國民公義人權自救黨,7,2405,0.2911
3,中山區,聚盛里,2014,市長,趙衍慶,無黨籍及未經政黨推薦,26,2405,1.0811
3,中山區,聚盛里,2014,市長,李宏信,無黨籍及未經政黨推薦,5,2405,0.2079
3,中山區,聚盛里,2014,市長,陳永昌,無黨籍及未經政黨推薦,1,2405,0.0416
3,中山區,聚盛里,2014,市長,馮光遠,無黨籍及未經政黨推薦,14,2405,0.5821
3,中山區,聚盛里,2014,市長,連勝文,中國國民黨,1011,2405,42.0374
3,中山區,聚盛里,2014,市長,柯文哲,無黨籍及未經政黨推薦,1341,2405,55.7588
3,中山區,聚盛里,2016,立委,高士恩,大愛憲改聯盟,8,2214,0.3613
3,中山區,聚盛里,2016,立委,潘建志,無黨籍及未經政黨推薦,812,2214,36.6757
3,中山區,聚盛里,2016,立委,林新凱,台灣獨立黨,19,2214,0.8582
3,中山區,聚盛里,2016,立委,趙燕傑,無黨籍及未經政黨推薦,9,2214,0.4065
3,中山區,聚盛里,2016,立委,邱正浩,和平鴿聯盟黨,9,2214,0.4065
3,中山區,聚盛里,2016,立委,陳科引,無黨籍及未經政黨推薦,18,2214,0.813
3,中山區,聚盛里,2016,立委,李晏榕,綠黨社會民主黨聯盟,292,2214,13.1888
3,中山區,聚盛里,2016,立委,李成嶽,軍公教聯盟黨,14,2214,0.6323
3,中山區,聚盛里,2016,立委,黃麗香,無黨籍及未經政黨推薦,19,2214,0.8582
3,中山區,聚盛里,2016,立委,蔣萬安,中國國民黨,1014,2214,45.7995
3,中山區,聚盛里,2016,總統,朱立倫,中國國民黨,802,2286,35.0831
3,中山區,聚盛里,2016,總統,蔡英文,民主進步黨,1199,2286,52.4497
3,中山區,聚盛里,2016,總統,宋楚瑜,親民黨,285,2286,12.4672
3,中山區,聚盛里,2018,市長,吳蕚洋,無黨籍及未經政黨推薦,13,2260,0.5752
3,中山區,聚盛里,2018,市長,丁守中,中國國民黨,942,2260,41.6814
3,中山區,聚盛里,2018,市長,姚文智,民主進步黨,438,2260,19.3805
3,中山區,聚盛里,2018,市長,柯文哲,無黨籍及未經政黨推薦,859,2260,38.0088
3,中山區,聚盛里,2018,市長,李錫錕,無黨籍及未經政黨推薦,8,2260,0.354
3,中山區,聚盛里,2020,立委,何景榮,台灣民眾黨,70,2598,2.6944
3,中山區,聚盛里,2020,立委,吳怡農,民主進步黨,1099,2598,42.3018
3,中山區,聚盛里,2020,立委,田方宇,安定力量,16,2598,0.6159
3,中山區,聚盛里,2020,立委,蔣萬安,中國國民黨,1413,2598,54.388
3,中山區,聚盛里,2020,總統,宋楚瑜,親民黨,125,2637,4.7402
3,中山區,聚盛里,2020,總統,韓國瑜,中國國民黨,1185,2637,44.9374
3,中山區,聚盛里,2020,總統,蔡英文,民主進步黨,1327,2637,50.3223
3,中山區,聚盛里,2022,市長,張家豪,台灣動物保護黨,6,2047,0.2931
3,中山區,聚盛里,2022,市長,王文娟,無黨籍及未經政黨推薦,1,2047,0.0489
3,中山區,聚盛里,2022,市長,鄭匡宇,無黨籍及未經政黨推薦,0,2047,0.0
3,中山區,聚盛里,2022,市長,黃聖峰,台澎黨,0,2047,0.0
3,中山區,聚盛里,2022,市長,童文薰,無黨籍及未經政黨推薦,4,2047,0.1954
3,中山區,聚盛里,2022,市長,蔣萬安,中國國民黨,1003,2047,48.9985
3,中山區,聚盛里,2022,市長,蘇煥智,台灣維新,2,2047,0.0977
3,中山區,聚盛里,2022,市長,黃珊珊,無黨籍及未經政黨推薦,382,2047,18.6615
3,中山區,聚盛里,2022,市長,施奉先,無黨籍及未經政黨推薦,2,2047,0.0977
3,中山區,聚盛里,2022,市長,唐新民,共和黨,1,2047,0.0489
3,中山區,聚盛里,2022,市長,謝立康,無黨籍及未經政黨推薦,0,2047,0.0
3,中山區,聚盛里,2022,市長,陳時中,民主進步黨,646,2047,31.5584
3,中山區,聚盛里,2023,立委,吳怡農,民主進步黨,518,1181,43.8611
3,中山區,聚盛里,2023,立委,王鴻薇,中國國民黨,656,1181,55.5461
3,中山區,聚盛里,2023,立委,蕭赫麟,無黨籍及未經政黨推薦,7,1181,0.5927
3,中山區,聚盛里,2024,立委,余新造,人民最大黨,8,2272,0.3521
3,中山區,聚盛里,2024,立委,陳源發,無黨籍及未經政黨推薦,20,2272,0.8803
3,中山區,聚盛里,2024,立委,謝佩芬,民主進步黨,969,2272,42.6496
3,中山區,聚盛里,2024,立委,高士恩,制度救世島,2,2272,0.088
3,中山區,聚盛里,2024,立委,王鴻薇,中國國民黨,1244,2272,54.7535
3,中山區,聚盛里,2024,立委,楊時睿,台灣維新,18,2272,0.7923
3,中山區,聚盛里,2024,立委,陳一郎,臺灣雙語無法黨,11,2272,0.4842
3,中山區,聚盛里,2024,總統,柯文哲,台灣民眾黨,555,2361,23.507
3,中山區,聚盛里,2024,總統,賴清德,民主進步黨,883,2361,37.3994
3,中山區,聚盛里,2024,總統,侯友宜,中國國民黨,923,2361,39.0936
3,中山區,聚葉里,2014,市長,陳汝斌,三等國民公義人權自救黨,0,2244,0.0
3,中山區,聚葉里,2014,市長,趙衍慶,無黨籍及未經政黨推薦,20,2244,0.8913
3,中山區,聚葉里,2014,市長,李宏信,無黨籍及未經政黨推薦,3,2244,0.1337
3,中山區,聚葉里,2014,市長,陳永昌,無黨籍及未經政黨推薦,0,2244,0.0
3,中山區,聚葉里,2014,市長,馮光遠,無黨籍及未經政黨推薦,13,2244,0.5793
3,中山區,聚葉里,2014,市長,連勝文,中國國民黨,874,2244,38.9483
3,中山區,聚葉里,2014,市長,柯文哲,無黨籍及未經政黨推薦,1334,2244,59.4474
3,中山區,聚葉里,2016,立委,高士恩,大愛憲改聯盟,8,2111,0.379
3,中山區,聚葉里,2016,立委,潘建志,無黨籍及未經政黨推薦,889,2111,42.1127
3,中山區,聚葉里,2016,立委,林新凱,台灣獨立黨,16,2111,0.7579
3,中山區,聚葉里,2016,立委,趙燕傑,無黨籍及未經政黨推薦,4,2111,0.1895
3,中山區,聚葉里,2016,立委,邱正浩,和平鴿聯盟黨,3,2111,0.1421
3,中山區,聚葉里,2016,立委,陳科引,無黨籍及未經政黨推薦,11,2111,0.5211
3,中山區,聚葉里,2016,立委,李晏榕,綠黨社會民主黨聯盟,272,2111,12.8849
3,中山區,聚葉里,2016,立委,李成嶽,軍公教聯盟黨,12,2111,0.5685
3,中山區,聚葉里,2016,立委,黃麗香,無黨籍及未經政黨推薦,24,2111,1.1369
3,中山區,聚葉里,2016,立委,蔣萬安,中國國民黨,872,2111,41.3074
3,中山區,聚葉里,2016,總統,朱立倫,中國國民黨,704,2160,32.5926
3,中山區,聚葉里,2016,總統,蔡英文,民主進步黨,1202,2160,55.6481
3,中山區,聚葉里,2016,總統,宋楚瑜,親民黨,254,2160,11.7593
3,中山區,聚葉里,2018,市長,吳蕚洋,無黨籍及未經政黨推薦,11,2186,0.5032
3,中山區,聚葉里,2018,市長,丁守中,中國國民黨,814,2186,37.237
3,中山區,聚葉里,2018,市長,姚文智,民主進步黨,434,2186,19.8536
3,中山區,聚葉里,2018,市長,柯文哲,無黨籍及未經政黨推薦,911,2186,41.6743
3,中山區,聚葉里,2018,市長,李錫錕,無黨籍及未經政黨推薦,16,2186,0.7319
3,中山區,聚葉里,2020,立委,何景榮,台灣民眾黨,65,2502,2.5979
3,中山區,聚葉里,2020,立委,吳怡農,民主進步黨,1247,2502,49.8401
3,中山區,聚葉里,2020,立委,田方宇,安定力量,8,2502,0.3197
3,中山區,聚葉里,2020,立委,蔣萬安,中國國民黨,1182,2502,47.2422
3,中山區,聚葉里,2020,總統,宋楚瑜,親民黨,116,2543,4.5615
3,中山區,聚葉里,2020,總統,韓國瑜,中國國民黨,979,2543,38.4978
3,中山區,聚葉里,2020,總統,蔡英文,民主進步黨,1448,2543,56.9406
3,中山區,聚葉里,2022,市長,張家豪,台灣動物保護黨,4,2057,0.1945
3,中山區,聚葉里,2022,市長,王文娟,無黨籍及未經政黨推薦,0,2057,0.0
3,中山區,聚葉里,2022,市長,鄭匡宇,無黨籍及未經政黨推薦,0,2057,0.0
3,中山區,聚葉里,2022,市長,黃聖峰,台澎黨,0,2057,0.0
3,中山區,聚葉里,2022,市長,童文薰,無黨籍及未經政黨推薦,2,2057,0.0972
3,中山區,聚葉里,2022,市長,蔣萬安,中國國民黨,876,2057,42.5863
3,中山區,聚葉里,2022,市長,蘇煥智,台灣維新,5,2057,0.2431
3,中山區,聚葉里,2022,市長,黃珊珊,無黨籍及未經政黨推薦,436,2057,21.1959
3,中山區,聚葉里,2022,市長,施奉先,無黨籍及未經政黨推薦,0,2057,0.0
3,中山區,聚葉里,2022,市長,唐新民,共和黨,0,2057,0.0
3,中山區,聚葉里,2022,市長,謝立康,無黨籍及未經政黨推薦,0,2057,0.0
3,中山區,聚葉里,2022,市長,陳時中,民主進步黨,734,2057,35.683
3,中山區,聚葉里,2023,立委,吳怡農,民主進步黨,615,1191,51.6373
3,中山區,聚葉里,2023,立委,王鴻薇,中國國民黨,566,1191,47.5231
3,中山區,聚葉里,2023,立委,蕭赫麟,無黨籍及未經政黨推薦,10,1191,0.8396
3,中山區,聚葉里,2024,立委,余新造,人民最大黨,8,2290,0.3493
3,中山區,聚葉里,2024,立委,陳源發,無黨籍及未經政黨推薦,28,2290,1.2227
3,中山區,聚葉里,2024,立委,謝佩芬,民主進步黨,1103,2290,48.1659
3,中山區,聚葉里,2024,立委,高士恩,制度救世島,4,2290,0.1747
3,中山區,聚葉里,2024,立委,王鴻薇,中國國民黨,1116,2290,48.7336
3,中山區,聚葉里,2024,立委,楊時睿,台灣維新,17,2290,0.7424
3,中山區,聚葉里,2024,立委,陳一郎,臺灣雙語無法黨,14,2290,0.6114
3,中山區,聚葉里,2024,總統,柯文哲,台灣民眾黨,557,2384,23.3641
3,中山區,聚葉里,2024,總統,賴清德,民主進步黨,981,2384,41.1493
3,中山區,聚葉里,2024,總統,侯友宜,中國國民黨,846,2384,35.4866
3,中山區,興亞里,2014,市長,陳汝斌,三等國民公義人權自救黨,2,3041,0.0658
3,中山區,興亞里,2014,市長,趙衍慶,無黨籍及未經政黨推薦,24,3041,0.7892
3,中山區,興亞里,2014,市長,李宏信,無黨籍及未經政黨推薦,11,3041,0.3617
3,中山區,興亞里,2014,市長,陳永昌,無黨籍及未經政黨推薦,4,3041,0.1315
3,中山區,興亞里,2014,市長,馮光遠,無黨籍及未經政黨推薦,13,3041,0.4275
3,中山區,興亞里,2014,市長,連勝文,中國國民黨,1017,3041,33.4429
3,中山區,興亞里,2014,市長,柯文哲,無黨籍及未經政黨推薦,1970,3041,64.7813
3,中山區,興亞里,2016,立委,高士恩,大愛憲改聯盟,8,3042,0.263
3,中山區,興亞里,2016,立委,潘建志,無黨籍及未經政黨推薦,1276,3042,41.9461
3,中山區,興亞里,2016,立委,林新凱,台灣獨立黨,12,3042,0.3945
3,中山區,興亞里,2016,立委,趙燕傑,無黨籍及未經政黨推薦,8,3042,0.263
3,中山區,興亞里,2016,立委,邱正浩,和平鴿聯盟黨,7,3042,0.2301
3,中山區,興亞里,2016,立委,陳科引,無黨籍及未經政黨推薦,25,3042,0.8218
3,中山區,興亞里,2016,立委,李晏榕,綠黨社會民主黨聯盟,385,3042,12.6561
3,中山區,興亞里,2016,立委,李成嶽,軍公教聯盟黨,20,3042,0.6575
3,中山區,興亞里,2016,立委,黃麗香,無黨籍及未經政黨推薦,15,3042,0.4931
3,中山區,興亞里,2016,立委,蔣萬安,中國國民黨,1286,3042,42.2748
3,中山區,興亞里,2016,總統,朱立倫,中國國民黨,983,3083,31.8845
3,中山區,興亞里,2016,總統,蔡英文,民主進步黨,1776,3083,57.6062
3,中山區,興亞里,2016,總統,宋楚瑜,親民黨,324,3083,10.5092
3,中山區,興亞里,2018,市長,吳蕚洋,無黨籍及未經政黨推薦,12,2931,0.4094
3,中山區,興亞里,2018,市長,丁守中,中國國民黨,1011,2931,34.4933
3,中山區,興亞里,2018,市長,姚文智,民主進步黨,607,2931,20.7097
3,中山區,興亞里,2018,市長,柯文哲,無黨籍及未經政黨推薦,1293,2931,44.1146
3,中山區,興亞里,2018,市長,李錫錕,無黨籍及未經政黨推薦,8,2931,0.2729
3,中山區,興亞里,2020,立委,何景榮,台灣民眾黨,112,3430,3.2653
3,中山區,興亞里,2020,立委,吳怡農,民主進步黨,1682,3430,49.0379
3,中山區,興亞里,2020,立委,田方宇,安定力量,20,3430,0.5831
3,中山區,興亞里,2020,立委,蔣萬安,中國國民黨,1616,3430,47.1137
3,中山區,興亞里,2020,總統,宋楚瑜,親民黨,155,3444,4.5006
3,中山區,興亞里,2020,總統,韓國瑜,中國國民黨,1280,3444,37.1661
3,中山區,興亞里,2020,總統,蔡英文,民主進步黨,2009,3444,58.3333
3,中山區,興亞里,2022,市長,張家豪,台灣動物保護黨,3,2915,0.1029
3,中山區,興亞里,2022,市長,王文娟,無黨籍及未經政黨推薦,0,2915,0.0
3,中山區,興亞里,2022,市長,鄭匡宇,無黨籍及未經政黨推薦,1,2915,0.0343
3,中山區,興亞里,2022,市長,黃聖峰,台澎黨,0,2915,0.0
3,中山區,興亞里,2022,市長,童文薰,無黨籍及未經政黨推薦,2,2915,0.0686
3,中山區,興亞里,2022,市長,蔣萬安,中國國民黨,1177,2915,40.3774
3,中山區,興亞里,2022,市長,蘇煥智,台灣維新,4,2915,0.1372
3,中山區,興亞里,2022,市長,黃珊珊,無黨籍及未經政黨推薦,648,2915,22.2298
3,中山區,興亞里,2022,市長,施奉先,無黨籍及未經政黨推薦,0,2915,0.0
3,中山區,興亞里,2022,市長,唐新民,共和黨,7,2915,0.2401
3,中山區,興亞里,2022,市長,謝立康,無黨籍及未經政黨推薦,1,2915,0.0343
3,中山區,興亞里,2022,市長,陳時中,民主進步黨,1072,2915,36.7753
3,中山區,興亞里,2023,立委,吳怡農,民主進步黨,955,1806,52.8793
3,中山區,興亞里,2023,立委,王鴻薇,中國國民黨,845,1806,46.7885
3,中山區,興亞里,2023,立委,蕭赫麟,無黨籍及未經政黨推薦,6,1806,0.3322
3,中山區,興亞里,2024,立委,余新造,人民最大黨,12,3267,0.3673
3,中山區,興亞里,2024,立委,陳源發,無黨籍及未經政黨推薦,31,3267,0.9489
3,中山區,興亞里,2024,立委,謝佩芬,民主進步黨,1602,3267,49.0358
3,中山區,興亞里,2024,立委,高士恩,制度救世島,4,3267,0.1224
3,中山區,興亞里,2024,立委,王鴻薇,中國國民黨,1575,3267,48.2094
3,中山區,興亞里,2024,立委,楊時睿,台灣維新,21,3267,0.6428
3,中山區,興亞里,2024,立委,陳一郎,臺灣雙語無法黨,22,3267,0.6734
3,中山區,興亞里,2024,總統,柯文哲,台灣民眾黨,704,3373,20.8716
3,中山區,興亞里,2024,總統,賴清德,民主進步黨,1500,3373,44.4708
3,中山區,興亞里,2024,總統,侯友宜,中國國民黨,1169,3373,34.6576
3,中山區,行仁里,2014,市長,陳汝斌,三等國民公義人權自救黨,9,5042,0.1785
3,中山區,行仁里,2014,市長,趙衍慶,無黨籍及未經政黨推薦,40,5042,0.7933
3,中山區,行仁里,2014,市長,李宏信,無黨籍及未經政黨推薦,5,5042,0.0992
3,中山區,行仁里,2014,市長,陳永昌,無黨籍及未經政黨推薦,8,5042,0.1587
3,中山區,行仁里,2014,市長,馮光遠,無黨籍及未經政黨推薦,24,5042,0.476
3,中山區,行仁里,2014,市長,連勝文,中國國民黨,1662,5042,32.9631
3,中山區,行仁里,2014,市長,柯文哲,無黨籍及未經政黨推薦,3294,5042,65.3312
3,中山區,行仁里,2016,立委,高士恩,大愛憲改聯盟,18,4724,0.381
3,中山區,行仁里,2016,立委,潘建志,無黨籍及未經政黨推薦,2212,4724,46.8247
3,中山區,行仁里,2016,立委,林新凱,台灣獨立黨,14,4724,0.2964
3,中山區,行仁里,2016,立委,趙燕傑,無黨籍及未經政黨推薦,8,4724,0.1693
3,中山區,行仁里,2016,立委,邱正浩,和平鴿聯盟黨,7,4724,0.1482
3,中山區,行仁里,2016,立委,陳科引,無黨籍及未經政黨推薦,36,4724,0.7621
3,中山區,行仁里,2016,立委,李晏榕,綠黨社會民主黨聯盟,565,4724,11.9602
3,中山區,行仁里,2016,立委,李成嶽,軍公教聯盟黨,10,4724,0.2117
3,中山區,行仁里,2016,立委,黃麗香,無黨籍及未經政黨推薦,18,4724,0.381
3,中山區,行仁里,2016,立委,蔣萬安,中國國民黨,1836,4724,38.8654
3,中山區,行仁里,2016,總統,朱立倫,中國國民黨,1388,4787,28.9952
3,中山區,行仁里,2016,總統,蔡英文,民主進步黨,2901,4787,60.6016
3,中山區,行仁里,2016,總統,宋楚瑜,親民黨,498,4787,10.4032
3,中山區,行仁里,2018,市長,吳蕚洋,無黨籍及未經政黨推薦,11,4595,0.2394
3,中山區,行仁里,2018,市長,丁守中,中國國民黨,1528,4595,33.2535
3,中山區,行仁里,2018,市長,姚文智,民主進步黨,1037,4595,22.568
3,中山區,行仁里,2018,市長,柯文哲,無黨籍及未經政黨推薦,1999,4595,43.5038
3,中山區,行仁里,2018,市長,李錫錕,無黨籍及未經政黨推薦,20,4595,0.4353
3,中山區,行仁里,2020,立委,何景榮,台灣民眾黨,140,5348,2.6178
3,中山區,行仁里,2020,立委,吳怡農,民主進步黨,2796,5348,52.2812
3,中山區,行仁里,2020,立委,田方宇,安定力量,10,5348,0.187
3,中山區,行仁里,2020,立委,蔣萬安,中國國民黨,2402,5348,44.914
3,中山區,行仁里,2020,總統,宋楚瑜,親民黨,226,5336,4.2354
3,中山區,行仁里,2020,總統,韓國瑜,中國國民黨,1857,5336,34.8013
3,中山區,行仁里,2020,總統,蔡英文,民主進步黨,3253,5336,60.9633
3,中山區,行仁里,2022,市長,張家豪,台灣動物保護黨,3,4365,0.0687
3,中山區,行仁里,2022,市長,王文娟,無黨籍及未經政黨推薦,1,4365,0.0229
3,中山區,行仁里,2022,市長,鄭匡宇,無黨籍及未經政黨推薦,2,4365,0.0458
3,中山區,行仁里,2022,市長,黃聖峰,台澎黨,1,4365,0.0229
3,中山區,行仁里,2022,市長,童文薰,無黨籍及未經政黨推薦,4,4365,0.0916
3,中山區,行仁里,2022,市長,蔣萬安,中國國民黨,1758,4365,40.2749
3,中山區,行仁里,2022,市長,蘇煥智,台灣維新,5,4365,0.1145
3,中山區,行仁里,2022,市長,黃珊珊,無黨籍及未經政黨推薦,924,4365,21.1684
3,中山區,行仁里,2022,市長,施奉先,無黨籍及未經政黨推薦,2,4365,0.0458
3,中山區,行仁里,2022,市長,唐新民,共和黨,0,4365,0.0
3,中山區,行仁里,2022,市長,謝立康,無黨籍及未經政黨推薦,1,4365,0.0229
3,中山區,行仁里,2022,市長,陳時中,民主進步黨,1664,4365,38.1214
3,中山區,行仁里,2023,立委,吳怡農,民主進步黨,2109,3993,52.8174
3,中山區,行仁里,2023,立委,王鴻薇,中國國民黨,1857,3993,46.5064
3,中山區,行仁里,2023,立委,蕭赫麟,無黨籍及未經政黨推薦,27,3993,0.6762
3,中山區,行仁里,2024,立委,余新造,人民最大黨,13,4720,0.2754
3,中山區,行仁里,2024,立委,陳源發,無黨籍及未經政黨推薦,44,4720,0.9322
3,中山區,行仁里,2024,立委,謝佩芬,民主進步黨,2412,4720,51.1017
3,中山區,行仁里,2024,立委,高士恩,制度救世島,5,4720,0.1059
3,中山區,行仁里,2024,立委,王鴻薇,中國國民黨,2191,4720,46.4195
3,中山區,行仁里,2024,立委,楊時睿,台灣維新,37,4720,0.7839
3,中山區,行仁里,2024,立委,陳一郎,臺灣雙語無法黨,18,4720,0.3814
3,中山區,行仁里,2024,總統,柯文哲,台灣民眾黨,1114,4846,22.988
3,中山區,行仁里,2024,總統,賴清德,民主進步黨,2119,4846,43.7268
3,中山區,行仁里,2024,總統,侯友宜,中國國民黨,1613,4846,33.2852
3,中山區,行孝里,2014,市長,陳汝斌,三等國民公義人權自救黨,2,2404,0.0832
3,中山區,行孝里,2014,市長,趙衍慶,無黨籍及未經政黨推薦,21,2404,0.8735
3,中山區,行孝里,2014,市長,李宏信,無黨籍及未經政黨推薦,1,2404,0.0416
3,中山區,行孝里,2014,市長,陳永昌,無黨籍及未經政黨推薦,5,2404,0.208
3,中山區,行孝里,2014,市長,馮光遠,無黨籍及未經政黨推薦,10,2404,0.416
3,中山區,行孝里,2014,市長,連勝文,中國國民黨,776,2404,32.2795
3,中山區,行孝里,2014,市長,柯文哲,無黨籍及未經政黨推薦,1589,2404,66.0982
3,中山區,行孝里,2016,立委,高士恩,大愛憲改聯盟,12,2317,0.5179
3,中山區,行孝里,2016,立委,潘建志,無黨籍及未經政黨推薦,1064,2317,45.9215
3,中山區,行孝里,2016,立委,林新凱,台灣獨立黨,6,2317,0.259
3,中山區,行孝里,2016,立委,趙燕傑,無黨籍及未經政黨推薦,3,2317,0.1295
3,中山區,行孝里,2016,立委,邱正浩,和平鴿聯盟黨,2,2317,0.0863
3,中山區,行孝里,2016,立委,陳科引,無黨籍及未經政黨推薦,19,2317,0.82
3,中山區,行孝里,2016,立委,李晏榕,綠黨社會民主黨聯盟,310,2317,13.3794
3,中山區,行孝里,2016,立委,李成嶽,軍公教聯盟黨,11,2317,0.4748
3,中山區,行孝里,2016,立委,黃麗香,無黨籍及未經政黨推薦,3,2317,0.1295
3,中山區,行孝里,2016,立委,蔣萬安,中國國民黨,887,2317,38.2823
3,中山區,行孝里,2016,總統,朱立倫,中國國民黨,663,2356,28.1409
3,中山區,行孝里,2016,總統,蔡英文,民主進步黨,1458,2356,61.8846
3,中山區,行孝里,2016,總統,宋楚瑜,親民黨,235,2356,9.9745
3,中山區,行孝里,2018,市長,吳蕚洋,無黨籍及未經政黨推薦,12,2321,0.517
3,中山區,行孝里,2018,市長,丁守中,中國國民黨,758,2321,32.6583
3,中山區,行孝里,2018,市長,姚文智,民主進步黨,496,2321,21.3701
3,中山區,行孝里,2018,市長,柯文哲,無黨籍及未經政黨推薦,1048,2321,45.153
3,中山區,行孝里,2018,市長,李錫錕,無黨籍及未經政黨推薦,7,2321,0.3016
3,中山區,行孝里,2020,立委,何景榮,台灣民眾黨,75,2650,2.8302
3,中山區,行孝里,2020,立委,吳怡農,民主進步黨,1364,2650,51.4717
3,中山區,行孝里,2020,立委,田方宇,安定力量,10,2650,0.3774
3,中山區,行孝里,2020,立委,蔣萬安,中國國民黨,1201,2650,45.3208
3,中山區,行孝里,2020,總統,宋楚瑜,親民黨,129,2688,4.7991
3,中山區,行孝里,2020,總統,韓國瑜,中國國民黨,906,2688,33.7054
3,中山區,行孝里,2020,總統,蔡英文,民主進步黨,1653,2688,61.4955
3,中山區,行孝里,2022,市長,張家豪,台灣動物保護黨,7,2384,0.2936
3,中山區,行孝里,2022,市長,王文娟,無黨籍及未經政黨推薦,0,2384,0.0
3,中山區,行孝里,2022,市長,鄭匡宇,無黨籍及未經政黨推薦,0,2384,0.0
3,中山區,行孝里,2022,市長,黃聖峰,台澎黨,1,2384,0.0419
3,中山區,行孝里,2022,市長,童文薰,無黨籍及未經政黨推薦,3,2384,0.1258
3,中山區,行孝里,2022,市長,蔣萬安,中國國民黨,953,2384,39.9748
3,中山區,行孝里,2022,市長,蘇煥智,台灣維新,4,2384,0.1678
3,中山區,行孝里,2022,市長,黃珊珊,無黨籍及未經政黨推薦,595,2384,24.9581
3,中山區,行孝里,2022,市長,施奉先,無黨籍及未經政黨推薦,1,2384,0.0419
3,中山區,行孝里,2022,市長,唐新民,共和黨,0,2384,0.0
3,中山區,行孝里,2022,市長,謝立康,無黨籍及未經政黨推薦,0,2384,0.0
3,中山區,行孝里,2022,市長,陳時中,民主進步黨,820,2384,34.396
3,中山區,行孝里,2023,立委,吳怡農,民主進步黨,820,1462,56.0876
3,中山區,行孝里,2023,立委,王鴻薇,中國國民黨,636,1462,43.5021
3,中山區,行孝里,2023,立委,蕭赫麟,無黨籍及未經政黨推薦,6,1462,0.4104
3,中山區,行孝里,2024,立委,余新造,人民最大黨,11,2623,0.4194
3,中山區,行孝里,2024,立委,陳源發,無黨籍及未經政黨推薦,21,2623,0.8006
3,中山區,行孝里,2024,立委,謝佩芬,民主進步黨,1339,2623,51.0484
3,中山區,行孝里,2024,立委,高士恩,制度救世島,0,2623,0.0
3,中山區,行孝里,2024,立委,王鴻薇,中國國民黨,1215,2623,46.321
3,中山區,行孝里,2024,立委,楊時睿,台灣維新,16,2623,0.61
3,中山區,行孝里,2024,立委,陳一郎,臺灣雙語無法黨,21,2623,0.8006
3,中山區,行孝里,2024,總統,柯文哲,台灣民眾黨,724,2724,26.5786
3,中山區,行孝里,2024,總統,賴清德,民主進步黨,1155,2724,42.4009
3,中山區,行孝里,2024,總統,侯友宜,中國國民黨,845,2724,31.0206
3,中山區,行政里,2014,市長,陳汝斌,三等國民公義人權自救黨,6,3586,0.1673
3,中山區,行政里,2014,市長,趙衍慶,無黨籍及未經政黨推薦,34,3586,0.9481
3,中山區,行政里,2014,市長,李宏信,無黨籍及未經政黨推薦,9,3586,0.251
3,中山區,行政里,2014,市長,陳永昌,無黨籍及未經政黨推薦,3,3586,0.0837
3,中山區,行政里,2014,市長,馮光遠,無黨籍及未經政黨推薦,21,3586,0.5856
3,中山區,行政里,2014,市長,連勝文,中國國民黨,1352,3586,37.7022
3,中山區,行政里,2014,市長,柯文哲,無黨籍及未經政黨推薦,2161,3586,60.2621
3,中山區,行政里,2016,立委,高士恩,大愛憲改聯盟,11,3428,0.3209
3,中山區,行政里,2016,立委,潘建志,無黨籍及未經政黨推薦,1434,3428,41.832
3,中山區,行政里,2016,立委,林新凱,台灣獨立黨,18,3428,0.5251
3,中山區,行政里,2016,立委,趙燕傑,無黨籍及未經政黨推薦,4,3428,0.1167
3,中山區,行政里,2016,立委,邱正浩,和平鴿聯盟黨,14,3428,0.4084
3,中山區,行政里,2016,立委,陳科引,無黨籍及未經政黨推薦,27,3428,0.7876
3,中山區,行政里,2016,立委,李晏榕,綠黨社會民主黨聯盟,417,3428,12.1645
3,中山區,行政里,2016,立委,李成嶽,軍公教聯盟黨,6,3428,0.175
3,中山區,行政里,2016,立委,黃麗香,無黨籍及未經政黨推薦,11,3428,0.3209
3,中山區,行政里,2016,立委,蔣萬安,中國國民黨,1486,3428,43.3489
3,中山區,行政里,2016,總統,朱立倫,中國國民黨,1135,3477,32.6431
3,中山區,行政里,2016,總統,蔡英文,民主進步黨,1960,3477,56.3704
3,中山區,行政里,2016,總統,宋楚瑜,親民黨,382,3477,10.9865
3,中山區,行政里,2018,市長,吳蕚洋,無黨籍及未經政黨推薦,9,3412,0.2638
3,中山區,行政里,2018,市長,丁守中,中國國民黨,1296,3412,37.9836
3,中山區,行政里,2018,市長,姚文智,民主進步黨,706,3412,20.6917
3,中山區,行政里,2018,市長,柯文哲,無黨籍及未經政黨推薦,1384,3412,40.5627
3,中山區,行政里,2018,市長,李錫錕,無黨籍及未經政黨推薦,17,3412,0.4982
3,中山區,行政里,2020,立委,何景榮,台灣民眾黨,99,3985,2.4843
3,中山區,行政里,2020,立委,吳怡農,民主進步黨,1887,3985,47.3526
3,中山區,行政里,2020,立委,田方宇,安定力量,15,3985,0.3764
3,中山區,行政里,2020,立委,蔣萬安,中國國民黨,1984,3985,49.7867
3,中山區,行政里,2020,總統,宋楚瑜,親民黨,183,4003,4.5716
3,中山區,行政里,2020,總統,韓國瑜,中國國民黨,1565,4003,39.0957
3,中山區,行政里,2020,總統,蔡英文,民主進步黨,2255,4003,56.3328
3,中山區,行政里,2022,市長,張家豪,台灣動物保護黨,10,3332,0.3001
3,中山區,行政里,2022,市長,王文娟,無黨籍及未經政黨推薦,1,3332,0.03
3,中山區,行政里,2022,市長,鄭匡宇,無黨籍及未經政黨推薦,2,3332,0.06
3,中山區,行政里,2022,市長,黃聖峰,台澎黨,0,3332,0.0
3,中山區,行政里,2022,市長,童文薰,無黨籍及未經政黨推薦,4,3332,0.12
3,中山區,行政里,2022,市長,蔣萬安,中國國民黨,1407,3332,42.2269
3,中山區,行政里,2022,市長,蘇煥智,台灣維新,9,3332,0.2701
3,中山區,行政里,2022,市長,黃珊珊,無黨籍及未經政黨推薦,749,3332,22.479
3,中山區,行政里,2022,市長,施奉先,無黨籍及未經政黨推薦,0,3332,0.0
3,中山區,行政里,2022,市長,唐新民,共和黨,1,3332,0.03
3,中山區,行政里,2022,市長,謝立康,無黨籍及未經政黨推薦,1,3332,0.03
3,中山區,行政里,2022,市長,陳時中,民主進步黨,1148,3332,34.4538
3,中山區,行政里,2023,立委,吳怡農,民主進步黨,1077,2072,51.9788
3,中山區,行政里,2023,立委,王鴻薇,中國國民黨,988,2072,47.6834
3,中山區,行政里,2023,立委,蕭赫麟,無黨籍及未經政黨推薦,7,2072,0.3378
3,中山區,行政里,2024,立委,余新造,人民最大黨,8,3669,0.218
3,中山區,行政里,2024,立委,陳源發,無黨籍及未經政黨推薦,20,3669,0.5451
3,中山區,行政里,2024,立委,謝佩芬,民主進步黨,1770,3669,48.242
3,中山區,行政里,2024,立委,高士恩,制度救世島,3,3669,0.0818
3,中山區,行政里,2024,立委,王鴻薇,中國國民黨,1828,3669,49.8228
3,中山區,行政里,2024,立委,楊時睿,台灣維新,32,3669,0.8722
3,中山區,行政里,2024,立委,陳一郎,臺灣雙語無法黨,8,3669,0.218
3,中山區,行政里,2024,總統,柯文哲,台灣民眾黨,896,3784,23.6786
3,中山區,行政里,2024,總統,賴清德,民主進步黨,1542,3784,40.7505
3,中山區,行政里,2024,總統,侯友宜,中國國民黨,1346,3784,35.5708
3,中山區,金泰里,2014,市長,陳汝斌,三等國民公義人權自救黨,2,3970,0.0504
3,中山區,金泰里,2014,市長,趙衍慶,無黨籍及未經政黨推薦,41,3970,1.0327
3,中山區,金泰里,2014,市長,李宏信,無黨籍及未經政黨推薦,7,3970,0.1763
3,中山區,金泰里,2014,市長,陳永昌,無黨籍及未經政黨推薦,8,3970,0.2015
3,中山區,金泰里,2014,市長,馮光遠,無黨籍及未經政黨推薦,17,3970,0.4282
3,中山區,金泰里,2014,市長,連勝文,中國國民黨,1681,3970,42.3426
3,中山區,金泰里,2014,市長,柯文哲,無黨籍及未經政黨推薦,2214,3970,55.7683
3,中山區,金泰里,2016,立委,高士恩,大愛憲改聯盟,4,3874,0.1033
3,中山區,金泰里,2016,立委,潘建志,無黨籍及未經政黨推薦,1363,3874,35.1833
3,中山區,金泰里,2016,立委,林新凱,台灣獨立黨,32,3874,0.826
3,中山區,金泰里,2016,立委,趙燕傑,無黨籍及未經政黨推薦,9,3874,0.2323
3,中山區,金泰里,2016,立委,邱正浩,和平鴿聯盟黨,10,3874,0.2581
3,中山區,金泰里,2016,立委,陳科引,無黨籍及未經政黨推薦,34,3874,0.8776
3,中山區,金泰里,2016,立委,李晏榕,綠黨社會民主黨聯盟,513,3874,13.2421
3,中山區,金泰里,2016,立委,李成嶽,軍公教聯盟黨,13,3874,0.3356
3,中山區,金泰里,2016,立委,黃麗香,無黨籍及未經政黨推薦,9,3874,0.2323
3,中山區,金泰里,2016,立委,蔣萬安,中國國民黨,1887,3874,48.7093
3,中山區,金泰里,2016,總統,朱立倫,中國國民黨,1546,3946,39.1789
3,中山區,金泰里,2016,總統,蔡英文,民主進步黨,1954,3946,49.5185
3,中山區,金泰里,2016,總統,宋楚瑜,親民黨,446,3946,11.3026
3,中山區,金泰里,2018,市長,吳蕚洋,無黨籍及未經政黨推薦,17,3876,0.4386
3,中山區,金泰里,2018,市長,丁守中,中國國民黨,1635,3876,42.1827
3,中山區,金泰里,2018,市長,姚文智,民主進步黨,541,3876,13.9577
3,中山區,金泰里,2018,市長,柯文哲,無黨籍及未經政黨推薦,1672,3876,43.1373
3,中山區,金泰里,2018,市長,李錫錕,無黨籍及未經政黨推薦,11,3876,0.2838
3,中山區,金泰里,2020,立委,何景榮,台灣民眾黨,134,4664,2.8731
3,中山區,金泰里,2020,立委,吳怡農,民主進步黨,1969,4664,42.217
3,中山區,金泰里,2020,立委,田方宇,安定力量,29,4664,0.6218
3,中山區,金泰里,2020,立委,蔣萬安,中國國民黨,2532,4664,54.2882
3,中山區,金泰里,2020,總統,宋楚瑜,親民黨,263,4681,5.6185
3,中山區,金泰里,2020,總統,韓國瑜,中國國民黨,2034,4681,43.4523
3,中山區,金泰里,2020,總統,蔡英文,民主進步黨,2384,4681,50.9293
3,中山區,金泰里,2022,市長,張家豪,台灣動物保護黨,3,4006,0.0749
3,中山區,金泰里,2022,市長,王文娟,無黨籍及未經政黨推薦,0,4006,0.0
3,中山區,金泰里,2022,市長,鄭匡宇,無黨籍及未經政黨推薦,0,4006,0.0
3,中山區,金泰里,2022,市長,黃聖峰,台澎黨,1,4006,0.025
3,中山區,金泰里,2022,市長,童文薰,無黨籍及未經政黨推薦,4,4006,0.0999
3,中山區,金泰里,2022,市長,蔣萬安,中國國民黨,1814,4006,45.2821
3,中山區,金泰里,2022,市長,蘇煥智,台灣維新,4,4006,0.0999
3,中山區,金泰里,2022,市長,黃珊珊,無黨籍及未經政黨推薦,1039,4006,25.9361
3,中山區,金泰里,2022,市長,施奉先,無黨籍及未經政黨推薦,1,4006,0.025
3,中山區,金泰里,2022,市長,唐新民,共和黨,1,4006,0.025
3,中山區,金泰里,2022,市長,謝立康,無黨籍及未經政黨推薦,1,4006,0.025
3,中山區,金泰里,2022,市長,陳時中,民主進步黨,1138,4006,28.4074
3,中山區,金泰里,2023,立委,吳怡農,民主進步黨,1082,2338,46.2789
3,中山區,金泰里,2023,立委,王鴻薇,中國國民黨,1251,2338,53.5073
3,中山區,金泰里,2023,立委,蕭赫麟,無黨籍及未經政黨推薦,5,2338,0.2139
3,中山區,金泰里,2024,立委,余新造,人民最大黨,10,4551,0.2197
3,中山區,金泰里,2024,立委,陳源發,無黨籍及未經政黨推薦,44,4551,0.9668
3,中山區,金泰里,2024,立委,謝佩芬,民主進步黨,1930,4551,42.4083
3,中山區,金泰里,2024,立委,高士恩,制度救世島,5,4551,0.1099
3,中山區,金泰里,2024,立委,王鴻薇,中國國民黨,2479,4551,54.4715
3,中山區,金泰里,2024,立委,楊時睿,台灣維新,41,4551,0.9009
3,中山區,金泰里,2024,立委,陳一郎,臺灣雙語無法黨,42,4551,0.9229
3,中山區,金泰里,2024,總統,柯文哲,台灣民眾黨,1199,4698,25.5215
3,中山區,金泰里,2024,總統,賴清德,民主進步黨,1718,4698,36.5688
3,中山區,金泰里,2024,總統,侯友宜,中國國民黨,1781,4698,37.9097
3,中山區,集英里,2014,市長,陳汝斌,三等國民公義人權自救黨,4,4057,0.0986
3,中山區,集英里,2014,市長,趙衍慶,無黨籍及未經政黨推薦,40,4057,0.986
3,中山區,集英里,2014,市長,李宏信,無黨籍及未經政黨推薦,2,4057,0.0493
3,中山區,集英里,2014,市長,陳永昌,無黨籍及未經政黨推薦,4,4057,0.0986
3,中山區,集英里,2014,市長,馮光遠,無黨籍及未經政黨推薦,16,4057,0.3944
3,中山區,集英里,2014,市長,連勝文,中國國民黨,1353,4057,33.3498
3,中山區,集英里,2014,市長,柯文哲,無黨籍及未經政黨推薦,2638,4057,65.0234
3,中山區,集英里,2016,立委,高士恩,大愛憲改聯盟,19,3856,0.4927
3,中山區,集英里,2016,立委,潘建志,無黨籍及未經政黨推薦,1721,3856,44.6317
3,中山區,集英里,2016,立委,林新凱,台灣獨立黨,20,3856,0.5187
3,中山區,集英里,2016,立委,趙燕傑,無黨籍及未經政黨推薦,11,3856,0.2853
3,中山區,集英里,2016,立委,邱正浩,和平鴿聯盟黨,12,3856,0.3112
3,中山區,集英里,2016,立委,陳科引,無黨籍及未經政黨推薦,29,3856,0.7521
3,中山區,集英里,2016,立委,李晏榕,綠黨社會民主黨聯盟,568,3856,14.7303
3,中山區,集英里,2016,立委,李成嶽,軍公教聯盟黨,17,3856,0.4409
3,中山區,集英里,2016,立委,黃麗香,無黨籍及未經政黨推薦,27,3856,0.7002
3,中山區,集英里,2016,立委,蔣萬安,中國國民黨,1432,3856,37.1369
3,中山區,集英里,2016,總統,朱立倫,中國國民黨,1140,3954,28.8316
3,中山區,集英里,2016,總統,蔡英文,民主進步黨,2372,3954,59.9899
3,中山區,集英里,2016,總統,宋楚瑜,親民黨,442,3954,11.1786
3,中山區,集英里,2018,市長,吳蕚洋,無黨籍及未經政黨推薦,9,3723,0.2417
3,中山區,集英里,2018,市長,丁守中,中國國民黨,1204,3723,32.3395
3,中山區,集英里,2018,市長,姚文智,民主進步黨,831,3723,22.3207
3,中山區,集英里,2018,市長,柯文哲,無黨籍及未經政黨推薦,1659,3723,44.5608
3,中山區,集英里,2018,市長,李錫錕,無黨籍及未經政黨推薦,20,3723,0.5372
3,中山區,集英里,2020,立委,何景榮,台灣民眾黨,156,4433,3.5191
3,中山區,集英里,2020,立委,吳怡農,民主進步黨,2379,4433,53.6657
3,中山區,集英里,2020,立委,田方宇,安定力量,29,4433,0.6542
3,中山區,集英里,2020,立委,蔣萬安,中國國民黨,1869,4433,42.1611
3,中山區,集英里,2020,總統,宋楚瑜,親民黨,217,4503,4.819
3,中山區,集英里,2020,總統,韓國瑜,中國國民黨,1506,4503,33.4444
3,中山區,集英里,2020,總統,蔡英文,民主進步黨,2780,4503,61.7366
3,中山區,集英里,2022,市長,張家豪,台灣動物保護黨,4,3639,0.1099
3,中山區,集英里,2022,市長,王文娟,無黨籍及未經政黨推薦,2,3639,0.055
3,中山區,集英里,2022,市長,鄭匡宇,無黨籍及未經政黨推薦,0,3639,0.0
3,中山區,集英里,2022,市長,黃聖峰,台澎黨,0,3639,0.0
3,中山區,集英里,2022,市長,童文薰,無黨籍及未經政黨推薦,8,3639,0.2198
3,中山區,集英里,2022,市長,蔣萬安,中國國民黨,1314,3639,36.1088
3,中山區,集英里,2022,市長,蘇煥智,台灣維新,5,3639,0.1374
3,中山區,集英里,2022,市長,黃珊珊,無黨籍及未經政黨推薦,893,3639,24.5397
3,中山區,集英里,2022,市長,施奉先,無黨籍及未經政黨推薦,0,3639,0.0
3,中山區,集英里,2022,市長,唐新民,共和黨,0,3639,0.0
3,中山區,集英里,2022,市長,謝立康,無黨籍及未經政黨推薦,1,3639,0.0275
3,中山區,集英里,2022,市長,陳時中,民主進步黨,1412,3639,38.8019
3,中山區,集英里,2023,立委,吳怡農,民主進步黨,1263,2195,57.5399
3,中山區,集英里,2023,立委,王鴻薇,中國國民黨,917,2195,41.7768
3,中山區,集英里,2023,立委,蕭赫麟,無黨籍及未經政黨推薦,15,2195,0.6834
3,中山區,集英里,2024,立委,余新造,人民最大黨,26,4006,0.649
3,中山區,集英里,2024,立委,陳源發,無黨籍及未經政黨推薦,31,4006,0.7738
3,中山區,集英里,2024,立委,謝佩芬,民主進步黨,2120,4006,52.9206
3,中山區,集英里,2024,立委,高士恩,制度救世島,9,4006,0.2247
3,中山區,集英里,2024,立委,王鴻薇,中國國民黨,1736,4006,43.335
3,中山區,集英里,2024,立委,楊時睿,台灣維新,47,4006,1.1732
3,中山區,集英里,2024,立委,陳一郎,臺灣雙語無法黨,37,4006,0.9236
3,中山區,集英里,2024,總統,柯文哲,台灣民眾黨,1012,4148,24.3973
3,中山區,集英里,2024,總統,賴清德,民主進步黨,1875,4148,45.2025
3,中山區,集英里,2024,總統,侯友宜,中國國民黨,1261,4148,30.4002
3,中山區,龍洲里,2014,市長,陳汝斌,三等國民公義人權自救黨,3,3179,0.0944
3,中山區,龍洲里,2014,市長,趙衍慶,無黨籍及未經政黨推薦,33,3179,1.0381
3,中山區,龍洲里,2014,市長,李宏信,無黨籍及未經政黨推薦,4,3179,0.1258
3,中山區,龍洲里,2014,市長,陳永昌,無黨籍及未經政黨推薦,6,3179,0.1887
3,中山區,龍洲里,2014,市長,馮光遠,無黨籍及未經政黨推薦,26,3179,0.8179
3,中山區,龍洲里,2014,市長,連勝文,中國國民黨,1883,3179,59.2325
3,中山區,龍洲里,2014,市長,柯文哲,無黨籍及未經政黨推薦,1224,3179,38.5027
3,中山區,龍洲里,2016,立委,高士恩,大愛憲改聯盟,2,3027,0.0661
3,中山區,龍洲里,2016,立委,潘建志,無黨籍及未經政黨推薦,685,3027,22.6297
3,中山區,龍洲里,2016,立委,林新凱,台灣獨立黨,6,3027,0.1982
3,中山區,龍洲里,2016,立委,趙燕傑,無黨籍及未經政黨推薦,7,3027,0.2313
3,中山區,龍洲里,2016,立委,邱正浩,和平鴿聯盟黨,3,3027,0.0991
3,中山區,龍洲里,2016,立委,陳科引,無黨籍及未經政黨推薦,16,3027,0.5286
3,中山區,龍洲里,2016,立委,李晏榕,綠黨社會民主黨聯盟,263,3027,8.6885
3,中山區,龍洲里,2016,立委,李成嶽,軍公教聯盟黨,14,3027,0.4625
3,中山區,龍洲里,2016,立委,黃麗香,無黨籍及未經政黨推薦,11,3027,0.3634
3,中山區,龍洲里,2016,立委,蔣萬安,中國國民黨,2020,3027,66.7327
3,中山區,龍洲里,2016,總統,朱立倫,中國國民黨,1697,3068,55.3129
3,中山區,龍洲里,2016,總統,蔡英文,民主進步黨,1007,3068,32.8227
3,中山區,龍洲里,2016,總統,宋楚瑜,親民黨,364,3068,11.8644
3,中山區,龍洲里,2018,市長,吳蕚洋,無黨籍及未經政黨推薦,12,3015,0.398
3,中山區,龍洲里,2018,市長,丁守中,中國國民黨,1681,3015,55.7546
3,中山區,龍洲里,2018,市長,姚文智,民主進步黨,271,3015,8.9884
3,中山區,龍洲里,2018,市長,柯文哲,無黨籍及未經政黨推薦,1040,3015,34.4942
3,中山區,龍洲里,2018,市長,李錫錕,無黨籍及未經政黨推薦,11,3015,0.3648
3,中山區,龍洲里,2020,立委,何景榮,台灣民眾黨,76,3414,2.2261
3,中山區,龍洲里,2020,立委,吳怡農,民主進步黨,1038,3414,30.4042
3,中山區,龍洲里,2020,立委,田方宇,安定力量,19,3414,0.5565
3,中山區,龍洲里,2020,立委,蔣萬安,中國國民黨,2281,3414,66.8131
3,中山區,龍洲里,2020,總統,宋楚瑜,親民黨,152,3423,4.4405
3,中山區,龍洲里,2020,總統,韓國瑜,中國國民黨,1971,3423,57.5811
3,中山區,龍洲里,2020,總統,蔡英文,民主進步黨,1300,3423,37.9784
3,中山區,龍洲里,2022,市長,張家豪,台灣動物保護黨,4,2892,0.1383
3,中山區,龍洲里,2022,市長,王文娟,無黨籍及未經政黨推薦,0,2892,0.0
3,中山區,龍洲里,2022,市長,鄭匡宇,無黨籍及未經政黨推薦,0,2892,0.0
3,中山區,龍洲里,2022,市長,黃聖峰,台澎黨,0,2892,0.0
3,中山區,龍洲里,2022,市長,童文薰,無黨籍及未經政黨推薦,2,2892,0.0692
3,中山區,龍洲里,2022,市長,蔣萬安,中國國民黨,1707,2892,59.0249
3,中山區,龍洲里,2022,市長,蘇煥智,台灣維新,0,2892,0.0
3,中山區,龍洲里,2022,市長,黃珊珊,無黨籍及未經政黨推薦,597,2892,20.6432
3,中山區,龍洲里,2022,市長,施奉先,無黨籍及未經政黨推薦,1,2892,0.0346
3,中山區,龍洲里,2022,市長,唐新民,共和黨,1,2892,0.0346
3,中山區,龍洲里,2022,市長,謝立康,無黨籍及未經政黨推薦,0,2892,0.0
3,中山區,龍洲里,2022,市長,陳時中,民主進步黨,580,2892,20.0553
3,中山區,龍洲里,2023,立委,吳怡農,民主進步黨,549,1920,28.5938
3,中山區,龍洲里,2023,立委,王鴻薇,中國國民黨,1357,1920,70.6771
3,中山區,龍洲里,2023,立委,蕭赫麟,無黨籍及未經政黨推薦,14,1920,0.7292
3,中山區,龍洲里,2024,立委,余新造,人民最大黨,7,3091,0.2265
3,中山區,龍洲里,2024,立委,陳源發,無黨籍及未經政黨推薦,19,3091,0.6147
3,中山區,龍洲里,2024,立委,謝佩芬,民主進步黨,944,3091,30.5403
3,中山區,龍洲里,2024,立委,高士恩,制度救世島,1,3091,0.0324
3,中山區,龍洲里,2024,立委,王鴻薇,中國國民黨,2092,3091,67.6804
3,中山區,龍洲里,2024,立委,楊時睿,台灣維新,14,3091,0.4529
3,中山區,龍洲里,2024,立委,陳一郎,臺灣雙語無法黨,14,3091,0.4529
3,中山區,龍洲里,2024,總統,柯文哲,台灣民眾黨,699,3175,22.0157
3,中山區,龍洲里,2024,總統,賴清德,民主進步黨,817,3175,25.7323
3,中山區,龍洲里,2024,總統,侯友宜,中國國民黨,1659,3175,52.252
3,松山區,三民里,2014,市長,陳汝斌,三等國民公義人權自救黨,2,3926,0.0509
3,松山區,三民里,2014,市長,趙衍慶,無黨籍及未經政黨推薦,37,3926,0.9424
3,松山區,三民里,2014,市長,李宏信,無黨籍及未經政黨推薦,6,3926,0.1528
3,松山區,三民里,2014,市長,陳永昌,無黨籍及未經政黨推薦,3,3926,0.0764
3,松山區,三民里,2014,市長,馮光遠,無黨籍及未經政黨推薦,15,3926,0.3821
3,松山區,三民里,2014,市長,連勝文,中國國民黨,1759,3926,44.8039
3,松山區,三民里,2014,市長,柯文哲,無黨籍及未經政黨推薦,2104,3926,53.5914
3,松山區,三民里,2016,立委,高士恩,大愛憲改聯盟,9,3857,0.2333
3,松山區,三民里,2016,立委,潘建志,無黨籍及未經政黨推薦,1358,3857,35.2087
3,松山區,三民里,2016,立委,林新凱,台灣獨立黨,8,3857,0.2074
3,松山區,三民里,2016,立委,趙燕傑,無黨籍及未經政黨推薦,4,3857,0.1037
3,松山區,三民里,2016,立委,邱正浩,和平鴿聯盟黨,9,3857,0.2333
3,松山區,三民里,2016,立委,陳科引,無黨籍及未經政黨推薦,34,3857,0.8815
3,松山區,三民里,2016,立委,李晏榕,綠黨社會民主黨聯盟,432,3857,11.2004
3,松山區,三民里,2016,立委,李成嶽,軍公教聯盟黨,8,3857,0.2074
3,松山區,三民里,2016,立委,黃麗香,無黨籍及未經政黨推薦,13,3857,0.337
3,松山區,三民里,2016,立委,蔣萬安,中國國民黨,1982,3857,51.3871
3,松山區,三民里,2016,總統,朱立倫,中國國民黨,1637,3884,42.1473
3,松山區,三民里,2016,總統,蔡英文,民主進步黨,1863,3884,47.966
3,松山區,三民里,2016,總統,宋楚瑜,親民黨,384,3884,9.8867
3,松山區,三民里,2018,市長,吳蕚洋,無黨籍及未經政黨推薦,10,3743,0.2672
3,松山區,三民里,2018,市長,丁守中,中國國民黨,1707,3743,45.6051
3,松山區,三民里,2018,市長,姚文智,民主進步黨,566,3743,15.1216
3,松山區,三民里,2018,市長,柯文哲,無黨籍及未經政黨推薦,1441,3743,38.4985
3,松山區,三民里,2018,市長,李錫錕,無黨籍及未經政黨推薦,19,3743,0.5076
3,松山區,三民里,2020,立委,何景榮,台灣民眾黨,91,4378,2.0786
3,松山區,三民里,2020,立委,吳怡農,民主進步黨,1881,4378,42.9648
3,松山區,三民里,2020,立委,田方宇,安定力量,22,4378,0.5025
3,松山區,三民里,2020,立委,蔣萬安,中國國民黨,2384,4378,54.4541
3,松山區,三民里,2020,總統,宋楚瑜,親民黨,192,4377,4.3866
3,松山區,三民里,2020,總統,韓國瑜,中國國民黨,2010,4377,45.9219
3,松山區,三民里,2020,總統,蔡英文,民主進步黨,2175,4377,49.6916
3,松山區,三民里,2022,市長,張家豪,台灣動物保護黨,3,3579,0.0838
3,松山區,三民里,2022,市長,王文娟,無黨籍及未經政黨推薦,2,3579,0.0559
3,松山區,三民里,2022,市長,鄭匡宇,無黨籍及未經政黨推薦,1,3579,0.0279
3,松山區,三民里,2022,市長,黃聖峰,台澎黨,0,3579,0.0
3,松山區,三民里,2022,市長,童文薰,無黨籍及未經政黨推薦,3,3579,0.0838
3,松山區,三民里,2022,市長,蔣萬安,中國國民黨,1705,3579,47.639
3,松山區,三民里,2022,市長,蘇煥智,台灣維新,3,3579,0.0838
3,松山區,三民里,2022,市長,黃珊珊,無黨籍及未經政黨推薦,744,3579,20.7879
3,松山區,三民里,2022,市長,施奉先,無黨籍及未經政黨推薦,0,3579,0.0
3,松山區,三民里,2022,市長,唐新民,共和黨,1,3579,0.0279
3,松山區,三民里,2022,市長,謝立康,無黨籍及未經政黨推薦,1,3579,0.0279
3,松山區,三民里,2022,市長,陳時中,民主進步黨,1116,3579,31.1819
3,松山區,三民里,2023,立委,吳怡農,民主進步黨,1055,2422,43.559
3,松山區,三民里,2023,立委,王鴻薇,中國國民黨,1360,2422,56.1519
3,松山區,三民里,2023,立委,蕭赫麟,無黨籍及未經政黨推薦,7,2422,0.289
3,松山區,三民里,2024,立委,余新造,人民最大黨,8,3981,0.201
3,松山區,三民里,2024,立委,陳源發,無黨籍及未經政黨推薦,17,3981,0.427
3,松山區,三民里,2024,立委,謝佩芬,民主進步黨,1664,3981,41.7985
3,松山區,三民里,2024,立委,高士恩,制度救世島,1,3981,0.0251
3,松山區,三民里,2024,立委,王鴻薇,中國國民黨,2257,3981,56.6943
3,松山區,三民里,2024,立委,楊時睿,台灣維新,21,3981,0.5275
3,松山區,三民里,2024,立委,陳一郎,臺灣雙語無法黨,13,3981,0.3266
3,松山區,三民里,2024,總統,柯文哲,台灣民眾黨,810,4096,19.7754
3,松山區,三民里,2024,總統,賴清德,民主進步黨,1532,4096,37.4023
3,松山區,三民里,2024,總統,侯友宜,中國國民黨,1754,4096,42.8223
3,松山區,中華里,2014,市長,陳汝斌,三等國民公義人權自救黨,3,3605,0.0832
3,松山區,中華里,2014,市長,趙衍慶,無黨籍及未經政黨推薦,28,3605,0.7767
3,松山區,中華里,2014,市長,李宏信,無黨籍及未經政黨推薦,4,3605,0.111
3,松山區,中華里,2014,市長,陳永昌,無黨籍及未經政黨推薦,5,3605,0.1387
3,松山區,中華里,2014,市長,馮光遠,無黨籍及未經政黨推薦,24,3605,0.6657
3,松山區,中華里,2014,市長,連勝文,中國國民黨,1595,3605,44.2441
3,松山區,中華里,2014,市長,柯文哲,無黨籍及未經政黨推薦,1946,3605,53.9806
3,松山區,中華里,2016,立委,高士恩,大愛憲改聯盟,7,3485,0.2009
3,松山區,中華里,2016,立委,潘建志,無黨籍及未經政黨推薦,1233,3485,35.3802
3,松山區,中華里,2016,立委,林新凱,台灣獨立黨,9,3485,0.2582
3,松山區,中華里,2016,立委,趙燕傑,無黨籍及未經政黨推薦,8,3485,0.2296
3,松山區,中華里,2016,立委,邱正浩,和平鴿聯盟黨,10,3485,0.2869
3,松山區,中華里,2016,立委,陳科引,無黨籍及未經政黨推薦,23,3485,0.66
3,松山區,中華里,2016,立委,李晏榕,綠黨社會民主黨聯盟,415,3485,11.9082
3,松山區,中華里,2016,立委,李成嶽,軍公教聯盟黨,16,3485,0.4591
3,松山區,中華里,2016,立委,黃麗香,無黨籍及未經政黨推薦,6,3485,0.1722
3,松山區,中華里,2016,立委,蔣萬安,中國國民黨,1758,3485,50.4448
3,松山區,中華里,2016,總統,朱立倫,中國國民黨,1472,3530,41.6997
3,松山區,中華里,2016,總統,蔡英文,民主進步黨,1690,3530,47.8754
3,松山區,中華里,2016,總統,宋楚瑜,親民黨,368,3530,10.4249
3,松山區,中華里,2018,市長,吳蕚洋,無黨籍及未經政黨推薦,15,3282,0.457
3,松山區,中華里,2018,市長,丁守中,中國國民黨,1474,3282,44.9116
3,松山區,中華里,2018,市長,姚文智,民主進步黨,490,3282,14.9299
3,松山區,中華里,2018,市長,柯文哲,無黨籍及未經政黨推薦,1292,3282,39.3662
3,松山區,中華里,2018,市長,李錫錕,無黨籍及未經政黨推薦,11,3282,0.3352
3,松山區,中華里,2020,立委,何景榮,台灣民眾黨,86,3982,2.1597
3,松山區,中華里,2020,立委,吳怡農,民主進步黨,1659,3982,41.6625
3,松山區,中華里,2020,立委,田方宇,安定力量,32,3982,0.8036
3,松山區,中華里,2020,立委,蔣萬安,中國國民黨,2205,3982,55.3742
3,松山區,中華里,2020,總統,宋楚瑜,親民黨,174,4003,4.3467
3,松山區,中華里,2020,總統,韓國瑜,中國國民黨,1836,4003,45.8656
3,松山區,中華里,2020,總統,蔡英文,民主進步黨,1993,4003,49.7877
3,松山區,中華里,2022,市長,張家豪,台灣動物保護黨,2,3313,0.0604
3,松山區,中華里,2022,市長,王文娟,無黨籍及未經政黨推薦,0,3313,0.0
3,松山區,中華里,2022,市長,鄭匡宇,無黨籍及未經政黨推薦,1,3313,0.0302
3,松山區,中華里,2022,市長,黃聖峰,台澎黨,1,3313,0.0302
3,松山區,中華里,2022,市長,童文薰,無黨籍及未經政黨推薦,3,3313,0.0906
3,松山區,中華里,2022,市長,蔣萬安,中國國民黨,1590,3313,47.9928
3,松山區,中華里,2022,市長,蘇煥智,台灣維新,1,3313,0.0302
3,松山區,中華里,2022,市長,黃珊珊,無黨籍及未經政黨推薦,697,3313,21.0383
3,松山區,中華里,2022,市長,施奉先,無黨籍及未經政黨推薦,1,3313,0.0302
3,松山區,中華里,2022,市長,唐新民,共和黨,0,3313,0.0
3,松山區,中華里,2022,市長,謝立康,無黨籍及未經政黨推薦,1,3313,0.0302
3,松山區,中華里,2022,市長,陳時中,民主進步黨,1016,3313,30.6671
3,松山區,中華里,2023,立委,吳怡農,民主進步黨,885,2165,40.8776
3,松山區,中華里,2023,立委,王鴻薇,中國國民黨,1276,2165,58.9376
3,松山區,中華里,2023,立委,蕭赫麟,無黨籍及未經政黨推薦,4,2165,0.1848
3,松山區,中華里,2024,立委,余新造,人民最大黨,11,3694,0.2978
3,松山區,中華里,2024,立委,陳源發,無黨籍及未經政黨推薦,38,3694,1.0287
3,松山區,中華里,2024,立委,謝佩芬,民主進步黨,1475,3694,39.9296
3,松山區,中華里,2024,立委,高士恩,制度救世島,2,3694,0.0541
3,松山區,中華里,2024,立委,王鴻薇,中國國民黨,2120,3694,57.3904
3,松山區,中華里,2024,立委,楊時睿,台灣維新,19,3694,0.5143
3,松山區,中華里,2024,立委,陳一郎,臺灣雙語無法黨,29,3694,0.7851
3,松山區,中華里,2024,總統,柯文哲,台灣民眾黨,811,3786,21.421
3,松山區,中華里,2024,總統,賴清德,民主進步黨,1391,3786,36.7406
3,松山區,中華里,2024,總統,侯友宜,中國國民黨,1584,3786,41.8384
3,松山區,介壽里,2014,市長,陳汝斌,三等國民公義人權自救黨,2,2623,0.0762
3,松山區,介壽里,2014,市長,趙衍慶,無黨籍及未經政黨推薦,34,2623,1.2962
3,松山區,介壽里,2014,市長,李宏信,無黨籍及未經政黨推薦,5,2623,0.1906
3,松山區,介壽里,2014,市長,陳永昌,無黨籍及未經政黨推薦,2,2623,0.0762
3,松山區,介壽里,2014,市長,馮光遠,無黨籍及未經政黨推薦,17,2623,0.6481
3,松山區,介壽里,2014,市長,連勝文,中國國民黨,1026,2623,39.1155
3,松山區,介壽里,2014,市長,柯文哲,無黨籍及未經政黨推薦,1537,2623,58.597
3,松山區,介壽里,2016,立委,高士恩,大愛憲改聯盟,6,2487,0.2413
3,松山區,介壽里,2016,立委,潘建志,無黨籍及未經政黨推薦,965,2487,38.8018
3,松山區,介壽里,2016,立委,林新凱,台灣獨立黨,10,2487,0.4021
3,松山區,介壽里,2016,立委,趙燕傑,無黨籍及未經政黨推薦,4,2487,0.1608
3,松山區,介壽里,2016,立委,邱正浩,和平鴿聯盟黨,6,2487,0.2413
3,松山區,介壽里,2016,立委,陳科引,無黨籍及未經政黨推薦,17,2487,0.6836
3,松山區,介壽里,2016,立委,李晏榕,綠黨社會民主黨聯盟,346,2487,13.9123
3,松山區,介壽里,2016,立委,李成嶽,軍公教聯盟黨,14,2487,0.5629
3,松山區,介壽里,2016,立委,黃麗香,無黨籍及未經政黨推薦,3,2487,0.1206
3,松山區,介壽里,2016,立委,蔣萬安,中國國民黨,1116,2487,44.8733
3,松山區,介壽里,2016,總統,朱立倫,中國國民黨,909,2508,36.244
3,松山區,介壽里,2016,總統,蔡英文,民主進步黨,1360,2508,54.2265
3,松山區,介壽里,2016,總統,宋楚瑜,親民黨,239,2508,9.5295
3,松山區,介壽里,2018,市長,吳蕚洋,無黨籍及未經政黨推薦,13,2455,0.5295
3,松山區,介壽里,2018,市長,丁守中,中國國民黨,944,2455,38.4521
3,松山區,介壽里,2018,市長,姚文智,民主進步黨,434,2455,17.6782
3,松山區,介壽里,2018,市長,柯文哲,無黨籍及未經政黨推薦,1049,2455,42.7291
3,松山區,介壽里,2018,市長,李錫錕,無黨籍及未經政黨推薦,15,2455,0.611
3,松山區,介壽里,2020,立委,何景榮,台灣民眾黨,61,2760,2.2101
3,松山區,介壽里,2020,立委,吳怡農,民主進步黨,1296,2760,46.9565
3,松山區,介壽里,2020,立委,田方宇,安定力量,15,2760,0.5435
3,松山區,介壽里,2020,立委,蔣萬安,中國國民黨,1388,2760,50.2899
3,松山區,介壽里,2020,總統,宋楚瑜,親民黨,105,2764,3.7988
3,松山區,介壽里,2020,總統,韓國瑜,中國國民黨,1167,2764,42.2214
3,松山區,介壽里,2020,總統,蔡英文,民主進步黨,1492,2764,53.9797
3,松山區,介壽里,2022,市長,張家豪,台灣動物保護黨,1,2325,0.043
3,松山區,介壽里,2022,市長,王文娟,無黨籍及未經政黨推薦,0,2325,0.0
3,松山區,介壽里,2022,市長,鄭匡宇,無黨籍及未經政黨推薦,0,2325,0.0
3,松山區,介壽里,2022,市長,黃聖峰,台澎黨,0,2325,0.0
3,松山區,介壽里,2022,市長,童文薰,無黨籍及未經政黨推薦,4,2325,0.172
3,松山區,介壽里,2022,市長,蔣萬安,中國國民黨,983,2325,42.2796
3,松山區,介壽里,2022,市長,蘇煥智,台灣維新,1,2325,0.043
3,松山區,介壽里,2022,市長,黃珊珊,無黨籍及未經政黨推薦,545,2325,23.4409
3,松山區,介壽里,2022,市長,施奉先,無黨籍及未經政黨推薦,1,2325,0.043
3,松山區,介壽里,2022,市長,唐新民,共和黨,0,2325,0.0
3,松山區,介壽里,2022,市長,謝立康,無黨籍及未經政黨推薦,0,2325,0.0
3,松山區,介壽里,2022,市長,陳時中,民主進步黨,790,2325,33.9785
3,松山區,介壽里,2023,立委,吳怡農,民主進步黨,729,1506,48.4064
3,松山區,介壽里,2023,立委,王鴻薇,中國國民黨,762,1506,50.5976
3,松山區,介壽里,2023,立委,蕭赫麟,無黨籍及未經政黨推薦,15,1506,0.996
3,松山區,介壽里,2024,立委,余新造,人民最大黨,6,2539,0.2363
3,松山區,介壽里,2024,立委,陳源發,無黨籍及未經政黨推薦,16,2539,0.6302
3,松山區,介壽里,2024,立委,謝佩芬,民主進步黨,1188,2539,46.7901
3,松山區,介壽里,2024,立委,高士恩,制度救世島,2,2539,0.0788
3,松山區,介壽里,2024,立委,王鴻薇,中國國民黨,1290,2539,50.8074
3,松山區,介壽里,2024,立委,楊時睿,台灣維新,21,2539,0.8271
3,松山區,介壽里,2024,立委,陳一郎,臺灣雙語無法黨,16,2539,0.6302
3,松山區,介壽里,2024,總統,柯文哲,台灣民眾黨,539,2600,20.7308
3,松山區,介壽里,2024,總統,賴清德,民主進步黨,1085,2600,41.7308
3,松山區,介壽里,2024,總統,侯友宜,中國國民黨,976,2600,37.5385
3,松山區,安平里,2014,市長,陳汝斌,三等國民公義人權自救黨,9,5181,0.1737
3,松山區,安平里,2014,市長,趙衍慶,無黨籍及未經政黨推薦,48,5181,0.9265
3,松山區,安平里,2014,市長,李宏信,無黨籍及未經政黨推薦,8,5181,0.1544
3,松山區,安平里,2014,市長,陳永昌,無黨籍及未經政黨推薦,12,5181,0.2316
3,松山區,安平里,2014,市長,馮光遠,無黨籍及未經政黨推薦,53,5181,1.023
3,松山區,安平里,2014,市長,連勝文,中國國民黨,1948,5181,37.5989
3,松山區,安平里,2014,市長,柯文哲,無黨籍及未經政黨推薦,3103,5181,59.8919
3,松山區,安平里,2016,立委,高士恩,大愛憲改聯盟,17,4842,0.3511
3,松山區,安平里,2016,立委,潘建志,無黨籍及未經政黨推薦,2047,4842,42.2759
3,松山區,安平里,2016,立委,林新凱,台灣獨立黨,19,4842,0.3924
3,松山區,安平里,2016,立委,趙燕傑,無黨籍及未經政黨推薦,9,4842,0.1859
3,松山區,安平里,2016,立委,邱正浩,和平鴿聯盟黨,14,4842,0.2891
3,松山區,安平里,2016,立委,陳科引,無黨籍及未經政黨推薦,38,4842,0.7848
3,松山區,安平里,2016,立委,李晏榕,綠黨社會民主黨聯盟,577,4842,11.9166
3,松山區,安平里,2016,立委,李成嶽,軍公教聯盟黨,29,4842,0.5989
3,松山區,安平里,2016,立委,黃麗香,無黨籍及未經政黨推薦,22,4842,0.4544
3,松山區,安平里,2016,立委,蔣萬安,中國國民黨,2070,4842,42.7509
3,松山區,安平里,2016,總統,朱立倫,中國國民黨,1709,4937,34.6162
3,松山區,安平里,2016,總統,蔡英文,民主進步黨,2732,4937,55.3372
3,松山區,安平里,2016,總統,宋楚瑜,親民黨,496,4937,10.0466
3,松山區,安平里,2018,市長,吳蕚洋,無黨籍及未經政黨推薦,22,4698,0.4683
3,松山區,安平里,2018,市長,丁守中,中國國民黨,1759,4698,37.4415
3,松山區,安平里,2018,市長,姚文智,民主進步黨,920,4698,19.5828
3,松山區,安平里,2018,市長,柯文哲,無黨籍及未經政黨推薦,1981,4698,42.1669
3,松山區,安平里,2018,市長,李錫錕,無黨籍及未經政黨推薦,16,4698,0.3406
3,松山區,安平里,2020,立委,何景榮,台灣民眾黨,176,5548,3.1723
3,松山區,安平里,2020,立委,吳怡農,民主進步黨,2653,5548,47.819
3,松山區,安平里,2020,立委,田方宇,安定力量,31,5548,0.5588
3,松山區,安平里,2020,立委,蔣萬安,中國國民黨,2688,5548,48.4499
3,松山區,安平里,2020,總統,宋楚瑜,親民黨,237,5566,4.258
3,松山區,安平里,2020,總統,韓國瑜,中國國民黨,2187,5566,39.2921
3,松山區,安平里,2020,總統,蔡英文,民主進步黨,3142,5566,56.4499
3,松山區,安平里,2022,市長,張家豪,台灣動物保護黨,13,4608,0.2821
3,松山區,安平里,2022,市長,王文娟,無黨籍及未經政黨推薦,4,4608,0.0868
3,松山區,安平里,2022,市長,鄭匡宇,無黨籍及未經政黨推薦,1,4608,0.0217
3,松山區,安平里,2022,市長,黃聖峰,台澎黨,1,4608,0.0217
3,松山區,安平里,2022,市長,童文薰,無黨籍及未經政黨推薦,9,4608,0.1953
3,松山區,安平里,2022,市長,蔣萬安,中國國民黨,1911,4608,41.4714
3,松山區,安平里,2022,市長,蘇煥智,台灣維新,10,4608,0.217
3,松山區,安平里,2022,市長,黃珊珊,無黨籍及未經政黨推薦,1100,4608,23.8715
3,松山區,安平里,2022,市長,施奉先,無黨籍及未經政黨推薦,3,4608,0.0651
3,松山區,安平里,2022,市長,唐新民,共和黨,0,4608,0.0
3,松山區,安平里,2022,市長,謝立康,無黨籍及未經政黨推薦,0,4608,0.0
3,松山區,安平里,2022,市長,陳時中,民主進步黨,1556,4608,33.7674
3,松山區,安平里,2023,立委,吳怡農,民主進步黨,1329,2694,49.3318
3,松山區,安平里,2023,立委,王鴻薇,中國國民黨,1351,2694,50.1485
3,松山區,安平里,2023,立委,蕭赫麟,無黨籍及未經政黨推薦,14,2694,0.5197
3,松山區,安平里,2024,立委,余新造,人民最大黨,15,4884,0.3071
3,松山區,安平里,2024,立委,陳源發,無黨籍及未經政黨推薦,53,4884,1.0852
3,松山區,安平里,2024,立委,謝佩芬,民主進步黨,2266,4884,46.3964
3,松山區,安平里,2024,立委,高士恩,制度救世島,4,4884,0.0819
3,松山區,安平里,2024,立委,王鴻薇,中國國民黨,2480,4884,50.7781
3,松山區,安平里,2024,立委,楊時睿,台灣維新,34,4884,0.6962
3,松山區,安平里,2024,立委,陳一郎,臺灣雙語無法黨,32,4884,0.6552
3,松山區,安平里,2024,總統,柯文哲,台灣民眾黨,1225,5054,24.2382
3,松山區,安平里,2024,總統,賴清德,民主進步黨,1987,5054,39.3154
3,松山區,安平里,2024,總統,侯友宜,中國國民黨,1842,5054,36.4464
3,松山區,富泰里,2014,市長,陳汝斌,三等國民公義人權自救黨,0,2715,0.0
3,松山區,富泰里,2014,市長,趙衍慶,無黨籍及未經政黨推薦,28,2715,1.0313
3,松山區,富泰里,2014,市長,李宏信,無黨籍及未經政黨推薦,2,2715,0.0737
3,松山區,富泰里,2014,市長,陳永昌,無黨籍及未經政黨推薦,5,2715,0.1842
3,松山區,富泰里,2014,市長,馮光遠,無黨籍及未經政黨推薦,12,2715,0.442
3,松山區,富泰里,2014,市長,連勝文,中國國民黨,1342,2715,49.4291
3,松山區,富泰里,2014,市長,柯文哲,無黨籍及未經政黨推薦,1326,2715,48.8398
3,松山區,富泰里,2016,立委,高士恩,大愛憲改聯盟,2,2558,0.0782
3,松山區,富泰里,2016,立委,潘建志,無黨籍及未經政黨推薦,775,2558,30.2971
3,松山區,富泰里,2016,立委,林新凱,台灣獨立黨,9,2558,0.3518
3,松山區,富泰里,2016,立委,趙燕傑,無黨籍及未經政黨推薦,3,2558,0.1173
3,松山區,富泰里,2016,立委,邱正浩,和平鴿聯盟黨,3,2558,0.1173
3,松山區,富泰里,2016,立委,陳科引,無黨籍及未經政黨推薦,24,2558,0.9382
3,松山區,富泰里,2016,立委,李晏榕,綠黨社會民主黨聯盟,306,2558,11.9625
3,松山區,富泰里,2016,立委,李成嶽,軍公教聯盟黨,4,2558,0.1564
3,松山區,富泰里,2016,立委,黃麗香,無黨籍及未經政黨推薦,6,2558,0.2346
3,松山區,富泰里,2016,立委,蔣萬安,中國國民黨,1426,2558,55.7467
3,松山區,富泰里,2016,總統,朱立倫,中國國民黨,1184,2599,45.556
3,松山區,富泰里,2016,總統,蔡英文,民主進步黨,1130,2599,43.4783
3,松山區,富泰里,2016,總統,宋楚瑜,親民黨,285,2599,10.9658
3,松山區,富泰里,2018,市長,吳蕚洋,無黨籍及未經政黨推薦,12,2594,0.4626
3,松山區,富泰里,2018,市長,丁守中,中國國民黨,1266,2594,48.8049
3,松山區,富泰里,2018,市長,姚文智,民主進步黨,325,2594,12.5289
3,松山區,富泰里,2018,市長,柯文哲,無黨籍及未經政黨推薦,980,2594,37.7795
3,松山區,富泰里,2018,市長,李錫錕,無黨籍及未經政黨推薦,11,2594,0.4241
3,松山區,富泰里,2020,立委,何景榮,台灣民眾黨,57,3011,1.8931
3,松山區,富泰里,2020,立委,吳怡農,民主進步黨,1181,3011,39.2228
3,松山區,富泰里,2020,立委,田方宇,安定力量,19,3011,0.631
3,松山區,富泰里,2020,立委,蔣萬安,中國國民黨,1754,3011,58.2531
3,松山區,富泰里,2020,總統,宋楚瑜,親民黨,130,3010,4.3189
3,松山區,富泰里,2020,總統,韓國瑜,中國國民黨,1490,3010,49.5017
3,松山區,富泰里,2020,總統,蔡英文,民主進步黨,1390,3010,46.1794
3,松山區,富泰里,2022,市長,張家豪,台灣動物保護黨,3,2465,0.1217
3,松山區,富泰里,2022,市長,王文娟,無黨籍及未經政黨推薦,1,2465,0.0406
3,松山區,富泰里,2022,市長,鄭匡宇,無黨籍及未經政黨推薦,3,2465,0.1217
3,松山區,富泰里,2022,市長,黃聖峰,台澎黨,0,2465,0.0
3,松山區,富泰里,2022,市長,童文薰,無黨籍及未經政黨推薦,4,2465,0.1623
3,松山區,富泰里,2022,市長,蔣萬安,中國國民黨,1277,2465,51.8053
3,松山區,富泰里,2022,市長,蘇煥智,台灣維新,8,2465,0.3245
3,松山區,富泰里,2022,市長,黃珊珊,無黨籍及未經政黨推薦,518,2465,21.0142
3,松山區,富泰里,2022,市長,施奉先,無黨籍及未經政黨推薦,0,2465,0.0
3,松山區,富泰里,2022,市長,唐新民,共和黨,1,2465,0.0406
3,松山區,富泰里,2022,市長,謝立康,無黨籍及未經政黨推薦,1,2465,0.0406
3,松山區,富泰里,2022,市長,陳時中,民主進步黨,649,2465,26.3286
3,松山區,富泰里,2023,立委,吳怡農,民主進步黨,625,1671,37.4028
3,松山區,富泰里,2023,立委,王鴻薇,中國國民黨,1038,1671,62.1185
3,松山區,富泰里,2023,立委,蕭赫麟,無黨籍及未經政黨推薦,8,1671,0.4788
3,松山區,富泰里,2024,立委,余新造,人民最大黨,13,2692,0.4829
3,松山區,富泰里,2024,立委,陳源發,無黨籍及未經政黨推薦,19,2692,0.7058
3,松山區,富泰里,2024,立委,謝佩芬,民主進步黨,1036,2692,38.4844
3,松山區,富泰里,2024,立委,高士恩,制度救世島,1,2692,0.0371
3,松山區,富泰里,2024,立委,王鴻薇,中國國民黨,1604,2692,59.584
3,松山區,富泰里,2024,立委,楊時睿,台灣維新,10,2692,0.3715
3,松山區,富泰里,2024,立委,陳一郎,臺灣雙語無法黨,9,2692,0.3343
3,松山區,富泰里,2024,總統,柯文哲,台灣民眾黨,628,2769,22.6797
3,松山區,富泰里,2024,總統,賴清德,民主進步黨,926,2769,33.4417
3,松山區,富泰里,2024,總統,侯友宜,中國國民黨,1215,2769,43.8787
3,松山區,富錦里,2014,市長,陳汝斌,三等國民公義人權自救黨,2,3015,0.0663
3,松山區,富錦里,2014,市長,趙衍慶,無黨籍及未經政黨推薦,32,3015,1.0614
3,松山區,富錦里,2014,市長,李宏信,無黨籍及未經政黨推薦,4,3015,0.1327
3,松山區,富錦里,2014,市長,陳永昌,無黨籍及未經政黨推薦,4,3015,0.1327
3,松山區,富錦里,2014,市長,馮光遠,無黨籍及未經政黨推薦,12,3015,0.398
3,松山區,富錦里,2014,市長,連勝文,中國國民黨,1346,3015,44.6434
3,松山區,富錦里,2014,市長,柯文哲,無黨籍及未經政黨推薦,1615,3015,53.5655
3,松山區,富錦里,2016,立委,高士恩,大愛憲改聯盟,6,2909,0.2063
3,松山區,富錦里,2016,立委,潘建志,無黨籍及未經政黨推薦,1026,2909,35.2699
3,松山區,富錦里,2016,立委,林新凱,台灣獨立黨,7,2909,0.2406
3,松山區,富錦里,2016,立委,趙燕傑,無黨籍及未經政黨推薦,4,2909,0.1375
3,松山區,富錦里,2016,立委,邱正浩,和平鴿聯盟黨,7,2909,0.2406
3,松山區,富錦里,2016,立委,陳科引,無黨籍及未經政黨推薦,18,2909,0.6188
3,松山區,富錦里,2016,立委,李晏榕,綠黨社會民主黨聯盟,341,2909,11.7222
3,松山區,富錦里,2016,立委,李成嶽,軍公教聯盟黨,13,2909,0.4469
3,松山區,富錦里,2016,立委,黃麗香,無黨籍及未經政黨推薦,3,2909,0.1031
3,松山區,富錦里,2016,立委,蔣萬安,中國國民黨,1484,2909,51.0141
3,松山區,富錦里,2016,總統,朱立倫,中國國民黨,1239,2955,41.9289
3,松山區,富錦里,2016,總統,蔡英文,民主進步黨,1434,2955,48.5279
3,松山區,富錦里,2016,總統,宋楚瑜,親民黨,282,2955,9.5431
3,松山區,富錦里,2018,市長,吳蕚洋,無黨籍及未經政黨推薦,15,2849,0.5265
3,松山區,富錦里,2018,市長,丁守中,中國國民黨,1264,2849,44.3664
3,松山區,富錦里,2018,市長,姚文智,民主進步黨,431,2849,15.1281
3,松山區,富錦里,2018,市長,柯文哲,無黨籍及未經政黨推薦,1129,2849,39.6279
3,松山區,富錦里,2018,市長,李錫錕,無黨籍及未經政黨推薦,10,2849,0.351
3,松山區,富錦里,2020,立委,何景榮,台灣民眾黨,72,3339,2.1563
3,松山區,富錦里,2020,立委,吳怡農,民主進步黨,1461,3339,43.7556
3,松山區,富錦里,2020,立委,田方宇,安定力量,16,3339,0.4792
3,松山區,富錦里,2020,立委,蔣萬安,中國國民黨,1790,3339,53.6089
3,松山區,富錦里,2020,總統,宋楚瑜,親民黨,147,3342,4.3986
3,松山區,富錦里,2020,總統,韓國瑜,中國國民黨,1541,3342,46.1101
3,松山區,富錦里,2020,總統,蔡英文,民主進步黨,1654,3342,49.4913
3,松山區,富錦里,2022,市長,張家豪,台灣動物保護黨,5,2834,0.1764
3,松山區,富錦里,2022,市長,王文娟,無黨籍及未經政黨推薦,2,2834,0.0706
3,松山區,富錦里,2022,市長,鄭匡宇,無黨籍及未經政黨推薦,1,2834,0.0353
3,松山區,富錦里,2022,市長,黃聖峰,台澎黨,0,2834,0.0
3,松山區,富錦里,2022,市長,童文薰,無黨籍及未經政黨推薦,2,2834,0.0706
3,松山區,富錦里,2022,市長,蔣萬安,中國國民黨,1327,2834,46.8243
3,松山區,富錦里,2022,市長,蘇煥智,台灣維新,6,2834,0.2117
3,松山區,富錦里,2022,市長,黃珊珊,無黨籍及未經政黨推薦,631,2834,22.2653
3,松山區,富錦里,2022,市長,施奉先,無黨籍及未經政黨推薦,2,2834,0.0706
3,松山區,富錦里,2022,市長,唐新民,共和黨,0,2834,0.0
3,松山區,富錦里,2022,市長,謝立康,無黨籍及未經政黨推薦,0,2834,0.0
3,松山區,富錦里,2022,市長,陳時中,民主進步黨,858,2834,30.2752
3,松山區,富錦里,2023,立委,吳怡農,民主進步黨,813,1853,43.8748
3,松山區,富錦里,2023,立委,王鴻薇,中國國民黨,1031,1853,55.6395
3,松山區,富錦里,2023,立委,蕭赫麟,無黨籍及未經政黨推薦,9,1853,0.4857
3,松山區,富錦里,2024,立委,余新造,人民最大黨,7,3037,0.2305
3,松山區,富錦里,2024,立委,陳源發,無黨籍及未經政黨推薦,23,3037,0.7573
3,松山區,富錦里,2024,立委,謝佩芬,民主進步黨,1266,3037,41.6859
3,松山區,富錦里,2024,立委,高士恩,制度救世島,2,3037,0.0659
3,松山區,富錦里,2024,立委,王鴻薇,中國國民黨,1703,3037,56.0751
3,松山區,富錦里,2024,立委,楊時睿,台灣維新,23,3037,0.7573
3,松山區,富錦里,2024,立委,陳一郎,臺灣雙語無法黨,13,3037,0.4281
3,松山區,富錦里,2024,總統,柯文哲,台灣民眾黨,701,3110,22.5402
3,松山區,富錦里,2024,總統,賴清德,民主進步黨,1154,3110,37.1061
3,松山區,富錦里,2024,總統,侯友宜,中國國民黨,1255,3110,40.3537
3,松山區,新東里,2014,市長,陳汝斌,三等國民公義人權自救黨,1,2892,0.0346
3,松山區,新東里,2014,市長,趙衍慶,無黨籍及未經政黨推薦,40,2892,1.3831
3,松山區,新東里,2014,市長,李宏信,無黨籍及未經政黨推薦,8,2892,0.2766
3,松山區,新東里,2014,市長,陳永昌,無黨籍及未經政黨推薦,1,2892,0.0346
3,松山區,新東里,2014,市長,馮光遠,無黨籍及未經政黨推薦,15,2892,0.5187
3,松山區,新東里,2014,市長,連勝文,中國國民黨,1174,2892,40.5947
3,松山區,新東里,2014,市長,柯文哲,無黨籍及未經政黨推薦,1653,2892,57.1577
3,松山區,新東里,2016,立委,高士恩,大愛憲改聯盟,4,2845,0.1406
3,松山區,新東里,2016,立委,潘建志,無黨籍及未經政黨推薦,1054,2845,37.0475
3,松山區,新東里,2016,立委,林新凱,台灣獨立黨,14,2845,0.4921
3,松山區,新東里,2016,立委,趙燕傑,無黨籍及未經政黨推薦,3,2845,0.1054
3,松山區,新東里,2016,立委,邱正浩,和平鴿聯盟黨,3,2845,0.1054
3,松山區,新東里,2016,立委,陳科引,無黨籍及未經政黨推薦,29,2845,1.0193
3,松山區,新東里,2016,立委,李晏榕,綠黨社會民主黨聯盟,352,2845,12.3726
3,松山區,新東里,2016,立委,李成嶽,軍公教聯盟黨,14,2845,0.4921
3,松山區,新東里,2016,立委,黃麗香,無黨籍及未經政黨推薦,10,2845,0.3515
3,松山區,新東里,2016,立委,蔣萬安,中國國民黨,1362,2845,47.8735
3,松山區,新東里,2016,總統,朱立倫,中國國民黨,1104,2868,38.4937
3,松山區,新東里,2016,總統,蔡英文,民主進步黨,1486,2868,51.8131
3,松山區,新東里,2016,總統,宋楚瑜,親民黨,278,2868,9.6932
3,松山區,新東里,2018,市長,吳蕚洋,無黨籍及未經政黨推薦,6,2836,0.2116
3,松山區,新東里,2018,市長,丁守中,中國國民黨,1180,2836,41.6079
3,松山區,新東里,2018,市長,姚文智,民主進步黨,479,2836,16.89
3,松山區,新東里,2018,市長,柯文哲,無黨籍及未經政黨推薦,1164,2836,41.0437
3,松山區,新東里,2018,市長,李錫錕,無黨籍及未經政黨推薦,7,2836,0.2468
3,松山區,新東里,2020,立委,何景榮,台灣民眾黨,93,3269,2.8449
3,松山區,新東里,2020,立委,吳怡農,民主進步黨,1468,3269,44.9067
3,松山區,新東里,2020,立委,田方宇,安定力量,15,3269,0.4589
3,松山區,新東里,2020,立委,蔣萬安,中國國民黨,1693,3269,51.7895
3,松山區,新東里,2020,總統,宋楚瑜,親民黨,138,3275,4.2137
3,松山區,新東里,2020,總統,韓國瑜,中國國民黨,1431,3275,43.6947
3,松山區,新東里,2020,總統,蔡英文,民主進步黨,1706,3275,52.0916
3,松山區,新東里,2022,市長,張家豪,台灣動物保護黨,2,2712,0.0737
3,松山區,新東里,2022,市長,王文娟,無黨籍及未經政黨推薦,0,2712,0.0
3,松山區,新東里,2022,市長,鄭匡宇,無黨籍及未經政黨推薦,0,2712,0.0
3,松山區,新東里,2022,市長,黃聖峰,台澎黨,0,2712,0.0
3,松山區,新東里,2022,市長,童文薰,無黨籍及未經政黨推薦,1,2712,0.0369
3,松山區,新東里,2022,市長,蔣萬安,中國國民黨,1235,2712,45.5383
3,松山區,新東里,2022,市長,蘇煥智,台灣維新,3,2712,0.1106
3,松山區,新東里,2022,市長,黃珊珊,無黨籍及未經政黨推薦,617,2712,22.7507
3,松山區,新東里,2022,市長,施奉先,無黨籍及未經政黨推薦,0,2712,0.0
3,松山區,新東里,2022,市長,唐新民,共和黨,0,2712,0.0
3,松山區,新東里,2022,市長,謝立康,無黨籍及未經政黨推薦,1,2712,0.0369
3,松山區,新東里,2022,市長,陳時中,民主進步黨,853,2712,31.4528
3,松山區,新東里,2023,立委,吳怡農,民主進步黨,757,1736,43.606
3,松山區,新東里,2023,立委,王鴻薇,中國國民黨,974,1736,56.106
3,松山區,新東里,2023,立委,蕭赫麟,無黨籍及未經政黨推薦,5,1736,0.288
3,松山區,新東里,2024,立委,余新造,人民最大黨,5,2990,0.1672
3,松山區,新東里,2024,立委,陳源發,無黨籍及未經政黨推薦,25,2990,0.8361
3,松山區,新東里,2024,立委,謝佩芬,民主進步黨,1267,2990,42.3746
3,松山區,新東里,2024,立委,高士恩,制度救世島,2,2990,0.0669
3,松山區,新東里,2024,立委,王鴻薇,中國國民黨,1654,2990,55.3177
3,松山區,新東里,2024,立委,楊時睿,台灣維新,20,2990,0.6689
3,松山區,新東里,2024,立委,陳一郎,臺灣雙語無法黨,17,2990,0.5686
3,松山區,新東里,2024,總統,柯文哲,台灣民眾黨,699,3075,22.7317
3,松山區,新東里,2024,總統,賴清德,民主進步黨,1160,3075,37.7236
3,松山區,新東里,2024,總統,侯友宜,中國國民黨,1216,3075,39.5447
3,松山區,新益里,2014,市長,陳汝斌,三等國民公義人權自救黨,3,3000,0.1
3,松山區,新益里,2014,市長,趙衍慶,無黨籍及未經政黨推薦,30,3000,1.0
3,松山區,新益里,2014,市長,李宏信,無黨籍及未經政黨推薦,7,3000,0.2333
3,松山區,新益里,2014,市長,陳永昌,無黨籍及未經政黨推薦,2,3000,0.0667
3,松山區,新益里,2014,市長,馮光遠,無黨籍及未經政黨推薦,17,3000,0.5667
3,松山區,新益里,2014,市長,連勝文,中國國民黨,1193,3000,39.7667
3,松山區,新益里,2014,市長,柯文哲,無黨籍及未經政黨推薦,1748,3000,58.2667
3,松山區,新益里,2016,立委,高士恩,大愛憲改聯盟,9,2807,0.3206
3,松山區,新益里,2016,立委,潘建志,無黨籍及未經政黨推薦,1103,2807,39.2946
3,松山區,新益里,2016,立委,林新凱,台灣獨立黨,4,2807,0.1425
3,松山區,新益里,2016,立委,趙燕傑,無黨籍及未經政黨推薦,5,2807,0.1781
3,松山區,新益里,2016,立委,邱正浩,和平鴿聯盟黨,5,2807,0.1781
3,松山區,新益里,2016,立委,陳科引,無黨籍及未經政黨推薦,16,2807,0.57
3,松山區,新益里,2016,立委,李晏榕,綠黨社會民主黨聯盟,358,2807,12.7538
3,松山區,新益里,2016,立委,李成嶽,軍公教聯盟黨,7,2807,0.2494
3,松山區,新益里,2016,立委,黃麗香,無黨籍及未經政黨推薦,8,2807,0.285
3,松山區,新益里,2016,立委,蔣萬安,中國國民黨,1292,2807,46.0278
3,松山區,新益里,2016,總統,朱立倫,中國國民黨,1043,2835,36.7901
3,松山區,新益里,2016,總統,蔡英文,民主進步黨,1530,2835,53.9683
3,松山區,新益里,2016,總統,宋楚瑜,親民黨,262,2835,9.2416
3,松山區,新益里,2018,市長,吳蕚洋,無黨籍及未經政黨推薦,19,2786,0.682
3,松山區,新益里,2018,市長,丁守中,中國國民黨,1138,2786,40.8471
3,松山區,新益里,2018,市長,姚文智,民主進步黨,511,2786,18.3417
3,松山區,新益里,2018,市長,柯文哲,無黨籍及未經政黨推薦,1109,2786,39.8062
3,松山區,新益里,2018,市長,李錫錕,無黨籍及未經政黨推薦,9,2786,0.323
3,松山區,新益里,2020,立委,何景榮,台灣民眾黨,76,3064,2.4804
3,松山區,新益里,2020,立委,吳怡農,民主進步黨,1440,3064,46.9974
3,松山區,新益里,2020,立委,田方宇,安定力量,16,3064,0.5222
3,松山區,新益里,2020,立委,蔣萬安,中國國民黨,1532,3064,50.0
3,松山區,新益里,2020,總統,宋楚瑜,親民黨,133,3076,4.3238
3,松山區,新益里,2020,總統,韓國瑜,中國國民黨,1257,3076,40.8648
3,松山區,新益里,2020,總統,蔡英文,民主進步黨,1686,3076,54.8114
3,松山區,新益里,2022,市長,張家豪,台灣動物保護黨,1,2645,0.0378
3,松山區,新益里,2022,市長,王文娟,無黨籍及未經政黨推薦,1,2645,0.0378
3,松山區,新益里,2022,市長,鄭匡宇,無黨籍及未經政黨推薦,1,2645,0.0378
3,松山區,新益里,2022,市長,黃聖峰,台澎黨,0,2645,0.0
3,松山區,新益里,2022,市長,童文薰,無黨籍及未經政黨推薦,4,2645,0.1512
3,松山區,新益里,2022,市長,蔣萬安,中國國民黨,1166,2645,44.0832
3,松山區,新益里,2022,市長,蘇煥智,台灣維新,0,2645,0.0
3,松山區,新益里,2022,市長,黃珊珊,無黨籍及未經政黨推薦,615,2645,23.2514
3,松山區,新益里,2022,市長,施奉先,無黨籍及未經政黨推薦,0,2645,0.0
3,松山區,新益里,2022,市長,唐新民,共和黨,0,2645,0.0
3,松山區,新益里,2022,市長,謝立康,無黨籍及未經政黨推薦,0,2645,0.0
3,松山區,新益里,2022,市長,陳時中,民主進步黨,857,2645,32.4008
3,松山區,新益里,2023,立委,吳怡農,民主進步黨,837,1774,47.1815
3,松山區,新益里,2023,立委,王鴻薇,中國國民黨,931,1774,52.4803
3,松山區,新益里,2023,立委,蕭赫麟,無黨籍及未經政黨推薦,6,1774,0.3382
3,松山區,新益里,2024,立委,余新造,人民最大黨,5,2851,0.1754
3,松山區,新益里,2024,立委,陳源發,無黨籍及未經政黨推薦,16,2851,0.5612
3,松山區,新益里,2024,立委,謝佩芬,民主進步黨,1256,2851,44.0547
3,松山區,新益里,2024,立委,高士恩,制度救世島,5,2851,0.1754
3,松山區,新益里,2024,立委,王鴻薇,中國國民黨,1542,2851,54.0863
3,松山區,新益里,2024,立委,楊時睿,台灣維新,14,2851,0.4911
3,松山區,新益里,2024,立委,陳一郎,臺灣雙語無法黨,13,2851,0.456
3,松山區,新益里,2024,總統,柯文哲,台灣民眾黨,645,2914,22.1345
3,松山區,新益里,2024,總統,賴清德,民主進步黨,1140,2914,39.1215
3,松山區,新益里,2024,總統,侯友宜,中國國民黨,1129,2914,38.744
3,松山區,東光里,2014,市長,陳汝斌,三等國民公義人權自救黨,7,4306,0.1626
3,松山區,東光里,2014,市長,趙衍慶,無黨籍及未經政黨推薦,41,4306,0.9522
3,松山區,東光里,2014,市長,李宏信,無黨籍及未經政黨推薦,5,4306,0.1161
3,松山區,東光里,2014,市長,陳永昌,無黨籍及未經政黨推薦,4,4306,0.0929
3,松山區,東光里,2014,市長,馮光遠,無黨籍及未經政黨推薦,26,4306,0.6038
3,松山區,東光里,2014,市長,連勝文,中國國民黨,1966,4306,45.6572
3,松山區,東光里,2014,市長,柯文哲,無黨籍及未經政黨推薦,2257,4306,52.4152
3,松山區,東光里,2016,立委,高士恩,大愛憲改聯盟,8,4105,0.1949
3,松山區,東光里,2016,立委,潘建志,無黨籍及未經政黨推薦,1427,4105,34.7625
3,松山區,東光里,2016,立委,林新凱,台灣獨立黨,17,4105,0.4141
3,松山區,東光里,2016,立委,趙燕傑,無黨籍及未經政黨推薦,8,4105,0.1949
3,松山區,東光里,2016,立委,邱正浩,和平鴿聯盟黨,15,4105,0.3654
3,松山區,東光里,2016,立委,陳科引,無黨籍及未經政黨推薦,24,4105,0.5847
3,松山區,東光里,2016,立委,李晏榕,綠黨社會民主黨聯盟,446,4105,10.8648
3,松山區,東光里,2016,立委,李成嶽,軍公教聯盟黨,21,4105,0.5116
3,松山區,東光里,2016,立委,黃麗香,無黨籍及未經政黨推薦,22,4105,0.5359
3,松山區,東光里,2016,立委,蔣萬安,中國國民黨,2117,4105,51.5713
3,松山區,東光里,2016,總統,朱立倫,中國國民黨,1782,4171,42.7236
3,松山區,東光里,2016,總統,蔡英文,民主進步黨,1968,4171,47.1829
3,松山區,東光里,2016,總統,宋楚瑜,親民黨,421,4171,10.0935
3,松山區,東光里,2018,市長,吳蕚洋,無黨籍及未經政黨推薦,14,4000,0.35
3,松山區,東光里,2018,市長,丁守中,中國國民黨,1829,4000,45.725
3,松山區,東光里,2018,市長,姚文智,民主進步黨,653,4000,16.325
3,松山區,東光里,2018,市長,柯文哲,無黨籍及未經政黨推薦,1494,4000,37.35
3,松山區,東光里,2018,市長,李錫錕,無黨籍及未經政黨推薦,10,4000,0.25
3,松山區,東光里,2020,立委,何景榮,台灣民眾黨,117,4672,2.5043
3,松山區,東光里,2020,立委,吳怡農,民主進步黨,1992,4672,42.637
3,松山區,東光里,2020,立委,田方宇,安定力量,21,4672,0.4495
3,松山區,東光里,2020,立委,蔣萬安,中國國民黨,2542,4672,54.4092
3,松山區,東光里,2020,總統,宋楚瑜,親民黨,202,4688,4.3089
3,松山區,東光里,2020,總統,韓國瑜,中國國民黨,2156,4688,45.9898
3,松山區,東光里,2020,總統,蔡英文,民主進步黨,2330,4688,49.7014
3,松山區,東光里,2022,市長,張家豪,台灣動物保護黨,7,3850,0.1818
3,松山區,東光里,2022,市長,王文娟,無黨籍及未經政黨推薦,1,3850,0.026
3,松山區,東光里,2022,市長,鄭匡宇,無黨籍及未經政黨推薦,1,3850,0.026
3,松山區,東光里,2022,市長,黃聖峰,台澎黨,1,3850,0.026
3,松山區,東光里,2022,市長,童文薰,無黨籍及未經政黨推薦,4,3850,0.1039
3,松山區,東光里,2022,市長,蔣萬安,中國國民黨,1840,3850,47.7922
3,松山區,東光里,2022,市長,蘇煥智,台灣維新,7,3850,0.1818
3,松山區,東光里,2022,市長,黃珊珊,無黨籍及未經政黨推薦,838,3850,21.7662
3,松山區,東光里,2022,市長,施奉先,無黨籍及未經政黨推薦,0,3850,0.0
3,松山區,東光里,2022,市長,唐新民,共和黨,0,3850,0.0
3,松山區,東光里,2022,市長,謝立康,無黨籍及未經政黨推薦,0,3850,0.0
3,松山區,東光里,2022,市長,陳時中,民主進步黨,1151,3850,29.8961
3,松山區,東光里,2023,立委,吳怡農,民主進步黨,1051,2529,41.5579
3,松山區,東光里,2023,立委,王鴻薇,中國國民黨,1465,2529,57.928
3,松山區,東光里,2023,立委,蕭赫麟,無黨籍及未經政黨推薦,13,2529,0.514
3,松山區,東光里,2024,立委,余新造,人民最大黨,3,4192,0.0716
3,松山區,東光里,2024,立委,陳源發,無黨籍及未經政黨推薦,34,4192,0.8111
3,松山區,東光里,2024,立委,謝佩芬,民主進步黨,1727,4192,41.1975
3,松山區,東光里,2024,立委,高士恩,制度救世島,6,4192,0.1431
3,松山區,東光里,2024,立委,王鴻薇,中國國民黨,2370,4192,56.5363
3,松山區,東光里,2024,立委,楊時睿,台灣維新,28,4192,0.6679
3,松山區,東光里,2024,立委,陳一郎,臺灣雙語無法黨,24,4192,0.5725
3,松山區,東光里,2024,總統,柯文哲,台灣民眾黨,903,4292,21.0391
3,松山區,東光里,2024,總統,賴清德,民主進步黨,1551,4292,36.137
3,松山區,東光里,2024,總統,侯友宜,中國國民黨,1838,4292,42.8239
3,松山區,東勢里,2014,市長,陳汝斌,三等國民公義人權自救黨,3,2576,0.1165
3,松山區,東勢里,2014,市長,趙衍慶,無黨籍及未經政黨推薦,29,2576,1.1258
3,松山區,東勢里,2014,市長,李宏信,無黨籍及未經政黨推薦,6,2576,0.2329
3,松山區,東勢里,2014,市長,陳永昌,無黨籍及未經政黨推薦,7,2576,0.2717
3,松山區,東勢里,2014,市長,馮光遠,無黨籍及未經政黨推薦,21,2576,0.8152
3,松山區,東勢里,2014,市長,連勝文,中國國民黨,1016,2576,39.441
3,松山區,東勢里,2014,市長,柯文哲,無黨籍及未經政黨推薦,1494,2576,57.9969
3,松山區,東勢里,2016,立委,高士恩,大愛憲改聯盟,1,2430,0.0412
3,松山區,東勢里,2016,立委,潘建志,無黨籍及未經政黨推薦,927,2430,38.1481
3,松山區,東勢里,2016,立委,林新凱,台灣獨立黨,14,2430,0.5761
3,松山區,東勢里,2016,立委,趙燕傑,無黨籍及未經政黨推薦,1,2430,0.0412
3,松山區,東勢里,2016,立委,邱正浩,和平鴿聯盟黨,4,2430,0.1646
3,松山區,東勢里,2016,立委,陳科引,無黨籍及未經政黨推薦,11,2430,0.4527
3,松山區,東勢里,2016,立委,李晏榕,綠黨社會民主黨聯盟,351,2430,14.4444
3,松山區,東勢里,2016,立委,李成嶽,軍公教聯盟黨,13,2430,0.535
3,松山區,東勢里,2016,立委,黃麗香,無黨籍及未經政黨推薦,6,2430,0.2469
3,松山區,東勢里,2016,立委,蔣萬安,中國國民黨,1102,2430,45.3498
3,松山區,東勢里,2016,總統,朱立倫,中國國民黨,927,2466,37.5912
3,松山區,東勢里,2016,總統,蔡英文,民主進步黨,1303,2466,52.8386
3,松山區,東勢里,2016,總統,宋楚瑜,親民黨,236,2466,9.5702
3,松山區,東勢里,2018,市長,吳蕚洋,無黨籍及未經政黨推薦,7,2312,0.3028
3,松山區,東勢里,2018,市長,丁守中,中國國民黨,945,2312,40.8737
3,松山區,東勢里,2018,市長,姚文智,民主進步黨,448,2312,19.3772
3,松山區,東勢里,2018,市長,柯文哲,無黨籍及未經政黨推薦,906,2312,39.1869
3,松山區,東勢里,2018,市長,李錫錕,無黨籍及未經政黨推薦,6,2312,0.2595
3,松山區,東勢里,2020,立委,何景榮,台灣民眾黨,74,2711,2.7296
3,松山區,東勢里,2020,立委,吳怡農,民主進步黨,1247,2711,45.9978
3,松山區,東勢里,2020,立委,田方宇,安定力量,17,2711,0.6271
3,松山區,東勢里,2020,立委,蔣萬安,中國國民黨,1373,2711,50.6455
3,松山區,東勢里,2020,總統,宋楚瑜,親民黨,113,2712,4.1667
3,松山區,東勢里,2020,總統,韓國瑜,中國國民黨,1131,2712,41.7035
3,松山區,東勢里,2020,總統,蔡英文,民主進步黨,1468,2712,54.1298
3,松山區,東勢里,2022,市長,張家豪,台灣動物保護黨,2,2277,0.0878
3,松山區,東勢里,2022,市長,王文娟,無黨籍及未經政黨推薦,2,2277,0.0878
3,松山區,東勢里,2022,市長,鄭匡宇,無黨籍及未經政黨推薦,0,2277,0.0
3,松山區,東勢里,2022,市長,黃聖峰,台澎黨,1,2277,0.0439
3,松山區,東勢里,2022,市長,童文薰,無黨籍及未經政黨推薦,3,2277,0.1318
3,松山區,東勢里,2022,市長,蔣萬安,中國國民黨,935,2277,41.0628
3,松山區,東勢里,2022,市長,蘇煥智,台灣維新,1,2277,0.0439
3,松山區,東勢里,2022,市長,黃珊珊,無黨籍及未經政黨推薦,537,2277,23.5837
3,松山區,東勢里,2022,市長,施奉先,無黨籍及未經政黨推薦,0,2277,0.0
3,松山區,東勢里,2022,市長,唐新民,共和黨,0,2277,0.0
3,松山區,東勢里,2022,市長,謝立康,無黨籍及未經政黨推薦,0,2277,0.0
3,松山區,東勢里,2022,市長,陳時中,民主進步黨,796,2277,34.9583
3,松山區,東勢里,2023,立委,吳怡農,民主進步黨,731,1445,50.5882
3,松山區,東勢里,2023,立委,王鴻薇,中國國民黨,711,1445,49.2042
3,松山區,東勢里,2023,立委,蕭赫麟,無黨籍及未經政黨推薦,3,1445,0.2076
3,松山區,東勢里,2024,立委,余新造,人民最大黨,3,2498,0.1201
3,松山區,東勢里,2024,立委,陳源發,無黨籍及未經政黨推薦,12,2498,0.4804
3,松山區,東勢里,2024,立委,謝佩芬,民主進步黨,1161,2498,46.4772
3,松山區,東勢里,2024,立委,高士恩,制度救世島,2,2498,0.0801
3,松山區,東勢里,2024,立委,王鴻薇,中國國民黨,1288,2498,51.5612
3,松山區,東勢里,2024,立委,楊時睿,台灣維新,18,2498,0.7206
3,松山區,東勢里,2024,立委,陳一郎,臺灣雙語無法黨,14,2498,0.5604
3,松山區,東勢里,2024,總統,柯文哲,台灣民眾黨,557,2580,21.5891
3,松山區,東勢里,2024,總統,賴清德,民主進步黨,1058,2580,41.0078
3,松山區,東勢里,2024,總統,侯友宜,中國國民黨,965,2580,37.4031
3,松山區,東昌里,2014,市長,陳汝斌,三等國民公義人權自救黨,1,1539,0.065
3,松山區,東昌里,2014,市長,趙衍慶,無黨籍及未經政黨推薦,15,1539,0.9747
3,松山區,東昌里,2014,市長,李宏信,無黨籍及未經政黨推薦,2,1539,0.13
3,松山區,東昌里,2014,市長,陳永昌,無黨籍及未經政黨推薦,1,1539,0.065
3,松山區,東昌里,2014,市長,馮光遠,無黨籍及未經政黨推薦,7,1539,0.4548
3,松山區,東昌里,2014,市長,連勝文,中國國民黨,583,1539,37.8817
3,松山區,東昌里,2014,市長,柯文哲,無黨籍及未經政黨推薦,930,1539,60.4288
3,松山區,東昌里,2016,立委,高士恩,大愛憲改聯盟,3,1513,0.1983
3,松山區,東昌里,2016,立委,潘建志,無黨籍及未經政黨推薦,608,1513,40.1851
3,松山區,東昌里,2016,立委,林新凱,台灣獨立黨,5,1513,0.3305
3,松山區,東昌里,2016,立委,趙燕傑,無黨籍及未經政黨推薦,1,1513,0.0661
3,松山區,東昌里,2016,立委,邱正浩,和平鴿聯盟黨,2,1513,0.1322
3,松山區,東昌里,2016,立委,陳科引,無黨籍及未經政黨推薦,7,1513,0.4627
3,松山區,東昌里,2016,立委,李晏榕,綠黨社會民主黨聯盟,191,1513,12.6239
3,松山區,東昌里,2016,立委,李成嶽,軍公教聯盟黨,4,1513,0.2644
3,松山區,東昌里,2016,立委,黃麗香,無黨籍及未經政黨推薦,6,1513,0.3966
3,松山區,東昌里,2016,立委,蔣萬安,中國國民黨,686,1513,45.3404
3,松山區,東昌里,2016,總統,朱立倫,中國國民黨,560,1542,36.3165
3,松山區,東昌里,2016,總統,蔡英文,民主進步黨,843,1542,54.6693
3,松山區,東昌里,2016,總統,宋楚瑜,親民黨,139,1542,9.0143
3,松山區,東昌里,2018,市長,吳蕚洋,無黨籍及未經政黨推薦,12,1577,0.7609
3,松山區,東昌里,2018,市長,丁守中,中國國民黨,573,1577,36.3348
3,松山區,東昌里,2018,市長,姚文智,民主進步黨,289,1577,18.3259
3,松山區,東昌里,2018,市長,柯文哲,無黨籍及未經政黨推薦,697,1577,44.1978
3,松山區,東昌里,2018,市長,李錫錕,無黨籍及未經政黨推薦,6,1577,0.3805
3,松山區,東昌里,2020,立委,何景榮,台灣民眾黨,31,1689,1.8354
3,松山區,東昌里,2020,立委,吳怡農,民主進步黨,835,1689,49.4375
3,松山區,東昌里,2020,立委,田方宇,安定力量,17,1689,1.0065
3,松山區,東昌里,2020,立委,蔣萬安,中國國民黨,806,1689,47.7205
3,松山區,東昌里,2020,總統,宋楚瑜,親民黨,79,1692,4.669
3,松山區,東昌里,2020,總統,韓國瑜,中國國民黨,641,1692,37.8842
3,松山區,東昌里,2020,總統,蔡英文,民主進步黨,972,1692,57.4468
3,松山區,東昌里,2022,市長,張家豪,台灣動物保護黨,0,1417,0.0
3,松山區,東昌里,2022,市長,王文娟,無黨籍及未經政黨推薦,2,1417,0.1411
3,松山區,東昌里,2022,市長,鄭匡宇,無黨籍及未經政黨推薦,0,1417,0.0
3,松山區,東昌里,2022,市長,黃聖峰,台澎黨,0,1417,0.0
3,松山區,東昌里,2022,市長,童文薰,無黨籍及未經政黨推薦,1,1417,0.0706
3,松山區,東昌里,2022,市長,蔣萬安,中國國民黨,583,1417,41.1433
3,松山區,東昌里,2022,市長,蘇煥智,台灣維新,2,1417,0.1411
3,松山區,東昌里,2022,市長,黃珊珊,無黨籍及未經政黨推薦,343,1417,24.2061
3,松山區,東昌里,2022,市長,施奉先,無黨籍及未經政黨推薦,0,1417,0.0
3,松山區,東昌里,2022,市長,唐新民,共和黨,0,1417,0.0
3,松山區,東昌里,2022,市長,謝立康,無黨籍及未經政黨推薦,0,1417,0.0
3,松山區,東昌里,2022,市長,陳時中,民主進步黨,486,1417,34.2978
3,松山區,東昌里,2023,立委,吳怡農,民主進步黨,484,930,52.043
3,松山區,東昌里,2023,立委,王鴻薇,中國國民黨,437,930,46.9892
3,松山區,東昌里,2023,立委,蕭赫麟,無黨籍及未經政黨推薦,9,930,0.9677
3,松山區,東昌里,2024,立委,余新造,人民最大黨,1,1484,0.0674
3,松山區,東昌里,2024,立委,陳源發,無黨籍及未經政黨推薦,13,1484,0.876
3,松山區,東昌里,2024,立委,謝佩芬,民主進步黨,707,1484,47.6415
3,松山區,東昌里,2024,立委,高士恩,制度救世島,1,1484,0.0674
3,松山區,東昌里,2024,立委,王鴻薇,中國國民黨,737,1484,49.6631
3,松山區,東昌里,2024,立委,楊時睿,台灣維新,10,1484,0.6739
3,松山區,東昌里,2024,立委,陳一郎,臺灣雙語無法黨,15,1484,1.0108
3,松山區,東昌里,2024,總統,柯文哲,台灣民眾黨,335,1538,21.7815
3,松山區,東昌里,2024,總統,賴清德,民主進步黨,655,1538,42.5878
3,松山區,東昌里,2024,總統,侯友宜,中國國民黨,548,1538,35.6307
3,松山區,東榮里,2014,市長,陳汝斌,三等國民公義人權自救黨,1,4589,0.0218
3,松山區,東榮里,2014,市長,趙衍慶,無黨籍及未經政黨推薦,50,4589,1.0896
3,松山區,東榮里,2014,市長,李宏信,無黨籍及未經政黨推薦,10,4589,0.2179
3,松山區,東榮里,2014,市長,陳永昌,無黨籍及未經政黨推薦,2,4589,0.0436
3,松山區,東榮里,2014,市長,馮光遠,無黨籍及未經政黨推薦,29,4589,0.6319
3,松山區,東榮里,2014,市長,連勝文,中國國民黨,1903,4589,41.4687
3,松山區,東榮里,2014,市長,柯文哲,無黨籍及未經政黨推薦,2594,4589,56.5265
3,松山區,東榮里,2016,立委,高士恩,大愛憲改聯盟,10,4490,0.2227
3,松山區,東榮里,2016,立委,潘建志,無黨籍及未經政黨推薦,1698,4490,37.8174
3,松山區,東榮里,2016,立委,林新凱,台灣獨立黨,14,4490,0.3118
3,松山區,東榮里,2016,立委,趙燕傑,無黨籍及未經政黨推薦,10,4490,0.2227
3,松山區,東榮里,2016,立委,邱正浩,和平鴿聯盟黨,5,4490,0.1114
3,松山區,東榮里,2016,立委,陳科引,無黨籍及未經政黨推薦,38,4490,0.8463
3,松山區,東榮里,2016,立委,李晏榕,綠黨社會民主黨聯盟,556,4490,12.3831
3,松山區,東榮里,2016,立委,李成嶽,軍公教聯盟黨,23,4490,0.5122
3,松山區,東榮里,2016,立委,黃麗香,無黨籍及未經政黨推薦,6,4490,0.1336
3,松山區,東榮里,2016,立委,蔣萬安,中國國民黨,2130,4490,47.4388
3,松山區,東榮里,2016,總統,朱立倫,中國國民黨,1790,4536,39.4621
3,松山區,東榮里,2016,總統,蔡英文,民主進步黨,2369,4536,52.2266
3,松山區,東榮里,2016,總統,宋楚瑜,親民黨,377,4536,8.3113
3,松山區,東榮里,2018,市長,吳蕚洋,無黨籍及未經政黨推薦,16,4247,0.3767
3,松山區,東榮里,2018,市長,丁守中,中國國民黨,1787,4247,42.0768
3,松山區,東榮里,2018,市長,姚文智,民主進步黨,763,4247,17.9656
3,松山區,東榮里,2018,市長,柯文哲,無黨籍及未經政黨推薦,1673,4247,39.3925
3,松山區,東榮里,2018,市長,李錫錕,無黨籍及未經政黨推薦,8,4247,0.1884
3,松山區,東榮里,2020,立委,何景榮,台灣民眾黨,104,4992,2.0833
3,松山區,東榮里,2020,立委,吳怡農,民主進步黨,2339,4992,46.855
3,松山區,東榮里,2020,立委,田方宇,安定力量,27,4992,0.5409
3,松山區,東榮里,2020,立委,蔣萬安,中國國民黨,2522,4992,50.5208
3,松山區,東榮里,2020,總統,宋楚瑜,親民黨,174,5007,3.4751
3,松山區,東榮里,2020,總統,韓國瑜,中國國民黨,2173,5007,43.3992
3,松山區,東榮里,2020,總統,蔡英文,民主進步黨,2660,5007,53.1256
3,松山區,東榮里,2022,市長,張家豪,台灣動物保護黨,8,4203,0.1903
3,松山區,東榮里,2022,市長,王文娟,無黨籍及未經政黨推薦,2,4203,0.0476
3,松山區,東榮里,2022,市長,鄭匡宇,無黨籍及未經政黨推薦,0,4203,0.0
3,松山區,東榮里,2022,市長,黃聖峰,台澎黨,0,4203,0.0
3,松山區,東榮里,2022,市長,童文薰,無黨籍及未經政黨推薦,6,4203,0.1428
3,松山區,東榮里,2022,市長,蔣萬安,中國國民黨,1824,4203,43.3976
3,松山區,東榮里,2022,市長,蘇煥智,台灣維新,4,4203,0.0952
3,松山區,東榮里,2022,市長,黃珊珊,無黨籍及未經政黨推薦,899,4203,21.3895
3,松山區,東榮里,2022,市長,施奉先,無黨籍及未經政黨推薦,0,4203,0.0
3,松山區,東榮里,2022,市長,唐新民,共和黨,0,4203,0.0
3,松山區,東榮里,2022,市長,謝立康,無黨籍及未經政黨推薦,2,4203,0.0476
3,松山區,東榮里,2022,市長,陳時中,民主進步黨,1458,4203,34.6895
3,松山區,東榮里,2023,立委,吳怡農,民主進步黨,1401,2856,49.0546
3,松山區,東榮里,2023,立委,王鴻薇,中國國民黨,1441,2856,50.4552
3,松山區,東榮里,2023,立委,蕭赫麟,無黨籍及未經政黨推薦,14,2856,0.4902
3,松山區,東榮里,2024,立委,余新造,人民最大黨,7,4654,0.1504
3,松山區,東榮里,2024,立委,陳源發,無黨籍及未經政黨推薦,23,4654,0.4942
3,松山區,東榮里,2024,立委,謝佩芬,民主進步黨,2175,4654,46.734
3,松山區,東榮里,2024,立委,高士恩,制度救世島,1,4654,0.0215
3,松山區,東榮里,2024,立委,王鴻薇,中國國民黨,2394,4654,51.4396
3,松山區,東榮里,2024,立委,楊時睿,台灣維新,27,4654,0.5801
3,松山區,東榮里,2024,立委,陳一郎,臺灣雙語無法黨,27,4654,0.5801
3,松山區,東榮里,2024,總統,柯文哲,台灣民眾黨,990,4789,20.6724
3,松山區,東榮里,2024,總統,賴清德,民主進步黨,1988,4789,41.5118
3,松山區,東榮里,2024,總統,侯友宜,中國國民黨,1811,4789,37.8158
3,松山區,松基里,2014,市長,陳汝斌,三等國民公義人權自救黨,1,2221,0.045
3,松山區,松基里,2014,市長,趙衍慶,無黨籍及未經政黨推薦,22,2221,0.9905
3,松山區,松基里,2014,市長,李宏信,無黨籍及未經政黨推薦,2,2221,0.09
3,松山區,松基里,2014,市長,陳永昌,無黨籍及未經政黨推薦,4,2221,0.1801
3,松山區,松基里,2014,市長,馮光遠,無黨籍及未經政黨推薦,5,2221,0.2251
3,松山區,松基里,2014,市長,連勝文,中國國民黨,877,2221,39.4867
3,松山區,松基里,2014,市長,柯文哲,無黨籍及未經政黨推薦,1310,2221,58.9824
3,松山區,松基里,2016,立委,高士恩,大愛憲改聯盟,6,2045,0.2934
3,松山區,松基里,2016,立委,潘建志,無黨籍及未經政黨推薦,788,2045,38.533
3,松山區,松基里,2016,立委,林新凱,台灣獨立黨,12,2045,0.5868
3,松山區,松基里,2016,立委,趙燕傑,無黨籍及未經政黨推薦,3,2045,0.1467
3,松山區,松基里,2016,立委,邱正浩,和平鴿聯盟黨,3,2045,0.1467
3,松山區,松基里,2016,立委,陳科引,無黨籍及未經政黨推薦,15,2045,0.7335
3,松山區,松基里,2016,立委,李晏榕,綠黨社會民主黨聯盟,291,2045,14.2298
3,松山區,松基里,2016,立委,李成嶽,軍公教聯盟黨,5,2045,0.2445
3,松山區,松基里,2016,立委,黃麗香,無黨籍及未經政黨推薦,5,2045,0.2445
3,松山區,松基里,2016,立委,蔣萬安,中國國民黨,917,2045,44.8411
3,松山區,松基里,2016,總統,朱立倫,中國國民黨,748,2062,36.2755
3,松山區,松基里,2016,總統,蔡英文,民主進步黨,1135,2062,55.0436
3,松山區,松基里,2016,總統,宋楚瑜,親民黨,179,2062,8.6809
3,松山區,松基里,2018,市長,吳蕚洋,無黨籍及未經政黨推薦,9,1979,0.4548
3,松山區,松基里,2018,市長,丁守中,中國國民黨,789,1979,39.8686
3,松山區,松基里,2018,市長,姚文智,民主進步黨,368,1979,18.5953
3,松山區,松基里,2018,市長,柯文哲,無黨籍及未經政黨推薦,800,1979,40.4245
3,松山區,松基里,2018,市長,李錫錕,無黨籍及未經政黨推薦,13,1979,0.6569
3,松山區,松基里,2020,立委,何景榮,台灣民眾黨,49,2350,2.0851
3,松山區,松基里,2020,立委,吳怡農,民主進步黨,1114,2350,47.4043
3,松山區,松基里,2020,立委,田方宇,安定力量,17,2350,0.7234
3,松山區,松基里,2020,立委,蔣萬安,中國國民黨,1170,2350,49.7872
3,松山區,松基里,2020,總統,宋楚瑜,親民黨,97,2356,4.1171
3,松山區,松基里,2020,總統,韓國瑜,中國國民黨,962,2356,40.8319
3,松山區,松基里,2020,總統,蔡英文,民主進步黨,1297,2356,55.0509
3,松山區,松基里,2022,市長,張家豪,台灣動物保護黨,3,1938,0.1548
3,松山區,松基里,2022,市長,王文娟,無黨籍及未經政黨推薦,2,1938,0.1032
3,松山區,松基里,2022,市長,鄭匡宇,無黨籍及未經政黨推薦,0,1938,0.0
3,松山區,松基里,2022,市長,黃聖峰,台澎黨,0,1938,0.0
3,松山區,松基里,2022,市長,童文薰,無黨籍及未經政黨推薦,4,1938,0.2064
3,松山區,松基里,2022,市長,蔣萬安,中國國民黨,838,1938,43.2405
3,松山區,松基里,2022,市長,蘇煥智,台灣維新,1,1938,0.0516
3,松山區,松基里,2022,市長,黃珊珊,無黨籍及未經政黨推薦,398,1938,20.5366
3,松山區,松基里,2022,市長,施奉先,無黨籍及未經政黨推薦,0,1938,0.0
3,松山區,松基里,2022,市長,唐新民,共和黨,1,1938,0.0516
3,松山區,松基里,2022,市長,謝立康,無黨籍及未經政黨推薦,0,1938,0.0
3,松山區,松基里,2022,市長,陳時中,民主進步黨,691,1938,35.6553
3,松山區,松基里,2023,立委,吳怡農,民主進步黨,621,1270,48.8976
3,松山區,松基里,2023,立委,王鴻薇,中國國民黨,644,1270,50.7087
3,松山區,松基里,2023,立委,蕭赫麟,無黨籍及未經政黨推薦,5,1270,0.3937
3,松山區,松基里,2024,立委,余新造,人民最大黨,5,2113,0.2366
3,松山區,松基里,2024,立委,陳源發,無黨籍及未經政黨推薦,16,2113,0.7572
3,松山區,松基里,2024,立委,謝佩芬,民主進步黨,1021,2113,48.3199
3,松山區,松基里,2024,立委,高士恩,制度救世島,3,2113,0.142
3,松山區,松基里,2024,立委,王鴻薇,中國國民黨,1045,2113,49.4558
3,松山區,松基里,2024,立委,楊時睿,台灣維新,11,2113,0.5206
3,松山區,松基里,2024,立委,陳一郎,臺灣雙語無法黨,12,2113,0.5679
3,松山區,松基里,2024,總統,柯文哲,台灣民眾黨,426,2161,19.7131
3,松山區,松基里,2024,總統,賴清德,民主進步黨,929,2161,42.9894
3,松山區,松基里,2024,總統,侯友宜,中國國民黨,806,2161,37.2975
3,松山區,民有里,2014,市長,陳汝斌,三等國民公義人權自救黨,4,5106,0.0783
3,松山區,民有里,2014,市長,趙衍慶,無黨籍及未經政黨推薦,37,5106,0.7246
3,松山區,民有里,2014,市長,李宏信,無黨籍及未經政黨推薦,9,5106,0.1763
3,松山區,民有里,2014,市長,陳永昌,無黨籍及未經政黨推薦,4,5106,0.0783
3,松山區,民有里,2014,市長,馮光遠,無黨籍及未經政黨推薦,30,5106,0.5875
3,松山區,民有里,2014,市長,連勝文,中國國民黨,2044,5106,40.0313
3,松山區,民有里,2014,市長,柯文哲,無黨籍及未經政黨推薦,2978,5106,58.3235
3,松山區,民有里,2016,立委,高士恩,大愛憲改聯盟,3,5032,0.0596
3,松山區,民有里,2016,立委,潘建志,無黨籍及未經政黨推薦,2041,5032,40.5604
3,松山區,民有里,2016,立委,林新凱,台灣獨立黨,16,5032,0.318
3,松山區,民有里,2016,立委,趙燕傑,無黨籍及未經政黨推薦,8,5032,0.159
3,松山區,民有里,2016,立委,邱正浩,和平鴿聯盟黨,10,5032,0.1987
3,松山區,民有里,2016,立委,陳科引,無黨籍及未經政黨推薦,34,5032,0.6757
3,松山區,民有里,2016,立委,李晏榕,綠黨社會民主黨聯盟,573,5032,11.3871
3,松山區,民有里,2016,立委,李成嶽,軍公教聯盟黨,25,5032,0.4968
3,松山區,民有里,2016,立委,黃麗香,無黨籍及未經政黨推薦,10,5032,0.1987
3,松山區,民有里,2016,立委,蔣萬安,中國國民黨,2312,5032,45.9459
3,松山區,民有里,2016,總統,朱立倫,中國國民黨,1896,5085,37.2861
3,松山區,民有里,2016,總統,蔡英文,民主進步黨,2704,5085,53.176
3,松山區,民有里,2016,總統,宋楚瑜,親民黨,485,5085,9.5379
3,松山區,民有里,2018,市長,吳蕚洋,無黨籍及未經政黨推薦,21,4986,0.4212
3,松山區,民有里,2018,市長,丁守中,中國國民黨,1959,4986,39.29
3,松山區,民有里,2018,市長,姚文智,民主進步黨,984,4986,19.7353
3,松山區,民有里,2018,市長,柯文哲,無黨籍及未經政黨推薦,2002,4986,40.1524
3,松山區,民有里,2018,市長,李錫錕,無黨籍及未經政黨推薦,20,4986,0.4011
3,松山區,民有里,2020,立委,何景榮,台灣民眾黨,130,5673,2.2916
3,松山區,民有里,2020,立委,吳怡農,民主進步黨,2770,5673,48.8278
3,松山區,民有里,2020,立委,田方宇,安定力量,22,5673,0.3878
3,松山區,民有里,2020,立委,蔣萬安,中國國民黨,2751,5673,48.4929
3,松山區,民有里,2020,總統,宋楚瑜,親民黨,223,5682,3.9247
3,松山區,民有里,2020,總統,韓國瑜,中國國民黨,2266,5682,39.8803
3,松山區,民有里,2020,總統,蔡英文,民主進步黨,3193,5682,56.195
3,松山區,民有里,2022,市長,張家豪,台灣動物保護黨,6,4832,0.1242
3,松山區,民有里,2022,市長,王文娟,無黨籍及未經政黨推薦,1,4832,0.0207
3,松山區,民有里,2022,市長,鄭匡宇,無黨籍及未經政黨推薦,0,4832,0.0
3,松山區,民有里,2022,市長,黃聖峰,台澎黨,0,4832,0.0
3,松山區,民有里,2022,市長,童文薰,無黨籍及未經政黨推薦,11,4832,0.2276
3,松山區,民有里,2022,市長,蔣萬安,中國國民黨,1958,4832,40.5215
3,松山區,民有里,2022,市長,蘇煥智,台灣維新,6,4832,0.1242
3,松山區,民有里,2022,市長,黃珊珊,無黨籍及未經政黨推薦,1070,4832,22.144
3,松山區,民有里,2022,市長,施奉先,無黨籍及未經政黨推薦,0,4832,0.0
3,松山區,民有里,2022,市長,唐新民,共和黨,0,4832,0.0
3,松山區,民有里,2022,市長,謝立康,無黨籍及未經政黨推薦,1,4832,0.0207
3,松山區,民有里,2022,市長,陳時中,民主進步黨,1779,4832,36.8171
3,松山區,民有里,2023,立委,吳怡農,民主進步黨,1693,3255,52.0123
3,松山區,民有里,2023,立委,王鴻薇,中國國民黨,1558,3255,47.8648
3,松山區,民有里,2023,立委,蕭赫麟,無黨籍及未經政黨推薦,4,3255,0.1229
3,松山區,民有里,2024,立委,余新造,人民最大黨,9,5314,0.1694
3,松山區,民有里,2024,立委,陳源發,無黨籍及未經政黨推薦,37,5314,0.6963
3,松山區,民有里,2024,立委,謝佩芬,民主進步黨,2559,5314,48.1558
3,松山區,民有里,2024,立委,高士恩,制度救世島,5,5314,0.0941
3,松山區,民有里,2024,立委,王鴻薇,中國國民黨,2657,5314,50.0
3,松山區,民有里,2024,立委,楊時睿,台灣維新,24,5314,0.4516
3,松山區,民有里,2024,立委,陳一郎,臺灣雙語無法黨,23,5314,0.4328
3,松山區,民有里,2024,總統,柯文哲,台灣民眾黨,1040,5434,19.1388
3,松山區,民有里,2024,總統,賴清德,民主進步黨,2378,5434,43.7615
3,松山區,民有里,2024,總統,侯友宜,中國國民黨,2016,5434,37.0997
3,松山區,民福里,2014,市長,陳汝斌,三等國民公義人權自救黨,3,3892,0.0771
3,松山區,民福里,2014,市長,趙衍慶,無黨籍及未經政黨推薦,48,3892,1.2333
3,松山區,民福里,2014,市長,李宏信,無黨籍及未經政黨推薦,9,3892,0.2312
3,松山區,民福里,2014,市長,陳永昌,無黨籍及未經政黨推薦,8,3892,0.2055
3,松山區,民福里,2014,市長,馮光遠,無黨籍及未經政黨推薦,19,3892,0.4882
3,松山區,民福里,2014,市長,連勝文,中國國民黨,1865,3892,47.9188
3,松山區,民福里,2014,市長,柯文哲,無黨籍及未經政黨推薦,1940,3892,49.8458
3,松山區,民福里,2016,立委,高士恩,大愛憲改聯盟,7,3842,0.1822
3,松山區,民福里,2016,立委,潘建志,無黨籍及未經政黨推薦,1257,3842,32.7173
3,松山區,民福里,2016,立委,林新凱,台灣獨立黨,18,3842,0.4685
3,松山區,民福里,2016,立委,趙燕傑,無黨籍及未經政黨推薦,5,3842,0.1301
3,松山區,民福里,2016,立委,邱正浩,和平鴿聯盟黨,12,3842,0.3123
3,松山區,民福里,2016,立委,陳科引,無黨籍及未經政黨推薦,33,3842,0.8589
3,松山區,民福里,2016,立委,李晏榕,綠黨社會民主黨聯盟,373,3842,9.7085
3,松山區,民福里,2016,立委,李成嶽,軍公教聯盟黨,15,3842,0.3904
3,松山區,民福里,2016,立委,黃麗香,無黨籍及未經政黨推薦,5,3842,0.1301
3,松山區,民福里,2016,立委,蔣萬安,中國國民黨,2117,3842,55.1015
3,松山區,民福里,2016,總統,朱立倫,中國國民黨,1709,3870,44.1602
3,松山區,民福里,2016,總統,蔡英文,民主進步黨,1698,3870,43.876
3,松山區,民福里,2016,總統,宋楚瑜,親民黨,463,3870,11.9638
3,松山區,民福里,2018,市長,吳蕚洋,無黨籍及未經政黨推薦,10,3687,0.2712
3,松山區,民福里,2018,市長,丁守中,中國國民黨,1757,3687,47.6539
3,松山區,民福里,2018,市長,姚文智,民主進步黨,574,3687,15.5682
3,松山區,民福里,2018,市長,柯文哲,無黨籍及未經政黨推薦,1327,3687,35.9913
3,松山區,民福里,2018,市長,李錫錕,無黨籍及未經政黨推薦,19,3687,0.5153
3,松山區,民福里,2020,立委,何景榮,台灣民眾黨,86,4251,2.0231
3,松山區,民福里,2020,立委,吳怡農,民主進步黨,1638,4251,38.5321
3,松山區,民福里,2020,立委,田方宇,安定力量,27,4251,0.6351
3,松山區,民福里,2020,立委,蔣萬安,中國國民黨,2500,4251,58.8097
3,松山區,民福里,2020,總統,宋楚瑜,親民黨,185,4242,4.3612
3,松山區,民福里,2020,總統,韓國瑜,中國國民黨,2075,4242,48.9156
3,松山區,民福里,2020,總統,蔡英文,民主進步黨,1982,4242,46.7232
3,松山區,民福里,2022,市長,張家豪,台灣動物保護黨,8,3456,0.2315
3,松山區,民福里,2022,市長,王文娟,無黨籍及未經政黨推薦,1,3456,0.0289
3,松山區,民福里,2022,市長,鄭匡宇,無黨籍及未經政黨推薦,0,3456,0.0
3,松山區,民福里,2022,市長,黃聖峰,台澎黨,0,3456,0.0
3,松山區,民福里,2022,市長,童文薰,無黨籍及未經政黨推薦,10,3456,0.2894
3,松山區,民福里,2022,市長,蔣萬安,中國國民黨,1766,3456,51.0995
3,松山區,民福里,2022,市長,蘇煥智,台灣維新,6,3456,0.1736
3,松山區,民福里,2022,市長,黃珊珊,無黨籍及未經政黨推薦,692,3456,20.0231
3,松山區,民福里,2022,市長,施奉先,無黨籍及未經政黨推薦,2,3456,0.0579
3,松山區,民福里,2022,市長,唐新民,共和黨,0,3456,0.0
3,松山區,民福里,2022,市長,謝立康,無黨籍及未經政黨推薦,2,3456,0.0579
3,松山區,民福里,2022,市長,陳時中,民主進步黨,969,3456,28.0382
3,松山區,民福里,2023,立委,吳怡農,民主進步黨,895,2361,37.9077
3,松山區,民福里,2023,立委,王鴻薇,中國國民黨,1451,2361,61.457
3,松山區,民福里,2023,立委,蕭赫麟,無黨籍及未經政黨推薦,15,2361,0.6353
3,松山區,民福里,2024,立委,余新造,人民最大黨,6,3798,0.158
3,松山區,民福里,2024,立委,陳源發,無黨籍及未經政黨推薦,30,3798,0.7899
3,松山區,民福里,2024,立委,謝佩芬,民主進步黨,1461,3798,38.4676
3,松山區,民福里,2024,立委,高士恩,制度救世島,4,3798,0.1053
3,松山區,民福里,2024,立委,王鴻薇,中國國民黨,2249,3798,59.2154
3,松山區,民福里,2024,立委,楊時睿,台灣維新,25,3798,0.6582
3,松山區,民福里,2024,立委,陳一郎,臺灣雙語無法黨,23,3798,0.6056
3,松山區,民福里,2024,總統,柯文哲,台灣民眾黨,835,3882,21.5095
3,松山區,民福里,2024,總統,賴清德,民主進步黨,1301,3882,33.5137
3,松山區,民福里,2024,總統,侯友宜,中國國民黨,1746,3882,44.9768
3,松山區,精忠里,2014,市長,陳汝斌,三等國民公義人權自救黨,1,2435,0.0411
3,松山區,精忠里,2014,市長,趙衍慶,無黨籍及未經政黨推薦,34,2435,1.3963
3,松山區,精忠里,2014,市長,李宏信,無黨籍及未經政黨推薦,5,2435,0.2053
3,松山區,精忠里,2014,市長,陳永昌,無黨籍及未經政黨推薦,4,2435,0.1643
3,松山區,精忠里,2014,市長,馮光遠,無黨籍及未經政黨推薦,22,2435,0.9035
3,松山區,精忠里,2014,市長,連勝文,中國國民黨,1095,2435,44.9692
3,松山區,精忠里,2014,市長,柯文哲,無黨籍及未經政黨推薦,1274,2435,52.3203
3,松山區,精忠里,2016,立委,高士恩,大愛憲改聯盟,4,2392,0.1672
3,松山區,精忠里,2016,立委,潘建志,無黨籍及未經政黨推薦,822,2392,34.3645
3,松山區,精忠里,2016,立委,林新凱,台灣獨立黨,8,2392,0.3344
3,松山區,精忠里,2016,立委,趙燕傑,無黨籍及未經政黨推薦,4,2392,0.1672
3,松山區,精忠里,2016,立委,邱正浩,和平鴿聯盟黨,4,2392,0.1672
3,松山區,精忠里,2016,立委,陳科引,無黨籍及未經政黨推薦,11,2392,0.4599
3,松山區,精忠里,2016,立委,李晏榕,綠黨社會民主黨聯盟,274,2392,11.4548
3,松山區,精忠里,2016,立委,李成嶽,軍公教聯盟黨,17,2392,0.7107
3,松山區,精忠里,2016,立委,黃麗香,無黨籍及未經政黨推薦,7,2392,0.2926
3,松山區,精忠里,2016,立委,蔣萬安,中國國民黨,1241,2392,51.8813
3,松山區,精忠里,2016,總統,朱立倫,中國國民黨,1022,2431,42.0403
3,松山區,精忠里,2016,總統,蔡英文,民主進步黨,1163,2431,47.8404
3,松山區,精忠里,2016,總統,宋楚瑜,親民黨,246,2431,10.1193
3,松山區,精忠里,2018,市長,吳蕚洋,無黨籍及未經政黨推薦,8,2359,0.3391
3,松山區,精忠里,2018,市長,丁守中,中國國民黨,1013,2359,42.9419
3,松山區,精忠里,2018,市長,姚文智,民主進步黨,411,2359,17.4226
3,松山區,精忠里,2018,市長,柯文哲,無黨籍及未經政黨推薦,922,2359,39.0844
3,松山區,精忠里,2018,市長,李錫錕,無黨籍及未經政黨推薦,5,2359,0.212
3,松山區,精忠里,2020,立委,何景榮,台灣民眾黨,44,2728,1.6129
3,松山區,精忠里,2020,立委,吳怡農,民主進步黨,1213,2728,44.4648
3,松山區,精忠里,2020,立委,田方宇,安定力量,15,2728,0.5499
3,松山區,精忠里,2020,立委,蔣萬安,中國國民黨,1456,2728,53.3724
3,松山區,精忠里,2020,總統,宋楚瑜,親民黨,99,2730,3.6264
3,松山區,精忠里,2020,總統,韓國瑜,中國國民黨,1238,2730,45.348
3,松山區,精忠里,2020,總統,蔡英文,民主進步黨,1393,2730,51.0256
3,松山區,精忠里,2022,市長,張家豪,台灣動物保護黨,6,2291,0.2619
3,松山區,精忠里,2022,市長,王文娟,無黨籍及未經政黨推薦,1,2291,0.0436
3,松山區,精忠里,2022,市長,鄭匡宇,無黨籍及未經政黨推薦,2,2291,0.0873
3,松山區,精忠里,2022,市長,黃聖峰,台澎黨,0,2291,0.0
3,松山區,精忠里,2022,市長,童文薰,無黨籍及未經政黨推薦,3,2291,0.1309
3,松山區,精忠里,2022,市長,蔣萬安,中國國民黨,1045,2291,45.6133
3,松山區,精忠里,2022,市長,蘇煥智,台灣維新,5,2291,0.2182
3,松山區,精忠里,2022,市長,黃珊珊,無黨籍及未經政黨推薦,524,2291,22.8721
3,松山區,精忠里,2022,市長,施奉先,無黨籍及未經政黨推薦,1,2291,0.0436
3,松山區,精忠里,2022,市長,唐新民,共和黨,0,2291,0.0
3,松山區,精忠里,2022,市長,謝立康,無黨籍及未經政黨推薦,0,2291,0.0
3,松山區,精忠里,2022,市長,陳時中,民主進步黨,704,2291,30.7289
3,松山區,精忠里,2023,立委,吳怡農,民主進步黨,661,1543,42.8386
3,松山區,精忠里,2023,立委,王鴻薇,中國國民黨,875,1543,56.7077
3,松山區,精忠里,2023,立委,蕭赫麟,無黨籍及未經政黨推薦,7,1543,0.4537
3,松山區,精忠里,2024,立委,余新造,人民最大黨,4,2498,0.1601
3,松山區,精忠里,2024,立委,陳源發,無黨籍及未經政黨推薦,22,2498,0.8807
3,松山區,精忠里,2024,立委,謝佩芬,民主進步黨,1053,2498,42.1537
3,松山區,精忠里,2024,立委,高士恩,制度救世島,1,2498,0.04
3,松山區,精忠里,2024,立委,王鴻薇,中國國民黨,1388,2498,55.5645
3,松山區,精忠里,2024,立委,楊時睿,台灣維新,13,2498,0.5204
3,松山區,精忠里,2024,立委,陳一郎,臺灣雙語無法黨,17,2498,0.6805
3,松山區,精忠里,2024,總統,柯文哲,台灣民眾黨,515,2561,20.1093
3,松山區,精忠里,2024,總統,賴清德,民主進步黨,966,2561,37.7196
3,松山區,精忠里,2024,總統,侯友宜,中國國民黨,1080,2561,42.171
3,松山區,自強里,2014,市長,陳汝斌,三等國民公義人權自救黨,5,5650,0.0885
3,松山區,自強里,2014,市長,趙衍慶,無黨籍及未經政黨推薦,102,5650,1.8053
3,松山區,自強里,2014,市長,李宏信,無黨籍及未經政黨推薦,10,5650,0.177
3,松山區,自強里,2014,市長,陳永昌,無黨籍及未經政黨推薦,2,5650,0.0354
3,松山區,自強里,2014,市長,馮光遠,無黨籍及未經政黨推薦,46,5650,0.8142
3,松山區,自強里,2014,市長,連勝文,中國國民黨,3682,5650,65.1681
3,松山區,自強里,2014,市長,柯文哲,無黨籍及未經政黨推薦,1803,5650,31.9115
3,松山區,自強里,2016,立委,高士恩,大愛憲改聯盟,14,5562,0.2517
3,松山區,自強里,2016,立委,潘建志,無黨籍及未經政黨推薦,986,5562,17.7274
3,松山區,自強里,2016,立委,林新凱,台灣獨立黨,10,5562,0.1798
3,松山區,自強里,2016,立委,趙燕傑,無黨籍及未經政黨推薦,5,5562,0.0899
3,松山區,自強里,2016,立委,邱正浩,和平鴿聯盟黨,9,5562,0.1618
3,松山區,自強里,2016,立委,陳科引,無黨籍及未經政黨推薦,29,5562,0.5214
3,松山區,自強里,2016,立委,李晏榕,綠黨社會民主黨聯盟,468,5562,8.4142
3,松山區,自強里,2016,立委,李成嶽,軍公教聯盟黨,25,5562,0.4495
3,松山區,自強里,2016,立委,黃麗香,無黨籍及未經政黨推薦,22,5562,0.3955
3,松山區,自強里,2016,立委,蔣萬安,中國國民黨,3994,5562,71.8087
3,松山區,自強里,2016,總統,朱立倫,中國國民黨,3413,5598,60.9682
3,松山區,自強里,2016,總統,蔡英文,民主進步黨,1501,5598,26.8131
3,松山區,自強里,2016,總統,宋楚瑜,親民黨,684,5598,12.2186
3,松山區,自強里,2018,市長,吳蕚洋,無黨籍及未經政黨推薦,26,5606,0.4638
3,松山區,自強里,2018,市長,丁守中,中國國民黨,3348,5606,59.7217
3,松山區,自強里,2018,市長,姚文智,民主進步黨,364,5606,6.493
3,松山區,自強里,2018,市長,柯文哲,無黨籍及未經政黨推薦,1847,5606,32.9468
3,松山區,自強里,2018,市長,李錫錕,無黨籍及未經政黨推薦,21,5606,0.3746
3,松山區,自強里,2020,立委,何景榮,台灣民眾黨,141,6389,2.2069
3,松山區,自強里,2020,立委,吳怡農,民主進步黨,1719,6389,26.9056
3,松山區,自強里,2020,立委,田方宇,安定力量,38,6389,0.5948
3,松山區,自強里,2020,立委,蔣萬安,中國國民黨,4491,6389,70.2927
3,松山區,自強里,2020,總統,宋楚瑜,親民黨,290,6448,4.4975
3,松山區,自強里,2020,總統,韓國瑜,中國國民黨,3980,6448,61.7246
3,松山區,自強里,2020,總統,蔡英文,民主進步黨,2178,6448,33.7779
3,松山區,自強里,2022,市長,張家豪,台灣動物保護黨,4,4969,0.0805
3,松山區,自強里,2022,市長,王文娟,無黨籍及未經政黨推薦,3,4969,0.0604
3,松山區,自強里,2022,市長,鄭匡宇,無黨籍及未經政黨推薦,1,4969,0.0201
3,松山區,自強里,2022,市長,黃聖峰,台澎黨,0,4969,0.0
3,松山區,自強里,2022,市長,童文薰,無黨籍及未經政黨推薦,10,4969,0.2012
3,松山區,自強里,2022,市長,蔣萬安,中國國民黨,3150,4969,63.393
3,松山區,自強里,2022,市長,蘇煥智,台灣維新,10,4969,0.2012
3,松山區,自強里,2022,市長,黃珊珊,無黨籍及未經政黨推薦,1040,4969,20.9298
3,松山區,自強里,2022,市長,施奉先,無黨籍及未經政黨推薦,2,4969,0.0402
3,松山區,自強里,2022,市長,唐新民,共和黨,2,4969,0.0402
3,松山區,自強里,2022,市長,謝立康,無黨籍及未經政黨推薦,0,4969,0.0
3,松山區,自強里,2022,市長,陳時中,民主進步黨,747,4969,15.0332
3,松山區,自強里,2023,立委,吳怡農,民主進步黨,773,3474,22.251
3,松山區,自強里,2023,立委,王鴻薇,中國國民黨,2680,3474,77.1445
3,松山區,自強里,2023,立委,蕭赫麟,無黨籍及未經政黨推薦,21,3474,0.6045
3,松山區,自強里,2024,立委,余新造,人民最大黨,9,5484,0.1641
3,松山區,自強里,2024,立委,陳源發,無黨籍及未經政黨推薦,44,5484,0.8023
3,松山區,自強里,2024,立委,謝佩芬,民主進步黨,1353,5484,24.6718
3,松山區,自強里,2024,立委,高士恩,制度救世島,4,5484,0.0729
3,松山區,自強里,2024,立委,王鴻薇,中國國民黨,4010,5484,73.1218
3,松山區,自強里,2024,立委,楊時睿,台灣維新,35,5484,0.6382
3,松山區,自強里,2024,立委,陳一郎,臺灣雙語無法黨,29,5484,0.5288
3,松山區,自強里,2024,總統,柯文哲,台灣民眾黨,1226,5610,21.8538
3,松山區,自強里,2024,總統,賴清德,民主進步黨,1165,5610,20.7665
3,松山區,自強里,2024,總統,侯友宜,中國國民黨,3219,5610,57.3797
3,松山區,莊敬里,2014,市長,陳汝斌,三等國民公義人權自救黨,4,3253,0.123
3,松山區,莊敬里,2014,市長,趙衍慶,無黨籍及未經政黨推薦,49,3253,1.5063
3,松山區,莊敬里,2014,市長,李宏信,無黨籍及未經政黨推薦,7,3253,0.2152
3,松山區,莊敬里,2014,市長,陳永昌,無黨籍及未經政黨推薦,5,3253,0.1537
3,松山區,莊敬里,2014,市長,馮光遠,無黨籍及未經政黨推薦,21,3253,0.6456
3,松山區,莊敬里,2014,市長,連勝文,中國國民黨,1448,3253,44.5128
3,松山區,莊敬里,2014,市長,柯文哲,無黨籍及未經政黨推薦,1719,3253,52.8435
3,松山區,莊敬里,2016,立委,高士恩,大愛憲改聯盟,9,3056,0.2945
3,松山區,莊敬里,2016,立委,潘建志,無黨籍及未經政黨推薦,1030,3056,33.7042
3,松山區,莊敬里,2016,立委,林新凱,台灣獨立黨,13,3056,0.4254
3,松山區,莊敬里,2016,立委,趙燕傑,無黨籍及未經政黨推薦,5,3056,0.1636
3,松山區,莊敬里,2016,立委,邱正浩,和平鴿聯盟黨,14,3056,0.4581
3,松山區,莊敬里,2016,立委,陳科引,無黨籍及未經政黨推薦,27,3056,0.8835
3,松山區,莊敬里,2016,立委,李晏榕,綠黨社會民主黨聯盟,360,3056,11.7801
3,松山區,莊敬里,2016,立委,李成嶽,軍公教聯盟黨,13,3056,0.4254
3,松山區,莊敬里,2016,立委,黃麗香,無黨籍及未經政黨推薦,6,3056,0.1963
3,松山區,莊敬里,2016,立委,蔣萬安,中國國民黨,1579,3056,51.6688
3,松山區,莊敬里,2016,總統,朱立倫,中國國民黨,1254,3112,40.2956
3,松山區,莊敬里,2016,總統,蔡英文,民主進步黨,1480,3112,47.5578
3,松山區,莊敬里,2016,總統,宋楚瑜,親民黨,378,3112,12.1465
3,松山區,莊敬里,2018,市長,吳蕚洋,無黨籍及未經政黨推薦,8,2996,0.267
3,松山區,莊敬里,2018,市長,丁守中,中國國民黨,1309,2996,43.6916
3,松山區,莊敬里,2018,市長,姚文智,民主進步黨,494,2996,16.4887
3,松山區,莊敬里,2018,市長,柯文哲,無黨籍及未經政黨推薦,1165,2996,38.8852
3,松山區,莊敬里,2018,市長,李錫錕,無黨籍及未經政黨推薦,20,2996,0.6676
3,松山區,莊敬里,2020,立委,何景榮,台灣民眾黨,88,3439,2.5589
3,松山區,莊敬里,2020,立委,吳怡農,民主進步黨,1421,3439,41.3202
3,松山區,莊敬里,2020,立委,田方宇,安定力量,23,3439,0.6688
3,松山區,莊敬里,2020,立委,蔣萬安,中國國民黨,1907,3439,55.4522
3,松山區,莊敬里,2020,總統,宋楚瑜,親民黨,173,3446,5.0203
3,松山區,莊敬里,2020,總統,韓國瑜,中國國民黨,1555,3446,45.1248
3,松山區,莊敬里,2020,總統,蔡英文,民主進步黨,1718,3446,49.8549
3,松山區,莊敬里,2022,市長,張家豪,台灣動物保護黨,2,2794,0.0716
3,松山區,莊敬里,2022,市長,王文娟,無黨籍及未經政黨推薦,2,2794,0.0716
3,松山區,莊敬里,2022,市長,鄭匡宇,無黨籍及未經政黨推薦,0,2794,0.0
3,松山區,莊敬里,2022,市長,黃聖峰,台澎黨,1,2794,0.0358
3,松山區,莊敬里,2022,市長,童文薰,無黨籍及未經政黨推薦,5,2794,0.179
3,松山區,莊敬里,2022,市長,蔣萬安,中國國民黨,1345,2794,48.1389
3,松山區,莊敬里,2022,市長,蘇煥智,台灣維新,4,2794,0.1432
3,松山區,莊敬里,2022,市長,黃珊珊,無黨籍及未經政黨推薦,617,2794,22.083
3,松山區,莊敬里,2022,市長,施奉先,無黨籍及未經政黨推薦,1,2794,0.0358
3,松山區,莊敬里,2022,市長,唐新民,共和黨,1,2794,0.0358
3,松山區,莊敬里,2022,市長,謝立康,無黨籍及未經政黨推薦,0,2794,0.0
3,松山區,莊敬里,2022,市長,陳時中,民主進步黨,816,2794,29.2054
3,松山區,莊敬里,2023,立委,吳怡農,民主進步黨,747,1741,42.9064
3,松山區,莊敬里,2023,立委,王鴻薇,中國國民黨,984,1741,56.5192
3,松山區,莊敬里,2023,立委,蕭赫麟,無黨籍及未經政黨推薦,10,1741,0.5744
3,松山區,莊敬里,2024,立委,余新造,人民最大黨,9,3025,0.2975
3,松山區,莊敬里,2024,立委,陳源發,無黨籍及未經政黨推薦,28,3025,0.9256
3,松山區,莊敬里,2024,立委,謝佩芬,民主進步黨,1202,3025,39.7355
3,松山區,莊敬里,2024,立委,高士恩,制度救世島,1,3025,0.0331
3,松山區,莊敬里,2024,立委,王鴻薇,中國國民黨,1746,3025,57.719
3,松山區,莊敬里,2024,立委,楊時睿,台灣維新,18,3025,0.595
3,松山區,莊敬里,2024,立委,陳一郎,臺灣雙語無法黨,21,3025,0.6942
3,松山區,莊敬里,2024,總統,柯文哲,台灣民眾黨,757,3136,24.139
3,松山區,莊敬里,2024,總統,賴清德,民主進步黨,1081,3136,34.4707
3,松山區,莊敬里,2024,總統,侯友宜,中國國民黨,1298,3136,41.3903
3,松山區,鵬程里,2014,市長,陳汝斌,三等國民公義人權自救黨,1,3286,0.0304
3,松山區,鵬程里,2014,市長,趙衍慶,無黨籍及未經政黨推薦,52,3286,1.5825
3,松山區,鵬程里,2014,市長,李宏信,無黨籍及未經政黨推薦,9,3286,0.2739
3,松山區,鵬程里,2014,市長,陳永昌,無黨籍及未經政黨推薦,1,3286,0.0304
3,松山區,鵬程里,2014,市長,馮光遠,無黨籍及未經政黨推薦,17,3286,0.5173
3,松山區,鵬程里,2014,市長,連勝文,中國國民黨,1717,3286,52.252
3,松山區,鵬程里,2014,市長,柯文哲,無黨籍及未經政黨推薦,1489,3286,45.3135
3,松山區,鵬程里,2016,立委,高士恩,大愛憲改聯盟,8,3161,0.2531
3,松山區,鵬程里,2016,立委,潘建志,無黨籍及未經政黨推薦,935,3161,29.5792
3,松山區,鵬程里,2016,立委,林新凱,台灣獨立黨,12,3161,0.3796
3,松山區,鵬程里,2016,立委,趙燕傑,無黨籍及未經政黨推薦,9,3161,0.2847
3,松山區,鵬程里,2016,立委,邱正浩,和平鴿聯盟黨,6,3161,0.1898
3,松山區,鵬程里,2016,立委,陳科引,無黨籍及未經政黨推薦,15,3161,0.4745
3,松山區,鵬程里,2016,立委,李晏榕,綠黨社會民主黨聯盟,346,3161,10.9459
3,松山區,鵬程里,2016,立委,李成嶽,軍公教聯盟黨,19,3161,0.6011
3,松山區,鵬程里,2016,立委,黃麗香,無黨籍及未經政黨推薦,9,3161,0.2847
3,松山區,鵬程里,2016,立委,蔣萬安,中國國民黨,1802,3161,57.0073
3,松山區,鵬程里,2016,總統,朱立倫,中國國民黨,1499,3214,46.6397
3,松山區,鵬程里,2016,總統,蔡英文,民主進步黨,1326,3214,41.257
3,松山區,鵬程里,2016,總統,宋楚瑜,親民黨,389,3214,12.1033
3,松山區,鵬程里,2018,市長,吳蕚洋,無黨籍及未經政黨推薦,6,3105,0.1932
3,松山區,鵬程里,2018,市長,丁守中,中國國民黨,1541,3105,49.6296
3,松山區,鵬程里,2018,市長,姚文智,民主進步黨,378,3105,12.1739
3,松山區,鵬程里,2018,市長,柯文哲,無黨籍及未經政黨推薦,1167,3105,37.5845
3,松山區,鵬程里,2018,市長,李錫錕,無黨籍及未經政黨推薦,13,3105,0.4187
3,松山區,鵬程里,2020,立委,何景榮,台灣民眾黨,87,3563,2.4418
3,松山區,鵬程里,2020,立委,吳怡農,民主進步黨,1319,3563,37.0194
3,松山區,鵬程里,2020,立委,田方宇,安定力量,16,3563,0.4491
3,松山區,鵬程里,2020,立委,蔣萬安,中國國民黨,2141,3563,60.0898
3,松山區,鵬程里,2020,總統,宋楚瑜,親民黨,152,3613,4.207
3,松山區,鵬程里,2020,總統,韓國瑜,中國國民黨,1823,3613,50.4567
3,松山區,鵬程里,2020,總統,蔡英文,民主進步黨,1638,3613,45.3363
3,松山區,鵬程里,2022,市長,張家豪,台灣動物保護黨,6,2806,0.2138
3,松山區,鵬程里,2022,市長,王文娟,無黨籍及未經政黨推薦,2,2806,0.0713
3,松山區,鵬程里,2022,市長,鄭匡宇,無黨籍及未經政黨推薦,0,2806,0.0
3,松山區,鵬程里,2022,市長,黃聖峰,台澎黨,0,2806,0.0
3,松山區,鵬程里,2022,市長,童文薰,無黨籍及未經政黨推薦,4,2806,0.1426
3,松山區,鵬程里,2022,市長,蔣萬安,中國國民黨,1420,2806,50.6058
3,松山區,鵬程里,2022,市長,蘇煥智,台灣維新,3,2806,0.1069
3,松山區,鵬程里,2022,市長,黃珊珊,無黨籍及未經政黨推薦,636,2806,22.6657
3,松山區,鵬程里,2022,市長,施奉先,無黨籍及未經政黨推薦,1,2806,0.0356
3,松山區,鵬程里,2022,市長,唐新民,共和黨,0,2806,0.0
3,松山區,鵬程里,2022,市長,謝立康,無黨籍及未經政黨推薦,0,2806,0.0
3,松山區,鵬程里,2022,市長,陳時中,民主進步黨,734,2806,26.1582
3,松山區,鵬程里,2023,立委,吳怡農,民主進步黨,640,1720,37.2093
3,松山區,鵬程里,2023,立委,王鴻薇,中國國民黨,1075,1720,62.5
3,松山區,鵬程里,2023,立委,蕭赫麟,無黨籍及未經政黨推薦,5,1720,0.2907
3,松山區,鵬程里,2024,立委,余新造,人民最大黨,7,2928,0.2391
3,松山區,鵬程里,2024,立委,陳源發,無黨籍及未經政黨推薦,23,2928,0.7855
3,松山區,鵬程里,2024,立委,謝佩芬,民主進步黨,1103,2928,37.6708
3,松山區,鵬程里,2024,立委,高士恩,制度救世島,2,2928,0.0683
3,松山區,鵬程里,2024,立委,王鴻薇,中國國民黨,1762,2928,60.1776
3,松山區,鵬程里,2024,立委,楊時睿,台灣維新,23,2928,0.7855
3,松山區,鵬程里,2024,立委,陳一郎,臺灣雙語無法黨,8,2928,0.2732
3,松山區,鵬程里,2024,總統,柯文哲,台灣民眾黨,718,3038,23.634
3,松山區,鵬程里,2024,總統,賴清德,民主進步黨,993,3038,32.686
3,松山區,鵬程里,2024,總統,侯友宜,中國國民黨,1327,3038,43.6801
3,松山區,龍田里,2014,市長,陳汝斌,三等國民公義人權自救黨,6,5672,0.1058
3,松山區,龍田里,2014,市長,趙衍慶,無黨籍及未經政黨推薦,91,5672,1.6044
3,松山區,龍田里,2014,市長,李宏信,無黨籍及未經政黨推薦,12,5672,0.2116
3,松山區,龍田里,2014,市長,陳永昌,無黨籍及未經政黨推薦,9,5672,0.1587
3,松山區,龍田里,2014,市長,馮光遠,無黨籍及未經政黨推薦,30,5672,0.5289
3,松山區,龍田里,2014,市長,連勝文,中國國民黨,3169,5672,55.8709
3,松山區,龍田里,2014,市長,柯文哲,無黨籍及未經政黨推薦,2355,5672,41.5197
3,松山區,龍田里,2016,立委,高士恩,大愛憲改聯盟,14,5404,0.2591
3,松山區,龍田里,2016,立委,潘建志,無黨籍及未經政黨推薦,1326,5404,24.5374
3,松山區,龍田里,2016,立委,林新凱,台灣獨立黨,21,5404,0.3886
3,松山區,龍田里,2016,立委,趙燕傑,無黨籍及未經政黨推薦,12,5404,0.2221
3,松山區,龍田里,2016,立委,邱正浩,和平鴿聯盟黨,5,5404,0.0925
3,松山區,龍田里,2016,立委,陳科引,無黨籍及未經政黨推薦,29,5404,0.5366
3,松山區,龍田里,2016,立委,李晏榕,綠黨社會民主黨聯盟,572,5404,10.5848
3,松山區,龍田里,2016,立委,李成嶽,軍公教聯盟黨,33,5404,0.6107
3,松山區,龍田里,2016,立委,黃麗香,無黨籍及未經政黨推薦,11,5404,0.2036
3,松山區,龍田里,2016,立委,蔣萬安,中國國民黨,3381,5404,62.5648
3,松山區,龍田里,2016,總統,朱立倫,中國國民黨,2948,5479,53.8054
3,松山區,龍田里,2016,總統,蔡英文,民主進步黨,1964,5479,35.846
3,松山區,龍田里,2016,總統,宋楚瑜,親民黨,567,5479,10.3486
3,松山區,龍田里,2018,市長,吳蕚洋,無黨籍及未經政黨推薦,19,5393,0.3523
3,松山區,龍田里,2018,市長,丁守中,中國國民黨,2925,5393,54.237
3,松山區,龍田里,2018,市長,姚文智,民主進步黨,478,5393,8.8633
3,松山區,龍田里,2018,市長,柯文哲,無黨籍及未經政黨推薦,1949,5393,36.1394
3,松山區,龍田里,2018,市長,李錫錕,無黨籍及未經政黨推薦,22,5393,0.4079
3,松山區,龍田里,2020,立委,何景榮,台灣民眾黨,135,6467,2.0875
3,松山區,龍田里,2020,立委,吳怡農,民主進步黨,2137,6467,33.0447
3,松山區,龍田里,2020,立委,田方宇,安定力量,37,6467,0.5721
3,松山區,龍田里,2020,立委,蔣萬安,中國國民黨,4158,6467,64.2957
3,松山區,龍田里,2020,總統,宋楚瑜,親民黨,308,6473,4.7582
3,松山區,龍田里,2020,總統,韓國瑜,中國國民黨,3566,6473,55.0904
3,松山區,龍田里,2020,總統,蔡英文,民主進步黨,2599,6473,40.1514
3,松山區,龍田里,2022,市長,張家豪,台灣動物保護黨,4,5500,0.0727
3,松山區,龍田里,2022,市長,王文娟,無黨籍及未經政黨推薦,2,5500,0.0364
3,松山區,龍田里,2022,市長,鄭匡宇,無黨籍及未經政黨推薦,1,5500,0.0182
3,松山區,龍田里,2022,市長,黃聖峰,台澎黨,1,5500,0.0182
3,松山區,龍田里,2022,市長,童文薰,無黨籍及未經政黨推薦,7,5500,0.1273
3,松山區,龍田里,2022,市長,蔣萬安,中國國民黨,2985,5500,54.2727
3,松山區,龍田里,2022,市長,蘇煥智,台灣維新,9,5500,0.1636
3,松山區,龍田里,2022,市長,黃珊珊,無黨籍及未經政黨推薦,1304,5500,23.7091
3,松山區,龍田里,2022,市長,施奉先,無黨籍及未經政黨推薦,2,5500,0.0364
3,松山區,龍田里,2022,市長,唐新民,共和黨,2,5500,0.0364
3,松山區,龍田里,2022,市長,謝立康,無黨籍及未經政黨推薦,0,5500,0.0
3,松山區,龍田里,2022,市長,陳時中,民主進步黨,1183,5500,21.5091
3,松山區,龍田里,2023,立委,吳怡農,民主進步黨,1116,3553,31.4101
3,松山區,龍田里,2023,立委,王鴻薇,中國國民黨,2423,3553,68.1959
3,松山區,龍田里,2023,立委,蕭赫麟,無黨籍及未經政黨推薦,14,3553,0.394
3,松山區,龍田里,2024,立委,余新造,人民最大黨,14,6177,0.2266
3,松山區,龍田里,2024,立委,陳源發,無黨籍及未經政黨推薦,44,6177,0.7123
3,松山區,龍田里,2024,立委,謝佩芬,民主進步黨,2030,6177,32.8638
3,松山區,龍田里,2024,立委,高士恩,制度救世島,9,6177,0.1457
3,松山區,龍田里,2024,立委,王鴻薇,中國國民黨,4017,6177,65.0316
3,松山區,龍田里,2024,立委,楊時睿,台灣維新,30,6177,0.4857
3,松山區,龍田里,2024,立委,陳一郎,臺灣雙語無法黨,33,6177,0.5342
3,松山區,龍田里,2024,總統,柯文哲,台灣民眾黨,1464,6341,23.0878
3,松山區,龍田里,2024,總統,賴清德,民主進步黨,1807,6341,28.4971
3,松山區,龍田里,2024,總統,侯友宜,中國國民黨,3070,6341,48.4151
6,大安區,仁愛里,2014,市長,陳汝斌,三等國民公義人權自救黨,3,2790,0.1075
6,大安區,仁愛里,2014,市長,趙衍慶,無黨籍及未經政黨推薦,17,2790,0.6093
6,大安區,仁愛里,2014,市長,李宏信,無黨籍及未經政黨推薦,2,2790,0.0717
6,大安區,仁愛里,2014,市長,陳永昌,無黨籍及未經政黨推薦,3,2790,0.1075
6,大安區,仁愛里,2014,市長,馮光遠,無黨籍及未經政黨推薦,20,2790,0.7168
6,大安區,仁愛里,2014,市長,連勝文,中國國民黨,1391,2790,49.8566
6,大安區,仁愛里,2014,市長,柯文哲,無黨籍及未經政黨推薦,1354,2790,48.5305
6,大安區,仁愛里,2016,立委,陳家宏,樹黨,37,2706,1.3673
6,大安區,仁愛里,2016,立委,范雲,綠黨社會民主黨聯盟,1008,2706,37.2506
6,大安區,仁愛里,2016,立委,龎維良,無黨籍及未經政黨推薦,28,2706,1.0347
6,大安區,仁愛里,2016,立委,趙衍慶,無黨籍及未經政黨推薦,36,2706,1.3304
6,大安區,仁愛里,2016,立委,林珍妤,台灣獨立黨,23,2706,0.85
6,大安區,仁愛里,2016,立委,周芳如,無黨籍及未經政黨推薦,71,2706,2.6238
6,大安區,仁愛里,2016,立委,蔣慰慈,無黨籍及未經政黨推薦,12,2706,0.4435
6,大安區,仁愛里,2016,立委,鄭村棋,人民民主陣線,101,2706,3.7324
6,大安區,仁愛里,2016,立委,曾獻瑩,信心希望聯盟,59,2706,2.1803
6,大安區,仁愛里,2016,立委,蔣乃辛,中國國民黨,1238,2706,45.7502
6,大安區,仁愛里,2016,立委,古文發,大愛憲改聯盟,6,2706,0.2217
6,大安區,仁愛里,2016,立委,吳旭智,民國黨,87,2706,3.2151
6,大安區,仁愛里,2016,總統,朱立倫,中國國民黨,1199,2733,43.8712
6,大安區,仁愛里,2016,總統,蔡英文,民主進步黨,1291,2733,47.2375
6,大安區,仁愛里,2016,總統,宋楚瑜,親民黨,243,2733,8.8913
6,大安區,仁愛里,2018,市長,吳蕚洋,無黨籍及未經政黨推薦,9,2590,0.3475
6,大安區,仁愛里,2018,市長,丁守中,中國國民黨,1215,2590,46.9112
6,大安區,仁愛里,2018,市長,姚文智,民主進步黨,459,2590,17.722
6,大安區,仁愛里,2018,市長,柯文哲,無黨籍及未經政黨推薦,898,2590,34.6718
6,大安區,仁愛里,2018,市長,李錫錕,無黨籍及未經政黨推薦,9,2590,0.3475
6,大安區,仁愛里,2020,立委,沈宜璇,台灣維新,7,2942,0.2379
6,大安區,仁愛里,2020,立委,楊攸凱,無黨籍及未經政黨推薦,10,2942,0.3399
6,大安區,仁愛里,2020,立委,林奕華,中國國民黨,1540,2942,52.3453
6,大安區,仁愛里,2020,立委,蕭瑞麟,無黨籍及未經政黨推薦,5,2942,0.17
6,大安區,仁愛里,2020,立委,羅世晧,勞動黨,10,2942,0.3399
6,大安區,仁愛里,2020,立委,謝佩芬,民主進步黨,1290,2942,43.8477
6,大安區,仁愛里,2020,立委,黃典本,無黨籍及未經政黨推薦,3,2942,0.102
6,大安區,仁愛里,2020,立委,孟藹倫,中華婦女黨,51,2942,1.7335
6,大安區,仁愛里,2020,立委,張余健,喜樂島聯盟,6,2942,0.2039
6,大安區,仁愛里,2020,立委,葉日勤,台灣基進,20,2942,0.6798
6,大安區,仁愛里,2020,總統,宋楚瑜,親民黨,96,2979,3.2226
6,大安區,仁愛里,2020,總統,韓國瑜,中國國民黨,1437,2979,48.2377
6,大安區,仁愛里,2020,總統,蔡英文,民主進步黨,1446,2979,48.5398
6,大安區,仁愛里,2022,市長,張家豪,台灣動物保護黨,1,2400,0.0417
6,大安區,仁愛里,2022,市長,王文娟,無黨籍及未經政黨推薦,0,2400,0.0
6,大安區,仁愛里,2022,市長,鄭匡宇,無黨籍及未經政黨推薦,1,2400,0.0417
6,大安區,仁愛里,2022,市長,黃聖峰,台澎黨,0,2400,0.0
6,大安區,仁愛里,2022,市長,童文薰,無黨籍及未經政黨推薦,1,2400,0.0417
6,大安區,仁愛里,2022,市長,蔣萬安,中國國民黨,1155,2400,48.125
6,大安區,仁愛里,2022,市長,蘇煥智,台灣維新,0,2400,0.0
6,大安區,仁愛里,2022,市長,黃珊珊,無黨籍及未經政黨推薦,434,2400,18.0833
6,大安區,仁愛里,2022,市長,施奉先,無黨籍及未經政黨推薦,2,2400,0.0833
6,大安區,仁愛里,2022,市長,唐新民,共和黨,0,2400,0.0
6,大安區,仁愛里,2022,市長,謝立康,無黨籍及未經政黨推薦,0,2400,0.0
6,大安區,仁愛里,2022,市長,陳時中,民主進步黨,806,2400,33.5833
6,大安區,仁愛里,2024,立委,張雪卿,制度救世島,16,2654,0.6029
6,大安區,仁愛里,2024,立委,苗博雅,社會民主黨,1218,2654,45.893
6,大安區,仁愛里,2024,立委,崔建章,臺灣雙語無法黨,32,2654,1.2057
6,大安區,仁愛里,2024,立委,羅智強,中國國民黨,1384,2654,52.1477
6,大安區,仁愛里,2024,立委,朱翊銘,台灣維新,4,2654,0.1507
6,大安區,仁愛里,2024,總統,柯文哲,台灣民眾黨,406,2734,14.85
6,大安區,仁愛里,2024,總統,賴清德,民主進步黨,1116,2734,40.8193
6,大安區,仁愛里,2024,總統,侯友宜,中國國民黨,1212,2734,44.3307
6,大安區,仁慈里,2014,市長,陳汝斌,三等國民公義人權自救黨,1,2893,0.0346
6,大安區,仁慈里,2014,市長,趙衍慶,無黨籍及未經政黨推薦,33,2893,1.1407
6,大安區,仁慈里,2014,市長,李宏信,無黨籍及未經政黨推薦,5,2893,0.1728
6,大安區,仁慈里,2014,市長,陳永昌,無黨籍及未經政黨推薦,4,2893,0.1383
6,大安區,仁慈里,2014,市長,馮光遠,無黨籍及未經政黨推薦,15,2893,0.5185
6,大安區,仁慈里,2014,市長,連勝文,中國國民黨,1183,2893,40.8918
6,大安區,仁慈里,2014,市長,柯文哲,無黨籍及未經政黨推薦,1652,2893,57.1034
6,大安區,仁慈里,2016,立委,陳家宏,樹黨,48,2886,1.6632
6,大安區,仁慈里,2016,立委,范雲,綠黨社會民主黨聯盟,1161,2886,40.2287
6,大安區,仁慈里,2016,立委,龎維良,無黨籍及未經政黨推薦,30,2886,1.0395
6,大安區,仁慈里,2016,立委,趙衍慶,無黨籍及未經政黨推薦,69,2886,2.3909
6,大安區,仁慈里,2016,立委,林珍妤,台灣獨立黨,23,2886,0.797
6,大安區,仁慈里,2016,立委,周芳如,無黨籍及未經政黨推薦,83,2886,2.876
6,大安區,仁慈里,2016,立委,蔣慰慈,無黨籍及未經政黨推薦,3,2886,0.104
6,大安區,仁慈里,2016,立委,鄭村棋,人民民主陣線,114,2886,3.9501
6,大安區,仁慈里,2016,立委,曾獻瑩,信心希望聯盟,60,2886,2.079
6,大安區,仁慈里,2016,立委,蔣乃辛,中國國民黨,1177,2886,40.7831
6,大安區,仁慈里,2016,立委,古文發,大愛憲改聯盟,6,2886,0.2079
6,大安區,仁慈里,2016,立委,吳旭智,民國黨,112,2886,3.8808
6,大安區,仁慈里,2016,總統,朱立倫,中國國民黨,1155,2903,39.7864
6,大安區,仁慈里,2016,總統,蔡英文,民主進步黨,1482,2903,51.0506
6,大安區,仁慈里,2016,總統,宋楚瑜,親民黨,266,2903,9.1629
6,大安區,仁慈里,2018,市長,吳蕚洋,無黨籍及未經政黨推薦,5,2720,0.1838
6,大安區,仁慈里,2018,市長,丁守中,中國國民黨,1162,2720,42.7206
6,大安區,仁慈里,2018,市長,姚文智,民主進步黨,455,2720,16.7279
6,大安區,仁慈里,2018,市長,柯文哲,無黨籍及未經政黨推薦,1090,2720,40.0735
6,大安區,仁慈里,2018,市長,李錫錕,無黨籍及未經政黨推薦,8,2720,0.2941
6,大安區,仁慈里,2020,立委,沈宜璇,台灣維新,26,3233,0.8042
6,大安區,仁慈里,2020,立委,楊攸凱,無黨籍及未經政黨推薦,13,3233,0.4021
6,大安區,仁慈里,2020,立委,林奕華,中國國民黨,1558,3233,48.1905
6,大安區,仁慈里,2020,立委,蕭瑞麟,無黨籍及未經政黨推薦,7,3233,0.2165
6,大安區,仁慈里,2020,立委,羅世晧,勞動黨,11,3233,0.3402
6,大安區,仁慈里,2020,立委,謝佩芬,民主進步黨,1523,3233,47.1079
6,大安區,仁慈里,2020,立委,黃典本,無黨籍及未經政黨推薦,0,3233,0.0
6,大安區,仁慈里,2020,立委,孟藹倫,中華婦女黨,61,3233,1.8868
6,大安區,仁慈里,2020,立委,張余健,喜樂島聯盟,14,3233,0.433
6,大安區,仁慈里,2020,立委,葉日勤,台灣基進,20,3233,0.6186
6,大安區,仁慈里,2020,總統,宋楚瑜,親民黨,129,3287,3.9246
6,大安區,仁慈里,2020,總統,韓國瑜,中國國民黨,1396,3287,42.4703
6,大安區,仁慈里,2020,總統,蔡英文,民主進步黨,1762,3287,53.6051
6,大安區,仁慈里,2022,市長,張家豪,台灣動物保護黨,3,2694,0.1114
6,大安區,仁慈里,2022,市長,王文娟,無黨籍及未經政黨推薦,0,2694,0.0
6,大安區,仁慈里,2022,市長,鄭匡宇,無黨籍及未經政黨推薦,2,2694,0.0742
6,大安區,仁慈里,2022,市長,黃聖峰,台澎黨,0,2694,0.0
6,大安區,仁慈里,2022,市長,童文薰,無黨籍及未經政黨推薦,3,2694,0.1114
6,大安區,仁慈里,2022,市長,蔣萬安,中國國民黨,1109,2694,41.1656
6,大安區,仁慈里,2022,市長,蘇煥智,台灣維新,1,2694,0.0371
6,大安區,仁慈里,2022,市長,黃珊珊,無黨籍及未經政黨推薦,636,2694,23.608
6,大安區,仁慈里,2022,市長,施奉先,無黨籍及未經政黨推薦,2,2694,0.0742
6,大安區,仁慈里,2022,市長,唐新民,共和黨,0,2694,0.0
6,大安區,仁慈里,2022,市長,謝立康,無黨籍及未經政黨推薦,0,2694,0.0
6,大安區,仁慈里,2022,市長,陳時中,民主進步黨,938,2694,34.8181
6,大安區,仁慈里,2024,立委,張雪卿,制度救世島,11,3091,0.3559
6,大安區,仁慈里,2024,立委,苗博雅,社會民主黨,1553,3091,50.2426
6,大安區,仁慈里,2024,立委,崔建章,臺灣雙語無法黨,34,3091,1.1
6,大安區,仁慈里,2024,立委,羅智強,中國國民黨,1484,3091,48.0104
6,大安區,仁慈里,2024,立委,朱翊銘,台灣維新,9,3091,0.2912
6,大安區,仁慈里,2024,總統,柯文哲,台灣民眾黨,623,3190,19.5298
6,大安區,仁慈里,2024,總統,賴清德,民主進步黨,1363,3190,42.7273
6,大安區,仁慈里,2024,總統,侯友宜,中國國民黨,1204,3190,37.7429
6,大安區,住安里,2014,市長,陳汝斌,三等國民公義人權自救黨,4,2918,0.1371
6,大安區,住安里,2014,市長,趙衍慶,無黨籍及未經政黨推薦,36,2918,1.2337
6,大安區,住安里,2014,市長,李宏信,無黨籍及未經政黨推薦,7,2918,0.2399
6,大安區,住安里,2014,市長,陳永昌,無黨籍及未經政黨推薦,5,2918,0.1714
6,大安區,住安里,2014,市長,馮光遠,無黨籍及未經政黨推薦,13,2918,0.4455
6,大安區,住安里,2014,市長,連勝文,中國國民黨,1372,2918,47.0185
6,大安區,住安里,2014,市長,柯文哲,無黨籍及未經政黨推薦,1481,2918,50.7539
6,大安區,住安里,2016,立委,陳家宏,樹黨,31,2793,1.1099
6,大安區,住安里,2016,立委,范雲,綠黨社會民主黨聯盟,936,2793,33.5124
6,大安區,住安里,2016,立委,龎維良,無黨籍及未經政黨推薦,35,2793,1.2531
6,大安區,住安里,2016,立委,趙衍慶,無黨籍及未經政黨推薦,56,2793,2.005
6,大安區,住安里,2016,立委,林珍妤,台灣獨立黨,27,2793,0.9667
6,大安區,住安里,2016,立委,周芳如,無黨籍及未經政黨推薦,94,2793,3.3656
6,大安區,住安里,2016,立委,蔣慰慈,無黨籍及未經政黨推薦,7,2793,0.2506
6,大安區,住安里,2016,立委,鄭村棋,人民民主陣線,91,2793,3.2581
6,大安區,住安里,2016,立委,曾獻瑩,信心希望聯盟,73,2793,2.6137
6,大安區,住安里,2016,立委,蔣乃辛,中國國民黨,1309,2793,46.8672
6,大安區,住安里,2016,立委,古文發,大愛憲改聯盟,6,2793,0.2148
6,大安區,住安里,2016,立委,吳旭智,民國黨,128,2793,4.5829
6,大安區,住安里,2016,總統,朱立倫,中國國民黨,1218,2856,42.6471
6,大安區,住安里,2016,總統,蔡英文,民主進步黨,1330,2856,46.5686
6,大安區,住安里,2016,總統,宋楚瑜,親民黨,308,2856,10.7843
6,大安區,住安里,2018,市長,吳蕚洋,無黨籍及未經政黨推薦,10,2735,0.3656
6,大安區,住安里,2018,市長,丁守中,中國國民黨,1290,2735,47.1664
6,大安區,住安里,2018,市長,姚文智,民主進步黨,461,2735,16.8556
6,大安區,住安里,2018,市長,柯文哲,無黨籍及未經政黨推薦,962,2735,35.1737
6,大安區,住安里,2018,市長,李錫錕,無黨籍及未經政黨推薦,12,2735,0.4388
6,大安區,住安里,2020,立委,沈宜璇,台灣維新,18,3068,0.5867
6,大安區,住安里,2020,立委,楊攸凱,無黨籍及未經政黨推薦,18,3068,0.5867
6,大安區,住安里,2020,立委,林奕華,中國國民黨,1635,3068,53.292
6,大安區,住安里,2020,立委,蕭瑞麟,無黨籍及未經政黨推薦,9,3068,0.2934
6,大安區,住安里,2020,立委,羅世晧,勞動黨,15,3068,0.4889
6,大安區,住安里,2020,立委,謝佩芬,民主進步黨,1268,3068,41.3299
6,大安區,住安里,2020,立委,黃典本,無黨籍及未經政黨推薦,2,3068,0.0652
6,大安區,住安里,2020,立委,孟藹倫,中華婦女黨,67,3068,2.1838
6,大安區,住安里,2020,立委,張余健,喜樂島聯盟,9,3068,0.2934
6,大安區,住安里,2020,立委,葉日勤,台灣基進,27,3068,0.8801
6,大安區,住安里,2020,總統,宋楚瑜,親民黨,115,3113,3.6942
6,大安區,住安里,2020,總統,韓國瑜,中國國民黨,1529,3113,49.1166
6,大安區,住安里,2020,總統,蔡英文,民主進步黨,1469,3113,47.1892
6,大安區,住安里,2022,市長,張家豪,台灣動物保護黨,6,2454,0.2445
6,大安區,住安里,2022,市長,王文娟,無黨籍及未經政黨推薦,0,2454,0.0
6,大安區,住安里,2022,市長,鄭匡宇,無黨籍及未經政黨推薦,1,2454,0.0407
6,大安區,住安里,2022,市長,黃聖峰,台澎黨,0,2454,0.0
6,大安區,住安里,2022,市長,童文薰,無黨籍及未經政黨推薦,7,2454,0.2852
6,大安區,住安里,2022,市長,蔣萬安,中國國民黨,1181,2454,48.1255
6,大安區,住安里,2022,市長,蘇煥智,台灣維新,1,2454,0.0407
6,大安區,住安里,2022,市長,黃珊珊,無黨籍及未經政黨推薦,549,2454,22.3716
6,大安區,住安里,2022,市長,施奉先,無黨籍及未經政黨推薦,0,2454,0.0
6,大安區,住安里,2022,市長,唐新民,共和黨,1,2454,0.0407
6,大安區,住安里,2022,市長,謝立康,無黨籍及未經政黨推薦,0,2454,0.0
6,大安區,住安里,2022,市長,陳時中,民主進步黨,708,2454,28.8509
6,大安區,住安里,2024,立委,張雪卿,制度救世島,19,2855,0.6655
6,大安區,住安里,2024,立委,苗博雅,社會民主黨,1213,2855,42.4869
6,大安區,住安里,2024,立委,崔建章,臺灣雙語無法黨,27,2855,0.9457
6,大安區,住安里,2024,立委,羅智強,中國國民黨,1590,2855,55.6918
6,大安區,住安里,2024,立委,朱翊銘,台灣維新,6,2855,0.2102
6,大安區,住安里,2024,總統,柯文哲,台灣民眾黨,604,2948,20.4885
6,大安區,住安里,2024,總統,賴清德,民主進步黨,997,2948,33.8195
6,大安區,住安里,2024,總統,侯友宜,中國國民黨,1347,2948,45.692
6,大安區,光信里,2014,市長,陳汝斌,三等國民公義人權自救黨,4,4542,0.0881
6,大安區,光信里,2014,市長,趙衍慶,無黨籍及未經政黨推薦,36,4542,0.7926
6,大安區,光信里,2014,市長,李宏信,無黨籍及未經政黨推薦,6,4542,0.1321
6,大安區,光信里,2014,市長,陳永昌,無黨籍及未經政黨推薦,5,4542,0.1101
6,大安區,光信里,2014,市長,馮光遠,無黨籍及未經政黨推薦,26,4542,0.5724
6,大安區,光信里,2014,市長,連勝文,中國國民黨,2091,4542,46.037
6,大安區,光信里,2014,市長,柯文哲,無黨籍及未經政黨推薦,2374,4542,52.2677
6,大安區,光信里,2016,立委,陳家宏,樹黨,55,4254,1.2929
6,大安區,光信里,2016,立委,范雲,綠黨社會民主黨聯盟,1531,4254,35.9897
6,大安區,光信里,2016,立委,龎維良,無黨籍及未經政黨推薦,49,4254,1.1519
6,大安區,光信里,2016,立委,趙衍慶,無黨籍及未經政黨推薦,86,4254,2.0216
6,大安區,光信里,2016,立委,林珍妤,台灣獨立黨,53,4254,1.2459
6,大安區,光信里,2016,立委,周芳如,無黨籍及未經政黨推薦,128,4254,3.0089
6,大安區,光信里,2016,立委,蔣慰慈,無黨籍及未經政黨推薦,15,4254,0.3526
6,大安區,光信里,2016,立委,鄭村棋,人民民主陣線,185,4254,4.3488
6,大安區,光信里,2016,立委,曾獻瑩,信心希望聯盟,125,4254,2.9384
6,大安區,光信里,2016,立委,蔣乃辛,中國國民黨,1857,4254,43.653
6,大安區,光信里,2016,立委,古文發,大愛憲改聯盟,3,4254,0.0705
6,大安區,光信里,2016,立委,吳旭智,民國黨,167,4254,3.9257
6,大安區,光信里,2016,總統,朱立倫,中國國民黨,1804,4316,41.798
6,大安區,光信里,2016,總統,蔡英文,民主進步黨,2082,4316,48.2391
6,大安區,光信里,2016,總統,宋楚瑜,親民黨,430,4316,9.9629
6,大安區,光信里,2018,市長,吳蕚洋,無黨籍及未經政黨推薦,11,4114,0.2674
6,大安區,光信里,2018,市長,丁守中,中國國民黨,1863,4114,45.2844
6,大安區,光信里,2018,市長,姚文智,民主進步黨,655,4114,15.9212
6,大安區,光信里,2018,市長,柯文哲,無黨籍及未經政黨推薦,1572,4114,38.211
6,大安區,光信里,2018,市長,李錫錕,無黨籍及未經政黨推薦,13,4114,0.316
6,大安區,光信里,2020,立委,沈宜璇,台灣維新,37,4642,0.7971
6,大安區,光信里,2020,立委,楊攸凱,無黨籍及未經政黨推薦,33,4642,0.7109
6,大安區,光信里,2020,立委,林奕華,中國國民黨,2386,4642,51.4003
6,大安區,光信里,2020,立委,蕭瑞麟,無黨籍及未經政黨推薦,14,4642,0.3016
6,大安區,光信里,2020,立委,羅世晧,勞動黨,18,4642,0.3878
6,大安區,光信里,2020,立委,謝佩芬,民主進步黨,2021,4642,43.5373
6,大安區,光信里,2020,立委,黃典本,無黨籍及未經政黨推薦,5,4642,0.1077
6,大安區,光信里,2020,立委,孟藹倫,中華婦女黨,81,4642,1.7449
6,大安區,光信里,2020,立委,張余健,喜樂島聯盟,10,4642,0.2154
6,大安區,光信里,2020,立委,葉日勤,台灣基進,37,4642,0.7971
6,大安區,光信里,2020,總統,宋楚瑜,親民黨,196,4716,4.1561
6,大安區,光信里,2020,總統,韓國瑜,中國國民黨,2175,4716,46.1196
6,大安區,光信里,2020,總統,蔡英文,民主進步黨,2345,4716,49.7243
6,大安區,光信里,2022,市長,張家豪,台灣動物保護黨,4,3910,0.1023
6,大安區,光信里,2022,市長,王文娟,無黨籍及未經政黨推薦,1,3910,0.0256
6,大安區,光信里,2022,市長,鄭匡宇,無黨籍及未經政黨推薦,0,3910,0.0
6,大安區,光信里,2022,市長,黃聖峰,台澎黨,0,3910,0.0
6,大安區,光信里,2022,市長,童文薰,無黨籍及未經政黨推薦,3,3910,0.0767
6,大安區,光信里,2022,市長,蔣萬安,中國國民黨,1813,3910,46.3683
6,大安區,光信里,2022,市長,蘇煥智,台灣維新,4,3910,0.1023
6,大安區,光信里,2022,市長,黃珊珊,無黨籍及未經政黨推薦,885,3910,22.6343
6,大安區,光信里,2022,市長,施奉先,無黨籍及未經政黨推薦,1,3910,0.0256
6,大安區,光信里,2022,市長,唐新民,共和黨,2,3910,0.0512
6,大安區,光信里,2022,市長,謝立康,無黨籍及未經政黨推薦,0,3910,0.0
6,大安區,光信里,2022,市長,陳時中,民主進步黨,1197,3910,30.6138
6,大安區,光信里,2024,立委,張雪卿,制度救世島,19,4210,0.4513
6,大安區,光信里,2024,立委,苗博雅,社會民主黨,1897,4210,45.0594
6,大安區,光信里,2024,立委,崔建章,臺灣雙語無法黨,54,4210,1.2827
6,大安區,光信里,2024,立委,羅智強,中國國民黨,2221,4210,52.7553
6,大安區,光信里,2024,立委,朱翊銘,台灣維新,19,4210,0.4513
6,大安區,光信里,2024,總統,柯文哲,台灣民眾黨,844,4310,19.5824
6,大安區,光信里,2024,總統,賴清德,民主進步黨,1618,4310,37.5406
6,大安區,光信里,2024,總統,侯友宜,中國國民黨,1848,4310,42.877
6,大安區,光明里,2014,市長,陳汝斌,三等國民公義人權自救黨,2,1894,0.1056
6,大安區,光明里,2014,市長,趙衍慶,無黨籍及未經政黨推薦,17,1894,0.8976
6,大安區,光明里,2014,市長,李宏信,無黨籍及未經政黨推薦,2,1894,0.1056
6,大安區,光明里,2014,市長,陳永昌,無黨籍及未經政黨推薦,1,1894,0.0528
6,大安區,光明里,2014,市長,馮光遠,無黨籍及未經政黨推薦,15,1894,0.792
6,大安區,光明里,2014,市長,連勝文,中國國民黨,769,1894,40.6019
6,大安區,光明里,2014,市長,柯文哲,無黨籍及未經政黨推薦,1088,1894,57.4446
6,大安區,光明里,2016,立委,陳家宏,樹黨,16,1853,0.8635
6,大安區,光明里,2016,立委,范雲,綠黨社會民主黨聯盟,662,1853,35.7258
6,大安區,光明里,2016,立委,龎維良,無黨籍及未經政黨推薦,37,1853,1.9968
6,大安區,光明里,2016,立委,趙衍慶,無黨籍及未經政黨推薦,36,1853,1.9428
6,大安區,光明里,2016,立委,林珍妤,台灣獨立黨,17,1853,0.9174
6,大安區,光明里,2016,立委,周芳如,無黨籍及未經政黨推薦,103,1853,5.5586
6,大安區,光明里,2016,立委,蔣慰慈,無黨籍及未經政黨推薦,2,1853,0.1079
6,大安區,光明里,2016,立委,鄭村棋,人民民主陣線,63,1853,3.3999
6,大安區,光明里,2016,立委,曾獻瑩,信心希望聯盟,50,1853,2.6983
6,大安區,光明里,2016,立委,蔣乃辛,中國國民黨,794,1853,42.8494
6,大安區,光明里,2016,立委,古文發,大愛憲改聯盟,2,1853,0.1079
6,大安區,光明里,2016,立委,吳旭智,民國黨,71,1853,3.8316
6,大安區,光明里,2016,總統,朱立倫,中國國民黨,741,1885,39.3103
6,大安區,光明里,2016,總統,蔡英文,民主進步黨,953,1885,50.557
6,大安區,光明里,2016,總統,宋楚瑜,親民黨,191,1885,10.1326
6,大安區,光明里,2018,市長,吳蕚洋,無黨籍及未經政黨推薦,6,1877,0.3197
6,大安區,光明里,2018,市長,丁守中,中國國民黨,740,1877,39.4246
6,大安區,光明里,2018,市長,姚文智,民主進步黨,240,1877,12.7864
6,大安區,光明里,2018,市長,柯文哲,無黨籍及未經政黨推薦,882,1877,46.9899
6,大安區,光明里,2018,市長,李錫錕,無黨籍及未經政黨推薦,9,1877,0.4795
6,大安區,光明里,2020,立委,沈宜璇,台灣維新,14,2133,0.6564
6,大安區,光明里,2020,立委,楊攸凱,無黨籍及未經政黨推薦,17,2133,0.797
6,大安區,光明里,2020,立委,林奕華,中國國民黨,1073,2133,50.3047
6,大安區,光明里,2020,立委,蕭瑞麟,無黨籍及未經政黨推薦,9,2133,0.4219
6,大安區,光明里,2020,立委,羅世晧,勞動黨,8,2133,0.3751
6,大安區,光明里,2020,立委,謝佩芬,民主進步黨,959,2133,44.9602
6,大安區,光明里,2020,立委,黃典本,無黨籍及未經政黨推薦,1,2133,0.0469
6,大安區,光明里,2020,立委,孟藹倫,中華婦女黨,28,2133,1.3127
6,大安區,光明里,2020,立委,張余健,喜樂島聯盟,6,2133,0.2813
6,大安區,光明里,2020,立委,葉日勤,台灣基進,18,2133,0.8439
6,大安區,光明里,2020,總統,宋楚瑜,親民黨,86,2183,3.9395
6,大安區,光明里,2020,總統,韓國瑜,中國國民黨,939,2183,43.0142
6,大安區,光明里,2020,總統,蔡英文,民主進步黨,1158,2183,53.0463
6,大安區,光明里,2022,市長,張家豪,台灣動物保護黨,4,1948,0.2053
6,大安區,光明里,2022,市長,王文娟,無黨籍及未經政黨推薦,1,1948,0.0513
6,大安區,光明里,2022,市長,鄭匡宇,無黨籍及未經政黨推薦,1,1948,0.0513
6,大安區,光明里,2022,市長,黃聖峰,台澎黨,0,1948,0.0
6,大安區,光明里,2022,市長,童文薰,無黨籍及未經政黨推薦,3,1948,0.154
6,大安區,光明里,2022,市長,蔣萬安,中國國民黨,826,1948,42.4025
6,大安區,光明里,2022,市長,蘇煥智,台灣維新,3,1948,0.154
6,大安區,光明里,2022,市長,黃珊珊,無黨籍及未經政黨推薦,559,1948,28.6961
6,大安區,光明里,2022,市長,施奉先,無黨籍及未經政黨推薦,0,1948,0.0
6,大安區,光明里,2022,市長,唐新民,共和黨,0,1948,0.0
6,大安區,光明里,2022,市長,謝立康,無黨籍及未經政黨推薦,0,1948,0.0
6,大安區,光明里,2022,市長,陳時中,民主進步黨,551,1948,28.2854
6,大安區,光明里,2024,立委,張雪卿,制度救世島,11,2092,0.5258
6,大安區,光明里,2024,立委,苗博雅,社會民主黨,963,2092,46.0325
6,大安區,光明里,2024,立委,崔建章,臺灣雙語無法黨,39,2092,1.8642
6,大安區,光明里,2024,立委,羅智強,中國國民黨,1072,2092,51.2428
6,大安區,光明里,2024,立委,朱翊銘,台灣維新,7,2092,0.3346
6,大安區,光明里,2024,總統,柯文哲,台灣民眾黨,599,2188,27.3766
6,大安區,光明里,2024,總統,賴清德,民主進步黨,809,2188,36.9744
6,大安區,光明里,2024,總統,侯友宜,中國國民黨,780,2188,35.649
6,大安區,光武里,2014,市長,陳汝斌,三等國民公義人權自救黨,3,4217,0.0711
6,大安區,光武里,2014,市長,趙衍慶,無黨籍及未經政黨推薦,30,4217,0.7114
6,大安區,光武里,2014,市長,李宏信,無黨籍及未經政黨推薦,1,4217,0.0237
6,大安區,光武里,2014,市長,陳永昌,無黨籍及未經政黨推薦,1,4217,0.0237
6,大安區,光武里,2014,市長,馮光遠,無黨籍及未經政黨推薦,15,4217,0.3557
6,大安區,光武里,2014,市長,連勝文,中國國民黨,1949,4217,46.2177
6,大安區,光武里,2014,市長,柯文哲,無黨籍及未經政黨推薦,2218,4217,52.5966
6,大安區,光武里,2016,立委,陳家宏,樹黨,56,4033,1.3885
6,大安區,光武里,2016,立委,范雲,綠黨社會民主黨聯盟,1480,4033,36.6972
6,大安區,光武里,2016,立委,龎維良,無黨籍及未經政黨推薦,50,4033,1.2398
6,大安區,光武里,2016,立委,趙衍慶,無黨籍及未經政黨推薦,102,4033,2.5291
6,大安區,光武里,2016,立委,林珍妤,台灣獨立黨,25,4033,0.6199
6,大安區,光武里,2016,立委,周芳如,無黨籍及未經政黨推薦,140,4033,3.4714
6,大安區,光武里,2016,立委,蔣慰慈,無黨籍及未經政黨推薦,5,4033,0.124
6,大安區,光武里,2016,立委,鄭村棋,人民民主陣線,149,4033,3.6945
6,大安區,光武里,2016,立委,曾獻瑩,信心希望聯盟,99,4033,2.4547
6,大安區,光武里,2016,立委,蔣乃辛,中國國民黨,1790,4033,44.3838
6,大安區,光武里,2016,立委,古文發,大愛憲改聯盟,5,4033,0.124
6,大安區,光武里,2016,立委,吳旭智,民國黨,132,4033,3.273
6,大安區,光武里,2016,總統,朱立倫,中國國民黨,1693,4130,40.9927
6,大安區,光武里,2016,總統,蔡英文,民主進步黨,1979,4130,47.9177
6,大安區,光武里,2016,總統,宋楚瑜,親民黨,458,4130,11.0896
6,大安區,光武里,2018,市長,吳蕚洋,無黨籍及未經政黨推薦,19,3869,0.4911
6,大安區,光武里,2018,市長,丁守中,中國國民黨,1782,3869,46.0584
6,大安區,光武里,2018,市長,姚文智,民主進步黨,703,3869,18.1701
6,大安區,光武里,2018,市長,柯文哲,無黨籍及未經政黨推薦,1350,3869,34.8927
6,大安區,光武里,2018,市長,李錫錕,無黨籍及未經政黨推薦,15,3869,0.3877
6,大安區,光武里,2020,立委,沈宜璇,台灣維新,37,4394,0.8421
6,大安區,光武里,2020,立委,楊攸凱,無黨籍及未經政黨推薦,26,4394,0.5917
6,大安區,光武里,2020,立委,林奕華,中國國民黨,2233,4394,50.8193
6,大安區,光武里,2020,立委,蕭瑞麟,無黨籍及未經政黨推薦,13,4394,0.2959
6,大安區,光武里,2020,立委,羅世晧,勞動黨,19,4394,0.4324
6,大安區,光武里,2020,立委,謝佩芬,民主進步黨,1942,4394,44.1966
6,大安區,光武里,2020,立委,黃典本,無黨籍及未經政黨推薦,5,4394,0.1138
6,大安區,光武里,2020,立委,孟藹倫,中華婦女黨,73,4394,1.6614
6,大安區,光武里,2020,立委,張余健,喜樂島聯盟,18,4394,0.4096
6,大安區,光武里,2020,立委,葉日勤,台灣基進,28,4394,0.6372
6,大安區,光武里,2020,總統,宋楚瑜,親民黨,179,4485,3.9911
6,大安區,光武里,2020,總統,韓國瑜,中國國民黨,2076,4485,46.2876
6,大安區,光武里,2020,總統,蔡英文,民主進步黨,2230,4485,49.7213
6,大安區,光武里,2022,市長,張家豪,台灣動物保護黨,3,3648,0.0822
6,大安區,光武里,2022,市長,王文娟,無黨籍及未經政黨推薦,1,3648,0.0274
6,大安區,光武里,2022,市長,鄭匡宇,無黨籍及未經政黨推薦,1,3648,0.0274
6,大安區,光武里,2022,市長,黃聖峰,台澎黨,1,3648,0.0274
6,大安區,光武里,2022,市長,童文薰,無黨籍及未經政黨推薦,6,3648,0.1645
6,大安區,光武里,2022,市長,蔣萬安,中國國民黨,1672,3648,45.8333
6,大安區,光武里,2022,市長,蘇煥智,台灣維新,9,3648,0.2467
6,大安區,光武里,2022,市長,黃珊珊,無黨籍及未經政黨推薦,761,3648,20.8607
6,大安區,光武里,2022,市長,施奉先,無黨籍及未經政黨推薦,0,3648,0.0
6,大安區,光武里,2022,市長,唐新民,共和黨,0,3648,0.0
6,大安區,光武里,2022,市長,謝立康,無黨籍及未經政黨推薦,0,3648,0.0
6,大安區,光武里,2022,市長,陳時中,民主進步黨,1194,3648,32.7303
6,大安區,光武里,2024,立委,張雪卿,制度救世島,34,4142,0.8209
6,大安區,光武里,2024,立委,苗博雅,社會民主黨,1879,4142,45.3646
6,大安區,光武里,2024,立委,崔建章,臺灣雙語無法黨,51,4142,1.2313
6,大安區,光武里,2024,立委,羅智強,中國國民黨,2158,4142,52.1004
6,大安區,光武里,2024,立委,朱翊銘,台灣維新,20,4142,0.4829
6,大安區,光武里,2024,總統,柯文哲,台灣民眾黨,791,4270,18.5246
6,大安區,光武里,2024,總統,賴清德,民主進步黨,1670,4270,39.1101
6,大安區,光武里,2024,總統,侯友宜,中國國民黨,1809,4270,42.3653
6,大安區,全安里,2014,市長,陳汝斌,三等國民公義人權自救黨,2,2491,0.0803
6,大安區,全安里,2014,市長,趙衍慶,無黨籍及未經政黨推薦,25,2491,1.0036
6,大安區,全安里,2014,市長,李宏信,無黨籍及未經政黨推薦,2,2491,0.0803
6,大安區,全安里,2014,市長,陳永昌,無黨籍及未經政黨推薦,0,2491,0.0
6,大安區,全安里,2014,市長,馮光遠,無黨籍及未經政黨推薦,13,2491,0.5219
6,大安區,全安里,2014,市長,連勝文,中國國民黨,1150,2491,46.1662
6,大安區,全安里,2014,市長,柯文哲,無黨籍及未經政黨推薦,1299,2491,52.1477
6,大安區,全安里,2016,立委,陳家宏,樹黨,23,2407,0.9555
6,大安區,全安里,2016,立委,范雲,綠黨社會民主黨聯盟,865,2407,35.9369
6,大安區,全安里,2016,立委,龎維良,無黨籍及未經政黨推薦,40,2407,1.6618
6,大安區,全安里,2016,立委,趙衍慶,無黨籍及未經政黨推薦,42,2407,1.7449
6,大安區,全安里,2016,立委,林珍妤,台灣獨立黨,24,2407,0.9971
6,大安區,全安里,2016,立委,周芳如,無黨籍及未經政黨推薦,75,2407,3.1159
6,大安區,全安里,2016,立委,蔣慰慈,無黨籍及未經政黨推薦,3,2407,0.1246
6,大安區,全安里,2016,立委,鄭村棋,人民民主陣線,52,2407,2.1604
6,大安區,全安里,2016,立委,曾獻瑩,信心希望聯盟,52,2407,2.1604
6,大安區,全安里,2016,立委,蔣乃辛,中國國民黨,1139,2407,47.3203
6,大安區,全安里,2016,立委,古文發,大愛憲改聯盟,3,2407,0.1246
6,大安區,全安里,2016,立委,吳旭智,民國黨,89,2407,3.6975
6,大安區,全安里,2016,總統,朱立倫,中國國民黨,1103,2441,45.1864
6,大安區,全安里,2016,總統,蔡英文,民主進步黨,1115,2441,45.678
6,大安區,全安里,2016,總統,宋楚瑜,親民黨,223,2441,9.1356
6,大安區,全安里,2018,市長,吳蕚洋,無黨籍及未經政黨推薦,10,2372,0.4216
6,大安區,全安里,2018,市長,丁守中,中國國民黨,1122,2372,47.3019
6,大安區,全安里,2018,市長,姚文智,民主進步黨,306,2372,12.9005
6,大安區,全安里,2018,市長,柯文哲,無黨籍及未經政黨推薦,923,2372,38.9123
6,大安區,全安里,2018,市長,李錫錕,無黨籍及未經政黨推薦,11,2372,0.4637
6,大安區,全安里,2020,立委,沈宜璇,台灣維新,13,2645,0.4915
6,大安區,全安里,2020,立委,楊攸凱,無黨籍及未經政黨推薦,12,2645,0.4537
6,大安區,全安里,2020,立委,林奕華,中國國民黨,1450,2645,54.8204
6,大安區,全安里,2020,立委,蕭瑞麟,無黨籍及未經政黨推薦,21,2645,0.794
6,大安區,全安里,2020,立委,羅世晧,勞動黨,9,2645,0.3403
6,大安區,全安里,2020,立委,謝佩芬,民主進步黨,1076,2645,40.6805
6,大安區,全安里,2020,立委,黃典本,無黨籍及未經政黨推薦,1,2645,0.0378
6,大安區,全安里,2020,立委,孟藹倫,中華婦女黨,34,2645,1.2854
6,大安區,全安里,2020,立委,張余健,喜樂島聯盟,8,2645,0.3025
6,大安區,全安里,2020,立委,葉日勤,台灣基進,21,2645,0.794
6,大安區,全安里,2020,總統,宋楚瑜,親民黨,100,2706,3.6955
6,大安區,全安里,2020,總統,韓國瑜,中國國民黨,1330,2706,49.15
6,大安區,全安里,2020,總統,蔡英文,民主進步黨,1276,2706,47.1545
6,大安區,全安里,2022,市長,張家豪,台灣動物保護黨,4,2281,0.1754
6,大安區,全安里,2022,市長,王文娟,無黨籍及未經政黨推薦,0,2281,0.0
6,大安區,全安里,2022,市長,鄭匡宇,無黨籍及未經政黨推薦,0,2281,0.0
6,大安區,全安里,2022,市長,黃聖峰,台澎黨,0,2281,0.0
6,大安區,全安里,2022,市長,童文薰,無黨籍及未經政黨推薦,2,2281,0.0877
6,大安區,全安里,2022,市長,蔣萬安,中國國民黨,1148,2281,50.3288
6,大安區,全安里,2022,市長,蘇煥智,台灣維新,1,2281,0.0438
6,大安區,全安里,2022,市長,黃珊珊,無黨籍及未經政黨推薦,510,2281,22.3586
6,大安區,全安里,2022,市長,施奉先,無黨籍及未經政黨推薦,0,2281,0.0
6,大安區,全安里,2022,市長,唐新民,共和黨,2,2281,0.0877
6,大安區,全安里,2022,市長,謝立康,無黨籍及未經政黨推薦,0,2281,0.0
6,大安區,全安里,2022,市長,陳時中,民主進步黨,614,2281,26.918
6,大安區,全安里,2024,立委,張雪卿,制度救世島,15,2501,0.5998
6,大安區,全安里,2024,立委,苗博雅,社會民主黨,1058,2501,42.3031
6,大安區,全安里,2024,立委,崔建章,臺灣雙語無法黨,32,2501,1.2795
6,大安區,全安里,2024,立委,羅智強,中國國民黨,1389,2501,55.5378
6,大安區,全安里,2024,立委,朱翊銘,台灣維新,7,2501,0.2799
6,大安區,全安里,2024,總統,柯文哲,台灣民眾黨,499,2568,19.4315
6,大安區,全安里,2024,總統,賴清德,民主進步黨,873,2568,33.9953
6,大安區,全安里,2024,總統,侯友宜,中國國民黨,1196,2568,46.5732
6,大安區,古莊里,2014,市長,陳汝斌,三等國民公義人權自救黨,7,4026,0.1739
6,大安區,古莊里,2014,市長,趙衍慶,無黨籍及未經政黨推薦,49,4026,1.2171
6,大安區,古莊里,2014,市長,李宏信,無黨籍及未經政黨推薦,7,4026,0.1739
6,大安區,古莊里,2014,市長,陳永昌,無黨籍及未經政黨推薦,4,4026,0.0994
6,大安區,古莊里,2014,市長,馮光遠,無黨籍及未經政黨推薦,19,4026,0.4719
6,大安區,古莊里,2014,市長,連勝文,中國國民黨,1690,4026,41.9771
6,大安區,古莊里,2014,市長,柯文哲,無黨籍及未經政黨推薦,2250,4026,55.8867
6,大安區,古莊里,2016,立委,陳家宏,樹黨,53,3826,1.3853
6,大安區,古莊里,2016,立委,范雲,綠黨社會民主黨聯盟,1351,3826,35.311
6,大安區,古莊里,2016,立委,龎維良,無黨籍及未經政黨推薦,110,3826,2.8751
6,大安區,古莊里,2016,立委,趙衍慶,無黨籍及未經政黨推薦,82,3826,2.1432
6,大安區,古莊里,2016,立委,林珍妤,台灣獨立黨,36,3826,0.9409
6,大安區,古莊里,2016,立委,周芳如,無黨籍及未經政黨推薦,116,3826,3.0319
6,大安區,古莊里,2016,立委,蔣慰慈,無黨籍及未經政黨推薦,4,3826,0.1045
6,大安區,古莊里,2016,立委,鄭村棋,人民民主陣線,141,3826,3.6853
6,大安區,古莊里,2016,立委,曾獻瑩,信心希望聯盟,143,3826,3.7376
6,大安區,古莊里,2016,立委,蔣乃辛,中國國民黨,1647,3826,43.0476
6,大安區,古莊里,2016,立委,古文發,大愛憲改聯盟,4,3826,0.1045
6,大安區,古莊里,2016,立委,吳旭智,民國黨,139,3826,3.633
6,大安區,古莊里,2016,總統,朱立倫,中國國民黨,1565,3879,40.3454
6,大安區,古莊里,2016,總統,蔡英文,民主進步黨,1922,3879,49.5489
6,大安區,古莊里,2016,總統,宋楚瑜,親民黨,392,3879,10.1057
6,大安區,古莊里,2018,市長,吳蕚洋,無黨籍及未經政黨推薦,16,4046,0.3955
6,大安區,古莊里,2018,市長,丁守中,中國國民黨,1705,4046,42.1404
6,大安區,古莊里,2018,市長,姚文智,民主進步黨,597,4046,14.7553
6,大安區,古莊里,2018,市長,柯文哲,無黨籍及未經政黨推薦,1714,4046,42.3628
6,大安區,古莊里,2018,市長,李錫錕,無黨籍及未經政黨推薦,14,4046,0.346
6,大安區,古莊里,2020,立委,沈宜璇,台灣維新,42,4467,0.9402
6,大安區,古莊里,2020,立委,楊攸凱,無黨籍及未經政黨推薦,27,4467,0.6044
6,大安區,古莊里,2020,立委,林奕華,中國國民黨,2194,4467,49.1157
6,大安區,古莊里,2020,立委,蕭瑞麟,無黨籍及未經政黨推薦,18,4467,0.403
6,大安區,古莊里,2020,立委,羅世晧,勞動黨,23,4467,0.5149
6,大安區,古莊里,2020,立委,謝佩芬,民主進步黨,1971,4467,44.1236
6,大安區,古莊里,2020,立委,黃典本,無黨籍及未經政黨推薦,7,4467,0.1567
6,大安區,古莊里,2020,立委,孟藹倫,中華婦女黨,115,4467,2.5744
6,大安區,古莊里,2020,立委,張余健,喜樂島聯盟,27,4467,0.6044
6,大安區,古莊里,2020,立委,葉日勤,台灣基進,43,4467,0.9626
6,大安區,古莊里,2020,總統,宋楚瑜,親民黨,196,4555,4.303
6,大安區,古莊里,2020,總統,韓國瑜,中國國民黨,2008,4555,44.0834
6,大安區,古莊里,2020,總統,蔡英文,民主進步黨,2351,4555,51.6136
6,大安區,古莊里,2022,市長,張家豪,台灣動物保護黨,7,3877,0.1806
6,大安區,古莊里,2022,市長,王文娟,無黨籍及未經政黨推薦,1,3877,0.0258
6,大安區,古莊里,2022,市長,鄭匡宇,無黨籍及未經政黨推薦,1,3877,0.0258
6,大安區,古莊里,2022,市長,黃聖峰,台澎黨,3,3877,0.0774
6,大安區,古莊里,2022,市長,童文薰,無黨籍及未經政黨推薦,16,3877,0.4127
6,大安區,古莊里,2022,市長,蔣萬安,中國國民黨,1667,3877,42.9972
6,大安區,古莊里,2022,市長,蘇煥智,台灣維新,9,3877,0.2321
6,大安區,古莊里,2022,市長,黃珊珊,無黨籍及未經政黨推薦,995,3877,25.6642
6,大安區,古莊里,2022,市長,施奉先,無黨籍及未經政黨推薦,1,3877,0.0258
6,大安區,古莊里,2022,市長,唐新民,共和黨,0,3877,0.0
6,大安區,古莊里,2022,市長,謝立康,無黨籍及未經政黨推薦,0,3877,0.0
6,大安區,古莊里,2022,市長,陳時中,民主進步黨,1177,3877,30.3585
6,大安區,古莊里,2024,立委,張雪卿,制度救世島,23,4246,0.5417
6,大安區,古莊里,2024,立委,苗博雅,社會民主黨,1968,4246,46.3495
6,大安區,古莊里,2024,立委,崔建章,臺灣雙語無法黨,62,4246,1.4602
6,大安區,古莊里,2024,立委,羅智強,中國國民黨,2158,4246,50.8243
6,大安區,古莊里,2024,立委,朱翊銘,台灣維新,35,4246,0.8243
6,大安區,古莊里,2024,總統,柯文哲,台灣民眾黨,1055,4411,23.9175
6,大安區,古莊里,2024,總統,賴清德,民主進步黨,1626,4411,36.8624
6,大安區,古莊里,2024,總統,侯友宜,中國國民黨,1730,4411,39.2201
6,大安區,古風里,2014,市長,陳汝斌,三等國民公義人權自救黨,4,2487,0.1608
6,大安區,古風里,2014,市長,趙衍慶,無黨籍及未經政黨推薦,16,2487,0.6433
6,大安區,古風里,2014,市長,李宏信,無黨籍及未經政黨推薦,7,2487,0.2815
6,大安區,古風里,2014,市長,陳永昌,無黨籍及未經政黨推薦,4,2487,0.1608
6,大安區,古風里,2014,市長,馮光遠,無黨籍及未經政黨推薦,22,2487,0.8846
6,大安區,古風里,2014,市長,連勝文,中國國民黨,1029,2487,41.3752
6,大安區,古風里,2014,市長,柯文哲,無黨籍及未經政黨推薦,1405,2487,56.4938
6,大安區,古風里,2016,立委,陳家宏,樹黨,26,2369,1.0975
6,大安區,古風里,2016,立委,范雲,綠黨社會民主黨聯盟,842,2369,35.5424
6,大安區,古風里,2016,立委,龎維良,無黨籍及未經政黨推薦,99,2369,4.179
6,大安區,古風里,2016,立委,趙衍慶,無黨籍及未經政黨推薦,41,2369,1.7307
6,大安區,古風里,2016,立委,林珍妤,台灣獨立黨,25,2369,1.0553
6,大安區,古風里,2016,立委,周芳如,無黨籍及未經政黨推薦,52,2369,2.195
6,大安區,古風里,2016,立委,蔣慰慈,無黨籍及未經政黨推薦,4,2369,0.1688
6,大安區,古風里,2016,立委,鄭村棋,人民民主陣線,47,2369,1.984
6,大安區,古風里,2016,立委,曾獻瑩,信心希望聯盟,68,2369,2.8704
6,大安區,古風里,2016,立委,蔣乃辛,中國國民黨,1026,2369,43.3094
6,大安區,古風里,2016,立委,古文發,大愛憲改聯盟,0,2369,0.0
6,大安區,古風里,2016,立委,吳旭智,民國黨,139,2369,5.8675
6,大安區,古風里,2016,總統,朱立倫,中國國民黨,974,2397,40.6341
6,大安區,古風里,2016,總統,蔡英文,民主進步黨,1186,2397,49.4785
6,大安區,古風里,2016,總統,宋楚瑜,親民黨,237,2397,9.8874
6,大安區,古風里,2018,市長,吳蕚洋,無黨籍及未經政黨推薦,10,2338,0.4277
6,大安區,古風里,2018,市長,丁守中,中國國民黨,1015,2338,43.4132
6,大安區,古風里,2018,市長,姚文智,民主進步黨,370,2338,15.8255
6,大安區,古風里,2018,市長,柯文哲,無黨籍及未經政黨推薦,935,2338,39.9914
6,大安區,古風里,2018,市長,李錫錕,無黨籍及未經政黨推薦,8,2338,0.3422
6,大安區,古風里,2020,立委,沈宜璇,台灣維新,22,2629,0.8368
6,大安區,古風里,2020,立委,楊攸凱,無黨籍及未經政黨推薦,12,2629,0.4564
6,大安區,古風里,2020,立委,林奕華,中國國民黨,1323,2629,50.3233
6,大安區,古風里,2020,立委,蕭瑞麟,無黨籍及未經政黨推薦,6,2629,0.2282
6,大安區,古風里,2020,立委,羅世晧,勞動黨,14,2629,0.5325
6,大安區,古風里,2020,立委,謝佩芬,民主進步黨,1175,2629,44.6938
6,大安區,古風里,2020,立委,黃典本,無黨籍及未經政黨推薦,5,2629,0.1902
6,大安區,古風里,2020,立委,孟藹倫,中華婦女黨,43,2629,1.6356
6,大安區,古風里,2020,立委,張余健,喜樂島聯盟,7,2629,0.2663
6,大安區,古風里,2020,立委,葉日勤,台灣基進,22,2629,0.8368
6,大安區,古風里,2020,總統,宋楚瑜,親民黨,116,2693,4.3075
6,大安區,古風里,2020,總統,韓國瑜,中國國民黨,1178,2693,43.743
6,大安區,古風里,2020,總統,蔡英文,民主進步黨,1399,2693,51.9495
6,大安區,古風里,2022,市長,張家豪,台灣動物保護黨,4,2271,0.1761
6,大安區,古風里,2022,市長,王文娟,無黨籍及未經政黨推薦,0,2271,0.0
6,大安區,古風里,2022,市長,鄭匡宇,無黨籍及未經政黨推薦,3,2271,0.1321
6,大安區,古風里,2022,市長,黃聖峰,台澎黨,0,2271,0.0
6,大安區,古風里,2022,市長,童文薰,無黨籍及未經政黨推薦,1,2271,0.044
6,大安區,古風里,2022,市長,蔣萬安,中國國民黨,1010,2271,44.4738
6,大安區,古風里,2022,市長,蘇煥智,台灣維新,6,2271,0.2642
6,大安區,古風里,2022,市長,黃珊珊,無黨籍及未經政黨推薦,524,2271,23.0735
6,大安區,古風里,2022,市長,施奉先,無黨籍及未經政黨推薦,0,2271,0.0
6,大安區,古風里,2022,市長,唐新民,共和黨,0,2271,0.0
6,大安區,古風里,2022,市長,謝立康,無黨籍及未經政黨推薦,0,2271,0.0
6,大安區,古風里,2022,市長,陳時中,民主進步黨,723,2271,31.8362
6,大安區,古風里,2024,立委,張雪卿,制度救世島,9,2412,0.3731
6,大安區,古風里,2024,立委,苗博雅,社會民主黨,1149,2412,47.6368
6,大安區,古風里,2024,立委,崔建章,臺灣雙語無法黨,42,2412,1.7413
6,大安區,古風里,2024,立委,羅智強,中國國民黨,1204,2412,49.9171
6,大安區,古風里,2024,立委,朱翊銘,台灣維新,8,2412,0.3317
6,大安區,古風里,2024,總統,柯文哲,台灣民眾黨,555,2488,22.3071
6,大安區,古風里,2024,總統,賴清德,民主進步黨,949,2488,38.1431
6,大安區,古風里,2024,總統,侯友宜,中國國民黨,984,2488,39.5498
6,大安區,和安里,2014,市長,陳汝斌,三等國民公義人權自救黨,5,3679,0.1359
6,大安區,和安里,2014,市長,趙衍慶,無黨籍及未經政黨推薦,37,3679,1.0057
6,大安區,和安里,2014,市長,李宏信,無黨籍及未經政黨推薦,9,3679,0.2446
6,大安區,和安里,2014,市長,陳永昌,無黨籍及未經政黨推薦,4,3679,0.1087
6,大安區,和安里,2014,市長,馮光遠,無黨籍及未經政黨推薦,22,3679,0.598
6,大安區,和安里,2014,市長,連勝文,中國國民黨,1682,3679,45.7189
6,大安區,和安里,2014,市長,柯文哲,無黨籍及未經政黨推薦,1920,3679,52.1881
6,大安區,和安里,2016,立委,陳家宏,樹黨,35,3610,0.9695
6,大安區,和安里,2016,立委,范雲,綠黨社會民主黨聯盟,1214,3610,33.6288
6,大安區,和安里,2016,立委,龎維良,無黨籍及未經政黨推薦,48,3610,1.3296
6,大安區,和安里,2016,立委,趙衍慶,無黨籍及未經政黨推薦,86,3610,2.3823
6,大安區,和安里,2016,立委,林珍妤,台灣獨立黨,35,3610,0.9695
6,大安區,和安里,2016,立委,周芳如,無黨籍及未經政黨推薦,80,3610,2.2161
6,大安區,和安里,2016,立委,蔣慰慈,無黨籍及未經政黨推薦,9,3610,0.2493
6,大安區,和安里,2016,立委,鄭村棋,人民民主陣線,103,3610,2.8532
6,大安區,和安里,2016,立委,曾獻瑩,信心希望聯盟,94,3610,2.6039
6,大安區,和安里,2016,立委,蔣乃辛,中國國民黨,1766,3610,48.9197
6,大安區,和安里,2016,立委,古文發,大愛憲改聯盟,5,3610,0.1385
6,大安區,和安里,2016,立委,吳旭智,民國黨,135,3610,3.7396
6,大安區,和安里,2016,總統,朱立倫,中國國民黨,1600,3648,43.8596
6,大安區,和安里,2016,總統,蔡英文,民主進步黨,1674,3648,45.8882
6,大安區,和安里,2016,總統,宋楚瑜,親民黨,374,3648,10.2522
6,大安區,和安里,2018,市長,吳蕚洋,無黨籍及未經政黨推薦,9,3634,0.2477
6,大安區,和安里,2018,市長,丁守中,中國國民黨,1647,3634,45.322
6,大安區,和安里,2018,市長,姚文智,民主進步黨,499,3634,13.7314
6,大安區,和安里,2018,市長,柯文哲,無黨籍及未經政黨推薦,1464,3634,40.2862
6,大安區,和安里,2018,市長,李錫錕,無黨籍及未經政黨推薦,15,3634,0.4128
6,大安區,和安里,2020,立委,沈宜璇,台灣維新,36,4080,0.8824
6,大安區,和安里,2020,立委,楊攸凱,無黨籍及未經政黨推薦,22,4080,0.5392
6,大安區,和安里,2020,立委,林奕華,中國國民黨,2194,4080,53.7745
6,大安區,和安里,2020,立委,蕭瑞麟,無黨籍及未經政黨推薦,15,4080,0.3676
6,大安區,和安里,2020,立委,羅世晧,勞動黨,15,4080,0.3676
6,大安區,和安里,2020,立委,謝佩芬,民主進步黨,1663,4080,40.7598
6,大安區,和安里,2020,立委,黃典本,無黨籍及未經政黨推薦,7,4080,0.1716
6,大安區,和安里,2020,立委,孟藹倫,中華婦女黨,88,4080,2.1569
6,大安區,和安里,2020,立委,張余健,喜樂島聯盟,17,4080,0.4167
6,大安區,和安里,2020,立委,葉日勤,台灣基進,23,4080,0.5637
6,大安區,和安里,2020,總統,宋楚瑜,親民黨,191,4137,4.6169
6,大安區,和安里,2020,總統,韓國瑜,中國國民黨,1975,4137,47.7399
6,大安區,和安里,2020,總統,蔡英文,民主進步黨,1971,4137,47.6432
6,大安區,和安里,2022,市長,張家豪,台灣動物保護黨,6,3458,0.1735
6,大安區,和安里,2022,市長,王文娟,無黨籍及未經政黨推薦,1,3458,0.0289
6,大安區,和安里,2022,市長,鄭匡宇,無黨籍及未經政黨推薦,1,3458,0.0289
6,大安區,和安里,2022,市長,黃聖峰,台澎黨,1,3458,0.0289
6,大安區,和安里,2022,市長,童文薰,無黨籍及未經政黨推薦,1,3458,0.0289
6,大安區,和安里,2022,市長,蔣萬安,中國國民黨,1602,3458,46.3274
6,大安區,和安里,2022,市長,蘇煥智,台灣維新,2,3458,0.0578
6,大安區,和安里,2022,市長,黃珊珊,無黨籍及未經政黨推薦,858,3458,24.812
6,大安區,和安里,2022,市長,施奉先,無黨籍及未經政黨推薦,0,3458,0.0
6,大安區,和安里,2022,市長,唐新民,共和黨,2,3458,0.0578
6,大安區,和安里,2022,市長,謝立康,無黨籍及未經政黨推薦,0,3458,0.0
6,大安區,和安里,2022,市長,陳時中,民主進步黨,984,3458,28.4558
6,大安區,和安里,2024,立委,張雪卿,制度救世島,18,3812,0.4722
6,大安區,和安里,2024,立委,苗博雅,社會民主黨,1705,3812,44.7272
6,大安區,和安里,2024,立委,崔建章,臺灣雙語無法黨,32,3812,0.8395
6,大安區,和安里,2024,立委,羅智強,中國國民黨,2034,3812,53.3578
6,大安區,和安里,2024,立委,朱翊銘,台灣維新,23,3812,0.6034
6,大安區,和安里,2024,總統,柯文哲,台灣民眾黨,894,3934,22.725
6,大安區,和安里,2024,總統,賴清德,民主進步黨,1406,3934,35.7397
6,大安區,和安里,2024,總統,侯友宜,中國國民黨,1634,3934,41.5353
6,大安區,大學里,2014,市長,陳汝斌,三等國民公義人權自救黨,3,4838,0.062
6,大安區,大學里,2014,市長,趙衍慶,無黨籍及未經政黨推薦,56,4838,1.1575
6,大安區,大學里,2014,市長,李宏信,無黨籍及未經政黨推薦,10,4838,0.2067
6,大安區,大學里,2014,市長,陳永昌,無黨籍及未經政黨推薦,4,4838,0.0827
6,大安區,大學里,2014,市長,馮光遠,無黨籍及未經政黨推薦,43,4838,0.8888
6,大安區,大學里,2014,市長,連勝文,中國國民黨,2067,4838,42.7243
6,大安區,大學里,2014,市長,柯文哲,無黨籍及未經政黨推薦,2655,4838,54.878
6,大安區,大學里,2016,立委,陳家宏,樹黨,73,4754,1.5355
6,大安區,大學里,2016,立委,范雲,綠黨社會民主黨聯盟,1757,4754,36.9584
6,大安區,大學里,2016,立委,龎維良,無黨籍及未經政黨推薦,93,4754,1.9562
6,大安區,大學里,2016,立委,趙衍慶,無黨籍及未經政黨推薦,70,4754,1.4724
6,大安區,大學里,2016,立委,林珍妤,台灣獨立黨,41,4754,0.8624
6,大安區,大學里,2016,立委,周芳如,無黨籍及未經政黨推薦,75,4754,1.5776
6,大安區,大學里,2016,立委,蔣慰慈,無黨籍及未經政黨推薦,4,4754,0.0841
6,大安區,大學里,2016,立委,鄭村棋,人民民主陣線,135,4754,2.8397
6,大安區,大學里,2016,立委,曾獻瑩,信心希望聯盟,314,4754,6.605
6,大安區,大學里,2016,立委,蔣乃辛,中國國民黨,1959,4754,41.2074
6,大安區,大學里,2016,立委,古文發,大愛憲改聯盟,4,4754,0.0841
6,大安區,大學里,2016,立委,吳旭智,民國黨,229,4754,4.817
6,大安區,大學里,2016,總統,朱立倫,中國國民黨,2025,4796,42.2227
6,大安區,大學里,2016,總統,蔡英文,民主進步黨,2276,4796,47.4562
6,大安區,大學里,2016,總統,宋楚瑜,親民黨,495,4796,10.3211
6,大安區,大學里,2018,市長,吳蕚洋,無黨籍及未經政黨推薦,17,4690,0.3625
6,大安區,大學里,2018,市長,丁守中,中國國民黨,2095,4690,44.6695
6,大安區,大學里,2018,市長,姚文智,民主進步黨,701,4690,14.9467
6,大安區,大學里,2018,市長,柯文哲,無黨籍及未經政黨推薦,1851,4690,39.467
6,大安區,大學里,2018,市長,李錫錕,無黨籍及未經政黨推薦,26,4690,0.5544
6,大安區,大學里,2020,立委,沈宜璇,台灣維新,43,5324,0.8077
6,大安區,大學里,2020,立委,楊攸凱,無黨籍及未經政黨推薦,29,5324,0.5447
6,大安區,大學里,2020,立委,林奕華,中國國民黨,2681,5324,50.3569
6,大安區,大學里,2020,立委,蕭瑞麟,無黨籍及未經政黨推薦,19,5324,0.3569
6,大安區,大學里,2020,立委,羅世晧,勞動黨,18,5324,0.3381
6,大安區,大學里,2020,立委,謝佩芬,民主進步黨,2284,5324,42.9001
6,大安區,大學里,2020,立委,黃典本,無黨籍及未經政黨推薦,7,5324,0.1315
6,大安區,大學里,2020,立委,孟藹倫,中華婦女黨,175,5324,3.287
6,大安區,大學里,2020,立委,張余健,喜樂島聯盟,16,5324,0.3005
6,大安區,大學里,2020,立委,葉日勤,台灣基進,52,5324,0.9767
6,大安區,大學里,2020,總統,宋楚瑜,親民黨,236,5412,4.3607
6,大安區,大學里,2020,總統,韓國瑜,中國國民黨,2488,5412,45.9719
6,大安區,大學里,2020,總統,蔡英文,民主進步黨,2688,5412,49.6674
6,大安區,大學里,2022,市長,張家豪,台灣動物保護黨,6,4487,0.1337
6,大安區,大學里,2022,市長,王文娟,無黨籍及未經政黨推薦,2,4487,0.0446
6,大安區,大學里,2022,市長,鄭匡宇,無黨籍及未經政黨推薦,1,4487,0.0223
6,大安區,大學里,2022,市長,黃聖峰,台澎黨,0,4487,0.0
6,大安區,大學里,2022,市長,童文薰,無黨籍及未經政黨推薦,9,4487,0.2006
6,大安區,大學里,2022,市長,蔣萬安,中國國民黨,1986,4487,44.2612
6,大安區,大學里,2022,市長,蘇煥智,台灣維新,8,4487,0.1783
6,大安區,大學里,2022,市長,黃珊珊,無黨籍及未經政黨推薦,1058,4487,23.5792
6,大安區,大學里,2022,市長,施奉先,無黨籍及未經政黨推薦,1,4487,0.0223
6,大安區,大學里,2022,市長,唐新民,共和黨,2,4487,0.0446
6,大安區,大學里,2022,市長,謝立康,無黨籍及未經政黨推薦,2,4487,0.0446
6,大安區,大學里,2022,市長,陳時中,民主進步黨,1412,4487,31.4687
6,大安區,大學里,2024,立委,張雪卿,制度救世島,27,4969,0.5434
6,大安區,大學里,2024,立委,苗博雅,社會民主黨,2283,4969,45.9449
6,大安區,大學里,2024,立委,崔建章,臺灣雙語無法黨,68,4969,1.3685
6,大安區,大學里,2024,立委,羅智強,中國國民黨,2571,4969,51.7408
6,大安區,大學里,2024,立委,朱翊銘,台灣維新,20,4969,0.4025
6,大安區,大學里,2024,總統,柯文哲,台灣民眾黨,1088,5111,21.2874
6,大安區,大學里,2024,總統,賴清德,民主進步黨,1915,5111,37.4682
6,大安區,大學里,2024,總統,侯友宜,中國國民黨,2108,5111,41.2444
6,大安區,學府里,2014,市長,陳汝斌,三等國民公義人權自救黨,0,1649,0.0
6,大安區,學府里,2014,市長,趙衍慶,無黨籍及未經政黨推薦,18,1649,1.0916
6,大安區,學府里,2014,市長,李宏信,無黨籍及未經政黨推薦,3,1649,0.1819
6,大安區,學府里,2014,市長,陳永昌,無黨籍及未經政黨推薦,4,1649,0.2426
6,大安區,學府里,2014,市長,馮光遠,無黨籍及未經政黨推薦,6,1649,0.3639
6,大安區,學府里,2014,市長,連勝文,中國國民黨,894,1649,54.2147
6,大安區,學府里,2014,市長,柯文哲,無黨籍及未經政黨推薦,724,1649,43.9054
6,大安區,學府里,2016,立委,陳家宏,樹黨,23,1560,1.4744
6,大安區,學府里,2016,立委,范雲,綠黨社會民主黨聯盟,436,1560,27.9487
6,大安區,學府里,2016,立委,龎維良,無黨籍及未經政黨推薦,14,1560,0.8974
6,大安區,學府里,2016,立委,趙衍慶,無黨籍及未經政黨推薦,26,1560,1.6667
6,大安區,學府里,2016,立委,林珍妤,台灣獨立黨,21,1560,1.3462
6,大安區,學府里,2016,立委,周芳如,無黨籍及未經政黨推薦,32,1560,2.0513
6,大安區,學府里,2016,立委,蔣慰慈,無黨籍及未經政黨推薦,3,1560,0.1923
6,大安區,學府里,2016,立委,鄭村棋,人民民主陣線,28,1560,1.7949
6,大安區,學府里,2016,立委,曾獻瑩,信心希望聯盟,37,1560,2.3718
6,大安區,學府里,2016,立委,蔣乃辛,中國國民黨,851,1560,54.5513
6,大安區,學府里,2016,立委,古文發,大愛憲改聯盟,1,1560,0.0641
6,大安區,學府里,2016,立委,吳旭智,民國黨,88,1560,5.641
6,大安區,學府里,2016,總統,朱立倫,中國國民黨,790,1601,49.3442
6,大安區,學府里,2016,總統,蔡英文,民主進步黨,644,1601,40.2249
6,大安區,學府里,2016,總統,宋楚瑜,親民黨,167,1601,10.431
6,大安區,學府里,2018,市長,吳蕚洋,無黨籍及未經政黨推薦,12,1545,0.7767
6,大安區,學府里,2018,市長,丁守中,中國國民黨,837,1545,54.1748
6,大安區,學府里,2018,市長,姚文智,民主進步黨,222,1545,14.3689
6,大安區,學府里,2018,市長,柯文哲,無黨籍及未經政黨推薦,465,1545,30.0971
6,大安區,學府里,2018,市長,李錫錕,無黨籍及未經政黨推薦,9,1545,0.5825
6,大安區,學府里,2020,立委,沈宜璇,台灣維新,15,1576,0.9518
6,大安區,學府里,2020,立委,楊攸凱,無黨籍及未經政黨推薦,4,1576,0.2538
6,大安區,學府里,2020,立委,林奕華,中國國民黨,908,1576,57.6142
6,大安區,學府里,2020,立委,蕭瑞麟,無黨籍及未經政黨推薦,5,1576,0.3173
6,大安區,學府里,2020,立委,羅世晧,勞動黨,13,1576,0.8249
6,大安區,學府里,2020,立委,謝佩芬,民主進步黨,571,1576,36.231
6,大安區,學府里,2020,立委,黃典本,無黨籍及未經政黨推薦,0,1576,0.0
6,大安區,學府里,2020,立委,孟藹倫,中華婦女黨,28,1576,1.7766
6,大安區,學府里,2020,立委,張余健,喜樂島聯盟,10,1576,0.6345
6,大安區,學府里,2020,立委,葉日勤,台灣基進,22,1576,1.3959
6,大安區,學府里,2020,總統,宋楚瑜,親民黨,63,1634,3.8556
6,大安區,學府里,2020,總統,韓國瑜,中國國民黨,847,1634,51.836
6,大安區,學府里,2020,總統,蔡英文,民主進步黨,724,1634,44.3084
6,大安區,學府里,2022,市長,張家豪,台灣動物保護黨,4,1279,0.3127
6,大安區,學府里,2022,市長,王文娟,無黨籍及未經政黨推薦,0,1279,0.0
6,大安區,學府里,2022,市長,鄭匡宇,無黨籍及未經政黨推薦,0,1279,0.0
6,大安區,學府里,2022,市長,黃聖峰,台澎黨,0,1279,0.0
6,大安區,學府里,2022,市長,童文薰,無黨籍及未經政黨推薦,1,1279,0.0782
6,大安區,學府里,2022,市長,蔣萬安,中國國民黨,669,1279,52.3065
6,大安區,學府里,2022,市長,蘇煥智,台灣維新,4,1279,0.3127
6,大安區,學府里,2022,市長,黃珊珊,無黨籍及未經政黨推薦,253,1279,19.7811
6,大安區,學府里,2022,市長,施奉先,無黨籍及未經政黨推薦,0,1279,0.0
6,大安區,學府里,2022,市長,唐新民,共和黨,0,1279,0.0
6,大安區,學府里,2022,市長,謝立康,無黨籍及未經政黨推薦,0,1279,0.0
6,大安區,學府里,2022,市長,陳時中,民主進步黨,348,1279,27.2088
6,大安區,學府里,2024,立委,張雪卿,制度救世島,15,1313,1.1424
6,大安區,學府里,2024,立委,苗博雅,社會民主黨,535,1313,40.7464
6,大安區,學府里,2024,立委,崔建章,臺灣雙語無法黨,16,1313,1.2186
6,大安區,學府里,2024,立委,羅智強,中國國民黨,742,1313,56.5118
6,大安區,學府里,2024,立委,朱翊銘,台灣維新,5,1313,0.3808
6,大安區,學府里,2024,總統,柯文哲,台灣民眾黨,291,1371,21.2254
6,大安區,學府里,2024,總統,賴清德,民主進步黨,447,1371,32.6039
6,大安區,學府里,2024,總統,侯友宜,中國國民黨,633,1371,46.1707
6,大安區,建倫里,2014,市長,陳汝斌,三等國民公義人權自救黨,2,3248,0.0616
6,大安區,建倫里,2014,市長,趙衍慶,無黨籍及未經政黨推薦,25,3248,0.7697
6,大安區,建倫里,2014,市長,李宏信,無黨籍及未經政黨推薦,6,3248,0.1847
6,大安區,建倫里,2014,市長,陳永昌,無黨籍及未經政黨推薦,3,3248,0.0924
6,大安區,建倫里,2014,市長,馮光遠,無黨籍及未經政黨推薦,13,3248,0.4002
6,大安區,建倫里,2014,市長,連勝文,中國國民黨,1578,3248,48.5837
6,大安區,建倫里,2014,市長,柯文哲,無黨籍及未經政黨推薦,1621,3248,49.9076
6,大安區,建倫里,2016,立委,陳家宏,樹黨,45,3228,1.3941
6,大安區,建倫里,2016,立委,范雲,綠黨社會民主黨聯盟,1192,3228,36.9269
6,大安區,建倫里,2016,立委,龎維良,無黨籍及未經政黨推薦,30,3228,0.9294
6,大安區,建倫里,2016,立委,趙衍慶,無黨籍及未經政黨推薦,63,3228,1.9517
6,大安區,建倫里,2016,立委,林珍妤,台灣獨立黨,31,3228,0.9603
6,大安區,建倫里,2016,立委,周芳如,無黨籍及未經政黨推薦,74,3228,2.2924
6,大安區,建倫里,2016,立委,蔣慰慈,無黨籍及未經政黨推薦,2,3228,0.062
6,大安區,建倫里,2016,立委,鄭村棋,人民民主陣線,119,3228,3.6865
6,大安區,建倫里,2016,立委,曾獻瑩,信心希望聯盟,91,3228,2.8191
6,大安區,建倫里,2016,立委,蔣乃辛,中國國民黨,1507,3228,46.6853
6,大安區,建倫里,2016,立委,古文發,大愛憲改聯盟,4,3228,0.1239
6,大安區,建倫里,2016,立委,吳旭智,民國黨,70,3228,2.1685
6,大安區,建倫里,2016,總統,朱立倫,中國國民黨,1463,3279,44.6173
6,大安區,建倫里,2016,總統,蔡英文,民主進步黨,1503,3279,45.8371
6,大安區,建倫里,2016,總統,宋楚瑜,親民黨,313,3279,9.5456
6,大安區,建倫里,2018,市長,吳蕚洋,無黨籍及未經政黨推薦,5,3100,0.1613
6,大安區,建倫里,2018,市長,丁守中,中國國民黨,1476,3100,47.6129
6,大安區,建倫里,2018,市長,姚文智,民主進步黨,495,3100,15.9677
6,大安區,建倫里,2018,市長,柯文哲,無黨籍及未經政黨推薦,1116,3100,36.0
6,大安區,建倫里,2018,市長,李錫錕,無黨籍及未經政黨推薦,8,3100,0.2581
6,大安區,建倫里,2020,立委,沈宜璇,台灣維新,23,3605,0.638
6,大安區,建倫里,2020,立委,楊攸凱,無黨籍及未經政黨推薦,18,3605,0.4993
6,大安區,建倫里,2020,立委,林奕華,中國國民黨,1908,3605,52.9265
6,大安區,建倫里,2020,立委,蕭瑞麟,無黨籍及未經政黨推薦,10,3605,0.2774
6,大安區,建倫里,2020,立委,羅世晧,勞動黨,15,3605,0.4161
6,大安區,建倫里,2020,立委,謝佩芬,民主進步黨,1539,3605,42.6907
6,大安區,建倫里,2020,立委,黃典本,無黨籍及未經政黨推薦,3,3605,0.0832
6,大安區,建倫里,2020,立委,孟藹倫,中華婦女黨,44,3605,1.2205
6,大安區,建倫里,2020,立委,張余健,喜樂島聯盟,9,3605,0.2497
6,大安區,建倫里,2020,立委,葉日勤,台灣基進,36,3605,0.9986
6,大安區,建倫里,2020,總統,宋楚瑜,親民黨,132,3650,3.6164
6,大安區,建倫里,2020,總統,韓國瑜,中國國民黨,1733,3650,47.4795
6,大安區,建倫里,2020,總統,蔡英文,民主進步黨,1785,3650,48.9041
6,大安區,建倫里,2022,市長,張家豪,台灣動物保護黨,2,2836,0.0705
6,大安區,建倫里,2022,市長,王文娟,無黨籍及未經政黨推薦,1,2836,0.0353
6,大安區,建倫里,2022,市長,鄭匡宇,無黨籍及未經政黨推薦,0,2836,0.0
6,大安區,建倫里,2022,市長,黃聖峰,台澎黨,1,2836,0.0353
6,大安區,建倫里,2022,市長,童文薰,無黨籍及未經政黨推薦,1,2836,0.0353
6,大安區,建倫里,2022,市長,蔣萬安,中國國民黨,1421,2836,50.1058
6,大安區,建倫里,2022,市長,蘇煥智,台灣維新,4,2836,0.141
6,大安區,建倫里,2022,市長,黃珊珊,無黨籍及未經政黨推薦,487,2836,17.1721
6,大安區,建倫里,2022,市長,施奉先,無黨籍及未經政黨推薦,0,2836,0.0
6,大安區,建倫里,2022,市長,唐新民,共和黨,1,2836,0.0353
6,大安區,建倫里,2022,市長,謝立康,無黨籍及未經政黨推薦,1,2836,0.0353
6,大安區,建倫里,2022,市長,陳時中,民主進步黨,917,2836,32.3343
6,大安區,建倫里,2024,立委,張雪卿,制度救世島,16,3292,0.486
6,大安區,建倫里,2024,立委,苗博雅,社會民主黨,1443,3292,43.8335
6,大安區,建倫里,2024,立委,崔建章,臺灣雙語無法黨,38,3292,1.1543
6,大安區,建倫里,2024,立委,羅智強,中國國民黨,1787,3292,54.2831
6,大安區,建倫里,2024,立委,朱翊銘,台灣維新,8,3292,0.243
6,大安區,建倫里,2024,總統,柯文哲,台灣民眾黨,554,3399,16.2989
6,大安區,建倫里,2024,總統,賴清德,民主進步黨,1300,3399,38.2465
6,大安區,建倫里,2024,總統,侯友宜,中國國民黨,1545,3399,45.4545
6,大安區,建安里,2014,市長,陳汝斌,三等國民公義人權自救黨,5,2671,0.1872
6,大安區,建安里,2014,市長,趙衍慶,無黨籍及未經政黨推薦,28,2671,1.0483
6,大安區,建安里,2014,市長,李宏信,無黨籍及未經政黨推薦,5,2671,0.1872
6,大安區,建安里,2014,市長,陳永昌,無黨籍及未經政黨推薦,1,2671,0.0374
6,大安區,建安里,2014,市長,馮光遠,無黨籍及未經政黨推薦,11,2671,0.4118
6,大安區,建安里,2014,市長,連勝文,中國國民黨,1312,2671,49.1202
6,大安區,建安里,2014,市長,柯文哲,無黨籍及未經政黨推薦,1309,2671,49.0079
6,大安區,建安里,2016,立委,陳家宏,樹黨,25,2611,0.9575
6,大安區,建安里,2016,立委,范雲,綠黨社會民主黨聯盟,923,2611,35.3504
6,大安區,建安里,2016,立委,龎維良,無黨籍及未經政黨推薦,42,2611,1.6086
6,大安區,建安里,2016,立委,趙衍慶,無黨籍及未經政黨推薦,55,2611,2.1065
6,大安區,建安里,2016,立委,林珍妤,台灣獨立黨,16,2611,0.6128
6,大安區,建安里,2016,立委,周芳如,無黨籍及未經政黨推薦,53,2611,2.0299
6,大安區,建安里,2016,立委,蔣慰慈,無黨籍及未經政黨推薦,8,2611,0.3064
6,大安區,建安里,2016,立委,鄭村棋,人民民主陣線,81,2611,3.1023
6,大安區,建安里,2016,立委,曾獻瑩,信心希望聯盟,71,2611,2.7193
6,大安區,建安里,2016,立委,蔣乃辛,中國國民黨,1263,2611,48.3723
6,大安區,建安里,2016,立委,古文發,大愛憲改聯盟,2,2611,0.0766
6,大安區,建安里,2016,立委,吳旭智,民國黨,72,2611,2.7576
6,大安區,建安里,2016,總統,朱立倫,中國國民黨,1179,2641,44.6422
6,大安區,建安里,2016,總統,蔡英文,民主進步黨,1189,2641,45.0208
6,大安區,建安里,2016,總統,宋楚瑜,親民黨,273,2641,10.337
6,大安區,建安里,2018,市長,吳蕚洋,無黨籍及未經政黨推薦,8,2485,0.3219
6,大安區,建安里,2018,市長,丁守中,中國國民黨,1186,2485,47.7264
6,大安區,建安里,2018,市長,姚文智,民主進步黨,374,2485,15.0503
6,大安區,建安里,2018,市長,柯文哲,無黨籍及未經政黨推薦,904,2485,36.3783
6,大安區,建安里,2018,市長,李錫錕,無黨籍及未經政黨推薦,13,2485,0.5231
6,大安區,建安里,2020,立委,沈宜璇,台灣維新,22,2881,0.7636
6,大安區,建安里,2020,立委,楊攸凱,無黨籍及未經政黨推薦,15,2881,0.5207
6,大安區,建安里,2020,立委,林奕華,中國國民黨,1517,2881,52.6553
6,大安區,建安里,2020,立委,蕭瑞麟,無黨籍及未經政黨推薦,9,2881,0.3124
6,大安區,建安里,2020,立委,羅世晧,勞動黨,6,2881,0.2083
6,大安區,建安里,2020,立委,謝佩芬,民主進步黨,1230,2881,42.6935
6,大安區,建安里,2020,立委,黃典本,無黨籍及未經政黨推薦,2,2881,0.0694
6,大安區,建安里,2020,立委,孟藹倫,中華婦女黨,40,2881,1.3884
6,大安區,建安里,2020,立委,張余健,喜樂島聯盟,15,2881,0.5207
6,大安區,建安里,2020,立委,葉日勤,台灣基進,25,2881,0.8678
6,大安區,建安里,2020,總統,宋楚瑜,親民黨,124,2932,4.2292
6,大安區,建安里,2020,總統,韓國瑜,中國國民黨,1398,2932,47.6808
6,大安區,建安里,2020,總統,蔡英文,民主進步黨,1410,2932,48.09
6,大安區,建安里,2022,市長,張家豪,台灣動物保護黨,4,2366,0.1691
6,大安區,建安里,2022,市長,王文娟,無黨籍及未經政黨推薦,1,2366,0.0423
6,大安區,建安里,2022,市長,鄭匡宇,無黨籍及未經政黨推薦,0,2366,0.0
6,大安區,建安里,2022,市長,黃聖峰,台澎黨,0,2366,0.0
6,大安區,建安里,2022,市長,童文薰,無黨籍及未經政黨推薦,4,2366,0.1691
6,大安區,建安里,2022,市長,蔣萬安,中國國民黨,1128,2366,47.6754
6,大安區,建安里,2022,市長,蘇煥智,台灣維新,3,2366,0.1268
6,大安區,建安里,2022,市長,黃珊珊,無黨籍及未經政黨推薦,479,2366,20.2451
6,大安區,建安里,2022,市長,施奉先,無黨籍及未經政黨推薦,1,2366,0.0423
6,大安區,建安里,2022,市長,唐新民,共和黨,0,2366,0.0
6,大安區,建安里,2022,市長,謝立康,無黨籍及未經政黨推薦,1,2366,0.0423
6,大安區,建安里,2022,市長,陳時中,民主進步黨,745,2366,31.4877
6,大安區,建安里,2024,立委,張雪卿,制度救世島,21,2648,0.7931
6,大安區,建安里,2024,立委,苗博雅,社會民主黨,1168,2648,44.1088
6,大安區,建安里,2024,立委,崔建章,臺灣雙語無法黨,30,2648,1.1329
6,大安區,建安里,2024,立委,羅智強,中國國民黨,1421,2648,53.6631
6,大安區,建安里,2024,立委,朱翊銘,台灣維新,8,2648,0.3021
6,大安區,建安里,2024,總統,柯文哲,台灣民眾黨,519,2721,19.0739
6,大安區,建安里,2024,總統,賴清德,民主進步黨,1027,2721,37.7435
6,大安區,建安里,2024,總統,侯友宜,中國國民黨,1175,2721,43.1827
6,大安區,德安里,2014,市長,陳汝斌,三等國民公義人權自救黨,1,3082,0.0324
6,大安區,德安里,2014,市長,趙衍慶,無黨籍及未經政黨推薦,36,3082,1.1681
6,大安區,德安里,2014,市長,李宏信,無黨籍及未經政黨推薦,8,3082,0.2596
6,大安區,德安里,2014,市長,陳永昌,無黨籍及未經政黨推薦,5,3082,0.1622
6,大安區,德安里,2014,市長,馮光遠,無黨籍及未經政黨推薦,23,3082,0.7463
6,大安區,德安里,2014,市長,連勝文,中國國民黨,1520,3082,49.3186
6,大安區,德安里,2014,市長,柯文哲,無黨籍及未經政黨推薦,1489,3082,48.3128
6,大安區,德安里,2016,立委,陳家宏,樹黨,27,2957,0.9131
6,大安區,德安里,2016,立委,范雲,綠黨社會民主黨聯盟,1008,2957,34.0886
6,大安區,德安里,2016,立委,龎維良,無黨籍及未經政黨推薦,33,2957,1.116
6,大安區,德安里,2016,立委,趙衍慶,無黨籍及未經政黨推薦,53,2957,1.7924
6,大安區,德安里,2016,立委,林珍妤,台灣獨立黨,24,2957,0.8116
6,大安區,德安里,2016,立委,周芳如,無黨籍及未經政黨推薦,73,2957,2.4687
6,大安區,德安里,2016,立委,蔣慰慈,無黨籍及未經政黨推薦,3,2957,0.1015
6,大安區,德安里,2016,立委,鄭村棋,人民民主陣線,119,2957,4.0243
6,大安區,德安里,2016,立委,曾獻瑩,信心希望聯盟,96,2957,3.2465
6,大安區,德安里,2016,立委,蔣乃辛,中國國民黨,1388,2957,46.9395
6,大安區,德安里,2016,立委,古文發,大愛憲改聯盟,3,2957,0.1015
6,大安區,德安里,2016,立委,吳旭智,民國黨,130,2957,4.3963
6,大安區,德安里,2016,總統,朱立倫,中國國民黨,1378,3000,45.9333
6,大安區,德安里,2016,總統,蔡英文,民主進步黨,1332,3000,44.4
6,大安區,德安里,2016,總統,宋楚瑜,親民黨,290,3000,9.6667
6,大安區,德安里,2018,市長,吳蕚洋,無黨籍及未經政黨推薦,11,3010,0.3654
6,大安區,德安里,2018,市長,丁守中,中國國民黨,1483,3010,49.2691
6,大安區,德安里,2018,市長,姚文智,民主進步黨,457,3010,15.1827
6,大安區,德安里,2018,市長,柯文哲,無黨籍及未經政黨推薦,1047,3010,34.7841
6,大安區,德安里,2018,市長,李錫錕,無黨籍及未經政黨推薦,12,3010,0.3987
6,大安區,德安里,2020,立委,沈宜璇,台灣維新,25,3399,0.7355
6,大安區,德安里,2020,立委,楊攸凱,無黨籍及未經政黨推薦,17,3399,0.5001
6,大安區,德安里,2020,立委,林奕華,中國國民黨,1910,3399,56.193
6,大安區,德安里,2020,立委,蕭瑞麟,無黨籍及未經政黨推薦,12,3399,0.353
6,大安區,德安里,2020,立委,羅世晧,勞動黨,13,3399,0.3825
6,大安區,德安里,2020,立委,謝佩芬,民主進步黨,1330,3399,39.1292
6,大安區,德安里,2020,立委,黃典本,無黨籍及未經政黨推薦,1,3399,0.0294
6,大安區,德安里,2020,立委,孟藹倫,中華婦女黨,53,3399,1.5593
6,大安區,德安里,2020,立委,張余健,喜樂島聯盟,17,3399,0.5001
6,大安區,德安里,2020,立委,葉日勤,台灣基進,21,3399,0.6178
6,大安區,德安里,2020,總統,宋楚瑜,親民黨,128,3456,3.7037
6,大安區,德安里,2020,總統,韓國瑜,中國國民黨,1788,3456,51.7361
6,大安區,德安里,2020,總統,蔡英文,民主進步黨,1540,3456,44.5602
6,大安區,德安里,2022,市長,張家豪,台灣動物保護黨,6,2746,0.2185
6,大安區,德安里,2022,市長,王文娟,無黨籍及未經政黨推薦,0,2746,0.0
6,大安區,德安里,2022,市長,鄭匡宇,無黨籍及未經政黨推薦,0,2746,0.0
6,大安區,德安里,2022,市長,黃聖峰,台澎黨,0,2746,0.0
6,大安區,德安里,2022,市長,童文薰,無黨籍及未經政黨推薦,5,2746,0.1821
6,大安區,德安里,2022,市長,蔣萬安,中國國民黨,1373,2746,50.0
6,大安區,德安里,2022,市長,蘇煥智,台灣維新,1,2746,0.0364
6,大安區,德安里,2022,市長,黃珊珊,無黨籍及未經政黨推薦,551,2746,20.0655
6,大安區,德安里,2022,市長,施奉先,無黨籍及未經政黨推薦,0,2746,0.0
6,大安區,德安里,2022,市長,唐新民,共和黨,1,2746,0.0364
6,大安區,德安里,2022,市長,謝立康,無黨籍及未經政黨推薦,0,2746,0.0
6,大安區,德安里,2022,市長,陳時中,民主進步黨,809,2746,29.461
6,大安區,德安里,2024,立委,張雪卿,制度救世島,21,3125,0.672
6,大安區,德安里,2024,立委,苗博雅,社會民主黨,1274,3125,40.768
6,大安區,德安里,2024,立委,崔建章,臺灣雙語無法黨,32,3125,1.024
6,大安區,德安里,2024,立委,羅智強,中國國民黨,1783,3125,57.056
6,大安區,德安里,2024,立委,朱翊銘,台灣維新,15,3125,0.48
6,大安區,德安里,2024,總統,柯文哲,台灣民眾黨,606,3207,18.8962
6,大安區,德安里,2024,總統,賴清德,民主進步黨,1103,3207,34.3935
6,大安區,德安里,2024,總統,侯友宜,中國國民黨,1498,3207,46.7103
6,大安區,敦安里,2014,市長,陳汝斌,三等國民公義人權自救黨,1,3340,0.0299
6,大安區,敦安里,2014,市長,趙衍慶,無黨籍及未經政黨推薦,27,3340,0.8084
6,大安區,敦安里,2014,市長,李宏信,無黨籍及未經政黨推薦,5,3340,0.1497
6,大安區,敦安里,2014,市長,陳永昌,無黨籍及未經政黨推薦,2,3340,0.0599
6,大安區,敦安里,2014,市長,馮光遠,無黨籍及未經政黨推薦,14,3340,0.4192
6,大安區,敦安里,2014,市長,連勝文,中國國民黨,1444,3340,43.2335
6,大安區,敦安里,2014,市長,柯文哲,無黨籍及未經政黨推薦,1847,3340,55.2994
6,大安區,敦安里,2016,立委,陳家宏,樹黨,52,3245,1.6025
6,大安區,敦安里,2016,立委,范雲,綠黨社會民主黨聯盟,1268,3245,39.0755
6,大安區,敦安里,2016,立委,龎維良,無黨籍及未經政黨推薦,51,3245,1.5716
6,大安區,敦安里,2016,立委,趙衍慶,無黨籍及未經政黨推薦,57,3245,1.7565
6,大安區,敦安里,2016,立委,林珍妤,台灣獨立黨,24,3245,0.7396
6,大安區,敦安里,2016,立委,周芳如,無黨籍及未經政黨推薦,88,3245,2.7119
6,大安區,敦安里,2016,立委,蔣慰慈,無黨籍及未經政黨推薦,7,3245,0.2157
6,大安區,敦安里,2016,立委,鄭村棋,人民民主陣線,115,3245,3.5439
6,大安區,敦安里,2016,立委,曾獻瑩,信心希望聯盟,98,3245,3.02
6,大安區,敦安里,2016,立委,蔣乃辛,中國國民黨,1368,3245,42.1572
6,大安區,敦安里,2016,立委,古文發,大愛憲改聯盟,3,3245,0.0924
6,大安區,敦安里,2016,立委,吳旭智,民國黨,114,3245,3.5131
6,大安區,敦安里,2016,總統,朱立倫,中國國民黨,1319,3288,40.1156
6,大安區,敦安里,2016,總統,蔡英文,民主進步黨,1688,3288,51.3382
6,大安區,敦安里,2016,總統,宋楚瑜,親民黨,281,3288,8.5462
6,大安區,敦安里,2018,市長,吳蕚洋,無黨籍及未經政黨推薦,10,3273,0.3055
6,大安區,敦安里,2018,市長,丁守中,中國國民黨,1414,3273,43.202
6,大安區,敦安里,2018,市長,姚文智,民主進步黨,586,3273,17.9041
6,大安區,敦安里,2018,市長,柯文哲,無黨籍及未經政黨推薦,1252,3273,38.2524
6,大安區,敦安里,2018,市長,李錫錕,無黨籍及未經政黨推薦,11,3273,0.3361
6,大安區,敦安里,2020,立委,沈宜璇,台灣維新,24,3737,0.6422
6,大安區,敦安里,2020,立委,楊攸凱,無黨籍及未經政黨推薦,17,3737,0.4549
6,大安區,敦安里,2020,立委,林奕華,中國國民黨,1876,3737,50.2007
6,大安區,敦安里,2020,立委,蕭瑞麟,無黨籍及未經政黨推薦,14,3737,0.3746
6,大安區,敦安里,2020,立委,羅世晧,勞動黨,11,3737,0.2944
6,大安區,敦安里,2020,立委,謝佩芬,民主進步黨,1683,3737,45.0361
6,大安區,敦安里,2020,立委,黃典本,無黨籍及未經政黨推薦,3,3737,0.0803
6,大安區,敦安里,2020,立委,孟藹倫,中華婦女黨,68,3737,1.8196
6,大安區,敦安里,2020,立委,張余健,喜樂島聯盟,9,3737,0.2408
6,大安區,敦安里,2020,立委,葉日勤,台灣基進,32,3737,0.8563
6,大安區,敦安里,2020,總統,宋楚瑜,親民黨,146,3782,3.8604
6,大安區,敦安里,2020,總統,韓國瑜,中國國民黨,1694,3782,44.7911
6,大安區,敦安里,2020,總統,蔡英文,民主進步黨,1942,3782,51.3485
6,大安區,敦安里,2022,市長,張家豪,台灣動物保護黨,9,3020,0.298
6,大安區,敦安里,2022,市長,王文娟,無黨籍及未經政黨推薦,0,3020,0.0
6,大安區,敦安里,2022,市長,鄭匡宇,無黨籍及未經政黨推薦,0,3020,0.0
6,大安區,敦安里,2022,市長,黃聖峰,台澎黨,1,3020,0.0331
6,大安區,敦安里,2022,市長,童文薰,無黨籍及未經政黨推薦,7,3020,0.2318
6,大安區,敦安里,2022,市長,蔣萬安,中國國民黨,1339,3020,44.3377
6,大安區,敦安里,2022,市長,蘇煥智,台灣維新,2,3020,0.0662
6,大安區,敦安里,2022,市長,黃珊珊,無黨籍及未經政黨推薦,673,3020,22.2848
6,大安區,敦安里,2022,市長,施奉先,無黨籍及未經政黨推薦,1,3020,0.0331
6,大安區,敦安里,2022,市長,唐新民,共和黨,0,3020,0.0
6,大安區,敦安里,2022,市長,謝立康,無黨籍及未經政黨推薦,0,3020,0.0
6,大安區,敦安里,2022,市長,陳時中,民主進步黨,988,3020,32.7152
6,大安區,敦安里,2024,立委,張雪卿,制度救世島,21,3396,0.6184
6,大安區,敦安里,2024,立委,苗博雅,社會民主黨,1600,3396,47.1143
6,大安區,敦安里,2024,立委,崔建章,臺灣雙語無法黨,40,3396,1.1779
6,大安區,敦安里,2024,立委,羅智強,中國國民黨,1725,3396,50.7951
6,大安區,敦安里,2024,立委,朱翊銘,台灣維新,10,3396,0.2945
6,大安區,敦安里,2024,總統,柯文哲,台灣民眾黨,662,3479,19.0285
6,大安區,敦安里,2024,總統,賴清德,民主進步黨,1362,3479,39.1492
6,大安區,敦安里,2024,總統,侯友宜,中國國民黨,1455,3479,41.8224
6,大安區,敦煌里,2014,市長,陳汝斌,三等國民公義人權自救黨,2,3393,0.0589
6,大安區,敦煌里,2014,市長,趙衍慶,無黨籍及未經政黨推薦,37,3393,1.0905
6,大安區,敦煌里,2014,市長,李宏信,無黨籍及未經政黨推薦,8,3393,0.2358
6,大安區,敦煌里,2014,市長,陳永昌,無黨籍及未經政黨推薦,1,3393,0.0295
6,大安區,敦煌里,2014,市長,馮光遠,無黨籍及未經政黨推薦,18,3393,0.5305
6,大安區,敦煌里,2014,市長,連勝文,中國國民黨,1475,3393,43.4719
6,大安區,敦煌里,2014,市長,柯文哲,無黨籍及未經政黨推薦,1852,3393,54.583
6,大安區,敦煌里,2016,立委,陳家宏,樹黨,40,3302,1.2114
6,大安區,敦煌里,2016,立委,范雲,綠黨社會民主黨聯盟,1256,3302,38.0376
6,大安區,敦煌里,2016,立委,龎維良,無黨籍及未經政黨推薦,47,3302,1.4234
6,大安區,敦煌里,2016,立委,趙衍慶,無黨籍及未經政黨推薦,81,3302,2.4531
6,大安區,敦煌里,2016,立委,林珍妤,台灣獨立黨,24,3302,0.7268
6,大安區,敦煌里,2016,立委,周芳如,無黨籍及未經政黨推薦,82,3302,2.4833
6,大安區,敦煌里,2016,立委,蔣慰慈,無黨籍及未經政黨推薦,4,3302,0.1211
6,大安區,敦煌里,2016,立委,鄭村棋,人民民主陣線,101,3302,3.0588
6,大安區,敦煌里,2016,立委,曾獻瑩,信心希望聯盟,83,3302,2.5136
6,大安區,敦煌里,2016,立委,蔣乃辛,中國國民黨,1456,3302,44.0945
6,大安區,敦煌里,2016,立委,古文發,大愛憲改聯盟,8,3302,0.2423
6,大安區,敦煌里,2016,立委,吳旭智,民國黨,120,3302,3.6342
6,大安區,敦煌里,2016,總統,朱立倫,中國國民黨,1400,3357,41.7039
6,大安區,敦煌里,2016,總統,蔡英文,民主進步黨,1633,3357,48.6446
6,大安區,敦煌里,2016,總統,宋楚瑜,親民黨,324,3357,9.6515
6,大安區,敦煌里,2018,市長,吳蕚洋,無黨籍及未經政黨推薦,9,3189,0.2822
6,大安區,敦煌里,2018,市長,丁守中,中國國民黨,1400,3189,43.9009
6,大安區,敦煌里,2018,市長,姚文智,民主進步黨,530,3189,16.6196
6,大安區,敦煌里,2018,市長,柯文哲,無黨籍及未經政黨推薦,1244,3189,39.0091
6,大安區,敦煌里,2018,市長,李錫錕,無黨籍及未經政黨推薦,6,3189,0.1881
6,大安區,敦煌里,2020,立委,沈宜璇,台灣維新,20,3586,0.5577
6,大安區,敦煌里,2020,立委,楊攸凱,無黨籍及未經政黨推薦,8,3586,0.2231
6,大安區,敦煌里,2020,立委,林奕華,中國國民黨,1805,3586,50.3346
6,大安區,敦煌里,2020,立委,蕭瑞麟,無黨籍及未經政黨推薦,12,3586,0.3346
6,大安區,敦煌里,2020,立委,羅世晧,勞動黨,15,3586,0.4183
6,大安區,敦煌里,2020,立委,謝佩芬,民主進步黨,1643,3586,45.8171
6,大安區,敦煌里,2020,立委,黃典本,無黨籍及未經政黨推薦,5,3586,0.1394
6,大安區,敦煌里,2020,立委,孟藹倫,中華婦女黨,42,3586,1.1712
6,大安區,敦煌里,2020,立委,張余健,喜樂島聯盟,9,3586,0.251
6,大安區,敦煌里,2020,立委,葉日勤,台灣基進,27,3586,0.7529
6,大安區,敦煌里,2020,總統,宋楚瑜,親民黨,157,3681,4.2651
6,大安區,敦煌里,2020,總統,韓國瑜,中國國民黨,1629,3681,44.2543
6,大安區,敦煌里,2020,總統,蔡英文,民主進步黨,1895,3681,51.4806
6,大安區,敦煌里,2022,市長,張家豪,台灣動物保護黨,5,2969,0.1684
6,大安區,敦煌里,2022,市長,王文娟,無黨籍及未經政黨推薦,0,2969,0.0
6,大安區,敦煌里,2022,市長,鄭匡宇,無黨籍及未經政黨推薦,1,2969,0.0337
6,大安區,敦煌里,2022,市長,黃聖峰,台澎黨,0,2969,0.0
6,大安區,敦煌里,2022,市長,童文薰,無黨籍及未經政黨推薦,2,2969,0.0674
6,大安區,敦煌里,2022,市長,蔣萬安,中國國民黨,1333,2969,44.8973
6,大安區,敦煌里,2022,市長,蘇煥智,台灣維新,3,2969,0.101
6,大安區,敦煌里,2022,市長,黃珊珊,無黨籍及未經政黨推薦,674,2969,22.7012
6,大安區,敦煌里,2022,市長,施奉先,無黨籍及未經政黨推薦,1,2969,0.0337
6,大安區,敦煌里,2022,市長,唐新民,共和黨,0,2969,0.0
6,大安區,敦煌里,2022,市長,謝立康,無黨籍及未經政黨推薦,0,2969,0.0
6,大安區,敦煌里,2022,市長,陳時中,民主進步黨,950,2969,31.9973
6,大安區,敦煌里,2024,立委,張雪卿,制度救世島,24,3378,0.7105
6,大安區,敦煌里,2024,立委,苗博雅,社會民主黨,1587,3378,46.9805
6,大安區,敦煌里,2024,立委,崔建章,臺灣雙語無法黨,45,3378,1.3321
6,大安區,敦煌里,2024,立委,羅智強,中國國民黨,1714,3378,50.7401
6,大安區,敦煌里,2024,立委,朱翊銘,台灣維新,8,3378,0.2368
6,大安區,敦煌里,2024,總統,柯文哲,台灣民眾黨,692,3493,19.8111
6,大安區,敦煌里,2024,總統,賴清德,民主進步黨,1387,3493,39.708
6,大安區,敦煌里,2024,總統,侯友宜,中國國民黨,1414,3493,40.481
6,大安區,新龍里,2014,市長,陳汝斌,三等國民公義人權自救黨,2,3878,0.0516
6,大安區,新龍里,2014,市長,趙衍慶,無黨籍及未經政黨推薦,50,3878,1.2893
6,大安區,新龍里,2014,市長,李宏信,無黨籍及未經政黨推薦,15,3878,0.3868
6,大安區,新龍里,2014,市長,陳永昌,無黨籍及未經政黨推薦,2,3878,0.0516
6,大安區,新龍里,2014,市長,馮光遠,無黨籍及未經政黨推薦,22,3878,0.5673
6,大安區,新龍里,2014,市長,連勝文,中國國民黨,2088,3878,53.8422
6,大安區,新龍里,2014,市長,柯文哲,無黨籍及未經政黨推薦,1699,3878,43.8112
6,大安區,新龍里,2016,立委,陳家宏,樹黨,37,3709,0.9976
6,大安區,新龍里,2016,立委,范雲,綠黨社會民主黨聯盟,968,3709,26.0987
6,大安區,新龍里,2016,立委,龎維良,無黨籍及未經政黨推薦,56,3709,1.5098
6,大安區,新龍里,2016,立委,趙衍慶,無黨籍及未經政黨推薦,78,3709,2.103
6,大安區,新龍里,2016,立委,林珍妤,台灣獨立黨,22,3709,0.5932
6,大安區,新龍里,2016,立委,周芳如,無黨籍及未經政黨推薦,66,3709,1.7795
6,大安區,新龍里,2016,立委,蔣慰慈,無黨籍及未經政黨推薦,5,3709,0.1348
6,大安區,新龍里,2016,立委,鄭村棋,人民民主陣線,101,3709,2.7231
6,大安區,新龍里,2016,立委,曾獻瑩,信心希望聯盟,152,3709,4.0981
6,大安區,新龍里,2016,立委,蔣乃辛,中國國民黨,1978,3709,53.3297
6,大安區,新龍里,2016,立委,古文發,大愛憲改聯盟,5,3709,0.1348
6,大安區,新龍里,2016,立委,吳旭智,民國黨,241,3709,6.4977
6,大安區,新龍里,2016,總統,朱立倫,中國國民黨,1968,3754,52.4241
6,大安區,新龍里,2016,總統,蔡英文,民主進步黨,1375,3754,36.6276
6,大安區,新龍里,2016,總統,宋楚瑜,親民黨,411,3754,10.9483
6,大安區,新龍里,2018,市長,吳蕚洋,無黨籍及未經政黨推薦,12,3798,0.316
6,大安區,新龍里,2018,市長,丁守中,中國國民黨,2033,3798,53.5282
6,大安區,新龍里,2018,市長,姚文智,民主進步黨,320,3798,8.4255
6,大安區,新龍里,2018,市長,柯文哲,無黨籍及未經政黨推薦,1416,3798,37.2828
6,大安區,新龍里,2018,市長,李錫錕,無黨籍及未經政黨推薦,17,3798,0.4476
6,大安區,新龍里,2020,立委,沈宜璇,台灣維新,31,4239,0.7313
6,大安區,新龍里,2020,立委,楊攸凱,無黨籍及未經政黨推薦,25,4239,0.5898
6,大安區,新龍里,2020,立委,林奕華,中國國民黨,2634,4239,62.1373
6,大安區,新龍里,2020,立委,蕭瑞麟,無黨籍及未經政黨推薦,13,4239,0.3067
6,大安區,新龍里,2020,立委,羅世晧,勞動黨,25,4239,0.5898
6,大安區,新龍里,2020,立委,謝佩芬,民主進步黨,1334,4239,31.4697
6,大安區,新龍里,2020,立委,黃典本,無黨籍及未經政黨推薦,4,4239,0.0944
6,大安區,新龍里,2020,立委,孟藹倫,中華婦女黨,129,4239,3.0432
6,大安區,新龍里,2020,立委,張余健,喜樂島聯盟,5,4239,0.118
6,大安區,新龍里,2020,立委,葉日勤,台灣基進,39,4239,0.92
6,大安區,新龍里,2020,總統,宋楚瑜,親民黨,194,4308,4.5032
6,大安區,新龍里,2020,總統,韓國瑜,中國國民黨,2423,4308,56.2442
6,大安區,新龍里,2020,總統,蔡英文,民主進步黨,1691,4308,39.2526
6,大安區,新龍里,2022,市長,張家豪,台灣動物保護黨,3,3677,0.0816
6,大安區,新龍里,2022,市長,王文娟,無黨籍及未經政黨推薦,0,3677,0.0
6,大安區,新龍里,2022,市長,鄭匡宇,無黨籍及未經政黨推薦,1,3677,0.0272
6,大安區,新龍里,2022,市長,黃聖峰,台澎黨,0,3677,0.0
6,大安區,新龍里,2022,市長,童文薰,無黨籍及未經政黨推薦,3,3677,0.0816
6,大安區,新龍里,2022,市長,蔣萬安,中國國民黨,1931,3677,52.5156
6,大安區,新龍里,2022,市長,蘇煥智,台灣維新,7,3677,0.1904
6,大安區,新龍里,2022,市長,黃珊珊,無黨籍及未經政黨推薦,962,3677,26.1626
6,大安區,新龍里,2022,市長,施奉先,無黨籍及未經政黨推薦,0,3677,0.0
6,大安區,新龍里,2022,市長,唐新民,共和黨,1,3677,0.0272
6,大安區,新龍里,2022,市長,謝立康,無黨籍及未經政黨推薦,0,3677,0.0
6,大安區,新龍里,2022,市長,陳時中,民主進步黨,769,3677,20.9138
6,大安區,新龍里,2024,立委,張雪卿,制度救世島,16,4054,0.3947
6,大安區,新龍里,2024,立委,苗博雅,社會民主黨,1473,4054,36.3345
6,大安區,新龍里,2024,立委,崔建章,臺灣雙語無法黨,55,4054,1.3567
6,大安區,新龍里,2024,立委,羅智強,中國國民黨,2496,4054,61.5688
6,大安區,新龍里,2024,立委,朱翊銘,台灣維新,14,4054,0.3453
6,大安區,新龍里,2024,總統,柯文哲,台灣民眾黨,962,4174,23.0474
6,大安區,新龍里,2024,總統,賴清德,民主進步黨,1137,4174,27.2401
6,大安區,新龍里,2024,總統,侯友宜,中國國民黨,2075,4174,49.7125
6,大安區,昌隆里,2014,市長,陳汝斌,三等國民公義人權自救黨,1,1787,0.056
6,大安區,昌隆里,2014,市長,趙衍慶,無黨籍及未經政黨推薦,25,1787,1.399
6,大安區,昌隆里,2014,市長,李宏信,無黨籍及未經政黨推薦,2,1787,0.1119
6,大安區,昌隆里,2014,市長,陳永昌,無黨籍及未經政黨推薦,0,1787,0.0
6,大安區,昌隆里,2014,市長,馮光遠,無黨籍及未經政黨推薦,5,1787,0.2798
6,大安區,昌隆里,2014,市長,連勝文,中國國民黨,715,1787,40.0112
6,大安區,昌隆里,2014,市長,柯文哲,無黨籍及未經政黨推薦,1039,1787,58.1421
6,大安區,昌隆里,2016,立委,陳家宏,樹黨,17,1742,0.9759
6,大安區,昌隆里,2016,立委,范雲,綠黨社會民主黨聯盟,705,1742,40.4707
6,大安區,昌隆里,2016,立委,龎維良,無黨籍及未經政黨推薦,13,1742,0.7463
6,大安區,昌隆里,2016,立委,趙衍慶,無黨籍及未經政黨推薦,31,1742,1.7796
6,大安區,昌隆里,2016,立委,林珍妤,台灣獨立黨,21,1742,1.2055
6,大安區,昌隆里,2016,立委,周芳如,無黨籍及未經政黨推薦,66,1742,3.7887
6,大安區,昌隆里,2016,立委,蔣慰慈,無黨籍及未經政黨推薦,1,1742,0.0574
6,大安區,昌隆里,2016,立委,鄭村棋,人民民主陣線,44,1742,2.5258
6,大安區,昌隆里,2016,立委,曾獻瑩,信心希望聯盟,35,1742,2.0092
6,大安區,昌隆里,2016,立委,蔣乃辛,中國國民黨,765,1742,43.915
6,大安區,昌隆里,2016,立委,古文發,大愛憲改聯盟,1,1742,0.0574
6,大安區,昌隆里,2016,立委,吳旭智,民國黨,43,1742,2.4684
6,大安區,昌隆里,2016,總統,朱立倫,中國國民黨,685,1772,38.6569
6,大安區,昌隆里,2016,總統,蔡英文,民主進步黨,940,1772,53.0474
6,大安區,昌隆里,2016,總統,宋楚瑜,親民黨,147,1772,8.2957
6,大安區,昌隆里,2018,市長,吳蕚洋,無黨籍及未經政黨推薦,9,1702,0.5288
6,大安區,昌隆里,2018,市長,丁守中,中國國民黨,717,1702,42.1269
6,大安區,昌隆里,2018,市長,姚文智,民主進步黨,323,1702,18.9777
6,大安區,昌隆里,2018,市長,柯文哲,無黨籍及未經政黨推薦,647,1702,38.0141
6,大安區,昌隆里,2018,市長,李錫錕,無黨籍及未經政黨推薦,6,1702,0.3525
6,大安區,昌隆里,2020,立委,沈宜璇,台灣維新,11,2008,0.5478
6,大安區,昌隆里,2020,立委,楊攸凱,無黨籍及未經政黨推薦,5,2008,0.249
6,大安區,昌隆里,2020,立委,林奕華,中國國民黨,970,2008,48.3068
6,大安區,昌隆里,2020,立委,蕭瑞麟,無黨籍及未經政黨推薦,2,2008,0.0996
6,大安區,昌隆里,2020,立委,羅世晧,勞動黨,4,2008,0.1992
6,大安區,昌隆里,2020,立委,謝佩芬,民主進步黨,967,2008,48.1574
6,大安區,昌隆里,2020,立委,黃典本,無黨籍及未經政黨推薦,1,2008,0.0498
6,大安區,昌隆里,2020,立委,孟藹倫,中華婦女黨,34,2008,1.6932
6,大安區,昌隆里,2020,立委,張余健,喜樂島聯盟,9,2008,0.4482
6,大安區,昌隆里,2020,立委,葉日勤,台灣基進,5,2008,0.249
6,大安區,昌隆里,2020,總統,宋楚瑜,親民黨,74,2032,3.6417
6,大安區,昌隆里,2020,總統,韓國瑜,中國國民黨,873,2032,42.9626
6,大安區,昌隆里,2020,總統,蔡英文,民主進步黨,1085,2032,53.3957
6,大安區,昌隆里,2022,市長,張家豪,台灣動物保護黨,0,1611,0.0
6,大安區,昌隆里,2022,市長,王文娟,無黨籍及未經政黨推薦,0,1611,0.0
6,大安區,昌隆里,2022,市長,鄭匡宇,無黨籍及未經政黨推薦,1,1611,0.0621
6,大安區,昌隆里,2022,市長,黃聖峰,台澎黨,0,1611,0.0
6,大安區,昌隆里,2022,市長,童文薰,無黨籍及未經政黨推薦,4,1611,0.2483
6,大安區,昌隆里,2022,市長,蔣萬安,中國國民黨,691,1611,42.8926
6,大安區,昌隆里,2022,市長,蘇煥智,台灣維新,0,1611,0.0
6,大安區,昌隆里,2022,市長,黃珊珊,無黨籍及未經政黨推薦,291,1611,18.0633
6,大安區,昌隆里,2022,市長,施奉先,無黨籍及未經政黨推薦,0,1611,0.0
6,大安區,昌隆里,2022,市長,唐新民,共和黨,0,1611,0.0
6,大安區,昌隆里,2022,市長,謝立康,無黨籍及未經政黨推薦,0,1611,0.0
6,大安區,昌隆里,2022,市長,陳時中,民主進步黨,624,1611,38.7337
6,大安區,昌隆里,2024,立委,張雪卿,制度救世島,5,1785,0.2801
6,大安區,昌隆里,2024,立委,苗博雅,社會民主黨,896,1785,50.1961
6,大安區,昌隆里,2024,立委,崔建章,臺灣雙語無法黨,17,1785,0.9524
6,大安區,昌隆里,2024,立委,羅智強,中國國民黨,857,1785,48.0112
6,大安區,昌隆里,2024,立委,朱翊銘,台灣維新,10,1785,0.5602
6,大安區,昌隆里,2024,總統,柯文哲,台灣民眾黨,307,1836,16.7211
6,大安區,昌隆里,2024,總統,賴清德,民主進步黨,797,1836,43.4096
6,大安區,昌隆里,2024,總統,侯友宜,中國國民黨,732,1836,39.8693
6,大安區,正聲里,2014,市長,陳汝斌,三等國民公義人權自救黨,3,2671,0.1123
6,大安區,正聲里,2014,市長,趙衍慶,無黨籍及未經政黨推薦,26,2671,0.9734
6,大安區,正聲里,2014,市長,李宏信,無黨籍及未經政黨推薦,7,2671,0.2621
6,大安區,正聲里,2014,市長,陳永昌,無黨籍及未經政黨推薦,1,2671,0.0374
6,大安區,正聲里,2014,市長,馮光遠,無黨籍及未經政黨推薦,22,2671,0.8237
6,大安區,正聲里,2014,市長,連勝文,中國國民黨,1253,2671,46.9113
6,大安區,正聲里,2014,市長,柯文哲,無黨籍及未經政黨推薦,1359,2671,50.8798
6,大安區,正聲里,2016,立委,陳家宏,樹黨,37,2576,1.4363
6,大安區,正聲里,2016,立委,范雲,綠黨社會民主黨聯盟,914,2576,35.4814
6,大安區,正聲里,2016,立委,龎維良,無黨籍及未經政黨推薦,26,2576,1.0093
6,大安區,正聲里,2016,立委,趙衍慶,無黨籍及未經政黨推薦,54,2576,2.0963
6,大安區,正聲里,2016,立委,林珍妤,台灣獨立黨,24,2576,0.9317
6,大安區,正聲里,2016,立委,周芳如,無黨籍及未經政黨推薦,72,2576,2.795
6,大安區,正聲里,2016,立委,蔣慰慈,無黨籍及未經政黨推薦,5,2576,0.1941
6,大安區,正聲里,2016,立委,鄭村棋,人民民主陣線,101,2576,3.9208
6,大安區,正聲里,2016,立委,曾獻瑩,信心希望聯盟,74,2576,2.8727
6,大安區,正聲里,2016,立委,蔣乃辛,中國國民黨,1203,2576,46.7003
6,大安區,正聲里,2016,立委,古文發,大愛憲改聯盟,3,2576,0.1165
6,大安區,正聲里,2016,立委,吳旭智,民國黨,63,2576,2.4457
6,大安區,正聲里,2016,總統,朱立倫,中國國民黨,1171,2615,44.7801
6,大安區,正聲里,2016,總統,蔡英文,民主進步黨,1210,2615,46.2715
6,大安區,正聲里,2016,總統,宋楚瑜,親民黨,234,2615,8.9484
6,大安區,正聲里,2018,市長,吳蕚洋,無黨籍及未經政黨推薦,5,2457,0.2035
6,大安區,正聲里,2018,市長,丁守中,中國國民黨,1136,2457,46.2352
6,大安區,正聲里,2018,市長,姚文智,民主進步黨,336,2457,13.6752
6,大安區,正聲里,2018,市長,柯文哲,無黨籍及未經政黨推薦,972,2457,39.5604
6,大安區,正聲里,2018,市長,李錫錕,無黨籍及未經政黨推薦,8,2457,0.3256
6,大安區,正聲里,2020,立委,沈宜璇,台灣維新,18,2789,0.6454
6,大安區,正聲里,2020,立委,楊攸凱,無黨籍及未經政黨推薦,21,2789,0.753
6,大安區,正聲里,2020,立委,林奕華,中國國民黨,1541,2789,55.2528
6,大安區,正聲里,2020,立委,蕭瑞麟,無黨籍及未經政黨推薦,8,2789,0.2868
6,大安區,正聲里,2020,立委,羅世晧,勞動黨,14,2789,0.502
6,大安區,正聲里,2020,立委,謝佩芬,民主進步黨,1107,2789,39.6916
6,大安區,正聲里,2020,立委,黃典本,無黨籍及未經政黨推薦,8,2789,0.2868
6,大安區,正聲里,2020,立委,孟藹倫,中華婦女黨,46,2789,1.6493
6,大安區,正聲里,2020,立委,張余健,喜樂島聯盟,4,2789,0.1434
6,大安區,正聲里,2020,立委,葉日勤,台灣基進,22,2789,0.7888
6,大安區,正聲里,2020,總統,宋楚瑜,親民黨,125,2849,4.3875
6,大安區,正聲里,2020,總統,韓國瑜,中國國民黨,1394,2849,48.9294
6,大安區,正聲里,2020,總統,蔡英文,民主進步黨,1330,2849,46.683
6,大安區,正聲里,2022,市長,張家豪,台灣動物保護黨,3,2326,0.129
6,大安區,正聲里,2022,市長,王文娟,無黨籍及未經政黨推薦,0,2326,0.0
6,大安區,正聲里,2022,市長,鄭匡宇,無黨籍及未經政黨推薦,0,2326,0.0
6,大安區,正聲里,2022,市長,黃聖峰,台澎黨,0,2326,0.0
6,大安區,正聲里,2022,市長,童文薰,無黨籍及未經政黨推薦,4,2326,0.172
6,大安區,正聲里,2022,市長,蔣萬安,中國國民黨,1092,2326,46.9475
6,大安區,正聲里,2022,市長,蘇煥智,台灣維新,5,2326,0.215
6,大安區,正聲里,2022,市長,黃珊珊,無黨籍及未經政黨推薦,530,2326,22.7859
6,大安區,正聲里,2022,市長,施奉先,無黨籍及未經政黨推薦,0,2326,0.0
6,大安區,正聲里,2022,市長,唐新民,共和黨,1,2326,0.043
6,大安區,正聲里,2022,市長,謝立康,無黨籍及未經政黨推薦,0,2326,0.0
6,大安區,正聲里,2022,市長,陳時中,民主進步黨,691,2326,29.7077
6,大安區,正聲里,2024,立委,張雪卿,制度救世島,16,2540,0.6299
6,大安區,正聲里,2024,立委,苗博雅,社會民主黨,1089,2540,42.874
6,大安區,正聲里,2024,立委,崔建章,臺灣雙語無法黨,28,2540,1.1024
6,大安區,正聲里,2024,立委,羅智強,中國國民黨,1396,2540,54.9606
6,大安區,正聲里,2024,立委,朱翊銘,台灣維新,11,2540,0.4331
6,大安區,正聲里,2024,總統,柯文哲,台灣民眾黨,530,2628,20.1674
6,大安區,正聲里,2024,總統,賴清德,民主進步黨,919,2628,34.9696
6,大安區,正聲里,2024,總統,侯友宜,中國國民黨,1179,2628,44.863
6,大安區,民炤里,2014,市長,陳汝斌,三等國民公義人權自救黨,5,4458,0.1122
6,大安區,民炤里,2014,市長,趙衍慶,無黨籍及未經政黨推薦,36,4458,0.8075
6,大安區,民炤里,2014,市長,李宏信,無黨籍及未經政黨推薦,18,4458,0.4038
6,大安區,民炤里,2014,市長,陳永昌,無黨籍及未經政黨推薦,5,4458,0.1122
6,大安區,民炤里,2014,市長,馮光遠,無黨籍及未經政黨推薦,27,4458,0.6057
6,大安區,民炤里,2014,市長,連勝文,中國國民黨,1800,4458,40.3769
6,大安區,民炤里,2014,市長,柯文哲,無黨籍及未經政黨推薦,2567,4458,57.5819
6,大安區,民炤里,2016,立委,陳家宏,樹黨,48,4309,1.1139
6,大安區,民炤里,2016,立委,范雲,綠黨社會民主黨聯盟,1748,4309,40.5663
6,大安區,民炤里,2016,立委,龎維良,無黨籍及未經政黨推薦,61,4309,1.4156
6,大安區,民炤里,2016,立委,趙衍慶,無黨籍及未經政黨推薦,81,4309,1.8798
6,大安區,民炤里,2016,立委,林珍妤,台灣獨立黨,28,4309,0.6498
6,大安區,民炤里,2016,立委,周芳如,無黨籍及未經政黨推薦,109,4309,2.5296
6,大安區,民炤里,2016,立委,蔣慰慈,無黨籍及未經政黨推薦,8,4309,0.1857
6,大安區,民炤里,2016,立委,鄭村棋,人民民主陣線,130,4309,3.0169
6,大安區,民炤里,2016,立委,曾獻瑩,信心希望聯盟,127,4309,2.9473
6,大安區,民炤里,2016,立委,蔣乃辛,中國國民黨,1805,4309,41.8891
6,大安區,民炤里,2016,立委,古文發,大愛憲改聯盟,9,4309,0.2089
6,大安區,民炤里,2016,立委,吳旭智,民國黨,155,4309,3.5971
6,大安區,民炤里,2016,總統,朱立倫,中國國民黨,1684,4333,38.8645
6,大安區,民炤里,2016,總統,蔡英文,民主進步黨,2249,4333,51.904
6,大安區,民炤里,2016,總統,宋楚瑜,親民黨,400,4333,9.2315
6,大安區,民炤里,2018,市長,吳蕚洋,無黨籍及未經政黨推薦,16,4151,0.3854
6,大安區,民炤里,2018,市長,丁守中,中國國民黨,1732,4151,41.7249
6,大安區,民炤里,2018,市長,姚文智,民主進步黨,741,4151,17.8511
6,大安區,民炤里,2018,市長,柯文哲,無黨籍及未經政黨推薦,1646,4151,39.6531
6,大安區,民炤里,2018,市長,李錫錕,無黨籍及未經政黨推薦,16,4151,0.3854
6,大安區,民炤里,2020,立委,沈宜璇,台灣維新,36,4798,0.7503
6,大安區,民炤里,2020,立委,楊攸凱,無黨籍及未經政黨推薦,20,4798,0.4168
6,大安區,民炤里,2020,立委,林奕華,中國國民黨,2293,4798,47.7907
6,大安區,民炤里,2020,立委,蕭瑞麟,無黨籍及未經政黨推薦,21,4798,0.4377
6,大安區,民炤里,2020,立委,羅世晧,勞動黨,13,4798,0.2709
6,大安區,民炤里,2020,立委,謝佩芬,民主進步黨,2259,4798,47.0821
6,大安區,民炤里,2020,立委,黃典本,無黨籍及未經政黨推薦,4,4798,0.0834
6,大安區,民炤里,2020,立委,孟藹倫,中華婦女黨,94,4798,1.9591
6,大安區,民炤里,2020,立委,張余健,喜樂島聯盟,13,4798,0.2709
6,大安區,民炤里,2020,立委,葉日勤,台灣基進,45,4798,0.9379
6,大安區,民炤里,2020,總統,宋楚瑜,親民黨,196,4863,4.0304
6,大安區,民炤里,2020,總統,韓國瑜,中國國民黨,2106,4863,43.3066
6,大安區,民炤里,2020,總統,蔡英文,民主進步黨,2561,4863,52.663
6,大安區,民炤里,2022,市長,張家豪,台灣動物保護黨,11,4070,0.2703
6,大安區,民炤里,2022,市長,王文娟,無黨籍及未經政黨推薦,0,4070,0.0
6,大安區,民炤里,2022,市長,鄭匡宇,無黨籍及未經政黨推薦,1,4070,0.0246
6,大安區,民炤里,2022,市長,黃聖峰,台澎黨,0,4070,0.0
6,大安區,民炤里,2022,市長,童文薰,無黨籍及未經政黨推薦,3,4070,0.0737
6,大安區,民炤里,2022,市長,蔣萬安,中國國民黨,1725,4070,42.3833
6,大安區,民炤里,2022,市長,蘇煥智,台灣維新,4,4070,0.0983
6,大安區,民炤里,2022,市長,黃珊珊,無黨籍及未經政黨推薦,919,4070,22.5799
6,大安區,民炤里,2022,市長,施奉先,無黨籍及未經政黨推薦,1,4070,0.0246
6,大安區,民炤里,2022,市長,唐新民,共和黨,1,4070,0.0246
6,大安區,民炤里,2022,市長,謝立康,無黨籍及未經政黨推薦,0,4070,0.0
6,大安區,民炤里,2022,市長,陳時中,民主進步黨,1405,4070,34.5209
6,大安區,民炤里,2024,立委,張雪卿,制度救世島,18,4539,0.3966
6,大安區,民炤里,2024,立委,苗博雅,社會民主黨,2223,4539,48.9755
6,大安區,民炤里,2024,立委,崔建章,臺灣雙語無法黨,74,4539,1.6303
6,大安區,民炤里,2024,立委,羅智強,中國國民黨,2201,4539,48.4909
6,大安區,民炤里,2024,立委,朱翊銘,台灣維新,23,4539,0.5067
6,大安區,民炤里,2024,總統,柯文哲,台灣民眾黨,913,4649,19.6386
6,大安區,民炤里,2024,總統,賴清德,民主進步黨,1951,4649,41.966
6,大安區,民炤里,2024,總統,侯友宜,中國國民黨,1785,4649,38.3954
6,大安區,民輝里,2014,市長,陳汝斌,三等國民公義人權自救黨,5,3883,0.1288
6,大安區,民輝里,2014,市長,趙衍慶,無黨籍及未經政黨推薦,40,3883,1.0301
6,大安區,民輝里,2014,市長,李宏信,無黨籍及未經政黨推薦,7,3883,0.1803
6,大安區,民輝里,2014,市長,陳永昌,無黨籍及未經政黨推薦,8,3883,0.206
6,大安區,民輝里,2014,市長,馮光遠,無黨籍及未經政黨推薦,23,3883,0.5923
6,大安區,民輝里,2014,市長,連勝文,中國國民黨,1620,3883,41.7203
6,大安區,民輝里,2014,市長,柯文哲,無黨籍及未經政黨推薦,2180,3883,56.1422
6,大安區,民輝里,2016,立委,陳家宏,樹黨,37,3735,0.9906
6,大安區,民輝里,2016,立委,范雲,綠黨社會民主黨聯盟,1521,3735,40.7229
6,大安區,民輝里,2016,立委,龎維良,無黨籍及未經政黨推薦,40,3735,1.071
6,大安區,民輝里,2016,立委,趙衍慶,無黨籍及未經政黨推薦,75,3735,2.008
6,大安區,民輝里,2016,立委,林珍妤,台灣獨立黨,31,3735,0.83
6,大安區,民輝里,2016,立委,周芳如,無黨籍及未經政黨推薦,105,3735,2.8112
6,大安區,民輝里,2016,立委,蔣慰慈,無黨籍及未經政黨推薦,7,3735,0.1874
6,大安區,民輝里,2016,立委,鄭村棋,人民民主陣線,100,3735,2.6774
6,大安區,民輝里,2016,立委,曾獻瑩,信心希望聯盟,132,3735,3.5341
6,大安區,民輝里,2016,立委,蔣乃辛,中國國民黨,1572,3735,42.0884
6,大安區,民輝里,2016,立委,古文發,大愛憲改聯盟,0,3735,0.0
6,大安區,民輝里,2016,立委,吳旭智,民國黨,115,3735,3.079
6,大安區,民輝里,2016,總統,朱立倫,中國國民黨,1483,3834,38.6802
6,大安區,民輝里,2016,總統,蔡英文,民主進步黨,1939,3834,50.5738
6,大安區,民輝里,2016,總統,宋楚瑜,親民黨,412,3834,10.746
6,大安區,民輝里,2018,市長,吳蕚洋,無黨籍及未經政黨推薦,16,3678,0.435
6,大安區,民輝里,2018,市長,丁守中,中國國民黨,1539,3678,41.8434
6,大安區,民輝里,2018,市長,姚文智,民主進步黨,642,3678,17.4551
6,大安區,民輝里,2018,市長,柯文哲,無黨籍及未經政黨推薦,1458,3678,39.6411
6,大安區,民輝里,2018,市長,李錫錕,無黨籍及未經政黨推薦,23,3678,0.6253
6,大安區,民輝里,2020,立委,沈宜璇,台灣維新,42,4132,1.0165
6,大安區,民輝里,2020,立委,楊攸凱,無黨籍及未經政黨推薦,22,4132,0.5324
6,大安區,民輝里,2020,立委,林奕華,中國國民黨,2018,4132,48.8383
6,大安區,民輝里,2020,立委,蕭瑞麟,無黨籍及未經政黨推薦,14,4132,0.3388
6,大安區,民輝里,2020,立委,羅世晧,勞動黨,17,4132,0.4114
6,大安區,民輝里,2020,立委,謝佩芬,民主進步黨,1842,4132,44.5789
6,大安區,民輝里,2020,立委,黃典本,無黨籍及未經政黨推薦,4,4132,0.0968
6,大安區,民輝里,2020,立委,孟藹倫,中華婦女黨,120,4132,2.9042
6,大安區,民輝里,2020,立委,張余健,喜樂島聯盟,15,4132,0.363
6,大安區,民輝里,2020,立委,葉日勤,台灣基進,38,4132,0.9197
6,大安區,民輝里,2020,總統,宋楚瑜,親民黨,146,4218,3.4614
6,大安區,民輝里,2020,總統,韓國瑜,中國國民黨,1868,4218,44.2864
6,大安區,民輝里,2020,總統,蔡英文,民主進步黨,2204,4218,52.2523
6,大安區,民輝里,2022,市長,張家豪,台灣動物保護黨,3,3454,0.0869
6,大安區,民輝里,2022,市長,王文娟,無黨籍及未經政黨推薦,1,3454,0.029
6,大安區,民輝里,2022,市長,鄭匡宇,無黨籍及未經政黨推薦,1,3454,0.029
6,大安區,民輝里,2022,市長,黃聖峰,台澎黨,0,3454,0.0
6,大安區,民輝里,2022,市長,童文薰,無黨籍及未經政黨推薦,14,3454,0.4053
6,大安區,民輝里,2022,市長,蔣萬安,中國國民黨,1490,3454,43.1384
6,大安區,民輝里,2022,市長,蘇煥智,台灣維新,10,3454,0.2895
6,大安區,民輝里,2022,市長,黃珊珊,無黨籍及未經政黨推薦,786,3454,22.7562
6,大安區,民輝里,2022,市長,施奉先,無黨籍及未經政黨推薦,0,3454,0.0
6,大安區,民輝里,2022,市長,唐新民,共和黨,1,3454,0.029
6,大安區,民輝里,2022,市長,謝立康,無黨籍及未經政黨推薦,0,3454,0.0
6,大安區,民輝里,2022,市長,陳時中,民主進步黨,1148,3454,33.2368
6,大安區,民輝里,2024,立委,張雪卿,制度救世島,26,3816,0.6813
6,大安區,民輝里,2024,立委,苗博雅,社會民主黨,1819,3816,47.6677
6,大安區,民輝里,2024,立委,崔建章,臺灣雙語無法黨,60,3816,1.5723
6,大安區,民輝里,2024,立委,羅智強,中國國民黨,1897,3816,49.7117
6,大安區,民輝里,2024,立委,朱翊銘,台灣維新,14,3816,0.3669
6,大安區,民輝里,2024,總統,柯文哲,台灣民眾黨,806,3938,20.4672
6,大安區,民輝里,2024,總統,賴清德,民主進步黨,1563,3938,39.6902
6,大安區,民輝里,2024,總統,侯友宜,中國國民黨,1569,3938,39.8426
6,大安區,永康里,2014,市長,陳汝斌,三等國民公義人權自救黨,1,2047,0.0489
6,大安區,永康里,2014,市長,趙衍慶,無黨籍及未經政黨推薦,26,2047,1.2702
6,大安區,永康里,2014,市長,李宏信,無黨籍及未經政黨推薦,3,2047,0.1466
6,大安區,永康里,2014,市長,陳永昌,無黨籍及未經政黨推薦,2,2047,0.0977
6,大安區,永康里,2014,市長,馮光遠,無黨籍及未經政黨推薦,18,2047,0.8793
6,大安區,永康里,2014,市長,連勝文,中國國民黨,910,2047,44.4553
6,大安區,永康里,2014,市長,柯文哲,無黨籍及未經政黨推薦,1087,2047,53.1021
6,大安區,永康里,2016,立委,陳家宏,樹黨,23,1966,1.1699
6,大安區,永康里,2016,立委,范雲,綠黨社會民主黨聯盟,691,1966,35.1475
6,大安區,永康里,2016,立委,龎維良,無黨籍及未經政黨推薦,21,1966,1.0682
6,大安區,永康里,2016,立委,趙衍慶,無黨籍及未經政黨推薦,44,1966,2.238
6,大安區,永康里,2016,立委,林珍妤,台灣獨立黨,18,1966,0.9156
6,大安區,永康里,2016,立委,周芳如,無黨籍及未經政黨推薦,46,1966,2.3398
6,大安區,永康里,2016,立委,蔣慰慈,無黨籍及未經政黨推薦,6,1966,0.3052
6,大安區,永康里,2016,立委,鄭村棋,人民民主陣線,65,1966,3.3062
6,大安區,永康里,2016,立委,曾獻瑩,信心希望聯盟,59,1966,3.001
6,大安區,永康里,2016,立委,蔣乃辛,中國國民黨,926,1966,47.1007
6,大安區,永康里,2016,立委,古文發,大愛憲改聯盟,1,1966,0.0509
6,大安區,永康里,2016,立委,吳旭智,民國黨,66,1966,3.3571
6,大安區,永康里,2016,總統,朱立倫,中國國民黨,812,1983,40.9481
6,大安區,永康里,2016,總統,蔡英文,民主進步黨,936,1983,47.2012
6,大安區,永康里,2016,總統,宋楚瑜,親民黨,235,1983,11.8507
6,大安區,永康里,2018,市長,吳蕚洋,無黨籍及未經政黨推薦,10,1920,0.5208
6,大安區,永康里,2018,市長,丁守中,中國國民黨,835,1920,43.4896
6,大安區,永康里,2018,市長,姚文智,民主進步黨,283,1920,14.7396
6,大安區,永康里,2018,市長,柯文哲,無黨籍及未經政黨推薦,788,1920,41.0417
6,大安區,永康里,2018,市長,李錫錕,無黨籍及未經政黨推薦,4,1920,0.2083
6,大安區,永康里,2020,立委,沈宜璇,台灣維新,16,2218,0.7214
6,大安區,永康里,2020,立委,楊攸凱,無黨籍及未經政黨推薦,15,2218,0.6763
6,大安區,永康里,2020,立委,林奕華,中國國民黨,1179,2218,53.156
6,大安區,永康里,2020,立委,蕭瑞麟,無黨籍及未經政黨推薦,8,2218,0.3607
6,大安區,永康里,2020,立委,羅世晧,勞動黨,4,2218,0.1803
6,大安區,永康里,2020,立委,謝佩芬,民主進步黨,920,2218,41.4788
6,大安區,永康里,2020,立委,黃典本,無黨籍及未經政黨推薦,2,2218,0.0902
6,大安區,永康里,2020,立委,孟藹倫,中華婦女黨,43,2218,1.9387
6,大安區,永康里,2020,立委,張余健,喜樂島聯盟,9,2218,0.4058
6,大安區,永康里,2020,立委,葉日勤,台灣基進,22,2218,0.9919
6,大安區,永康里,2020,總統,宋楚瑜,親民黨,115,2257,5.0953
6,大安區,永康里,2020,總統,韓國瑜,中國國民黨,1060,2257,46.965
6,大安區,永康里,2020,總統,蔡英文,民主進步黨,1082,2257,47.9397
6,大安區,永康里,2022,市長,張家豪,台灣動物保護黨,5,1906,0.2623
6,大安區,永康里,2022,市長,王文娟,無黨籍及未經政黨推薦,0,1906,0.0
6,大安區,永康里,2022,市長,鄭匡宇,無黨籍及未經政黨推薦,0,1906,0.0
6,大安區,永康里,2022,市長,黃聖峰,台澎黨,0,1906,0.0
6,大安區,永康里,2022,市長,童文薰,無黨籍及未經政黨推薦,1,1906,0.0525
6,大安區,永康里,2022,市長,蔣萬安,中國國民黨,873,1906,45.8027
6,大安區,永康里,2022,市長,蘇煥智,台灣維新,2,1906,0.1049
6,大安區,永康里,2022,市長,黃珊珊,無黨籍及未經政黨推薦,488,1906,25.6034
6,大安區,永康里,2022,市長,施奉先,無黨籍及未經政黨推薦,0,1906,0.0
6,大安區,永康里,2022,市長,唐新民,共和黨,0,1906,0.0
6,大安區,永康里,2022,市長,謝立康,無黨籍及未經政黨推薦,0,1906,0.0
6,大安區,永康里,2022,市長,陳時中,民主進步黨,537,1906,28.1742
6,大安區,永康里,2024,立委,張雪卿,制度救世島,9,2036,0.442
6,大安區,永康里,2024,立委,苗博雅,社會民主黨,867,2036,42.5835
6,大安區,永康里,2024,立委,崔建章,臺灣雙語無法黨,23,2036,1.1297
6,大安區,永康里,2024,立委,羅智強,中國國民黨,1132,2036,55.5992
6,大安區,永康里,2024,立委,朱翊銘,台灣維新,5,2036,0.2456
6,大安區,永康里,2024,總統,柯文哲,台灣民眾黨,488,2114,23.0842
6,大安區,永康里,2024,總統,賴清德,民主進步黨,734,2114,34.7209
6,大安區,永康里,2024,總統,侯友宜,中國國民黨,892,2114,42.1949
6,大安區,法治里,2014,市長,陳汝斌,三等國民公義人權自救黨,1,2596,0.0385
6,大安區,法治里,2014,市長,趙衍慶,無黨籍及未經政黨推薦,27,2596,1.0401
6,大安區,法治里,2014,市長,李宏信,無黨籍及未經政黨推薦,3,2596,0.1156
6,大安區,法治里,2014,市長,陳永昌,無黨籍及未經政黨推薦,2,2596,0.077
6,大安區,法治里,2014,市長,馮光遠,無黨籍及未經政黨推薦,14,2596,0.5393
6,大安區,法治里,2014,市長,連勝文,中國國民黨,1261,2596,48.5747
6,大安區,法治里,2014,市長,柯文哲,無黨籍及未經政黨推薦,1288,2596,49.6148
6,大安區,法治里,2016,立委,陳家宏,樹黨,22,2487,0.8846
6,大安區,法治里,2016,立委,范雲,綠黨社會民主黨聯盟,834,2487,33.5344
6,大安區,法治里,2016,立委,龎維良,無黨籍及未經政黨推薦,40,2487,1.6084
6,大安區,法治里,2016,立委,趙衍慶,無黨籍及未經政黨推薦,61,2487,2.4528
6,大安區,法治里,2016,立委,林珍妤,台灣獨立黨,23,2487,0.9248
6,大安區,法治里,2016,立委,周芳如,無黨籍及未經政黨推薦,52,2487,2.0909
6,大安區,法治里,2016,立委,蔣慰慈,無黨籍及未經政黨推薦,5,2487,0.201
6,大安區,法治里,2016,立委,鄭村棋,人民民主陣線,57,2487,2.2919
6,大安區,法治里,2016,立委,曾獻瑩,信心希望聯盟,70,2487,2.8146
6,大安區,法治里,2016,立委,蔣乃辛,中國國民黨,1263,2487,50.7841
6,大安區,法治里,2016,立委,古文發,大愛憲改聯盟,3,2487,0.1206
6,大安區,法治里,2016,立委,吳旭智,民國黨,57,2487,2.2919
6,大安區,法治里,2016,總統,朱立倫,中國國民黨,1134,2505,45.2695
6,大安區,法治里,2016,總統,蔡英文,民主進步黨,1092,2505,43.5928
6,大安區,法治里,2016,總統,宋楚瑜,親民黨,279,2505,11.1377
6,大安區,法治里,2018,市長,吳蕚洋,無黨籍及未經政黨推薦,12,2569,0.4671
6,大安區,法治里,2018,市長,丁守中,中國國民黨,1237,2569,48.151
6,大安區,法治里,2018,市長,姚文智,民主進步黨,361,2569,14.0522
6,大安區,法治里,2018,市長,柯文哲,無黨籍及未經政黨推薦,940,2569,36.5901
6,大安區,法治里,2018,市長,李錫錕,無黨籍及未經政黨推薦,19,2569,0.7396
6,大安區,法治里,2020,立委,沈宜璇,台灣維新,25,2779,0.8996
6,大安區,法治里,2020,立委,楊攸凱,無黨籍及未經政黨推薦,21,2779,0.7557
6,大安區,法治里,2020,立委,林奕華,中國國民黨,1522,2779,54.7679
6,大安區,法治里,2020,立委,蕭瑞麟,無黨籍及未經政黨推薦,17,2779,0.6117
6,大安區,法治里,2020,立委,羅世晧,勞動黨,7,2779,0.2519
6,大安區,法治里,2020,立委,謝佩芬,民主進步黨,1087,2779,39.1148
6,大安區,法治里,2020,立委,黃典本,無黨籍及未經政黨推薦,1,2779,0.036
6,大安區,法治里,2020,立委,孟藹倫,中華婦女黨,64,2779,2.303
6,大安區,法治里,2020,立委,張余健,喜樂島聯盟,6,2779,0.2159
6,大安區,法治里,2020,立委,葉日勤,台灣基進,29,2779,1.0435
6,大安區,法治里,2020,總統,宋楚瑜,親民黨,109,2812,3.8762
6,大安區,法治里,2020,總統,韓國瑜,中國國民黨,1418,2812,50.4267
6,大安區,法治里,2020,總統,蔡英文,民主進步黨,1285,2812,45.697
6,大安區,法治里,2022,市長,張家豪,台灣動物保護黨,5,2477,0.2019
6,大安區,法治里,2022,市長,王文娟,無黨籍及未經政黨推薦,1,2477,0.0404
6,大安區,法治里,2022,市長,鄭匡宇,無黨籍及未經政黨推薦,1,2477,0.0404
6,大安區,法治里,2022,市長,黃聖峰,台澎黨,0,2477,0.0
6,大安區,法治里,2022,市長,童文薰,無黨籍及未經政黨推薦,3,2477,0.1211
6,大安區,法治里,2022,市長,蔣萬安,中國國民黨,1233,2477,49.778
6,大安區,法治里,2022,市長,蘇煥智,台灣維新,4,2477,0.1615
6,大安區,法治里,2022,市長,黃珊珊,無黨籍及未經政黨推薦,618,2477,24.9495
6,大安區,法治里,2022,市長,施奉先,無黨籍及未經政黨推薦,1,2477,0.0404
6,大安區,法治里,2022,市長,唐新民,共和黨,2,2477,0.0807
6,大安區,法治里,2022,市長,謝立康,無黨籍及未經政黨推薦,1,2477,0.0404
6,大安區,法治里,2022,市長,陳時中,民主進步黨,608,2477,24.5458
6,大安區,法治里,2024,立委,張雪卿,制度救世島,18,2694,0.6682
6,大安區,法治里,2024,立委,苗博雅,社會民主黨,1072,2694,39.7921
6,大安區,法治里,2024,立委,崔建章,臺灣雙語無法黨,33,2694,1.2249
6,大安區,法治里,2024,立委,羅智強,中國國民黨,1557,2694,57.7951
6,大安區,法治里,2024,立委,朱翊銘,台灣維新,14,2694,0.5197
6,大安區,法治里,2024,總統,柯文哲,台灣民眾黨,609,2755,22.1053
6,大安區,法治里,2024,總統,賴清德,民主進步黨,857,2755,31.1071
6,大安區,法治里,2024,總統,侯友宜,中國國民黨,1289,2755,46.7877
6,大安區,福住里,2014,市長,陳汝斌,三等國民公義人權自救黨,1,3366,0.0297
6,大安區,福住里,2014,市長,趙衍慶,無黨籍及未經政黨推薦,31,3366,0.921
6,大安區,福住里,2014,市長,李宏信,無黨籍及未經政黨推薦,9,3366,0.2674
6,大安區,福住里,2014,市長,陳永昌,無黨籍及未經政黨推薦,0,3366,0.0
6,大安區,福住里,2014,市長,馮光遠,無黨籍及未經政黨推薦,22,3366,0.6536
6,大安區,福住里,2014,市長,連勝文,中國國民黨,1416,3366,42.0677
6,大安區,福住里,2014,市長,柯文哲,無黨籍及未經政黨推薦,1887,3366,56.0606
6,大安區,福住里,2016,立委,陳家宏,樹黨,51,3265,1.562
6,大安區,福住里,2016,立委,范雲,綠黨社會民主黨聯盟,1175,3265,35.9877
6,大安區,福住里,2016,立委,龎維良,無黨籍及未經政黨推薦,52,3265,1.5926
6,大安區,福住里,2016,立委,趙衍慶,無黨籍及未經政黨推薦,60,3265,1.8377
6,大安區,福住里,2016,立委,林珍妤,台灣獨立黨,25,3265,0.7657
6,大安區,福住里,2016,立委,周芳如,無黨籍及未經政黨推薦,98,3265,3.0015
6,大安區,福住里,2016,立委,蔣慰慈,無黨籍及未經政黨推薦,4,3265,0.1225
6,大安區,福住里,2016,立委,鄭村棋,人民民主陣線,119,3265,3.6447
6,大安區,福住里,2016,立委,曾獻瑩,信心希望聯盟,106,3265,3.2466
6,大安區,福住里,2016,立委,蔣乃辛,中國國民黨,1499,3265,45.9112
6,大安區,福住里,2016,立委,古文發,大愛憲改聯盟,5,3265,0.1531
6,大安區,福住里,2016,立委,吳旭智,民國黨,71,3265,2.1746
6,大安區,福住里,2016,總統,朱立倫,中國國民黨,1317,3292,40.0061
6,大安區,福住里,2016,總統,蔡英文,民主進步黨,1609,3292,48.8761
6,大安區,福住里,2016,總統,宋楚瑜,親民黨,366,3292,11.1179
6,大安區,福住里,2018,市長,吳蕚洋,無黨籍及未經政黨推薦,15,3180,0.4717
6,大安區,福住里,2018,市長,丁守中,中國國民黨,1351,3180,42.4843
6,大安區,福住里,2018,市長,姚文智,民主進步黨,457,3180,14.3711
6,大安區,福住里,2018,市長,柯文哲,無黨籍及未經政黨推薦,1343,3180,42.2327
6,大安區,福住里,2018,市長,李錫錕,無黨籍及未經政黨推薦,14,3180,0.4403
6,大安區,福住里,2020,立委,沈宜璇,台灣維新,23,3674,0.626
6,大安區,福住里,2020,立委,楊攸凱,無黨籍及未經政黨推薦,21,3674,0.5716
6,大安區,福住里,2020,立委,林奕華,中國國民黨,1796,3674,48.8841
6,大安區,福住里,2020,立委,蕭瑞麟,無黨籍及未經政黨推薦,16,3674,0.4355
6,大安區,福住里,2020,立委,羅世晧,勞動黨,14,3674,0.3811
6,大安區,福住里,2020,立委,謝佩芬,民主進步黨,1712,3674,46.5977
6,大安區,福住里,2020,立委,黃典本,無黨籍及未經政黨推薦,5,3674,0.1361
6,大安區,福住里,2020,立委,孟藹倫,中華婦女黨,46,3674,1.252
6,大安區,福住里,2020,立委,張余健,喜樂島聯盟,9,3674,0.245
6,大安區,福住里,2020,立委,葉日勤,台灣基進,32,3674,0.871
6,大安區,福住里,2020,總統,宋楚瑜,親民黨,167,3729,4.4784
6,大安區,福住里,2020,總統,韓國瑜,中國國民黨,1587,3729,42.5583
6,大安區,福住里,2020,總統,蔡英文,民主進步黨,1975,3729,52.9633
6,大安區,福住里,2022,市長,張家豪,台灣動物保護黨,5,2993,0.1671
6,大安區,福住里,2022,市長,王文娟,無黨籍及未經政黨推薦,0,2993,0.0
6,大安區,福住里,2022,市長,鄭匡宇,無黨籍及未經政黨推薦,0,2993,0.0
6,大安區,福住里,2022,市長,黃聖峰,台澎黨,0,2993,0.0
6,大安區,福住里,2022,市長,童文薰,無黨籍及未經政黨推薦,4,2993,0.1336
6,大安區,福住里,2022,市長,蔣萬安,中國國民黨,1257,2993,41.998
6,大安區,福住里,2022,市長,蘇煥智,台灣維新,5,2993,0.1671
6,大安區,福住里,2022,市長,黃珊珊,無黨籍及未經政黨推薦,779,2993,26.0274
6,大安區,福住里,2022,市長,施奉先,無黨籍及未經政黨推薦,0,2993,0.0
6,大安區,福住里,2022,市長,唐新民,共和黨,0,2993,0.0
6,大安區,福住里,2022,市長,謝立康,無黨籍及未經政黨推薦,0,2993,0.0
6,大安區,福住里,2022,市長,陳時中,民主進步黨,943,2993,31.5068
6,大安區,福住里,2024,立委,張雪卿,制度救世島,16,3407,0.4696
6,大安區,福住里,2024,立委,苗博雅,社會民主黨,1638,3407,48.0775
6,大安區,福住里,2024,立委,崔建章,臺灣雙語無法黨,50,3407,1.4676
6,大安區,福住里,2024,立委,羅智強,中國國民黨,1690,3407,49.6038
6,大安區,福住里,2024,立委,朱翊銘,台灣維新,13,3407,0.3816
6,大安區,福住里,2024,總統,柯文哲,台灣民眾黨,771,3547,21.7367
6,大安區,福住里,2024,總統,賴清德,民主進步黨,1414,3547,39.8647
6,大安區,福住里,2024,總統,侯友宜,中國國民黨,1362,3547,38.3986
6,大安區,群英里,2014,市長,陳汝斌,三等國民公義人權自救黨,1,4207,0.0238
6,大安區,群英里,2014,市長,趙衍慶,無黨籍及未經政黨推薦,56,4207,1.3311
6,大安區,群英里,2014,市長,李宏信,無黨籍及未經政黨推薦,5,4207,0.1188
6,大安區,群英里,2014,市長,陳永昌,無黨籍及未經政黨推薦,6,4207,0.1426
6,大安區,群英里,2014,市長,馮光遠,無黨籍及未經政黨推薦,32,4207,0.7606
6,大安區,群英里,2014,市長,連勝文,中國國民黨,2529,4207,60.1141
6,大安區,群英里,2014,市長,柯文哲,無黨籍及未經政黨推薦,1578,4207,37.5089
6,大安區,群英里,2016,立委,陳家宏,樹黨,53,4080,1.299
6,大安區,群英里,2016,立委,范雲,綠黨社會民主黨聯盟,959,4080,23.5049
6,大安區,群英里,2016,立委,龎維良,無黨籍及未經政黨推薦,49,4080,1.201
6,大安區,群英里,2016,立委,趙衍慶,無黨籍及未經政黨推薦,91,4080,2.2304
6,大安區,群英里,2016,立委,林珍妤,台灣獨立黨,21,4080,0.5147
6,大安區,群英里,2016,立委,周芳如,無黨籍及未經政黨推薦,70,4080,1.7157
6,大安區,群英里,2016,立委,蔣慰慈,無黨籍及未經政黨推薦,8,4080,0.1961
6,大安區,群英里,2016,立委,鄭村棋,人民民主陣線,108,4080,2.6471
6,大安區,群英里,2016,立委,曾獻瑩,信心希望聯盟,143,4080,3.5049
6,大安區,群英里,2016,立委,蔣乃辛,中國國民黨,2434,4080,59.6569
6,大安區,群英里,2016,立委,古文發,大愛憲改聯盟,5,4080,0.1225
6,大安區,群英里,2016,立委,吳旭智,民國黨,139,4080,3.4069
6,大安區,群英里,2016,總統,朱立倫,中國國民黨,2380,4089,58.2049
6,大安區,群英里,2016,總統,蔡英文,民主進步黨,1283,4089,31.3769
6,大安區,群英里,2016,總統,宋楚瑜,親民黨,426,4089,10.4182
6,大安區,群英里,2018,市長,吳蕚洋,無黨籍及未經政黨推薦,22,4058,0.5421
6,大安區,群英里,2018,市長,丁守中,中國國民黨,2400,4058,59.1424
6,大安區,群英里,2018,市長,姚文智,民主進步黨,295,4058,7.2696
6,大安區,群英里,2018,市長,柯文哲,無黨籍及未經政黨推薦,1333,4058,32.8487
6,大安區,群英里,2018,市長,李錫錕,無黨籍及未經政黨推薦,8,4058,0.1971
6,大安區,群英里,2020,立委,沈宜璇,台灣維新,37,4470,0.8277
6,大安區,群英里,2020,立委,楊攸凱,無黨籍及未經政黨推薦,19,4470,0.4251
6,大安區,群英里,2020,立委,林奕華,中國國民黨,2960,4470,66.2192
6,大安區,群英里,2020,立委,蕭瑞麟,無黨籍及未經政黨推薦,48,4470,1.0738
6,大安區,群英里,2020,立委,羅世晧,勞動黨,8,4470,0.179
6,大安區,群英里,2020,立委,謝佩芬,民主進步黨,1219,4470,27.2707
6,大安區,群英里,2020,立委,黃典本,無黨籍及未經政黨推薦,5,4470,0.1119
6,大安區,群英里,2020,立委,孟藹倫,中華婦女黨,119,4470,2.6622
6,大安區,群英里,2020,立委,張余健,喜樂島聯盟,14,4470,0.3132
6,大安區,群英里,2020,立委,葉日勤,台灣基進,41,4470,0.9172
6,大安區,群英里,2020,總統,宋楚瑜,親民黨,220,4557,4.8277
6,大安區,群英里,2020,總統,韓國瑜,中國國民黨,2769,4557,60.7637
6,大安區,群英里,2020,總統,蔡英文,民主進步黨,1568,4557,34.4086
6,大安區,群英里,2022,市長,張家豪,台灣動物保護黨,8,3871,0.2067
6,大安區,群英里,2022,市長,王文娟,無黨籍及未經政黨推薦,0,3871,0.0
6,大安區,群英里,2022,市長,鄭匡宇,無黨籍及未經政黨推薦,0,3871,0.0
6,大安區,群英里,2022,市長,黃聖峰,台澎黨,2,3871,0.0517
6,大安區,群英里,2022,市長,童文薰,無黨籍及未經政黨推薦,12,3871,0.31
6,大安區,群英里,2022,市長,蔣萬安,中國國民黨,2307,3871,59.597
6,大安區,群英里,2022,市長,蘇煥智,台灣維新,5,3871,0.1292
6,大安區,群英里,2022,市長,黃珊珊,無黨籍及未經政黨推薦,864,3871,22.3198
6,大安區,群英里,2022,市長,施奉先,無黨籍及未經政黨推薦,0,3871,0.0
6,大安區,群英里,2022,市長,唐新民,共和黨,1,3871,0.0258
6,大安區,群英里,2022,市長,謝立康,無黨籍及未經政黨推薦,0,3871,0.0
6,大安區,群英里,2022,市長,陳時中,民主進步黨,672,3871,17.3599
6,大安區,群英里,2024,立委,張雪卿,制度救世島,20,4188,0.4776
6,大安區,群英里,2024,立委,苗博雅,社會民主黨,1295,4188,30.9217
6,大安區,群英里,2024,立委,崔建章,臺灣雙語無法黨,68,4188,1.6237
6,大安區,群英里,2024,立委,羅智強,中國國民黨,2788,4188,66.5712
6,大安區,群英里,2024,立委,朱翊銘,台灣維新,17,4188,0.4059
6,大安區,群英里,2024,總統,柯文哲,台灣民眾黨,930,4294,21.6581
6,大安區,群英里,2024,總統,賴清德,民主進步黨,978,4294,22.776
6,大安區,群英里,2024,總統,侯友宜,中國國民黨,2386,4294,55.5659
6,大安區,群賢里,2014,市長,陳汝斌,三等國民公義人權自救黨,2,3366,0.0594
6,大安區,群賢里,2014,市長,趙衍慶,無黨籍及未經政黨推薦,47,3366,1.3963
6,大安區,群賢里,2014,市長,李宏信,無黨籍及未經政黨推薦,7,3366,0.208
6,大安區,群賢里,2014,市長,陳永昌,無黨籍及未經政黨推薦,4,3366,0.1188
6,大安區,群賢里,2014,市長,馮光遠,無黨籍及未經政黨推薦,19,3366,0.5645
6,大安區,群賢里,2014,市長,連勝文,中國國民黨,1650,3366,49.0196
6,大安區,群賢里,2014,市長,柯文哲,無黨籍及未經政黨推薦,1637,3366,48.6334
6,大安區,群賢里,2016,立委,陳家宏,樹黨,28,3309,0.8462
6,大安區,群賢里,2016,立委,范雲,綠黨社會民主黨聯盟,1070,3309,32.3361
6,大安區,群賢里,2016,立委,龎維良,無黨籍及未經政黨推薦,45,3309,1.3599
6,大安區,群賢里,2016,立委,趙衍慶,無黨籍及未經政黨推薦,96,3309,2.9012
6,大安區,群賢里,2016,立委,林珍妤,台灣獨立黨,23,3309,0.6951
6,大安區,群賢里,2016,立委,周芳如,無黨籍及未經政黨推薦,67,3309,2.0248
6,大安區,群賢里,2016,立委,蔣慰慈,無黨籍及未經政黨推薦,7,3309,0.2115
6,大安區,群賢里,2016,立委,鄭村棋,人民民主陣線,93,3309,2.8105
6,大安區,群賢里,2016,立委,曾獻瑩,信心希望聯盟,83,3309,2.5083
6,大安區,群賢里,2016,立委,蔣乃辛,中國國民黨,1702,3309,51.4355
6,大安區,群賢里,2016,立委,古文發,大愛憲改聯盟,3,3309,0.0907
6,大安區,群賢里,2016,立委,吳旭智,民國黨,92,3309,2.7803
6,大安區,群賢里,2016,總統,朱立倫,中國國民黨,1566,3341,46.8722
6,大安區,群賢里,2016,總統,蔡英文,民主進步黨,1455,3341,43.5498
6,大安區,群賢里,2016,總統,宋楚瑜,親民黨,320,3341,9.578
6,大安區,群賢里,2018,市長,吳蕚洋,無黨籍及未經政黨推薦,10,3305,0.3026
6,大安區,群賢里,2018,市長,丁守中,中國國民黨,1625,3305,49.1679
6,大安區,群賢里,2018,市長,姚文智,民主進步黨,453,3305,13.7065
6,大安區,群賢里,2018,市長,柯文哲,無黨籍及未經政黨推薦,1203,3305,36.3994
6,大安區,群賢里,2018,市長,李錫錕,無黨籍及未經政黨推薦,14,3305,0.4236
6,大安區,群賢里,2020,立委,沈宜璇,台灣維新,23,3668,0.627
6,大安區,群賢里,2020,立委,楊攸凱,無黨籍及未經政黨推薦,16,3668,0.4362
6,大安區,群賢里,2020,立委,林奕華,中國國民黨,2016,3668,54.9618
6,大安區,群賢里,2020,立委,蕭瑞麟,無黨籍及未經政黨推薦,38,3668,1.036
6,大安區,群賢里,2020,立委,羅世晧,勞動黨,19,3668,0.518
6,大安區,群賢里,2020,立委,謝佩芬,民主進步黨,1422,3668,38.7677
6,大安區,群賢里,2020,立委,黃典本,無黨籍及未經政黨推薦,3,3668,0.0818
6,大安區,群賢里,2020,立委,孟藹倫,中華婦女黨,89,3668,2.4264
6,大安區,群賢里,2020,立委,張余健,喜樂島聯盟,12,3668,0.3272
6,大安區,群賢里,2020,立委,葉日勤,台灣基進,30,3668,0.8179
6,大安區,群賢里,2020,總統,宋楚瑜,親民黨,159,3716,4.2788
6,大安區,群賢里,2020,總統,韓國瑜,中國國民黨,1861,3716,50.0807
6,大安區,群賢里,2020,總統,蔡英文,民主進步黨,1696,3716,45.6405
6,大安區,群賢里,2022,市長,張家豪,台灣動物保護黨,6,3001,0.1999
6,大安區,群賢里,2022,市長,王文娟,無黨籍及未經政黨推薦,0,3001,0.0
6,大安區,群賢里,2022,市長,鄭匡宇,無黨籍及未經政黨推薦,1,3001,0.0333
6,大安區,群賢里,2022,市長,黃聖峰,台澎黨,0,3001,0.0
6,大安區,群賢里,2022,市長,童文薰,無黨籍及未經政黨推薦,4,3001,0.1333
6,大安區,群賢里,2022,市長,蔣萬安,中國國民黨,1507,3001,50.2166
6,大安區,群賢里,2022,市長,蘇煥智,台灣維新,5,3001,0.1666
6,大安區,群賢里,2022,市長,黃珊珊,無黨籍及未經政黨推薦,676,3001,22.5258
6,大安區,群賢里,2022,市長,施奉先,無黨籍及未經政黨推薦,1,3001,0.0333
6,大安區,群賢里,2022,市長,唐新民,共和黨,2,3001,0.0666
6,大安區,群賢里,2022,市長,謝立康,無黨籍及未經政黨推薦,0,3001,0.0
6,大安區,群賢里,2022,市長,陳時中,民主進步黨,799,3001,26.6245
6,大安區,群賢里,2024,立委,張雪卿,制度救世島,16,3263,0.4903
6,大安區,群賢里,2024,立委,苗博雅,社會民主黨,1341,3263,41.0971
6,大安區,群賢里,2024,立委,崔建章,臺灣雙語無法黨,40,3263,1.2259
6,大安區,群賢里,2024,立委,羅智強,中國國民黨,1850,3263,56.6963
6,大安區,群賢里,2024,立委,朱翊銘,台灣維新,16,3263,0.4903
6,大安區,群賢里,2024,總統,柯文哲,台灣民眾黨,665,3386,19.6397
6,大安區,群賢里,2024,總統,賴清德,民主進步黨,1094,3386,32.3095
6,大安區,群賢里,2024,總統,侯友宜,中國國民黨,1627,3386,48.0508
6,大安區,義安里,2014,市長,陳汝斌,三等國民公義人權自救黨,2,3053,0.0655
6,大安區,義安里,2014,市長,趙衍慶,無黨籍及未經政黨推薦,27,3053,0.8844
6,大安區,義安里,2014,市長,李宏信,無黨籍及未經政黨推薦,9,3053,0.2948
6,大安區,義安里,2014,市長,陳永昌,無黨籍及未經政黨推薦,4,3053,0.131
6,大安區,義安里,2014,市長,馮光遠,無黨籍及未經政黨推薦,16,3053,0.5241
6,大安區,義安里,2014,市長,連勝文,中國國民黨,1531,3053,50.1474
6,大安區,義安里,2014,市長,柯文哲,無黨籍及未經政黨推薦,1464,3053,47.9528
6,大安區,義安里,2016,立委,陳家宏,樹黨,34,2857,1.1901
6,大安區,義安里,2016,立委,范雲,綠黨社會民主黨聯盟,952,2857,33.3217
6,大安區,義安里,2016,立委,龎維良,無黨籍及未經政黨推薦,31,2857,1.0851
6,大安區,義安里,2016,立委,趙衍慶,無黨籍及未經政黨推薦,57,2857,1.9951
6,大安區,義安里,2016,立委,林珍妤,台灣獨立黨,23,2857,0.805
6,大安區,義安里,2016,立委,周芳如,無黨籍及未經政黨推薦,57,2857,1.9951
6,大安區,義安里,2016,立委,蔣慰慈,無黨籍及未經政黨推薦,2,2857,0.07
6,大安區,義安里,2016,立委,鄭村棋,人民民主陣線,99,2857,3.4652
6,大安區,義安里,2016,立委,曾獻瑩,信心希望聯盟,73,2857,2.5551
6,大安區,義安里,2016,立委,蔣乃辛,中國國民黨,1424,2857,49.8425
6,大安區,義安里,2016,立委,古文發,大愛憲改聯盟,4,2857,0.14
6,大安區,義安里,2016,立委,吳旭智,民國黨,101,2857,3.5352
6,大安區,義安里,2016,總統,朱立倫,中國國民黨,1331,2883,46.1672
6,大安區,義安里,2016,總統,蔡英文,民主進步黨,1260,2883,43.7045
6,大安區,義安里,2016,總統,宋楚瑜,親民黨,292,2883,10.1283
6,大安區,義安里,2018,市長,吳蕚洋,無黨籍及未經政黨推薦,10,2938,0.3404
6,大安區,義安里,2018,市長,丁守中,中國國民黨,1410,2938,47.9918
6,大安區,義安里,2018,市長,姚文智,民主進步黨,419,2938,14.2614
6,大安區,義安里,2018,市長,柯文哲,無黨籍及未經政黨推薦,1082,2938,36.8278
6,大安區,義安里,2018,市長,李錫錕,無黨籍及未經政黨推薦,17,2938,0.5786
6,大安區,義安里,2020,立委,沈宜璇,台灣維新,17,3282,0.518
6,大安區,義安里,2020,立委,楊攸凱,無黨籍及未經政黨推薦,19,3282,0.5789
6,大安區,義安里,2020,立委,林奕華,中國國民黨,1797,3282,54.7532
6,大安區,義安里,2020,立委,蕭瑞麟,無黨籍及未經政黨推薦,21,3282,0.6399
6,大安區,義安里,2020,立委,羅世晧,勞動黨,7,3282,0.2133
6,大安區,義安里,2020,立委,謝佩芬,民主進步黨,1328,3282,40.4631
6,大安區,義安里,2020,立委,黃典本,無黨籍及未經政黨推薦,4,3282,0.1219
6,大安區,義安里,2020,立委,孟藹倫,中華婦女黨,55,3282,1.6758
6,大安區,義安里,2020,立委,張余健,喜樂島聯盟,6,3282,0.1828
6,大安區,義安里,2020,立委,葉日勤,台灣基進,28,3282,0.8531
6,大安區,義安里,2020,總統,宋楚瑜,親民黨,145,3332,4.3517
6,大安區,義安里,2020,總統,韓國瑜,中國國民黨,1640,3332,49.2197
6,大安區,義安里,2020,總統,蔡英文,民主進步黨,1547,3332,46.4286
6,大安區,義安里,2022,市長,張家豪,台灣動物保護黨,4,2713,0.1474
6,大安區,義安里,2022,市長,王文娟,無黨籍及未經政黨推薦,0,2713,0.0
6,大安區,義安里,2022,市長,鄭匡宇,無黨籍及未經政黨推薦,1,2713,0.0369
6,大安區,義安里,2022,市長,黃聖峰,台澎黨,0,2713,0.0
6,大安區,義安里,2022,市長,童文薰,無黨籍及未經政黨推薦,4,2713,0.1474
6,大安區,義安里,2022,市長,蔣萬安,中國國民黨,1350,2713,49.7604
6,大安區,義安里,2022,市長,蘇煥智,台灣維新,3,2713,0.1106
6,大安區,義安里,2022,市長,黃珊珊,無黨籍及未經政黨推薦,578,2713,21.3048
6,大安區,義安里,2022,市長,施奉先,無黨籍及未經政黨推薦,0,2713,0.0
6,大安區,義安里,2022,市長,唐新民,共和黨,2,2713,0.0737
6,大安區,義安里,2022,市長,謝立康,無黨籍及未經政黨推薦,0,2713,0.0
6,大安區,義安里,2022,市長,陳時中,民主進步黨,771,2713,28.4187
6,大安區,義安里,2024,立委,張雪卿,制度救世島,13,3061,0.4247
6,大安區,義安里,2024,立委,苗博雅,社會民主黨,1277,3061,41.7184
6,大安區,義安里,2024,立委,崔建章,臺灣雙語無法黨,49,3061,1.6008
6,大安區,義安里,2024,立委,羅智強,中國國民黨,1711,3061,55.8968
6,大安區,義安里,2024,立委,朱翊銘,台灣維新,11,3061,0.3594
6,大安區,義安里,2024,總統,柯文哲,台灣民眾黨,568,3134,18.1238
6,大安區,義安里,2024,總統,賴清德,民主進步黨,1111,3134,35.4499
6,大安區,義安里,2024,總統,侯友宜,中國國民黨,1455,3134,46.4263
6,大安區,義村里,2014,市長,陳汝斌,三等國民公義人權自救黨,4,3516,0.1138
6,大安區,義村里,2014,市長,趙衍慶,無黨籍及未經政黨推薦,35,3516,0.9954
6,大安區,義村里,2014,市長,李宏信,無黨籍及未經政黨推薦,7,3516,0.1991
6,大安區,義村里,2014,市長,陳永昌,無黨籍及未經政黨推薦,6,3516,0.1706
6,大安區,義村里,2014,市長,馮光遠,無黨籍及未經政黨推薦,17,3516,0.4835
6,大安區,義村里,2014,市長,連勝文,中國國民黨,2005,3516,57.025
6,大安區,義村里,2014,市長,柯文哲,無黨籍及未經政黨推薦,1442,3516,41.0125
6,大安區,義村里,2016,立委,陳家宏,樹黨,50,3356,1.4899
6,大安區,義村里,2016,立委,范雲,綠黨社會民主黨聯盟,901,3356,26.8474
6,大安區,義村里,2016,立委,龎維良,無黨籍及未經政黨推薦,54,3356,1.6091
6,大安區,義村里,2016,立委,趙衍慶,無黨籍及未經政黨推薦,83,3356,2.4732
6,大安區,義村里,2016,立委,林珍妤,台灣獨立黨,25,3356,0.7449
6,大安區,義村里,2016,立委,周芳如,無黨籍及未經政黨推薦,73,3356,2.1752
6,大安區,義村里,2016,立委,蔣慰慈,無黨籍及未經政黨推薦,12,3356,0.3576
6,大安區,義村里,2016,立委,鄭村棋,人民民主陣線,113,3356,3.3671
6,大安區,義村里,2016,立委,曾獻瑩,信心希望聯盟,70,3356,2.0858
6,大安區,義村里,2016,立委,蔣乃辛,中國國民黨,1851,3356,55.1549
6,大安區,義村里,2016,立委,古文發,大愛憲改聯盟,4,3356,0.1192
6,大安區,義村里,2016,立委,吳旭智,民國黨,120,3356,3.5757
6,大安區,義村里,2016,總統,朱立倫,中國國民黨,1777,3405,52.188
6,大安區,義村里,2016,總統,蔡英文,民主進步黨,1248,3405,36.652
6,大安區,義村里,2016,總統,宋楚瑜,親民黨,380,3405,11.1601
6,大安區,義村里,2018,市長,吳蕚洋,無黨籍及未經政黨推薦,10,3249,0.3078
6,大安區,義村里,2018,市長,丁守中,中國國民黨,1764,3249,54.2936
6,大安區,義村里,2018,市長,姚文智,民主進步黨,360,3249,11.0803
6,大安區,義村里,2018,市長,柯文哲,無黨籍及未經政黨推薦,1102,3249,33.9181
6,大安區,義村里,2018,市長,李錫錕,無黨籍及未經政黨推薦,13,3249,0.4001
6,大安區,義村里,2020,立委,沈宜璇,台灣維新,18,3608,0.4989
6,大安區,義村里,2020,立委,楊攸凱,無黨籍及未經政黨推薦,20,3608,0.5543
6,大安區,義村里,2020,立委,林奕華,中國國民黨,2193,3608,60.7816
6,大安區,義村里,2020,立委,蕭瑞麟,無黨籍及未經政黨推薦,12,3608,0.3326
6,大安區,義村里,2020,立委,羅世晧,勞動黨,12,3608,0.3326
6,大安區,義村里,2020,立委,謝佩芬,民主進步黨,1233,3608,34.1741
6,大安區,義村里,2020,立委,黃典本,無黨籍及未經政黨推薦,2,3608,0.0554
6,大安區,義村里,2020,立委,孟藹倫,中華婦女黨,77,3608,2.1341
6,大安區,義村里,2020,立委,張余健,喜樂島聯盟,7,3608,0.194
6,大安區,義村里,2020,立委,葉日勤,台灣基進,34,3608,0.9424
6,大安區,義村里,2020,總統,宋楚瑜,親民黨,158,3662,4.3146
6,大安區,義村里,2020,總統,韓國瑜,中國國民黨,2032,3662,55.4888
6,大安區,義村里,2020,總統,蔡英文,民主進步黨,1472,3662,40.1966
6,大安區,義村里,2022,市長,張家豪,台灣動物保護黨,3,2951,0.1017
6,大安區,義村里,2022,市長,王文娟,無黨籍及未經政黨推薦,0,2951,0.0
6,大安區,義村里,2022,市長,鄭匡宇,無黨籍及未經政黨推薦,0,2951,0.0
6,大安區,義村里,2022,市長,黃聖峰,台澎黨,1,2951,0.0339
6,大安區,義村里,2022,市長,童文薰,無黨籍及未經政黨推薦,6,2951,0.2033
6,大安區,義村里,2022,市長,蔣萬安,中國國民黨,1639,2951,55.5405
6,大安區,義村里,2022,市長,蘇煥智,台灣維新,2,2951,0.0678
6,大安區,義村里,2022,市長,黃珊珊,無黨籍及未經政黨推薦,603,2951,20.4338
6,大安區,義村里,2022,市長,施奉先,無黨籍及未經政黨推薦,1,2951,0.0339
6,大安區,義村里,2022,市長,唐新民,共和黨,1,2951,0.0339
6,大安區,義村里,2022,市長,謝立康,無黨籍及未經政黨推薦,0,2951,0.0
6,大安區,義村里,2022,市長,陳時中,民主進步黨,695,2951,23.5513
6,大安區,義村里,2024,立委,張雪卿,制度救世島,16,3279,0.488
6,大安區,義村里,2024,立委,苗博雅,社會民主黨,1202,3279,36.6575
6,大安區,義村里,2024,立委,崔建章,臺灣雙語無法黨,43,3279,1.3114
6,大安區,義村里,2024,立委,羅智強,中國國民黨,2016,3279,61.4822
6,大安區,義村里,2024,立委,朱翊銘,台灣維新,2,3279,0.061
6,大安區,義村里,2024,總統,柯文哲,台灣民眾黨,624,3348,18.638
6,大安區,義村里,2024,總統,賴清德,民主進步黨,995,3348,29.7192
6,大安區,義村里,2024,總統,侯友宜,中國國民黨,1729,3348,51.6428
6,大安區,臥龍里,2014,市長,陳汝斌,三等國民公義人權自救黨,0,1054,0.0
6,大安區,臥龍里,2014,市長,趙衍慶,無黨籍及未經政黨推薦,8,1054,0.759
6,大安區,臥龍里,2014,市長,李宏信,無黨籍及未經政黨推薦,3,1054,0.2846
6,大安區,臥龍里,2014,市長,陳永昌,無黨籍及未經政黨推薦,0,1054,0.0
6,大安區,臥龍里,2014,市長,馮光遠,無黨籍及未經政黨推薦,10,1054,0.9488
6,大安區,臥龍里,2014,市長,連勝文,中國國民黨,543,1054,51.518
6,大安區,臥龍里,2014,市長,柯文哲,無黨籍及未經政黨推薦,490,1054,46.4896
6,大安區,臥龍里,2016,立委,陳家宏,樹黨,6,1075,0.5581
6,大安區,臥龍里,2016,立委,范雲,綠黨社會民主黨聯盟,330,1075,30.6977
6,大安區,臥龍里,2016,立委,龎維良,無黨籍及未經政黨推薦,24,1075,2.2326
6,大安區,臥龍里,2016,立委,趙衍慶,無黨籍及未經政黨推薦,16,1075,1.4884
6,大安區,臥龍里,2016,立委,林珍妤,台灣獨立黨,3,1075,0.2791
6,大安區,臥龍里,2016,立委,周芳如,無黨籍及未經政黨推薦,26,1075,2.4186
6,大安區,臥龍里,2016,立委,蔣慰慈,無黨籍及未經政黨推薦,6,1075,0.5581
6,大安區,臥龍里,2016,立委,鄭村棋,人民民主陣線,33,1075,3.0698
6,大安區,臥龍里,2016,立委,曾獻瑩,信心希望聯盟,17,1075,1.5814
6,大安區,臥龍里,2016,立委,蔣乃辛,中國國民黨,564,1075,52.4651
6,大安區,臥龍里,2016,立委,古文發,大愛憲改聯盟,1,1075,0.093
6,大安區,臥龍里,2016,立委,吳旭智,民國黨,49,1075,4.5581
6,大安區,臥龍里,2016,總統,朱立倫,中國國民黨,504,1078,46.7532
6,大安區,臥龍里,2016,總統,蔡英文,民主進步黨,437,1078,40.538
6,大安區,臥龍里,2016,總統,宋楚瑜,親民黨,137,1078,12.7087
6,大安區,臥龍里,2018,市長,吳蕚洋,無黨籍及未經政黨推薦,1,1220,0.082
6,大安區,臥龍里,2018,市長,丁守中,中國國民黨,581,1220,47.623
6,大安區,臥龍里,2018,市長,姚文智,民主進步黨,150,1220,12.2951
6,大安區,臥龍里,2018,市長,柯文哲,無黨籍及未經政黨推薦,485,1220,39.7541
6,大安區,臥龍里,2018,市長,李錫錕,無黨籍及未經政黨推薦,3,1220,0.2459
6,大安區,臥龍里,2020,立委,沈宜璇,台灣維新,9,1285,0.7004
6,大安區,臥龍里,2020,立委,楊攸凱,無黨籍及未經政黨推薦,11,1285,0.856
6,大安區,臥龍里,2020,立委,林奕華,中國國民黨,704,1285,54.786
6,大安區,臥龍里,2020,立委,蕭瑞麟,無黨籍及未經政黨推薦,6,1285,0.4669
6,大安區,臥龍里,2020,立委,羅世晧,勞動黨,6,1285,0.4669
6,大安區,臥龍里,2020,立委,謝佩芬,民主進步黨,502,1285,39.0661
6,大安區,臥龍里,2020,立委,黃典本,無黨籍及未經政黨推薦,2,1285,0.1556
6,大安區,臥龍里,2020,立委,孟藹倫,中華婦女黨,27,1285,2.1012
6,大安區,臥龍里,2020,立委,張余健,喜樂島聯盟,7,1285,0.5447
6,大安區,臥龍里,2020,立委,葉日勤,台灣基進,11,1285,0.856
6,大安區,臥龍里,2020,總統,宋楚瑜,親民黨,60,1320,4.5455
6,大安區,臥龍里,2020,總統,韓國瑜,中國國民黨,640,1320,48.4848
6,大安區,臥龍里,2020,總統,蔡英文,民主進步黨,620,1320,46.9697
6,大安區,臥龍里,2022,市長,張家豪,台灣動物保護黨,2,1071,0.1867
6,大安區,臥龍里,2022,市長,王文娟,無黨籍及未經政黨推薦,0,1071,0.0
6,大安區,臥龍里,2022,市長,鄭匡宇,無黨籍及未經政黨推薦,0,1071,0.0
6,大安區,臥龍里,2022,市長,黃聖峰,台澎黨,0,1071,0.0
6,大安區,臥龍里,2022,市長,童文薰,無黨籍及未經政黨推薦,4,1071,0.3735
6,大安區,臥龍里,2022,市長,蔣萬安,中國國民黨,519,1071,48.4594
6,大安區,臥龍里,2022,市長,蘇煥智,台灣維新,2,1071,0.1867
6,大安區,臥龍里,2022,市長,黃珊珊,無黨籍及未經政黨推薦,269,1071,25.1167
6,大安區,臥龍里,2022,市長,施奉先,無黨籍及未經政黨推薦,0,1071,0.0
6,大安區,臥龍里,2022,市長,唐新民,共和黨,0,1071,0.0
6,大安區,臥龍里,2022,市長,謝立康,無黨籍及未經政黨推薦,0,1071,0.0
6,大安區,臥龍里,2022,市長,陳時中,民主進步黨,275,1071,25.6769
6,大安區,臥龍里,2024,立委,張雪卿,制度救世島,8,1204,0.6645
6,大安區,臥龍里,2024,立委,苗博雅,社會民主黨,531,1204,44.103
6,大安區,臥龍里,2024,立委,崔建章,臺灣雙語無法黨,15,1204,1.2458
6,大安區,臥龍里,2024,立委,羅智強,中國國民黨,642,1204,53.3223
6,大安區,臥龍里,2024,立委,朱翊銘,台灣維新,8,1204,0.6645
6,大安區,臥龍里,2024,總統,柯文哲,台灣民眾黨,292,1248,23.3974
6,大安區,臥龍里,2024,總統,賴清德,民主進步黨,417,1248,33.4135
6,大安區,臥龍里,2024,總統,侯友宜,中國國民黨,539,1248,43.1891
6,大安區,臨江里,2014,市長,陳汝斌,三等國民公義人權自救黨,4,2518,0.1589
6,大安區,臨江里,2014,市長,趙衍慶,無黨籍及未經政黨推薦,28,2518,1.112
6,大安區,臨江里,2014,市長,李宏信,無黨籍及未經政黨推薦,5,2518,0.1986
6,大安區,臨江里,2014,市長,陳永昌,無黨籍及未經政黨推薦,7,2518,0.278
6,大安區,臨江里,2014,市長,馮光遠,無黨籍及未經政黨推薦,13,2518,0.5163
6,大安區,臨江里,2014,市長,連勝文,中國國民黨,1071,2518,42.5338
6,大安區,臨江里,2014,市長,柯文哲,無黨籍及未經政黨推薦,1390,2518,55.2025
6,大安區,臨江里,2016,立委,陳家宏,樹黨,24,2417,0.993
6,大安區,臨江里,2016,立委,范雲,綠黨社會民主黨聯盟,821,2417,33.9677
6,大安區,臨江里,2016,立委,龎維良,無黨籍及未經政黨推薦,50,2417,2.0687
6,大安區,臨江里,2016,立委,趙衍慶,無黨籍及未經政黨推薦,42,2417,1.7377
6,大安區,臨江里,2016,立委,林珍妤,台灣獨立黨,19,2417,0.7861
6,大安區,臨江里,2016,立委,周芳如,無黨籍及未經政黨推薦,69,2417,2.8548
6,大安區,臨江里,2016,立委,蔣慰慈,無黨籍及未經政黨推薦,4,2417,0.1655
6,大安區,臨江里,2016,立委,鄭村棋,人民民主陣線,69,2417,2.8548
6,大安區,臨江里,2016,立委,曾獻瑩,信心希望聯盟,68,2417,2.8134
6,大安區,臨江里,2016,立委,蔣乃辛,中國國民黨,1174,2417,48.5726
6,大安區,臨江里,2016,立委,古文發,大愛憲改聯盟,6,2417,0.2482
6,大安區,臨江里,2016,立委,吳旭智,民國黨,71,2417,2.9375
6,大安區,臨江里,2016,總統,朱立倫,中國國民黨,934,2453,38.0758
6,大安區,臨江里,2016,總統,蔡英文,民主進步黨,1253,2453,51.0803
6,大安區,臨江里,2016,總統,宋楚瑜,親民黨,266,2453,10.8439
6,大安區,臨江里,2018,市長,吳蕚洋,無黨籍及未經政黨推薦,4,2387,0.1676
6,大安區,臨江里,2018,市長,丁守中,中國國民黨,1077,2387,45.1194
6,大安區,臨江里,2018,市長,姚文智,民主進步黨,426,2387,17.8467
6,大安區,臨江里,2018,市長,柯文哲,無黨籍及未經政黨推薦,870,2387,36.4474
6,大安區,臨江里,2018,市長,李錫錕,無黨籍及未經政黨推薦,10,2387,0.4189
6,大安區,臨江里,2020,立委,沈宜璇,台灣維新,12,2607,0.4603
6,大安區,臨江里,2020,立委,楊攸凱,無黨籍及未經政黨推薦,16,2607,0.6137
6,大安區,臨江里,2020,立委,林奕華,中國國民黨,1345,2607,51.5919
6,大安區,臨江里,2020,立委,蕭瑞麟,無黨籍及未經政黨推薦,15,2607,0.5754
6,大安區,臨江里,2020,立委,羅世晧,勞動黨,5,2607,0.1918
6,大安區,臨江里,2020,立委,謝佩芬,民主進步黨,1119,2607,42.9229
6,大安區,臨江里,2020,立委,黃典本,無黨籍及未經政黨推薦,3,2607,0.1151
6,大安區,臨江里,2020,立委,孟藹倫,中華婦女黨,45,2607,1.7261
6,大安區,臨江里,2020,立委,張余健,喜樂島聯盟,14,2607,0.537
6,大安區,臨江里,2020,立委,葉日勤,台灣基進,33,2607,1.2658
6,大安區,臨江里,2020,總統,宋楚瑜,親民黨,126,2668,4.7226
6,大安區,臨江里,2020,總統,韓國瑜,中國國民黨,1199,2668,44.94
6,大安區,臨江里,2020,總統,蔡英文,民主進步黨,1343,2668,50.3373
6,大安區,臨江里,2022,市長,張家豪,台灣動物保護黨,1,2193,0.0456
6,大安區,臨江里,2022,市長,王文娟,無黨籍及未經政黨推薦,1,2193,0.0456
6,大安區,臨江里,2022,市長,鄭匡宇,無黨籍及未經政黨推薦,0,2193,0.0
6,大安區,臨江里,2022,市長,黃聖峰,台澎黨,2,2193,0.0912
6,大安區,臨江里,2022,市長,童文薰,無黨籍及未經政黨推薦,4,2193,0.1824
6,大安區,臨江里,2022,市長,蔣萬安,中國國民黨,997,2193,45.4628
6,大安區,臨江里,2022,市長,蘇煥智,台灣維新,5,2193,0.228
6,大安區,臨江里,2022,市長,黃珊珊,無黨籍及未經政黨推薦,491,2193,22.3894
6,大安區,臨江里,2022,市長,施奉先,無黨籍及未經政黨推薦,0,2193,0.0
6,大安區,臨江里,2022,市長,唐新民,共和黨,1,2193,0.0456
6,大安區,臨江里,2022,市長,謝立康,無黨籍及未經政黨推薦,0,2193,0.0
6,大安區,臨江里,2022,市長,陳時中,民主進步黨,691,2193,31.5093
6,大安區,臨江里,2024,立委,張雪卿,制度救世島,30,2391,1.2547
6,大安區,臨江里,2024,立委,苗博雅,社會民主黨,1109,2391,46.3823
6,大安區,臨江里,2024,立委,崔建章,臺灣雙語無法黨,32,2391,1.3384
6,大安區,臨江里,2024,立委,羅智強,中國國民黨,1207,2391,50.481
6,大安區,臨江里,2024,立委,朱翊銘,台灣維新,13,2391,0.5437
6,大安區,臨江里,2024,總統,柯文哲,台灣民眾黨,579,2491,23.2437
6,大安區,臨江里,2024,總統,賴清德,民主進步黨,921,2491,36.9731
6,大安區,臨江里,2024,總統,侯友宜,中國國民黨,991,2491,39.7832
6,大安區,芳和里,2014,市長,陳汝斌,三等國民公義人權自救黨,4,3393,0.1179
6,大安區,芳和里,2014,市長,趙衍慶,無黨籍及未經政黨推薦,33,3393,0.9726
6,大安區,芳和里,2014,市長,李宏信,無黨籍及未經政黨推薦,6,3393,0.1768
6,大安區,芳和里,2014,市長,陳永昌,無黨籍及未經政黨推薦,4,3393,0.1179
6,大安區,芳和里,2014,市長,馮光遠,無黨籍及未經政黨推薦,26,3393,0.7663
6,大安區,芳和里,2014,市長,連勝文,中國國民黨,1552,3393,45.7412
6,大安區,芳和里,2014,市長,柯文哲,無黨籍及未經政黨推薦,1768,3393,52.1073
6,大安區,芳和里,2016,立委,陳家宏,樹黨,40,3240,1.2346
6,大安區,芳和里,2016,立委,范雲,綠黨社會民主黨聯盟,1128,3240,34.8148
6,大安區,芳和里,2016,立委,龎維良,無黨籍及未經政黨推薦,77,3240,2.3765
6,大安區,芳和里,2016,立委,趙衍慶,無黨籍及未經政黨推薦,62,3240,1.9136
6,大安區,芳和里,2016,立委,林珍妤,台灣獨立黨,25,3240,0.7716
6,大安區,芳和里,2016,立委,周芳如,無黨籍及未經政黨推薦,77,3240,2.3765
6,大安區,芳和里,2016,立委,蔣慰慈,無黨籍及未經政黨推薦,8,3240,0.2469
6,大安區,芳和里,2016,立委,鄭村棋,人民民主陣線,75,3240,2.3148
6,大安區,芳和里,2016,立委,曾獻瑩,信心希望聯盟,74,3240,2.284
6,大安區,芳和里,2016,立委,蔣乃辛,中國國民黨,1551,3240,47.8704
6,大安區,芳和里,2016,立委,古文發,大愛憲改聯盟,2,3240,0.0617
6,大安區,芳和里,2016,立委,吳旭智,民國黨,121,3240,3.7346
6,大安區,芳和里,2016,總統,朱立倫,中國國民黨,1431,3269,43.7749
6,大安區,芳和里,2016,總統,蔡英文,民主進步黨,1493,3269,45.6715
6,大安區,芳和里,2016,總統,宋楚瑜,親民黨,345,3269,10.5537
6,大安區,芳和里,2018,市長,吳蕚洋,無黨籍及未經政黨推薦,19,3291,0.5773
6,大安區,芳和里,2018,市長,丁守中,中國國民黨,1567,3291,47.6147
6,大安區,芳和里,2018,市長,姚文智,民主進步黨,512,3291,15.5576
6,大安區,芳和里,2018,市長,柯文哲,無黨籍及未經政黨推薦,1178,3291,35.7946
6,大安區,芳和里,2018,市長,李錫錕,無黨籍及未經政黨推薦,15,3291,0.4558
6,大安區,芳和里,2020,立委,沈宜璇,台灣維新,31,3616,0.8573
6,大安區,芳和里,2020,立委,楊攸凱,無黨籍及未經政黨推薦,19,3616,0.5254
6,大安區,芳和里,2020,立委,林奕華,中國國民黨,1937,3616,53.5675
6,大安區,芳和里,2020,立委,蕭瑞麟,無黨籍及未經政黨推薦,18,3616,0.4978
6,大安區,芳和里,2020,立委,羅世晧,勞動黨,7,3616,0.1936
6,大安區,芳和里,2020,立委,謝佩芬,民主進步黨,1507,3616,41.6759
6,大安區,芳和里,2020,立委,黃典本,無黨籍及未經政黨推薦,2,3616,0.0553
6,大安區,芳和里,2020,立委,孟藹倫,中華婦女黨,56,3616,1.5487
6,大安區,芳和里,2020,立委,張余健,喜樂島聯盟,7,3616,0.1936
6,大安區,芳和里,2020,立委,葉日勤,台灣基進,32,3616,0.885
6,大安區,芳和里,2020,總統,宋楚瑜,親民黨,140,3690,3.794
6,大安區,芳和里,2020,總統,韓國瑜,中國國民黨,1754,3690,47.5339
6,大安區,芳和里,2020,總統,蔡英文,民主進步黨,1796,3690,48.6721
6,大安區,芳和里,2022,市長,張家豪,台灣動物保護黨,4,3051,0.1311
6,大安區,芳和里,2022,市長,王文娟,無黨籍及未經政黨推薦,2,3051,0.0656
6,大安區,芳和里,2022,市長,鄭匡宇,無黨籍及未經政黨推薦,0,3051,0.0
6,大安區,芳和里,2022,市長,黃聖峰,台澎黨,1,3051,0.0328
6,大安區,芳和里,2022,市長,童文薰,無黨籍及未經政黨推薦,7,3051,0.2294
6,大安區,芳和里,2022,市長,蔣萬安,中國國民黨,1451,3051,47.5582
6,大安區,芳和里,2022,市長,蘇煥智,台灣維新,6,3051,0.1967
6,大安區,芳和里,2022,市長,黃珊珊,無黨籍及未經政黨推薦,698,3051,22.8777
6,大安區,芳和里,2022,市長,施奉先,無黨籍及未經政黨推薦,1,3051,0.0328
6,大安區,芳和里,2022,市長,唐新民,共和黨,1,3051,0.0328
6,大安區,芳和里,2022,市長,謝立康,無黨籍及未經政黨推薦,1,3051,0.0328
6,大安區,芳和里,2022,市長,陳時中,民主進步黨,879,3051,28.8102
6,大安區,芳和里,2024,立委,張雪卿,制度救世島,12,3353,0.3579
6,大安區,芳和里,2024,立委,苗博雅,社會民主黨,1494,3353,44.5571
6,大安區,芳和里,2024,立委,崔建章,臺灣雙語無法黨,47,3353,1.4017
6,大安區,芳和里,2024,立委,羅智強,中國國民黨,1787,3353,53.2956
6,大安區,芳和里,2024,立委,朱翊銘,台灣維新,13,3353,0.3877
6,大安區,芳和里,2024,總統,柯文哲,台灣民眾黨,704,3452,20.394
6,大安區,芳和里,2024,總統,賴清德,民主進步黨,1230,3452,35.6315
6,大安區,芳和里,2024,總統,侯友宜,中國國民黨,1518,3452,43.9745
6,大安區,華聲里,2014,市長,陳汝斌,三等國民公義人權自救黨,1,2296,0.0436
6,大安區,華聲里,2014,市長,趙衍慶,無黨籍及未經政黨推薦,17,2296,0.7404
6,大安區,華聲里,2014,市長,李宏信,無黨籍及未經政黨推薦,2,2296,0.0871
6,大安區,華聲里,2014,市長,陳永昌,無黨籍及未經政黨推薦,6,2296,0.2613
6,大安區,華聲里,2014,市長,馮光遠,無黨籍及未經政黨推薦,18,2296,0.784
6,大安區,華聲里,2014,市長,連勝文,中國國民黨,1038,2296,45.2091
6,大安區,華聲里,2014,市長,柯文哲,無黨籍及未經政黨推薦,1214,2296,52.8746
6,大安區,華聲里,2016,立委,陳家宏,樹黨,46,2335,1.97
6,大安區,華聲里,2016,立委,范雲,綠黨社會民主黨聯盟,817,2335,34.9893
6,大安區,華聲里,2016,立委,龎維良,無黨籍及未經政黨推薦,26,2335,1.1135
6,大安區,華聲里,2016,立委,趙衍慶,無黨籍及未經政黨推薦,56,2335,2.3983
6,大安區,華聲里,2016,立委,林珍妤,台灣獨立黨,20,2335,0.8565
6,大安區,華聲里,2016,立委,周芳如,無黨籍及未經政黨推薦,82,2335,3.5118
6,大安區,華聲里,2016,立委,蔣慰慈,無黨籍及未經政黨推薦,6,2335,0.257
6,大安區,華聲里,2016,立委,鄭村棋,人民民主陣線,94,2335,4.0257
6,大安區,華聲里,2016,立委,曾獻瑩,信心希望聯盟,55,2335,2.3555
6,大安區,華聲里,2016,立委,蔣乃辛,中國國民黨,1060,2335,45.3961
6,大安區,華聲里,2016,立委,古文發,大愛憲改聯盟,7,2335,0.2998
6,大安區,華聲里,2016,立委,吳旭智,民國黨,66,2335,2.8266
6,大安區,華聲里,2016,總統,朱立倫,中國國民黨,1017,2351,43.2582
6,大安區,華聲里,2016,總統,蔡英文,民主進步黨,1107,2351,47.0863
6,大安區,華聲里,2016,總統,宋楚瑜,親民黨,227,2351,9.6555
6,大安區,華聲里,2018,市長,吳蕚洋,無黨籍及未經政黨推薦,9,2274,0.3958
6,大安區,華聲里,2018,市長,丁守中,中國國民黨,1063,2274,46.7458
6,大安區,華聲里,2018,市長,姚文智,民主進步黨,335,2274,14.7318
6,大安區,華聲里,2018,市長,柯文哲,無黨籍及未經政黨推薦,854,2274,37.555
6,大安區,華聲里,2018,市長,李錫錕,無黨籍及未經政黨推薦,13,2274,0.5717
6,大安區,華聲里,2020,立委,沈宜璇,台灣維新,21,2572,0.8165
6,大安區,華聲里,2020,立委,楊攸凱,無黨籍及未經政黨推薦,15,2572,0.5832
6,大安區,華聲里,2020,立委,林奕華,中國國民黨,1375,2572,53.4603
6,大安區,華聲里,2020,立委,蕭瑞麟,無黨籍及未經政黨推薦,8,2572,0.311
6,大安區,華聲里,2020,立委,羅世晧,勞動黨,7,2572,0.2722
6,大安區,華聲里,2020,立委,謝佩芬,民主進步黨,1076,2572,41.8351
6,大安區,華聲里,2020,立委,黃典本,無黨籍及未經政黨推薦,3,2572,0.1166
6,大安區,華聲里,2020,立委,孟藹倫,中華婦女黨,37,2572,1.4386
6,大安區,華聲里,2020,立委,張余健,喜樂島聯盟,7,2572,0.2722
6,大安區,華聲里,2020,立委,葉日勤,台灣基進,23,2572,0.8942
6,大安區,華聲里,2020,總統,宋楚瑜,親民黨,102,2597,3.9276
6,大安區,華聲里,2020,總統,韓國瑜,中國國民黨,1240,2597,47.7474
6,大安區,華聲里,2020,總統,蔡英文,民主進步黨,1255,2597,48.325
6,大安區,華聲里,2022,市長,張家豪,台灣動物保護黨,1,2053,0.0487
6,大安區,華聲里,2022,市長,王文娟,無黨籍及未經政黨推薦,2,2053,0.0974
6,大安區,華聲里,2022,市長,鄭匡宇,無黨籍及未經政黨推薦,0,2053,0.0
6,大安區,華聲里,2022,市長,黃聖峰,台澎黨,0,2053,0.0
6,大安區,華聲里,2022,市長,童文薰,無黨籍及未經政黨推薦,3,2053,0.1461
6,大安區,華聲里,2022,市長,蔣萬安,中國國民黨,916,2053,44.6176
6,大安區,華聲里,2022,市長,蘇煥智,台灣維新,2,2053,0.0974
6,大安區,華聲里,2022,市長,黃珊珊,無黨籍及未經政黨推薦,502,2053,24.452
6,大安區,華聲里,2022,市長,施奉先,無黨籍及未經政黨推薦,0,2053,0.0
6,大安區,華聲里,2022,市長,唐新民,共和黨,1,2053,0.0487
6,大安區,華聲里,2022,市長,謝立康,無黨籍及未經政黨推薦,0,2053,0.0
6,大安區,華聲里,2022,市長,陳時中,民主進步黨,626,2053,30.492
6,大安區,華聲里,2024,立委,張雪卿,制度救世島,12,2307,0.5202
6,大安區,華聲里,2024,立委,苗博雅,社會民主黨,1014,2307,43.9532
6,大安區,華聲里,2024,立委,崔建章,臺灣雙語無法黨,30,2307,1.3004
6,大安區,華聲里,2024,立委,羅智強,中國國民黨,1241,2307,53.7928
6,大安區,華聲里,2024,立委,朱翊銘,台灣維新,10,2307,0.4335
6,大安區,華聲里,2024,總統,柯文哲,台灣民眾黨,475,2373,20.0169
6,大安區,華聲里,2024,總統,賴清德,民主進步黨,871,2373,36.7046
6,大安區,華聲里,2024,總統,侯友宜,中國國民黨,1027,2373,43.2786
6,大安區,虎嘯里,2014,市長,陳汝斌,三等國民公義人權自救黨,1,2101,0.0476
6,大安區,虎嘯里,2014,市長,趙衍慶,無黨籍及未經政黨推薦,16,2101,0.7615
6,大安區,虎嘯里,2014,市長,李宏信,無黨籍及未經政黨推薦,6,2101,0.2856
6,大安區,虎嘯里,2014,市長,陳永昌,無黨籍及未經政黨推薦,2,2101,0.0952
6,大安區,虎嘯里,2014,市長,馮光遠,無黨籍及未經政黨推薦,16,2101,0.7615
6,大安區,虎嘯里,2014,市長,連勝文,中國國民黨,1016,2101,48.3579
6,大安區,虎嘯里,2014,市長,柯文哲,無黨籍及未經政黨推薦,1044,2101,49.6906
6,大安區,虎嘯里,2016,立委,陳家宏,樹黨,29,2114,1.3718
6,大安區,虎嘯里,2016,立委,范雲,綠黨社會民主黨聯盟,725,2114,34.2952
6,大安區,虎嘯里,2016,立委,龎維良,無黨籍及未經政黨推薦,31,2114,1.4664
6,大安區,虎嘯里,2016,立委,趙衍慶,無黨籍及未經政黨推薦,35,2114,1.6556
6,大安區,虎嘯里,2016,立委,林珍妤,台灣獨立黨,27,2114,1.2772
6,大安區,虎嘯里,2016,立委,周芳如,無黨籍及未經政黨推薦,46,2114,2.176
6,大安區,虎嘯里,2016,立委,蔣慰慈,無黨籍及未經政黨推薦,3,2114,0.1419
6,大安區,虎嘯里,2016,立委,鄭村棋,人民民主陣線,81,2114,3.8316
6,大安區,虎嘯里,2016,立委,曾獻瑩,信心希望聯盟,79,2114,3.737
6,大安區,虎嘯里,2016,立委,蔣乃辛,中國國民黨,971,2114,45.9319
6,大安區,虎嘯里,2016,立委,古文發,大愛憲改聯盟,2,2114,0.0946
6,大安區,虎嘯里,2016,立委,吳旭智,民國黨,85,2114,4.0208
6,大安區,虎嘯里,2016,總統,朱立倫,中國國民黨,949,2135,44.4496
6,大安區,虎嘯里,2016,總統,蔡英文,民主進步黨,957,2135,44.8244
6,大安區,虎嘯里,2016,總統,宋楚瑜,親民黨,229,2135,10.726
6,大安區,虎嘯里,2018,市長,吳蕚洋,無黨籍及未經政黨推薦,9,2071,0.4346
6,大安區,虎嘯里,2018,市長,丁守中,中國國民黨,957,2071,46.2096
6,大安區,虎嘯里,2018,市長,姚文智,民主進步黨,283,2071,13.6649
6,大安區,虎嘯里,2018,市長,柯文哲,無黨籍及未經政黨推薦,816,2071,39.4013
6,大安區,虎嘯里,2018,市長,李錫錕,無黨籍及未經政黨推薦,6,2071,0.2897
6,大安區,虎嘯里,2020,立委,沈宜璇,台灣維新,13,2400,0.5417
6,大安區,虎嘯里,2020,立委,楊攸凱,無黨籍及未經政黨推薦,10,2400,0.4167
6,大安區,虎嘯里,2020,立委,林奕華,中國國民黨,1273,2400,53.0417
6,大安區,虎嘯里,2020,立委,蕭瑞麟,無黨籍及未經政黨推薦,19,2400,0.7917
6,大安區,虎嘯里,2020,立委,羅世晧,勞動黨,13,2400,0.5417
6,大安區,虎嘯里,2020,立委,謝佩芬,民主進步黨,1015,2400,42.2917
6,大安區,虎嘯里,2020,立委,黃典本,無黨籍及未經政黨推薦,0,2400,0.0
6,大安區,虎嘯里,2020,立委,孟藹倫,中華婦女黨,37,2400,1.5417
6,大安區,虎嘯里,2020,立委,張余健,喜樂島聯盟,5,2400,0.2083
6,大安區,虎嘯里,2020,立委,葉日勤,台灣基進,15,2400,0.625
6,大安區,虎嘯里,2020,總統,宋楚瑜,親民黨,122,2427,5.0268
6,大安區,虎嘯里,2020,總統,韓國瑜,中國國民黨,1147,2427,47.26
6,大安區,虎嘯里,2020,總統,蔡英文,民主進步黨,1158,2427,47.7132
6,大安區,虎嘯里,2022,市長,張家豪,台灣動物保護黨,0,1953,0.0
6,大安區,虎嘯里,2022,市長,王文娟,無黨籍及未經政黨推薦,0,1953,0.0
6,大安區,虎嘯里,2022,市長,鄭匡宇,無黨籍及未經政黨推薦,0,1953,0.0
6,大安區,虎嘯里,2022,市長,黃聖峰,台澎黨,0,1953,0.0
6,大安區,虎嘯里,2022,市長,童文薰,無黨籍及未經政黨推薦,1,1953,0.0512
6,大安區,虎嘯里,2022,市長,蔣萬安,中國國民黨,911,1953,46.6462
6,大安區,虎嘯里,2022,市長,蘇煥智,台灣維新,4,1953,0.2048
6,大安區,虎嘯里,2022,市長,黃珊珊,無黨籍及未經政黨推薦,433,1953,22.171
6,大安區,虎嘯里,2022,市長,施奉先,無黨籍及未經政黨推薦,0,1953,0.0
6,大安區,虎嘯里,2022,市長,唐新民,共和黨,0,1953,0.0
6,大安區,虎嘯里,2022,市長,謝立康,無黨籍及未經政黨推薦,0,1953,0.0
6,大安區,虎嘯里,2022,市長,陳時中,民主進步黨,604,1953,30.9268
6,大安區,虎嘯里,2024,立委,張雪卿,制度救世島,9,2204,0.4083
6,大安區,虎嘯里,2024,立委,苗博雅,社會民主黨,986,2204,44.7368
6,大安區,虎嘯里,2024,立委,崔建章,臺灣雙語無法黨,36,2204,1.6334
6,大安區,虎嘯里,2024,立委,羅智強,中國國民黨,1165,2204,52.8584
6,大安區,虎嘯里,2024,立委,朱翊銘,台灣維新,8,2204,0.363
6,大安區,虎嘯里,2024,總統,柯文哲,台灣民眾黨,485,2267,21.3939
6,大安區,虎嘯里,2024,總統,賴清德,民主進步黨,792,2267,34.936
6,大安區,虎嘯里,2024,總統,侯友宜,中國國民黨,990,2267,43.67
6,大安區,誠安里,2014,市長,陳汝斌,三等國民公義人權自救黨,1,2427,0.0412
6,大安區,誠安里,2014,市長,趙衍慶,無黨籍及未經政黨推薦,23,2427,0.9477
6,大安區,誠安里,2014,市長,李宏信,無黨籍及未經政黨推薦,4,2427,0.1648
6,大安區,誠安里,2014,市長,陳永昌,無黨籍及未經政黨推薦,4,2427,0.1648
6,大安區,誠安里,2014,市長,馮光遠,無黨籍及未經政黨推薦,11,2427,0.4532
6,大安區,誠安里,2014,市長,連勝文,中國國民黨,1053,2427,43.3869
6,大安區,誠安里,2014,市長,柯文哲,無黨籍及未經政黨推薦,1331,2427,54.8414
6,大安區,誠安里,2016,立委,陳家宏,樹黨,21,2352,0.8929
6,大安區,誠安里,2016,立委,范雲,綠黨社會民主黨聯盟,905,2352,38.4779
6,大安區,誠安里,2016,立委,龎維良,無黨籍及未經政黨推薦,27,2352,1.148
6,大安區,誠安里,2016,立委,趙衍慶,無黨籍及未經政黨推薦,47,2352,1.9983
6,大安區,誠安里,2016,立委,林珍妤,台灣獨立黨,22,2352,0.9354
6,大安區,誠安里,2016,立委,周芳如,無黨籍及未經政黨推薦,77,2352,3.2738
6,大安區,誠安里,2016,立委,蔣慰慈,無黨籍及未經政黨推薦,6,2352,0.2551
6,大安區,誠安里,2016,立委,鄭村棋,人民民主陣線,72,2352,3.0612
6,大安區,誠安里,2016,立委,曾獻瑩,信心希望聯盟,54,2352,2.2959
6,大安區,誠安里,2016,立委,蔣乃辛,中國國民黨,1040,2352,44.2177
6,大安區,誠安里,2016,立委,古文發,大愛憲改聯盟,0,2352,0.0
6,大安區,誠安里,2016,立委,吳旭智,民國黨,81,2352,3.4439
6,大安區,誠安里,2016,總統,朱立倫,中國國民黨,966,2392,40.3846
6,大安區,誠安里,2016,總統,蔡英文,民主進步黨,1206,2392,50.4181
6,大安區,誠安里,2016,總統,宋楚瑜,親民黨,220,2392,9.1973
6,大安區,誠安里,2018,市長,吳蕚洋,無黨籍及未經政黨推薦,9,2211,0.4071
6,大安區,誠安里,2018,市長,丁守中,中國國民黨,967,2211,43.7359
6,大安區,誠安里,2018,市長,姚文智,民主進步黨,413,2211,18.6793
6,大安區,誠安里,2018,市長,柯文哲,無黨籍及未經政黨推薦,813,2211,36.7707
6,大安區,誠安里,2018,市長,李錫錕,無黨籍及未經政黨推薦,9,2211,0.4071
6,大安區,誠安里,2020,立委,沈宜璇,台灣維新,16,2481,0.6449
6,大安區,誠安里,2020,立委,楊攸凱,無黨籍及未經政黨推薦,18,2481,0.7255
6,大安區,誠安里,2020,立委,林奕華,中國國民黨,1234,2481,49.738
6,大安區,誠安里,2020,立委,蕭瑞麟,無黨籍及未經政黨推薦,5,2481,0.2015
6,大安區,誠安里,2020,立委,羅世晧,勞動黨,13,2481,0.524
6,大安區,誠安里,2020,立委,謝佩芬,民主進步黨,1129,2481,45.5058
6,大安區,誠安里,2020,立委,黃典本,無黨籍及未經政黨推薦,3,2481,0.1209
6,大安區,誠安里,2020,立委,孟藹倫,中華婦女黨,36,2481,1.451
6,大安區,誠安里,2020,立委,張余健,喜樂島聯盟,9,2481,0.3628
6,大安區,誠安里,2020,立委,葉日勤,台灣基進,18,2481,0.7255
6,大安區,誠安里,2020,總統,宋楚瑜,親民黨,104,2516,4.1335
6,大安區,誠安里,2020,總統,韓國瑜,中國國民黨,1121,2516,44.5548
6,大安區,誠安里,2020,總統,蔡英文,民主進步黨,1291,2516,51.3116
6,大安區,誠安里,2022,市長,張家豪,台灣動物保護黨,4,2052,0.1949
6,大安區,誠安里,2022,市長,王文娟,無黨籍及未經政黨推薦,0,2052,0.0
6,大安區,誠安里,2022,市長,鄭匡宇,無黨籍及未經政黨推薦,0,2052,0.0
6,大安區,誠安里,2022,市長,黃聖峰,台澎黨,1,2052,0.0487
6,大安區,誠安里,2022,市長,童文薰,無黨籍及未經政黨推薦,3,2052,0.1462
6,大安區,誠安里,2022,市長,蔣萬安,中國國民黨,919,2052,44.7856
6,大安區,誠安里,2022,市長,蘇煥智,台灣維新,1,2052,0.0487
6,大安區,誠安里,2022,市長,黃珊珊,無黨籍及未經政黨推薦,403,2052,19.6394
6,大安區,誠安里,2022,市長,施奉先,無黨籍及未經政黨推薦,0,2052,0.0
6,大安區,誠安里,2022,市長,唐新民,共和黨,0,2052,0.0
6,大安區,誠安里,2022,市長,謝立康,無黨籍及未經政黨推薦,0,2052,0.0
6,大安區,誠安里,2022,市長,陳時中,民主進步黨,721,2052,35.1365
6,大安區,誠安里,2024,立委,張雪卿,制度救世島,21,2235,0.9396
6,大安區,誠安里,2024,立委,苗博雅,社會民主黨,1087,2235,48.6353
6,大安區,誠安里,2024,立委,崔建章,臺灣雙語無法黨,42,2235,1.8792
6,大安區,誠安里,2024,立委,羅智強,中國國民黨,1079,2235,48.2774
6,大安區,誠安里,2024,立委,朱翊銘,台灣維新,6,2235,0.2685
6,大安區,誠安里,2024,總統,柯文哲,台灣民眾黨,412,2298,17.9286
6,大安區,誠安里,2024,總統,賴清德,民主進步黨,943,2298,41.0357
6,大安區,誠安里,2024,總統,侯友宜,中國國民黨,943,2298,41.0357
6,大安區,車層里,2014,市長,陳汝斌,三等國民公義人權自救黨,3,3558,0.0843
6,大安區,車層里,2014,市長,趙衍慶,無黨籍及未經政黨推薦,30,3558,0.8432
6,大安區,車層里,2014,市長,李宏信,無黨籍及未經政黨推薦,3,3558,0.0843
6,大安區,車層里,2014,市長,陳永昌,無黨籍及未經政黨推薦,1,3558,0.0281
6,大安區,車層里,2014,市長,馮光遠,無黨籍及未經政黨推薦,12,3558,0.3373
6,大安區,車層里,2014,市長,連勝文,中國國民黨,1546,3558,43.4514
6,大安區,車層里,2014,市長,柯文哲,無黨籍及未經政黨推薦,1963,3558,55.1714
6,大安區,車層里,2016,立委,陳家宏,樹黨,42,3402,1.2346
6,大安區,車層里,2016,立委,范雲,綠黨社會民主黨聯盟,1350,3402,39.6825
6,大安區,車層里,2016,立委,龎維良,無黨籍及未經政黨推薦,53,3402,1.5579
6,大安區,車層里,2016,立委,趙衍慶,無黨籍及未經政黨推薦,75,3402,2.2046
6,大安區,車層里,2016,立委,林珍妤,台灣獨立黨,28,3402,0.823
6,大安區,車層里,2016,立委,周芳如,無黨籍及未經政黨推薦,87,3402,2.5573
6,大安區,車層里,2016,立委,蔣慰慈,無黨籍及未經政黨推薦,5,3402,0.147
6,大安區,車層里,2016,立委,鄭村棋,人民民主陣線,128,3402,3.7625
6,大安區,車層里,2016,立委,曾獻瑩,信心希望聯盟,80,3402,2.3516
6,大安區,車層里,2016,立委,蔣乃辛,中國國民黨,1452,3402,42.6808
6,大安區,車層里,2016,立委,古文發,大愛憲改聯盟,3,3402,0.0882
6,大安區,車層里,2016,立委,吳旭智,民國黨,99,3402,2.9101
6,大安區,車層里,2016,總統,朱立倫,中國國民黨,1426,3444,41.4053
6,大安區,車層里,2016,總統,蔡英文,民主進步黨,1731,3444,50.2613
6,大安區,車層里,2016,總統,宋楚瑜,親民黨,287,3444,8.3333
6,大安區,車層里,2018,市長,吳蕚洋,無黨籍及未經政黨推薦,14,3263,0.4291
6,大安區,車層里,2018,市長,丁守中,中國國民黨,1522,3263,46.6442
6,大安區,車層里,2018,市長,姚文智,民主進步黨,553,3263,16.9476
6,大安區,車層里,2018,市長,柯文哲,無黨籍及未經政黨推薦,1162,3263,35.6114
6,大安區,車層里,2018,市長,李錫錕,無黨籍及未經政黨推薦,12,3263,0.3678
6,大安區,車層里,2020,立委,沈宜璇,台灣維新,37,3807,0.9719
6,大安區,車層里,2020,立委,楊攸凱,無黨籍及未經政黨推薦,18,3807,0.4728
6,大安區,車層里,2020,立委,林奕華,中國國民黨,1928,3807,50.6436
6,大安區,車層里,2020,立委,蕭瑞麟,無黨籍及未經政黨推薦,13,3807,0.3415
6,大安區,車層里,2020,立委,羅世晧,勞動黨,16,3807,0.4203
6,大安區,車層里,2020,立委,謝佩芬,民主進步黨,1691,3807,44.4182
6,大安區,車層里,2020,立委,黃典本,無黨籍及未經政黨推薦,2,3807,0.0525
6,大安區,車層里,2020,立委,孟藹倫,中華婦女黨,60,3807,1.576
6,大安區,車層里,2020,立委,張余健,喜樂島聯盟,15,3807,0.394
6,大安區,車層里,2020,立委,葉日勤,台灣基進,27,3807,0.7092
6,大安區,車層里,2020,總統,宋楚瑜,親民黨,140,3881,3.6073
6,大安區,車層里,2020,總統,韓國瑜,中國國民黨,1797,3881,46.3025
6,大安區,車層里,2020,總統,蔡英文,民主進步黨,1944,3881,50.0902
6,大安區,車層里,2022,市長,張家豪,台灣動物保護黨,7,3128,0.2238
6,大安區,車層里,2022,市長,王文娟,無黨籍及未經政黨推薦,0,3128,0.0
6,大安區,車層里,2022,市長,鄭匡宇,無黨籍及未經政黨推薦,0,3128,0.0
6,大安區,車層里,2022,市長,黃聖峰,台澎黨,2,3128,0.0639
6,大安區,車層里,2022,市長,童文薰,無黨籍及未經政黨推薦,5,3128,0.1598
6,大安區,車層里,2022,市長,蔣萬安,中國國民黨,1409,3128,45.0448
6,大安區,車層里,2022,市長,蘇煥智,台灣維新,3,3128,0.0959
6,大安區,車層里,2022,市長,黃珊珊,無黨籍及未經政黨推薦,623,3128,19.9169
6,大安區,車層里,2022,市長,施奉先,無黨籍及未經政黨推薦,0,3128,0.0
6,大安區,車層里,2022,市長,唐新民,共和黨,1,3128,0.032
6,大安區,車層里,2022,市長,謝立康,無黨籍及未經政黨推薦,0,3128,0.0
6,大安區,車層里,2022,市長,陳時中,民主進步黨,1078,3128,34.4629
6,大安區,車層里,2024,立委,張雪卿,制度救世島,18,3466,0.5193
6,大安區,車層里,2024,立委,苗博雅,社會民主黨,1604,3466,46.2781
6,大安區,車層里,2024,立委,崔建章,臺灣雙語無法黨,50,3466,1.4426
6,大安區,車層里,2024,立委,羅智強,中國國民黨,1782,3466,51.4137
6,大安區,車層里,2024,立委,朱翊銘,台灣維新,12,3466,0.3462
6,大安區,車層里,2024,總統,柯文哲,台灣民眾黨,670,3562,18.8097
6,大安區,車層里,2024,總統,賴清德,民主進步黨,1392,3562,39.0792
6,大安區,車層里,2024,總統,侯友宜,中國國民黨,1500,3562,42.1112
6,大安區,通化里,2014,市長,陳汝斌,三等國民公義人權自救黨,10,3697,0.2705
6,大安區,通化里,2014,市長,趙衍慶,無黨籍及未經政黨推薦,39,3697,1.0549
6,大安區,通化里,2014,市長,李宏信,無黨籍及未經政黨推薦,10,3697,0.2705
6,大安區,通化里,2014,市長,陳永昌,無黨籍及未經政黨推薦,8,3697,0.2164
6,大安區,通化里,2014,市長,馮光遠,無黨籍及未經政黨推薦,23,3697,0.6221
6,大安區,通化里,2014,市長,連勝文,中國國民黨,1450,3697,39.221
6,大安區,通化里,2014,市長,柯文哲,無黨籍及未經政黨推薦,2157,3697,58.3446
6,大安區,通化里,2016,立委,陳家宏,樹黨,48,3484,1.3777
6,大安區,通化里,2016,立委,范雲,綠黨社會民主黨聯盟,1393,3484,39.9828
6,大安區,通化里,2016,立委,龎維良,無黨籍及未經政黨推薦,67,3484,1.9231
6,大安區,通化里,2016,立委,趙衍慶,無黨籍及未經政黨推薦,70,3484,2.0092
6,大安區,通化里,2016,立委,林珍妤,台灣獨立黨,36,3484,1.0333
6,大安區,通化里,2016,立委,周芳如,無黨籍及未經政黨推薦,100,3484,2.8703
6,大安區,通化里,2016,立委,蔣慰慈,無黨籍及未經政黨推薦,5,3484,0.1435
6,大安區,通化里,2016,立委,鄭村棋,人民民主陣線,109,3484,3.1286
6,大安區,通化里,2016,立委,曾獻瑩,信心希望聯盟,70,3484,2.0092
6,大安區,通化里,2016,立委,蔣乃辛,中國國民黨,1426,3484,40.93
6,大安區,通化里,2016,立委,古文發,大愛憲改聯盟,8,3484,0.2296
6,大安區,通化里,2016,立委,吳旭智,民國黨,152,3484,4.3628
6,大安區,通化里,2016,總統,朱立倫,中國國民黨,1222,3526,34.6568
6,大安區,通化里,2016,總統,蔡英文,民主進步黨,1899,3526,53.8571
6,大安區,通化里,2016,總統,宋楚瑜,親民黨,405,3526,11.4861
6,大安區,通化里,2018,市長,吳蕚洋,無黨籍及未經政黨推薦,12,3352,0.358
6,大安區,通化里,2018,市長,丁守中,中國國民黨,1312,3352,39.1408
6,大安區,通化里,2018,市長,姚文智,民主進步黨,646,3352,19.2721
6,大安區,通化里,2018,市長,柯文哲,無黨籍及未經政黨推薦,1371,3352,40.901
6,大安區,通化里,2018,市長,李錫錕,無黨籍及未經政黨推薦,11,3352,0.3282
6,大安區,通化里,2020,立委,沈宜璇,台灣維新,29,3896,0.7444
6,大安區,通化里,2020,立委,楊攸凱,無黨籍及未經政黨推薦,23,3896,0.5903
6,大安區,通化里,2020,立委,林奕華,中國國民黨,1805,3896,46.3296
6,大安區,通化里,2020,立委,蕭瑞麟,無黨籍及未經政黨推薦,14,3896,0.3593
6,大安區,通化里,2020,立委,羅世晧,勞動黨,20,3896,0.5133
6,大安區,通化里,2020,立委,謝佩芬,民主進步黨,1898,3896,48.7166
6,大安區,通化里,2020,立委,黃典本,無黨籍及未經政黨推薦,9,3896,0.231
6,大安區,通化里,2020,立委,孟藹倫,中華婦女黨,45,3896,1.155
6,大安區,通化里,2020,立委,張余健,喜樂島聯盟,20,3896,0.5133
6,大安區,通化里,2020,立委,葉日勤,台灣基進,33,3896,0.847
6,大安區,通化里,2020,總統,宋楚瑜,親民黨,185,3957,4.6753
6,大安區,通化里,2020,總統,韓國瑜,中國國民黨,1563,3957,39.4996
6,大安區,通化里,2020,總統,蔡英文,民主進步黨,2209,3957,55.8251
6,大安區,通化里,2022,市長,張家豪,台灣動物保護黨,6,3270,0.1835
6,大安區,通化里,2022,市長,王文娟,無黨籍及未經政黨推薦,3,3270,0.0917
6,大安區,通化里,2022,市長,鄭匡宇,無黨籍及未經政黨推薦,2,3270,0.0612
6,大安區,通化里,2022,市長,黃聖峰,台澎黨,0,3270,0.0
6,大安區,通化里,2022,市長,童文薰,無黨籍及未經政黨推薦,5,3270,0.1529
6,大安區,通化里,2022,市長,蔣萬安,中國國民黨,1357,3270,41.4985
6,大安區,通化里,2022,市長,蘇煥智,台灣維新,3,3270,0.0917
6,大安區,通化里,2022,市長,黃珊珊,無黨籍及未經政黨推薦,762,3270,23.3028
6,大安區,通化里,2022,市長,施奉先,無黨籍及未經政黨推薦,1,3270,0.0306
6,大安區,通化里,2022,市長,唐新民,共和黨,2,3270,0.0612
6,大安區,通化里,2022,市長,謝立康,無黨籍及未經政黨推薦,0,3270,0.0
6,大安區,通化里,2022,市長,陳時中,民主進步黨,1129,3270,34.526
6,大安區,通化里,2024,立委,張雪卿,制度救世島,26,3505,0.7418
6,大安區,通化里,2024,立委,苗博雅,社會民主黨,1779,3505,50.7561
6,大安區,通化里,2024,立委,崔建章,臺灣雙語無法黨,44,3505,1.2553
6,大安區,通化里,2024,立委,羅智強,中國國民黨,1641,3505,46.8188
6,大安區,通化里,2024,立委,朱翊銘,台灣維新,15,3505,0.428
6,大安區,通化里,2024,總統,柯文哲,台灣民眾黨,844,3610,23.3795
6,大安區,通化里,2024,總統,賴清德,民主進步黨,1421,3610,39.3629
6,大安區,通化里,2024,總統,侯友宜,中國國民黨,1345,3610,37.2576
6,大安區,通安里,2014,市長,陳汝斌,三等國民公義人權自救黨,2,3270,0.0612
6,大安區,通安里,2014,市長,趙衍慶,無黨籍及未經政黨推薦,31,3270,0.948
6,大安區,通安里,2014,市長,李宏信,無黨籍及未經政黨推薦,1,3270,0.0306
6,大安區,通安里,2014,市長,陳永昌,無黨籍及未經政黨推薦,5,3270,0.1529
6,大安區,通安里,2014,市長,馮光遠,無黨籍及未經政黨推薦,15,3270,0.4587
6,大安區,通安里,2014,市長,連勝文,中國國民黨,1405,3270,42.9664
6,大安區,通安里,2014,市長,柯文哲,無黨籍及未經政黨推薦,1811,3270,55.3823
6,大安區,通安里,2016,立委,陳家宏,樹黨,33,3212,1.0274
6,大安區,通安里,2016,立委,范雲,綠黨社會民主黨聯盟,1224,3212,38.1071
6,大安區,通安里,2016,立委,龎維良,無黨籍及未經政黨推薦,55,3212,1.7123
6,大安區,通安里,2016,立委,趙衍慶,無黨籍及未經政黨推薦,66,3212,2.0548
6,大安區,通安里,2016,立委,林珍妤,台灣獨立黨,25,3212,0.7783
6,大安區,通安里,2016,立委,周芳如,無黨籍及未經政黨推薦,85,3212,2.6463
6,大安區,通安里,2016,立委,蔣慰慈,無黨籍及未經政黨推薦,3,3212,0.0934
6,大安區,通安里,2016,立委,鄭村棋,人民民主陣線,104,3212,3.2379
6,大安區,通安里,2016,立委,曾獻瑩,信心希望聯盟,79,3212,2.4595
6,大安區,通安里,2016,立委,蔣乃辛,中國國民黨,1409,3212,43.8667
6,大安區,通安里,2016,立委,古文發,大愛憲改聯盟,2,3212,0.0623
6,大安區,通安里,2016,立委,吳旭智,民國黨,127,3212,3.9539
6,大安區,通安里,2016,總統,朱立倫,中國國民黨,1284,3265,39.3262
6,大安區,通安里,2016,總統,蔡英文,民主進步黨,1610,3265,49.3109
6,大安區,通安里,2016,總統,宋楚瑜,親民黨,371,3265,11.3629
6,大安區,通安里,2018,市長,吳蕚洋,無黨籍及未經政黨推薦,10,3185,0.314
6,大安區,通安里,2018,市長,丁守中,中國國民黨,1389,3185,43.6107
6,大安區,通安里,2018,市長,姚文智,民主進步黨,567,3185,17.8022
6,大安區,通安里,2018,市長,柯文哲,無黨籍及未經政黨推薦,1197,3185,37.5824
6,大安區,通安里,2018,市長,李錫錕,無黨籍及未經政黨推薦,22,3185,0.6907
6,大安區,通安里,2020,立委,沈宜璇,台灣維新,22,3416,0.644
6,大安區,通安里,2020,立委,楊攸凱,無黨籍及未經政黨推薦,28,3416,0.8197
6,大安區,通安里,2020,立委,林奕華,中國國民黨,1750,3416,51.2295
6,大安區,通安里,2020,立委,蕭瑞麟,無黨籍及未經政黨推薦,9,3416,0.2635
6,大安區,通安里,2020,立委,羅世晧,勞動黨,6,3416,0.1756
6,大安區,通安里,2020,立委,謝佩芬,民主進步黨,1506,3416,44.0867
6,大安區,通安里,2020,立委,黃典本,無黨籍及未經政黨推薦,2,3416,0.0585
6,大安區,通安里,2020,立委,孟藹倫,中華婦女黨,47,3416,1.3759
6,大安區,通安里,2020,立委,張余健,喜樂島聯盟,15,3416,0.4391
6,大安區,通安里,2020,立委,葉日勤,台灣基進,31,3416,0.9075
6,大安區,通安里,2020,總統,宋楚瑜,親民黨,148,3476,4.2578
6,大安區,通安里,2020,總統,韓國瑜,中國國民黨,1585,3476,45.5984
6,大安區,通安里,2020,總統,蔡英文,民主進步黨,1743,3476,50.1438
6,大安區,通安里,2022,市長,張家豪,台灣動物保護黨,6,2937,0.2043
6,大安區,通安里,2022,市長,王文娟,無黨籍及未經政黨推薦,1,2937,0.034
6,大安區,通安里,2022,市長,鄭匡宇,無黨籍及未經政黨推薦,1,2937,0.034
6,大安區,通安里,2022,市長,黃聖峰,台澎黨,1,2937,0.034
6,大安區,通安里,2022,市長,童文薰,無黨籍及未經政黨推薦,6,2937,0.2043
6,大安區,通安里,2022,市長,蔣萬安,中國國民黨,1365,2937,46.476
6,大安區,通安里,2022,市長,蘇煥智,台灣維新,3,2937,0.1021
6,大安區,通安里,2022,市長,黃珊珊,無黨籍及未經政黨推薦,624,2937,21.2462
6,大安區,通安里,2022,市長,施奉先,無黨籍及未經政黨推薦,0,2937,0.0
6,大安區,通安里,2022,市長,唐新民,共和黨,0,2937,0.0
6,大安區,通安里,2022,市長,謝立康,無黨籍及未經政黨推薦,0,2937,0.0
6,大安區,通安里,2022,市長,陳時中,民主進步黨,930,2937,31.665
6,大安區,通安里,2024,立委,張雪卿,制度救世島,13,3166,0.4106
6,大安區,通安里,2024,立委,苗博雅,社會民主黨,1413,3166,44.6304
6,大安區,通安里,2024,立委,崔建章,臺灣雙語無法黨,48,3166,1.5161
6,大安區,通安里,2024,立委,羅智強,中國國民黨,1675,3166,52.9059
6,大安區,通安里,2024,立委,朱翊銘,台灣維新,17,3166,0.537
6,大安區,通安里,2024,總統,柯文哲,台灣民眾黨,701,3247,21.5892
6,大安區,通安里,2024,總統,賴清德,民主進步黨,1208,3247,37.2036
6,大安區,通安里,2024,總統,侯友宜,中國國民黨,1338,3247,41.2073
6,大安區,錦安里,2014,市長,陳汝斌,三等國民公義人權自救黨,4,3296,0.1214
6,大安區,錦安里,2014,市長,趙衍慶,無黨籍及未經政黨推薦,38,3296,1.1529
6,大安區,錦安里,2014,市長,李宏信,無黨籍及未經政黨推薦,7,3296,0.2124
6,大安區,錦安里,2014,市長,陳永昌,無黨籍及未經政黨推薦,9,3296,0.2731
6,大安區,錦安里,2014,市長,馮光遠,無黨籍及未經政黨推薦,22,3296,0.6675
6,大安區,錦安里,2014,市長,連勝文,中國國民黨,1476,3296,44.7816
6,大安區,錦安里,2014,市長,柯文哲,無黨籍及未經政黨推薦,1740,3296,52.7913
6,大安區,錦安里,2016,立委,陳家宏,樹黨,40,3126,1.2796
6,大安區,錦安里,2016,立委,范雲,綠黨社會民主黨聯盟,1143,3126,36.5643
6,大安區,錦安里,2016,立委,龎維良,無黨籍及未經政黨推薦,73,3126,2.3353
6,大安區,錦安里,2016,立委,趙衍慶,無黨籍及未經政黨推薦,51,3126,1.6315
6,大安區,錦安里,2016,立委,林珍妤,台灣獨立黨,23,3126,0.7358
6,大安區,錦安里,2016,立委,周芳如,無黨籍及未經政黨推薦,73,3126,2.3353
6,大安區,錦安里,2016,立委,蔣慰慈,無黨籍及未經政黨推薦,5,3126,0.1599
6,大安區,錦安里,2016,立委,鄭村棋,人民民主陣線,90,3126,2.8791
6,大安區,錦安里,2016,立委,曾獻瑩,信心希望聯盟,108,3126,3.4549
6,大安區,錦安里,2016,立委,蔣乃辛,中國國民黨,1440,3126,46.0653
6,大安區,錦安里,2016,立委,古文發,大愛憲改聯盟,4,3126,0.128
6,大安區,錦安里,2016,立委,吳旭智,民國黨,76,3126,2.4312
6,大安區,錦安里,2016,總統,朱立倫,中國國民黨,1343,3149,42.6485
6,大安區,錦安里,2016,總統,蔡英文,民主進步黨,1486,3149,47.1896
6,大安區,錦安里,2016,總統,宋楚瑜,親民黨,320,3149,10.162
6,大安區,錦安里,2018,市長,吳蕚洋,無黨籍及未經政黨推薦,17,3161,0.5378
6,大安區,錦安里,2018,市長,丁守中,中國國民黨,1378,3161,43.5938
6,大安區,錦安里,2018,市長,姚文智,民主進步黨,442,3161,13.9829
6,大安區,錦安里,2018,市長,柯文哲,無黨籍及未經政黨推薦,1311,3161,41.4742
6,大安區,錦安里,2018,市長,李錫錕,無黨籍及未經政黨推薦,13,3161,0.4113
6,大安區,錦安里,2020,立委,沈宜璇,台灣維新,28,3492,0.8018
6,大安區,錦安里,2020,立委,楊攸凱,無黨籍及未經政黨推薦,19,3492,0.5441
6,大安區,錦安里,2020,立委,林奕華,中國國民黨,1823,3492,52.205
6,大安區,錦安里,2020,立委,蕭瑞麟,無黨籍及未經政黨推薦,12,3492,0.3436
6,大安區,錦安里,2020,立委,羅世晧,勞動黨,9,3492,0.2577
6,大安區,錦安里,2020,立委,謝佩芬,民主進步黨,1496,3492,42.8408
6,大安區,錦安里,2020,立委,黃典本,無黨籍及未經政黨推薦,5,3492,0.1432
6,大安區,錦安里,2020,立委,孟藹倫,中華婦女黨,63,3492,1.8041
6,大安區,錦安里,2020,立委,張余健,喜樂島聯盟,8,3492,0.2291
6,大安區,錦安里,2020,立委,葉日勤,台灣基進,29,3492,0.8305
6,大安區,錦安里,2020,總統,宋楚瑜,親民黨,145,3548,4.0868
6,大安區,錦安里,2020,總統,韓國瑜,中國國民黨,1650,3548,46.5051
6,大安區,錦安里,2020,總統,蔡英文,民主進步黨,1753,3548,49.4081
6,大安區,錦安里,2022,市長,張家豪,台灣動物保護黨,6,3020,0.1987
6,大安區,錦安里,2022,市長,王文娟,無黨籍及未經政黨推薦,0,3020,0.0
6,大安區,錦安里,2022,市長,鄭匡宇,無黨籍及未經政黨推薦,0,3020,0.0
6,大安區,錦安里,2022,市長,黃聖峰,台澎黨,0,3020,0.0
6,大安區,錦安里,2022,市長,童文薰,無黨籍及未經政黨推薦,3,3020,0.0993
6,大安區,錦安里,2022,市長,蔣萬安,中國國民黨,1284,3020,42.5166
6,大安區,錦安里,2022,市長,蘇煥智,台灣維新,6,3020,0.1987
6,大安區,錦安里,2022,市長,黃珊珊,無黨籍及未經政黨推薦,792,3020,26.2252
6,大安區,錦安里,2022,市長,施奉先,無黨籍及未經政黨推薦,1,3020,0.0331
6,大安區,錦安里,2022,市長,唐新民,共和黨,1,3020,0.0331
6,大安區,錦安里,2022,市長,謝立康,無黨籍及未經政黨推薦,0,3020,0.0
6,大安區,錦安里,2022,市長,陳時中,民主進步黨,927,3020,30.6954
6,大安區,錦安里,2024,立委,張雪卿,制度救世島,16,3418,0.4681
6,大安區,錦安里,2024,立委,苗博雅,社會民主黨,1626,3418,47.5717
6,大安區,錦安里,2024,立委,崔建章,臺灣雙語無法黨,44,3418,1.2873
6,大安區,錦安里,2024,立委,羅智強,中國國民黨,1717,3418,50.2341
6,大安區,錦安里,2024,立委,朱翊銘,台灣維新,15,3418,0.4389
6,大安區,錦安里,2024,總統,柯文哲,台灣民眾黨,784,3519,22.2791
6,大安區,錦安里,2024,總統,賴清德,民主進步黨,1350,3519,38.3632
6,大安區,錦安里,2024,總統,侯友宜,中國國民黨,1385,3519,39.3578
6,大安區,錦泰里,2014,市長,陳汝斌,三等國民公義人權自救黨,0,1984,0.0
6,大安區,錦泰里,2014,市長,趙衍慶,無黨籍及未經政黨推薦,25,1984,1.2601
6,大安區,錦泰里,2014,市長,李宏信,無黨籍及未經政黨推薦,2,1984,0.1008
6,大安區,錦泰里,2014,市長,陳永昌,無黨籍及未經政黨推薦,0,1984,0.0
6,大安區,錦泰里,2014,市長,馮光遠,無黨籍及未經政黨推薦,11,1984,0.5544
6,大安區,錦泰里,2014,市長,連勝文,中國國民黨,927,1984,46.7238
6,大安區,錦泰里,2014,市長,柯文哲,無黨籍及未經政黨推薦,1019,1984,51.3609
6,大安區,錦泰里,2016,立委,陳家宏,樹黨,25,1859,1.3448
6,大安區,錦泰里,2016,立委,范雲,綠黨社會民主黨聯盟,618,1859,33.2437
6,大安區,錦泰里,2016,立委,龎維良,無黨籍及未經政黨推薦,37,1859,1.9903
6,大安區,錦泰里,2016,立委,趙衍慶,無黨籍及未經政黨推薦,46,1859,2.4744
6,大安區,錦泰里,2016,立委,林珍妤,台灣獨立黨,14,1859,0.7531
6,大安區,錦泰里,2016,立委,周芳如,無黨籍及未經政黨推薦,53,1859,2.851
6,大安區,錦泰里,2016,立委,蔣慰慈,無黨籍及未經政黨推薦,2,1859,0.1076
6,大安區,錦泰里,2016,立委,鄭村棋,人民民主陣線,53,1859,2.851
6,大安區,錦泰里,2016,立委,曾獻瑩,信心希望聯盟,56,1859,3.0124
6,大安區,錦泰里,2016,立委,蔣乃辛,中國國民黨,900,1859,48.4131
6,大安區,錦泰里,2016,立委,古文發,大愛憲改聯盟,0,1859,0.0
6,大安區,錦泰里,2016,立委,吳旭智,民國黨,55,1859,2.9586
6,大安區,錦泰里,2016,總統,朱立倫,中國國民黨,852,1872,45.5128
6,大安區,錦泰里,2016,總統,蔡英文,民主進步黨,860,1872,45.9402
6,大安區,錦泰里,2016,總統,宋楚瑜,親民黨,160,1872,8.547
6,大安區,錦泰里,2018,市長,吳蕚洋,無黨籍及未經政黨推薦,5,1861,0.2687
6,大安區,錦泰里,2018,市長,丁守中,中國國民黨,872,1861,46.8565
6,大安區,錦泰里,2018,市長,姚文智,民主進步黨,221,1861,11.8753
6,大安區,錦泰里,2018,市長,柯文哲,無黨籍及未經政黨推薦,754,1861,40.5159
6,大安區,錦泰里,2018,市長,李錫錕,無黨籍及未經政黨推薦,9,1861,0.4836
6,大安區,錦泰里,2020,立委,沈宜璇,台灣維新,12,2210,0.543
6,大安區,錦泰里,2020,立委,楊攸凱,無黨籍及未經政黨推薦,8,2210,0.362
6,大安區,錦泰里,2020,立委,林奕華,中國國民黨,1196,2210,54.1176
6,大安區,錦泰里,2020,立委,蕭瑞麟,無黨籍及未經政黨推薦,3,2210,0.1357
6,大安區,錦泰里,2020,立委,羅世晧,勞動黨,13,2210,0.5882
6,大安區,錦泰里,2020,立委,謝佩芬,民主進步黨,896,2210,40.543
6,大安區,錦泰里,2020,立委,黃典本,無黨籍及未經政黨推薦,6,2210,0.2715
6,大安區,錦泰里,2020,立委,孟藹倫,中華婦女黨,47,2210,2.1267
6,大安區,錦泰里,2020,立委,張余健,喜樂島聯盟,7,2210,0.3167
6,大安區,錦泰里,2020,立委,葉日勤,台灣基進,22,2210,0.9955
6,大安區,錦泰里,2020,總統,宋楚瑜,親民黨,80,2253,3.5508
6,大安區,錦泰里,2020,總統,韓國瑜,中國國民黨,1106,2253,49.0901
6,大安區,錦泰里,2020,總統,蔡英文,民主進步黨,1067,2253,47.3591
6,大安區,錦泰里,2022,市長,張家豪,台灣動物保護黨,4,1967,0.2034
6,大安區,錦泰里,2022,市長,王文娟,無黨籍及未經政黨推薦,0,1967,0.0
6,大安區,錦泰里,2022,市長,鄭匡宇,無黨籍及未經政黨推薦,0,1967,0.0
6,大安區,錦泰里,2022,市長,黃聖峰,台澎黨,1,1967,0.0508
6,大安區,錦泰里,2022,市長,童文薰,無黨籍及未經政黨推薦,5,1967,0.2542
6,大安區,錦泰里,2022,市長,蔣萬安,中國國民黨,882,1967,44.8399
6,大安區,錦泰里,2022,市長,蘇煥智,台灣維新,6,1967,0.305
6,大安區,錦泰里,2022,市長,黃珊珊,無黨籍及未經政黨推薦,513,1967,26.0803
6,大安區,錦泰里,2022,市長,施奉先,無黨籍及未經政黨推薦,0,1967,0.0
6,大安區,錦泰里,2022,市長,唐新民,共和黨,1,1967,0.0508
6,大安區,錦泰里,2022,市長,謝立康,無黨籍及未經政黨推薦,0,1967,0.0
6,大安區,錦泰里,2022,市長,陳時中,民主進步黨,555,1967,28.2156
6,大安區,錦泰里,2024,立委,張雪卿,制度救世島,14,2115,0.6619
6,大安區,錦泰里,2024,立委,苗博雅,社會民主黨,925,2115,43.7352
6,大安區,錦泰里,2024,立委,崔建章,臺灣雙語無法黨,30,2115,1.4184
6,大安區,錦泰里,2024,立委,羅智強,中國國民黨,1137,2115,53.7589
6,大安區,錦泰里,2024,立委,朱翊銘,台灣維新,9,2115,0.4255
6,大安區,錦泰里,2024,總統,柯文哲,台灣民眾黨,512,2194,23.3364
6,大安區,錦泰里,2024,總統,賴清德,民主進步黨,769,2194,35.0501
6,大安區,錦泰里,2024,總統,侯友宜,中國國民黨,913,2194,41.6135
6,大安區,錦華里,2014,市長,陳汝斌,三等國民公義人權自救黨,1,3123,0.032
6,大安區,錦華里,2014,市長,趙衍慶,無黨籍及未經政黨推薦,21,3123,0.6724
6,大安區,錦華里,2014,市長,李宏信,無黨籍及未經政黨推薦,9,3123,0.2882
6,大安區,錦華里,2014,市長,陳永昌,無黨籍及未經政黨推薦,2,3123,0.064
6,大安區,錦華里,2014,市長,馮光遠,無黨籍及未經政黨推薦,21,3123,0.6724
6,大安區,錦華里,2014,市長,連勝文,中國國民黨,1394,3123,44.6366
6,大安區,錦華里,2014,市長,柯文哲,無黨籍及未經政黨推薦,1675,3123,53.6343
6,大安區,錦華里,2016,立委,陳家宏,樹黨,36,3046,1.1819
6,大安區,錦華里,2016,立委,范雲,綠黨社會民主黨聯盟,1015,3046,33.3224
6,大安區,錦華里,2016,立委,龎維良,無黨籍及未經政黨推薦,43,3046,1.4117
6,大安區,錦華里,2016,立委,趙衍慶,無黨籍及未經政黨推薦,69,3046,2.2653
6,大安區,錦華里,2016,立委,林珍妤,台灣獨立黨,35,3046,1.149
6,大安區,錦華里,2016,立委,周芳如,無黨籍及未經政黨推薦,102,3046,3.3487
6,大安區,錦華里,2016,立委,蔣慰慈,無黨籍及未經政黨推薦,5,3046,0.1641
6,大安區,錦華里,2016,立委,鄭村棋,人民民主陣線,109,3046,3.5785
6,大安區,錦華里,2016,立委,曾獻瑩,信心希望聯盟,88,3046,2.889
6,大安區,錦華里,2016,立委,蔣乃辛,中國國民黨,1436,3046,47.1438
6,大安區,錦華里,2016,立委,古文發,大愛憲改聯盟,1,3046,0.0328
6,大安區,錦華里,2016,立委,吳旭智,民國黨,107,3046,3.5128
6,大安區,錦華里,2016,總統,朱立倫,中國國民黨,1369,3081,44.4336
6,大安區,錦華里,2016,總統,蔡英文,民主進步黨,1451,3081,47.0951
6,大安區,錦華里,2016,總統,宋楚瑜,親民黨,261,3081,8.4713
6,大安區,錦華里,2018,市長,吳蕚洋,無黨籍及未經政黨推薦,17,2938,0.5786
6,大安區,錦華里,2018,市長,丁守中,中國國民黨,1278,2938,43.499
6,大安區,錦華里,2018,市長,姚文智,民主進步黨,395,2938,13.4445
6,大安區,錦華里,2018,市長,柯文哲,無黨籍及未經政黨推薦,1232,2938,41.9333
6,大安區,錦華里,2018,市長,李錫錕,無黨籍及未經政黨推薦,16,2938,0.5446
6,大安區,錦華里,2020,立委,沈宜璇,台灣維新,22,3483,0.6316
6,大安區,錦華里,2020,立委,楊攸凱,無黨籍及未經政黨推薦,16,3483,0.4594
6,大安區,錦華里,2020,立委,林奕華,中國國民黨,1780,3483,51.1054
6,大安區,錦華里,2020,立委,蕭瑞麟,無黨籍及未經政黨推薦,14,3483,0.402
6,大安區,錦華里,2020,立委,羅世晧,勞動黨,14,3483,0.402
6,大安區,錦華里,2020,立委,謝佩芬,民主進步黨,1529,3483,43.8989
6,大安區,錦華里,2020,立委,黃典本,無黨籍及未經政黨推薦,4,3483,0.1148
6,大安區,錦華里,2020,立委,孟藹倫,中華婦女黨,54,3483,1.5504
6,大安區,錦華里,2020,立委,張余健,喜樂島聯盟,11,3483,0.3158
6,大安區,錦華里,2020,立委,葉日勤,台灣基進,39,3483,1.1197
6,大安區,錦華里,2020,總統,宋楚瑜,親民黨,155,3562,4.3515
6,大安區,錦華里,2020,總統,韓國瑜,中國國民黨,1600,3562,44.9186
6,大安區,錦華里,2020,總統,蔡英文,民主進步黨,1807,3562,50.7299
6,大安區,錦華里,2022,市長,張家豪,台灣動物保護黨,2,2974,0.0672
6,大安區,錦華里,2022,市長,王文娟,無黨籍及未經政黨推薦,0,2974,0.0
6,大安區,錦華里,2022,市長,鄭匡宇,無黨籍及未經政黨推薦,1,2974,0.0336
6,大安區,錦華里,2022,市長,黃聖峰,台澎黨,1,2974,0.0336
6,大安區,錦華里,2022,市長,童文薰,無黨籍及未經政黨推薦,5,2974,0.1681
6,大安區,錦華里,2022,市長,蔣萬安,中國國民黨,1319,2974,44.351
6,大安區,錦華里,2022,市長,蘇煥智,台灣維新,7,2974,0.2354
6,大安區,錦華里,2022,市長,黃珊珊,無黨籍及未經政黨推薦,791,2974,26.5972
6,大安區,錦華里,2022,市長,施奉先,無黨籍及未經政黨推薦,0,2974,0.0
6,大安區,錦華里,2022,市長,唐新民,共和黨,0,2974,0.0
6,大安區,錦華里,2022,市長,謝立康,無黨籍及未經政黨推薦,1,2974,0.0336
6,大安區,錦華里,2022,市長,陳時中,民主進步黨,847,2974,28.4802
6,大安區,錦華里,2024,立委,張雪卿,制度救世島,17,3366,0.5051
6,大安區,錦華里,2024,立委,苗博雅,社會民主黨,1467,3366,43.5829
6,大安區,錦華里,2024,立委,崔建章,臺灣雙語無法黨,43,3366,1.2775
6,大安區,錦華里,2024,立委,羅智強,中國國民黨,1826,3366,54.2484
6,大安區,錦華里,2024,立委,朱翊銘,台灣維新,13,3366,0.3862
6,大安區,錦華里,2024,總統,柯文哲,台灣民眾黨,822,3498,23.4991
6,大安區,錦華里,2024,總統,賴清德,民主進步黨,1225,3498,35.02
6,大安區,錦華里,2024,總統,侯友宜,中國國民黨,1451,3498,41.4808
6,大安區,黎元里,2014,市長,陳汝斌,三等國民公義人權自救黨,3,3324,0.0903
6,大安區,黎元里,2014,市長,趙衍慶,無黨籍及未經政黨推薦,44,3324,1.3237
6,大安區,黎元里,2014,市長,李宏信,無黨籍及未經政黨推薦,5,3324,0.1504
6,大安區,黎元里,2014,市長,陳永昌,無黨籍及未經政黨推薦,2,3324,0.0602
6,大安區,黎元里,2014,市長,馮光遠,無黨籍及未經政黨推薦,27,3324,0.8123
6,大安區,黎元里,2014,市長,連勝文,中國國民黨,1389,3324,41.787
6,大安區,黎元里,2014,市長,柯文哲,無黨籍及未經政黨推薦,1854,3324,55.7762
6,大安區,黎元里,2016,立委,陳家宏,樹黨,38,3103,1.2246
6,大安區,黎元里,2016,立委,范雲,綠黨社會民主黨聯盟,1109,3103,35.7396
6,大安區,黎元里,2016,立委,龎維良,無黨籍及未經政黨推薦,63,3103,2.0303
6,大安區,黎元里,2016,立委,趙衍慶,無黨籍及未經政黨推薦,76,3103,2.4492
6,大安區,黎元里,2016,立委,林珍妤,台灣獨立黨,25,3103,0.8057
6,大安區,黎元里,2016,立委,周芳如,無黨籍及未經政黨推薦,95,3103,3.0616
6,大安區,黎元里,2016,立委,蔣慰慈,無黨籍及未經政黨推薦,5,3103,0.1611
6,大安區,黎元里,2016,立委,鄭村棋,人民民主陣線,79,3103,2.5459
6,大安區,黎元里,2016,立委,曾獻瑩,信心希望聯盟,72,3103,2.3203
6,大安區,黎元里,2016,立委,蔣乃辛,中國國民黨,1372,3103,44.2153
6,大安區,黎元里,2016,立委,古文發,大愛憲改聯盟,4,3103,0.1289
6,大安區,黎元里,2016,立委,吳旭智,民國黨,165,3103,5.3174
6,大安區,黎元里,2016,總統,朱立倫,中國國民黨,1156,3149,36.7101
6,大安區,黎元里,2016,總統,蔡英文,民主進步黨,1613,3149,51.2226
6,大安區,黎元里,2016,總統,宋楚瑜,親民黨,380,3149,12.0673
6,大安區,黎元里,2018,市長,吳蕚洋,無黨籍及未經政黨推薦,12,3160,0.3797
6,大安區,黎元里,2018,市長,丁守中,中國國民黨,1318,3160,41.7089
6,大安區,黎元里,2018,市長,姚文智,民主進步黨,492,3160,15.5696
6,大安區,黎元里,2018,市長,柯文哲,無黨籍及未經政黨推薦,1325,3160,41.9304
6,大安區,黎元里,2018,市長,李錫錕,無黨籍及未經政黨推薦,13,3160,0.4114
6,大安區,黎元里,2020,立委,沈宜璇,台灣維新,24,3487,0.6883
6,大安區,黎元里,2020,立委,楊攸凱,無黨籍及未經政黨推薦,23,3487,0.6596
6,大安區,黎元里,2020,立委,林奕華,中國國民黨,1782,3487,51.1041
6,大安區,黎元里,2020,立委,蕭瑞麟,無黨籍及未經政黨推薦,10,3487,0.2868
6,大安區,黎元里,2020,立委,羅世晧,勞動黨,11,3487,0.3155
6,大安區,黎元里,2020,立委,謝佩芬,民主進步黨,1522,3487,43.6478
6,大安區,黎元里,2020,立委,黃典本,無黨籍及未經政黨推薦,6,3487,0.1721
6,大安區,黎元里,2020,立委,孟藹倫,中華婦女黨,56,3487,1.606
6,大安區,黎元里,2020,立委,張余健,喜樂島聯盟,21,3487,0.6022
6,大安區,黎元里,2020,立委,葉日勤,台灣基進,32,3487,0.9177
6,大安區,黎元里,2020,總統,宋楚瑜,親民黨,139,3540,3.9266
6,大安區,黎元里,2020,總統,韓國瑜,中國國民黨,1557,3540,43.9831
6,大安區,黎元里,2020,總統,蔡英文,民主進步黨,1844,3540,52.0904
6,大安區,黎元里,2022,市長,張家豪,台灣動物保護黨,9,3035,0.2965
6,大安區,黎元里,2022,市長,王文娟,無黨籍及未經政黨推薦,1,3035,0.0329
6,大安區,黎元里,2022,市長,鄭匡宇,無黨籍及未經政黨推薦,0,3035,0.0
6,大安區,黎元里,2022,市長,黃聖峰,台澎黨,1,3035,0.0329
6,大安區,黎元里,2022,市長,童文薰,無黨籍及未經政黨推薦,5,3035,0.1647
6,大安區,黎元里,2022,市長,蔣萬安,中國國民黨,1324,3035,43.6244
6,大安區,黎元里,2022,市長,蘇煥智,台灣維新,6,3035,0.1977
6,大安區,黎元里,2022,市長,黃珊珊,無黨籍及未經政黨推薦,784,3035,25.832
6,大安區,黎元里,2022,市長,施奉先,無黨籍及未經政黨推薦,2,3035,0.0659
6,大安區,黎元里,2022,市長,唐新民,共和黨,1,3035,0.0329
6,大安區,黎元里,2022,市長,謝立康,無黨籍及未經政黨推薦,0,3035,0.0
6,大安區,黎元里,2022,市長,陳時中,民主進步黨,902,3035,29.7199
6,大安區,黎元里,2024,立委,張雪卿,制度救世島,16,3268,0.4896
6,大安區,黎元里,2024,立委,苗博雅,社會民主黨,1570,3268,48.0416
6,大安區,黎元里,2024,立委,崔建章,臺灣雙語無法黨,39,3268,1.1934
6,大安區,黎元里,2024,立委,羅智強,中國國民黨,1625,3268,49.7246
6,大安區,黎元里,2024,立委,朱翊銘,台灣維新,18,3268,0.5508
6,大安區,黎元里,2024,總統,柯文哲,台灣民眾黨,799,3379,23.646
6,大安區,黎元里,2024,總統,賴清德,民主進步黨,1225,3379,36.2533
6,大安區,黎元里,2024,總統,侯友宜,中國國民黨,1355,3379,40.1006
6,大安區,黎和里,2014,市長,陳汝斌,三等國民公義人權自救黨,2,2835,0.0705
6,大安區,黎和里,2014,市長,趙衍慶,無黨籍及未經政黨推薦,35,2835,1.2346
6,大安區,黎和里,2014,市長,李宏信,無黨籍及未經政黨推薦,6,2835,0.2116
6,大安區,黎和里,2014,市長,陳永昌,無黨籍及未經政黨推薦,3,2835,0.1058
6,大安區,黎和里,2014,市長,馮光遠,無黨籍及未經政黨推薦,24,2835,0.8466
6,大安區,黎和里,2014,市長,連勝文,中國國民黨,1386,2835,48.8889
6,大安區,黎和里,2014,市長,柯文哲,無黨籍及未經政黨推薦,1379,2835,48.642
6,大安區,黎和里,2016,立委,陳家宏,樹黨,39,2771,1.4074
6,大安區,黎和里,2016,立委,范雲,綠黨社會民主黨聯盟,909,2771,32.804
6,大安區,黎和里,2016,立委,龎維良,無黨籍及未經政黨推薦,45,2771,1.624
6,大安區,黎和里,2016,立委,趙衍慶,無黨籍及未經政黨推薦,43,2771,1.5518
6,大安區,黎和里,2016,立委,林珍妤,台灣獨立黨,32,2771,1.1548
6,大安區,黎和里,2016,立委,周芳如,無黨籍及未經政黨推薦,71,2771,2.5623
6,大安區,黎和里,2016,立委,蔣慰慈,無黨籍及未經政黨推薦,7,2771,0.2526
6,大安區,黎和里,2016,立委,鄭村棋,人民民主陣線,79,2771,2.851
6,大安區,黎和里,2016,立委,曾獻瑩,信心希望聯盟,69,2771,2.4901
6,大安區,黎和里,2016,立委,蔣乃辛,中國國民黨,1362,2771,49.1519
6,大安區,黎和里,2016,立委,古文發,大愛憲改聯盟,6,2771,0.2165
6,大安區,黎和里,2016,立委,吳旭智,民國黨,109,2771,3.9336
6,大安區,黎和里,2016,總統,朱立倫,中國國民黨,1267,2803,45.2016
6,大安區,黎和里,2016,總統,蔡英文,民主進步黨,1224,2803,43.6675
6,大安區,黎和里,2016,總統,宋楚瑜,親民黨,312,2803,11.1309
6,大安區,黎和里,2018,市長,吳蕚洋,無黨籍及未經政黨推薦,8,2650,0.3019
6,大安區,黎和里,2018,市長,丁守中,中國國民黨,1295,2650,48.8679
6,大安區,黎和里,2018,市長,姚文智,民主進步黨,357,2650,13.4717
6,大安區,黎和里,2018,市長,柯文哲,無黨籍及未經政黨推薦,979,2650,36.9434
6,大安區,黎和里,2018,市長,李錫錕,無黨籍及未經政黨推薦,11,2650,0.4151
6,大安區,黎和里,2020,立委,沈宜璇,台灣維新,23,3071,0.7489
6,大安區,黎和里,2020,立委,楊攸凱,無黨籍及未經政黨推薦,24,3071,0.7815
6,大安區,黎和里,2020,立委,林奕華,中國國民黨,1741,3071,56.6916
6,大安區,黎和里,2020,立委,蕭瑞麟,無黨籍及未經政黨推薦,10,3071,0.3256
6,大安區,黎和里,2020,立委,羅世晧,勞動黨,13,3071,0.4233
6,大安區,黎和里,2020,立委,謝佩芬,民主進步黨,1170,3071,38.0983
6,大安區,黎和里,2020,立委,黃典本,無黨籍及未經政黨推薦,6,3071,0.1954
6,大安區,黎和里,2020,立委,孟藹倫,中華婦女黨,52,3071,1.6933
6,大安區,黎和里,2020,立委,張余健,喜樂島聯盟,10,3071,0.3256
6,大安區,黎和里,2020,立委,葉日勤,台灣基進,22,3071,0.7164
6,大安區,黎和里,2020,總統,宋楚瑜,親民黨,119,3145,3.7838
6,大安區,黎和里,2020,總統,韓國瑜,中國國民黨,1575,3145,50.0795
6,大安區,黎和里,2020,總統,蔡英文,民主進步黨,1451,3145,46.1367
6,大安區,黎和里,2022,市長,張家豪,台灣動物保護黨,8,2597,0.308
6,大安區,黎和里,2022,市長,王文娟,無黨籍及未經政黨推薦,0,2597,0.0
6,大安區,黎和里,2022,市長,鄭匡宇,無黨籍及未經政黨推薦,0,2597,0.0
6,大安區,黎和里,2022,市長,黃聖峰,台澎黨,1,2597,0.0385
6,大安區,黎和里,2022,市長,童文薰,無黨籍及未經政黨推薦,6,2597,0.231
6,大安區,黎和里,2022,市長,蔣萬安,中國國民黨,1257,2597,48.402
6,大安區,黎和里,2022,市長,蘇煥智,台灣維新,3,2597,0.1155
6,大安區,黎和里,2022,市長,黃珊珊,無黨籍及未經政黨推薦,661,2597,25.4524
6,大安區,黎和里,2022,市長,施奉先,無黨籍及未經政黨推薦,1,2597,0.0385
6,大安區,黎和里,2022,市長,唐新民,共和黨,0,2597,0.0
6,大安區,黎和里,2022,市長,謝立康,無黨籍及未經政黨推薦,0,2597,0.0
6,大安區,黎和里,2022,市長,陳時中,民主進步黨,660,2597,25.4139
6,大安區,黎和里,2024,立委,張雪卿,制度救世島,17,2900,0.5862
6,大安區,黎和里,2024,立委,苗博雅,社會民主黨,1226,2900,42.2759
6,大安區,黎和里,2024,立委,崔建章,臺灣雙語無法黨,50,2900,1.7241
6,大安區,黎和里,2024,立委,羅智強,中國國民黨,1587,2900,54.7241
6,大安區,黎和里,2024,立委,朱翊銘,台灣維新,20,2900,0.6897
6,大安區,黎和里,2024,總統,柯文哲,台灣民眾黨,705,3002,23.4843
6,大安區,黎和里,2024,總統,賴清德,民主進步黨,975,3002,32.4783
6,大安區,黎和里,2024,總統,侯友宜,中國國民黨,1322,3002,44.0373
6,大安區,黎孝里,2014,市長,陳汝斌,三等國民公義人權自救黨,2,4723,0.0423
6,大安區,黎孝里,2014,市長,趙衍慶,無黨籍及未經政黨推薦,66,4723,1.3974
6,大安區,黎孝里,2014,市長,李宏信,無黨籍及未經政黨推薦,5,4723,0.1059
6,大安區,黎孝里,2014,市長,陳永昌,無黨籍及未經政黨推薦,7,4723,0.1482
6,大安區,黎孝里,2014,市長,馮光遠,無黨籍及未經政黨推薦,27,4723,0.5717
6,大安區,黎孝里,2014,市長,連勝文,中國國民黨,2157,4723,45.6701
6,大安區,黎孝里,2014,市長,柯文哲,無黨籍及未經政黨推薦,2459,4723,52.0644
6,大安區,黎孝里,2016,立委,陳家宏,樹黨,52,4534,1.1469
6,大安區,黎孝里,2016,立委,范雲,綠黨社會民主黨聯盟,1592,4534,35.1125
6,大安區,黎孝里,2016,立委,龎維良,無黨籍及未經政黨推薦,74,4534,1.6321
6,大安區,黎孝里,2016,立委,趙衍慶,無黨籍及未經政黨推薦,92,4534,2.0291
6,大安區,黎孝里,2016,立委,林珍妤,台灣獨立黨,33,4534,0.7278
6,大安區,黎孝里,2016,立委,周芳如,無黨籍及未經政黨推薦,118,4534,2.6026
6,大安區,黎孝里,2016,立委,蔣慰慈,無黨籍及未經政黨推薦,5,4534,0.1103
6,大安區,黎孝里,2016,立委,鄭村棋,人民民主陣線,114,4534,2.5143
6,大安區,黎孝里,2016,立委,曾獻瑩,信心希望聯盟,112,4534,2.4702
6,大安區,黎孝里,2016,立委,蔣乃辛,中國國民黨,2159,4534,47.618
6,大安區,黎孝里,2016,立委,古文發,大愛憲改聯盟,6,4534,0.1323
6,大安區,黎孝里,2016,立委,吳旭智,民國黨,177,4534,3.9038
6,大安區,黎孝里,2016,總統,朱立倫,中國國民黨,1920,4582,41.9031
6,大安區,黎孝里,2016,總統,蔡英文,民主進步黨,2137,4582,46.639
6,大安區,黎孝里,2016,總統,宋楚瑜,親民黨,525,4582,11.4579
6,大安區,黎孝里,2018,市長,吳蕚洋,無黨籍及未經政黨推薦,17,4467,0.3806
6,大安區,黎孝里,2018,市長,丁守中,中國國民黨,2012,4467,45.0414
6,大安區,黎孝里,2018,市長,姚文智,民主進步黨,632,4467,14.1482
6,大安區,黎孝里,2018,市長,柯文哲,無黨籍及未經政黨推薦,1790,4467,40.0716
6,大安區,黎孝里,2018,市長,李錫錕,無黨籍及未經政黨推薦,16,4467,0.3582
6,大安區,黎孝里,2020,立委,沈宜璇,台灣維新,42,5048,0.832
6,大安區,黎孝里,2020,立委,楊攸凱,無黨籍及未經政黨推薦,30,5048,0.5943
6,大安區,黎孝里,2020,立委,林奕華,中國國民黨,2602,5048,51.5452
6,大安區,黎孝里,2020,立委,蕭瑞麟,無黨籍及未經政黨推薦,25,5048,0.4952
6,大安區,黎孝里,2020,立委,羅世晧,勞動黨,27,5048,0.5349
6,大安區,黎孝里,2020,立委,謝佩芬,民主進步黨,2171,5048,43.0071
6,大安區,黎孝里,2020,立委,黃典本,無黨籍及未經政黨推薦,1,5048,0.0198
6,大安區,黎孝里,2020,立委,孟藹倫,中華婦女黨,87,5048,1.7235
6,大安區,黎孝里,2020,立委,張余健,喜樂島聯盟,15,5048,0.2971
6,大安區,黎孝里,2020,立委,葉日勤,台灣基進,48,5048,0.9509
6,大安區,黎孝里,2020,總統,宋楚瑜,親民黨,235,5104,4.6042
6,大安區,黎孝里,2020,總統,韓國瑜,中國國民黨,2307,5104,45.1998
6,大安區,黎孝里,2020,總統,蔡英文,民主進步黨,2562,5104,50.1959
6,大安區,黎孝里,2022,市長,張家豪,台灣動物保護黨,3,4230,0.0709
6,大安區,黎孝里,2022,市長,王文娟,無黨籍及未經政黨推薦,0,4230,0.0
6,大安區,黎孝里,2022,市長,鄭匡宇,無黨籍及未經政黨推薦,0,4230,0.0
6,大安區,黎孝里,2022,市長,黃聖峰,台澎黨,1,4230,0.0236
6,大安區,黎孝里,2022,市長,童文薰,無黨籍及未經政黨推薦,8,4230,0.1891
6,大安區,黎孝里,2022,市長,蔣萬安,中國國民黨,1931,4230,45.6501
6,大安區,黎孝里,2022,市長,蘇煥智,台灣維新,6,4230,0.1418
6,大安區,黎孝里,2022,市長,黃珊珊,無黨籍及未經政黨推薦,1054,4230,24.9173
6,大安區,黎孝里,2022,市長,施奉先,無黨籍及未經政黨推薦,1,4230,0.0236
6,大安區,黎孝里,2022,市長,唐新民,共和黨,2,4230,0.0473
6,大安區,黎孝里,2022,市長,謝立康,無黨籍及未經政黨推薦,1,4230,0.0236
6,大安區,黎孝里,2022,市長,陳時中,民主進步黨,1223,4230,28.9125
6,大安區,黎孝里,2024,立委,張雪卿,制度救世島,27,4657,0.5798
6,大安區,黎孝里,2024,立委,苗博雅,社會民主黨,2159,4657,46.3603
6,大安區,黎孝里,2024,立委,崔建章,臺灣雙語無法黨,68,4657,1.4602
6,大安區,黎孝里,2024,立委,羅智強,中國國民黨,2380,4657,51.1059
6,大安區,黎孝里,2024,立委,朱翊銘,台灣維新,23,4657,0.4939
6,大安區,黎孝里,2024,總統,柯文哲,台灣民眾黨,1113,4793,23.2214
6,大安區,黎孝里,2024,總統,賴清德,民主進步黨,1697,4793,35.4058
6,大安區,黎孝里,2024,總統,侯友宜,中國國民黨,1983,4793,41.3728
6,大安區,龍圖里,2014,市長,陳汝斌,三等國民公義人權自救黨,5,3828,0.1306
6,大安區,龍圖里,2014,市長,趙衍慶,無黨籍及未經政黨推薦,45,3828,1.1755
6,大安區,龍圖里,2014,市長,李宏信,無黨籍及未經政黨推薦,4,3828,0.1045
6,大安區,龍圖里,2014,市長,陳永昌,無黨籍及未經政黨推薦,4,3828,0.1045
6,大安區,龍圖里,2014,市長,馮光遠,無黨籍及未經政黨推薦,31,3828,0.8098
6,大安區,龍圖里,2014,市長,連勝文,中國國民黨,1755,3828,45.8464
6,大安區,龍圖里,2014,市長,柯文哲,無黨籍及未經政黨推薦,1984,3828,51.8286
6,大安區,龍圖里,2016,立委,陳家宏,樹黨,50,3695,1.3532
6,大安區,龍圖里,2016,立委,范雲,綠黨社會民主黨聯盟,1263,3695,34.1813
6,大安區,龍圖里,2016,立委,龎維良,無黨籍及未經政黨推薦,54,3695,1.4614
6,大安區,龍圖里,2016,立委,趙衍慶,無黨籍及未經政黨推薦,70,3695,1.8945
6,大安區,龍圖里,2016,立委,林珍妤,台灣獨立黨,33,3695,0.8931
6,大安區,龍圖里,2016,立委,周芳如,無黨籍及未經政黨推薦,83,3695,2.2463
6,大安區,龍圖里,2016,立委,蔣慰慈,無黨籍及未經政黨推薦,4,3695,0.1083
6,大安區,龍圖里,2016,立委,鄭村棋,人民民主陣線,112,3695,3.0311
6,大安區,龍圖里,2016,立委,曾獻瑩,信心希望聯盟,104,3695,2.8146
6,大安區,龍圖里,2016,立委,蔣乃辛,中國國民黨,1717,3695,46.4682
6,大安區,龍圖里,2016,立委,古文發,大愛憲改聯盟,2,3695,0.0541
6,大安區,龍圖里,2016,立委,吳旭智,民國黨,203,3695,5.4939
6,大安區,龍圖里,2016,總統,朱立倫,中國國民黨,1681,3733,45.0308
6,大安區,龍圖里,2016,總統,蔡英文,民主進步黨,1692,3733,45.3255
6,大安區,龍圖里,2016,總統,宋楚瑜,親民黨,360,3733,9.6437
6,大安區,龍圖里,2018,市長,吳蕚洋,無黨籍及未經政黨推薦,14,3645,0.3841
6,大安區,龍圖里,2018,市長,丁守中,中國國民黨,1724,3645,47.2977
6,大安區,龍圖里,2018,市長,姚文智,民主進步黨,516,3645,14.1564
6,大安區,龍圖里,2018,市長,柯文哲,無黨籍及未經政黨推薦,1376,3645,37.7503
6,大安區,龍圖里,2018,市長,李錫錕,無黨籍及未經政黨推薦,15,3645,0.4115
6,大安區,龍圖里,2020,立委,沈宜璇,台灣維新,23,4155,0.5535
6,大安區,龍圖里,2020,立委,楊攸凱,無黨籍及未經政黨推薦,24,4155,0.5776
6,大安區,龍圖里,2020,立委,林奕華,中國國民黨,2256,4155,54.296
6,大安區,龍圖里,2020,立委,蕭瑞麟,無黨籍及未經政黨推薦,19,4155,0.4573
6,大安區,龍圖里,2020,立委,羅世晧,勞動黨,14,4155,0.3369
6,大安區,龍圖里,2020,立委,謝佩芬,民主進步黨,1680,4155,40.4332
6,大安區,龍圖里,2020,立委,黃典本,無黨籍及未經政黨推薦,0,4155,0.0
6,大安區,龍圖里,2020,立委,孟藹倫,中華婦女黨,95,4155,2.2864
6,大安區,龍圖里,2020,立委,張余健,喜樂島聯盟,13,4155,0.3129
6,大安區,龍圖里,2020,立委,葉日勤,台灣基進,31,4155,0.7461
6,大安區,龍圖里,2020,總統,宋楚瑜,親民黨,165,4230,3.9007
6,大安區,龍圖里,2020,總統,韓國瑜,中國國民黨,2072,4230,48.9835
6,大安區,龍圖里,2020,總統,蔡英文,民主進步黨,1993,4230,47.1158
6,大安區,龍圖里,2022,市長,張家豪,台灣動物保護黨,3,3524,0.0851
6,大安區,龍圖里,2022,市長,王文娟,無黨籍及未經政黨推薦,0,3524,0.0
6,大安區,龍圖里,2022,市長,鄭匡宇,無黨籍及未經政黨推薦,1,3524,0.0284
6,大安區,龍圖里,2022,市長,黃聖峰,台澎黨,0,3524,0.0
6,大安區,龍圖里,2022,市長,童文薰,無黨籍及未經政黨推薦,9,3524,0.2554
6,大安區,龍圖里,2022,市長,蔣萬安,中國國民黨,1686,3524,47.8434
6,大安區,龍圖里,2022,市長,蘇煥智,台灣維新,7,3524,0.1986
6,大安區,龍圖里,2022,市長,黃珊珊,無黨籍及未經政黨推薦,820,3524,23.269
6,大安區,龍圖里,2022,市長,施奉先,無黨籍及未經政黨推薦,0,3524,0.0
6,大安區,龍圖里,2022,市長,唐新民,共和黨,0,3524,0.0
6,大安區,龍圖里,2022,市長,謝立康,無黨籍及未經政黨推薦,0,3524,0.0
6,大安區,龍圖里,2022,市長,陳時中,民主進步黨,998,3524,28.3201
6,大安區,龍圖里,2024,立委,張雪卿,制度救世島,13,3884,0.3347
6,大安區,龍圖里,2024,立委,苗博雅,社會民主黨,1636,3884,42.1215
6,大安區,龍圖里,2024,立委,崔建章,臺灣雙語無法黨,47,3884,1.2101
6,大安區,龍圖里,2024,立委,羅智強,中國國民黨,2176,3884,56.0247
6,大安區,龍圖里,2024,立委,朱翊銘,台灣維新,12,3884,0.309
6,大安區,龍圖里,2024,總統,柯文哲,台灣民眾黨,852,4000,21.3
6,大安區,龍圖里,2024,總統,賴清德,民主進步黨,1376,4000,34.4
6,大安區,龍圖里,2024,總統,侯友宜,中國國民黨,1772,4000,44.3
6,大安區,龍坡里,2014,市長,陳汝斌,三等國民公義人權自救黨,0,3153,0.0
6,大安區,龍坡里,2014,市長,趙衍慶,無黨籍及未經政黨推薦,29,3153,0.9198
6,大安區,龍坡里,2014,市長,李宏信,無黨籍及未經政黨推薦,10,3153,0.3172
6,大安區,龍坡里,2014,市長,陳永昌,無黨籍及未經政黨推薦,4,3153,0.1269
6,大安區,龍坡里,2014,市長,馮光遠,無黨籍及未經政黨推薦,23,3153,0.7295
6,大安區,龍坡里,2014,市長,連勝文,中國國民黨,1428,3153,45.2902
6,大安區,龍坡里,2014,市長,柯文哲,無黨籍及未經政黨推薦,1659,3153,52.6166
6,大安區,龍坡里,2016,立委,陳家宏,樹黨,34,3176,1.0705
6,大安區,龍坡里,2016,立委,范雲,綠黨社會民主黨聯盟,1139,3176,35.8627
6,大安區,龍坡里,2016,立委,龎維良,無黨籍及未經政黨推薦,147,3176,4.6285
6,大安區,龍坡里,2016,立委,趙衍慶,無黨籍及未經政黨推薦,54,3176,1.7003
6,大安區,龍坡里,2016,立委,林珍妤,台灣獨立黨,21,3176,0.6612
6,大安區,龍坡里,2016,立委,周芳如,無黨籍及未經政黨推薦,63,3176,1.9836
6,大安區,龍坡里,2016,立委,蔣慰慈,無黨籍及未經政黨推薦,6,3176,0.1889
6,大安區,龍坡里,2016,立委,鄭村棋,人民民主陣線,69,3176,2.1725
6,大安區,龍坡里,2016,立委,曾獻瑩,信心希望聯盟,141,3176,4.4395
6,大安區,龍坡里,2016,立委,蔣乃辛,中國國民黨,1409,3176,44.364
6,大安區,龍坡里,2016,立委,古文發,大愛憲改聯盟,2,3176,0.063
6,大安區,龍坡里,2016,立委,吳旭智,民國黨,91,3176,2.8652
6,大安區,龍坡里,2016,總統,朱立倫,中國國民黨,1364,3181,42.8796
6,大安區,龍坡里,2016,總統,蔡英文,民主進步黨,1463,3181,45.9918
6,大安區,龍坡里,2016,總統,宋楚瑜,親民黨,354,3181,11.1286
6,大安區,龍坡里,2018,市長,吳蕚洋,無黨籍及未經政黨推薦,8,3061,0.2614
6,大安區,龍坡里,2018,市長,丁守中,中國國民黨,1398,3061,45.6713
6,大安區,龍坡里,2018,市長,姚文智,民主進步黨,433,3061,14.1457
6,大安區,龍坡里,2018,市長,柯文哲,無黨籍及未經政黨推薦,1208,3061,39.4642
6,大安區,龍坡里,2018,市長,李錫錕,無黨籍及未經政黨推薦,14,3061,0.4574
6,大安區,龍坡里,2020,立委,沈宜璇,台灣維新,23,3447,0.6672
6,大安區,龍坡里,2020,立委,楊攸凱,無黨籍及未經政黨推薦,11,3447,0.3191
6,大安區,龍坡里,2020,立委,林奕華,中國國民黨,1797,3447,52.1323
6,大安區,龍坡里,2020,立委,蕭瑞麟,無黨籍及未經政黨推薦,15,3447,0.4352
6,大安區,龍坡里,2020,立委,羅世晧,勞動黨,11,3447,0.3191
6,大安區,龍坡里,2020,立委,謝佩芬,民主進步黨,1465,3447,42.5007
6,大安區,龍坡里,2020,立委,黃典本,無黨籍及未經政黨推薦,2,3447,0.058
6,大安區,龍坡里,2020,立委,孟藹倫,中華婦女黨,88,3447,2.5529
6,大安區,龍坡里,2020,立委,張余健,喜樂島聯盟,8,3447,0.2321
6,大安區,龍坡里,2020,立委,葉日勤,台灣基進,27,3447,0.7833
6,大安區,龍坡里,2020,總統,宋楚瑜,親民黨,167,3516,4.7497
6,大安區,龍坡里,2020,總統,韓國瑜,中國國民黨,1658,3516,47.1559
6,大安區,龍坡里,2020,總統,蔡英文,民主進步黨,1691,3516,48.0944
6,大安區,龍坡里,2022,市長,張家豪,台灣動物保護黨,12,2877,0.4171
6,大安區,龍坡里,2022,市長,王文娟,無黨籍及未經政黨推薦,1,2877,0.0348
6,大安區,龍坡里,2022,市長,鄭匡宇,無黨籍及未經政黨推薦,0,2877,0.0
6,大安區,龍坡里,2022,市長,黃聖峰,台澎黨,2,2877,0.0695
6,大安區,龍坡里,2022,市長,童文薰,無黨籍及未經政黨推薦,8,2877,0.2781
6,大安區,龍坡里,2022,市長,蔣萬安,中國國民黨,1275,2877,44.317
6,大安區,龍坡里,2022,市長,蘇煥智,台灣維新,9,2877,0.3128
6,大安區,龍坡里,2022,市長,黃珊珊,無黨籍及未經政黨推薦,668,2877,23.2186
6,大安區,龍坡里,2022,市長,施奉先,無黨籍及未經政黨推薦,0,2877,0.0
6,大安區,龍坡里,2022,市長,唐新民,共和黨,0,2877,0.0
6,大安區,龍坡里,2022,市長,謝立康,無黨籍及未經政黨推薦,0,2877,0.0
6,大安區,龍坡里,2022,市長,陳時中,民主進步黨,902,2877,31.3521
6,大安區,龍坡里,2024,立委,張雪卿,制度救世島,17,3214,0.5289
6,大安區,龍坡里,2024,立委,苗博雅,社會民主黨,1487,3214,46.2663
6,大安區,龍坡里,2024,立委,崔建章,臺灣雙語無法黨,36,3214,1.1201
6,大安區,龍坡里,2024,立委,羅智強,中國國民黨,1666,3214,51.8357
6,大安區,龍坡里,2024,立委,朱翊銘,台灣維新,8,3214,0.2489
6,大安區,龍坡里,2024,總統,柯文哲,台灣民眾黨,698,3303,21.1323
6,大安區,龍坡里,2024,總統,賴清德,民主進步黨,1264,3303,38.2682
6,大安區,龍坡里,2024,總統,侯友宜,中國國民黨,1341,3303,40.5995
6,大安區,龍安里,2014,市長,陳汝斌,三等國民公義人權自救黨,1,3510,0.0285
6,大安區,龍安里,2014,市長,趙衍慶,無黨籍及未經政黨推薦,17,3510,0.4843
6,大安區,龍安里,2014,市長,李宏信,無黨籍及未經政黨推薦,6,3510,0.1709
6,大安區,龍安里,2014,市長,陳永昌,無黨籍及未經政黨推薦,5,3510,0.1425
6,大安區,龍安里,2014,市長,馮光遠,無黨籍及未經政黨推薦,27,3510,0.7692
6,大安區,龍安里,2014,市長,連勝文,中國國民黨,1504,3510,42.849
6,大安區,龍安里,2014,市長,柯文哲,無黨籍及未經政黨推薦,1950,3510,55.5556
6,大安區,龍安里,2016,立委,陳家宏,樹黨,52,3441,1.5112
6,大安區,龍安里,2016,立委,范雲,綠黨社會民主黨聯盟,1305,3441,37.925
6,大安區,龍安里,2016,立委,龎維良,無黨籍及未經政黨推薦,92,3441,2.6736
6,大安區,龍安里,2016,立委,趙衍慶,無黨籍及未經政黨推薦,53,3441,1.5402
6,大安區,龍安里,2016,立委,林珍妤,台灣獨立黨,25,3441,0.7265
6,大安區,龍安里,2016,立委,周芳如,無黨籍及未經政黨推薦,74,3441,2.1505
6,大安區,龍安里,2016,立委,蔣慰慈,無黨籍及未經政黨推薦,8,3441,0.2325
6,大安區,龍安里,2016,立委,鄭村棋,人民民主陣線,110,3441,3.1967
6,大安區,龍安里,2016,立委,曾獻瑩,信心希望聯盟,119,3441,3.4583
6,大安區,龍安里,2016,立委,蔣乃辛,中國國民黨,1519,3441,44.1441
6,大安區,龍安里,2016,立委,古文發,大愛憲改聯盟,2,3441,0.0581
6,大安區,龍安里,2016,立委,吳旭智,民國黨,82,3441,2.383
6,大安區,龍安里,2016,總統,朱立倫,中國國民黨,1411,3487,40.4646
6,大安區,龍安里,2016,總統,蔡英文,民主進步黨,1725,3487,49.4695
6,大安區,龍安里,2016,總統,宋楚瑜,親民黨,351,3487,10.066
6,大安區,龍安里,2018,市長,吳蕚洋,無黨籍及未經政黨推薦,15,3396,0.4417
6,大安區,龍安里,2018,市長,丁守中,中國國民黨,1411,3396,41.5489
6,大安區,龍安里,2018,市長,姚文智,民主進步黨,502,3396,14.7821
6,大安區,龍安里,2018,市長,柯文哲,無黨籍及未經政黨推薦,1450,3396,42.6973
6,大安區,龍安里,2018,市長,李錫錕,無黨籍及未經政黨推薦,18,3396,0.53
6,大安區,龍安里,2020,立委,沈宜璇,台灣維新,34,3977,0.8549
6,大安區,龍安里,2020,立委,楊攸凱,無黨籍及未經政黨推薦,21,3977,0.528
6,大安區,龍安里,2020,立委,林奕華,中國國民黨,1940,3977,48.7805
6,大安區,龍安里,2020,立委,蕭瑞麟,無黨籍及未經政黨推薦,9,3977,0.2263
6,大安區,龍安里,2020,立委,羅世晧,勞動黨,14,3977,0.352
6,大安區,龍安里,2020,立委,謝佩芬,民主進步黨,1823,3977,45.8386
6,大安區,龍安里,2020,立委,黃典本,無黨籍及未經政黨推薦,4,3977,0.1006
6,大安區,龍安里,2020,立委,孟藹倫,中華婦女黨,77,3977,1.9361
6,大安區,龍安里,2020,立委,張余健,喜樂島聯盟,11,3977,0.2766
6,大安區,龍安里,2020,立委,葉日勤,台灣基進,44,3977,1.1064
6,大安區,龍安里,2020,總統,宋楚瑜,親民黨,157,4038,3.8881
6,大安區,龍安里,2020,總統,韓國瑜,中國國民黨,1789,4038,44.3041
6,大安區,龍安里,2020,總統,蔡英文,民主進步黨,2092,4038,51.8078
6,大安區,龍安里,2022,市長,張家豪,台灣動物保護黨,2,3224,0.062
6,大安區,龍安里,2022,市長,王文娟,無黨籍及未經政黨推薦,0,3224,0.0
6,大安區,龍安里,2022,市長,鄭匡宇,無黨籍及未經政黨推薦,0,3224,0.0
6,大安區,龍安里,2022,市長,黃聖峰,台澎黨,1,3224,0.031
6,大安區,龍安里,2022,市長,童文薰,無黨籍及未經政黨推薦,10,3224,0.3102
6,大安區,龍安里,2022,市長,蔣萬安,中國國民黨,1346,3224,41.7494
6,大安區,龍安里,2022,市長,蘇煥智,台灣維新,5,3224,0.1551
6,大安區,龍安里,2022,市長,黃珊珊,無黨籍及未經政黨推薦,802,3224,24.8759
6,大安區,龍安里,2022,市長,施奉先,無黨籍及未經政黨推薦,0,3224,0.0
6,大安區,龍安里,2022,市長,唐新民,共和黨,1,3224,0.031
6,大安區,龍安里,2022,市長,謝立康,無黨籍及未經政黨推薦,1,3224,0.031
6,大安區,龍安里,2022,市長,陳時中,民主進步黨,1056,3224,32.7543
6,大安區,龍安里,2024,立委,張雪卿,制度救世島,17,3671,0.4631
6,大安區,龍安里,2024,立委,苗博雅,社會民主黨,1759,3671,47.9161
6,大安區,龍安里,2024,立委,崔建章,臺灣雙語無法黨,48,3671,1.3075
6,大安區,龍安里,2024,立委,羅智強,中國國民黨,1835,3671,49.9864
6,大安區,龍安里,2024,立委,朱翊銘,台灣維新,12,3671,0.3269
6,大安區,龍安里,2024,總統,柯文哲,台灣民眾黨,843,3766,22.3845
6,大安區,龍安里,2024,總統,賴清德,民主進步黨,1438,3766,38.1837
6,大安區,龍安里,2024,總統,侯友宜,中國國民黨,1485,3766,39.4318
6,大安區,龍泉里,2014,市長,陳汝斌,三等國民公義人權自救黨,1,2703,0.037
6,大安區,龍泉里,2014,市長,趙衍慶,無黨籍及未經政黨推薦,19,2703,0.7029
6,大安區,龍泉里,2014,市長,李宏信,無黨籍及未經政黨推薦,5,2703,0.185
6,大安區,龍泉里,2014,市長,陳永昌,無黨籍及未經政黨推薦,2,2703,0.074
6,大安區,龍泉里,2014,市長,馮光遠,無黨籍及未經政黨推薦,19,2703,0.7029
6,大安區,龍泉里,2014,市長,連勝文,中國國民黨,1089,2703,40.2886
6,大安區,龍泉里,2014,市長,柯文哲,無黨籍及未經政黨推薦,1568,2703,58.0096
6,大安區,龍泉里,2016,立委,陳家宏,樹黨,20,2621,0.7631
6,大安區,龍泉里,2016,立委,范雲,綠黨社會民主黨聯盟,947,2621,36.1312
6,大安區,龍泉里,2016,立委,龎維良,無黨籍及未經政黨推薦,315,2621,12.0183
6,大安區,龍泉里,2016,立委,趙衍慶,無黨籍及未經政黨推薦,43,2621,1.6406
6,大安區,龍泉里,2016,立委,林珍妤,台灣獨立黨,17,2621,0.6486
6,大安區,龍泉里,2016,立委,周芳如,無黨籍及未經政黨推薦,40,2621,1.5261
6,大安區,龍泉里,2016,立委,蔣慰慈,無黨籍及未經政黨推薦,1,2621,0.0382
6,大安區,龍泉里,2016,立委,鄭村棋,人民民主陣線,65,2621,2.48
6,大安區,龍泉里,2016,立委,曾獻瑩,信心希望聯盟,75,2621,2.8615
6,大安區,龍泉里,2016,立委,蔣乃辛,中國國民黨,1014,2621,38.6875
6,大安區,龍泉里,2016,立委,古文發,大愛憲改聯盟,2,2621,0.0763
6,大安區,龍泉里,2016,立委,吳旭智,民國黨,82,2621,3.1286
6,大安區,龍泉里,2016,總統,朱立倫,中國國民黨,1021,2643,38.6303
6,大安區,龍泉里,2016,總統,蔡英文,民主進步黨,1354,2643,51.2297
6,大安區,龍泉里,2016,總統,宋楚瑜,親民黨,268,2643,10.14
6,大安區,龍泉里,2018,市長,吳蕚洋,無黨籍及未經政黨推薦,15,2500,0.6
6,大安區,龍泉里,2018,市長,丁守中,中國國民黨,1040,2500,41.6
6,大安區,龍泉里,2018,市長,姚文智,民主進步黨,387,2500,15.48
6,大安區,龍泉里,2018,市長,柯文哲,無黨籍及未經政黨推薦,1051,2500,42.04
6,大安區,龍泉里,2018,市長,李錫錕,無黨籍及未經政黨推薦,7,2500,0.28
6,大安區,龍泉里,2020,立委,沈宜璇,台灣維新,17,2976,0.5712
6,大安區,龍泉里,2020,立委,楊攸凱,無黨籍及未經政黨推薦,21,2976,0.7056
6,大安區,龍泉里,2020,立委,林奕華,中國國民黨,1472,2976,49.4624
6,大安區,龍泉里,2020,立委,蕭瑞麟,無黨籍及未經政黨推薦,8,2976,0.2688
6,大安區,龍泉里,2020,立委,羅世晧,勞動黨,16,2976,0.5376
6,大安區,龍泉里,2020,立委,謝佩芬,民主進步黨,1354,2976,45.4973
6,大安區,龍泉里,2020,立委,黃典本,無黨籍及未經政黨推薦,1,2976,0.0336
6,大安區,龍泉里,2020,立委,孟藹倫,中華婦女黨,47,2976,1.5793
6,大安區,龍泉里,2020,立委,張余健,喜樂島聯盟,11,2976,0.3696
6,大安區,龍泉里,2020,立委,葉日勤,台灣基進,29,2976,0.9745
6,大安區,龍泉里,2020,總統,宋楚瑜,親民黨,133,3043,4.3707
6,大安區,龍泉里,2020,總統,韓國瑜,中國國民黨,1307,3043,42.951
6,大安區,龍泉里,2020,總統,蔡英文,民主進步黨,1603,3043,52.6783
6,大安區,龍泉里,2022,市長,張家豪,台灣動物保護黨,2,2467,0.0811
6,大安區,龍泉里,2022,市長,王文娟,無黨籍及未經政黨推薦,0,2467,0.0
6,大安區,龍泉里,2022,市長,鄭匡宇,無黨籍及未經政黨推薦,1,2467,0.0405
6,大安區,龍泉里,2022,市長,黃聖峰,台澎黨,0,2467,0.0
6,大安區,龍泉里,2022,市長,童文薰,無黨籍及未經政黨推薦,3,2467,0.1216
6,大安區,龍泉里,2022,市長,蔣萬安,中國國民黨,1017,2467,41.2242
6,大安區,龍泉里,2022,市長,蘇煥智,台灣維新,10,2467,0.4054
6,大安區,龍泉里,2022,市長,黃珊珊,無黨籍及未經政黨推薦,645,2467,26.1451
6,大安區,龍泉里,2022,市長,施奉先,無黨籍及未經政黨推薦,0,2467,0.0
6,大安區,龍泉里,2022,市長,唐新民,共和黨,2,2467,0.0811
6,大安區,龍泉里,2022,市長,謝立康,無黨籍及未經政黨推薦,0,2467,0.0
6,大安區,龍泉里,2022,市長,陳時中,民主進步黨,787,2467,31.9011
6,大安區,龍泉里,2024,立委,張雪卿,制度救世島,16,2829,0.5656
6,大安區,龍泉里,2024,立委,苗博雅,社會民主黨,1384,2829,48.9219
6,大安區,龍泉里,2024,立委,崔建章,臺灣雙語無法黨,45,2829,1.5907
6,大安區,龍泉里,2024,立委,羅智強,中國國民黨,1371,2829,48.4624
6,大安區,龍泉里,2024,立委,朱翊銘,台灣維新,13,2829,0.4595
6,大安區,龍泉里,2024,總統,柯文哲,台灣民眾黨,653,2949,22.1431
6,大安區,龍泉里,2024,總統,賴清德,民主進步黨,1154,2949,39.1319
6,大安區,龍泉里,2024,總統,侯友宜,中國國民黨,1142,2949,38.725
6,大安區,龍淵里,2014,市長,陳汝斌,三等國民公義人權自救黨,3,5174,0.058
6,大安區,龍淵里,2014,市長,趙衍慶,無黨籍及未經政黨推薦,66,5174,1.2756
6,大安區,龍淵里,2014,市長,李宏信,無黨籍及未經政黨推薦,8,5174,0.1546
6,大安區,龍淵里,2014,市長,陳永昌,無黨籍及未經政黨推薦,1,5174,0.0193
6,大安區,龍淵里,2014,市長,馮光遠,無黨籍及未經政黨推薦,45,5174,0.8697
6,大安區,龍淵里,2014,市長,連勝文,中國國民黨,2190,5174,42.327
6,大安區,龍淵里,2014,市長,柯文哲,無黨籍及未經政黨推薦,2861,5174,55.2957
6,大安區,龍淵里,2016,立委,陳家宏,樹黨,73,5073,1.439
6,大安區,龍淵里,2016,立委,范雲,綠黨社會民主黨聯盟,1836,5073,36.1916
6,大安區,龍淵里,2016,立委,龎維良,無黨籍及未經政黨推薦,86,5073,1.6952
6,大安區,龍淵里,2016,立委,趙衍慶,無黨籍及未經政黨推薦,109,5073,2.1486
6,大安區,龍淵里,2016,立委,林珍妤,台灣獨立黨,33,5073,0.6505
6,大安區,龍淵里,2016,立委,周芳如,無黨籍及未經政黨推薦,151,5073,2.9765
6,大安區,龍淵里,2016,立委,蔣慰慈,無黨籍及未經政黨推薦,2,5073,0.0394
6,大安區,龍淵里,2016,立委,鄭村棋,人民民主陣線,127,5073,2.5034
6,大安區,龍淵里,2016,立委,曾獻瑩,信心希望聯盟,162,5073,3.1934
6,大安區,龍淵里,2016,立委,蔣乃辛,中國國民黨,2309,5073,45.5155
6,大安區,龍淵里,2016,立委,古文發,大愛憲改聯盟,5,5073,0.0986
6,大安區,龍淵里,2016,立委,吳旭智,民國黨,180,5073,3.5482
6,大安區,龍淵里,2016,總統,朱立倫,中國國民黨,2055,5113,40.1917
6,大安區,龍淵里,2016,總統,蔡英文,民主進步黨,2532,5113,49.5208
6,大安區,龍淵里,2016,總統,宋楚瑜,親民黨,526,5113,10.2875
6,大安區,龍淵里,2018,市長,吳蕚洋,無黨籍及未經政黨推薦,13,4872,0.2668
6,大安區,龍淵里,2018,市長,丁守中,中國國民黨,2152,4872,44.1708
6,大安區,龍淵里,2018,市長,姚文智,民主進步黨,658,4872,13.5057
6,大安區,龍淵里,2018,市長,柯文哲,無黨籍及未經政黨推薦,2026,4872,41.5846
6,大安區,龍淵里,2018,市長,李錫錕,無黨籍及未經政黨推薦,23,4872,0.4721
6,大安區,龍淵里,2020,立委,沈宜璇,台灣維新,38,5637,0.6741
6,大安區,龍淵里,2020,立委,楊攸凱,無黨籍及未經政黨推薦,24,5637,0.4258
6,大安區,龍淵里,2020,立委,林奕華,中國國民黨,2813,5637,49.9024
6,大安區,龍淵里,2020,立委,蕭瑞麟,無黨籍及未經政黨推薦,27,5637,0.479
6,大安區,龍淵里,2020,立委,羅世晧,勞動黨,25,5637,0.4435
6,大安區,龍淵里,2020,立委,謝佩芬,民主進步黨,2506,5637,44.4563
6,大安區,龍淵里,2020,立委,黃典本,無黨籍及未經政黨推薦,3,5637,0.0532
6,大安區,龍淵里,2020,立委,孟藹倫,中華婦女黨,135,5637,2.3949
6,大安區,龍淵里,2020,立委,張余健,喜樂島聯盟,17,5637,0.3016
6,大安區,龍淵里,2020,立委,葉日勤,台灣基進,49,5637,0.8693
6,大安區,龍淵里,2020,總統,宋楚瑜,親民黨,232,5733,4.0467
6,大安區,龍淵里,2020,總統,韓國瑜,中國國民黨,2550,5733,44.4793
6,大安區,龍淵里,2020,總統,蔡英文,民主進步黨,2951,5733,51.4739
6,大安區,龍淵里,2022,市長,張家豪,台灣動物保護黨,11,4612,0.2385
6,大安區,龍淵里,2022,市長,王文娟,無黨籍及未經政黨推薦,0,4612,0.0
6,大安區,龍淵里,2022,市長,鄭匡宇,無黨籍及未經政黨推薦,0,4612,0.0
6,大安區,龍淵里,2022,市長,黃聖峰,台澎黨,2,4612,0.0434
6,大安區,龍淵里,2022,市長,童文薰,無黨籍及未經政黨推薦,9,4612,0.1951
6,大安區,龍淵里,2022,市長,蔣萬安,中國國民黨,2008,4612,43.5386
6,大安區,龍淵里,2022,市長,蘇煥智,台灣維新,6,4612,0.1301
6,大安區,龍淵里,2022,市長,黃珊珊,無黨籍及未經政黨推薦,1176,4612,25.4987
6,大安區,龍淵里,2022,市長,施奉先,無黨籍及未經政黨推薦,0,4612,0.0
6,大安區,龍淵里,2022,市長,唐新民,共和黨,3,4612,0.065
6,大安區,龍淵里,2022,市長,謝立康,無黨籍及未經政黨推薦,0,4612,0.0
6,大安區,龍淵里,2022,市長,陳時中,民主進步黨,1397,4612,30.2905
6,大安區,龍淵里,2024,立委,張雪卿,制度救世島,18,5189,0.3469
6,大安區,龍淵里,2024,立委,苗博雅,社會民主黨,2444,5189,47.0996
6,大安區,龍淵里,2024,立委,崔建章,臺灣雙語無法黨,69,5189,1.3297
6,大安區,龍淵里,2024,立委,羅智強,中國國民黨,2643,5189,50.9347
6,大安區,龍淵里,2024,立委,朱翊銘,台灣維新,15,5189,0.2891
6,大安區,龍淵里,2024,總統,柯文哲,台灣民眾黨,1198,5378,22.2759
6,大安區,龍淵里,2024,總統,賴清德,民主進步黨,2015,5378,37.4675
6,大安區,龍淵里,2024,總統,侯友宜,中國國民黨,2165,5378,40.2566
6,大安區,龍生里,2014,市長,陳汝斌,三等國民公義人權自救黨,2,3706,0.054
6,大安區,龍生里,2014,市長,趙衍慶,無黨籍及未經政黨推薦,30,3706,0.8095
6,大安區,龍生里,2014,市長,李宏信,無黨籍及未經政黨推薦,8,3706,0.2159
6,大安區,龍生里,2014,市長,陳永昌,無黨籍及未經政黨推薦,4,3706,0.1079
6,大安區,龍生里,2014,市長,馮光遠,無黨籍及未經政黨推薦,24,3706,0.6476
6,大安區,龍生里,2014,市長,連勝文,中國國民黨,1745,3706,47.0858
6,大安區,龍生里,2014,市長,柯文哲,無黨籍及未經政黨推薦,1893,3706,51.0793
6,大安區,龍生里,2016,立委,陳家宏,樹黨,46,3596,1.2792
6,大安區,龍生里,2016,立委,范雲,綠黨社會民主黨聯盟,1197,3596,33.287
6,大安區,龍生里,2016,立委,龎維良,無黨籍及未經政黨推薦,86,3596,2.3915
6,大安區,龍生里,2016,立委,趙衍慶,無黨籍及未經政黨推薦,64,3596,1.7798
6,大安區,龍生里,2016,立委,林珍妤,台灣獨立黨,17,3596,0.4727
6,大安區,龍生里,2016,立委,周芳如,無黨籍及未經政黨推薦,85,3596,2.3637
6,大安區,龍生里,2016,立委,蔣慰慈,無黨籍及未經政黨推薦,2,3596,0.0556
6,大安區,龍生里,2016,立委,鄭村棋,人民民主陣線,108,3596,3.0033
6,大安區,龍生里,2016,立委,曾獻瑩,信心希望聯盟,146,3596,4.0601
6,大安區,龍生里,2016,立委,蔣乃辛,中國國民黨,1663,3596,46.2458
6,大安區,龍生里,2016,立委,古文發,大愛憲改聯盟,6,3596,0.1669
6,大安區,龍生里,2016,立委,吳旭智,民國黨,176,3596,4.8943
6,大安區,龍生里,2016,總統,朱立倫,中國國民黨,1627,3617,44.982
6,大安區,龍生里,2016,總統,蔡英文,民主進步黨,1648,3617,45.5626
6,大安區,龍生里,2016,總統,宋楚瑜,親民黨,342,3617,9.4553
6,大安區,龍生里,2018,市長,吳蕚洋,無黨籍及未經政黨推薦,9,3586,0.251
6,大安區,龍生里,2018,市長,丁守中,中國國民黨,1683,3586,46.9325
6,大安區,龍生里,2018,市長,姚文智,民主進步黨,478,3586,13.3296
6,大安區,龍生里,2018,市長,柯文哲,無黨籍及未經政黨推薦,1404,3586,39.1523
6,大安區,龍生里,2018,市長,李錫錕,無黨籍及未經政黨推薦,12,3586,0.3346
6,大安區,龍生里,2020,立委,沈宜璇,台灣維新,28,4025,0.6957
6,大安區,龍生里,2020,立委,楊攸凱,無黨籍及未經政黨推薦,20,4025,0.4969
6,大安區,龍生里,2020,立委,林奕華,中國國民黨,2157,4025,53.5901
6,大安區,龍生里,2020,立委,蕭瑞麟,無黨籍及未經政黨推薦,20,4025,0.4969
6,大安區,龍生里,2020,立委,羅世晧,勞動黨,8,4025,0.1988
6,大安區,龍生里,2020,立委,謝佩芬,民主進步黨,1615,4025,40.1242
6,大安區,龍生里,2020,立委,黃典本,無黨籍及未經政黨推薦,3,4025,0.0745
6,大安區,龍生里,2020,立委,孟藹倫,中華婦女黨,129,4025,3.205
6,大安區,龍生里,2020,立委,張余健,喜樂島聯盟,19,4025,0.472
6,大安區,龍生里,2020,立委,葉日勤,台灣基進,26,4025,0.646
6,大安區,龍生里,2020,總統,宋楚瑜,親民黨,183,4083,4.482
6,大安區,龍生里,2020,總統,韓國瑜,中國國民黨,1954,4083,47.857
6,大安區,龍生里,2020,總統,蔡英文,民主進步黨,1946,4083,47.661
6,大安區,龍生里,2022,市長,張家豪,台灣動物保護黨,7,3500,0.2
6,大安區,龍生里,2022,市長,王文娟,無黨籍及未經政黨推薦,1,3500,0.0286
6,大安區,龍生里,2022,市長,鄭匡宇,無黨籍及未經政黨推薦,0,3500,0.0
6,大安區,龍生里,2022,市長,黃聖峰,台澎黨,2,3500,0.0571
6,大安區,龍生里,2022,市長,童文薰,無黨籍及未經政黨推薦,5,3500,0.1429
6,大安區,龍生里,2022,市長,蔣萬安,中國國民黨,1626,3500,46.4571
6,大安區,龍生里,2022,市長,蘇煥智,台灣維新,5,3500,0.1429
6,大安區,龍生里,2022,市長,黃珊珊,無黨籍及未經政黨推薦,891,3500,25.4571
6,大安區,龍生里,2022,市長,施奉先,無黨籍及未經政黨推薦,0,3500,0.0
6,大安區,龍生里,2022,市長,唐新民,共和黨,0,3500,0.0
6,大安區,龍生里,2022,市長,謝立康,無黨籍及未經政黨推薦,0,3500,0.0
6,大安區,龍生里,2022,市長,陳時中,民主進步黨,963,3500,27.5143
6,大安區,龍生里,2024,立委,張雪卿,制度救世島,21,3858,0.5443
6,大安區,龍生里,2024,立委,苗博雅,社會民主黨,1683,3858,43.6236
6,大安區,龍生里,2024,立委,崔建章,臺灣雙語無法黨,55,3858,1.4256
6,大安區,龍生里,2024,立委,羅智強,中國國民黨,2082,3858,53.9658
6,大安區,龍生里,2024,立委,朱翊銘,台灣維新,17,3858,0.4406
6,大安區,龍生里,2024,總統,柯文哲,台灣民眾黨,896,3965,22.5977
6,大安區,龍生里,2024,總統,賴清德,民主進步黨,1386,3965,34.9559
6,大安區,龍生里,2024,總統,侯友宜,中國國民黨,1683,3965,42.4464
6,大安區,龍門里,2014,市長,陳汝斌,三等國民公義人權自救黨,1,2420,0.0413
6,大安區,龍門里,2014,市長,趙衍慶,無黨籍及未經政黨推薦,23,2420,0.9504
6,大安區,龍門里,2014,市長,李宏信,無黨籍及未經政黨推薦,5,2420,0.2066
6,大安區,龍門里,2014,市長,陳永昌,無黨籍及未經政黨推薦,1,2420,0.0413
6,大安區,龍門里,2014,市長,馮光遠,無黨籍及未經政黨推薦,13,2420,0.5372
6,大安區,龍門里,2014,市長,連勝文,中國國民黨,1048,2420,43.3058
6,大安區,龍門里,2014,市長,柯文哲,無黨籍及未經政黨推薦,1329,2420,54.9174
6,大安區,龍門里,2016,立委,陳家宏,樹黨,23,2363,0.9733
6,大安區,龍門里,2016,立委,范雲,綠黨社會民主黨聯盟,946,2363,40.0339
6,大安區,龍門里,2016,立委,龎維良,無黨籍及未經政黨推薦,49,2363,2.0736
6,大安區,龍門里,2016,立委,趙衍慶,無黨籍及未經政黨推薦,42,2363,1.7774
6,大安區,龍門里,2016,立委,林珍妤,台灣獨立黨,17,2363,0.7194
6,大安區,龍門里,2016,立委,周芳如,無黨籍及未經政黨推薦,46,2363,1.9467
6,大安區,龍門里,2016,立委,蔣慰慈,無黨籍及未經政黨推薦,2,2363,0.0846
6,大安區,龍門里,2016,立委,鄭村棋,人民民主陣線,57,2363,2.4122
6,大安區,龍門里,2016,立委,曾獻瑩,信心希望聯盟,128,2363,5.4168
6,大安區,龍門里,2016,立委,蔣乃辛,中國國民黨,983,2363,41.5997
6,大安區,龍門里,2016,立委,古文發,大愛憲改聯盟,3,2363,0.127
6,大安區,龍門里,2016,立委,吳旭智,民國黨,67,2363,2.8354
6,大安區,龍門里,2016,總統,朱立倫,中國國民黨,1003,2375,42.2316
6,大安區,龍門里,2016,總統,蔡英文,民主進步黨,1174,2375,49.4316
6,大安區,龍門里,2016,總統,宋楚瑜,親民黨,198,2375,8.3368
6,大安區,龍門里,2018,市長,吳蕚洋,無黨籍及未經政黨推薦,10,2322,0.4307
6,大安區,龍門里,2018,市長,丁守中,中國國民黨,974,2322,41.9466
6,大安區,龍門里,2018,市長,姚文智,民主進步黨,357,2322,15.3747
6,大安區,龍門里,2018,市長,柯文哲,無黨籍及未經政黨推薦,970,2322,41.7743
6,大安區,龍門里,2018,市長,李錫錕,無黨籍及未經政黨推薦,11,2322,0.4737
6,大安區,龍門里,2020,立委,沈宜璇,台灣維新,12,2640,0.4545
6,大安區,龍門里,2020,立委,楊攸凱,無黨籍及未經政黨推薦,20,2640,0.7576
6,大安區,龍門里,2020,立委,林奕華,中國國民黨,1307,2640,49.5076
6,大安區,龍門里,2020,立委,蕭瑞麟,無黨籍及未經政黨推薦,14,2640,0.5303
6,大安區,龍門里,2020,立委,羅世晧,勞動黨,9,2640,0.3409
6,大安區,龍門里,2020,立委,謝佩芬,民主進步黨,1184,2640,44.8485
6,大安區,龍門里,2020,立委,黃典本,無黨籍及未經政黨推薦,3,2640,0.1136
6,大安區,龍門里,2020,立委,孟藹倫,中華婦女黨,63,2640,2.3864
6,大安區,龍門里,2020,立委,張余健,喜樂島聯盟,7,2640,0.2652
6,大安區,龍門里,2020,立委,葉日勤,台灣基進,21,2640,0.7955
6,大安區,龍門里,2020,總統,宋楚瑜,親民黨,101,2677,3.7729
6,大安區,龍門里,2020,總統,韓國瑜,中國國民黨,1226,2677,45.7975
6,大安區,龍門里,2020,總統,蔡英文,民主進步黨,1350,2677,50.4296
6,大安區,龍門里,2022,市長,張家豪,台灣動物保護黨,4,2181,0.1834
6,大安區,龍門里,2022,市長,王文娟,無黨籍及未經政黨推薦,1,2181,0.0459
6,大安區,龍門里,2022,市長,鄭匡宇,無黨籍及未經政黨推薦,0,2181,0.0
6,大安區,龍門里,2022,市長,黃聖峰,台澎黨,0,2181,0.0
6,大安區,龍門里,2022,市長,童文薰,無黨籍及未經政黨推薦,0,2181,0.0
6,大安區,龍門里,2022,市長,蔣萬安,中國國民黨,924,2181,42.3659
6,大安區,龍門里,2022,市長,蘇煥智,台灣維新,3,2181,0.1376
6,大安區,龍門里,2022,市長,黃珊珊,無黨籍及未經政黨推薦,511,2181,23.4296
6,大安區,龍門里,2022,市長,施奉先,無黨籍及未經政黨推薦,0,2181,0.0
6,大安區,龍門里,2022,市長,唐新民,共和黨,0,2181,0.0
6,大安區,龍門里,2022,市長,謝立康,無黨籍及未經政黨推薦,0,2181,0.0
6,大安區,龍門里,2022,市長,陳時中,民主進步黨,738,2181,33.8377
6,大安區,龍門里,2024,立委,張雪卿,制度救世島,4,2400,0.1667
6,大安區,龍門里,2024,立委,苗博雅,社會民主黨,1140,2400,47.5
6,大安區,龍門里,2024,立委,崔建章,臺灣雙語無法黨,26,2400,1.0833
6,大安區,龍門里,2024,立委,羅智強,中國國民黨,1221,2400,50.875
6,大安區,龍門里,2024,立委,朱翊銘,台灣維新,9,2400,0.375
6,大安區,龍門里,2024,總統,柯文哲,台灣民眾黨,495,2477,19.9839
6,大安區,龍門里,2024,總統,賴清德,民主進步黨,973,2477,39.2814
6,大安區,龍門里,2024,總統,侯友宜,中國國民黨,1009,2477,40.7348
6,大安區,龍陣里,2014,市長,陳汝斌,三等國民公義人權自救黨,0,2140,0.0
6,大安區,龍陣里,2014,市長,趙衍慶,無黨籍及未經政黨推薦,24,2140,1.1215
6,大安區,龍陣里,2014,市長,李宏信,無黨籍及未經政黨推薦,5,2140,0.2336
6,大安區,龍陣里,2014,市長,陳永昌,無黨籍及未經政黨推薦,1,2140,0.0467
6,大安區,龍陣里,2014,市長,馮光遠,無黨籍及未經政黨推薦,15,2140,0.7009
6,大安區,龍陣里,2014,市長,連勝文,中國國民黨,964,2140,45.0467
6,大安區,龍陣里,2014,市長,柯文哲,無黨籍及未經政黨推薦,1131,2140,52.8505
6,大安區,龍陣里,2016,立委,陳家宏,樹黨,33,2048,1.6113
6,大安區,龍陣里,2016,立委,范雲,綠黨社會民主黨聯盟,741,2048,36.1816
6,大安區,龍陣里,2016,立委,龎維良,無黨籍及未經政黨推薦,27,2048,1.3184
6,大安區,龍陣里,2016,立委,趙衍慶,無黨籍及未經政黨推薦,33,2048,1.6113
6,大安區,龍陣里,2016,立委,林珍妤,台灣獨立黨,18,2048,0.8789
6,大安區,龍陣里,2016,立委,周芳如,無黨籍及未經政黨推薦,49,2048,2.3926
6,大安區,龍陣里,2016,立委,蔣慰慈,無黨籍及未經政黨推薦,3,2048,0.1465
6,大安區,龍陣里,2016,立委,鄭村棋,人民民主陣線,43,2048,2.0996
6,大安區,龍陣里,2016,立委,曾獻瑩,信心希望聯盟,57,2048,2.7832
6,大安區,龍陣里,2016,立委,蔣乃辛,中國國民黨,919,2048,44.873
6,大安區,龍陣里,2016,立委,古文發,大愛憲改聯盟,0,2048,0.0
6,大安區,龍陣里,2016,立委,吳旭智,民國黨,125,2048,6.1035
6,大安區,龍陣里,2016,總統,朱立倫,中國國民黨,866,2075,41.7349
6,大安區,龍陣里,2016,總統,蔡英文,民主進步黨,1013,2075,48.8193
6,大安區,龍陣里,2016,總統,宋楚瑜,親民黨,196,2075,9.4458
6,大安區,龍陣里,2018,市長,吳蕚洋,無黨籍及未經政黨推薦,4,2001,0.1999
6,大安區,龍陣里,2018,市長,丁守中,中國國民黨,939,2001,46.9265
6,大安區,龍陣里,2018,市長,姚文智,民主進步黨,332,2001,16.5917
6,大安區,龍陣里,2018,市長,柯文哲,無黨籍及未經政黨推薦,716,2001,35.7821
6,大安區,龍陣里,2018,市長,李錫錕,無黨籍及未經政黨推薦,10,2001,0.4998
6,大安區,龍陣里,2020,立委,沈宜璇,台灣維新,17,2195,0.7745
6,大安區,龍陣里,2020,立委,楊攸凱,無黨籍及未經政黨推薦,11,2195,0.5011
6,大安區,龍陣里,2020,立委,林奕華,中國國民黨,1152,2195,52.4829
6,大安區,龍陣里,2020,立委,蕭瑞麟,無黨籍及未經政黨推薦,17,2195,0.7745
6,大安區,龍陣里,2020,立委,羅世晧,勞動黨,10,2195,0.4556
6,大安區,龍陣里,2020,立委,謝佩芬,民主進步黨,917,2195,41.7768
6,大安區,龍陣里,2020,立委,黃典本,無黨籍及未經政黨推薦,4,2195,0.1822
6,大安區,龍陣里,2020,立委,孟藹倫,中華婦女黨,49,2195,2.2323
6,大安區,龍陣里,2020,立委,張余健,喜樂島聯盟,8,2195,0.3645
6,大安區,龍陣里,2020,立委,葉日勤,台灣基進,10,2195,0.4556
6,大安區,龍陣里,2020,總統,宋楚瑜,親民黨,79,2218,3.5618
6,大安區,龍陣里,2020,總統,韓國瑜,中國國民黨,1069,2218,48.1966
6,大安區,龍陣里,2020,總統,蔡英文,民主進步黨,1070,2218,48.2417
6,大安區,龍陣里,2022,市長,張家豪,台灣動物保護黨,3,1890,0.1587
6,大安區,龍陣里,2022,市長,王文娟,無黨籍及未經政黨推薦,3,1890,0.1587
6,大安區,龍陣里,2022,市長,鄭匡宇,無黨籍及未經政黨推薦,0,1890,0.0
6,大安區,龍陣里,2022,市長,黃聖峰,台澎黨,0,1890,0.0
6,大安區,龍陣里,2022,市長,童文薰,無黨籍及未經政黨推薦,2,1890,0.1058
6,大安區,龍陣里,2022,市長,蔣萬安,中國國民黨,882,1890,46.6667
6,大安區,龍陣里,2022,市長,蘇煥智,台灣維新,1,1890,0.0529
6,大安區,龍陣里,2022,市長,黃珊珊,無黨籍及未經政黨推薦,391,1890,20.6878
6,大安區,龍陣里,2022,市長,施奉先,無黨籍及未經政黨推薦,0,1890,0.0
6,大安區,龍陣里,2022,市長,唐新民,共和黨,0,1890,0.0
6,大安區,龍陣里,2022,市長,謝立康,無黨籍及未經政黨推薦,0,1890,0.0
6,大安區,龍陣里,2022,市長,陳時中,民主進步黨,608,1890,32.1693
6,大安區,龍陣里,2024,立委,張雪卿,制度救世島,7,2044,0.3425
6,大安區,龍陣里,2024,立委,苗博雅,社會民主黨,946,2044,46.2818
6,大安區,龍陣里,2024,立委,崔建章,臺灣雙語無法黨,22,2044,1.0763
6,大安區,龍陣里,2024,立委,羅智強,中國國民黨,1065,2044,52.1037
6,大安區,龍陣里,2024,立委,朱翊銘,台灣維新,4,2044,0.1957
6,大安區,龍陣里,2024,總統,柯文哲,台灣民眾黨,415,2121,19.5662
6,大安區,龍陣里,2024,總統,賴清德,民主進步黨,802,2121,37.8124
6,大安區,龍陣里,2024,總統,侯友宜,中國國民黨,904,2121,42.6214
6,大安區,龍雲里,2014,市長,陳汝斌,三等國民公義人權自救黨,5,2810,0.1779
6,大安區,龍雲里,2014,市長,趙衍慶,無黨籍及未經政黨推薦,34,2810,1.21
6,大安區,龍雲里,2014,市長,李宏信,無黨籍及未經政黨推薦,2,2810,0.0712
6,大安區,龍雲里,2014,市長,陳永昌,無黨籍及未經政黨推薦,1,2810,0.0356
6,大安區,龍雲里,2014,市長,馮光遠,無黨籍及未經政黨推薦,16,2810,0.5694
6,大安區,龍雲里,2014,市長,連勝文,中國國民黨,1255,2810,44.6619
6,大安區,龍雲里,2014,市長,柯文哲,無黨籍及未經政黨推薦,1497,2810,53.274
6,大安區,龍雲里,2016,立委,陳家宏,樹黨,34,2692,1.263
6,大安區,龍雲里,2016,立委,范雲,綠黨社會民主黨聯盟,985,2692,36.5899
6,大安區,龍雲里,2016,立委,龎維良,無黨籍及未經政黨推薦,38,2692,1.4116
6,大安區,龍雲里,2016,立委,趙衍慶,無黨籍及未經政黨推薦,46,2692,1.7088
6,大安區,龍雲里,2016,立委,林珍妤,台灣獨立黨,27,2692,1.003
6,大安區,龍雲里,2016,立委,周芳如,無黨籍及未經政黨推薦,68,2692,2.526
6,大安區,龍雲里,2016,立委,蔣慰慈,無黨籍及未經政黨推薦,3,2692,0.1114
6,大安區,龍雲里,2016,立委,鄭村棋,人民民主陣線,73,2692,2.7117
6,大安區,龍雲里,2016,立委,曾獻瑩,信心希望聯盟,76,2692,2.8232
6,大安區,龍雲里,2016,立委,蔣乃辛,中國國民黨,1209,2692,44.9108
6,大安區,龍雲里,2016,立委,古文發,大愛憲改聯盟,2,2692,0.0743
6,大安區,龍雲里,2016,立委,吳旭智,民國黨,131,2692,4.8663
6,大安區,龍雲里,2016,總統,朱立倫,中國國民黨,1155,2728,42.3387
6,大安區,龍雲里,2016,總統,蔡英文,民主進步黨,1338,2728,49.0469
6,大安區,龍雲里,2016,總統,宋楚瑜,親民黨,235,2728,8.6144
6,大安區,龍雲里,2018,市長,吳蕚洋,無黨籍及未經政黨推薦,7,2671,0.2621
6,大安區,龍雲里,2018,市長,丁守中,中國國民黨,1191,2671,44.59
6,大安區,龍雲里,2018,市長,姚文智,民主進步黨,459,2671,17.1846
6,大安區,龍雲里,2018,市長,柯文哲,無黨籍及未經政黨推薦,1003,2671,37.5515
6,大安區,龍雲里,2018,市長,李錫錕,無黨籍及未經政黨推薦,11,2671,0.4118
6,大安區,龍雲里,2020,立委,沈宜璇,台灣維新,13,3002,0.433
6,大安區,龍雲里,2020,立委,楊攸凱,無黨籍及未經政黨推薦,12,3002,0.3997
6,大安區,龍雲里,2020,立委,林奕華,中國國民黨,1506,3002,50.1666
6,大安區,龍雲里,2020,立委,蕭瑞麟,無黨籍及未經政黨推薦,13,3002,0.433
6,大安區,龍雲里,2020,立委,羅世晧,勞動黨,13,3002,0.433
6,大安區,龍雲里,2020,立委,謝佩芬,民主進步黨,1349,3002,44.9367
6,大安區,龍雲里,2020,立委,黃典本,無黨籍及未經政黨推薦,3,3002,0.0999
6,大安區,龍雲里,2020,立委,孟藹倫,中華婦女黨,68,3002,2.2652
6,大安區,龍雲里,2020,立委,張余健,喜樂島聯盟,8,3002,0.2665
6,大安區,龍雲里,2020,立委,葉日勤,台灣基進,17,3002,0.5663
6,大安區,龍雲里,2020,總統,宋楚瑜,親民黨,119,3043,3.9106
6,大安區,龍雲里,2020,總統,韓國瑜,中國國民黨,1373,3043,45.1199
6,大安區,龍雲里,2020,總統,蔡英文,民主進步黨,1551,3043,50.9694
6,大安區,龍雲里,2022,市長,張家豪,台灣動物保護黨,12,2452,0.4894
6,大安區,龍雲里,2022,市長,王文娟,無黨籍及未經政黨推薦,3,2452,0.1223
6,大安區,龍雲里,2022,市長,鄭匡宇,無黨籍及未經政黨推薦,0,2452,0.0
6,大安區,龍雲里,2022,市長,黃聖峰,台澎黨,2,2452,0.0816
6,大安區,龍雲里,2022,市長,童文薰,無黨籍及未經政黨推薦,3,2452,0.1223
6,大安區,龍雲里,2022,市長,蔣萬安,中國國民黨,1134,2452,46.248
6,大安區,龍雲里,2022,市長,蘇煥智,台灣維新,6,2452,0.2447
6,大安區,龍雲里,2022,市長,黃珊珊,無黨籍及未經政黨推薦,519,2452,21.1664
6,大安區,龍雲里,2022,市長,施奉先,無黨籍及未經政黨推薦,0,2452,0.0
6,大安區,龍雲里,2022,市長,唐新民,共和黨,0,2452,0.0
6,大安區,龍雲里,2022,市長,謝立康,無黨籍及未經政黨推薦,0,2452,0.0
6,大安區,龍雲里,2022,市長,陳時中,民主進步黨,773,2452,31.5253
6,大安區,龍雲里,2024,立委,張雪卿,制度救世島,18,2664,0.6757
6,大安區,龍雲里,2024,立委,苗博雅,社會民主黨,1221,2664,45.8333
6,大安區,龍雲里,2024,立委,崔建章,臺灣雙語無法黨,22,2664,0.8258
6,大安區,龍雲里,2024,立委,羅智強,中國國民黨,1395,2664,52.3649
6,大安區,龍雲里,2024,立委,朱翊銘,台灣維新,8,2664,0.3003
6,大安區,龍雲里,2024,總統,柯文哲,台灣民眾黨,507,2727,18.5919
6,大安區,龍雲里,2024,總統,賴清德,民主進步黨,1019,2727,37.3671
6,大安區,龍雲里,2024,總統,侯友宜,中國國民黨,1201,2727,44.0411
7,信義區,三張里,2014,市長,陳汝斌,三等國民公義人權自救黨,3,5516,0.0544
7,信義區,三張里,2014,市長,趙衍慶,無黨籍及未經政黨推薦,52,5516,0.9427
7,信義區,三張里,2014,市長,李宏信,無黨籍及未經政黨推薦,14,5516,0.2538
7,信義區,三張里,2014,市長,陳永昌,無黨籍及未經政黨推薦,6,5516,0.1088
7,信義區,三張里,2014,市長,馮光遠,無黨籍及未經政黨推薦,34,5516,0.6164
7,信義區,三張里,2014,市長,連勝文,中國國民黨,2600,5516,47.1356
7,信義區,三張里,2014,市長,柯文哲,無黨籍及未經政黨推薦,2807,5516,50.8883
7,信義區,三張里,2016,立委,林文傑,無黨籍及未經政黨推薦,34,5162,0.6587
7,信義區,三張里,2016,立委,呂欣潔,綠黨社會民主黨聯盟,472,5162,9.1437
7,信義區,三張里,2016,立委,詹益正,無黨籍及未經政黨推薦,15,5162,0.2906
7,信義區,三張里,2016,立委,蘇承英,和平鴿聯盟黨,17,5162,0.3293
7,信義區,三張里,2016,立委,范揚律,大愛憲改聯盟,9,5162,0.1744
7,信義區,三張里,2016,立委,林芷芬,台灣獨立黨,16,5162,0.31
7,信義區,三張里,2016,立委,費鴻泰,中國國民黨,2568,5162,49.7482
7,信義區,三張里,2016,立委,楊實秋,無黨籍及未經政黨推薦,2031,5162,39.3452
7,信義區,三張里,2016,總統,朱立倫,中國國民黨,2331,5245,44.4423
7,信義區,三張里,2016,總統,蔡英文,民主進步黨,2337,5245,44.5567
7,信義區,三張里,2016,總統,宋楚瑜,親民黨,577,5245,11.001
7,信義區,三張里,2018,市長,吳蕚洋,無黨籍及未經政黨推薦,23,5260,0.4373
7,信義區,三張里,2018,市長,丁守中,中國國民黨,2463,5260,46.8251
7,信義區,三張里,2018,市長,姚文智,民主進步黨,777,5260,14.7719
7,信義區,三張里,2018,市長,柯文哲,無黨籍及未經政黨推薦,1976,5260,37.5665
7,信義區,三張里,2018,市長,李錫錕,無黨籍及未經政黨推薦,21,5260,0.3992
7,信義區,三張里,2020,立委,王映心,台灣基進,51,5704,0.8941
7,信義區,三張里,2020,立委,蔡宜芳,台灣民眾黨,511,5704,8.9586
7,信義區,三張里,2020,立委,費鴻泰,中國國民黨,2820,5704,49.439
7,信義區,三張里,2020,立委,許淑華,民主進步黨,2317,5704,40.6206
7,信義區,三張里,2020,立委,蘇伊文,言論自由聯盟,5,5704,0.0877
7,信義區,三張里,2020,總統,宋楚瑜,親民黨,232,5758,4.0292
7,信義區,三張里,2020,總統,韓國瑜,中國國民黨,2803,5758,48.6801
7,信義區,三張里,2020,總統,蔡英文,民主進步黨,2723,5758,47.2907
7,信義區,三張里,2022,市長,張家豪,台灣動物保護黨,6,4675,0.1283
7,信義區,三張里,2022,市長,王文娟,無黨籍及未經政黨推薦,0,4675,0.0
7,信義區,三張里,2022,市長,鄭匡宇,無黨籍及未經政黨推薦,2,4675,0.0428
7,信義區,三張里,2022,市長,黃聖峰,台澎黨,0,4675,0.0
7,信義區,三張里,2022,市長,童文薰,無黨籍及未經政黨推薦,11,4675,0.2353
7,信義區,三張里,2022,市長,蔣萬安,中國國民黨,2254,4675,48.2139
7,信義區,三張里,2022,市長,蘇煥智,台灣維新,3,4675,0.0642
7,信義區,三張里,2022,市長,黃珊珊,無黨籍及未經政黨推薦,1031,4675,22.0535
7,信義區,三張里,2022,市長,施奉先,無黨籍及未經政黨推薦,2,4675,0.0428
7,信義區,三張里,2022,市長,唐新民,共和黨,0,4675,0.0
7,信義區,三張里,2022,市長,謝立康,無黨籍及未經政黨推薦,1,4675,0.0214
7,信義區,三張里,2022,市長,陳時中,民主進步黨,1365,4675,29.1979
7,信義區,三張里,2024,立委,李承龍,中華愛國同心黨,6,5222,0.1149
7,信義區,三張里,2024,立委,徐巧芯,中國國民黨,2863,5222,54.8257
7,信義區,三張里,2024,立委,羅丹,台灣維新,20,5222,0.383
7,信義區,三張里,2024,立委,陳韋安,無黨籍及未經政黨推薦,84,5222,1.6086
7,信義區,三張里,2024,立委,許淑華,民主進步黨,2249,5222,43.0678
7,信義區,三張里,2024,總統,柯文哲,台灣民眾黨,1179,5333,22.1076
7,信義區,三張里,2024,總統,賴清德,民主進步黨,1823,5333,34.1834
7,信義區,三張里,2024,總統,侯友宜,中國國民黨,2331,5333,43.709
7,信義區,三犁里,2014,市長,陳汝斌,三等國民公義人權自救黨,4,3059,0.1308
7,信義區,三犁里,2014,市長,趙衍慶,無黨籍及未經政黨推薦,31,3059,1.0134
7,信義區,三犁里,2014,市長,李宏信,無黨籍及未經政黨推薦,2,3059,0.0654
7,信義區,三犁里,2014,市長,陳永昌,無黨籍及未經政黨推薦,3,3059,0.0981
7,信義區,三犁里,2014,市長,馮光遠,無黨籍及未經政黨推薦,20,3059,0.6538
7,信義區,三犁里,2014,市長,連勝文,中國國民黨,1419,3059,46.3877
7,信義區,三犁里,2014,市長,柯文哲,無黨籍及未經政黨推薦,1580,3059,51.6509
7,信義區,三犁里,2016,立委,林文傑,無黨籍及未經政黨推薦,19,2964,0.641
7,信義區,三犁里,2016,立委,呂欣潔,綠黨社會民主黨聯盟,270,2964,9.1093
7,信義區,三犁里,2016,立委,詹益正,無黨籍及未經政黨推薦,9,2964,0.3036
7,信義區,三犁里,2016,立委,蘇承英,和平鴿聯盟黨,11,2964,0.3711
7,信義區,三犁里,2016,立委,范揚律,大愛憲改聯盟,1,2964,0.0337
7,信義區,三犁里,2016,立委,林芷芬,台灣獨立黨,8,2964,0.2699
7,信義區,三犁里,2016,立委,費鴻泰,中國國民黨,1472,2964,49.6626
7,信義區,三犁里,2016,立委,楊實秋,無黨籍及未經政黨推薦,1174,2964,39.6086
7,信義區,三犁里,2016,總統,朱立倫,中國國民黨,1328,2995,44.3406
7,信義區,三犁里,2016,總統,蔡英文,民主進步黨,1338,2995,44.6745
7,信義區,三犁里,2016,總統,宋楚瑜,親民黨,329,2995,10.985
7,信義區,三犁里,2018,市長,吳蕚洋,無黨籍及未經政黨推薦,10,2840,0.3521
7,信義區,三犁里,2018,市長,丁守中,中國國民黨,1307,2840,46.0211
7,信義區,三犁里,2018,市長,姚文智,民主進步黨,388,2840,13.662
7,信義區,三犁里,2018,市長,柯文哲,無黨籍及未經政黨推薦,1123,2840,39.5423
7,信義區,三犁里,2018,市長,李錫錕,無黨籍及未經政黨推薦,12,2840,0.4225
7,信義區,三犁里,2020,立委,王映心,台灣基進,35,3384,1.0343
7,信義區,三犁里,2020,立委,蔡宜芳,台灣民眾黨,267,3384,7.8901
7,信義區,三犁里,2020,立委,費鴻泰,中國國民黨,1671,3384,49.3794
7,信義區,三犁里,2020,立委,許淑華,民主進步黨,1408,3384,41.6076
7,信義區,三犁里,2020,立委,蘇伊文,言論自由聯盟,3,3384,0.0887
7,信義區,三犁里,2020,總統,宋楚瑜,親民黨,154,3392,4.5401
7,信義區,三犁里,2020,總統,韓國瑜,中國國民黨,1630,3392,48.0542
7,信義區,三犁里,2020,總統,蔡英文,民主進步黨,1608,3392,47.4057
7,信義區,三犁里,2022,市長,張家豪,台灣動物保護黨,4,2671,0.1498
7,信義區,三犁里,2022,市長,王文娟,無黨籍及未經政黨推薦,0,2671,0.0
7,信義區,三犁里,2022,市長,鄭匡宇,無黨籍及未經政黨推薦,0,2671,0.0
7,信義區,三犁里,2022,市長,黃聖峰,台澎黨,0,2671,0.0
7,信義區,三犁里,2022,市長,童文薰,無黨籍及未經政黨推薦,4,2671,0.1498
7,信義區,三犁里,2022,市長,蔣萬安,中國國民黨,1279,2671,47.8847
7,信義區,三犁里,2022,市長,蘇煥智,台灣維新,3,2671,0.1123
7,信義區,三犁里,2022,市長,黃珊珊,無黨籍及未經政黨推薦,610,2671,22.8379
7,信義區,三犁里,2022,市長,施奉先,無黨籍及未經政黨推薦,0,2671,0.0
7,信義區,三犁里,2022,市長,唐新民,共和黨,0,2671,0.0
7,信義區,三犁里,2022,市長,謝立康,無黨籍及未經政黨推薦,0,2671,0.0
7,信義區,三犁里,2022,市長,陳時中,民主進步黨,771,2671,28.8656
7,信義區,三犁里,2024,立委,李承龍,中華愛國同心黨,3,3081,0.0974
7,信義區,三犁里,2024,立委,徐巧芯,中國國民黨,1640,3081,53.2295
7,信義區,三犁里,2024,立委,羅丹,台灣維新,12,3081,0.3895
7,信義區,三犁里,2024,立委,陳韋安,無黨籍及未經政黨推薦,37,3081,1.2009
7,信義區,三犁里,2024,立委,許淑華,民主進步黨,1389,3081,45.0828
7,信義區,三犁里,2024,總統,柯文哲,台灣民眾黨,680,3141,21.6492
7,信義區,三犁里,2024,總統,賴清德,民主進步黨,1087,3141,34.6068
7,信義區,三犁里,2024,總統,侯友宜,中國國民黨,1374,3141,43.744
7,信義區,中坡里,2014,市長,陳汝斌,三等國民公義人權自救黨,2,2875,0.0696
7,信義區,中坡里,2014,市長,趙衍慶,無黨籍及未經政黨推薦,36,2875,1.2522
7,信義區,中坡里,2014,市長,李宏信,無黨籍及未經政黨推薦,3,2875,0.1043
7,信義區,中坡里,2014,市長,陳永昌,無黨籍及未經政黨推薦,4,2875,0.1391
7,信義區,中坡里,2014,市長,馮光遠,無黨籍及未經政黨推薦,13,2875,0.4522
7,信義區,中坡里,2014,市長,連勝文,中國國民黨,1195,2875,41.5652
7,信義區,中坡里,2014,市長,柯文哲,無黨籍及未經政黨推薦,1622,2875,56.4174
7,信義區,中坡里,2016,立委,林文傑,無黨籍及未經政黨推薦,19,2651,0.7167
7,信義區,中坡里,2016,立委,呂欣潔,綠黨社會民主黨聯盟,289,2651,10.9015
7,信義區,中坡里,2016,立委,詹益正,無黨籍及未經政黨推薦,5,2651,0.1886
7,信義區,中坡里,2016,立委,蘇承英,和平鴿聯盟黨,11,2651,0.4149
7,信義區,中坡里,2016,立委,范揚律,大愛憲改聯盟,5,2651,0.1886
7,信義區,中坡里,2016,立委,林芷芬,台灣獨立黨,10,2651,0.3772
7,信義區,中坡里,2016,立委,費鴻泰,中國國民黨,1143,2651,43.1158
7,信義區,中坡里,2016,立委,楊實秋,無黨籍及未經政黨推薦,1169,2651,44.0966
7,信義區,中坡里,2016,總統,朱立倫,中國國民黨,1013,2663,38.0398
7,信義區,中坡里,2016,總統,蔡英文,民主進步黨,1368,2663,51.3706
7,信義區,中坡里,2016,總統,宋楚瑜,親民黨,282,2663,10.5896
7,信義區,中坡里,2018,市長,吳蕚洋,無黨籍及未經政黨推薦,12,2676,0.4484
7,信義區,中坡里,2018,市長,丁守中,中國國民黨,1065,2676,39.7982
7,信義區,中坡里,2018,市長,姚文智,民主進步黨,477,2676,17.8251
7,信義區,中坡里,2018,市長,柯文哲,無黨籍及未經政黨推薦,1112,2676,41.5546
7,信義區,中坡里,2018,市長,李錫錕,無黨籍及未經政黨推薦,10,2676,0.3737
7,信義區,中坡里,2020,立委,王映心,台灣基進,52,2898,1.7943
7,信義區,中坡里,2020,立委,蔡宜芳,台灣民眾黨,306,2898,10.559
7,信義區,中坡里,2020,立委,費鴻泰,中國國民黨,1259,2898,43.4438
7,信義區,中坡里,2020,立委,許淑華,民主進步黨,1276,2898,44.0304
7,信義區,中坡里,2020,立委,蘇伊文,言論自由聯盟,5,2898,0.1725
7,信義區,中坡里,2020,總統,宋楚瑜,親民黨,121,2919,4.1453
7,信義區,中坡里,2020,總統,韓國瑜,中國國民黨,1210,2919,41.4526
7,信義區,中坡里,2020,總統,蔡英文,民主進步黨,1588,2919,54.4022
7,信義區,中坡里,2022,市長,張家豪,台灣動物保護黨,1,2472,0.0405
7,信義區,中坡里,2022,市長,王文娟,無黨籍及未經政黨推薦,3,2472,0.1214
7,信義區,中坡里,2022,市長,鄭匡宇,無黨籍及未經政黨推薦,1,2472,0.0405
7,信義區,中坡里,2022,市長,黃聖峰,台澎黨,0,2472,0.0
7,信義區,中坡里,2022,市長,童文薰,無黨籍及未經政黨推薦,3,2472,0.1214
7,信義區,中坡里,2022,市長,蔣萬安,中國國民黨,1081,2472,43.7298
7,信義區,中坡里,2022,市長,蘇煥智,台灣維新,1,2472,0.0405
7,信義區,中坡里,2022,市長,黃珊珊,無黨籍及未經政黨推薦,583,2472,23.5841
7,信義區,中坡里,2022,市長,施奉先,無黨籍及未經政黨推薦,1,2472,0.0405
7,信義區,中坡里,2022,市長,唐新民,共和黨,0,2472,0.0
7,信義區,中坡里,2022,市長,謝立康,無黨籍及未經政黨推薦,0,2472,0.0
7,信義區,中坡里,2022,市長,陳時中,民主進步黨,798,2472,32.2816
7,信義區,中坡里,2024,立委,李承龍,中華愛國同心黨,1,2693,0.0371
7,信義區,中坡里,2024,立委,徐巧芯,中國國民黨,1371,2693,50.9098
7,信義區,中坡里,2024,立委,羅丹,台灣維新,17,2693,0.6313
7,信義區,中坡里,2024,立委,陳韋安,無黨籍及未經政黨推薦,65,2693,2.4137
7,信義區,中坡里,2024,立委,許淑華,民主進步黨,1239,2693,46.0082
7,信義區,中坡里,2024,總統,柯文哲,台灣民眾黨,661,2745,24.0801
7,信義區,中坡里,2024,總統,賴清德,民主進步黨,1042,2745,37.9599
7,信義區,中坡里,2024,總統,侯友宜,中國國民黨,1042,2745,37.9599
7,信義區,中興里,2014,市長,陳汝斌,三等國民公義人權自救黨,2,1802,0.111
7,信義區,中興里,2014,市長,趙衍慶,無黨籍及未經政黨推薦,17,1802,0.9434
7,信義區,中興里,2014,市長,李宏信,無黨籍及未經政黨推薦,2,1802,0.111
7,信義區,中興里,2014,市長,陳永昌,無黨籍及未經政黨推薦,2,1802,0.111
7,信義區,中興里,2014,市長,馮光遠,無黨籍及未經政黨推薦,7,1802,0.3885
7,信義區,中興里,2014,市長,連勝文,中國國民黨,818,1802,45.394
7,信義區,中興里,2014,市長,柯文哲,無黨籍及未經政黨推薦,954,1802,52.9412
7,信義區,中興里,2016,立委,林文傑,無黨籍及未經政黨推薦,12,1846,0.6501
7,信義區,中興里,2016,立委,呂欣潔,綠黨社會民主黨聯盟,195,1846,10.5634
7,信義區,中興里,2016,立委,詹益正,無黨籍及未經政黨推薦,16,1846,0.8667
7,信義區,中興里,2016,立委,蘇承英,和平鴿聯盟黨,6,1846,0.325
7,信義區,中興里,2016,立委,范揚律,大愛憲改聯盟,3,1846,0.1625
7,信義區,中興里,2016,立委,林芷芬,台灣獨立黨,6,1846,0.325
7,信義區,中興里,2016,立委,費鴻泰,中國國民黨,846,1846,45.8288
7,信義區,中興里,2016,立委,楊實秋,無黨籍及未經政黨推薦,762,1846,41.2784
7,信義區,中興里,2016,總統,朱立倫,中國國民黨,778,1857,41.8955
7,信義區,中興里,2016,總統,蔡英文,民主進步黨,883,1857,47.5498
7,信義區,中興里,2016,總統,宋楚瑜,親民黨,196,1857,10.5547
7,信義區,中興里,2018,市長,吳蕚洋,無黨籍及未經政黨推薦,4,1775,0.2254
7,信義區,中興里,2018,市長,丁守中,中國國民黨,806,1775,45.4085
7,信義區,中興里,2018,市長,姚文智,民主進步黨,278,1775,15.662
7,信義區,中興里,2018,市長,柯文哲,無黨籍及未經政黨推薦,674,1775,37.9718
7,信義區,中興里,2018,市長,李錫錕,無黨籍及未經政黨推薦,13,1775,0.7324
7,信義區,中興里,2020,立委,王映心,台灣基進,17,2094,0.8118
7,信義區,中興里,2020,立委,蔡宜芳,台灣民眾黨,189,2094,9.0258
7,信義區,中興里,2020,立委,費鴻泰,中國國民黨,1029,2094,49.1404
7,信義區,中興里,2020,立委,許淑華,民主進步黨,854,2094,40.7832
7,信義區,中興里,2020,立委,蘇伊文,言論自由聯盟,5,2094,0.2388
7,信義區,中興里,2020,總統,宋楚瑜,親民黨,86,2123,4.0509
7,信義區,中興里,2020,總統,韓國瑜,中國國民黨,971,2123,45.7372
7,信義區,中興里,2020,總統,蔡英文,民主進步黨,1066,2123,50.212
7,信義區,中興里,2022,市長,張家豪,台灣動物保護黨,5,1676,0.2983
7,信義區,中興里,2022,市長,王文娟,無黨籍及未經政黨推薦,0,1676,0.0
7,信義區,中興里,2022,市長,鄭匡宇,無黨籍及未經政黨推薦,1,1676,0.0597
7,信義區,中興里,2022,市長,黃聖峰,台澎黨,0,1676,0.0
7,信義區,中興里,2022,市長,童文薰,無黨籍及未經政黨推薦,3,1676,0.179
7,信義區,中興里,2022,市長,蔣萬安,中國國民黨,759,1676,45.2864
7,信義區,中興里,2022,市長,蘇煥智,台灣維新,2,1676,0.1193
7,信義區,中興里,2022,市長,黃珊珊,無黨籍及未經政黨推薦,380,1676,22.673
7,信義區,中興里,2022,市長,施奉先,無黨籍及未經政黨推薦,1,1676,0.0597
7,信義區,中興里,2022,市長,唐新民,共和黨,0,1676,0.0
7,信義區,中興里,2022,市長,謝立康,無黨籍及未經政黨推薦,0,1676,0.0
7,信義區,中興里,2022,市長,陳時中,民主進步黨,525,1676,31.3246
7,信義區,中興里,2024,立委,李承龍,中華愛國同心黨,4,1931,0.2071
7,信義區,中興里,2024,立委,徐巧芯,中國國民黨,1075,1931,55.6706
7,信義區,中興里,2024,立委,羅丹,台灣維新,13,1931,0.6732
7,信義區,中興里,2024,立委,陳韋安,無黨籍及未經政黨推薦,28,1931,1.45
7,信義區,中興里,2024,立委,許淑華,民主進步黨,811,1931,41.999
7,信義區,中興里,2024,總統,柯文哲,台灣民眾黨,454,1989,22.8255
7,信義區,中興里,2024,總統,賴清德,民主進步黨,719,1989,36.1488
7,信義區,中興里,2024,總統,侯友宜,中國國民黨,816,1989,41.0256
7,信義區,中行里,2014,市長,陳汝斌,三等國民公義人權自救黨,6,4937,0.1215
7,信義區,中行里,2014,市長,趙衍慶,無黨籍及未經政黨推薦,61,4937,1.2356
7,信義區,中行里,2014,市長,李宏信,無黨籍及未經政黨推薦,6,4937,0.1215
7,信義區,中行里,2014,市長,陳永昌,無黨籍及未經政黨推薦,11,4937,0.2228
7,信義區,中行里,2014,市長,馮光遠,無黨籍及未經政黨推薦,27,4937,0.5469
7,信義區,中行里,2014,市長,連勝文,中國國民黨,1842,4937,37.3101
7,信義區,中行里,2014,市長,柯文哲,無黨籍及未經政黨推薦,2984,4937,60.4416
7,信義區,中行里,2016,立委,林文傑,無黨籍及未經政黨推薦,36,4649,0.7744
7,信義區,中行里,2016,立委,呂欣潔,綠黨社會民主黨聯盟,589,4649,12.6694
7,信義區,中行里,2016,立委,詹益正,無黨籍及未經政黨推薦,22,4649,0.4732
7,信義區,中行里,2016,立委,蘇承英,和平鴿聯盟黨,32,4649,0.6883
7,信義區,中行里,2016,立委,范揚律,大愛憲改聯盟,6,4649,0.1291
7,信義區,中行里,2016,立委,林芷芬,台灣獨立黨,22,4649,0.4732
7,信義區,中行里,2016,立委,費鴻泰,中國國民黨,1843,4649,39.6429
7,信義區,中行里,2016,立委,楊實秋,無黨籍及未經政黨推薦,2099,4649,45.1495
7,信義區,中行里,2016,總統,朱立倫,中國國民黨,1541,4705,32.7524
7,信義區,中行里,2016,總統,蔡英文,民主進步黨,2620,4705,55.6854
7,信義區,中行里,2016,總統,宋楚瑜,親民黨,544,4705,11.5622
7,信義區,中行里,2018,市長,吳蕚洋,無黨籍及未經政黨推薦,12,4632,0.2591
7,信義區,中行里,2018,市長,丁守中,中國國民黨,1702,4632,36.7444
7,信義區,中行里,2018,市長,姚文智,民主進步黨,925,4632,19.9698
7,信義區,中行里,2018,市長,柯文哲,無黨籍及未經政黨推薦,1980,4632,42.7461
7,信義區,中行里,2018,市長,李錫錕,無黨籍及未經政黨推薦,13,4632,0.2807
7,信義區,中行里,2020,立委,王映心,台灣基進,67,5166,1.2969
7,信義區,中行里,2020,立委,蔡宜芳,台灣民眾黨,528,5166,10.2207
7,信義區,中行里,2020,立委,費鴻泰,中國國民黨,2127,5166,41.1731
7,信義區,中行里,2020,立委,許淑華,民主進步黨,2440,5166,47.2319
7,信義區,中行里,2020,立委,蘇伊文,言論自由聯盟,4,5166,0.0774
7,信義區,中行里,2020,總統,宋楚瑜,親民黨,227,5222,4.347
7,信義區,中行里,2020,總統,韓國瑜,中國國民黨,2040,5222,39.0655
7,信義區,中行里,2020,總統,蔡英文,民主進步黨,2955,5222,56.5875
7,信義區,中行里,2022,市長,張家豪,台灣動物保護黨,4,4215,0.0949
7,信義區,中行里,2022,市長,王文娟,無黨籍及未經政黨推薦,4,4215,0.0949
7,信義區,中行里,2022,市長,鄭匡宇,無黨籍及未經政黨推薦,0,4215,0.0
7,信義區,中行里,2022,市長,黃聖峰,台澎黨,1,4215,0.0237
7,信義區,中行里,2022,市長,童文薰,無黨籍及未經政黨推薦,9,4215,0.2135
7,信義區,中行里,2022,市長,蔣萬安,中國國民黨,1683,4215,39.9288
7,信義區,中行里,2022,市長,蘇煥智,台灣維新,4,4215,0.0949
7,信義區,中行里,2022,市長,黃珊珊,無黨籍及未經政黨推薦,1045,4215,24.7924
7,信義區,中行里,2022,市長,施奉先,無黨籍及未經政黨推薦,1,4215,0.0237
7,信義區,中行里,2022,市長,唐新民,共和黨,0,4215,0.0
7,信義區,中行里,2022,市長,謝立康,無黨籍及未經政黨推薦,2,4215,0.0474
7,信義區,中行里,2022,市長,陳時中,民主進步黨,1462,4215,34.6856
7,信義區,中行里,2024,立委,李承龍,中華愛國同心黨,8,4660,0.1717
7,信義區,中行里,2024,立委,徐巧芯,中國國民黨,2180,4660,46.7811
7,信義區,中行里,2024,立委,羅丹,台灣維新,29,4660,0.6223
7,信義區,中行里,2024,立委,陳韋安,無黨籍及未經政黨推薦,128,4660,2.7468
7,信義區,中行里,2024,立委,許淑華,民主進步黨,2315,4660,49.6781
7,信義區,中行里,2024,總統,柯文哲,台灣民眾黨,1166,4743,24.5836
7,信義區,中行里,2024,總統,賴清德,民主進步黨,1925,4743,40.5861
7,信義區,中行里,2024,總統,侯友宜,中國國民黨,1652,4743,34.8303
7,信義區,五全里,2014,市長,陳汝斌,三等國民公義人權自救黨,3,3183,0.0943
7,信義區,五全里,2014,市長,趙衍慶,無黨籍及未經政黨推薦,30,3183,0.9425
7,信義區,五全里,2014,市長,李宏信,無黨籍及未經政黨推薦,8,3183,0.2513
7,信義區,五全里,2014,市長,陳永昌,無黨籍及未經政黨推薦,4,3183,0.1257
7,信義區,五全里,2014,市長,馮光遠,無黨籍及未經政黨推薦,12,3183,0.377
7,信義區,五全里,2014,市長,連勝文,中國國民黨,1170,3183,36.7578
7,信義區,五全里,2014,市長,柯文哲,無黨籍及未經政黨推薦,1956,3183,61.4515
7,信義區,五全里,2016,立委,林文傑,無黨籍及未經政黨推薦,24,3114,0.7707
7,信義區,五全里,2016,立委,呂欣潔,綠黨社會民主黨聯盟,354,3114,11.368
7,信義區,五全里,2016,立委,詹益正,無黨籍及未經政黨推薦,12,3114,0.3854
7,信義區,五全里,2016,立委,蘇承英,和平鴿聯盟黨,14,3114,0.4496
7,信義區,五全里,2016,立委,范揚律,大愛憲改聯盟,3,3114,0.0963
7,信義區,五全里,2016,立委,林芷芬,台灣獨立黨,6,3114,0.1927
7,信義區,五全里,2016,立委,費鴻泰,中國國民黨,1197,3114,38.4393
7,信義區,五全里,2016,立委,楊實秋,無黨籍及未經政黨推薦,1504,3114,48.298
7,信義區,五全里,2016,總統,朱立倫,中國國民黨,1047,3132,33.4291
7,信義區,五全里,2016,總統,蔡英文,民主進步黨,1786,3132,57.0243
7,信義區,五全里,2016,總統,宋楚瑜,親民黨,299,3132,9.5466
7,信義區,五全里,2018,市長,吳蕚洋,無黨籍及未經政黨推薦,14,2872,0.4875
7,信義區,五全里,2018,市長,丁守中,中國國民黨,1042,2872,36.2813
7,信義區,五全里,2018,市長,姚文智,民主進步黨,603,2872,20.9958
7,信義區,五全里,2018,市長,柯文哲,無黨籍及未經政黨推薦,1204,2872,41.922
7,信義區,五全里,2018,市長,李錫錕,無黨籍及未經政黨推薦,9,2872,0.3134
7,信義區,五全里,2020,立委,王映心,台灣基進,36,3227,1.1156
7,信義區,五全里,2020,立委,蔡宜芳,台灣民眾黨,299,3227,9.2656
7,信義區,五全里,2020,立委,費鴻泰,中國國民黨,1306,3227,40.471
7,信義區,五全里,2020,立委,許淑華,民主進步黨,1582,3227,49.0239
7,信義區,五全里,2020,立委,蘇伊文,言論自由聯盟,4,3227,0.124
7,信義區,五全里,2020,總統,宋楚瑜,親民黨,127,3260,3.8957
7,信義區,五全里,2020,總統,韓國瑜,中國國民黨,1232,3260,37.7914
7,信義區,五全里,2020,總統,蔡英文,民主進步黨,1901,3260,58.3129
7,信義區,五全里,2022,市長,張家豪,台灣動物保護黨,5,2707,0.1847
7,信義區,五全里,2022,市長,王文娟,無黨籍及未經政黨推薦,0,2707,0.0
7,信義區,五全里,2022,市長,鄭匡宇,無黨籍及未經政黨推薦,2,2707,0.0739
7,信義區,五全里,2022,市長,黃聖峰,台澎黨,1,2707,0.0369
7,信義區,五全里,2022,市長,童文薰,無黨籍及未經政黨推薦,3,2707,0.1108
7,信義區,五全里,2022,市長,蔣萬安,中國國民黨,1037,2707,38.3081
7,信義區,五全里,2022,市長,蘇煥智,台灣維新,2,2707,0.0739
7,信義區,五全里,2022,市長,黃珊珊,無黨籍及未經政黨推薦,685,2707,25.3048
7,信義區,五全里,2022,市長,施奉先,無黨籍及未經政黨推薦,1,2707,0.0369
7,信義區,五全里,2022,市長,唐新民,共和黨,0,2707,0.0
7,信義區,五全里,2022,市長,謝立康,無黨籍及未經政黨推薦,0,2707,0.0
7,信義區,五全里,2022,市長,陳時中,民主進步黨,971,2707,35.87
7,信義區,五全里,2024,立委,李承龍,中華愛國同心黨,4,2991,0.1337
7,信義區,五全里,2024,立委,徐巧芯,中國國民黨,1366,2991,45.6703
7,信義區,五全里,2024,立委,羅丹,台灣維新,28,2991,0.9361
7,信義區,五全里,2024,立委,陳韋安,無黨籍及未經政黨推薦,48,2991,1.6048
7,信義區,五全里,2024,立委,許淑華,民主進步黨,1545,2991,51.655
7,信義區,五全里,2024,總統,柯文哲,台灣民眾黨,747,3055,24.4517
7,信義區,五全里,2024,總統,賴清德,民主進步黨,1282,3055,41.964
7,信義區,五全里,2024,總統,侯友宜,中國國民黨,1026,3055,33.5843
7,信義區,五常里,2014,市長,陳汝斌,三等國民公義人權自救黨,1,2255,0.0443
7,信義區,五常里,2014,市長,趙衍慶,無黨籍及未經政黨推薦,19,2255,0.8426
7,信義區,五常里,2014,市長,李宏信,無黨籍及未經政黨推薦,5,2255,0.2217
7,信義區,五常里,2014,市長,陳永昌,無黨籍及未經政黨推薦,1,2255,0.0443
7,信義區,五常里,2014,市長,馮光遠,無黨籍及未經政黨推薦,10,2255,0.4435
7,信義區,五常里,2014,市長,連勝文,中國國民黨,907,2255,40.2217
7,信義區,五常里,2014,市長,柯文哲,無黨籍及未經政黨推薦,1312,2255,58.1818
7,信義區,五常里,2016,立委,林文傑,無黨籍及未經政黨推薦,16,2160,0.7407
7,信義區,五常里,2016,立委,呂欣潔,綠黨社會民主黨聯盟,250,2160,11.5741
7,信義區,五常里,2016,立委,詹益正,無黨籍及未經政黨推薦,11,2160,0.5093
7,信義區,五常里,2016,立委,蘇承英,和平鴿聯盟黨,7,2160,0.3241
7,信義區,五常里,2016,立委,范揚律,大愛憲改聯盟,5,2160,0.2315
7,信義區,五常里,2016,立委,林芷芬,台灣獨立黨,7,2160,0.3241
7,信義區,五常里,2016,立委,費鴻泰,中國國民黨,933,2160,43.1944
7,信義區,五常里,2016,立委,楊實秋,無黨籍及未經政黨推薦,931,2160,43.1019
7,信義區,五常里,2016,總統,朱立倫,中國國民黨,821,2177,37.7124
7,信義區,五常里,2016,總統,蔡英文,民主進步黨,1111,2177,51.0335
7,信義區,五常里,2016,總統,宋楚瑜,親民黨,245,2177,11.254
7,信義區,五常里,2018,市長,吳蕚洋,無黨籍及未經政黨推薦,9,2053,0.4384
7,信義區,五常里,2018,市長,丁守中,中國國民黨,857,2053,41.7438
7,信義區,五常里,2018,市長,姚文智,民主進步黨,397,2053,19.3376
7,信義區,五常里,2018,市長,柯文哲,無黨籍及未經政黨推薦,784,2053,38.188
7,信義區,五常里,2018,市長,李錫錕,無黨籍及未經政黨推薦,6,2053,0.2923
7,信義區,五常里,2020,立委,王映心,台灣基進,29,2351,1.2335
7,信義區,五常里,2020,立委,蔡宜芳,台灣民眾黨,214,2351,9.1025
7,信義區,五常里,2020,立委,費鴻泰,中國國民黨,1044,2351,44.4066
7,信義區,五常里,2020,立委,許淑華,民主進步黨,1062,2351,45.1723
7,信義區,五常里,2020,立委,蘇伊文,言論自由聯盟,2,2351,0.0851
7,信義區,五常里,2020,總統,宋楚瑜,親民黨,85,2365,3.5941
7,信義區,五常里,2020,總統,韓國瑜,中國國民黨,1015,2365,42.9175
7,信義區,五常里,2020,總統,蔡英文,民主進步黨,1265,2365,53.4884
7,信義區,五常里,2022,市長,張家豪,台灣動物保護黨,1,1944,0.0514
7,信義區,五常里,2022,市長,王文娟,無黨籍及未經政黨推薦,1,1944,0.0514
7,信義區,五常里,2022,市長,鄭匡宇,無黨籍及未經政黨推薦,1,1944,0.0514
7,信義區,五常里,2022,市長,黃聖峰,台澎黨,0,1944,0.0
7,信義區,五常里,2022,市長,童文薰,無黨籍及未經政黨推薦,1,1944,0.0514
7,信義區,五常里,2022,市長,蔣萬安,中國國民黨,859,1944,44.1872
7,信義區,五常里,2022,市長,蘇煥智,台灣維新,2,1944,0.1029
7,信義區,五常里,2022,市長,黃珊珊,無黨籍及未經政黨推薦,453,1944,23.3025
7,信義區,五常里,2022,市長,施奉先,無黨籍及未經政黨推薦,1,1944,0.0514
7,信義區,五常里,2022,市長,唐新民,共和黨,0,1944,0.0
7,信義區,五常里,2022,市長,謝立康,無黨籍及未經政黨推薦,0,1944,0.0
7,信義區,五常里,2022,市長,陳時中,民主進步黨,625,1944,32.1502
7,信義區,五常里,2024,立委,李承龍,中華愛國同心黨,6,2243,0.2675
7,信義區,五常里,2024,立委,徐巧芯,中國國民黨,1134,2243,50.5573
7,信義區,五常里,2024,立委,羅丹,台灣維新,20,2243,0.8917
7,信義區,五常里,2024,立委,陳韋安,無黨籍及未經政黨推薦,54,2243,2.4075
7,信義區,五常里,2024,立委,許淑華,民主進步黨,1029,2243,45.8761
7,信義區,五常里,2024,總統,柯文哲,台灣民眾黨,567,2283,24.8357
7,信義區,五常里,2024,總統,賴清德,民主進步黨,844,2283,36.9689
7,信義區,五常里,2024,總統,侯友宜,中國國民黨,872,2283,38.1954
7,信義區,六合里,2014,市長,陳汝斌,三等國民公義人權自救黨,7,3969,0.1764
7,信義區,六合里,2014,市長,趙衍慶,無黨籍及未經政黨推薦,46,3969,1.159
7,信義區,六合里,2014,市長,李宏信,無黨籍及未經政黨推薦,5,3969,0.126
7,信義區,六合里,2014,市長,陳永昌,無黨籍及未經政黨推薦,7,3969,0.1764
7,信義區,六合里,2014,市長,馮光遠,無黨籍及未經政黨推薦,26,3969,0.6551
7,信義區,六合里,2014,市長,連勝文,中國國民黨,2088,3969,52.6077
7,信義區,六合里,2014,市長,柯文哲,無黨籍及未經政黨推薦,1790,3969,45.0995
7,信義區,六合里,2016,立委,林文傑,無黨籍及未經政黨推薦,19,3827,0.4965
7,信義區,六合里,2016,立委,呂欣潔,綠黨社會民主黨聯盟,392,3827,10.243
7,信義區,六合里,2016,立委,詹益正,無黨籍及未經政黨推薦,10,3827,0.2613
7,信義區,六合里,2016,立委,蘇承英,和平鴿聯盟黨,18,3827,0.4703
7,信義區,六合里,2016,立委,范揚律,大愛憲改聯盟,3,3827,0.0784
7,信義區,六合里,2016,立委,林芷芬,台灣獨立黨,12,3827,0.3136
7,信義區,六合里,2016,立委,費鴻泰,中國國民黨,2057,3827,53.7497
7,信義區,六合里,2016,立委,楊實秋,無黨籍及未經政黨推薦,1316,3827,34.3872
7,信義區,六合里,2016,總統,朱立倫,中國國民黨,1835,3883,47.2573
7,信義區,六合里,2016,總統,蔡英文,民主進步黨,1609,3883,41.437
7,信義區,六合里,2016,總統,宋楚瑜,親民黨,439,3883,11.3057
7,信義區,六合里,2018,市長,吳蕚洋,無黨籍及未經政黨推薦,14,3842,0.3644
7,信義區,六合里,2018,市長,丁守中,中國國民黨,1956,3842,50.911
7,信義區,六合里,2018,市長,姚文智,民主進步黨,413,3842,10.7496
7,信義區,六合里,2018,市長,柯文哲,無黨籍及未經政黨推薦,1447,3842,37.6627
7,信義區,六合里,2018,市長,李錫錕,無黨籍及未經政黨推薦,12,3842,0.3123
7,信義區,六合里,2020,立委,王映心,台灣基進,46,4320,1.0648
7,信義區,六合里,2020,立委,蔡宜芳,台灣民眾黨,406,4320,9.3981
7,信義區,六合里,2020,立委,費鴻泰,中國國民黨,2296,4320,53.1481
7,信義區,六合里,2020,立委,許淑華,民主進步黨,1568,4320,36.2963
7,信義區,六合里,2020,立委,蘇伊文,言論自由聯盟,4,4320,0.0926
7,信義區,六合里,2020,總統,宋楚瑜,親民黨,169,4387,3.8523
7,信義區,六合里,2020,總統,韓國瑜,中國國民黨,2251,4387,51.3107
7,信義區,六合里,2020,總統,蔡英文,民主進步黨,1967,4387,44.837
7,信義區,六合里,2022,市長,張家豪,台灣動物保護黨,10,3596,0.2781
7,信義區,六合里,2022,市長,王文娟,無黨籍及未經政黨推薦,2,3596,0.0556
7,信義區,六合里,2022,市長,鄭匡宇,無黨籍及未經政黨推薦,0,3596,0.0
7,信義區,六合里,2022,市長,黃聖峰,台澎黨,0,3596,0.0
7,信義區,六合里,2022,市長,童文薰,無黨籍及未經政黨推薦,8,3596,0.2225
7,信義區,六合里,2022,市長,蔣萬安,中國國民黨,1832,3596,50.9455
7,信義區,六合里,2022,市長,蘇煥智,台灣維新,5,3596,0.139
7,信義區,六合里,2022,市長,黃珊珊,無黨籍及未經政黨推薦,847,3596,23.5539
7,信義區,六合里,2022,市長,施奉先,無黨籍及未經政黨推薦,0,3596,0.0
7,信義區,六合里,2022,市長,唐新民,共和黨,1,3596,0.0278
7,信義區,六合里,2022,市長,謝立康,無黨籍及未經政黨推薦,1,3596,0.0278
7,信義區,六合里,2022,市長,陳時中,民主進步黨,890,3596,24.7497
7,信義區,六合里,2024,立委,李承龍,中華愛國同心黨,7,3967,0.1765
7,信義區,六合里,2024,立委,徐巧芯,中國國民黨,2317,3967,58.4069
7,信義區,六合里,2024,立委,羅丹,台灣維新,19,3967,0.479
7,信義區,六合里,2024,立委,陳韋安,無黨籍及未經政黨推薦,68,3967,1.7141
7,信義區,六合里,2024,立委,許淑華,民主進步黨,1556,3967,39.2236
7,信義區,六合里,2024,總統,柯文哲,台灣民眾黨,926,4061,22.8023
7,信義區,六合里,2024,總統,賴清德,民主進步黨,1259,4061,31.0022
7,信義區,六合里,2024,總統,侯友宜,中國國民黨,1876,4061,46.1955
7,信義區,六藝里,2014,市長,陳汝斌,三等國民公義人權自救黨,4,2361,0.1694
7,信義區,六藝里,2014,市長,趙衍慶,無黨籍及未經政黨推薦,24,2361,1.0165
7,信義區,六藝里,2014,市長,李宏信,無黨籍及未經政黨推薦,10,2361,0.4235
7,信義區,六藝里,2014,市長,陳永昌,無黨籍及未經政黨推薦,4,2361,0.1694
7,信義區,六藝里,2014,市長,馮光遠,無黨籍及未經政黨推薦,9,2361,0.3812
7,信義區,六藝里,2014,市長,連勝文,中國國民黨,923,2361,39.0936
7,信義區,六藝里,2014,市長,柯文哲,無黨籍及未經政黨推薦,1387,2361,58.7463
7,信義區,六藝里,2016,立委,林文傑,無黨籍及未經政黨推薦,9,2162,0.4163
7,信義區,六藝里,2016,立委,呂欣潔,綠黨社會民主黨聯盟,298,2162,13.7835
7,信義區,六藝里,2016,立委,詹益正,無黨籍及未經政黨推薦,13,2162,0.6013
7,信義區,六藝里,2016,立委,蘇承英,和平鴿聯盟黨,10,2162,0.4625
7,信義區,六藝里,2016,立委,范揚律,大愛憲改聯盟,3,2162,0.1388
7,信義區,六藝里,2016,立委,林芷芬,台灣獨立黨,11,2162,0.5088
7,信義區,六藝里,2016,立委,費鴻泰,中國國民黨,888,2162,41.0731
7,信義區,六藝里,2016,立委,楊實秋,無黨籍及未經政黨推薦,930,2162,43.0157
7,信義區,六藝里,2016,總統,朱立倫,中國國民黨,755,2186,34.538
7,信義區,六藝里,2016,總統,蔡英文,民主進步黨,1186,2186,54.2543
7,信義區,六藝里,2016,總統,宋楚瑜,親民黨,245,2186,11.2077
7,信義區,六藝里,2018,市長,吳蕚洋,無黨籍及未經政黨推薦,4,2009,0.1991
7,信義區,六藝里,2018,市長,丁守中,中國國民黨,780,2009,38.8253
7,信義區,六藝里,2018,市長,姚文智,民主進步黨,398,2009,19.8109
7,信義區,六藝里,2018,市長,柯文哲,無黨籍及未經政黨推薦,818,2009,40.7168
7,信義區,六藝里,2018,市長,李錫錕,無黨籍及未經政黨推薦,9,2009,0.448
7,信義區,六藝里,2020,立委,王映心,台灣基進,18,2346,0.7673
7,信義區,六藝里,2020,立委,蔡宜芳,台灣民眾黨,211,2346,8.994
7,信義區,六藝里,2020,立委,費鴻泰,中國國民黨,986,2346,42.029
7,信義區,六藝里,2020,立委,許淑華,民主進步黨,1128,2346,48.0818
7,信義區,六藝里,2020,立委,蘇伊文,言論自由聯盟,3,2346,0.1279
7,信義區,六藝里,2020,總統,宋楚瑜,親民黨,100,2363,4.2319
7,信義區,六藝里,2020,總統,韓國瑜,中國國民黨,892,2363,37.7486
7,信義區,六藝里,2020,總統,蔡英文,民主進步黨,1371,2363,58.0195
7,信義區,六藝里,2022,市長,張家豪,台灣動物保護黨,1,1975,0.0506
7,信義區,六藝里,2022,市長,王文娟,無黨籍及未經政黨推薦,1,1975,0.0506
7,信義區,六藝里,2022,市長,鄭匡宇,無黨籍及未經政黨推薦,1,1975,0.0506
7,信義區,六藝里,2022,市長,黃聖峰,台澎黨,0,1975,0.0
7,信義區,六藝里,2022,市長,童文薰,無黨籍及未經政黨推薦,6,1975,0.3038
7,信義區,六藝里,2022,市長,蔣萬安,中國國民黨,825,1975,41.7722
7,信義區,六藝里,2022,市長,蘇煥智,台灣維新,3,1975,0.1519
7,信義區,六藝里,2022,市長,黃珊珊,無黨籍及未經政黨推薦,478,1975,24.2025
7,信義區,六藝里,2022,市長,施奉先,無黨籍及未經政黨推薦,0,1975,0.0
7,信義區,六藝里,2022,市長,唐新民,共和黨,0,1975,0.0
7,信義區,六藝里,2022,市長,謝立康,無黨籍及未經政黨推薦,0,1975,0.0
7,信義區,六藝里,2022,市長,陳時中,民主進步黨,660,1975,33.4177
7,信義區,六藝里,2024,立委,李承龍,中華愛國同心黨,8,2195,0.3645
7,信義區,六藝里,2024,立委,徐巧芯,中國國民黨,1027,2195,46.7882
7,信義區,六藝里,2024,立委,羅丹,台灣維新,20,2195,0.9112
7,信義區,六藝里,2024,立委,陳韋安,無黨籍及未經政黨推薦,43,2195,1.959
7,信義區,六藝里,2024,立委,許淑華,民主進步黨,1097,2195,49.9772
7,信義區,六藝里,2024,總統,柯文哲,台灣民眾黨,545,2242,24.3087
7,信義區,六藝里,2024,總統,賴清德,民主進步黨,912,2242,40.678
7,信義區,六藝里,2024,總統,侯友宜,中國國民黨,785,2242,35.0134
7,信義區,嘉興里,2014,市長,陳汝斌,三等國民公義人權自救黨,3,2016,0.1488
7,信義區,嘉興里,2014,市長,趙衍慶,無黨籍及未經政黨推薦,29,2016,1.4385
7,信義區,嘉興里,2014,市長,李宏信,無黨籍及未經政黨推薦,3,2016,0.1488
7,信義區,嘉興里,2014,市長,陳永昌,無黨籍及未經政黨推薦,4,2016,0.1984
7,信義區,嘉興里,2014,市長,馮光遠,無黨籍及未經政黨推薦,10,2016,0.496
7,信義區,嘉興里,2014,市長,連勝文,中國國民黨,855,2016,42.4107
7,信義區,嘉興里,2014,市長,柯文哲,無黨籍及未經政黨推薦,1112,2016,55.1587
7,信義區,嘉興里,2016,立委,林文傑,無黨籍及未經政黨推薦,16,1861,0.8598
7,信義區,嘉興里,2016,立委,呂欣潔,綠黨社會民主黨聯盟,193,1861,10.3708
7,信義區,嘉興里,2016,立委,詹益正,無黨籍及未經政黨推薦,9,1861,0.4836
7,信義區,嘉興里,2016,立委,蘇承英,和平鴿聯盟黨,7,1861,0.3761
7,信義區,嘉興里,2016,立委,范揚律,大愛憲改聯盟,3,1861,0.1612
7,信義區,嘉興里,2016,立委,林芷芬,台灣獨立黨,6,1861,0.3224
7,信義區,嘉興里,2016,立委,費鴻泰,中國國民黨,771,1861,41.4293
7,信義區,嘉興里,2016,立委,楊實秋,無黨籍及未經政黨推薦,856,1861,45.9968
7,信義區,嘉興里,2016,總統,朱立倫,中國國民黨,715,1887,37.8908
7,信義區,嘉興里,2016,總統,蔡英文,民主進步黨,983,1887,52.0933
7,信義區,嘉興里,2016,總統,宋楚瑜,親民黨,189,1887,10.0159
7,信義區,嘉興里,2018,市長,吳蕚洋,無黨籍及未經政黨推薦,7,1935,0.3618
7,信義區,嘉興里,2018,市長,丁守中,中國國民黨,830,1935,42.8941
7,信義區,嘉興里,2018,市長,姚文智,民主進步黨,362,1935,18.708
7,信義區,嘉興里,2018,市長,柯文哲,無黨籍及未經政黨推薦,728,1935,37.6227
7,信義區,嘉興里,2018,市長,李錫錕,無黨籍及未經政黨推薦,8,1935,0.4134
7,信義區,嘉興里,2020,立委,王映心,台灣基進,27,2084,1.2956
7,信義區,嘉興里,2020,立委,蔡宜芳,台灣民眾黨,194,2084,9.309
7,信義區,嘉興里,2020,立委,費鴻泰,中國國民黨,916,2084,43.9539
7,信義區,嘉興里,2020,立委,許淑華,民主進步黨,945,2084,45.3455
7,信義區,嘉興里,2020,立委,蘇伊文,言論自由聯盟,2,2084,0.096
7,信義區,嘉興里,2020,總統,宋楚瑜,親民黨,98,2109,4.6468
7,信義區,嘉興里,2020,總統,韓國瑜,中國國民黨,914,2109,43.3381
7,信義區,嘉興里,2020,總統,蔡英文,民主進步黨,1097,2109,52.0152
7,信義區,嘉興里,2022,市長,張家豪,台灣動物保護黨,1,1764,0.0567
7,信義區,嘉興里,2022,市長,王文娟,無黨籍及未經政黨推薦,0,1764,0.0
7,信義區,嘉興里,2022,市長,鄭匡宇,無黨籍及未經政黨推薦,1,1764,0.0567
7,信義區,嘉興里,2022,市長,黃聖峰,台澎黨,0,1764,0.0
7,信義區,嘉興里,2022,市長,童文薰,無黨籍及未經政黨推薦,2,1764,0.1134
7,信義區,嘉興里,2022,市長,蔣萬安,中國國民黨,780,1764,44.2177
7,信義區,嘉興里,2022,市長,蘇煥智,台灣維新,2,1764,0.1134
7,信義區,嘉興里,2022,市長,黃珊珊,無黨籍及未經政黨推薦,422,1764,23.9229
7,信義區,嘉興里,2022,市長,施奉先,無黨籍及未經政黨推薦,1,1764,0.0567
7,信義區,嘉興里,2022,市長,唐新民,共和黨,0,1764,0.0
7,信義區,嘉興里,2022,市長,謝立康,無黨籍及未經政黨推薦,0,1764,0.0
7,信義區,嘉興里,2022,市長,陳時中,民主進步黨,555,1764,31.4626
7,信義區,嘉興里,2024,立委,李承龍,中華愛國同心黨,2,1881,0.1063
7,信義區,嘉興里,2024,立委,徐巧芯,中國國民黨,969,1881,51.5152
7,信義區,嘉興里,2024,立委,羅丹,台灣維新,16,1881,0.8506
7,信義區,嘉興里,2024,立委,陳韋安,無黨籍及未經政黨推薦,38,1881,2.0202
7,信義區,嘉興里,2024,立委,許淑華,民主進步黨,856,1881,45.5077
7,信義區,嘉興里,2024,總統,柯文哲,台灣民眾黨,441,1918,22.9927
7,信義區,嘉興里,2024,總統,賴清德,民主進步黨,731,1918,38.1126
7,信義區,嘉興里,2024,總統,侯友宜,中國國民黨,746,1918,38.8947
7,信義區,四維里,2014,市長,陳汝斌,三等國民公義人權自救黨,6,3266,0.1837
7,信義區,四維里,2014,市長,趙衍慶,無黨籍及未經政黨推薦,36,3266,1.1023
7,信義區,四維里,2014,市長,李宏信,無黨籍及未經政黨推薦,6,3266,0.1837
7,信義區,四維里,2014,市長,陳永昌,無黨籍及未經政黨推薦,2,3266,0.0612
7,信義區,四維里,2014,市長,馮光遠,無黨籍及未經政黨推薦,22,3266,0.6736
7,信義區,四維里,2014,市長,連勝文,中國國民黨,1439,3266,44.06
7,信義區,四維里,2014,市長,柯文哲,無黨籍及未經政黨推薦,1755,3266,53.7355
7,信義區,四維里,2016,立委,林文傑,無黨籍及未經政黨推薦,15,3136,0.4783
7,信義區,四維里,2016,立委,呂欣潔,綠黨社會民主黨聯盟,309,3136,9.8533
7,信義區,四維里,2016,立委,詹益正,無黨籍及未經政黨推薦,5,3136,0.1594
7,信義區,四維里,2016,立委,蘇承英,和平鴿聯盟黨,12,3136,0.3827
7,信義區,四維里,2016,立委,范揚律,大愛憲改聯盟,3,3136,0.0957
7,信義區,四維里,2016,立委,林芷芬,台灣獨立黨,7,3136,0.2232
7,信義區,四維里,2016,立委,費鴻泰,中國國民黨,1402,3136,44.7066
7,信義區,四維里,2016,立委,楊實秋,無黨籍及未經政黨推薦,1383,3136,44.1008
7,信義區,四維里,2016,總統,朱立倫,中國國民黨,1265,3158,40.057
7,信義區,四維里,2016,總統,蔡英文,民主進步黨,1591,3158,50.38
7,信義區,四維里,2016,總統,宋楚瑜,親民黨,302,3158,9.563
7,信義區,四維里,2018,市長,吳蕚洋,無黨籍及未經政黨推薦,19,3152,0.6028
7,信義區,四維里,2018,市長,丁守中,中國國民黨,1376,3152,43.6548
7,信義區,四維里,2018,市長,姚文智,民主進步黨,482,3152,15.2919
7,信義區,四維里,2018,市長,柯文哲,無黨籍及未經政黨推薦,1264,3152,40.1015
7,信義區,四維里,2018,市長,李錫錕,無黨籍及未經政黨推薦,11,3152,0.349
7,信義區,四維里,2020,立委,王映心,台灣基進,35,3477,1.0066
7,信義區,四維里,2020,立委,蔡宜芳,台灣民眾黨,370,3477,10.6414
7,信義區,四維里,2020,立委,費鴻泰,中國國民黨,1658,3477,47.6848
7,信義區,四維里,2020,立委,許淑華,民主進步黨,1405,3477,40.4084
7,信義區,四維里,2020,立委,蘇伊文,言論自由聯盟,9,3477,0.2588
7,信義區,四維里,2020,總統,宋楚瑜,親民黨,167,3520,4.7443
7,信義區,四維里,2020,總統,韓國瑜,中國國民黨,1542,3520,43.8068
7,信義區,四維里,2020,總統,蔡英文,民主進步黨,1811,3520,51.4489
7,信義區,四維里,2022,市長,張家豪,台灣動物保護黨,3,2841,0.1056
7,信義區,四維里,2022,市長,王文娟,無黨籍及未經政黨推薦,1,2841,0.0352
7,信義區,四維里,2022,市長,鄭匡宇,無黨籍及未經政黨推薦,0,2841,0.0
7,信義區,四維里,2022,市長,黃聖峰,台澎黨,2,2841,0.0704
7,信義區,四維里,2022,市長,童文薰,無黨籍及未經政黨推薦,3,2841,0.1056
7,信義區,四維里,2022,市長,蔣萬安,中國國民黨,1305,2841,45.9345
7,信義區,四維里,2022,市長,蘇煥智,台灣維新,3,2841,0.1056
7,信義區,四維里,2022,市長,黃珊珊,無黨籍及未經政黨推薦,684,2841,24.076
7,信義區,四維里,2022,市長,施奉先,無黨籍及未經政黨推薦,2,2841,0.0704
7,信義區,四維里,2022,市長,唐新民,共和黨,0,2841,0.0
7,信義區,四維里,2022,市長,謝立康,無黨籍及未經政黨推薦,0,2841,0.0
7,信義區,四維里,2022,市長,陳時中,民主進步黨,838,2841,29.4967
7,信義區,四維里,2024,立委,李承龍,中華愛國同心黨,4,3117,0.1283
7,信義區,四維里,2024,立委,徐巧芯,中國國民黨,1687,3117,54.1226
7,信義區,四維里,2024,立委,羅丹,台灣維新,30,3117,0.9625
7,信義區,四維里,2024,立委,陳韋安,無黨籍及未經政黨推薦,54,3117,1.7324
7,信義區,四維里,2024,立委,許淑華,民主進步黨,1342,3117,43.0542
7,信義區,四維里,2024,總統,柯文哲,台灣民眾黨,731,3179,22.9947
7,信義區,四維里,2024,總統,賴清德,民主進步黨,1122,3179,35.2941
7,信義區,四維里,2024,總統,侯友宜,中國國民黨,1326,3179,41.7112
7,信義區,四育里,2014,市長,陳汝斌,三等國民公義人權自救黨,2,3628,0.0551
7,信義區,四育里,2014,市長,趙衍慶,無黨籍及未經政黨推薦,25,3628,0.6891
7,信義區,四育里,2014,市長,李宏信,無黨籍及未經政黨推薦,8,3628,0.2205
7,信義區,四育里,2014,市長,陳永昌,無黨籍及未經政黨推薦,4,3628,0.1103
7,信義區,四育里,2014,市長,馮光遠,無黨籍及未經政黨推薦,16,3628,0.441
7,信義區,四育里,2014,市長,連勝文,中國國民黨,1341,3628,36.9625
7,信義區,四育里,2014,市長,柯文哲,無黨籍及未經政黨推薦,2232,3628,61.5215
7,信義區,四育里,2016,立委,林文傑,無黨籍及未經政黨推薦,26,3391,0.7667
7,信義區,四育里,2016,立委,呂欣潔,綠黨社會民主黨聯盟,382,3391,11.2651
7,信義區,四育里,2016,立委,詹益正,無黨籍及未經政黨推薦,8,3391,0.2359
7,信義區,四育里,2016,立委,蘇承英,和平鴿聯盟黨,19,3391,0.5603
7,信義區,四育里,2016,立委,范揚律,大愛憲改聯盟,8,3391,0.2359
7,信義區,四育里,2016,立委,林芷芬,台灣獨立黨,11,3391,0.3244
7,信義區,四育里,2016,立委,費鴻泰,中國國民黨,1311,3391,38.6612
7,信義區,四育里,2016,立委,楊實秋,無黨籍及未經政黨推薦,1626,3391,47.9505
7,信義區,四育里,2016,總統,朱立倫,中國國民黨,1131,3429,32.9834
7,信義區,四育里,2016,總統,蔡英文,民主進步黨,1952,3429,56.9262
7,信義區,四育里,2016,總統,宋楚瑜,親民黨,346,3429,10.0904
7,信義區,四育里,2018,市長,吳蕚洋,無黨籍及未經政黨推薦,11,3322,0.3311
7,信義區,四育里,2018,市長,丁守中,中國國民黨,1210,3322,36.4238
7,信義區,四育里,2018,市長,姚文智,民主進步黨,717,3322,21.5834
7,信義區,四育里,2018,市長,柯文哲,無黨籍及未經政黨推薦,1371,3322,41.2703
7,信義區,四育里,2018,市長,李錫錕,無黨籍及未經政黨推薦,13,3322,0.3913
7,信義區,四育里,2020,立委,王映心,台灣基進,33,3708,0.89
7,信義區,四育里,2020,立委,蔡宜芳,台灣民眾黨,340,3708,9.1694
7,信義區,四育里,2020,立委,費鴻泰,中國國民黨,1494,3708,40.2913
7,信義區,四育里,2020,立委,許淑華,民主進步黨,1834,3708,49.4606
7,信義區,四育里,2020,立委,蘇伊文,言論自由聯盟,7,3708,0.1888
7,信義區,四育里,2020,總統,宋楚瑜,親民黨,153,3738,4.0931
7,信義區,四育里,2020,總統,韓國瑜,中國國民黨,1421,3738,38.015
7,信義區,四育里,2020,總統,蔡英文,民主進步黨,2164,3738,57.8919
7,信義區,四育里,2022,市長,張家豪,台灣動物保護黨,4,3144,0.1272
7,信義區,四育里,2022,市長,王文娟,無黨籍及未經政黨推薦,1,3144,0.0318
7,信義區,四育里,2022,市長,鄭匡宇,無黨籍及未經政黨推薦,1,3144,0.0318
7,信義區,四育里,2022,市長,黃聖峰,台澎黨,0,3144,0.0
7,信義區,四育里,2022,市長,童文薰,無黨籍及未經政黨推薦,6,3144,0.1908
7,信義區,四育里,2022,市長,蔣萬安,中國國民黨,1248,3144,39.6947
7,信義區,四育里,2022,市長,蘇煥智,台灣維新,4,3144,0.1272
7,信義區,四育里,2022,市長,黃珊珊,無黨籍及未經政黨推薦,705,3144,22.4237
7,信義區,四育里,2022,市長,施奉先,無黨籍及未經政黨推薦,1,3144,0.0318
7,信義區,四育里,2022,市長,唐新民,共和黨,0,3144,0.0
7,信義區,四育里,2022,市長,謝立康,無黨籍及未經政黨推薦,1,3144,0.0318
7,信義區,四育里,2022,市長,陳時中,民主進步黨,1173,3144,37.3092
7,信義區,四育里,2024,立委,李承龍,中華愛國同心黨,6,3396,0.1767
7,信義區,四育里,2024,立委,徐巧芯,中國國民黨,1553,3396,45.7303
7,信義區,四育里,2024,立委,羅丹,台灣維新,31,3396,0.9128
7,信義區,四育里,2024,立委,陳韋安,無黨籍及未經政黨推薦,83,3396,2.4441
7,信義區,四育里,2024,立委,許淑華,民主進步黨,1723,3396,50.7362
7,信義區,四育里,2024,總統,柯文哲,台灣民眾黨,750,3458,21.6888
7,信義區,四育里,2024,總統,賴清德,民主進步黨,1468,3458,42.4523
7,信義區,四育里,2024,總統,侯友宜,中國國民黨,1240,3458,35.8589
7,信義區,國業里,2014,市長,陳汝斌,三等國民公義人權自救黨,3,4318,0.0695
7,信義區,國業里,2014,市長,趙衍慶,無黨籍及未經政黨推薦,42,4318,0.9727
7,信義區,國業里,2014,市長,李宏信,無黨籍及未經政黨推薦,7,4318,0.1621
7,信義區,國業里,2014,市長,陳永昌,無黨籍及未經政黨推薦,4,4318,0.0926
7,信義區,國業里,2014,市長,馮光遠,無黨籍及未經政黨推薦,30,4318,0.6948
7,信義區,國業里,2014,市長,連勝文,中國國民黨,1899,4318,43.9787
7,信義區,國業里,2014,市長,柯文哲,無黨籍及未經政黨推薦,2333,4318,54.0296
7,信義區,國業里,2016,立委,林文傑,無黨籍及未經政黨推薦,14,4101,0.3414
7,信義區,國業里,2016,立委,呂欣潔,綠黨社會民主黨聯盟,469,4101,11.4362
7,信義區,國業里,2016,立委,詹益正,無黨籍及未經政黨推薦,16,4101,0.3901
7,信義區,國業里,2016,立委,蘇承英,和平鴿聯盟黨,20,4101,0.4877
7,信義區,國業里,2016,立委,范揚律,大愛憲改聯盟,6,4101,0.1463
7,信義區,國業里,2016,立委,林芷芬,台灣獨立黨,11,4101,0.2682
7,信義區,國業里,2016,立委,費鴻泰,中國國民黨,1838,4101,44.8183
7,信義區,國業里,2016,立委,楊實秋,無黨籍及未經政黨推薦,1727,4101,42.1117
7,信義區,國業里,2016,總統,朱立倫,中國國民黨,1639,4143,39.5607
7,信義區,國業里,2016,總統,蔡英文,民主進步黨,2029,4143,48.9742
7,信義區,國業里,2016,總統,宋楚瑜,親民黨,475,4143,11.4651
7,信義區,國業里,2018,市長,吳蕚洋,無黨籍及未經政黨推薦,15,4248,0.3531
7,信義區,國業里,2018,市長,丁守中,中國國民黨,1903,4248,44.7976
7,信義區,國業里,2018,市長,姚文智,民主進步黨,637,4248,14.9953
7,信義區,國業里,2018,市長,柯文哲,無黨籍及未經政黨推薦,1680,4248,39.548
7,信義區,國業里,2018,市長,李錫錕,無黨籍及未經政黨推薦,13,4248,0.306
7,信義區,國業里,2020,立委,王映心,台灣基進,37,4608,0.803
7,信義區,國業里,2020,立委,蔡宜芳,台灣民眾黨,393,4608,8.5286
7,信義區,國業里,2020,立委,費鴻泰,中國國民黨,2202,4608,47.7865
7,信義區,國業里,2020,立委,許淑華,民主進步黨,1969,4608,42.73
7,信義區,國業里,2020,立委,蘇伊文,言論自由聯盟,7,4608,0.1519
7,信義區,國業里,2020,總統,宋楚瑜,親民黨,205,4645,4.4133
7,信義區,國業里,2020,總統,韓國瑜,中國國民黨,2082,4645,44.8224
7,信義區,國業里,2020,總統,蔡英文,民主進步黨,2358,4645,50.7643
7,信義區,國業里,2022,市長,張家豪,台灣動物保護黨,10,3885,0.2574
7,信義區,國業里,2022,市長,王文娟,無黨籍及未經政黨推薦,1,3885,0.0257
7,信義區,國業里,2022,市長,鄭匡宇,無黨籍及未經政黨推薦,0,3885,0.0
7,信義區,國業里,2022,市長,黃聖峰,台澎黨,1,3885,0.0257
7,信義區,國業里,2022,市長,童文薰,無黨籍及未經政黨推薦,1,3885,0.0257
7,信義區,國業里,2022,市長,蔣萬安,中國國民黨,1703,3885,43.8353
7,信義區,國業里,2022,市長,蘇煥智,台灣維新,2,3885,0.0515
7,信義區,國業里,2022,市長,黃珊珊,無黨籍及未經政黨推薦,1009,3885,25.9717
7,信義區,國業里,2022,市長,施奉先,無黨籍及未經政黨推薦,0,3885,0.0
7,信義區,國業里,2022,市長,唐新民,共和黨,1,3885,0.0257
7,信義區,國業里,2022,市長,謝立康,無黨籍及未經政黨推薦,0,3885,0.0
7,信義區,國業里,2022,市長,陳時中,民主進步黨,1157,3885,29.7812
7,信義區,國業里,2024,立委,李承龍,中華愛國同心黨,6,4292,0.1398
7,信義區,國業里,2024,立委,徐巧芯,中國國民黨,2334,4292,54.3802
7,信義區,國業里,2024,立委,羅丹,台灣維新,23,4292,0.5359
7,信義區,國業里,2024,立委,陳韋安,無黨籍及未經政黨推薦,77,4292,1.794
7,信義區,國業里,2024,立委,許淑華,民主進步黨,1852,4292,43.15
7,信義區,國業里,2024,總統,柯文哲,台灣民眾黨,1055,4369,24.1474
7,信義區,國業里,2024,總統,賴清德,民主進步黨,1543,4369,35.317
7,信義區,國業里,2024,總統,侯友宜,中國國民黨,1771,4369,40.5356
7,信義區,大仁里,2014,市長,陳汝斌,三等國民公義人權自救黨,3,2600,0.1154
7,信義區,大仁里,2014,市長,趙衍慶,無黨籍及未經政黨推薦,33,2600,1.2692
7,信義區,大仁里,2014,市長,李宏信,無黨籍及未經政黨推薦,5,2600,0.1923
7,信義區,大仁里,2014,市長,陳永昌,無黨籍及未經政黨推薦,7,2600,0.2692
7,信義區,大仁里,2014,市長,馮光遠,無黨籍及未經政黨推薦,13,2600,0.5
7,信義區,大仁里,2014,市長,連勝文,中國國民黨,1063,2600,40.8846
7,信義區,大仁里,2014,市長,柯文哲,無黨籍及未經政黨推薦,1476,2600,56.7692
7,信義區,大仁里,2016,立委,林文傑,無黨籍及未經政黨推薦,23,2411,0.954
7,信義區,大仁里,2016,立委,呂欣潔,綠黨社會民主黨聯盟,248,2411,10.2862
7,信義區,大仁里,2016,立委,詹益正,無黨籍及未經政黨推薦,12,2411,0.4977
7,信義區,大仁里,2016,立委,蘇承英,和平鴿聯盟黨,8,2411,0.3318
7,信義區,大仁里,2016,立委,范揚律,大愛憲改聯盟,1,2411,0.0415
7,信義區,大仁里,2016,立委,林芷芬,台灣獨立黨,9,2411,0.3733
7,信義區,大仁里,2016,立委,費鴻泰,中國國民黨,1063,2411,44.0896
7,信義區,大仁里,2016,立委,楊實秋,無黨籍及未經政黨推薦,1047,2411,43.426
7,信義區,大仁里,2016,總統,朱立倫,中國國民黨,940,2440,38.5246
7,信義區,大仁里,2016,總統,蔡英文,民主進步黨,1275,2440,52.2541
7,信義區,大仁里,2016,總統,宋楚瑜,親民黨,225,2440,9.2213
7,信義區,大仁里,2018,市長,吳蕚洋,無黨籍及未經政黨推薦,7,2426,0.2885
7,信義區,大仁里,2018,市長,丁守中,中國國民黨,1005,2426,41.4262
7,信義區,大仁里,2018,市長,姚文智,民主進步黨,458,2426,18.8788
7,信義區,大仁里,2018,市長,柯文哲,無黨籍及未經政黨推薦,947,2426,39.0354
7,信義區,大仁里,2018,市長,李錫錕,無黨籍及未經政黨推薦,9,2426,0.371
7,信義區,大仁里,2020,立委,王映心,台灣基進,26,2630,0.9886
7,信義區,大仁里,2020,立委,蔡宜芳,台灣民眾黨,226,2630,8.5932
7,信義區,大仁里,2020,立委,費鴻泰,中國國民黨,1184,2630,45.019
7,信義區,大仁里,2020,立委,許淑華,民主進步黨,1189,2630,45.2091
7,信義區,大仁里,2020,立委,蘇伊文,言論自由聯盟,5,2630,0.1901
7,信義區,大仁里,2020,總統,宋楚瑜,親民黨,116,2654,4.3708
7,信義區,大仁里,2020,總統,韓國瑜,中國國民黨,1124,2654,42.3512
7,信義區,大仁里,2020,總統,蔡英文,民主進步黨,1414,2654,53.2781
7,信義區,大仁里,2022,市長,張家豪,台灣動物保護黨,7,2474,0.2829
7,信義區,大仁里,2022,市長,王文娟,無黨籍及未經政黨推薦,3,2474,0.1213
7,信義區,大仁里,2022,市長,鄭匡宇,無黨籍及未經政黨推薦,1,2474,0.0404
7,信義區,大仁里,2022,市長,黃聖峰,台澎黨,0,2474,0.0
7,信義區,大仁里,2022,市長,童文薰,無黨籍及未經政黨推薦,3,2474,0.1213
7,信義區,大仁里,2022,市長,蔣萬安,中國國民黨,1042,2474,42.118
7,信義區,大仁里,2022,市長,蘇煥智,台灣維新,5,2474,0.2021
7,信義區,大仁里,2022,市長,黃珊珊,無黨籍及未經政黨推薦,626,2474,25.3032
7,信義區,大仁里,2022,市長,施奉先,無黨籍及未經政黨推薦,0,2474,0.0
7,信義區,大仁里,2022,市長,唐新民,共和黨,0,2474,0.0
7,信義區,大仁里,2022,市長,謝立康,無黨籍及未經政黨推薦,0,2474,0.0
7,信義區,大仁里,2022,市長,陳時中,民主進步黨,787,2474,31.8108
7,信義區,大仁里,2024,立委,李承龍,中華愛國同心黨,15,3643,0.4117
7,信義區,大仁里,2024,立委,徐巧芯,中國國民黨,1771,3643,48.6138
7,信義區,大仁里,2024,立委,羅丹,台灣維新,25,3643,0.6862
7,信義區,大仁里,2024,立委,陳韋安,無黨籍及未經政黨推薦,105,3643,2.8822
7,信義區,大仁里,2024,立委,許淑華,民主進步黨,1727,3643,47.406
7,信義區,大仁里,2024,總統,柯文哲,台灣民眾黨,1128,3812,29.5908
7,信義區,大仁里,2024,總統,賴清德,民主進步黨,1376,3812,36.0965
7,信義區,大仁里,2024,總統,侯友宜,中國國民黨,1308,3812,34.3127
7,信義區,大道里,2014,市長,陳汝斌,三等國民公義人權自救黨,7,3886,0.1801
7,信義區,大道里,2014,市長,趙衍慶,無黨籍及未經政黨推薦,32,3886,0.8235
7,信義區,大道里,2014,市長,李宏信,無黨籍及未經政黨推薦,6,3886,0.1544
7,信義區,大道里,2014,市長,陳永昌,無黨籍及未經政黨推薦,5,3886,0.1287
7,信義區,大道里,2014,市長,馮光遠,無黨籍及未經政黨推薦,17,3886,0.4375
7,信義區,大道里,2014,市長,連勝文,中國國民黨,1506,3886,38.7545
7,信義區,大道里,2014,市長,柯文哲,無黨籍及未經政黨推薦,2313,3886,59.5214
7,信義區,大道里,2016,立委,林文傑,無黨籍及未經政黨推薦,31,3740,0.8289
7,信義區,大道里,2016,立委,呂欣潔,綠黨社會民主黨聯盟,396,3740,10.5882
7,信義區,大道里,2016,立委,詹益正,無黨籍及未經政黨推薦,13,3740,0.3476
7,信義區,大道里,2016,立委,蘇承英,和平鴿聯盟黨,14,3740,0.3743
7,信義區,大道里,2016,立委,范揚律,大愛憲改聯盟,5,3740,0.1337
7,信義區,大道里,2016,立委,林芷芬,台灣獨立黨,13,3740,0.3476
7,信義區,大道里,2016,立委,費鴻泰,中國國民黨,1527,3740,40.8289
7,信義區,大道里,2016,立委,楊實秋,無黨籍及未經政黨推薦,1741,3740,46.5508
7,信義區,大道里,2016,總統,朱立倫,中國國民黨,1336,3764,35.4942
7,信義區,大道里,2016,總統,蔡英文,民主進步黨,2050,3764,54.4633
7,信義區,大道里,2016,總統,宋楚瑜,親民黨,378,3764,10.0425
7,信義區,大道里,2018,市長,吳蕚洋,無黨籍及未經政黨推薦,16,3539,0.4521
7,信義區,大道里,2018,市長,丁守中,中國國民黨,1439,3539,40.6612
7,信義區,大道里,2018,市長,姚文智,民主進步黨,665,3539,18.7906
7,信義區,大道里,2018,市長,柯文哲,無黨籍及未經政黨推薦,1409,3539,39.8135
7,信義區,大道里,2018,市長,李錫錕,無黨籍及未經政黨推薦,10,3539,0.2826
7,信義區,大道里,2020,立委,王映心,台灣基進,61,4016,1.5189
7,信義區,大道里,2020,立委,蔡宜芳,台灣民眾黨,402,4016,10.01
7,信義區,大道里,2020,立委,費鴻泰,中國國民黨,1717,4016,42.754
7,信義區,大道里,2020,立委,許淑華,民主進步黨,1832,4016,45.6175
7,信義區,大道里,2020,立委,蘇伊文,言論自由聯盟,4,4016,0.0996
7,信義區,大道里,2020,總統,宋楚瑜,親民黨,176,4040,4.3564
7,信義區,大道里,2020,總統,韓國瑜,中國國民黨,1610,4040,39.8515
7,信義區,大道里,2020,總統,蔡英文,民主進步黨,2254,4040,55.7921
7,信義區,大道里,2022,市長,張家豪,台灣動物保護黨,8,3380,0.2367
7,信義區,大道里,2022,市長,王文娟,無黨籍及未經政黨推薦,0,3380,0.0
7,信義區,大道里,2022,市長,鄭匡宇,無黨籍及未經政黨推薦,1,3380,0.0296
7,信義區,大道里,2022,市長,黃聖峰,台澎黨,1,3380,0.0296
7,信義區,大道里,2022,市長,童文薰,無黨籍及未經政黨推薦,6,3380,0.1775
7,信義區,大道里,2022,市長,蔣萬安,中國國民黨,1438,3380,42.5444
7,信義區,大道里,2022,市長,蘇煥智,台灣維新,7,3380,0.2071
7,信義區,大道里,2022,市長,黃珊珊,無黨籍及未經政黨推薦,805,3380,23.8166
7,信義區,大道里,2022,市長,施奉先,無黨籍及未經政黨推薦,0,3380,0.0
7,信義區,大道里,2022,市長,唐新民,共和黨,0,3380,0.0
7,信義區,大道里,2022,市長,謝立康,無黨籍及未經政黨推薦,0,3380,0.0
7,信義區,大道里,2022,市長,陳時中,民主進步黨,1114,3380,32.9586
7,信義區,大道里,2024,立委,李承龍,中華愛國同心黨,6,3639,0.1649
7,信義區,大道里,2024,立委,徐巧芯,中國國民黨,1825,3639,50.1511
7,信義區,大道里,2024,立委,羅丹,台灣維新,20,3639,0.5496
7,信義區,大道里,2024,立委,陳韋安,無黨籍及未經政黨推薦,72,3639,1.9786
7,信義區,大道里,2024,立委,許淑華,民主進步黨,1716,3639,47.1558
7,信義區,大道里,2024,總統,柯文哲,台灣民眾黨,836,3715,22.5034
7,信義區,大道里,2024,總統,賴清德,民主進步黨,1480,3715,39.8385
7,信義區,大道里,2024,總統,侯友宜,中國國民黨,1399,3715,37.6581
7,信義區,安康里,2014,市長,陳汝斌,三等國民公義人權自救黨,1,5737,0.0174
7,信義區,安康里,2014,市長,趙衍慶,無黨籍及未經政黨推薦,64,5737,1.1156
7,信義區,安康里,2014,市長,李宏信,無黨籍及未經政黨推薦,8,5737,0.1394
7,信義區,安康里,2014,市長,陳永昌,無黨籍及未經政黨推薦,6,5737,0.1046
7,信義區,安康里,2014,市長,馮光遠,無黨籍及未經政黨推薦,23,5737,0.4009
7,信義區,安康里,2014,市長,連勝文,中國國民黨,2535,5737,44.1869
7,信義區,安康里,2014,市長,柯文哲,無黨籍及未經政黨推薦,3100,5737,54.0352
7,信義區,安康里,2016,立委,林文傑,無黨籍及未經政黨推薦,16,5408,0.2959
7,信義區,安康里,2016,立委,呂欣潔,綠黨社會民主黨聯盟,550,5408,10.1701
7,信義區,安康里,2016,立委,詹益正,無黨籍及未經政黨推薦,20,5408,0.3698
7,信義區,安康里,2016,立委,蘇承英,和平鴿聯盟黨,17,5408,0.3143
7,信義區,安康里,2016,立委,范揚律,大愛憲改聯盟,7,5408,0.1294
7,信義區,安康里,2016,立委,林芷芬,台灣獨立黨,12,5408,0.2219
7,信義區,安康里,2016,立委,費鴻泰,中國國民黨,2438,5408,45.0814
7,信義區,安康里,2016,立委,楊實秋,無黨籍及未經政黨推薦,2348,5408,43.4172
7,信義區,安康里,2016,總統,朱立倫,中國國民黨,2263,5480,41.2956
7,信義區,安康里,2016,總統,蔡英文,民主進步黨,2666,5480,48.6496
7,信義區,安康里,2016,總統,宋楚瑜,親民黨,551,5480,10.0547
7,信義區,安康里,2018,市長,吳蕚洋,無黨籍及未經政黨推薦,16,5503,0.2908
7,信義區,安康里,2018,市長,丁守中,中國國民黨,2439,5503,44.3213
7,信義區,安康里,2018,市長,姚文智,民主進步黨,882,5503,16.0276
7,信義區,安康里,2018,市長,柯文哲,無黨籍及未經政黨推薦,2144,5503,38.9606
7,信義區,安康里,2018,市長,李錫錕,無黨籍及未經政黨推薦,22,5503,0.3998
7,信義區,安康里,2020,立委,王映心,台灣基進,75,6296,1.1912
7,信義區,安康里,2020,立委,蔡宜芳,台灣民眾黨,564,6296,8.9581
7,信義區,安康里,2020,立委,費鴻泰,中國國民黨,2973,6296,47.2205
7,信義區,安康里,2020,立委,許淑華,民主進步黨,2664,6296,42.3126
7,信義區,安康里,2020,立委,蘇伊文,言論自由聯盟,20,6296,0.3177
7,信義區,安康里,2020,總統,宋楚瑜,親民黨,276,6340,4.3533
7,信義區,安康里,2020,總統,韓國瑜,中國國民黨,2890,6340,45.5836
7,信義區,安康里,2020,總統,蔡英文,民主進步黨,3174,6340,50.0631
7,信義區,安康里,2022,市長,張家豪,台灣動物保護黨,5,5275,0.0948
7,信義區,安康里,2022,市長,王文娟,無黨籍及未經政黨推薦,2,5275,0.0379
7,信義區,安康里,2022,市長,鄭匡宇,無黨籍及未經政黨推薦,1,5275,0.019
7,信義區,安康里,2022,市長,黃聖峰,台澎黨,2,5275,0.0379
7,信義區,安康里,2022,市長,童文薰,無黨籍及未經政黨推薦,7,5275,0.1327
7,信義區,安康里,2022,市長,蔣萬安,中國國民黨,2367,5275,44.872
7,信義區,安康里,2022,市長,蘇煥智,台灣維新,4,5275,0.0758
7,信義區,安康里,2022,市長,黃珊珊,無黨籍及未經政黨推薦,1279,5275,24.2464
7,信義區,安康里,2022,市長,施奉先,無黨籍及未經政黨推薦,1,5275,0.019
7,信義區,安康里,2022,市長,唐新民,共和黨,6,5275,0.1137
7,信義區,安康里,2022,市長,謝立康,無黨籍及未經政黨推薦,0,5275,0.0
7,信義區,安康里,2022,市長,陳時中,民主進步黨,1601,5275,30.3507
7,信義區,安康里,2024,立委,李承龍,中華愛國同心黨,9,6003,0.1499
7,信義區,安康里,2024,立委,徐巧芯,中國國民黨,3295,6003,54.8892
7,信義區,安康里,2024,立委,羅丹,台灣維新,37,6003,0.6164
7,信義區,安康里,2024,立委,陳韋安,無黨籍及未經政黨推薦,96,6003,1.5992
7,信義區,安康里,2024,立委,許淑華,民主進步黨,2566,6003,42.7453
7,信義區,安康里,2024,總統,柯文哲,台灣民眾黨,1355,6119,22.1441
7,信義區,安康里,2024,總統,賴清德,民主進步黨,2211,6119,36.1334
7,信義區,安康里,2024,總統,侯友宜,中國國民黨,2553,6119,41.7225
7,信義區,富台里,2014,市長,陳汝斌,三等國民公義人權自救黨,3,2418,0.1241
7,信義區,富台里,2014,市長,趙衍慶,無黨籍及未經政黨推薦,25,2418,1.0339
7,信義區,富台里,2014,市長,李宏信,無黨籍及未經政黨推薦,0,2418,0.0
7,信義區,富台里,2014,市長,陳永昌,無黨籍及未經政黨推薦,5,2418,0.2068
7,信義區,富台里,2014,市長,馮光遠,無黨籍及未經政黨推薦,8,2418,0.3309
7,信義區,富台里,2014,市長,連勝文,中國國民黨,1335,2418,55.2109
7,信義區,富台里,2014,市長,柯文哲,無黨籍及未經政黨推薦,1042,2418,43.0935
7,信義區,富台里,2016,立委,林文傑,無黨籍及未經政黨推薦,21,2398,0.8757
7,信義區,富台里,2016,立委,呂欣潔,綠黨社會民主黨聯盟,269,2398,11.2177
7,信義區,富台里,2016,立委,詹益正,無黨籍及未經政黨推薦,17,2398,0.7089
7,信義區,富台里,2016,立委,蘇承英,和平鴿聯盟黨,7,2398,0.2919
7,信義區,富台里,2016,立委,范揚律,大愛憲改聯盟,3,2398,0.1251
7,信義區,富台里,2016,立委,林芷芬,台灣獨立黨,9,2398,0.3753
7,信義區,富台里,2016,立委,費鴻泰,中國國民黨,1336,2398,55.7131
7,信義區,富台里,2016,立委,楊實秋,無黨籍及未經政黨推薦,736,2398,30.6922
7,信義區,富台里,2016,總統,朱立倫,中國國民黨,1204,2426,49.629
7,信義區,富台里,2016,總統,蔡英文,民主進步黨,926,2426,38.1698
7,信義區,富台里,2016,總統,宋楚瑜,親民黨,296,2426,12.2012
7,信義區,富台里,2018,市長,吳蕚洋,無黨籍及未經政黨推薦,12,2335,0.5139
7,信義區,富台里,2018,市長,丁守中,中國國民黨,1196,2335,51.2206
7,信義區,富台里,2018,市長,姚文智,民主進步黨,234,2335,10.0214
7,信義區,富台里,2018,市長,柯文哲,無黨籍及未經政黨推薦,884,2335,37.8587
7,信義區,富台里,2018,市長,李錫錕,無黨籍及未經政黨推薦,9,2335,0.3854
7,信義區,富台里,2020,立委,王映心,台灣基進,34,2747,1.2377
7,信義區,富台里,2020,立委,蔡宜芳,台灣民眾黨,269,2747,9.7925
7,信義區,富台里,2020,立委,費鴻泰,中國國民黨,1546,2747,56.2796
7,信義區,富台里,2020,立委,許淑華,民主進步黨,893,2747,32.5082
7,信義區,富台里,2020,立委,蘇伊文,言論自由聯盟,5,2747,0.182
7,信義區,富台里,2020,總統,宋楚瑜,親民黨,119,2783,4.276
7,信義區,富台里,2020,總統,韓國瑜,中國國民黨,1488,2783,53.4675
7,信義區,富台里,2020,總統,蔡英文,民主進步黨,1176,2783,42.2566
7,信義區,富台里,2022,市長,張家豪,台灣動物保護黨,2,2430,0.0823
7,信義區,富台里,2022,市長,王文娟,無黨籍及未經政黨推薦,1,2430,0.0412
7,信義區,富台里,2022,市長,鄭匡宇,無黨籍及未經政黨推薦,0,2430,0.0
7,信義區,富台里,2022,市長,黃聖峰,台澎黨,0,2430,0.0
7,信義區,富台里,2022,市長,童文薰,無黨籍及未經政黨推薦,5,2430,0.2058
7,信義區,富台里,2022,市長,蔣萬安,中國國民黨,1256,2430,51.6872
7,信義區,富台里,2022,市長,蘇煥智,台灣維新,3,2430,0.1235
7,信義區,富台里,2022,市長,黃珊珊,無黨籍及未經政黨推薦,569,2430,23.4156
7,信義區,富台里,2022,市長,施奉先,無黨籍及未經政黨推薦,0,2430,0.0
7,信義區,富台里,2022,市長,唐新民,共和黨,1,2430,0.0412
7,信義區,富台里,2022,市長,謝立康,無黨籍及未經政黨推薦,0,2430,0.0
7,信義區,富台里,2022,市長,陳時中,民主進步黨,593,2430,24.4033
7,信義區,富台里,2024,立委,李承龍,中華愛國同心黨,3,2771,0.1083
7,信義區,富台里,2024,立委,徐巧芯,中國國民黨,1696,2771,61.2053
7,信義區,富台里,2024,立委,羅丹,台灣維新,19,2771,0.6857
7,信義區,富台里,2024,立委,陳韋安,無黨籍及未經政黨推薦,54,2771,1.9488
7,信義區,富台里,2024,立委,許淑華,民主進步黨,999,2771,36.052
7,信義區,富台里,2024,總統,柯文哲,台灣民眾黨,644,2832,22.7401
7,信義區,富台里,2024,總統,賴清德,民主進步黨,854,2832,30.1554
7,信義區,富台里,2024,總統,侯友宜,中國國民黨,1334,2832,47.1045
7,信義區,廣居里,2014,市長,陳汝斌,三等國民公義人權自救黨,4,4657,0.0859
7,信義區,廣居里,2014,市長,趙衍慶,無黨籍及未經政黨推薦,39,4657,0.8374
7,信義區,廣居里,2014,市長,李宏信,無黨籍及未經政黨推薦,2,4657,0.0429
7,信義區,廣居里,2014,市長,陳永昌,無黨籍及未經政黨推薦,3,4657,0.0644
7,信義區,廣居里,2014,市長,馮光遠,無黨籍及未經政黨推薦,23,4657,0.4939
7,信義區,廣居里,2014,市長,連勝文,中國國民黨,2146,4657,46.0812
7,信義區,廣居里,2014,市長,柯文哲,無黨籍及未經政黨推薦,2440,4657,52.3942
7,信義區,廣居里,2016,立委,林文傑,無黨籍及未經政黨推薦,14,4466,0.3135
7,信義區,廣居里,2016,立委,呂欣潔,綠黨社會民主黨聯盟,531,4466,11.8898
7,信義區,廣居里,2016,立委,詹益正,無黨籍及未經政黨推薦,5,4466,0.112
7,信義區,廣居里,2016,立委,蘇承英,和平鴿聯盟黨,14,4466,0.3135
7,信義區,廣居里,2016,立委,范揚律,大愛憲改聯盟,3,4466,0.0672
7,信義區,廣居里,2016,立委,林芷芬,台灣獨立黨,11,4466,0.2463
7,信義區,廣居里,2016,立委,費鴻泰,中國國民黨,2055,4466,46.0143
7,信義區,廣居里,2016,立委,楊實秋,無黨籍及未經政黨推薦,1833,4466,41.0434
7,信義區,廣居里,2016,總統,朱立倫,中國國民黨,1870,4489,41.6574
7,信義區,廣居里,2016,總統,蔡英文,民主進步黨,2184,4489,48.6523
7,信義區,廣居里,2016,總統,宋楚瑜,親民黨,435,4489,9.6904
7,信義區,廣居里,2018,市長,吳蕚洋,無黨籍及未經政黨推薦,20,4308,0.4643
7,信義區,廣居里,2018,市長,丁守中,中國國民黨,1925,4308,44.6843
7,信義區,廣居里,2018,市長,姚文智,民主進步黨,638,4308,14.8097
7,信義區,廣居里,2018,市長,柯文哲,無黨籍及未經政黨推薦,1708,4308,39.6472
7,信義區,廣居里,2018,市長,李錫錕,無黨籍及未經政黨推薦,17,4308,0.3946
7,信義區,廣居里,2020,立委,王映心,台灣基進,53,4808,1.1023
7,信義區,廣居里,2020,立委,蔡宜芳,台灣民眾黨,434,4808,9.0266
7,信義區,廣居里,2020,立委,費鴻泰,中國國民黨,2349,4808,48.8561
7,信義區,廣居里,2020,立委,許淑華,民主進步黨,1959,4808,40.7446
7,信義區,廣居里,2020,立委,蘇伊文,言論自由聯盟,13,4808,0.2704
7,信義區,廣居里,2020,總統,宋楚瑜,親民黨,198,4836,4.0943
7,信義區,廣居里,2020,總統,韓國瑜,中國國民黨,2230,4836,46.1125
7,信義區,廣居里,2020,總統,蔡英文,民主進步黨,2408,4836,49.7932
7,信義區,廣居里,2022,市長,張家豪,台灣動物保護黨,6,3999,0.15
7,信義區,廣居里,2022,市長,王文娟,無黨籍及未經政黨推薦,1,3999,0.025
7,信義區,廣居里,2022,市長,鄭匡宇,無黨籍及未經政黨推薦,1,3999,0.025
7,信義區,廣居里,2022,市長,黃聖峰,台澎黨,0,3999,0.0
7,信義區,廣居里,2022,市長,童文薰,無黨籍及未經政黨推薦,4,3999,0.1
7,信義區,廣居里,2022,市長,蔣萬安,中國國民黨,1837,3999,45.9365
7,信義區,廣居里,2022,市長,蘇煥智,台灣維新,3,3999,0.075
7,信義區,廣居里,2022,市長,黃珊珊,無黨籍及未經政黨推薦,964,3999,24.106
7,信義區,廣居里,2022,市長,施奉先,無黨籍及未經政黨推薦,0,3999,0.0
7,信義區,廣居里,2022,市長,唐新民,共和黨,0,3999,0.0
7,信義區,廣居里,2022,市長,謝立康,無黨籍及未經政黨推薦,0,3999,0.0
7,信義區,廣居里,2022,市長,陳時中,民主進步黨,1183,3999,29.5824
7,信義區,廣居里,2024,立委,李承龍,中華愛國同心黨,8,4426,0.1808
7,信義區,廣居里,2024,立委,徐巧芯,中國國民黨,2494,4426,56.3488
7,信義區,廣居里,2024,立委,羅丹,台灣維新,26,4426,0.5874
7,信義區,廣居里,2024,立委,陳韋安,無黨籍及未經政黨推薦,60,4426,1.3556
7,信義區,廣居里,2024,立委,許淑華,民主進步黨,1838,4426,41.5273
7,信義區,廣居里,2024,總統,柯文哲,台灣民眾黨,1038,4526,22.9342
7,信義區,廣居里,2024,總統,賴清德,民主進步黨,1568,4526,34.6443
7,信義區,廣居里,2024,總統,侯友宜,中國國民黨,1920,4526,42.4216
7,信義區,惠安里,2014,市長,陳汝斌,三等國民公義人權自救黨,5,3906,0.128
7,信義區,惠安里,2014,市長,趙衍慶,無黨籍及未經政黨推薦,48,3906,1.2289
7,信義區,惠安里,2014,市長,李宏信,無黨籍及未經政黨推薦,6,3906,0.1536
7,信義區,惠安里,2014,市長,陳永昌,無黨籍及未經政黨推薦,4,3906,0.1024
7,信義區,惠安里,2014,市長,馮光遠,無黨籍及未經政黨推薦,28,3906,0.7168
7,信義區,惠安里,2014,市長,連勝文,中國國民黨,1947,3906,49.8464
7,信義區,惠安里,2014,市長,柯文哲,無黨籍及未經政黨推薦,1868,3906,47.8239
7,信義區,惠安里,2016,立委,林文傑,無黨籍及未經政黨推薦,21,3791,0.5539
7,信義區,惠安里,2016,立委,呂欣潔,綠黨社會民主黨聯盟,344,3791,9.0741
7,信義區,惠安里,2016,立委,詹益正,無黨籍及未經政黨推薦,11,3791,0.2902
7,信義區,惠安里,2016,立委,蘇承英,和平鴿聯盟黨,24,3791,0.6331
7,信義區,惠安里,2016,立委,范揚律,大愛憲改聯盟,6,3791,0.1583
7,信義區,惠安里,2016,立委,林芷芬,台灣獨立黨,15,3791,0.3957
7,信義區,惠安里,2016,立委,費鴻泰,中國國民黨,2000,3791,52.7565
7,信義區,惠安里,2016,立委,楊實秋,無黨籍及未經政黨推薦,1370,3791,36.1382
7,信義區,惠安里,2016,總統,朱立倫,中國國民黨,1767,3843,45.9797
7,信義區,惠安里,2016,總統,蔡英文,民主進步黨,1634,3843,42.5189
7,信義區,惠安里,2016,總統,宋楚瑜,親民黨,442,3843,11.5014
7,信義區,惠安里,2018,市長,吳蕚洋,無黨籍及未經政黨推薦,7,3744,0.187
7,信義區,惠安里,2018,市長,丁守中,中國國民黨,1785,3744,47.6763
7,信義區,惠安里,2018,市長,姚文智,民主進步黨,485,3744,12.9541
7,信義區,惠安里,2018,市長,柯文哲,無黨籍及未經政黨推薦,1454,3744,38.8355
7,信義區,惠安里,2018,市長,李錫錕,無黨籍及未經政黨推薦,13,3744,0.3472
7,信義區,惠安里,2020,立委,王映心,台灣基進,46,4329,1.0626
7,信義區,惠安里,2020,立委,蔡宜芳,台灣民眾黨,372,4329,8.5932
7,信義區,惠安里,2020,立委,費鴻泰,中國國民黨,2207,4329,50.9818
7,信義區,惠安里,2020,立委,許淑華,民主進步黨,1700,4329,39.27
7,信義區,惠安里,2020,立委,蘇伊文,言論自由聯盟,4,4329,0.0924
7,信義區,惠安里,2020,總統,宋楚瑜,親民黨,183,4392,4.1667
7,信義區,惠安里,2020,總統,韓國瑜,中國國民黨,2174,4392,49.4991
7,信義區,惠安里,2020,總統,蔡英文,民主進步黨,2035,4392,46.3342
7,信義區,惠安里,2022,市長,張家豪,台灣動物保護黨,8,3460,0.2312
7,信義區,惠安里,2022,市長,王文娟,無黨籍及未經政黨推薦,1,3460,0.0289
7,信義區,惠安里,2022,市長,鄭匡宇,無黨籍及未經政黨推薦,2,3460,0.0578
7,信義區,惠安里,2022,市長,黃聖峰,台澎黨,1,3460,0.0289
7,信義區,惠安里,2022,市長,童文薰,無黨籍及未經政黨推薦,5,3460,0.1445
7,信義區,惠安里,2022,市長,蔣萬安,中國國民黨,1722,3460,49.7688
7,信義區,惠安里,2022,市長,蘇煥智,台灣維新,6,3460,0.1734
7,信義區,惠安里,2022,市長,黃珊珊,無黨籍及未經政黨推薦,859,3460,24.8266
7,信義區,惠安里,2022,市長,施奉先,無黨籍及未經政黨推薦,1,3460,0.0289
7,信義區,惠安里,2022,市長,唐新民,共和黨,2,3460,0.0578
7,信義區,惠安里,2022,市長,謝立康,無黨籍及未經政黨推薦,1,3460,0.0289
7,信義區,惠安里,2022,市長,陳時中,民主進步黨,852,3460,24.6243
7,信義區,惠安里,2024,立委,李承龍,中華愛國同心黨,9,3813,0.236
7,信義區,惠安里,2024,立委,徐巧芯,中國國民黨,2149,3813,56.3598
7,信義區,惠安里,2024,立委,羅丹,台灣維新,22,3813,0.577
7,信義區,惠安里,2024,立委,陳韋安,無黨籍及未經政黨推薦,71,3813,1.8621
7,信義區,惠安里,2024,立委,許淑華,民主進步黨,1562,3813,40.9651
7,信義區,惠安里,2024,總統,柯文哲,台灣民眾黨,972,3907,24.8784
7,信義區,惠安里,2024,總統,賴清德,民主進步黨,1233,3907,31.5587
7,信義區,惠安里,2024,總統,侯友宜,中國國民黨,1702,3907,43.5628
7,信義區,敦厚里,2014,市長,陳汝斌,三等國民公義人權自救黨,6,2973,0.2018
7,信義區,敦厚里,2014,市長,趙衍慶,無黨籍及未經政黨推薦,40,2973,1.3454
7,信義區,敦厚里,2014,市長,李宏信,無黨籍及未經政黨推薦,8,2973,0.2691
7,信義區,敦厚里,2014,市長,陳永昌,無黨籍及未經政黨推薦,1,2973,0.0336
7,信義區,敦厚里,2014,市長,馮光遠,無黨籍及未經政黨推薦,21,2973,0.7064
7,信義區,敦厚里,2014,市長,連勝文,中國國民黨,1247,2973,41.9442
7,信義區,敦厚里,2014,市長,柯文哲,無黨籍及未經政黨推薦,1650,2973,55.4995
7,信義區,敦厚里,2016,立委,林文傑,無黨籍及未經政黨推薦,17,2924,0.5814
7,信義區,敦厚里,2016,立委,呂欣潔,綠黨社會民主黨聯盟,344,2924,11.7647
7,信義區,敦厚里,2016,立委,詹益正,無黨籍及未經政黨推薦,17,2924,0.5814
7,信義區,敦厚里,2016,立委,蘇承英,和平鴿聯盟黨,12,2924,0.4104
7,信義區,敦厚里,2016,立委,范揚律,大愛憲改聯盟,10,2924,0.342
7,信義區,敦厚里,2016,立委,林芷芬,台灣獨立黨,7,2924,0.2394
7,信義區,敦厚里,2016,立委,費鴻泰,中國國民黨,1335,2924,45.6566
7,信義區,敦厚里,2016,立委,楊實秋,無黨籍及未經政黨推薦,1182,2924,40.4241
7,信義區,敦厚里,2016,總統,朱立倫,中國國民黨,1187,2949,40.2509
7,信義區,敦厚里,2016,總統,蔡英文,民主進步黨,1443,2949,48.9318
7,信義區,敦厚里,2016,總統,宋楚瑜,親民黨,319,2949,10.8172
7,信義區,敦厚里,2018,市長,吳蕚洋,無黨籍及未經政黨推薦,15,2979,0.5035
7,信義區,敦厚里,2018,市長,丁守中,中國國民黨,1245,2979,41.7925
7,信義區,敦厚里,2018,市長,姚文智,民主進步黨,453,2979,15.2064
7,信義區,敦厚里,2018,市長,柯文哲,無黨籍及未經政黨推薦,1252,2979,42.0275
7,信義區,敦厚里,2018,市長,李錫錕,無黨籍及未經政黨推薦,14,2979,0.47
7,信義區,敦厚里,2020,立委,王映心,台灣基進,30,3298,0.9096
7,信義區,敦厚里,2020,立委,蔡宜芳,台灣民眾黨,348,3298,10.5518
7,信義區,敦厚里,2020,立委,費鴻泰,中國國民黨,1503,3298,45.5731
7,信義區,敦厚里,2020,立委,許淑華,民主進步黨,1413,3298,42.8441
7,信義區,敦厚里,2020,立委,蘇伊文,言論自由聯盟,4,3298,0.1213
7,信義區,敦厚里,2020,總統,宋楚瑜,親民黨,147,3306,4.4465
7,信義區,敦厚里,2020,總統,韓國瑜,中國國民黨,1451,3306,43.8899
7,信義區,敦厚里,2020,總統,蔡英文,民主進步黨,1708,3306,51.6636
7,信義區,敦厚里,2022,市長,張家豪,台灣動物保護黨,3,2677,0.1121
7,信義區,敦厚里,2022,市長,王文娟,無黨籍及未經政黨推薦,1,2677,0.0374
7,信義區,敦厚里,2022,市長,鄭匡宇,無黨籍及未經政黨推薦,0,2677,0.0
7,信義區,敦厚里,2022,市長,黃聖峰,台澎黨,0,2677,0.0
7,信義區,敦厚里,2022,市長,童文薰,無黨籍及未經政黨推薦,4,2677,0.1494
7,信義區,敦厚里,2022,市長,蔣萬安,中國國民黨,1182,2677,44.1539
7,信義區,敦厚里,2022,市長,蘇煥智,台灣維新,8,2677,0.2988
7,信義區,敦厚里,2022,市長,黃珊珊,無黨籍及未經政黨推薦,679,2677,25.3642
7,信義區,敦厚里,2022,市長,施奉先,無黨籍及未經政黨推薦,0,2677,0.0
7,信義區,敦厚里,2022,市長,唐新民,共和黨,0,2677,0.0
7,信義區,敦厚里,2022,市長,謝立康,無黨籍及未經政黨推薦,0,2677,0.0
7,信義區,敦厚里,2022,市長,陳時中,民主進步黨,800,2677,29.8842
7,信義區,敦厚里,2024,立委,李承龍,中華愛國同心黨,4,2966,0.1349
7,信義區,敦厚里,2024,立委,徐巧芯,中國國民黨,1552,2966,52.3264
7,信義區,敦厚里,2024,立委,羅丹,台灣維新,22,2966,0.7417
7,信義區,敦厚里,2024,立委,陳韋安,無黨籍及未經政黨推薦,50,2966,1.6858
7,信義區,敦厚里,2024,立委,許淑華,民主進步黨,1338,2966,45.1113
7,信義區,敦厚里,2024,總統,柯文哲,台灣民眾黨,724,3039,23.8236
7,信義區,敦厚里,2024,總統,賴清德,民主進步黨,1127,3039,37.0846
7,信義區,敦厚里,2024,總統,侯友宜,中國國民黨,1188,3039,39.0918
7,信義區,新仁里,2014,市長,陳汝斌,三等國民公義人權自救黨,2,2069,0.0967
7,信義區,新仁里,2014,市長,趙衍慶,無黨籍及未經政黨推薦,39,2069,1.885
7,信義區,新仁里,2014,市長,李宏信,無黨籍及未經政黨推薦,0,2069,0.0
7,信義區,新仁里,2014,市長,陳永昌,無黨籍及未經政黨推薦,4,2069,0.1933
7,信義區,新仁里,2014,市長,馮光遠,無黨籍及未經政黨推薦,10,2069,0.4833
7,信義區,新仁里,2014,市長,連勝文,中國國民黨,1010,2069,48.8159
7,信義區,新仁里,2014,市長,柯文哲,無黨籍及未經政黨推薦,1004,2069,48.5259
7,信義區,新仁里,2016,立委,林文傑,無黨籍及未經政黨推薦,8,1936,0.4132
7,信義區,新仁里,2016,立委,呂欣潔,綠黨社會民主黨聯盟,162,1936,8.3678
7,信義區,新仁里,2016,立委,詹益正,無黨籍及未經政黨推薦,6,1936,0.3099
7,信義區,新仁里,2016,立委,蘇承英,和平鴿聯盟黨,11,1936,0.5682
7,信義區,新仁里,2016,立委,范揚律,大愛憲改聯盟,3,1936,0.155
7,信義區,新仁里,2016,立委,林芷芬,台灣獨立黨,6,1936,0.3099
7,信義區,新仁里,2016,立委,費鴻泰,中國國民黨,969,1936,50.0517
7,信義區,新仁里,2016,立委,楊實秋,無黨籍及未經政黨推薦,771,1936,39.8244
7,信義區,新仁里,2016,總統,朱立倫,中國國民黨,890,1953,45.5709
7,信義區,新仁里,2016,總統,蔡英文,民主進步黨,836,1953,42.8059
7,信義區,新仁里,2016,總統,宋楚瑜,親民黨,227,1953,11.6231
7,信義區,新仁里,2018,市長,吳蕚洋,無黨籍及未經政黨推薦,13,1886,0.6893
7,信義區,新仁里,2018,市長,丁守中,中國國民黨,940,1886,49.8409
7,信義區,新仁里,2018,市長,姚文智,民主進步黨,251,1886,13.3086
7,信義區,新仁里,2018,市長,柯文哲,無黨籍及未經政黨推薦,672,1886,35.631
7,信義區,新仁里,2018,市長,李錫錕,無黨籍及未經政黨推薦,10,1886,0.5302
7,信義區,新仁里,2020,立委,王映心,台灣基進,21,2059,1.0199
7,信義區,新仁里,2020,立委,蔡宜芳,台灣民眾黨,193,2059,9.3735
7,信義區,新仁里,2020,立委,費鴻泰,中國國民黨,1069,2059,51.9184
7,信義區,新仁里,2020,立委,許淑華,民主進步黨,775,2059,37.6396
7,信義區,新仁里,2020,立委,蘇伊文,言論自由聯盟,1,2059,0.0486
7,信義區,新仁里,2020,總統,宋楚瑜,親民黨,80,2080,3.8462
7,信義區,新仁里,2020,總統,韓國瑜,中國國民黨,1049,2080,50.4327
7,信義區,新仁里,2020,總統,蔡英文,民主進步黨,951,2080,45.7212
7,信義區,新仁里,2022,市長,張家豪,台灣動物保護黨,2,1715,0.1166
7,信義區,新仁里,2022,市長,王文娟,無黨籍及未經政黨推薦,1,1715,0.0583
7,信義區,新仁里,2022,市長,鄭匡宇,無黨籍及未經政黨推薦,0,1715,0.0
7,信義區,新仁里,2022,市長,黃聖峰,台澎黨,0,1715,0.0
7,信義區,新仁里,2022,市長,童文薰,無黨籍及未經政黨推薦,6,1715,0.3499
7,信義區,新仁里,2022,市長,蔣萬安,中國國民黨,879,1715,51.2536
7,信義區,新仁里,2022,市長,蘇煥智,台灣維新,1,1715,0.0583
7,信義區,新仁里,2022,市長,黃珊珊,無黨籍及未經政黨推薦,375,1715,21.8659
7,信義區,新仁里,2022,市長,施奉先,無黨籍及未經政黨推薦,0,1715,0.0
7,信義區,新仁里,2022,市長,唐新民,共和黨,0,1715,0.0
7,信義區,新仁里,2022,市長,謝立康,無黨籍及未經政黨推薦,0,1715,0.0
7,信義區,新仁里,2022,市長,陳時中,民主進步黨,451,1715,26.2974
7,信義區,新仁里,2024,立委,李承龍,中華愛國同心黨,4,1881,0.2127
7,信義區,新仁里,2024,立委,徐巧芯,中國國民黨,1119,1881,59.4896
7,信義區,新仁里,2024,立委,羅丹,台灣維新,8,1881,0.4253
7,信義區,新仁里,2024,立委,陳韋安,無黨籍及未經政黨推薦,16,1881,0.8506
7,信義區,新仁里,2024,立委,許淑華,民主進步黨,734,1881,39.0218
7,信義區,新仁里,2024,總統,柯文哲,台灣民眾黨,400,1933,20.6932
7,信義區,新仁里,2024,總統,賴清德,民主進步黨,618,1933,31.971
7,信義區,新仁里,2024,總統,侯友宜,中國國民黨,915,1933,47.3357
7,信義區,景勤里,2014,市長,陳汝斌,三等國民公義人權自救黨,1,2591,0.0386
7,信義區,景勤里,2014,市長,趙衍慶,無黨籍及未經政黨推薦,34,2591,1.3122
7,信義區,景勤里,2014,市長,李宏信,無黨籍及未經政黨推薦,7,2591,0.2702
7,信義區,景勤里,2014,市長,陳永昌,無黨籍及未經政黨推薦,5,2591,0.193
7,信義區,景勤里,2014,市長,馮光遠,無黨籍及未經政黨推薦,11,2591,0.4245
7,信義區,景勤里,2014,市長,連勝文,中國國民黨,1228,2591,47.3948
7,信義區,景勤里,2014,市長,柯文哲,無黨籍及未經政黨推薦,1305,2591,50.3667
7,信義區,景勤里,2016,立委,林文傑,無黨籍及未經政黨推薦,24,2363,1.0157
7,信義區,景勤里,2016,立委,呂欣潔,綠黨社會民主黨聯盟,190,2363,8.0406
7,信義區,景勤里,2016,立委,詹益正,無黨籍及未經政黨推薦,9,2363,0.3809
7,信義區,景勤里,2016,立委,蘇承英,和平鴿聯盟黨,4,2363,0.1693
7,信義區,景勤里,2016,立委,范揚律,大愛憲改聯盟,5,2363,0.2116
7,信義區,景勤里,2016,立委,林芷芬,台灣獨立黨,8,2363,0.3386
7,信義區,景勤里,2016,立委,費鴻泰,中國國民黨,1157,2363,48.9632
7,信義區,景勤里,2016,立委,楊實秋,無黨籍及未經政黨推薦,966,2363,40.8802
7,信義區,景勤里,2016,總統,朱立倫,中國國民黨,1055,2397,44.0134
7,信義區,景勤里,2016,總統,蔡英文,民主進步黨,1089,2397,45.4318
7,信義區,景勤里,2016,總統,宋楚瑜,親民黨,253,2397,10.5549
7,信義區,景勤里,2018,市長,吳蕚洋,無黨籍及未經政黨推薦,10,2324,0.4303
7,信義區,景勤里,2018,市長,丁守中,中國國民黨,1119,2324,48.1497
7,信義區,景勤里,2018,市長,姚文智,民主進步黨,369,2324,15.8778
7,信義區,景勤里,2018,市長,柯文哲,無黨籍及未經政黨推薦,816,2324,35.1119
7,信義區,景勤里,2018,市長,李錫錕,無黨籍及未經政黨推薦,10,2324,0.4303
7,信義區,景勤里,2020,立委,王映心,台灣基進,23,2524,0.9113
7,信義區,景勤里,2020,立委,蔡宜芳,台灣民眾黨,215,2524,8.5182
7,信義區,景勤里,2020,立委,費鴻泰,中國國民黨,1266,2524,50.1585
7,信義區,景勤里,2020,立委,許淑華,民主進步黨,1016,2524,40.2536
7,信義區,景勤里,2020,立委,蘇伊文,言論自由聯盟,4,2524,0.1585
7,信義區,景勤里,2020,總統,宋楚瑜,親民黨,91,2554,3.563
7,信義區,景勤里,2020,總統,韓國瑜,中國國民黨,1247,2554,48.8254
7,信義區,景勤里,2020,總統,蔡英文,民主進步黨,1216,2554,47.6116
7,信義區,景勤里,2022,市長,張家豪,台灣動物保護黨,4,1984,0.2016
7,信義區,景勤里,2022,市長,王文娟,無黨籍及未經政黨推薦,2,1984,0.1008
7,信義區,景勤里,2022,市長,鄭匡宇,無黨籍及未經政黨推薦,0,1984,0.0
7,信義區,景勤里,2022,市長,黃聖峰,台澎黨,1,1984,0.0504
7,信義區,景勤里,2022,市長,童文薰,無黨籍及未經政黨推薦,3,1984,0.1512
7,信義區,景勤里,2022,市長,蔣萬安,中國國民黨,983,1984,49.5464
7,信義區,景勤里,2022,市長,蘇煥智,台灣維新,2,1984,0.1008
7,信義區,景勤里,2022,市長,黃珊珊,無黨籍及未經政黨推薦,407,1984,20.5141
7,信義區,景勤里,2022,市長,施奉先,無黨籍及未經政黨推薦,0,1984,0.0
7,信義區,景勤里,2022,市長,唐新民,共和黨,0,1984,0.0
7,信義區,景勤里,2022,市長,謝立康,無黨籍及未經政黨推薦,1,1984,0.0504
7,信義區,景勤里,2022,市長,陳時中,民主進步黨,581,1984,29.2843
7,信義區,景勤里,2024,立委,李承龍,中華愛國同心黨,8,2282,0.3506
7,信義區,景勤里,2024,立委,徐巧芯,中國國民黨,1241,2282,54.3821
7,信義區,景勤里,2024,立委,羅丹,台灣維新,14,2282,0.6135
7,信義區,景勤里,2024,立委,陳韋安,無黨籍及未經政黨推薦,36,2282,1.5776
7,信義區,景勤里,2024,立委,許淑華,民主進步黨,983,2282,43.0762
7,信義區,景勤里,2024,總統,柯文哲,台灣民眾黨,491,2330,21.073
7,信義區,景勤里,2024,總統,賴清德,民主進步黨,821,2330,35.2361
7,信義區,景勤里,2024,總統,侯友宜,中國國民黨,1018,2330,43.691
7,信義區,景新里,2014,市長,陳汝斌,三等國民公義人權自救黨,1,2967,0.0337
7,信義區,景新里,2014,市長,趙衍慶,無黨籍及未經政黨推薦,47,2967,1.5841
7,信義區,景新里,2014,市長,李宏信,無黨籍及未經政黨推薦,5,2967,0.1685
7,信義區,景新里,2014,市長,陳永昌,無黨籍及未經政黨推薦,2,2967,0.0674
7,信義區,景新里,2014,市長,馮光遠,無黨籍及未經政黨推薦,21,2967,0.7078
7,信義區,景新里,2014,市長,連勝文,中國國民黨,1428,2967,48.1294
7,信義區,景新里,2014,市長,柯文哲,無黨籍及未經政黨推薦,1463,2967,49.3091
7,信義區,景新里,2016,立委,林文傑,無黨籍及未經政黨推薦,23,2882,0.7981
7,信義區,景新里,2016,立委,呂欣潔,綠黨社會民主黨聯盟,289,2882,10.0278
7,信義區,景新里,2016,立委,詹益正,無黨籍及未經政黨推薦,8,2882,0.2776
7,信義區,景新里,2016,立委,蘇承英,和平鴿聯盟黨,13,2882,0.4511
7,信義區,景新里,2016,立委,范揚律,大愛憲改聯盟,6,2882,0.2082
7,信義區,景新里,2016,立委,林芷芬,台灣獨立黨,6,2882,0.2082
7,信義區,景新里,2016,立委,費鴻泰,中國國民黨,1414,2882,49.0632
7,信義區,景新里,2016,立委,楊實秋,無黨籍及未經政黨推薦,1123,2882,38.966
7,信義區,景新里,2016,總統,朱立倫,中國國民黨,1295,2883,44.9185
7,信義區,景新里,2016,總統,蔡英文,民主進步黨,1284,2883,44.5369
7,信義區,景新里,2016,總統,宋楚瑜,親民黨,304,2883,10.5446
7,信義區,景新里,2018,市長,吳蕚洋,無黨籍及未經政黨推薦,16,2731,0.5859
7,信義區,景新里,2018,市長,丁守中,中國國民黨,1376,2731,50.3845
7,信義區,景新里,2018,市長,姚文智,民主進步黨,390,2731,14.2805
7,信義區,景新里,2018,市長,柯文哲,無黨籍及未經政黨推薦,934,2731,34.1999
7,信義區,景新里,2018,市長,李錫錕,無黨籍及未經政黨推薦,15,2731,0.5492
7,信義區,景新里,2020,立委,王映心,台灣基進,27,3202,0.8432
7,信義區,景新里,2020,立委,蔡宜芳,台灣民眾黨,246,3202,7.6827
7,信義區,景新里,2020,立委,費鴻泰,中國國民黨,1662,3202,51.9051
7,信義區,景新里,2020,立委,許淑華,民主進步黨,1262,3202,39.4129
7,信義區,景新里,2020,立委,蘇伊文,言論自由聯盟,5,3202,0.1562
7,信義區,景新里,2020,總統,宋楚瑜,親民黨,121,3232,3.7438
7,信義區,景新里,2020,總統,韓國瑜,中國國民黨,1622,3232,50.1856
7,信義區,景新里,2020,總統,蔡英文,民主進步黨,1489,3232,46.0705
7,信義區,景新里,2022,市長,張家豪,台灣動物保護黨,5,2728,0.1833
7,信義區,景新里,2022,市長,王文娟,無黨籍及未經政黨推薦,3,2728,0.11
7,信義區,景新里,2022,市長,鄭匡宇,無黨籍及未經政黨推薦,2,2728,0.0733
7,信義區,景新里,2022,市長,黃聖峰,台澎黨,2,2728,0.0733
7,信義區,景新里,2022,市長,童文薰,無黨籍及未經政黨推薦,1,2728,0.0367
7,信義區,景新里,2022,市長,蔣萬安,中國國民黨,1355,2728,49.6701
7,信義區,景新里,2022,市長,蘇煥智,台灣維新,4,2728,0.1466
7,信義區,景新里,2022,市長,黃珊珊,無黨籍及未經政黨推薦,626,2728,22.9472
7,信義區,景新里,2022,市長,施奉先,無黨籍及未經政黨推薦,0,2728,0.0
7,信義區,景新里,2022,市長,唐新民,共和黨,1,2728,0.0367
7,信義區,景新里,2022,市長,謝立康,無黨籍及未經政黨推薦,0,2728,0.0
7,信義區,景新里,2022,市長,陳時中,民主進步黨,729,2728,26.7229
7,信義區,景新里,2024,立委,李承龍,中華愛國同心黨,3,3036,0.0988
7,信義區,景新里,2024,立委,徐巧芯,中國國民黨,1758,3036,57.9051
7,信義區,景新里,2024,立委,羅丹,台灣維新,15,3036,0.4941
7,信義區,景新里,2024,立委,陳韋安,無黨籍及未經政黨推薦,43,3036,1.4163
7,信義區,景新里,2024,立委,許淑華,民主進步黨,1217,3036,40.0856
7,信義區,景新里,2024,總統,柯文哲,台灣民眾黨,623,3093,20.1423
7,信義區,景新里,2024,總統,賴清德,民主進步黨,1052,3093,34.0123
7,信義區,景新里,2024,總統,侯友宜,中國國民黨,1418,3093,45.8455
7,信義區,景聯里,2014,市長,陳汝斌,三等國民公義人權自救黨,7,2861,0.2447
7,信義區,景聯里,2014,市長,趙衍慶,無黨籍及未經政黨推薦,30,2861,1.0486
7,信義區,景聯里,2014,市長,李宏信,無黨籍及未經政黨推薦,14,2861,0.4893
7,信義區,景聯里,2014,市長,陳永昌,無黨籍及未經政黨推薦,3,2861,0.1049
7,信義區,景聯里,2014,市長,馮光遠,無黨籍及未經政黨推薦,12,2861,0.4194
7,信義區,景聯里,2014,市長,連勝文,中國國民黨,1218,2861,42.5725
7,信義區,景聯里,2014,市長,柯文哲,無黨籍及未經政黨推薦,1577,2861,55.1206
7,信義區,景聯里,2016,立委,林文傑,無黨籍及未經政黨推薦,20,2753,0.7265
7,信義區,景聯里,2016,立委,呂欣潔,綠黨社會民主黨聯盟,259,2753,9.4079
7,信義區,景聯里,2016,立委,詹益正,無黨籍及未經政黨推薦,11,2753,0.3996
7,信義區,景聯里,2016,立委,蘇承英,和平鴿聯盟黨,10,2753,0.3632
7,信義區,景聯里,2016,立委,范揚律,大愛憲改聯盟,2,2753,0.0726
7,信義區,景聯里,2016,立委,林芷芬,台灣獨立黨,12,2753,0.4359
7,信義區,景聯里,2016,立委,費鴻泰,中國國民黨,1286,2753,46.7127
7,信義區,景聯里,2016,立委,楊實秋,無黨籍及未經政黨推薦,1153,2753,41.8816
7,信義區,景聯里,2016,總統,朱立倫,中國國民黨,1136,2795,40.644
7,信義區,景聯里,2016,總統,蔡英文,民主進步黨,1355,2795,48.4794
7,信義區,景聯里,2016,總統,宋楚瑜,親民黨,304,2795,10.8766
7,信義區,景聯里,2018,市長,吳蕚洋,無黨籍及未經政黨推薦,10,2641,0.3786
7,信義區,景聯里,2018,市長,丁守中,中國國民黨,1156,2641,43.7713
7,信義區,景聯里,2018,市長,姚文智,民主進步黨,419,2641,15.8652
7,信義區,景聯里,2018,市長,柯文哲,無黨籍及未經政黨推薦,1048,2641,39.6819
7,信義區,景聯里,2018,市長,李錫錕,無黨籍及未經政黨推薦,8,2641,0.3029
7,信義區,景聯里,2020,立委,王映心,台灣基進,44,3085,1.4263
7,信義區,景聯里,2020,立委,蔡宜芳,台灣民眾黨,315,3085,10.2107
7,信義區,景聯里,2020,立委,費鴻泰,中國國民黨,1510,3085,48.9465
7,信義區,景聯里,2020,立委,許淑華,民主進步黨,1212,3085,39.2869
7,信義區,景聯里,2020,立委,蘇伊文,言論自由聯盟,4,3085,0.1297
7,信義區,景聯里,2020,總統,宋楚瑜,親民黨,173,3107,5.5681
7,信義區,景聯里,2020,總統,韓國瑜,中國國民黨,1371,3107,44.1262
7,信義區,景聯里,2020,總統,蔡英文,民主進步黨,1563,3107,50.3058
7,信義區,景聯里,2022,市長,張家豪,台灣動物保護黨,2,2423,0.0825
7,信義區,景聯里,2022,市長,王文娟,無黨籍及未經政黨推薦,0,2423,0.0
7,信義區,景聯里,2022,市長,鄭匡宇,無黨籍及未經政黨推薦,1,2423,0.0413
7,信義區,景聯里,2022,市長,黃聖峰,台澎黨,0,2423,0.0
7,信義區,景聯里,2022,市長,童文薰,無黨籍及未經政黨推薦,3,2423,0.1238
7,信義區,景聯里,2022,市長,蔣萬安,中國國民黨,1093,2423,45.1094
7,信義區,景聯里,2022,市長,蘇煥智,台灣維新,1,2423,0.0413
7,信義區,景聯里,2022,市長,黃珊珊,無黨籍及未經政黨推薦,583,2423,24.0611
7,信義區,景聯里,2022,市長,施奉先,無黨籍及未經政黨推薦,0,2423,0.0
7,信義區,景聯里,2022,市長,唐新民,共和黨,0,2423,0.0
7,信義區,景聯里,2022,市長,謝立康,無黨籍及未經政黨推薦,1,2423,0.0413
7,信義區,景聯里,2022,市長,陳時中,民主進步黨,739,2423,30.4994
7,信義區,景聯里,2024,立委,李承龍,中華愛國同心黨,3,2725,0.1101
7,信義區,景聯里,2024,立委,徐巧芯,中國國民黨,1480,2725,54.3119
7,信義區,景聯里,2024,立委,羅丹,台灣維新,23,2725,0.844
7,信義區,景聯里,2024,立委,陳韋安,無黨籍及未經政黨推薦,62,2725,2.2752
7,信義區,景聯里,2024,立委,許淑華,民主進步黨,1157,2725,42.4587
7,信義區,景聯里,2024,總統,柯文哲,台灣民眾黨,632,2781,22.7256
7,信義區,景聯里,2024,總統,賴清德,民主進步黨,986,2781,35.4549
7,信義區,景聯里,2024,總統,侯友宜,中國國民黨,1163,2781,41.8195
7,信義區,松光里,2014,市長,陳汝斌,三等國民公義人權自救黨,6,3068,0.1956
7,信義區,松光里,2014,市長,趙衍慶,無黨籍及未經政黨推薦,25,3068,0.8149
7,信義區,松光里,2014,市長,李宏信,無黨籍及未經政黨推薦,7,3068,0.2282
7,信義區,松光里,2014,市長,陳永昌,無黨籍及未經政黨推薦,2,3068,0.0652
7,信義區,松光里,2014,市長,馮光遠,無黨籍及未經政黨推薦,12,3068,0.3911
7,信義區,松光里,2014,市長,連勝文,中國國民黨,1216,3068,39.6349
7,信義區,松光里,2014,市長,柯文哲,無黨籍及未經政黨推薦,1800,3068,58.6701
7,信義區,松光里,2016,立委,林文傑,無黨籍及未經政黨推薦,16,2873,0.5569
7,信義區,松光里,2016,立委,呂欣潔,綠黨社會民主黨聯盟,281,2873,9.7807
7,信義區,松光里,2016,立委,詹益正,無黨籍及未經政黨推薦,12,2873,0.4177
7,信義區,松光里,2016,立委,蘇承英,和平鴿聯盟黨,7,2873,0.2436
7,信義區,松光里,2016,立委,范揚律,大愛憲改聯盟,7,2873,0.2436
7,信義區,松光里,2016,立委,林芷芬,台灣獨立黨,9,2873,0.3133
7,信義區,松光里,2016,立委,費鴻泰,中國國民黨,1184,2873,41.2113
7,信義區,松光里,2016,立委,楊實秋,無黨籍及未經政黨推薦,1357,2873,47.2329
7,信義區,松光里,2016,總統,朱立倫,中國國民黨,1049,2900,36.1724
7,信義區,松光里,2016,總統,蔡英文,民主進步黨,1534,2900,52.8966
7,信義區,松光里,2016,總統,宋楚瑜,親民黨,317,2900,10.931
7,信義區,松光里,2018,市長,吳蕚洋,無黨籍及未經政黨推薦,7,2860,0.2448
7,信義區,松光里,2018,市長,丁守中,中國國民黨,1136,2860,39.7203
7,信義區,松光里,2018,市長,姚文智,民主進步黨,555,2860,19.4056
7,信義區,松光里,2018,市長,柯文哲,無黨籍及未經政黨推薦,1149,2860,40.1748
7,信義區,松光里,2018,市長,李錫錕,無黨籍及未經政黨推薦,13,2860,0.4545
7,信義區,松光里,2020,立委,王映心,台灣基進,25,3200,0.7812
7,信義區,松光里,2020,立委,蔡宜芳,台灣民眾黨,320,3200,10.0
7,信義區,松光里,2020,立委,費鴻泰,中國國民黨,1353,3200,42.2812
7,信義區,松光里,2020,立委,許淑華,民主進步黨,1500,3200,46.875
7,信義區,松光里,2020,立委,蘇伊文,言論自由聯盟,2,3200,0.0625
7,信義區,松光里,2020,總統,宋楚瑜,親民黨,132,3222,4.0968
7,信義區,松光里,2020,總統,韓國瑜,中國國民黨,1319,3222,40.9373
7,信義區,松光里,2020,總統,蔡英文,民主進步黨,1771,3222,54.9659
7,信義區,松光里,2022,市長,張家豪,台灣動物保護黨,4,2628,0.1522
7,信義區,松光里,2022,市長,王文娟,無黨籍及未經政黨推薦,0,2628,0.0
7,信義區,松光里,2022,市長,鄭匡宇,無黨籍及未經政黨推薦,2,2628,0.0761
7,信義區,松光里,2022,市長,黃聖峰,台澎黨,1,2628,0.0381
7,信義區,松光里,2022,市長,童文薰,無黨籍及未經政黨推薦,2,2628,0.0761
7,信義區,松光里,2022,市長,蔣萬安,中國國民黨,1115,2628,42.4277
7,信義區,松光里,2022,市長,蘇煥智,台灣維新,4,2628,0.1522
7,信義區,松光里,2022,市長,黃珊珊,無黨籍及未經政黨推薦,615,2628,23.4018
7,信義區,松光里,2022,市長,施奉先,無黨籍及未經政黨推薦,0,2628,0.0
7,信義區,松光里,2022,市長,唐新民,共和黨,0,2628,0.0
7,信義區,松光里,2022,市長,謝立康,無黨籍及未經政黨推薦,0,2628,0.0
7,信義區,松光里,2022,市長,陳時中,民主進步黨,885,2628,33.6758
7,信義區,松光里,2024,立委,李承龍,中華愛國同心黨,7,2919,0.2398
7,信義區,松光里,2024,立委,徐巧芯,中國國民黨,1429,2919,48.9551
7,信義區,松光里,2024,立委,羅丹,台灣維新,10,2919,0.3426
7,信義區,松光里,2024,立委,陳韋安,無黨籍及未經政黨推薦,50,2919,1.7129
7,信義區,松光里,2024,立委,許淑華,民主進步黨,1423,2919,48.7496
7,信義區,松光里,2024,總統,柯文哲,台灣民眾黨,634,2987,21.2253
7,信義區,松光里,2024,總統,賴清德,民主進步黨,1214,2987,40.6428
7,信義區,松光里,2024,總統,侯友宜,中國國民黨,1139,2987,38.1319
7,信義區,松友里,2014,市長,陳汝斌,三等國民公義人權自救黨,3,3963,0.0757
7,信義區,松友里,2014,市長,趙衍慶,無黨籍及未經政黨推薦,42,3963,1.0598
7,信義區,松友里,2014,市長,李宏信,無黨籍及未經政黨推薦,9,3963,0.2271
7,信義區,松友里,2014,市長,陳永昌,無黨籍及未經政黨推薦,14,3963,0.3533
7,信義區,松友里,2014,市長,馮光遠,無黨籍及未經政黨推薦,20,3963,0.5047
7,信義區,松友里,2014,市長,連勝文,中國國民黨,1713,3963,43.2248
7,信義區,松友里,2014,市長,柯文哲,無黨籍及未經政黨推薦,2162,3963,54.5546
7,信義區,松友里,2016,立委,林文傑,無黨籍及未經政黨推薦,16,3729,0.4291
7,信義區,松友里,2016,立委,呂欣潔,綠黨社會民主黨聯盟,444,3729,11.9067
7,信義區,松友里,2016,立委,詹益正,無黨籍及未經政黨推薦,7,3729,0.1877
7,信義區,松友里,2016,立委,蘇承英,和平鴿聯盟黨,19,3729,0.5095
7,信義區,松友里,2016,立委,范揚律,大愛憲改聯盟,4,3729,0.1073
7,信義區,松友里,2016,立委,林芷芬,台灣獨立黨,11,3729,0.295
7,信義區,松友里,2016,立委,費鴻泰,中國國民黨,1724,3729,46.2322
7,信義區,松友里,2016,立委,楊實秋,無黨籍及未經政黨推薦,1504,3729,40.3325
7,信義區,松友里,2016,總統,朱立倫,中國國民黨,1495,3786,39.4876
7,信義區,松友里,2016,總統,蔡英文,民主進步黨,1837,3786,48.5209
7,信義區,松友里,2016,總統,宋楚瑜,親民黨,454,3786,11.9915
7,信義區,松友里,2018,市長,吳蕚洋,無黨籍及未經政黨推薦,16,3768,0.4246
7,信義區,松友里,2018,市長,丁守中,中國國民黨,1609,3768,42.7017
7,信義區,松友里,2018,市長,姚文智,民主進步黨,603,3768,16.0032
7,信義區,松友里,2018,市長,柯文哲,無黨籍及未經政黨推薦,1527,3768,40.5255
7,信義區,松友里,2018,市長,李錫錕,無黨籍及未經政黨推薦,13,3768,0.345
7,信義區,松友里,2020,立委,王映心,台灣基進,41,4184,0.9799
7,信義區,松友里,2020,立委,蔡宜芳,台灣民眾黨,421,4184,10.0621
7,信義區,松友里,2020,立委,費鴻泰,中國國民黨,1929,4184,46.1042
7,信義區,松友里,2020,立委,許淑華,民主進步黨,1787,4184,42.7103
7,信義區,松友里,2020,立委,蘇伊文,言論自由聯盟,6,4184,0.1434
7,信義區,松友里,2020,總統,宋楚瑜,親民黨,187,4209,4.4429
7,信義區,松友里,2020,總統,韓國瑜,中國國民黨,1883,4209,44.7375
7,信義區,松友里,2020,總統,蔡英文,民主進步黨,2139,4209,50.8197
7,信義區,松友里,2022,市長,張家豪,台灣動物保護黨,9,3476,0.2589
7,信義區,松友里,2022,市長,王文娟,無黨籍及未經政黨推薦,1,3476,0.0288
7,信義區,松友里,2022,市長,鄭匡宇,無黨籍及未經政黨推薦,1,3476,0.0288
7,信義區,松友里,2022,市長,黃聖峰,台澎黨,1,3476,0.0288
7,信義區,松友里,2022,市長,童文薰,無黨籍及未經政黨推薦,8,3476,0.2301
7,信義區,松友里,2022,市長,蔣萬安,中國國民黨,1563,3476,44.9655
7,信義區,松友里,2022,市長,蘇煥智,台灣維新,5,3476,0.1438
7,信義區,松友里,2022,市長,黃珊珊,無黨籍及未經政黨推薦,872,3476,25.0863
7,信義區,松友里,2022,市長,施奉先,無黨籍及未經政黨推薦,0,3476,0.0
7,信義區,松友里,2022,市長,唐新民,共和黨,1,3476,0.0288
7,信義區,松友里,2022,市長,謝立康,無黨籍及未經政黨推薦,1,3476,0.0288
7,信義區,松友里,2022,市長,陳時中,民主進步黨,1014,3476,29.1715
7,信義區,松友里,2024,立委,李承龍,中華愛國同心黨,6,3903,0.1537
7,信義區,松友里,2024,立委,徐巧芯,中國國民黨,2050,3903,52.5237
7,信義區,松友里,2024,立委,羅丹,台灣維新,19,3903,0.4868
7,信義區,松友里,2024,立委,陳韋安,無黨籍及未經政黨推薦,74,3903,1.896
7,信義區,松友里,2024,立委,許淑華,民主進步黨,1754,3903,44.9398
7,信義區,松友里,2024,總統,柯文哲,台灣民眾黨,974,3965,24.5649
7,信義區,松友里,2024,總統,賴清德,民主進步黨,1408,3965,35.5107
7,信義區,松友里,2024,總統,侯友宜,中國國民黨,1583,3965,39.9243
7,信義區,松隆里,2014,市長,陳汝斌,三等國民公義人權自救黨,4,1332,0.3003
7,信義區,松隆里,2014,市長,趙衍慶,無黨籍及未經政黨推薦,15,1332,1.1261
7,信義區,松隆里,2014,市長,李宏信,無黨籍及未經政黨推薦,2,1332,0.1502
7,信義區,松隆里,2014,市長,陳永昌,無黨籍及未經政黨推薦,3,1332,0.2252
7,信義區,松隆里,2014,市長,馮光遠,無黨籍及未經政黨推薦,4,1332,0.3003
7,信義區,松隆里,2014,市長,連勝文,中國國民黨,572,1332,42.9429
7,信義區,松隆里,2014,市長,柯文哲,無黨籍及未經政黨推薦,732,1332,54.955
7,信義區,松隆里,2016,立委,林文傑,無黨籍及未經政黨推薦,11,1241,0.8864
7,信義區,松隆里,2016,立委,呂欣潔,綠黨社會民主黨聯盟,141,1241,11.3618
7,信義區,松隆里,2016,立委,詹益正,無黨籍及未經政黨推薦,7,1241,0.5641
7,信義區,松隆里,2016,立委,蘇承英,和平鴿聯盟黨,4,1241,0.3223
7,信義區,松隆里,2016,立委,范揚律,大愛憲改聯盟,2,1241,0.1612
7,信義區,松隆里,2016,立委,林芷芬,台灣獨立黨,8,1241,0.6446
7,信義區,松隆里,2016,立委,費鴻泰,中國國民黨,558,1241,44.9637
7,信義區,松隆里,2016,立委,楊實秋,無黨籍及未經政黨推薦,510,1241,41.0959
7,信義區,松隆里,2016,總統,朱立倫,中國國民黨,462,1258,36.725
7,信義區,松隆里,2016,總統,蔡英文,民主進步黨,628,1258,49.9205
7,信義區,松隆里,2016,總統,宋楚瑜,親民黨,168,1258,13.3545
7,信義區,松隆里,2018,市長,吳蕚洋,無黨籍及未經政黨推薦,2,1251,0.1599
7,信義區,松隆里,2018,市長,丁守中,中國國民黨,533,1251,42.6059
7,信義區,松隆里,2018,市長,姚文智,民主進步黨,238,1251,19.0248
7,信義區,松隆里,2018,市長,柯文哲,無黨籍及未經政黨推薦,470,1251,37.5699
7,信義區,松隆里,2018,市長,李錫錕,無黨籍及未經政黨推薦,8,1251,0.6395
7,信義區,松隆里,2020,立委,王映心,台灣基進,14,1374,1.0189
7,信義區,松隆里,2020,立委,蔡宜芳,台灣民眾黨,138,1374,10.0437
7,信義區,松隆里,2020,立委,費鴻泰,中國國民黨,618,1374,44.9782
7,信義區,松隆里,2020,立委,許淑華,民主進步黨,601,1374,43.7409
7,信義區,松隆里,2020,立委,蘇伊文,言論自由聯盟,3,1374,0.2183
7,信義區,松隆里,2020,總統,宋楚瑜,親民黨,56,1393,4.0201
7,信義區,松隆里,2020,總統,韓國瑜,中國國民黨,594,1393,42.6418
7,信義區,松隆里,2020,總統,蔡英文,民主進步黨,743,1393,53.3381
7,信義區,松隆里,2022,市長,張家豪,台灣動物保護黨,4,1172,0.3413
7,信義區,松隆里,2022,市長,王文娟,無黨籍及未經政黨推薦,0,1172,0.0
7,信義區,松隆里,2022,市長,鄭匡宇,無黨籍及未經政黨推薦,0,1172,0.0
7,信義區,松隆里,2022,市長,黃聖峰,台澎黨,0,1172,0.0
7,信義區,松隆里,2022,市長,童文薰,無黨籍及未經政黨推薦,2,1172,0.1706
7,信義區,松隆里,2022,市長,蔣萬安,中國國民黨,529,1172,45.1365
7,信義區,松隆里,2022,市長,蘇煥智,台灣維新,1,1172,0.0853
7,信義區,松隆里,2022,市長,黃珊珊,無黨籍及未經政黨推薦,277,1172,23.6348
7,信義區,松隆里,2022,市長,施奉先,無黨籍及未經政黨推薦,0,1172,0.0
7,信義區,松隆里,2022,市長,唐新民,共和黨,0,1172,0.0
7,信義區,松隆里,2022,市長,謝立康,無黨籍及未經政黨推薦,0,1172,0.0
7,信義區,松隆里,2022,市長,陳時中,民主進步黨,359,1172,30.6314
7,信義區,松隆里,2024,立委,李承龍,中華愛國同心黨,2,1257,0.1591
7,信義區,松隆里,2024,立委,徐巧芯,中國國民黨,633,1257,50.358
7,信義區,松隆里,2024,立委,羅丹,台灣維新,16,1257,1.2729
7,信義區,松隆里,2024,立委,陳韋安,無黨籍及未經政黨推薦,33,1257,2.6253
7,信義區,松隆里,2024,立委,許淑華,民主進步黨,573,1257,45.5847
7,信義區,松隆里,2024,總統,柯文哲,台灣民眾黨,303,1283,23.6165
7,信義區,松隆里,2024,總統,賴清德,民主進步黨,465,1283,36.2432
7,信義區,松隆里,2024,總統,侯友宜,中國國民黨,515,1283,40.1403
7,信義區,正和里,2014,市長,陳汝斌,三等國民公義人權自救黨,5,2773,0.1803
7,信義區,正和里,2014,市長,趙衍慶,無黨籍及未經政黨推薦,29,2773,1.0458
7,信義區,正和里,2014,市長,李宏信,無黨籍及未經政黨推薦,5,2773,0.1803
7,信義區,正和里,2014,市長,陳永昌,無黨籍及未經政黨推薦,4,2773,0.1442
7,信義區,正和里,2014,市長,馮光遠,無黨籍及未經政黨推薦,19,2773,0.6852
7,信義區,正和里,2014,市長,連勝文,中國國民黨,1394,2773,50.2705
7,信義區,正和里,2014,市長,柯文哲,無黨籍及未經政黨推薦,1317,2773,47.4937
7,信義區,正和里,2016,立委,林文傑,無黨籍及未經政黨推薦,14,2669,0.5245
7,信義區,正和里,2016,立委,呂欣潔,綠黨社會民主黨聯盟,249,2669,9.3293
7,信義區,正和里,2016,立委,詹益正,無黨籍及未經政黨推薦,22,2669,0.8243
7,信義區,正和里,2016,立委,蘇承英,和平鴿聯盟黨,9,2669,0.3372
7,信義區,正和里,2016,立委,范揚律,大愛憲改聯盟,3,2669,0.1124
7,信義區,正和里,2016,立委,林芷芬,台灣獨立黨,10,2669,0.3747
7,信義區,正和里,2016,立委,費鴻泰,中國國民黨,1414,2669,52.9786
7,信義區,正和里,2016,立委,楊實秋,無黨籍及未經政黨推薦,948,2669,35.5189
7,信義區,正和里,2016,總統,朱立倫,中國國民黨,1246,2678,46.5273
7,信義區,正和里,2016,總統,蔡英文,民主進步黨,1117,2678,41.7102
7,信義區,正和里,2016,總統,宋楚瑜,親民黨,315,2678,11.7625
7,信義區,正和里,2018,市長,吳蕚洋,無黨籍及未經政黨推薦,14,2646,0.5291
7,信義區,正和里,2018,市長,丁守中,中國國民黨,1290,2646,48.7528
7,信義區,正和里,2018,市長,姚文智,民主進步黨,408,2646,15.4195
7,信義區,正和里,2018,市長,柯文哲,無黨籍及未經政黨推薦,920,2646,34.7695
7,信義區,正和里,2018,市長,李錫錕,無黨籍及未經政黨推薦,14,2646,0.5291
7,信義區,正和里,2020,立委,王映心,台灣基進,25,2898,0.8627
7,信義區,正和里,2020,立委,蔡宜芳,台灣民眾黨,247,2898,8.5231
7,信義區,正和里,2020,立委,費鴻泰,中國國民黨,1548,2898,53.4161
7,信義區,正和里,2020,立委,許淑華,民主進步黨,1073,2898,37.0255
7,信義區,正和里,2020,立委,蘇伊文,言論自由聯盟,5,2898,0.1725
7,信義區,正和里,2020,總統,宋楚瑜,親民黨,126,2917,4.3195
7,信義區,正和里,2020,總統,韓國瑜,中國國民黨,1482,2917,50.8056
7,信義區,正和里,2020,總統,蔡英文,民主進步黨,1309,2917,44.8749
7,信義區,正和里,2022,市長,張家豪,台灣動物保護黨,3,2474,0.1213
7,信義區,正和里,2022,市長,王文娟,無黨籍及未經政黨推薦,0,2474,0.0
7,信義區,正和里,2022,市長,鄭匡宇,無黨籍及未經政黨推薦,3,2474,0.1213
7,信義區,正和里,2022,市長,黃聖峰,台澎黨,0,2474,0.0
7,信義區,正和里,2022,市長,童文薰,無黨籍及未經政黨推薦,3,2474,0.1213
7,信義區,正和里,2022,市長,蔣萬安,中國國民黨,1217,2474,49.1916
7,信義區,正和里,2022,市長,蘇煥智,台灣維新,5,2474,0.2021
7,信義區,正和里,2022,市長,黃珊珊,無黨籍及未經政黨推薦,574,2474,23.2013
7,信義區,正和里,2022,市長,施奉先,無黨籍及未經政黨推薦,0,2474,0.0
7,信義區,正和里,2022,市長,唐新民,共和黨,1,2474,0.0404
7,信義區,正和里,2022,市長,謝立康,無黨籍及未經政黨推薦,0,2474,0.0
7,信義區,正和里,2022,市長,陳時中,民主進步黨,668,2474,27.0008
7,信義區,正和里,2024,立委,李承龍,中華愛國同心黨,4,2608,0.1534
7,信義區,正和里,2024,立委,徐巧芯,中國國民黨,1556,2608,59.6626
7,信義區,正和里,2024,立委,羅丹,台灣維新,19,2608,0.7285
7,信義區,正和里,2024,立委,陳韋安,無黨籍及未經政黨推薦,51,2608,1.9555
7,信義區,正和里,2024,立委,許淑華,民主進步黨,978,2608,37.5
7,信義區,正和里,2024,總統,柯文哲,台灣民眾黨,565,2673,21.1373
7,信義區,正和里,2024,總統,賴清德,民主進步黨,868,2673,32.4729
7,信義區,正和里,2024,總統,侯友宜,中國國民黨,1240,2673,46.3898
7,信義區,永吉里,2014,市長,陳汝斌,三等國民公義人權自救黨,5,2455,0.2037
7,信義區,永吉里,2014,市長,趙衍慶,無黨籍及未經政黨推薦,16,2455,0.6517
7,信義區,永吉里,2014,市長,李宏信,無黨籍及未經政黨推薦,3,2455,0.1222
7,信義區,永吉里,2014,市長,陳永昌,無黨籍及未經政黨推薦,10,2455,0.4073
7,信義區,永吉里,2014,市長,馮光遠,無黨籍及未經政黨推薦,6,2455,0.2444
7,信義區,永吉里,2014,市長,連勝文,中國國民黨,723,2455,29.4501
7,信義區,永吉里,2014,市長,柯文哲,無黨籍及未經政黨推薦,1692,2455,68.9206
7,信義區,永吉里,2016,立委,林文傑,無黨籍及未經政黨推薦,21,2308,0.9099
7,信義區,永吉里,2016,立委,呂欣潔,綠黨社會民主黨聯盟,302,2308,13.0849
7,信義區,永吉里,2016,立委,詹益正,無黨籍及未經政黨推薦,13,2308,0.5633
7,信義區,永吉里,2016,立委,蘇承英,和平鴿聯盟黨,14,2308,0.6066
7,信義區,永吉里,2016,立委,范揚律,大愛憲改聯盟,3,2308,0.13
7,信義區,永吉里,2016,立委,林芷芬,台灣獨立黨,8,2308,0.3466
7,信義區,永吉里,2016,立委,費鴻泰,中國國民黨,751,2308,32.539
7,信義區,永吉里,2016,立委,楊實秋,無黨籍及未經政黨推薦,1196,2308,51.8198
7,信義區,永吉里,2016,總統,朱立倫,中國國民黨,609,2357,25.8379
7,信義區,永吉里,2016,總統,蔡英文,民主進步黨,1508,2357,63.9796
7,信義區,永吉里,2016,總統,宋楚瑜,親民黨,240,2357,10.1824
7,信義區,永吉里,2018,市長,吳蕚洋,無黨籍及未經政黨推薦,6,2266,0.2648
7,信義區,永吉里,2018,市長,丁守中,中國國民黨,700,2266,30.8914
7,信義區,永吉里,2018,市長,姚文智,民主進步黨,506,2266,22.3301
7,信義區,永吉里,2018,市長,柯文哲,無黨籍及未經政黨推薦,1049,2266,46.293
7,信義區,永吉里,2018,市長,李錫錕,無黨籍及未經政黨推薦,5,2266,0.2207
7,信義區,永吉里,2020,立委,王映心,台灣基進,27,2536,1.0647
7,信義區,永吉里,2020,立委,蔡宜芳,台灣民眾黨,245,2536,9.6609
7,信義區,永吉里,2020,立委,費鴻泰,中國國民黨,848,2536,33.4385
7,信義區,永吉里,2020,立委,許淑華,民主進步黨,1411,2536,55.6388
7,信義區,永吉里,2020,立委,蘇伊文,言論自由聯盟,5,2536,0.1972
7,信義區,永吉里,2020,總統,宋楚瑜,親民黨,73,2575,2.835
7,信義區,永吉里,2020,總統,韓國瑜,中國國民黨,805,2575,31.2621
7,信義區,永吉里,2020,總統,蔡英文,民主進步黨,1697,2575,65.9029
7,信義區,永吉里,2022,市長,張家豪,台灣動物保護黨,1,2042,0.049
7,信義區,永吉里,2022,市長,王文娟,無黨籍及未經政黨推薦,0,2042,0.0
7,信義區,永吉里,2022,市長,鄭匡宇,無黨籍及未經政黨推薦,0,2042,0.0
7,信義區,永吉里,2022,市長,黃聖峰,台澎黨,0,2042,0.0
7,信義區,永吉里,2022,市長,童文薰,無黨籍及未經政黨推薦,2,2042,0.0979
7,信義區,永吉里,2022,市長,蔣萬安,中國國民黨,701,2042,34.3291
7,信義區,永吉里,2022,市長,蘇煥智,台灣維新,0,2042,0.0
7,信義區,永吉里,2022,市長,黃珊珊,無黨籍及未經政黨推薦,529,2042,25.906
7,信義區,永吉里,2022,市長,施奉先,無黨籍及未經政黨推薦,1,2042,0.049
7,信義區,永吉里,2022,市長,唐新民,共和黨,0,2042,0.0
7,信義區,永吉里,2022,市長,謝立康,無黨籍及未經政黨推薦,0,2042,0.0
7,信義區,永吉里,2022,市長,陳時中,民主進步黨,808,2042,39.569
7,信義區,永吉里,2024,立委,李承龍,中華愛國同心黨,7,2216,0.3159
7,信義區,永吉里,2024,立委,徐巧芯,中國國民黨,871,2216,39.3051
7,信義區,永吉里,2024,立委,羅丹,台灣維新,11,2216,0.4964
7,信義區,永吉里,2024,立委,陳韋安,無黨籍及未經政黨推薦,47,2216,2.1209
7,信義區,永吉里,2024,立委,許淑華,民主進步黨,1280,2216,57.7617
7,信義區,永吉里,2024,總統,柯文哲,台灣民眾黨,579,2272,25.4842
7,信義區,永吉里,2024,總統,賴清德,民主進步黨,1023,2272,45.0264
7,信義區,永吉里,2024,總統,侯友宜,中國國民黨,670,2272,29.4894
7,信義區,永春里,2014,市長,陳汝斌,三等國民公義人權自救黨,3,3009,0.0997
7,信義區,永春里,2014,市長,趙衍慶,無黨籍及未經政黨推薦,41,3009,1.3626
7,信義區,永春里,2014,市長,李宏信,無黨籍及未經政黨推薦,8,3009,0.2659
7,信義區,永春里,2014,市長,陳永昌,無黨籍及未經政黨推薦,7,3009,0.2326
7,信義區,永春里,2014,市長,馮光遠,無黨籍及未經政黨推薦,15,3009,0.4985
7,信義區,永春里,2014,市長,連勝文,中國國民黨,1122,3009,37.2881
7,信義區,永春里,2014,市長,柯文哲,無黨籍及未經政黨推薦,1813,3009,60.2526
7,信義區,永春里,2016,立委,林文傑,無黨籍及未經政黨推薦,26,2845,0.9139
7,信義區,永春里,2016,立委,呂欣潔,綠黨社會民主黨聯盟,298,2845,10.4745
7,信義區,永春里,2016,立委,詹益正,無黨籍及未經政黨推薦,12,2845,0.4218
7,信義區,永春里,2016,立委,蘇承英,和平鴿聯盟黨,17,2845,0.5975
7,信義區,永春里,2016,立委,范揚律,大愛憲改聯盟,7,2845,0.246
7,信義區,永春里,2016,立委,林芷芬,台灣獨立黨,16,2845,0.5624
7,信義區,永春里,2016,立委,費鴻泰,中國國民黨,1121,2845,39.4025
7,信義區,永春里,2016,立委,楊實秋,無黨籍及未經政黨推薦,1348,2845,47.3814
7,信義區,永春里,2016,總統,朱立倫,中國國民黨,990,2892,34.2324
7,信義區,永春里,2016,總統,蔡英文,民主進步黨,1619,2892,55.982
7,信義區,永春里,2016,總統,宋楚瑜,親民黨,283,2892,9.7856
7,信義區,永春里,2018,市長,吳蕚洋,無黨籍及未經政黨推薦,14,2987,0.4687
7,信義區,永春里,2018,市長,丁守中,中國國民黨,1117,2987,37.3954
7,信義區,永春里,2018,市長,姚文智,民主進步黨,610,2987,20.4218
7,信義區,永春里,2018,市長,柯文哲,無黨籍及未經政黨推薦,1230,2987,41.1784
7,信義區,永春里,2018,市長,李錫錕,無黨籍及未經政黨推薦,16,2987,0.5357
7,信義區,永春里,2020,立委,王映心,台灣基進,40,3217,1.2434
7,信義區,永春里,2020,立委,蔡宜芳,台灣民眾黨,350,3217,10.8797
7,信義區,永春里,2020,立委,費鴻泰,中國國民黨,1273,3217,39.571
7,信義區,永春里,2020,立委,許淑華,民主進步黨,1550,3217,48.1815
7,信義區,永春里,2020,立委,蘇伊文,言論自由聯盟,4,3217,0.1243
7,信義區,永春里,2020,總統,宋楚瑜,親民黨,141,3239,4.3532
7,信義區,永春里,2020,總統,韓國瑜,中國國民黨,1242,3239,38.3452
7,信義區,永春里,2020,總統,蔡英文,民主進步黨,1856,3239,57.3016
7,信義區,永春里,2022,市長,張家豪,台灣動物保護黨,2,2684,0.0745
7,信義區,永春里,2022,市長,王文娟,無黨籍及未經政黨推薦,0,2684,0.0
7,信義區,永春里,2022,市長,鄭匡宇,無黨籍及未經政黨推薦,5,2684,0.1863
7,信義區,永春里,2022,市長,黃聖峰,台澎黨,0,2684,0.0
7,信義區,永春里,2022,市長,童文薰,無黨籍及未經政黨推薦,3,2684,0.1118
7,信義區,永春里,2022,市長,蔣萬安,中國國民黨,1092,2684,40.6855
7,信義區,永春里,2022,市長,蘇煥智,台灣維新,1,2684,0.0373
7,信義區,永春里,2022,市長,黃珊珊,無黨籍及未經政黨推薦,679,2684,25.2981
7,信義區,永春里,2022,市長,施奉先,無黨籍及未經政黨推薦,0,2684,0.0
7,信義區,永春里,2022,市長,唐新民,共和黨,0,2684,0.0
7,信義區,永春里,2022,市長,謝立康,無黨籍及未經政黨推薦,1,2684,0.0373
7,信義區,永春里,2022,市長,陳時中,民主進步黨,901,2684,33.5693
7,信義區,永春里,2024,立委,李承龍,中華愛國同心黨,2,2944,0.0679
7,信義區,永春里,2024,立委,徐巧芯,中國國民黨,1458,2944,49.5245
7,信義區,永春里,2024,立委,羅丹,台灣維新,20,2944,0.6793
7,信義區,永春里,2024,立委,陳韋安,無黨籍及未經政黨推薦,51,2944,1.7323
7,信義區,永春里,2024,立委,許淑華,民主進步黨,1413,2944,47.9959
7,信義區,永春里,2024,總統,柯文哲,台灣民眾黨,688,3002,22.9181
7,信義區,永春里,2024,總統,賴清德,民主進步黨,1194,3002,39.7735
7,信義區,永春里,2024,總統,侯友宜,中國國民黨,1120,3002,37.3085
7,信義區,泰和里,2014,市長,陳汝斌,三等國民公義人權自救黨,9,4623,0.1947
7,信義區,泰和里,2014,市長,趙衍慶,無黨籍及未經政黨推薦,53,4623,1.1464
7,信義區,泰和里,2014,市長,李宏信,無黨籍及未經政黨推薦,11,4623,0.2379
7,信義區,泰和里,2014,市長,陳永昌,無黨籍及未經政黨推薦,10,4623,0.2163
7,信義區,泰和里,2014,市長,馮光遠,無黨籍及未經政黨推薦,15,4623,0.3245
7,信義區,泰和里,2014,市長,連勝文,中國國民黨,2074,4623,44.8626
7,信義區,泰和里,2014,市長,柯文哲,無黨籍及未經政黨推薦,2451,4623,53.0175
7,信義區,泰和里,2016,立委,林文傑,無黨籍及未經政黨推薦,44,4330,1.0162
7,信義區,泰和里,2016,立委,呂欣潔,綠黨社會民主黨聯盟,447,4330,10.3233
7,信義區,泰和里,2016,立委,詹益正,無黨籍及未經政黨推薦,8,4330,0.1848
7,信義區,泰和里,2016,立委,蘇承英,和平鴿聯盟黨,17,4330,0.3926
7,信義區,泰和里,2016,立委,范揚律,大愛憲改聯盟,5,4330,0.1155
7,信義區,泰和里,2016,立委,林芷芬,台灣獨立黨,12,4330,0.2771
7,信義區,泰和里,2016,立委,費鴻泰,中國國民黨,2062,4330,47.6212
7,信義區,泰和里,2016,立委,楊實秋,無黨籍及未經政黨推薦,1735,4330,40.0693
7,信義區,泰和里,2016,總統,朱立倫,中國國民黨,1798,4386,40.9941
7,信義區,泰和里,2016,總統,蔡英文,民主進步黨,2070,4386,47.1956
7,信義區,泰和里,2016,總統,宋楚瑜,親民黨,518,4386,11.8103
7,信義區,泰和里,2018,市長,吳蕚洋,無黨籍及未經政黨推薦,16,4283,0.3736
7,信義區,泰和里,2018,市長,丁守中,中國國民黨,1931,4283,45.0852
7,信義區,泰和里,2018,市長,姚文智,民主進步黨,669,4283,15.6199
7,信義區,泰和里,2018,市長,柯文哲,無黨籍及未經政黨推薦,1643,4283,38.361
7,信義區,泰和里,2018,市長,李錫錕,無黨籍及未經政黨推薦,24,4283,0.5604
7,信義區,泰和里,2020,立委,王映心,台灣基進,64,4912,1.3029
7,信義區,泰和里,2020,立委,蔡宜芳,台灣民眾黨,412,4912,8.3876
7,信義區,泰和里,2020,立委,費鴻泰,中國國民黨,2311,4912,47.048
7,信義區,泰和里,2020,立委,許淑華,民主進步黨,2116,4912,43.0782
7,信義區,泰和里,2020,立委,蘇伊文,言論自由聯盟,9,4912,0.1832
7,信義區,泰和里,2020,總統,宋楚瑜,親民黨,210,4951,4.2416
7,信義區,泰和里,2020,總統,韓國瑜,中國國民黨,2256,4951,45.5666
7,信義區,泰和里,2020,總統,蔡英文,民主進步黨,2485,4951,50.1919
7,信義區,泰和里,2022,市長,張家豪,台灣動物保護黨,2,3951,0.0506
7,信義區,泰和里,2022,市長,王文娟,無黨籍及未經政黨推薦,5,3951,0.1266
7,信義區,泰和里,2022,市長,鄭匡宇,無黨籍及未經政黨推薦,3,3951,0.0759
7,信義區,泰和里,2022,市長,黃聖峰,台澎黨,0,3951,0.0
7,信義區,泰和里,2022,市長,童文薰,無黨籍及未經政黨推薦,6,3951,0.1519
7,信義區,泰和里,2022,市長,蔣萬安,中國國民黨,1830,3951,46.3174
7,信義區,泰和里,2022,市長,蘇煥智,台灣維新,4,3951,0.1012
7,信義區,泰和里,2022,市長,黃珊珊,無黨籍及未經政黨推薦,944,3951,23.8927
7,信義區,泰和里,2022,市長,施奉先,無黨籍及未經政黨推薦,2,3951,0.0506
7,信義區,泰和里,2022,市長,唐新民,共和黨,0,3951,0.0
7,信義區,泰和里,2022,市長,謝立康,無黨籍及未經政黨推薦,2,3951,0.0506
7,信義區,泰和里,2022,市長,陳時中,民主進步黨,1153,3951,29.1825
7,信義區,泰和里,2024,立委,李承龍,中華愛國同心黨,7,4413,0.1586
7,信義區,泰和里,2024,立委,徐巧芯,中國國民黨,2332,4413,52.8439
7,信義區,泰和里,2024,立委,羅丹,台灣維新,23,4413,0.5212
7,信義區,泰和里,2024,立委,陳韋安,無黨籍及未經政黨推薦,104,4413,2.3567
7,信義區,泰和里,2024,立委,許淑華,民主進步黨,1947,4413,44.1196
7,信義區,泰和里,2024,總統,柯文哲,台灣民眾黨,1105,4526,24.4145
7,信義區,泰和里,2024,總統,賴清德,民主進步黨,1589,4526,35.1083
7,信義區,泰和里,2024,總統,侯友宜,中國國民黨,1832,4526,40.4772
7,信義區,興隆里,2014,市長,陳汝斌,三等國民公義人權自救黨,5,1567,0.3191
7,信義區,興隆里,2014,市長,趙衍慶,無黨籍及未經政黨推薦,19,1567,1.2125
7,信義區,興隆里,2014,市長,李宏信,無黨籍及未經政黨推薦,3,1567,0.1914
7,信義區,興隆里,2014,市長,陳永昌,無黨籍及未經政黨推薦,2,1567,0.1276
7,信義區,興隆里,2014,市長,馮光遠,無黨籍及未經政黨推薦,5,1567,0.3191
7,信義區,興隆里,2014,市長,連勝文,中國國民黨,799,1567,50.9892
7,信義區,興隆里,2014,市長,柯文哲,無黨籍及未經政黨推薦,734,1567,46.8411
7,信義區,興隆里,2016,立委,林文傑,無黨籍及未經政黨推薦,9,1497,0.6012
7,信義區,興隆里,2016,立委,呂欣潔,綠黨社會民主黨聯盟,158,1497,10.5544
7,信義區,興隆里,2016,立委,詹益正,無黨籍及未經政黨推薦,1,1497,0.0668
7,信義區,興隆里,2016,立委,蘇承英,和平鴿聯盟黨,8,1497,0.5344
7,信義區,興隆里,2016,立委,范揚律,大愛憲改聯盟,0,1497,0.0
7,信義區,興隆里,2016,立委,林芷芬,台灣獨立黨,9,1497,0.6012
7,信義區,興隆里,2016,立委,費鴻泰,中國國民黨,715,1497,47.7622
7,信義區,興隆里,2016,立委,楊實秋,無黨籍及未經政黨推薦,597,1497,39.8798
7,信義區,興隆里,2016,總統,朱立倫,中國國民黨,694,1520,45.6579
7,信義區,興隆里,2016,總統,蔡英文,民主進步黨,647,1520,42.5658
7,信義區,興隆里,2016,總統,宋楚瑜,親民黨,179,1520,11.7763
7,信義區,興隆里,2018,市長,吳蕚洋,無黨籍及未經政黨推薦,4,1458,0.2743
7,信義區,興隆里,2018,市長,丁守中,中國國民黨,736,1458,50.4801
7,信義區,興隆里,2018,市長,姚文智,民主進步黨,210,1458,14.4033
7,信義區,興隆里,2018,市長,柯文哲,無黨籍及未經政黨推薦,498,1458,34.1564
7,信義區,興隆里,2018,市長,李錫錕,無黨籍及未經政黨推薦,10,1458,0.6859
7,信義區,興隆里,2020,立委,王映心,台灣基進,22,1605,1.3707
7,信義區,興隆里,2020,立委,蔡宜芳,台灣民眾黨,130,1605,8.0997
7,信義區,興隆里,2020,立委,費鴻泰,中國國民黨,854,1605,53.2087
7,信義區,興隆里,2020,立委,許淑華,民主進步黨,594,1605,37.0093
7,信義區,興隆里,2020,立委,蘇伊文,言論自由聯盟,5,1605,0.3115
7,信義區,興隆里,2020,總統,宋楚瑜,親民黨,68,1636,4.1565
7,信義區,興隆里,2020,總統,韓國瑜,中國國民黨,842,1636,51.467
7,信義區,興隆里,2020,總統,蔡英文,民主進步黨,726,1636,44.3765
7,信義區,興隆里,2022,市長,張家豪,台灣動物保護黨,5,1335,0.3745
7,信義區,興隆里,2022,市長,王文娟,無黨籍及未經政黨推薦,0,1335,0.0
7,信義區,興隆里,2022,市長,鄭匡宇,無黨籍及未經政黨推薦,2,1335,0.1498
7,信義區,興隆里,2022,市長,黃聖峰,台澎黨,0,1335,0.0
7,信義區,興隆里,2022,市長,童文薰,無黨籍及未經政黨推薦,3,1335,0.2247
7,信義區,興隆里,2022,市長,蔣萬安,中國國民黨,666,1335,49.8876
7,信義區,興隆里,2022,市長,蘇煥智,台灣維新,1,1335,0.0749
7,信義區,興隆里,2022,市長,黃珊珊,無黨籍及未經政黨推薦,289,1335,21.6479
7,信義區,興隆里,2022,市長,施奉先,無黨籍及未經政黨推薦,0,1335,0.0
7,信義區,興隆里,2022,市長,唐新民,共和黨,0,1335,0.0
7,信義區,興隆里,2022,市長,謝立康,無黨籍及未經政黨推薦,1,1335,0.0749
7,信義區,興隆里,2022,市長,陳時中,民主進步黨,368,1335,27.5655
7,信義區,興隆里,2024,立委,李承龍,中華愛國同心黨,2,1398,0.1431
7,信義區,興隆里,2024,立委,徐巧芯,中國國民黨,846,1398,60.515
7,信義區,興隆里,2024,立委,羅丹,台灣維新,8,1398,0.5722
7,信義區,興隆里,2024,立委,陳韋安,無黨籍及未經政黨推薦,32,1398,2.289
7,信義區,興隆里,2024,立委,許淑華,民主進步黨,510,1398,36.4807
7,信義區,興隆里,2024,總統,柯文哲,台灣民眾黨,320,1443,22.176
7,信義區,興隆里,2024,總統,賴清德,民主進步黨,463,1443,32.0859
7,信義區,興隆里,2024,總統,侯友宜,中國國民黨,660,1443,45.738
7,信義區,興雅里,2014,市長,陳汝斌,三等國民公義人權自救黨,9,3439,0.2617
7,信義區,興雅里,2014,市長,趙衍慶,無黨籍及未經政黨推薦,30,3439,0.8723
7,信義區,興雅里,2014,市長,李宏信,無黨籍及未經政黨推薦,11,3439,0.3199
7,信義區,興雅里,2014,市長,陳永昌,無黨籍及未經政黨推薦,3,3439,0.0872
7,信義區,興雅里,2014,市長,馮光遠,無黨籍及未經政黨推薦,17,3439,0.4943
7,信義區,興雅里,2014,市長,連勝文,中國國民黨,1474,3439,42.8613
7,信義區,興雅里,2014,市長,柯文哲,無黨籍及未經政黨推薦,1895,3439,55.1032
7,信義區,興雅里,2016,立委,林文傑,無黨籍及未經政黨推薦,18,3316,0.5428
7,信義區,興雅里,2016,立委,呂欣潔,綠黨社會民主黨聯盟,347,3316,10.4644
7,信義區,興雅里,2016,立委,詹益正,無黨籍及未經政黨推薦,14,3316,0.4222
7,信義區,興雅里,2016,立委,蘇承英,和平鴿聯盟黨,14,3316,0.4222
7,信義區,興雅里,2016,立委,范揚律,大愛憲改聯盟,7,3316,0.2111
7,信義區,興雅里,2016,立委,林芷芬,台灣獨立黨,13,3316,0.392
7,信義區,興雅里,2016,立委,費鴻泰,中國國民黨,1467,3316,44.24
7,信義區,興雅里,2016,立委,楊實秋,無黨籍及未經政黨推薦,1436,3316,43.3052
7,信義區,興雅里,2016,總統,朱立倫,中國國民黨,1310,3345,39.1629
7,信義區,興雅里,2016,總統,蔡英文,民主進步黨,1698,3345,50.7623
7,信義區,興雅里,2016,總統,宋楚瑜,親民黨,337,3345,10.0747
7,信義區,興雅里,2018,市長,吳蕚洋,無黨籍及未經政黨推薦,13,3254,0.3995
7,信義區,興雅里,2018,市長,丁守中,中國國民黨,1449,3254,44.5298
7,信義區,興雅里,2018,市長,姚文智,民主進步黨,546,3254,16.7793
7,信義區,興雅里,2018,市長,柯文哲,無黨籍及未經政黨推薦,1234,3254,37.9226
7,信義區,興雅里,2018,市長,李錫錕,無黨籍及未經政黨推薦,12,3254,0.3688
7,信義區,興雅里,2020,立委,王映心,台灣基進,39,3647,1.0694
7,信義區,興雅里,2020,立委,蔡宜芳,台灣民眾黨,311,3647,8.5276
7,信義區,興雅里,2020,立委,費鴻泰,中國國民黨,1756,3647,48.1492
7,信義區,興雅里,2020,立委,許淑華,民主進步黨,1531,3647,41.9797
7,信義區,興雅里,2020,立委,蘇伊文,言論自由聯盟,10,3647,0.2742
7,信義區,興雅里,2020,總統,宋楚瑜,親民黨,189,3679,5.1373
7,信義區,興雅里,2020,總統,韓國瑜,中國國民黨,1633,3679,44.3871
7,信義區,興雅里,2020,總統,蔡英文,民主進步黨,1857,3679,50.4757
7,信義區,興雅里,2022,市長,張家豪,台灣動物保護黨,10,2937,0.3405
7,信義區,興雅里,2022,市長,王文娟,無黨籍及未經政黨推薦,7,2937,0.2383
7,信義區,興雅里,2022,市長,鄭匡宇,無黨籍及未經政黨推薦,0,2937,0.0
7,信義區,興雅里,2022,市長,黃聖峰,台澎黨,0,2937,0.0
7,信義區,興雅里,2022,市長,童文薰,無黨籍及未經政黨推薦,3,2937,0.1021
7,信義區,興雅里,2022,市長,蔣萬安,中國國民黨,1304,2937,44.399
7,信義區,興雅里,2022,市長,蘇煥智,台灣維新,3,2937,0.1021
7,信義區,興雅里,2022,市長,黃珊珊,無黨籍及未經政黨推薦,700,2937,23.8338
7,信義區,興雅里,2022,市長,施奉先,無黨籍及未經政黨推薦,1,2937,0.034
7,信義區,興雅里,2022,市長,唐新民,共和黨,2,2937,0.0681
7,信義區,興雅里,2022,市長,謝立康,無黨籍及未經政黨推薦,0,2937,0.0
7,信義區,興雅里,2022,市長,陳時中,民主進步黨,907,2937,30.8819
7,信義區,興雅里,2024,立委,李承龍,中華愛國同心黨,9,3255,0.2765
7,信義區,興雅里,2024,立委,徐巧芯,中國國民黨,1696,3255,52.1045
7,信義區,興雅里,2024,立委,羅丹,台灣維新,21,3255,0.6452
7,信義區,興雅里,2024,立委,陳韋安,無黨籍及未經政黨推薦,68,3255,2.0891
7,信義區,興雅里,2024,立委,許淑華,民主進步黨,1461,3255,44.8848
7,信義區,興雅里,2024,總統,柯文哲,台灣民眾黨,713,3302,21.593
7,信義區,興雅里,2024,總統,賴清德,民主進步黨,1248,3302,37.7953
7,信義區,興雅里,2024,總統,侯友宜,中國國民黨,1341,3302,40.6118
7,信義區,西村里,2014,市長,陳汝斌,三等國民公義人權自救黨,0,2775,0.0
7,信義區,西村里,2014,市長,趙衍慶,無黨籍及未經政黨推薦,27,2775,0.973
7,信義區,西村里,2014,市長,李宏信,無黨籍及未經政黨推薦,5,2775,0.1802
7,信義區,西村里,2014,市長,陳永昌,無黨籍及未經政黨推薦,5,2775,0.1802
7,信義區,西村里,2014,市長,馮光遠,無黨籍及未經政黨推薦,13,2775,0.4685
7,信義區,西村里,2014,市長,連勝文,中國國民黨,1673,2775,60.2883
7,信義區,西村里,2014,市長,柯文哲,無黨籍及未經政黨推薦,1052,2775,37.9099
7,信義區,西村里,2016,立委,林文傑,無黨籍及未經政黨推薦,10,2720,0.3676
7,信義區,西村里,2016,立委,呂欣潔,綠黨社會民主黨聯盟,202,2720,7.4265
7,信義區,西村里,2016,立委,詹益正,無黨籍及未經政黨推薦,19,2720,0.6985
7,信義區,西村里,2016,立委,蘇承英,和平鴿聯盟黨,5,2720,0.1838
7,信義區,西村里,2016,立委,范揚律,大愛憲改聯盟,3,2720,0.1103
7,信義區,西村里,2016,立委,林芷芬,台灣獨立黨,5,2720,0.1838
7,信義區,西村里,2016,立委,費鴻泰,中國國民黨,1682,2720,61.8382
7,信義區,西村里,2016,立委,楊實秋,無黨籍及未經政黨推薦,794,2720,29.1912
7,信義區,西村里,2016,總統,朱立倫,中國國民黨,1552,2727,56.9124
7,信義區,西村里,2016,總統,蔡英文,民主進步黨,879,2727,32.2332
7,信義區,西村里,2016,總統,宋楚瑜,親民黨,296,2727,10.8544
7,信義區,西村里,2018,市長,吳蕚洋,無黨籍及未經政黨推薦,10,2710,0.369
7,信義區,西村里,2018,市長,丁守中,中國國民黨,1527,2710,56.3469
7,信義區,西村里,2018,市長,姚文智,民主進步黨,242,2710,8.9299
7,信義區,西村里,2018,市長,柯文哲,無黨籍及未經政黨推薦,918,2710,33.8745
7,信義區,西村里,2018,市長,李錫錕,無黨籍及未經政黨推薦,13,2710,0.4797
7,信義區,西村里,2020,立委,王映心,台灣基進,34,3071,1.1071
7,信義區,西村里,2020,立委,蔡宜芳,台灣民眾黨,276,3071,8.9873
7,信義區,西村里,2020,立委,費鴻泰,中國國民黨,1944,3071,63.3019
7,信義區,西村里,2020,立委,許淑華,民主進步黨,815,3071,26.5386
7,信義區,西村里,2020,立委,蘇伊文,言論自由聯盟,2,3071,0.0651
7,信義區,西村里,2020,總統,宋楚瑜,親民黨,116,3107,3.7335
7,信義區,西村里,2020,總統,韓國瑜,中國國民黨,1869,3107,60.1545
7,信義區,西村里,2020,總統,蔡英文,民主進步黨,1122,3107,36.112
7,信義區,西村里,2022,市長,張家豪,台灣動物保護黨,4,2639,0.1516
7,信義區,西村里,2022,市長,王文娟,無黨籍及未經政黨推薦,2,2639,0.0758
7,信義區,西村里,2022,市長,鄭匡宇,無黨籍及未經政黨推薦,0,2639,0.0
7,信義區,西村里,2022,市長,黃聖峰,台澎黨,0,2639,0.0
7,信義區,西村里,2022,市長,童文薰,無黨籍及未經政黨推薦,0,2639,0.0
7,信義區,西村里,2022,市長,蔣萬安,中國國民黨,1527,2639,57.8628
7,信義區,西村里,2022,市長,蘇煥智,台灣維新,0,2639,0.0
7,信義區,西村里,2022,市長,黃珊珊,無黨籍及未經政黨推薦,566,2639,21.4475
7,信義區,西村里,2022,市長,施奉先,無黨籍及未經政黨推薦,0,2639,0.0
7,信義區,西村里,2022,市長,唐新民,共和黨,1,2639,0.0379
7,信義區,西村里,2022,市長,謝立康,無黨籍及未經政黨推薦,1,2639,0.0379
7,信義區,西村里,2022,市長,陳時中,民主進步黨,538,2639,20.3865
7,信義區,西村里,2024,立委,李承龍,中華愛國同心黨,8,2762,0.2896
7,信義區,西村里,2024,立委,徐巧芯,中國國民黨,1912,2762,69.2252
7,信義區,西村里,2024,立委,羅丹,台灣維新,13,2762,0.4707
7,信義區,西村里,2024,立委,陳韋安,無黨籍及未經政黨推薦,45,2762,1.6293
7,信義區,西村里,2024,立委,許淑華,民主進步黨,784,2762,28.3852
7,信義區,西村里,2024,總統,柯文哲,台灣民眾黨,637,2811,22.661
7,信義區,西村里,2024,總統,賴清德,民主進步黨,685,2811,24.3686
7,信義區,西村里,2024,總統,侯友宜,中國國民黨,1489,2811,52.9705
7,信義區,長春里,2014,市長,陳汝斌,三等國民公義人權自救黨,2,2652,0.0754
7,信義區,長春里,2014,市長,趙衍慶,無黨籍及未經政黨推薦,32,2652,1.2066
7,信義區,長春里,2014,市長,李宏信,無黨籍及未經政黨推薦,3,2652,0.1131
7,信義區,長春里,2014,市長,陳永昌,無黨籍及未經政黨推薦,6,2652,0.2262
7,信義區,長春里,2014,市長,馮光遠,無黨籍及未經政黨推薦,10,2652,0.3771
7,信義區,長春里,2014,市長,連勝文,中國國民黨,1034,2652,38.9894
7,信義區,長春里,2014,市長,柯文哲,無黨籍及未經政黨推薦,1565,2652,59.0121
7,信義區,長春里,2016,立委,林文傑,無黨籍及未經政黨推薦,16,2427,0.6593
7,信義區,長春里,2016,立委,呂欣潔,綠黨社會民主黨聯盟,329,2427,13.5558
7,信義區,長春里,2016,立委,詹益正,無黨籍及未經政黨推薦,6,2427,0.2472
7,信義區,長春里,2016,立委,蘇承英,和平鴿聯盟黨,18,2427,0.7417
7,信義區,長春里,2016,立委,范揚律,大愛憲改聯盟,2,2427,0.0824
7,信義區,長春里,2016,立委,林芷芬,台灣獨立黨,5,2427,0.206
7,信義區,長春里,2016,立委,費鴻泰,中國國民黨,984,2427,40.5439
7,信義區,長春里,2016,立委,楊實秋,無黨籍及未經政黨推薦,1067,2427,43.9637
7,信義區,長春里,2016,總統,朱立倫,中國國民黨,848,2472,34.3042
7,信義區,長春里,2016,總統,蔡英文,民主進步黨,1332,2472,53.8835
7,信義區,長春里,2016,總統,宋楚瑜,親民黨,292,2472,11.8123
7,信義區,長春里,2018,市長,吳蕚洋,無黨籍及未經政黨推薦,17,2658,0.6396
7,信義區,長春里,2018,市長,丁守中,中國國民黨,1003,2658,37.7351
7,信義區,長春里,2018,市長,姚文智,民主進步黨,562,2658,21.1437
7,信義區,長春里,2018,市長,柯文哲,無黨籍及未經政黨推薦,1062,2658,39.9549
7,信義區,長春里,2018,市長,李錫錕,無黨籍及未經政黨推薦,14,2658,0.5267
7,信義區,長春里,2020,立委,王映心,台灣基進,26,2796,0.9299
7,信義區,長春里,2020,立委,蔡宜芳,台灣民眾黨,266,2796,9.5136
7,信義區,長春里,2020,立委,費鴻泰,中國國民黨,1115,2796,39.8784
7,信義區,長春里,2020,立委,許淑華,民主進步黨,1384,2796,49.4993
7,信義區,長春里,2020,立委,蘇伊文,言論自由聯盟,5,2796,0.1788
7,信義區,長春里,2020,總統,宋楚瑜,親民黨,112,2838,3.9464
7,信義區,長春里,2020,總統,韓國瑜,中國國民黨,1124,2838,39.6054
7,信義區,長春里,2020,總統,蔡英文,民主進步黨,1602,2838,56.4482
7,信義區,長春里,2022,市長,張家豪,台灣動物保護黨,5,2368,0.2111
7,信義區,長春里,2022,市長,王文娟,無黨籍及未經政黨推薦,2,2368,0.0845
7,信義區,長春里,2022,市長,鄭匡宇,無黨籍及未經政黨推薦,0,2368,0.0
7,信義區,長春里,2022,市長,黃聖峰,台澎黨,0,2368,0.0
7,信義區,長春里,2022,市長,童文薰,無黨籍及未經政黨推薦,6,2368,0.2534
7,信義區,長春里,2022,市長,蔣萬安,中國國民黨,959,2368,40.4983
7,信義區,長春里,2022,市長,蘇煥智,台灣維新,1,2368,0.0422
7,信義區,長春里,2022,市長,黃珊珊,無黨籍及未經政黨推薦,584,2368,24.6622
7,信義區,長春里,2022,市長,施奉先,無黨籍及未經政黨推薦,0,2368,0.0
7,信義區,長春里,2022,市長,唐新民,共和黨,0,2368,0.0
7,信義區,長春里,2022,市長,謝立康,無黨籍及未經政黨推薦,0,2368,0.0
7,信義區,長春里,2022,市長,陳時中,民主進步黨,811,2368,34.2483
7,信義區,長春里,2024,立委,李承龍,中華愛國同心黨,4,2528,0.1582
7,信義區,長春里,2024,立委,徐巧芯,中國國民黨,1160,2528,45.8861
7,信義區,長春里,2024,立委,羅丹,台灣維新,16,2528,0.6329
7,信義區,長春里,2024,立委,陳韋安,無黨籍及未經政黨推薦,53,2528,2.0965
7,信義區,長春里,2024,立委,許淑華,民主進步黨,1295,2528,51.2263
7,信義區,長春里,2024,總統,柯文哲,台灣民眾黨,628,2574,24.3978
7,信義區,長春里,2024,總統,賴清德,民主進步黨,1013,2574,39.3551
7,信義區,長春里,2024,總統,侯友宜,中國國民黨,933,2574,36.2471
7,信義區,雅祥里,2014,市長,陳汝斌,三等國民公義人權自救黨,5,3061,0.1633
7,信義區,雅祥里,2014,市長,趙衍慶,無黨籍及未經政黨推薦,39,3061,1.2741
7,信義區,雅祥里,2014,市長,李宏信,無黨籍及未經政黨推薦,8,3061,0.2614
7,信義區,雅祥里,2014,市長,陳永昌,無黨籍及未經政黨推薦,2,3061,0.0653
7,信義區,雅祥里,2014,市長,馮光遠,無黨籍及未經政黨推薦,10,3061,0.3267
7,信義區,雅祥里,2014,市長,連勝文,中國國民黨,1146,3061,37.4387
7,信義區,雅祥里,2014,市長,柯文哲,無黨籍及未經政黨推薦,1851,3061,60.4704
7,信義區,雅祥里,2016,立委,林文傑,無黨籍及未經政黨推薦,20,2824,0.7082
7,信義區,雅祥里,2016,立委,呂欣潔,綠黨社會民主黨聯盟,355,2824,12.5708
7,信義區,雅祥里,2016,立委,詹益正,無黨籍及未經政黨推薦,14,2824,0.4958
7,信義區,雅祥里,2016,立委,蘇承英,和平鴿聯盟黨,33,2824,1.1686
7,信義區,雅祥里,2016,立委,范揚律,大愛憲改聯盟,1,2824,0.0354
7,信義區,雅祥里,2016,立委,林芷芬,台灣獨立黨,9,2824,0.3187
7,信義區,雅祥里,2016,立委,費鴻泰,中國國民黨,1097,2824,38.8456
7,信義區,雅祥里,2016,立委,楊實秋,無黨籍及未經政黨推薦,1295,2824,45.8569
7,信義區,雅祥里,2016,總統,朱立倫,中國國民黨,999,2866,34.8569
7,信義區,雅祥里,2016,總統,蔡英文,民主進步黨,1579,2866,55.0942
7,信義區,雅祥里,2016,總統,宋楚瑜,親民黨,288,2866,10.0488
7,信義區,雅祥里,2018,市長,吳蕚洋,無黨籍及未經政黨推薦,18,2844,0.6329
7,信義區,雅祥里,2018,市長,丁守中,中國國民黨,1137,2844,39.9789
7,信義區,雅祥里,2018,市長,姚文智,民主進步黨,529,2844,18.6006
7,信義區,雅祥里,2018,市長,柯文哲,無黨籍及未經政黨推薦,1139,2844,40.0492
7,信義區,雅祥里,2018,市長,李錫錕,無黨籍及未經政黨推薦,21,2844,0.7384
7,信義區,雅祥里,2020,立委,王映心,台灣基進,35,3256,1.0749
7,信義區,雅祥里,2020,立委,蔡宜芳,台灣民眾黨,313,3256,9.613
7,信義區,雅祥里,2020,立委,費鴻泰,中國國民黨,1339,3256,41.1241
7,信義區,雅祥里,2020,立委,許淑華,民主進步黨,1566,3256,48.0958
7,信義區,雅祥里,2020,立委,蘇伊文,言論自由聯盟,3,3256,0.0921
7,信義區,雅祥里,2020,總統,宋楚瑜,親民黨,136,3280,4.1463
7,信義區,雅祥里,2020,總統,韓國瑜,中國國民黨,1335,3280,40.7012
7,信義區,雅祥里,2020,總統,蔡英文,民主進步黨,1809,3280,55.1524
7,信義區,雅祥里,2022,市長,張家豪,台灣動物保護黨,5,2914,0.1716
7,信義區,雅祥里,2022,市長,王文娟,無黨籍及未經政黨推薦,4,2914,0.1373
7,信義區,雅祥里,2022,市長,鄭匡宇,無黨籍及未經政黨推薦,1,2914,0.0343
7,信義區,雅祥里,2022,市長,黃聖峰,台澎黨,0,2914,0.0
7,信義區,雅祥里,2022,市長,童文薰,無黨籍及未經政黨推薦,3,2914,0.103
7,信義區,雅祥里,2022,市長,蔣萬安,中國國民黨,1144,2914,39.2588
7,信義區,雅祥里,2022,市長,蘇煥智,台灣維新,5,2914,0.1716
7,信義區,雅祥里,2022,市長,黃珊珊,無黨籍及未經政黨推薦,712,2914,24.4338
7,信義區,雅祥里,2022,市長,施奉先,無黨籍及未經政黨推薦,1,2914,0.0343
7,信義區,雅祥里,2022,市長,唐新民,共和黨,0,2914,0.0
7,信義區,雅祥里,2022,市長,謝立康,無黨籍及未經政黨推薦,1,2914,0.0343
7,信義區,雅祥里,2022,市長,陳時中,民主進步黨,1038,2914,35.6211
7,信義區,雅祥里,2024,立委,李承龍,中華愛國同心黨,5,3032,0.1649
7,信義區,雅祥里,2024,立委,徐巧芯,中國國民黨,1481,3032,48.8456
7,信義區,雅祥里,2024,立委,羅丹,台灣維新,23,3032,0.7586
7,信義區,雅祥里,2024,立委,陳韋安,無黨籍及未經政黨推薦,49,3032,1.6161
7,信義區,雅祥里,2024,立委,許淑華,民主進步黨,1474,3032,48.6148
7,信義區,雅祥里,2024,總統,柯文哲,台灣民眾黨,761,3104,24.5168
7,信義區,雅祥里,2024,總統,賴清德,民主進步黨,1207,3104,38.8853
7,信義區,雅祥里,2024,總統,侯友宜,中國國民黨,1136,3104,36.5979
7,信義區,雙和里,2014,市長,陳汝斌,三等國民公義人權自救黨,1,4359,0.0229
7,信義區,雙和里,2014,市長,趙衍慶,無黨籍及未經政黨推薦,59,4359,1.3535
7,信義區,雙和里,2014,市長,李宏信,無黨籍及未經政黨推薦,5,4359,0.1147
7,信義區,雙和里,2014,市長,陳永昌,無黨籍及未經政黨推薦,6,4359,0.1376
7,信義區,雙和里,2014,市長,馮光遠,無黨籍及未經政黨推薦,22,4359,0.5047
7,信義區,雙和里,2014,市長,連勝文,中國國民黨,2007,4359,46.0427
7,信義區,雙和里,2014,市長,柯文哲,無黨籍及未經政黨推薦,2259,4359,51.8238
7,信義區,雙和里,2016,立委,林文傑,無黨籍及未經政黨推薦,20,4233,0.4725
7,信義區,雙和里,2016,立委,呂欣潔,綠黨社會民主黨聯盟,378,4233,8.9298
7,信義區,雙和里,2016,立委,詹益正,無黨籍及未經政黨推薦,9,4233,0.2126
7,信義區,雙和里,2016,立委,蘇承英,和平鴿聯盟黨,13,4233,0.3071
7,信義區,雙和里,2016,立委,范揚律,大愛憲改聯盟,2,4233,0.0472
7,信義區,雙和里,2016,立委,林芷芬,台灣獨立黨,15,4233,0.3544
7,信義區,雙和里,2016,立委,費鴻泰,中國國民黨,2106,4233,49.7519
7,信義區,雙和里,2016,立委,楊實秋,無黨籍及未經政黨推薦,1690,4233,39.9244
7,信義區,雙和里,2016,總統,朱立倫,中國國民黨,1822,4230,43.0733
7,信義區,雙和里,2016,總統,蔡英文,民主進步黨,1916,4230,45.2955
7,信義區,雙和里,2016,總統,宋楚瑜,親民黨,492,4230,11.6312
7,信義區,雙和里,2018,市長,吳蕚洋,無黨籍及未經政黨推薦,19,3986,0.4767
7,信義區,雙和里,2018,市長,丁守中,中國國民黨,1905,3986,47.7923
7,信義區,雙和里,2018,市長,姚文智,民主進步黨,541,3986,13.5725
7,信義區,雙和里,2018,市長,柯文哲,無黨籍及未經政黨推薦,1507,3986,37.8073
7,信義區,雙和里,2018,市長,李錫錕,無黨籍及未經政黨推薦,14,3986,0.3512
7,信義區,雙和里,2020,立委,王映心,台灣基進,50,4642,1.0771
7,信義區,雙和里,2020,立委,蔡宜芳,台灣民眾黨,395,4642,8.5093
7,信義區,雙和里,2020,立委,費鴻泰,中國國民黨,2305,4642,49.6553
7,信義區,雙和里,2020,立委,許淑華,民主進步黨,1886,4642,40.629
7,信義區,雙和里,2020,立委,蘇伊文,言論自由聯盟,6,4642,0.1293
7,信義區,雙和里,2020,總統,宋楚瑜,親民黨,217,4679,4.6377
7,信義區,雙和里,2020,總統,韓國瑜,中國國民黨,2217,4679,47.3819
7,信義區,雙和里,2020,總統,蔡英文,民主進步黨,2245,4679,47.9803
7,信義區,雙和里,2022,市長,張家豪,台灣動物保護黨,6,3939,0.1523
7,信義區,雙和里,2022,市長,王文娟,無黨籍及未經政黨推薦,2,3939,0.0508
7,信義區,雙和里,2022,市長,鄭匡宇,無黨籍及未經政黨推薦,0,3939,0.0
7,信義區,雙和里,2022,市長,黃聖峰,台澎黨,1,3939,0.0254
7,信義區,雙和里,2022,市長,童文薰,無黨籍及未經政黨推薦,9,3939,0.2285
7,信義區,雙和里,2022,市長,蔣萬安,中國國民黨,1897,3939,48.1594
7,信義區,雙和里,2022,市長,蘇煥智,台灣維新,4,3939,0.1015
7,信義區,雙和里,2022,市長,黃珊珊,無黨籍及未經政黨推薦,943,3939,23.9401
7,信義區,雙和里,2022,市長,施奉先,無黨籍及未經政黨推薦,2,3939,0.0508
7,信義區,雙和里,2022,市長,唐新民,共和黨,1,3939,0.0254
7,信義區,雙和里,2022,市長,謝立康,無黨籍及未經政黨推薦,1,3939,0.0254
7,信義區,雙和里,2022,市長,陳時中,民主進步黨,1073,3939,27.2404
7,信義區,雙和里,2024,立委,李承龍,中華愛國同心黨,7,4385,0.1596
7,信義區,雙和里,2024,立委,徐巧芯,中國國民黨,2416,4385,55.0969
7,信義區,雙和里,2024,立委,羅丹,台灣維新,28,4385,0.6385
7,信義區,雙和里,2024,立委,陳韋安,無黨籍及未經政黨推薦,66,4385,1.5051
7,信義區,雙和里,2024,立委,許淑華,民主進步黨,1868,4385,42.5998
7,信義區,雙和里,2024,總統,柯文哲,台灣民眾黨,1079,4471,24.1333
7,信義區,雙和里,2024,總統,賴清德,民主進步黨,1503,4471,33.6166
7,信義區,雙和里,2024,總統,侯友宜,中國國民黨,1889,4471,42.2501
7,信義區,黎安里,2014,市長,陳汝斌,三等國民公義人權自救黨,0,1398,0.0
7,信義區,黎安里,2014,市長,趙衍慶,無黨籍及未經政黨推薦,19,1398,1.3591
7,信義區,黎安里,2014,市長,李宏信,無黨籍及未經政黨推薦,0,1398,0.0
7,信義區,黎安里,2014,市長,陳永昌,無黨籍及未經政黨推薦,1,1398,0.0715
7,信義區,黎安里,2014,市長,馮光遠,無黨籍及未經政黨推薦,4,1398,0.2861
7,信義區,黎安里,2014,市長,連勝文,中國國民黨,868,1398,62.0887
7,信義區,黎安里,2014,市長,柯文哲,無黨籍及未經政黨推薦,506,1398,36.1946
7,信義區,黎安里,2016,立委,林文傑,無黨籍及未經政黨推薦,16,1264,1.2658
7,信義區,黎安里,2016,立委,呂欣潔,綠黨社會民主黨聯盟,89,1264,7.0411
7,信義區,黎安里,2016,立委,詹益正,無黨籍及未經政黨推薦,4,1264,0.3165
7,信義區,黎安里,2016,立委,蘇承英,和平鴿聯盟黨,6,1264,0.4747
7,信義區,黎安里,2016,立委,范揚律,大愛憲改聯盟,3,1264,0.2373
7,信義區,黎安里,2016,立委,林芷芬,台灣獨立黨,6,1264,0.4747
7,信義區,黎安里,2016,立委,費鴻泰,中國國民黨,814,1264,64.3987
7,信義區,黎安里,2016,立委,楊實秋,無黨籍及未經政黨推薦,326,1264,25.7911
7,信義區,黎安里,2016,總統,朱立倫,中國國民黨,734,1297,56.5921
7,信義區,黎安里,2016,總統,蔡英文,民主進步黨,446,1297,34.387
7,信義區,黎安里,2016,總統,宋楚瑜,親民黨,117,1297,9.0208
7,信義區,黎安里,2018,市長,吳蕚洋,無黨籍及未經政黨推薦,14,1199,1.1676
7,信義區,黎安里,2018,市長,丁守中,中國國民黨,695,1199,57.965
7,信義區,黎安里,2018,市長,姚文智,民主進步黨,155,1199,12.9274
7,信義區,黎安里,2018,市長,柯文哲,無黨籍及未經政黨推薦,331,1199,27.6063
7,信義區,黎安里,2018,市長,李錫錕,無黨籍及未經政黨推薦,4,1199,0.3336
7,信義區,黎安里,2020,立委,王映心,台灣基進,8,1288,0.6211
7,信義區,黎安里,2020,立委,蔡宜芳,台灣民眾黨,101,1288,7.8416
7,信義區,黎安里,2020,立委,費鴻泰,中國國民黨,795,1288,61.7236
7,信義區,黎安里,2020,立委,許淑華,民主進步黨,383,1288,29.736
7,信義區,黎安里,2020,立委,蘇伊文,言論自由聯盟,1,1288,0.0776
7,信義區,黎安里,2020,總統,宋楚瑜,親民黨,57,1305,4.3678
7,信義區,黎安里,2020,總統,韓國瑜,中國國民黨,732,1305,56.092
7,信義區,黎安里,2020,總統,蔡英文,民主進步黨,516,1305,39.5402
7,信義區,黎安里,2022,市長,張家豪,台灣動物保護黨,3,1024,0.293
7,信義區,黎安里,2022,市長,王文娟,無黨籍及未經政黨推薦,3,1024,0.293
7,信義區,黎安里,2022,市長,鄭匡宇,無黨籍及未經政黨推薦,0,1024,0.0
7,信義區,黎安里,2022,市長,黃聖峰,台澎黨,0,1024,0.0
7,信義區,黎安里,2022,市長,童文薰,無黨籍及未經政黨推薦,3,1024,0.293
7,信義區,黎安里,2022,市長,蔣萬安,中國國民黨,571,1024,55.7617
7,信義區,黎安里,2022,市長,蘇煥智,台灣維新,3,1024,0.293
7,信義區,黎安里,2022,市長,黃珊珊,無黨籍及未經政黨推薦,189,1024,18.457
7,信義區,黎安里,2022,市長,施奉先,無黨籍及未經政黨推薦,1,1024,0.0977
7,信義區,黎安里,2022,市長,唐新民,共和黨,0,1024,0.0
7,信義區,黎安里,2022,市長,謝立康,無黨籍及未經政黨推薦,0,1024,0.0
7,信義區,黎安里,2022,市長,陳時中,民主進步黨,251,1024,24.5117
7,信義區,黎安里,2024,立委,李承龍,中華愛國同心黨,8,1079,0.7414
7,信義區,黎安里,2024,立委,徐巧芯,中國國民黨,667,1079,61.8165
7,信義區,黎安里,2024,立委,羅丹,台灣維新,3,1079,0.278
7,信義區,黎安里,2024,立委,陳韋安,無黨籍及未經政黨推薦,24,1079,2.2243
7,信義區,黎安里,2024,立委,許淑華,民主進步黨,377,1079,34.9398
7,信義區,黎安里,2024,總統,柯文哲,台灣民眾黨,212,1104,19.2029
7,信義區,黎安里,2024,總統,賴清德,民主進步黨,323,1104,29.2572
7,信義區,黎安里,2024,總統,侯友宜,中國國民黨,569,1104,51.5399
7,信義區,黎平里,2014,市長,陳汝斌,三等國民公義人權自救黨,7,4265,0.1641
7,信義區,黎平里,2014,市長,趙衍慶,無黨籍及未經政黨推薦,52,4265,1.2192
7,信義區,黎平里,2014,市長,李宏信,無黨籍及未經政黨推薦,8,4265,0.1876
7,信義區,黎平里,2014,市長,陳永昌,無黨籍及未經政黨推薦,6,4265,0.1407
7,信義區,黎平里,2014,市長,馮光遠,無黨籍及未經政黨推薦,22,4265,0.5158
7,信義區,黎平里,2014,市長,連勝文,中國國民黨,1880,4265,44.0797
7,信義區,黎平里,2014,市長,柯文哲,無黨籍及未經政黨推薦,2290,4265,53.6928
7,信義區,黎平里,2016,立委,林文傑,無黨籍及未經政黨推薦,35,4085,0.8568
7,信義區,黎平里,2016,立委,呂欣潔,綠黨社會民主黨聯盟,408,4085,9.9878
7,信義區,黎平里,2016,立委,詹益正,無黨籍及未經政黨推薦,19,4085,0.4651
7,信義區,黎平里,2016,立委,蘇承英,和平鴿聯盟黨,16,4085,0.3917
7,信義區,黎平里,2016,立委,范揚律,大愛憲改聯盟,5,4085,0.1224
7,信義區,黎平里,2016,立委,林芷芬,台灣獨立黨,20,4085,0.4896
7,信義區,黎平里,2016,立委,費鴻泰,中國國民黨,1904,4085,46.6095
7,信義區,黎平里,2016,立委,楊實秋,無黨籍及未經政黨推薦,1678,4085,41.0771
7,信義區,黎平里,2016,總統,朱立倫,中國國民黨,1704,4143,41.1296
7,信義區,黎平里,2016,總統,蔡英文,民主進步黨,1934,4143,46.6811
7,信義區,黎平里,2016,總統,宋楚瑜,親民黨,505,4143,12.1892
7,信義區,黎平里,2018,市長,吳蕚洋,無黨籍及未經政黨推薦,15,3931,0.3816
7,信義區,黎平里,2018,市長,丁守中,中國國民黨,1792,3931,45.5864
7,信義區,黎平里,2018,市長,姚文智,民主進步黨,576,3931,14.6528
7,信義區,黎平里,2018,市長,柯文哲,無黨籍及未經政黨推薦,1529,3931,38.896
7,信義區,黎平里,2018,市長,李錫錕,無黨籍及未經政黨推薦,19,3931,0.4833
7,信義區,黎平里,2020,立委,王映心,台灣基進,51,4588,1.1116
7,信義區,黎平里,2020,立委,蔡宜芳,台灣民眾黨,479,4588,10.4403
7,信義區,黎平里,2020,立委,費鴻泰,中國國民黨,2222,4588,48.4307
7,信義區,黎平里,2020,立委,許淑華,民主進步黨,1830,4588,39.8867
7,信義區,黎平里,2020,立委,蘇伊文,言論自由聯盟,6,4588,0.1308
7,信義區,黎平里,2020,總統,宋楚瑜,親民黨,210,4638,4.5278
7,信義區,黎平里,2020,總統,韓國瑜,中國國民黨,2121,4638,45.7309
7,信義區,黎平里,2020,總統,蔡英文,民主進步黨,2307,4638,49.7413
7,信義區,黎平里,2022,市長,張家豪,台灣動物保護黨,5,3758,0.133
7,信義區,黎平里,2022,市長,王文娟,無黨籍及未經政黨推薦,0,3758,0.0
7,信義區,黎平里,2022,市長,鄭匡宇,無黨籍及未經政黨推薦,0,3758,0.0
7,信義區,黎平里,2022,市長,黃聖峰,台澎黨,0,3758,0.0
7,信義區,黎平里,2022,市長,童文薰,無黨籍及未經政黨推薦,4,3758,0.1064
7,信義區,黎平里,2022,市長,蔣萬安,中國國民黨,1826,3758,48.5897
7,信義區,黎平里,2022,市長,蘇煥智,台灣維新,4,3758,0.1064
7,信義區,黎平里,2022,市長,黃珊珊,無黨籍及未經政黨推薦,872,3758,23.2038
7,信義區,黎平里,2022,市長,施奉先,無黨籍及未經政黨推薦,1,3758,0.0266
7,信義區,黎平里,2022,市長,唐新民,共和黨,1,3758,0.0266
7,信義區,黎平里,2022,市長,謝立康,無黨籍及未經政黨推薦,3,3758,0.0798
7,信義區,黎平里,2022,市長,陳時中,民主進步黨,1042,3758,27.7275
7,信義區,黎平里,2024,立委,李承龍,中華愛國同心黨,10,4242,0.2357
7,信義區,黎平里,2024,立委,徐巧芯,中國國民黨,2360,4242,55.6341
7,信義區,黎平里,2024,立委,羅丹,台灣維新,28,4242,0.6601
7,信義區,黎平里,2024,立委,陳韋安,無黨籍及未經政黨推薦,94,4242,2.2159
7,信義區,黎平里,2024,立委,許淑華,民主進步黨,1750,4242,41.2541
7,信義區,黎平里,2024,總統,柯文哲,台灣民眾黨,967,4332,22.3223
7,信義區,黎平里,2024,總統,賴清德,民主進步黨,1482,4332,34.2105
7,信義區,黎平里,2024,總統,侯友宜,中國國民黨,1883,4332,43.4672
7,信義區,黎忠里,2014,市長,陳汝斌,三等國民公義人權自救黨,4,2922,0.1369
7,信義區,黎忠里,2014,市長,趙衍慶,無黨籍及未經政黨推薦,33,2922,1.1294
7,信義區,黎忠里,2014,市長,李宏信,無黨籍及未經政黨推薦,5,2922,0.1711
7,信義區,黎忠里,2014,市長,陳永昌,無黨籍及未經政黨推薦,3,2922,0.1027
7,信義區,黎忠里,2014,市長,馮光遠,無黨籍及未經政黨推薦,19,2922,0.6502
7,信義區,黎忠里,2014,市長,連勝文,中國國民黨,1274,2922,43.6003
7,信義區,黎忠里,2014,市長,柯文哲,無黨籍及未經政黨推薦,1584,2922,54.2094
7,信義區,黎忠里,2016,立委,林文傑,無黨籍及未經政黨推薦,21,2845,0.7381
7,信義區,黎忠里,2016,立委,呂欣潔,綠黨社會民主黨聯盟,295,2845,10.3691
7,信義區,黎忠里,2016,立委,詹益正,無黨籍及未經政黨推薦,6,2845,0.2109
7,信義區,黎忠里,2016,立委,蘇承英,和平鴿聯盟黨,12,2845,0.4218
7,信義區,黎忠里,2016,立委,范揚律,大愛憲改聯盟,3,2845,0.1054
7,信義區,黎忠里,2016,立委,林芷芬,台灣獨立黨,16,2845,0.5624
7,信義區,黎忠里,2016,立委,費鴻泰,中國國民黨,1365,2845,47.9789
7,信義區,黎忠里,2016,立委,楊實秋,無黨籍及未經政黨推薦,1127,2845,39.6134
7,信義區,黎忠里,2016,總統,朱立倫,中國國民黨,1154,2874,40.1531
7,信義區,黎忠里,2016,總統,蔡英文,民主進步黨,1402,2874,48.7822
7,信義區,黎忠里,2016,總統,宋楚瑜,親民黨,318,2874,11.0647
7,信義區,黎忠里,2018,市長,吳蕚洋,無黨籍及未經政黨推薦,8,2828,0.2829
7,信義區,黎忠里,2018,市長,丁守中,中國國民黨,1257,2828,44.4484
7,信義區,黎忠里,2018,市長,姚文智,民主進步黨,446,2828,15.7709
7,信義區,黎忠里,2018,市長,柯文哲,無黨籍及未經政黨推薦,1103,2828,39.0028
7,信義區,黎忠里,2018,市長,李錫錕,無黨籍及未經政黨推薦,14,2828,0.495
7,信義區,黎忠里,2020,立委,王映心,台灣基進,32,3106,1.0303
7,信義區,黎忠里,2020,立委,蔡宜芳,台灣民眾黨,327,3106,10.528
7,信義區,黎忠里,2020,立委,費鴻泰,中國國民黨,1547,3106,49.8068
7,信義區,黎忠里,2020,立委,許淑華,民主進步黨,1194,3106,38.4417
7,信義區,黎忠里,2020,立委,蘇伊文,言論自由聯盟,6,3106,0.1932
7,信義區,黎忠里,2020,總統,宋楚瑜,親民黨,145,3124,4.6415
7,信義區,黎忠里,2020,總統,韓國瑜,中國國民黨,1431,3124,45.8067
7,信義區,黎忠里,2020,總統,蔡英文,民主進步黨,1548,3124,49.5519
7,信義區,黎忠里,2022,市長,張家豪,台灣動物保護黨,4,2712,0.1475
7,信義區,黎忠里,2022,市長,王文娟,無黨籍及未經政黨推薦,1,2712,0.0369
7,信義區,黎忠里,2022,市長,鄭匡宇,無黨籍及未經政黨推薦,0,2712,0.0
7,信義區,黎忠里,2022,市長,黃聖峰,台澎黨,0,2712,0.0
7,信義區,黎忠里,2022,市長,童文薰,無黨籍及未經政黨推薦,4,2712,0.1475
7,信義區,黎忠里,2022,市長,蔣萬安,中國國民黨,1260,2712,46.4602
7,信義區,黎忠里,2022,市長,蘇煥智,台灣維新,5,2712,0.1844
7,信義區,黎忠里,2022,市長,黃珊珊,無黨籍及未經政黨推薦,655,2712,24.1519
7,信義區,黎忠里,2022,市長,施奉先,無黨籍及未經政黨推薦,0,2712,0.0
7,信義區,黎忠里,2022,市長,唐新民,共和黨,0,2712,0.0
7,信義區,黎忠里,2022,市長,謝立康,無黨籍及未經政黨推薦,0,2712,0.0
7,信義區,黎忠里,2022,市長,陳時中,民主進步黨,783,2712,28.8717
7,信義區,黎忠里,2024,立委,李承龍,中華愛國同心黨,12,2905,0.4131
7,信義區,黎忠里,2024,立委,徐巧芯,中國國民黨,1615,2905,55.5938
7,信義區,黎忠里,2024,立委,羅丹,台灣維新,22,2905,0.7573
7,信義區,黎忠里,2024,立委,陳韋安,無黨籍及未經政黨推薦,84,2905,2.8916
7,信義區,黎忠里,2024,立委,許淑華,民主進步黨,1172,2905,40.3442
7,信義區,黎忠里,2024,總統,柯文哲,台灣民眾黨,699,2970,23.5354
7,信義區,黎忠里,2024,總統,賴清德,民主進步黨,1021,2970,34.3771
7,信義區,黎忠里,2024,總統,侯友宜,中國國民黨,1250,2970,42.0875
7,信義區,黎順里,2014,市長,陳汝斌,三等國民公義人權自救黨,4,2399,0.1667
7,信義區,黎順里,2014,市長,趙衍慶,無黨籍及未經政黨推薦,32,2399,1.3339
7,信義區,黎順里,2014,市長,李宏信,無黨籍及未經政黨推薦,3,2399,0.1251
7,信義區,黎順里,2014,市長,陳永昌,無黨籍及未經政黨推薦,2,2399,0.0834
7,信義區,黎順里,2014,市長,馮光遠,無黨籍及未經政黨推薦,12,2399,0.5002
7,信義區,黎順里,2014,市長,連勝文,中國國民黨,1088,2399,45.3522
7,信義區,黎順里,2014,市長,柯文哲,無黨籍及未經政黨推薦,1258,2399,52.4385
7,信義區,黎順里,2016,立委,林文傑,無黨籍及未經政黨推薦,18,2343,0.7682
7,信義區,黎順里,2016,立委,呂欣潔,綠黨社會民主黨聯盟,249,2343,10.6274
7,信義區,黎順里,2016,立委,詹益正,無黨籍及未經政黨推薦,9,2343,0.3841
7,信義區,黎順里,2016,立委,蘇承英,和平鴿聯盟黨,5,2343,0.2134
7,信義區,黎順里,2016,立委,范揚律,大愛憲改聯盟,5,2343,0.2134
7,信義區,黎順里,2016,立委,林芷芬,台灣獨立黨,14,2343,0.5975
7,信義區,黎順里,2016,立委,費鴻泰,中國國民黨,1109,2343,47.3325
7,信義區,黎順里,2016,立委,楊實秋,無黨籍及未經政黨推薦,934,2343,39.8634
7,信義區,黎順里,2016,總統,朱立倫,中國國民黨,1025,2389,42.905
7,信義區,黎順里,2016,總統,蔡英文,民主進步黨,1136,2389,47.5513
7,信義區,黎順里,2016,總統,宋楚瑜,親民黨,228,2389,9.5437
7,信義區,黎順里,2018,市長,吳蕚洋,無黨籍及未經政黨推薦,11,2329,0.4723
7,信義區,黎順里,2018,市長,丁守中,中國國民黨,1073,2329,46.0713
7,信義區,黎順里,2018,市長,姚文智,民主進步黨,355,2329,15.2426
7,信義區,黎順里,2018,市長,柯文哲,無黨籍及未經政黨推薦,882,2329,37.8703
7,信義區,黎順里,2018,市長,李錫錕,無黨籍及未經政黨推薦,8,2329,0.3435
7,信義區,黎順里,2020,立委,王映心,台灣基進,29,2578,1.1249
7,信義區,黎順里,2020,立委,蔡宜芳,台灣民眾黨,253,2578,9.8138
7,信義區,黎順里,2020,立委,費鴻泰,中國國民黨,1227,2578,47.595
7,信義區,黎順里,2020,立委,許淑華,民主進步黨,1065,2578,41.3111
7,信義區,黎順里,2020,立委,蘇伊文,言論自由聯盟,4,2578,0.1552
7,信義區,黎順里,2020,總統,宋楚瑜,親民黨,99,2599,3.8092
7,信義區,黎順里,2020,總統,韓國瑜,中國國民黨,1209,2599,46.5179
7,信義區,黎順里,2020,總統,蔡英文,民主進步黨,1291,2599,49.673
7,信義區,黎順里,2022,市長,張家豪,台灣動物保護黨,2,2162,0.0925
7,信義區,黎順里,2022,市長,王文娟,無黨籍及未經政黨推薦,1,2162,0.0463
7,信義區,黎順里,2022,市長,鄭匡宇,無黨籍及未經政黨推薦,1,2162,0.0463
7,信義區,黎順里,2022,市長,黃聖峰,台澎黨,0,2162,0.0
7,信義區,黎順里,2022,市長,童文薰,無黨籍及未經政黨推薦,9,2162,0.4163
7,信義區,黎順里,2022,市長,蔣萬安,中國國民黨,1032,2162,47.7336
7,信義區,黎順里,2022,市長,蘇煥智,台灣維新,3,2162,0.1388
7,信義區,黎順里,2022,市長,黃珊珊,無黨籍及未經政黨推薦,498,2162,23.0342
7,信義區,黎順里,2022,市長,施奉先,無黨籍及未經政黨推薦,1,2162,0.0463
7,信義區,黎順里,2022,市長,唐新民,共和黨,1,2162,0.0463
7,信義區,黎順里,2022,市長,謝立康,無黨籍及未經政黨推薦,0,2162,0.0
7,信義區,黎順里,2022,市長,陳時中,民主進步黨,614,2162,28.3996
7,信義區,黎順里,2024,立委,李承龍,中華愛國同心黨,5,2366,0.2113
7,信義區,黎順里,2024,立委,徐巧芯,中國國民黨,1301,2366,54.9873
7,信義區,黎順里,2024,立委,羅丹,台灣維新,9,2366,0.3804
7,信義區,黎順里,2024,立委,陳韋安,無黨籍及未經政黨推薦,50,2366,2.1133
7,信義區,黎順里,2024,立委,許淑華,民主進步黨,1001,2366,42.3077
7,信義區,黎順里,2024,總統,柯文哲,台灣民眾黨,523,2420,21.6116
7,信義區,黎順里,2024,總統,賴清德,民主進步黨,845,2420,34.9174
7,信義區,黎順里,2024,總統,侯友宜,中國國民黨,1052,2420,43.4711
7,松山區,中崙里,2014,市長,陳汝斌,三等國民公義人權自救黨,7,2356,0.2971
7,松山區,中崙里,2014,市長,趙衍慶,無黨籍及未經政黨推薦,20,2356,0.8489
7,松山區,中崙里,2014,市長,李宏信,無黨籍及未經政黨推薦,3,2356,0.1273
7,松山區,中崙里,2014,市長,陳永昌,無黨籍及未經政黨推薦,4,2356,0.1698
7,松山區,中崙里,2014,市長,馮光遠,無黨籍及未經政黨推薦,13,2356,0.5518
7,松山區,中崙里,2014,市長,連勝文,中國國民黨,1010,2356,42.8693
7,松山區,中崙里,2014,市長,柯文哲,無黨籍及未經政黨推薦,1299,2356,55.1358
7,松山區,中崙里,2016,立委,林文傑,無黨籍及未經政黨推薦,9,2272,0.3961
7,松山區,中崙里,2016,立委,呂欣潔,綠黨社會民主黨聯盟,239,2272,10.5194
7,松山區,中崙里,2016,立委,詹益正,無黨籍及未經政黨推薦,14,2272,0.6162
7,松山區,中崙里,2016,立委,蘇承英,和平鴿聯盟黨,15,2272,0.6602
7,松山區,中崙里,2016,立委,范揚律,大愛憲改聯盟,1,2272,0.044
7,松山區,中崙里,2016,立委,林芷芬,台灣獨立黨,12,2272,0.5282
7,松山區,中崙里,2016,立委,費鴻泰,中國國民黨,1010,2272,44.4542
7,松山區,中崙里,2016,立委,楊實秋,無黨籍及未經政黨推薦,972,2272,42.7817
7,松山區,中崙里,2016,總統,朱立倫,中國國民黨,879,2308,38.0849
7,松山區,中崙里,2016,總統,蔡英文,民主進步黨,1190,2308,51.5598
7,松山區,中崙里,2016,總統,宋楚瑜,親民黨,239,2308,10.3553
7,松山區,中崙里,2018,市長,吳蕚洋,無黨籍及未經政黨推薦,16,2003,0.7988
7,松山區,中崙里,2018,市長,丁守中,中國國民黨,843,2003,42.0869
7,松山區,中崙里,2018,市長,姚文智,民主進步黨,316,2003,15.7763
7,松山區,中崙里,2018,市長,柯文哲,無黨籍及未經政黨推薦,828,2003,41.338
7,松山區,中崙里,2018,市長,李錫錕,無黨籍及未經政黨推薦,0,2003,0.0
7,松山區,中崙里,2020,立委,王映心,台灣基進,31,2470,1.2551
7,松山區,中崙里,2020,立委,蔡宜芳,台灣民眾黨,236,2470,9.5547
7,松山區,中崙里,2020,立委,費鴻泰,中國國民黨,1106,2470,44.7773
7,松山區,中崙里,2020,立委,許淑華,民主進步黨,1091,2470,44.17
7,松山區,中崙里,2020,立委,蘇伊文,言論自由聯盟,6,2470,0.2429
7,松山區,中崙里,2020,總統,宋楚瑜,親民黨,105,2494,4.2101
7,松山區,中崙里,2020,總統,韓國瑜,中國國民黨,1037,2494,41.5798
7,松山區,中崙里,2020,總統,蔡英文,民主進步黨,1352,2494,54.2101
7,松山區,中崙里,2022,市長,張家豪,台灣動物保護黨,5,2130,0.2347
7,松山區,中崙里,2022,市長,王文娟,無黨籍及未經政黨推薦,2,2130,0.0939
7,松山區,中崙里,2022,市長,鄭匡宇,無黨籍及未經政黨推薦,0,2130,0.0
7,松山區,中崙里,2022,市長,黃聖峰,台澎黨,0,2130,0.0
7,松山區,中崙里,2022,市長,童文薰,無黨籍及未經政黨推薦,1,2130,0.0469
7,松山區,中崙里,2022,市長,蔣萬安,中國國民黨,880,2130,41.3146
7,松山區,中崙里,2022,市長,蘇煥智,台灣維新,2,2130,0.0939
7,松山區,中崙里,2022,市長,黃珊珊,無黨籍及未經政黨推薦,576,2130,27.0423
7,松山區,中崙里,2022,市長,施奉先,無黨籍及未經政黨推薦,3,2130,0.1408
7,松山區,中崙里,2022,市長,唐新民,共和黨,0,2130,0.0
7,松山區,中崙里,2022,市長,謝立康,無黨籍及未經政黨推薦,1,2130,0.0469
7,松山區,中崙里,2022,市長,陳時中,民主進步黨,660,2130,30.9859
7,松山區,中崙里,2024,立委,李承龍,中華愛國同心黨,3,2382,0.1259
7,松山區,中崙里,2024,立委,徐巧芯,中國國民黨,1266,2382,53.1486
7,松山區,中崙里,2024,立委,羅丹,台灣維新,6,2382,0.2519
7,松山區,中崙里,2024,立委,陳韋安,無黨籍及未經政黨推薦,45,2382,1.8892
7,松山區,中崙里,2024,立委,許淑華,民主進步黨,1062,2382,44.5844
7,松山區,中崙里,2024,總統,柯文哲,台灣民眾黨,593,2446,24.2437
7,松山區,中崙里,2024,總統,賴清德,民主進步黨,914,2446,37.3671
7,松山區,中崙里,2024,總統,侯友宜,中國國民黨,939,2446,38.3892
7,松山區,中正里,2014,市長,陳汝斌,三等國民公義人權自救黨,5,5269,0.0949
7,松山區,中正里,2014,市長,趙衍慶,無黨籍及未經政黨推薦,45,5269,0.8541
7,松山區,中正里,2014,市長,李宏信,無黨籍及未經政黨推薦,7,5269,0.1329
7,松山區,中正里,2014,市長,陳永昌,無黨籍及未經政黨推薦,7,5269,0.1329
7,松山區,中正里,2014,市長,馮光遠,無黨籍及未經政黨推薦,35,5269,0.6643
7,松山區,中正里,2014,市長,連勝文,中國國民黨,1994,5269,37.844
7,松山區,中正里,2014,市長,柯文哲,無黨籍及未經政黨推薦,3176,5269,60.2771
7,松山區,中正里,2016,立委,林文傑,無黨籍及未經政黨推薦,38,5034,0.7549
7,松山區,中正里,2016,立委,呂欣潔,綠黨社會民主黨聯盟,625,5034,12.4156
7,松山區,中正里,2016,立委,詹益正,無黨籍及未經政黨推薦,19,5034,0.3774
7,松山區,中正里,2016,立委,蘇承英,和平鴿聯盟黨,16,5034,0.3178
7,松山區,中正里,2016,立委,范揚律,大愛憲改聯盟,7,5034,0.1391
7,松山區,中正里,2016,立委,林芷芬,台灣獨立黨,19,5034,0.3774
7,松山區,中正里,2016,立委,費鴻泰,中國國民黨,1954,5034,38.8161
7,松山區,中正里,2016,立委,楊實秋,無黨籍及未經政黨推薦,2356,5034,46.8017
7,松山區,中正里,2016,總統,朱立倫,中國國民黨,1719,5095,33.739
7,松山區,中正里,2016,總統,蔡英文,民主進步黨,2845,5095,55.8391
7,松山區,中正里,2016,總統,宋楚瑜,親民黨,531,5095,10.422
7,松山區,中正里,2018,市長,吳蕚洋,無黨籍及未經政黨推薦,23,4808,0.4784
7,松山區,中正里,2018,市長,丁守中,中國國民黨,1796,4808,37.3544
7,松山區,中正里,2018,市長,姚文智,民主進步黨,825,4808,17.1589
7,松山區,中正里,2018,市長,柯文哲,無黨籍及未經政黨推薦,2140,4808,44.5092
7,松山區,中正里,2018,市長,李錫錕,無黨籍及未經政黨推薦,24,4808,0.4992
7,松山區,中正里,2020,立委,王映心,台灣基進,77,5696,1.3518
7,松山區,中正里,2020,立委,蔡宜芳,台灣民眾黨,567,5696,9.9544
7,松山區,中正里,2020,立委,費鴻泰,中國國民黨,2357,5696,41.3799
7,松山區,中正里,2020,立委,許淑華,民主進步黨,2684,5696,47.1208
7,松山區,中正里,2020,立委,蘇伊文,言論自由聯盟,11,5696,0.1931
7,松山區,中正里,2020,總統,宋楚瑜,親民黨,258,5749,4.4877
7,松山區,中正里,2020,總統,韓國瑜,中國國民黨,2252,5749,39.172
7,松山區,中正里,2020,總統,蔡英文,民主進步黨,3239,5749,56.3402
7,松山區,中正里,2022,市長,張家豪,台灣動物保護黨,12,4676,0.2566
7,松山區,中正里,2022,市長,王文娟,無黨籍及未經政黨推薦,1,4676,0.0214
7,松山區,中正里,2022,市長,鄭匡宇,無黨籍及未經政黨推薦,1,4676,0.0214
7,松山區,中正里,2022,市長,黃聖峰,台澎黨,1,4676,0.0214
7,松山區,中正里,2022,市長,童文薰,無黨籍及未經政黨推薦,11,4676,0.2352
7,松山區,中正里,2022,市長,蔣萬安,中國國民黨,1832,4676,39.1788
7,松山區,中正里,2022,市長,蘇煥智,台灣維新,8,4676,0.1711
7,松山區,中正里,2022,市長,黃珊珊,無黨籍及未經政黨推薦,1171,4676,25.0428
7,松山區,中正里,2022,市長,施奉先,無黨籍及未經政黨推薦,0,4676,0.0
7,松山區,中正里,2022,市長,唐新民,共和黨,0,4676,0.0
7,松山區,中正里,2022,市長,謝立康,無黨籍及未經政黨推薦,0,4676,0.0
7,松山區,中正里,2022,市長,陳時中,民主進步黨,1639,4676,35.0513
7,松山區,中正里,2024,立委,李承龍,中華愛國同心黨,6,5284,0.1136
7,松山區,中正里,2024,立委,徐巧芯,中國國民黨,2582,5284,48.8645
7,松山區,中正里,2024,立委,羅丹,台灣維新,28,5284,0.5299
7,松山區,中正里,2024,立委,陳韋安,無黨籍及未經政黨推薦,94,5284,1.779
7,松山區,中正里,2024,立委,許淑華,民主進步黨,2574,5284,48.7131
7,松山區,中正里,2024,總統,柯文哲,台灣民眾黨,1225,5444,22.5018
7,松山區,中正里,2024,總統,賴清德,民主進步黨,2275,5444,41.7891
7,松山區,中正里,2024,總統,侯友宜,中國國民黨,1944,5444,35.709
7,松山區,吉仁里,2014,市長,陳汝斌,三等國民公義人權自救黨,0,2344,0.0
7,松山區,吉仁里,2014,市長,趙衍慶,無黨籍及未經政黨推薦,28,2344,1.1945
7,松山區,吉仁里,2014,市長,李宏信,無黨籍及未經政黨推薦,6,2344,0.256
7,松山區,吉仁里,2014,市長,陳永昌,無黨籍及未經政黨推薦,3,2344,0.128
7,松山區,吉仁里,2014,市長,馮光遠,無黨籍及未經政黨推薦,13,2344,0.5546
7,松山區,吉仁里,2014,市長,連勝文,中國國民黨,975,2344,41.5956
7,松山區,吉仁里,2014,市長,柯文哲,無黨籍及未經政黨推薦,1319,2344,56.2713
7,松山區,吉仁里,2016,立委,林文傑,無黨籍及未經政黨推薦,9,2197,0.4096
7,松山區,吉仁里,2016,立委,呂欣潔,綠黨社會民主黨聯盟,236,2197,10.7419
7,松山區,吉仁里,2016,立委,詹益正,無黨籍及未經政黨推薦,7,2197,0.3186
7,松山區,吉仁里,2016,立委,蘇承英,和平鴿聯盟黨,7,2197,0.3186
7,松山區,吉仁里,2016,立委,范揚律,大愛憲改聯盟,3,2197,0.1365
7,松山區,吉仁里,2016,立委,林芷芬,台灣獨立黨,13,2197,0.5917
7,松山區,吉仁里,2016,立委,費鴻泰,中國國民黨,965,2197,43.9235
7,松山區,吉仁里,2016,立委,楊實秋,無黨籍及未經政黨推薦,957,2197,43.5594
7,松山區,吉仁里,2016,總統,朱立倫,中國國民黨,854,2226,38.3648
7,松山區,吉仁里,2016,總統,蔡英文,民主進步黨,1121,2226,50.3594
7,松山區,吉仁里,2016,總統,宋楚瑜,親民黨,251,2226,11.2758
7,松山區,吉仁里,2018,市長,吳蕚洋,無黨籍及未經政黨推薦,8,2028,0.3945
7,松山區,吉仁里,2018,市長,丁守中,中國國民黨,830,2028,40.927
7,松山區,吉仁里,2018,市長,姚文智,民主進步黨,350,2028,17.2584
7,松山區,吉仁里,2018,市長,柯文哲,無黨籍及未經政黨推薦,830,2028,40.927
7,松山區,吉仁里,2018,市長,李錫錕,無黨籍及未經政黨推薦,10,2028,0.4931
7,松山區,吉仁里,2020,立委,王映心,台灣基進,18,2437,0.7386
7,松山區,吉仁里,2020,立委,蔡宜芳,台灣民眾黨,230,2437,9.4378
7,松山區,吉仁里,2020,立委,費鴻泰,中國國民黨,1094,2437,44.8913
7,松山區,吉仁里,2020,立委,許淑華,民主進步黨,1091,2437,44.7682
7,松山區,吉仁里,2020,立委,蘇伊文,言論自由聯盟,4,2437,0.1641
7,松山區,吉仁里,2020,總統,宋楚瑜,親民黨,114,2448,4.6569
7,松山區,吉仁里,2020,總統,韓國瑜,中國國民黨,1026,2448,41.9118
7,松山區,吉仁里,2020,總統,蔡英文,民主進步黨,1308,2448,53.4314
7,松山區,吉仁里,2022,市長,張家豪,台灣動物保護黨,1,2025,0.0494
7,松山區,吉仁里,2022,市長,王文娟,無黨籍及未經政黨推薦,0,2025,0.0
7,松山區,吉仁里,2022,市長,鄭匡宇,無黨籍及未經政黨推薦,0,2025,0.0
7,松山區,吉仁里,2022,市長,黃聖峰,台澎黨,0,2025,0.0
7,松山區,吉仁里,2022,市長,童文薰,無黨籍及未經政黨推薦,2,2025,0.0988
7,松山區,吉仁里,2022,市長,蔣萬安,中國國民黨,832,2025,41.0864
7,松山區,吉仁里,2022,市長,蘇煥智,台灣維新,1,2025,0.0494
7,松山區,吉仁里,2022,市長,黃珊珊,無黨籍及未經政黨推薦,517,2025,25.5309
7,松山區,吉仁里,2022,市長,施奉先,無黨籍及未經政黨推薦,1,2025,0.0494
7,松山區,吉仁里,2022,市長,唐新民,共和黨,1,2025,0.0494
7,松山區,吉仁里,2022,市長,謝立康,無黨籍及未經政黨推薦,1,2025,0.0494
7,松山區,吉仁里,2022,市長,陳時中,民主進步黨,669,2025,33.037
7,松山區,吉仁里,2024,立委,李承龍,中華愛國同心黨,2,2255,0.0887
7,松山區,吉仁里,2024,立委,徐巧芯,中國國民黨,1126,2255,49.9335
7,松山區,吉仁里,2024,立委,羅丹,台灣維新,10,2255,0.4435
7,松山區,吉仁里,2024,立委,陳韋安,無黨籍及未經政黨推薦,40,2255,1.7738
7,松山區,吉仁里,2024,立委,許淑華,民主進步黨,1077,2255,47.7605
7,松山區,吉仁里,2024,總統,柯文哲,台灣民眾黨,540,2312,23.3564
7,松山區,吉仁里,2024,總統,賴清德,民主進步黨,914,2312,39.5329
7,松山區,吉仁里,2024,總統,侯友宜,中國國民黨,858,2312,37.1107
7,松山區,吉祥里,2014,市長,陳汝斌,三等國民公義人權自救黨,3,4976,0.0603
7,松山區,吉祥里,2014,市長,趙衍慶,無黨籍及未經政黨推薦,47,4976,0.9445
7,松山區,吉祥里,2014,市長,李宏信,無黨籍及未經政黨推薦,7,4976,0.1407
7,松山區,吉祥里,2014,市長,陳永昌,無黨籍及未經政黨推薦,12,4976,0.2412
7,松山區,吉祥里,2014,市長,馮光遠,無黨籍及未經政黨推薦,24,4976,0.4823
7,松山區,吉祥里,2014,市長,連勝文,中國國民黨,2165,4976,43.5088
7,松山區,吉祥里,2014,市長,柯文哲,無黨籍及未經政黨推薦,2718,4976,54.6222
7,松山區,吉祥里,2016,立委,林文傑,無黨籍及未經政黨推薦,26,4750,0.5474
7,松山區,吉祥里,2016,立委,呂欣潔,綠黨社會民主黨聯盟,496,4750,10.4421
7,松山區,吉祥里,2016,立委,詹益正,無黨籍及未經政黨推薦,26,4750,0.5474
7,松山區,吉祥里,2016,立委,蘇承英,和平鴿聯盟黨,10,4750,0.2105
7,松山區,吉祥里,2016,立委,范揚律,大愛憲改聯盟,11,4750,0.2316
7,松山區,吉祥里,2016,立委,林芷芬,台灣獨立黨,9,4750,0.1895
7,松山區,吉祥里,2016,立委,費鴻泰,中國國民黨,2113,4750,44.4842
7,松山區,吉祥里,2016,立委,楊實秋,無黨籍及未經政黨推薦,2059,4750,43.3474
7,松山區,吉祥里,2016,總統,朱立倫,中國國民黨,1913,4798,39.8708
7,松山區,吉祥里,2016,總統,蔡英文,民主進步黨,2357,4798,49.1246
7,松山區,吉祥里,2016,總統,宋楚瑜,親民黨,528,4798,11.0046
7,松山區,吉祥里,2018,市長,吳蕚洋,無黨籍及未經政黨推薦,18,4662,0.3861
7,松山區,吉祥里,2018,市長,丁守中,中國國民黨,2044,4662,43.8438
7,松山區,吉祥里,2018,市長,姚文智,民主進步黨,793,4662,17.0099
7,松山區,吉祥里,2018,市長,柯文哲,無黨籍及未經政黨推薦,1799,4662,38.5886
7,松山區,吉祥里,2018,市長,李錫錕,無黨籍及未經政黨推薦,8,4662,0.1716
7,松山區,吉祥里,2020,立委,王映心,台灣基進,49,5405,0.9066
7,松山區,吉祥里,2020,立委,蔡宜芳,台灣民眾黨,516,5405,9.5467
7,松山區,吉祥里,2020,立委,費鴻泰,中國國民黨,2529,5405,46.79
7,松山區,吉祥里,2020,立委,許淑華,民主進步黨,2305,5405,42.6457
7,松山區,吉祥里,2020,立委,蘇伊文,言論自由聯盟,6,5405,0.111
7,松山區,吉祥里,2020,總統,宋楚瑜,親民黨,235,5457,4.3064
7,松山區,吉祥里,2020,總統,韓國瑜,中國國民黨,2433,5457,44.5849
7,松山區,吉祥里,2020,總統,蔡英文,民主進步黨,2789,5457,51.1087
7,松山區,吉祥里,2022,市長,張家豪,台灣動物保護黨,10,4371,0.2288
7,松山區,吉祥里,2022,市長,王文娟,無黨籍及未經政黨推薦,1,4371,0.0229
7,松山區,吉祥里,2022,市長,鄭匡宇,無黨籍及未經政黨推薦,1,4371,0.0229
7,松山區,吉祥里,2022,市長,黃聖峰,台澎黨,0,4371,0.0
7,松山區,吉祥里,2022,市長,童文薰,無黨籍及未經政黨推薦,4,4371,0.0915
7,松山區,吉祥里,2022,市長,蔣萬安,中國國民黨,1964,4371,44.9325
7,松山區,吉祥里,2022,市長,蘇煥智,台灣維新,5,4371,0.1144
7,松山區,吉祥里,2022,市長,黃珊珊,無黨籍及未經政黨推薦,992,4371,22.695
7,松山區,吉祥里,2022,市長,施奉先,無黨籍及未經政黨推薦,1,4371,0.0229
7,松山區,吉祥里,2022,市長,唐新民,共和黨,1,4371,0.0229
7,松山區,吉祥里,2022,市長,謝立康,無黨籍及未經政黨推薦,0,4371,0.0
7,松山區,吉祥里,2022,市長,陳時中,民主進步黨,1392,4371,31.8463
7,松山區,吉祥里,2024,立委,李承龍,中華愛國同心黨,8,4829,0.1657
7,松山區,吉祥里,2024,立委,徐巧芯,中國國民黨,2595,4829,53.7378
7,松山區,吉祥里,2024,立委,羅丹,台灣維新,28,4829,0.5798
7,松山區,吉祥里,2024,立委,陳韋安,無黨籍及未經政黨推薦,84,4829,1.7395
7,松山區,吉祥里,2024,立委,許淑華,民主進步黨,2114,4829,43.7772
7,松山區,吉祥里,2024,總統,柯文哲,台灣民眾黨,1069,4932,21.6748
7,松山區,吉祥里,2024,總統,賴清德,民主進步黨,1852,4932,37.5507
7,松山區,吉祥里,2024,總統,侯友宜,中國國民黨,2011,4932,40.7745
7,松山區,復勢里,2014,市長,陳汝斌,三等國民公義人權自救黨,2,3670,0.0545
7,松山區,復勢里,2014,市長,趙衍慶,無黨籍及未經政黨推薦,21,3670,0.5722
7,松山區,復勢里,2014,市長,李宏信,無黨籍及未經政黨推薦,1,3670,0.0272
7,松山區,復勢里,2014,市長,陳永昌,無黨籍及未經政黨推薦,4,3670,0.109
7,松山區,復勢里,2014,市長,馮光遠,無黨籍及未經政黨推薦,19,3670,0.5177
7,松山區,復勢里,2014,市長,連勝文,中國國民黨,1380,3670,37.6022
7,松山區,復勢里,2014,市長,柯文哲,無黨籍及未經政黨推薦,2243,3670,61.1172
7,松山區,復勢里,2016,立委,林文傑,無黨籍及未經政黨推薦,22,3485,0.6313
7,松山區,復勢里,2016,立委,呂欣潔,綠黨社會民主黨聯盟,387,3485,11.1047
7,松山區,復勢里,2016,立委,詹益正,無黨籍及未經政黨推薦,8,3485,0.2296
7,松山區,復勢里,2016,立委,蘇承英,和平鴿聯盟黨,11,3485,0.3156
7,松山區,復勢里,2016,立委,范揚律,大愛憲改聯盟,3,3485,0.0861
7,松山區,復勢里,2016,立委,林芷芬,台灣獨立黨,11,3485,0.3156
7,松山區,復勢里,2016,立委,費鴻泰,中國國民黨,1389,3485,39.8565
7,松山區,復勢里,2016,立委,楊實秋,無黨籍及未經政黨推薦,1654,3485,47.4605
7,松山區,復勢里,2016,總統,朱立倫,中國國民黨,1234,3559,34.6727
7,松山區,復勢里,2016,總統,蔡英文,民主進步黨,1960,3559,55.0716
7,松山區,復勢里,2016,總統,宋楚瑜,親民黨,365,3559,10.2557
7,松山區,復勢里,2018,市長,吳蕚洋,無黨籍及未經政黨推薦,6,3411,0.1759
7,松山區,復勢里,2018,市長,丁守中,中國國民黨,1315,3411,38.5517
7,松山區,復勢里,2018,市長,姚文智,民主進步黨,614,3411,18.0006
7,松山區,復勢里,2018,市長,柯文哲,無黨籍及未經政黨推薦,1461,3411,42.832
7,松山區,復勢里,2018,市長,李錫錕,無黨籍及未經政黨推薦,15,3411,0.4398
7,松山區,復勢里,2020,立委,王映心,台灣基進,40,3962,1.0096
7,松山區,復勢里,2020,立委,蔡宜芳,台灣民眾黨,451,3962,11.3831
7,松山區,復勢里,2020,立委,費鴻泰,中國國民黨,1661,3962,41.9233
7,松山區,復勢里,2020,立委,許淑華,民主進步黨,1800,3962,45.4316
7,松山區,復勢里,2020,立委,蘇伊文,言論自由聯盟,10,3962,0.2524
7,松山區,復勢里,2020,總統,宋楚瑜,親民黨,187,4012,4.661
7,松山區,復勢里,2020,總統,韓國瑜,中國國民黨,1561,4012,38.9083
7,松山區,復勢里,2020,總統,蔡英文,民主進步黨,2264,4012,56.4307
7,松山區,復勢里,2022,市長,張家豪,台灣動物保護黨,11,3323,0.331
7,松山區,復勢里,2022,市長,王文娟,無黨籍及未經政黨推薦,1,3323,0.0301
7,松山區,復勢里,2022,市長,鄭匡宇,無黨籍及未經政黨推薦,0,3323,0.0
7,松山區,復勢里,2022,市長,黃聖峰,台澎黨,0,3323,0.0
7,松山區,復勢里,2022,市長,童文薰,無黨籍及未經政黨推薦,2,3323,0.0602
7,松山區,復勢里,2022,市長,蔣萬安,中國國民黨,1324,3323,39.8435
7,松山區,復勢里,2022,市長,蘇煥智,台灣維新,10,3323,0.3009
7,松山區,復勢里,2022,市長,黃珊珊,無黨籍及未經政黨推薦,876,3323,26.3617
7,松山區,復勢里,2022,市長,施奉先,無黨籍及未經政黨推薦,1,3323,0.0301
7,松山區,復勢里,2022,市長,唐新民,共和黨,0,3323,0.0
7,松山區,復勢里,2022,市長,謝立康,無黨籍及未經政黨推薦,0,3323,0.0
7,松山區,復勢里,2022,市長,陳時中,民主進步黨,1098,3323,33.0424
7,松山區,復勢里,2024,立委,李承龍,中華愛國同心黨,8,3731,0.2144
7,松山區,復勢里,2024,立委,徐巧芯,中國國民黨,1815,3731,48.6465
7,松山區,復勢里,2024,立委,羅丹,台灣維新,24,3731,0.6433
7,松山區,復勢里,2024,立委,陳韋安,無黨籍及未經政黨推薦,94,3731,2.5194
7,松山區,復勢里,2024,立委,許淑華,民主進步黨,1790,3731,47.9764
7,松山區,復勢里,2024,總統,柯文哲,台灣民眾黨,934,3833,24.3673
7,松山區,復勢里,2024,總統,賴清德,民主進步黨,1561,3833,40.7253
7,松山區,復勢里,2024,總統,侯友宜,中國國民黨,1338,3833,34.9074
7,松山區,復建里,2014,市長,陳汝斌,三等國民公義人權自救黨,3,2577,0.1164
7,松山區,復建里,2014,市長,趙衍慶,無黨籍及未經政黨推薦,28,2577,1.0865
7,松山區,復建里,2014,市長,李宏信,無黨籍及未經政黨推薦,4,2577,0.1552
7,松山區,復建里,2014,市長,陳永昌,無黨籍及未經政黨推薦,1,2577,0.0388
7,松山區,復建里,2014,市長,馮光遠,無黨籍及未經政黨推薦,10,2577,0.388
7,松山區,復建里,2014,市長,連勝文,中國國民黨,1159,2577,44.9748
7,松山區,復建里,2014,市長,柯文哲,無黨籍及未經政黨推薦,1372,2577,53.2402
7,松山區,復建里,2016,立委,林文傑,無黨籍及未經政黨推薦,23,2475,0.9293
7,松山區,復建里,2016,立委,呂欣潔,綠黨社會民主黨聯盟,271,2475,10.9495
7,松山區,復建里,2016,立委,詹益正,無黨籍及未經政黨推薦,8,2475,0.3232
7,松山區,復建里,2016,立委,蘇承英,和平鴿聯盟黨,8,2475,0.3232
7,松山區,復建里,2016,立委,范揚律,大愛憲改聯盟,0,2475,0.0
7,松山區,復建里,2016,立委,林芷芬,台灣獨立黨,10,2475,0.404
7,松山區,復建里,2016,立委,費鴻泰,中國國民黨,1171,2475,47.3131
7,松山區,復建里,2016,立委,楊實秋,無黨籍及未經政黨推薦,984,2475,39.7576
7,松山區,復建里,2016,總統,朱立倫,中國國民黨,1008,2493,40.4332
7,松山區,復建里,2016,總統,蔡英文,民主進步黨,1188,2493,47.6534
7,松山區,復建里,2016,總統,宋楚瑜,親民黨,297,2493,11.9134
7,松山區,復建里,2018,市長,吳蕚洋,無黨籍及未經政黨推薦,8,2345,0.3412
7,松山區,復建里,2018,市長,丁守中,中國國民黨,1043,2345,44.4776
7,松山區,復建里,2018,市長,姚文智,民主進步黨,355,2345,15.1386
7,松山區,復建里,2018,市長,柯文哲,無黨籍及未經政黨推薦,930,2345,39.6588
7,松山區,復建里,2018,市長,李錫錕,無黨籍及未經政黨推薦,9,2345,0.3838
7,松山區,復建里,2020,立委,王映心,台灣基進,30,2767,1.0842
7,松山區,復建里,2020,立委,蔡宜芳,台灣民眾黨,272,2767,9.8301
7,松山區,復建里,2020,立委,費鴻泰,中國國民黨,1289,2767,46.5847
7,松山區,復建里,2020,立委,許淑華,民主進步黨,1172,2767,42.3563
7,松山區,復建里,2020,立委,蘇伊文,言論自由聯盟,4,2767,0.1446
7,松山區,復建里,2020,總統,宋楚瑜,親民黨,133,2771,4.7997
7,松山區,復建里,2020,總統,韓國瑜,中國國民黨,1247,2771,45.0018
7,松山區,復建里,2020,總統,蔡英文,民主進步黨,1391,2771,50.1985
7,松山區,復建里,2022,市長,張家豪,台灣動物保護黨,4,2415,0.1656
7,松山區,復建里,2022,市長,王文娟,無黨籍及未經政黨推薦,0,2415,0.0
7,松山區,復建里,2022,市長,鄭匡宇,無黨籍及未經政黨推薦,0,2415,0.0
7,松山區,復建里,2022,市長,黃聖峰,台澎黨,0,2415,0.0
7,松山區,復建里,2022,市長,童文薰,無黨籍及未經政黨推薦,1,2415,0.0414
7,松山區,復建里,2022,市長,蔣萬安,中國國民黨,1034,2415,42.8157
7,松山區,復建里,2022,市長,蘇煥智,台灣維新,2,2415,0.0828
7,松山區,復建里,2022,市長,黃珊珊,無黨籍及未經政黨推薦,644,2415,26.6667
7,松山區,復建里,2022,市長,施奉先,無黨籍及未經政黨推薦,0,2415,0.0
7,松山區,復建里,2022,市長,唐新民,共和黨,1,2415,0.0414
7,松山區,復建里,2022,市長,謝立康,無黨籍及未經政黨推薦,1,2415,0.0414
7,松山區,復建里,2022,市長,陳時中,民主進步黨,728,2415,30.1449
7,松山區,復建里,2024,立委,李承龍,中華愛國同心黨,3,2632,0.114
7,松山區,復建里,2024,立委,徐巧芯,中國國民黨,1417,2632,53.8374
7,松山區,復建里,2024,立委,羅丹,台灣維新,19,2632,0.7219
7,松山區,復建里,2024,立委,陳韋安,無黨籍及未經政黨推薦,49,2632,1.8617
7,松山區,復建里,2024,立委,許淑華,民主進步黨,1144,2632,43.465
7,松山區,復建里,2024,總統,柯文哲,台灣民眾黨,607,2692,22.5483
7,松山區,復建里,2024,總統,賴清德,民主進步黨,983,2692,36.5156
7,松山區,復建里,2024,總統,侯友宜,中國國民黨,1102,2692,40.9361
7,松山區,復源里,2014,市長,陳汝斌,三等國民公義人權自救黨,1,1895,0.0528
7,松山區,復源里,2014,市長,趙衍慶,無黨籍及未經政黨推薦,24,1895,1.2665
7,松山區,復源里,2014,市長,李宏信,無黨籍及未經政黨推薦,6,1895,0.3166
7,松山區,復源里,2014,市長,陳永昌,無黨籍及未經政黨推薦,2,1895,0.1055
7,松山區,復源里,2014,市長,馮光遠,無黨籍及未經政黨推薦,10,1895,0.5277
7,松山區,復源里,2014,市長,連勝文,中國國民黨,843,1895,44.4855
7,松山區,復源里,2014,市長,柯文哲,無黨籍及未經政黨推薦,1009,1895,53.2454
7,松山區,復源里,2016,立委,林文傑,無黨籍及未經政黨推薦,8,1811,0.4417
7,松山區,復源里,2016,立委,呂欣潔,綠黨社會民主黨聯盟,177,1811,9.7736
7,松山區,復源里,2016,立委,詹益正,無黨籍及未經政黨推薦,9,1811,0.497
7,松山區,復源里,2016,立委,蘇承英,和平鴿聯盟黨,5,1811,0.2761
7,松山區,復源里,2016,立委,范揚律,大愛憲改聯盟,7,1811,0.3865
7,松山區,復源里,2016,立委,林芷芬,台灣獨立黨,2,1811,0.1104
7,松山區,復源里,2016,立委,費鴻泰,中國國民黨,859,1811,47.4324
7,松山區,復源里,2016,立委,楊實秋,無黨籍及未經政黨推薦,744,1811,41.0823
7,松山區,復源里,2016,總統,朱立倫,中國國民黨,732,1834,39.9128
7,松山區,復源里,2016,總統,蔡英文,民主進步黨,889,1834,48.4733
7,松山區,復源里,2016,總統,宋楚瑜,親民黨,213,1834,11.614
7,松山區,復源里,2018,市長,吳蕚洋,無黨籍及未經政黨推薦,2,1725,0.1159
7,松山區,復源里,2018,市長,丁守中,中國國民黨,739,1725,42.8406
7,松山區,復源里,2018,市長,姚文智,民主進步黨,287,1725,16.6377
7,松山區,復源里,2018,市長,柯文哲,無黨籍及未經政黨推薦,687,1725,39.8261
7,松山區,復源里,2018,市長,李錫錕,無黨籍及未經政黨推薦,10,1725,0.5797
7,松山區,復源里,2020,立委,王映心,台灣基進,28,2001,1.3993
7,松山區,復源里,2020,立委,蔡宜芳,台灣民眾黨,177,2001,8.8456
7,松山區,復源里,2020,立委,費鴻泰,中國國民黨,943,2001,47.1264
7,松山區,復源里,2020,立委,許淑華,民主進步黨,852,2001,42.5787
7,松山區,復源里,2020,立委,蘇伊文,言論自由聯盟,1,2001,0.05
7,松山區,復源里,2020,總統,宋楚瑜,親民黨,74,2027,3.6507
7,松山區,復源里,2020,總統,韓國瑜,中國國民黨,930,2027,45.8806
7,松山區,復源里,2020,總統,蔡英文,民主進步黨,1023,2027,50.4687
7,松山區,復源里,2022,市長,張家豪,台灣動物保護黨,2,1772,0.1129
7,松山區,復源里,2022,市長,王文娟,無黨籍及未經政黨推薦,2,1772,0.1129
7,松山區,復源里,2022,市長,鄭匡宇,無黨籍及未經政黨推薦,0,1772,0.0
7,松山區,復源里,2022,市長,黃聖峰,台澎黨,0,1772,0.0
7,松山區,復源里,2022,市長,童文薰,無黨籍及未經政黨推薦,3,1772,0.1693
7,松山區,復源里,2022,市長,蔣萬安,中國國民黨,802,1772,45.2596
7,松山區,復源里,2022,市長,蘇煥智,台灣維新,1,1772,0.0564
7,松山區,復源里,2022,市長,黃珊珊,無黨籍及未經政黨推薦,430,1772,24.2664
7,松山區,復源里,2022,市長,施奉先,無黨籍及未經政黨推薦,0,1772,0.0
7,松山區,復源里,2022,市長,唐新民,共和黨,1,1772,0.0564
7,松山區,復源里,2022,市長,謝立康,無黨籍及未經政黨推薦,0,1772,0.0
7,松山區,復源里,2022,市長,陳時中,民主進步黨,531,1772,29.9661
7,松山區,復源里,2024,立委,李承龍,中華愛國同心黨,2,1965,0.1018
7,松山區,復源里,2024,立委,徐巧芯,中國國民黨,1037,1965,52.7735
7,松山區,復源里,2024,立委,羅丹,台灣維新,10,1965,0.5089
7,松山區,復源里,2024,立委,陳韋安,無黨籍及未經政黨推薦,33,1965,1.6794
7,松山區,復源里,2024,立委,許淑華,民主進步黨,883,1965,44.9364
7,松山區,復源里,2024,總統,柯文哲,台灣民眾黨,451,2017,22.3599
7,松山區,復源里,2024,總統,賴清德,民主進步黨,752,2017,37.2831
7,松山區,復源里,2024,總統,侯友宜,中國國民黨,814,2017,40.357
7,松山區,復盛里,2014,市長,陳汝斌,三等國民公義人權自救黨,5,4029,0.1241
7,松山區,復盛里,2014,市長,趙衍慶,無黨籍及未經政黨推薦,53,4029,1.3155
7,松山區,復盛里,2014,市長,李宏信,無黨籍及未經政黨推薦,6,4029,0.1489
7,松山區,復盛里,2014,市長,陳永昌,無黨籍及未經政黨推薦,5,4029,0.1241
7,松山區,復盛里,2014,市長,馮光遠,無黨籍及未經政黨推薦,23,4029,0.5709
7,松山區,復盛里,2014,市長,連勝文,中國國民黨,1834,4029,45.52
7,松山區,復盛里,2014,市長,柯文哲,無黨籍及未經政黨推薦,2103,4029,52.1966
7,松山區,復盛里,2016,立委,林文傑,無黨籍及未經政黨推薦,22,3788,0.5808
7,松山區,復盛里,2016,立委,呂欣潔,綠黨社會民主黨聯盟,383,3788,10.1109
7,松山區,復盛里,2016,立委,詹益正,無黨籍及未經政黨推薦,12,3788,0.3168
7,松山區,復盛里,2016,立委,蘇承英,和平鴿聯盟黨,11,3788,0.2904
7,松山區,復盛里,2016,立委,范揚律,大愛憲改聯盟,7,3788,0.1848
7,松山區,復盛里,2016,立委,林芷芬,台灣獨立黨,11,3788,0.2904
7,松山區,復盛里,2016,立委,費鴻泰,中國國民黨,1782,3788,47.0433
7,松山區,復盛里,2016,立委,楊實秋,無黨籍及未經政黨推薦,1560,3788,41.1827
7,松山區,復盛里,2016,總統,朱立倫,中國國民黨,1586,3830,41.4099
7,松山區,復盛里,2016,總統,蔡英文,民主進步黨,1827,3830,47.7023
7,松山區,復盛里,2016,總統,宋楚瑜,親民黨,417,3830,10.8877
7,松山區,復盛里,2018,市長,吳蕚洋,無黨籍及未經政黨推薦,22,3589,0.613
7,松山區,復盛里,2018,市長,丁守中,中國國民黨,1610,3589,44.8593
7,松山區,復盛里,2018,市長,姚文智,民主進步黨,578,3589,16.1048
7,松山區,復盛里,2018,市長,柯文哲,無黨籍及未經政黨推薦,1367,3589,38.0886
7,松山區,復盛里,2018,市長,李錫錕,無黨籍及未經政黨推薦,12,3589,0.3344
7,松山區,復盛里,2020,立委,王映心,台灣基進,38,4081,0.9311
7,松山區,復盛里,2020,立委,蔡宜芳,台灣民眾黨,344,4081,8.4293
7,松山區,復盛里,2020,立委,費鴻泰,中國國民黨,1993,4081,48.8361
7,松山區,復盛里,2020,立委,許淑華,民主進步黨,1703,4081,41.73
7,松山區,復盛里,2020,立委,蘇伊文,言論自由聯盟,3,4081,0.0735
7,松山區,復盛里,2020,總統,宋楚瑜,親民黨,183,4137,4.4235
7,松山區,復盛里,2020,總統,韓國瑜,中國國民黨,1909,4137,46.1445
7,松山區,復盛里,2020,總統,蔡英文,民主進步黨,2045,4137,49.432
7,松山區,復盛里,2022,市長,張家豪,台灣動物保護黨,2,3502,0.0571
7,松山區,復盛里,2022,市長,王文娟,無黨籍及未經政黨推薦,3,3502,0.0857
7,松山區,復盛里,2022,市長,鄭匡宇,無黨籍及未經政黨推薦,0,3502,0.0
7,松山區,復盛里,2022,市長,黃聖峰,台澎黨,2,3502,0.0571
7,松山區,復盛里,2022,市長,童文薰,無黨籍及未經政黨推薦,2,3502,0.0571
7,松山區,復盛里,2022,市長,蔣萬安,中國國民黨,1657,3502,47.3158
7,松山區,復盛里,2022,市長,蘇煥智,台灣維新,6,3502,0.1713
7,松山區,復盛里,2022,市長,黃珊珊,無黨籍及未經政黨推薦,786,3502,22.4443
7,松山區,復盛里,2022,市長,施奉先,無黨籍及未經政黨推薦,0,3502,0.0
7,松山區,復盛里,2022,市長,唐新民,共和黨,2,3502,0.0571
7,松山區,復盛里,2022,市長,謝立康,無黨籍及未經政黨推薦,1,3502,0.0286
7,松山區,復盛里,2022,市長,陳時中,民主進步黨,1041,3502,29.7259
7,松山區,復盛里,2024,立委,李承龍,中華愛國同心黨,6,3706,0.1619
7,松山區,復盛里,2024,立委,徐巧芯,中國國民黨,2020,3706,54.5062
7,松山區,復盛里,2024,立委,羅丹,台灣維新,22,3706,0.5936
7,松山區,復盛里,2024,立委,陳韋安,無黨籍及未經政黨推薦,72,3706,1.9428
7,松山區,復盛里,2024,立委,許淑華,民主進步黨,1586,3706,42.7955
7,松山區,復盛里,2024,總統,柯文哲,台灣民眾黨,839,3786,22.1606
7,松山區,復盛里,2024,總統,賴清德,民主進步黨,1364,3786,36.0275
7,松山區,復盛里,2024,總統,侯友宜,中國國民黨,1583,3786,41.8119
7,松山區,慈祐里,2014,市長,陳汝斌,三等國民公義人權自救黨,5,3927,0.1273
7,松山區,慈祐里,2014,市長,趙衍慶,無黨籍及未經政黨推薦,36,3927,0.9167
7,松山區,慈祐里,2014,市長,李宏信,無黨籍及未經政黨推薦,7,3927,0.1783
7,松山區,慈祐里,2014,市長,陳永昌,無黨籍及未經政黨推薦,5,3927,0.1273
7,松山區,慈祐里,2014,市長,馮光遠,無黨籍及未經政黨推薦,12,3927,0.3056
7,松山區,慈祐里,2014,市長,連勝文,中國國民黨,1365,3927,34.7594
7,松山區,慈祐里,2014,市長,柯文哲,無黨籍及未經政黨推薦,2497,3927,63.5854
7,松山區,慈祐里,2016,立委,林文傑,無黨籍及未經政黨推薦,32,3826,0.8364
7,松山區,慈祐里,2016,立委,呂欣潔,綠黨社會民主黨聯盟,547,3826,14.2969
7,松山區,慈祐里,2016,立委,詹益正,無黨籍及未經政黨推薦,14,3826,0.3659
7,松山區,慈祐里,2016,立委,蘇承英,和平鴿聯盟黨,21,3826,0.5489
7,松山區,慈祐里,2016,立委,范揚律,大愛憲改聯盟,6,3826,0.1568
7,松山區,慈祐里,2016,立委,林芷芬,台灣獨立黨,18,3826,0.4705
7,松山區,慈祐里,2016,立委,費鴻泰,中國國民黨,1362,3826,35.5985
7,松山區,慈祐里,2016,立委,楊實秋,無黨籍及未經政黨推薦,1826,3826,47.7261
7,松山區,慈祐里,2016,總統,朱立倫,中國國民黨,1160,3896,29.7741
7,松山區,慈祐里,2016,總統,蔡英文,民主進步黨,2263,3896,58.0852
7,松山區,慈祐里,2016,總統,宋楚瑜,親民黨,473,3896,12.1407
7,松山區,慈祐里,2018,市長,吳蕚洋,無黨籍及未經政黨推薦,14,3652,0.3834
7,松山區,慈祐里,2018,市長,丁守中,中國國民黨,1244,3652,34.0635
7,松山區,慈祐里,2018,市長,姚文智,民主進步黨,774,3652,21.1939
7,松山區,慈祐里,2018,市長,柯文哲,無黨籍及未經政黨推薦,1597,3652,43.7295
7,松山區,慈祐里,2018,市長,李錫錕,無黨籍及未經政黨推薦,23,3652,0.6298
7,松山區,慈祐里,2020,立委,王映心,台灣基進,51,4493,1.1351
7,松山區,慈祐里,2020,立委,蔡宜芳,台灣民眾黨,526,4493,11.7071
7,松山區,慈祐里,2020,立委,費鴻泰,中國國民黨,1642,4493,36.5457
7,松山區,慈祐里,2020,立委,許淑華,民主進步黨,2265,4493,50.4118
7,松山區,慈祐里,2020,立委,蘇伊文,言論自由聯盟,9,4493,0.2003
7,松山區,慈祐里,2020,總統,宋楚瑜,親民黨,238,4579,5.1976
7,松山區,慈祐里,2020,總統,韓國瑜,中國國民黨,1650,4579,36.0341
7,松山區,慈祐里,2020,總統,蔡英文,民主進步黨,2691,4579,58.7683
7,松山區,慈祐里,2022,市長,張家豪,台灣動物保護黨,13,3833,0.3392
7,松山區,慈祐里,2022,市長,王文娟,無黨籍及未經政黨推薦,1,3833,0.0261
7,松山區,慈祐里,2022,市長,鄭匡宇,無黨籍及未經政黨推薦,0,3833,0.0
7,松山區,慈祐里,2022,市長,黃聖峰,台澎黨,0,3833,0.0
7,松山區,慈祐里,2022,市長,童文薰,無黨籍及未經政黨推薦,6,3833,0.1565
7,松山區,慈祐里,2022,市長,蔣萬安,中國國民黨,1461,3833,38.1164
7,松山區,慈祐里,2022,市長,蘇煥智,台灣維新,4,3833,0.1044
7,松山區,慈祐里,2022,市長,黃珊珊,無黨籍及未經政黨推薦,933,3833,24.3412
7,松山區,慈祐里,2022,市長,施奉先,無黨籍及未經政黨推薦,2,3833,0.0522
7,松山區,慈祐里,2022,市長,唐新民,共和黨,1,3833,0.0261
7,松山區,慈祐里,2022,市長,謝立康,無黨籍及未經政黨推薦,2,3833,0.0522
7,松山區,慈祐里,2022,市長,陳時中,民主進步黨,1410,3833,36.7858
7,松山區,慈祐里,2024,立委,李承龍,中華愛國同心黨,12,4390,0.2733
7,松山區,慈祐里,2024,立委,徐巧芯,中國國民黨,2007,4390,45.7175
7,松山區,慈祐里,2024,立委,羅丹,台灣維新,34,4390,0.7745
7,松山區,慈祐里,2024,立委,陳韋安,無黨籍及未經政黨推薦,102,4390,2.3235
7,松山區,慈祐里,2024,立委,許淑華,民主進步黨,2235,4390,50.9112
7,松山區,慈祐里,2024,總統,柯文哲,台灣民眾黨,1154,4521,25.5253
7,松山區,慈祐里,2024,總統,賴清德,民主進步黨,1850,4521,40.9202
7,松山區,慈祐里,2024,總統,侯友宜,中國國民黨,1517,4521,33.5545
7,松山區,敦化里,2014,市長,陳汝斌,三等國民公義人權自救黨,9,4138,0.2175
7,松山區,敦化里,2014,市長,趙衍慶,無黨籍及未經政黨推薦,34,4138,0.8217
7,松山區,敦化里,2014,市長,李宏信,無黨籍及未經政黨推薦,12,4138,0.29
7,松山區,敦化里,2014,市長,陳永昌,無黨籍及未經政黨推薦,9,4138,0.2175
7,松山區,敦化里,2014,市長,馮光遠,無黨籍及未經政黨推薦,29,4138,0.7008
7,松山區,敦化里,2014,市長,連勝文,中國國民黨,1641,4138,39.6568
7,松山區,敦化里,2014,市長,柯文哲,無黨籍及未經政黨推薦,2404,4138,58.0957
7,松山區,敦化里,2016,立委,林文傑,無黨籍及未經政黨推薦,22,3998,0.5503
7,松山區,敦化里,2016,立委,呂欣潔,綠黨社會民主黨聯盟,453,3998,11.3307
7,松山區,敦化里,2016,立委,詹益正,無黨籍及未經政黨推薦,11,3998,0.2751
7,松山區,敦化里,2016,立委,蘇承英,和平鴿聯盟黨,23,3998,0.5753
7,松山區,敦化里,2016,立委,范揚律,大愛憲改聯盟,4,3998,0.1001
7,松山區,敦化里,2016,立委,林芷芬,台灣獨立黨,17,3998,0.4252
7,松山區,敦化里,2016,立委,費鴻泰,中國國民黨,1657,3998,41.4457
7,松山區,敦化里,2016,立委,楊實秋,無黨籍及未經政黨推薦,1811,3998,45.2976
7,松山區,敦化里,2016,總統,朱立倫,中國國民黨,1466,4025,36.4224
7,松山區,敦化里,2016,總統,蔡英文,民主進步黨,2141,4025,53.1925
7,松山區,敦化里,2016,總統,宋楚瑜,親民黨,418,4025,10.3851
7,松山區,敦化里,2018,市長,吳蕚洋,無黨籍及未經政黨推薦,19,3593,0.5288
7,松山區,敦化里,2018,市長,丁守中,中國國民黨,1450,3593,40.3562
7,松山區,敦化里,2018,市長,姚文智,民主進步黨,653,3593,18.1742
7,松山區,敦化里,2018,市長,柯文哲,無黨籍及未經政黨推薦,1450,3593,40.3562
7,松山區,敦化里,2018,市長,李錫錕,無黨籍及未經政黨推薦,21,3593,0.5845
7,松山區,敦化里,2020,立委,王映心,台灣基進,37,4327,0.8551
7,松山區,敦化里,2020,立委,蔡宜芳,台灣民眾黨,414,4327,9.5678
7,松山區,敦化里,2020,立委,費鴻泰,中國國民黨,1879,4327,43.425
7,松山區,敦化里,2020,立委,許淑華,民主進步黨,1991,4327,46.0134
7,松山區,敦化里,2020,立委,蘇伊文,言論自由聯盟,6,4327,0.1387
7,松山區,敦化里,2020,總統,宋楚瑜,親民黨,177,4348,4.0708
7,松山區,敦化里,2020,總統,韓國瑜,中國國民黨,1759,4348,40.4554
7,松山區,敦化里,2020,總統,蔡英文,民主進步黨,2412,4348,55.4738
7,松山區,敦化里,2022,市長,張家豪,台灣動物保護黨,3,3658,0.082
7,松山區,敦化里,2022,市長,王文娟,無黨籍及未經政黨推薦,1,3658,0.0273
7,松山區,敦化里,2022,市長,鄭匡宇,無黨籍及未經政黨推薦,1,3658,0.0273
7,松山區,敦化里,2022,市長,黃聖峰,台澎黨,0,3658,0.0
7,松山區,敦化里,2022,市長,童文薰,無黨籍及未經政黨推薦,11,3658,0.3007
7,松山區,敦化里,2022,市長,蔣萬安,中國國民黨,1499,3658,40.9787
7,松山區,敦化里,2022,市長,蘇煥智,台灣維新,9,3658,0.246
7,松山區,敦化里,2022,市長,黃珊珊,無黨籍及未經政黨推薦,889,3658,24.3029
7,松山區,敦化里,2022,市長,施奉先,無黨籍及未經政黨推薦,0,3658,0.0
7,松山區,敦化里,2022,市長,唐新民,共和黨,0,3658,0.0
7,松山區,敦化里,2022,市長,謝立康,無黨籍及未經政黨推薦,1,3658,0.0273
7,松山區,敦化里,2022,市長,陳時中,民主進步黨,1244,3658,34.0077
7,松山區,敦化里,2024,立委,李承龍,中華愛國同心黨,10,4049,0.247
7,松山區,敦化里,2024,立委,徐巧芯,中國國民黨,2006,4049,49.5431
7,松山區,敦化里,2024,立委,羅丹,台灣維新,29,4049,0.7162
7,松山區,敦化里,2024,立委,陳韋安,無黨籍及未經政黨推薦,74,4049,1.8276
7,松山區,敦化里,2024,立委,許淑華,民主進步黨,1930,4049,47.6661
7,松山區,敦化里,2024,總統,柯文哲,台灣民眾黨,918,4142,22.1632
7,松山區,敦化里,2024,總統,賴清德,民主進步黨,1669,4142,40.2945
7,松山區,敦化里,2024,總統,侯友宜,中國國民黨,1555,4142,37.5423
7,松山區,新聚里,2014,市長,陳汝斌,三等國民公義人權自救黨,5,4859,0.1029
7,松山區,新聚里,2014,市長,趙衍慶,無黨籍及未經政黨推薦,42,4859,0.8644
7,松山區,新聚里,2014,市長,李宏信,無黨籍及未經政黨推薦,9,4859,0.1852
7,松山區,新聚里,2014,市長,陳永昌,無黨籍及未經政黨推薦,5,4859,0.1029
7,松山區,新聚里,2014,市長,馮光遠,無黨籍及未經政黨推薦,28,4859,0.5763
7,松山區,新聚里,2014,市長,連勝文,中國國民黨,1922,4859,39.5555
7,松山區,新聚里,2014,市長,柯文哲,無黨籍及未經政黨推薦,2848,4859,58.6129
7,松山區,新聚里,2016,立委,林文傑,無黨籍及未經政黨推薦,28,4545,0.6161
7,松山區,新聚里,2016,立委,呂欣潔,綠黨社會民主黨聯盟,532,4545,11.7052
7,松山區,新聚里,2016,立委,詹益正,無黨籍及未經政黨推薦,23,4545,0.5061
7,松山區,新聚里,2016,立委,蘇承英,和平鴿聯盟黨,21,4545,0.462
7,松山區,新聚里,2016,立委,范揚律,大愛憲改聯盟,6,4545,0.132
7,松山區,新聚里,2016,立委,林芷芬,台灣獨立黨,20,4545,0.44
7,松山區,新聚里,2016,立委,費鴻泰,中國國民黨,1880,4545,41.3641
7,松山區,新聚里,2016,立委,楊實秋,無黨籍及未經政黨推薦,2035,4545,44.7745
7,松山區,新聚里,2016,總統,朱立倫,中國國民黨,1683,4621,36.4207
7,松山區,新聚里,2016,總統,蔡英文,民主進步黨,2449,4621,52.9972
7,松山區,新聚里,2016,總統,宋楚瑜,親民黨,489,4621,10.5821
7,松山區,新聚里,2018,市長,吳蕚洋,無黨籍及未經政黨推薦,10,4241,0.2358
7,松山區,新聚里,2018,市長,丁守中,中國國民黨,1657,4241,39.071
7,松山區,新聚里,2018,市長,姚文智,民主進步黨,743,4241,17.5195
7,松山區,新聚里,2018,市長,柯文哲,無黨籍及未經政黨推薦,1817,4241,42.8437
7,松山區,新聚里,2018,市長,李錫錕,無黨籍及未經政黨推薦,14,4241,0.3301
7,松山區,新聚里,2020,立委,王映心,台灣基進,55,5139,1.0702
7,松山區,新聚里,2020,立委,蔡宜芳,台灣民眾黨,534,5139,10.3911
7,松山區,新聚里,2020,立委,費鴻泰,中國國民黨,2179,5139,42.4012
7,松山區,新聚里,2020,立委,許淑華,民主進步黨,2363,5139,45.9817
7,松山區,新聚里,2020,立委,蘇伊文,言論自由聯盟,8,5139,0.1557
7,松山區,新聚里,2020,總統,宋楚瑜,親民黨,216,5197,4.1562
7,松山區,新聚里,2020,總統,韓國瑜,中國國民黨,2103,5197,40.4657
7,松山區,新聚里,2020,總統,蔡英文,民主進步黨,2878,5197,55.3781
7,松山區,新聚里,2022,市長,張家豪,台灣動物保護黨,6,4242,0.1414
7,松山區,新聚里,2022,市長,王文娟,無黨籍及未經政黨推薦,2,4242,0.0471
7,松山區,新聚里,2022,市長,鄭匡宇,無黨籍及未經政黨推薦,1,4242,0.0236
7,松山區,新聚里,2022,市長,黃聖峰,台澎黨,0,4242,0.0
7,松山區,新聚里,2022,市長,童文薰,無黨籍及未經政黨推薦,7,4242,0.165
7,松山區,新聚里,2022,市長,蔣萬安,中國國民黨,1801,4242,42.4564
7,松山區,新聚里,2022,市長,蘇煥智,台灣維新,0,4242,0.0
7,松山區,新聚里,2022,市長,黃珊珊,無黨籍及未經政黨推薦,1037,4242,24.446
7,松山區,新聚里,2022,市長,施奉先,無黨籍及未經政黨推薦,1,4242,0.0236
7,松山區,新聚里,2022,市長,唐新民,共和黨,1,4242,0.0236
7,松山區,新聚里,2022,市長,謝立康,無黨籍及未經政黨推薦,3,4242,0.0707
7,松山區,新聚里,2022,市長,陳時中,民主進步黨,1383,4242,32.6025
7,松山區,新聚里,2024,立委,李承龍,中華愛國同心黨,3,4683,0.0641
7,松山區,新聚里,2024,立委,徐巧芯,中國國民黨,2437,4683,52.0393
7,松山區,新聚里,2024,立委,羅丹,台灣維新,35,4683,0.7474
7,松山區,新聚里,2024,立委,陳韋安,無黨籍及未經政黨推薦,98,4683,2.0927
7,松山區,新聚里,2024,立委,許淑華,民主進步黨,2110,4683,45.0566
7,松山區,新聚里,2024,總統,柯文哲,台灣民眾黨,1168,4789,24.3892
7,松山區,新聚里,2024,總統,賴清德,民主進步黨,1877,4789,39.194
7,松山區,新聚里,2024,總統,侯友宜,中國國民黨,1744,4789,36.4168
7,松山區,福成里,2014,市長,陳汝斌,三等國民公義人權自救黨,1,1587,0.063
7,松山區,福成里,2014,市長,趙衍慶,無黨籍及未經政黨推薦,10,1587,0.6301
7,松山區,福成里,2014,市長,李宏信,無黨籍及未經政黨推薦,2,1587,0.126
7,松山區,福成里,2014,市長,陳永昌,無黨籍及未經政黨推薦,2,1587,0.126
7,松山區,福成里,2014,市長,馮光遠,無黨籍及未經政黨推薦,4,1587,0.252
7,松山區,福成里,2014,市長,連勝文,中國國民黨,641,1587,40.3907
7,松山區,福成里,2014,市長,柯文哲,無黨籍及未經政黨推薦,927,1587,58.4121
7,松山區,福成里,2016,立委,林文傑,無黨籍及未經政黨推薦,9,1495,0.602
7,松山區,福成里,2016,立委,呂欣潔,綠黨社會民主黨聯盟,176,1495,11.7726
7,松山區,福成里,2016,立委,詹益正,無黨籍及未經政黨推薦,4,1495,0.2676
7,松山區,福成里,2016,立委,蘇承英,和平鴿聯盟黨,1,1495,0.0669
7,松山區,福成里,2016,立委,范揚律,大愛憲改聯盟,3,1495,0.2007
7,松山區,福成里,2016,立委,林芷芬,台灣獨立黨,13,1495,0.8696
7,松山區,福成里,2016,立委,費鴻泰,中國國民黨,580,1495,38.796
7,松山區,福成里,2016,立委,楊實秋,無黨籍及未經政黨推薦,709,1495,47.4247
7,松山區,福成里,2016,總統,朱立倫,中國國民黨,550,1521,36.1604
7,松山區,福成里,2016,總統,蔡英文,民主進步黨,827,1521,54.3721
7,松山區,福成里,2016,總統,宋楚瑜,親民黨,144,1521,9.4675
7,松山區,福成里,2018,市長,吳蕚洋,無黨籍及未經政黨推薦,8,1419,0.5638
7,松山區,福成里,2018,市長,丁守中,中國國民黨,565,1419,39.8168
7,松山區,福成里,2018,市長,姚文智,民主進步黨,261,1419,18.3932
7,松山區,福成里,2018,市長,柯文哲,無黨籍及未經政黨推薦,582,1419,41.0148
7,松山區,福成里,2018,市長,李錫錕,無黨籍及未經政黨推薦,3,1419,0.2114
7,松山區,福成里,2020,立委,王映心,台灣基進,19,1579,1.2033
7,松山區,福成里,2020,立委,蔡宜芳,台灣民眾黨,145,1579,9.183
7,松山區,福成里,2020,立委,費鴻泰,中國國民黨,698,1579,44.2052
7,松山區,福成里,2020,立委,許淑華,民主進步黨,711,1579,45.0285
7,松山區,福成里,2020,立委,蘇伊文,言論自由聯盟,6,1579,0.38
7,松山區,福成里,2020,總統,宋楚瑜,親民黨,78,1590,4.9057
7,松山區,福成里,2020,總統,韓國瑜,中國國民黨,644,1590,40.5031
7,松山區,福成里,2020,總統,蔡英文,民主進步黨,868,1590,54.5912
7,松山區,福成里,2022,市長,張家豪,台灣動物保護黨,3,1380,0.2174
7,松山區,福成里,2022,市長,王文娟,無黨籍及未經政黨推薦,1,1380,0.0725
7,松山區,福成里,2022,市長,鄭匡宇,無黨籍及未經政黨推薦,1,1380,0.0725
7,松山區,福成里,2022,市長,黃聖峰,台澎黨,0,1380,0.0
7,松山區,福成里,2022,市長,童文薰,無黨籍及未經政黨推薦,1,1380,0.0725
7,松山區,福成里,2022,市長,蔣萬安,中國國民黨,585,1380,42.3913
7,松山區,福成里,2022,市長,蘇煥智,台灣維新,2,1380,0.1449
7,松山區,福成里,2022,市長,黃珊珊,無黨籍及未經政黨推薦,324,1380,23.4783
7,松山區,福成里,2022,市長,施奉先,無黨籍及未經政黨推薦,0,1380,0.0
7,松山區,福成里,2022,市長,唐新民,共和黨,0,1380,0.0
7,松山區,福成里,2022,市長,謝立康,無黨籍及未經政黨推薦,0,1380,0.0
7,松山區,福成里,2022,市長,陳時中,民主進步黨,463,1380,33.5507
7,松山區,福成里,2024,立委,李承龍,中華愛國同心黨,4,1518,0.2635
7,松山區,福成里,2024,立委,徐巧芯,中國國民黨,764,1518,50.3294
7,松山區,福成里,2024,立委,羅丹,台灣維新,12,1518,0.7905
7,松山區,福成里,2024,立委,陳韋安,無黨籍及未經政黨推薦,25,1518,1.6469
7,松山區,福成里,2024,立委,許淑華,民主進步黨,713,1518,46.9697
7,松山區,福成里,2024,總統,柯文哲,台灣民眾黨,323,1585,20.3785
7,松山區,福成里,2024,總統,賴清德,民主進步黨,673,1585,42.4606
7,松山區,福成里,2024,總統,侯友宜,中國國民黨,589,1585,37.1609
7,松山區,美仁里,2014,市長,陳汝斌,三等國民公義人權自救黨,2,2011,0.0995
7,松山區,美仁里,2014,市長,趙衍慶,無黨籍及未經政黨推薦,19,2011,0.9448
7,松山區,美仁里,2014,市長,李宏信,無黨籍及未經政黨推薦,1,2011,0.0497
7,松山區,美仁里,2014,市長,陳永昌,無黨籍及未經政黨推薦,0,2011,0.0
7,松山區,美仁里,2014,市長,馮光遠,無黨籍及未經政黨推薦,9,2011,0.4475
7,松山區,美仁里,2014,市長,連勝文,中國國民黨,799,2011,39.7315
7,松山區,美仁里,2014,市長,柯文哲,無黨籍及未經政黨推薦,1181,2011,58.727
7,松山區,美仁里,2016,立委,林文傑,無黨籍及未經政黨推薦,7,1959,0.3573
7,松山區,美仁里,2016,立委,呂欣潔,綠黨社會民主黨聯盟,209,1959,10.6687
7,松山區,美仁里,2016,立委,詹益正,無黨籍及未經政黨推薦,8,1959,0.4084
7,松山區,美仁里,2016,立委,蘇承英,和平鴿聯盟黨,5,1959,0.2552
7,松山區,美仁里,2016,立委,范揚律,大愛憲改聯盟,2,1959,0.1021
7,松山區,美仁里,2016,立委,林芷芬,台灣獨立黨,6,1959,0.3063
7,松山區,美仁里,2016,立委,費鴻泰,中國國民黨,827,1959,42.2154
7,松山區,美仁里,2016,立委,楊實秋,無黨籍及未經政黨推薦,895,1959,45.6866
7,松山區,美仁里,2016,總統,朱立倫,中國國民黨,724,1987,36.4368
7,松山區,美仁里,2016,總統,蔡英文,民主進步黨,1076,1987,54.152
7,松山區,美仁里,2016,總統,宋楚瑜,親民黨,187,1987,9.4112
7,松山區,美仁里,2018,市長,吳蕚洋,無黨籍及未經政黨推薦,3,1829,0.164
7,松山區,美仁里,2018,市長,丁守中,中國國民黨,710,1829,38.819
7,松山區,美仁里,2018,市長,姚文智,民主進步黨,376,1829,20.5577
7,松山區,美仁里,2018,市長,柯文哲,無黨籍及未經政黨推薦,733,1829,40.0765
7,松山區,美仁里,2018,市長,李錫錕,無黨籍及未經政黨推薦,7,1829,0.3827
7,松山區,美仁里,2020,立委,王映心,台灣基進,21,2227,0.943
7,松山區,美仁里,2020,立委,蔡宜芳,台灣民眾黨,227,2227,10.1931
7,松山區,美仁里,2020,立委,費鴻泰,中國國民黨,934,2227,41.9398
7,松山區,美仁里,2020,立委,許淑華,民主進步黨,1040,2227,46.6996
7,松山區,美仁里,2020,立委,蘇伊文,言論自由聯盟,5,2227,0.2245
7,松山區,美仁里,2020,總統,宋楚瑜,親民黨,87,2250,3.8667
7,松山區,美仁里,2020,總統,韓國瑜,中國國民黨,882,2250,39.2
7,松山區,美仁里,2020,總統,蔡英文,民主進步黨,1281,2250,56.9333
7,松山區,美仁里,2022,市長,張家豪,台灣動物保護黨,0,1778,0.0
7,松山區,美仁里,2022,市長,王文娟,無黨籍及未經政黨推薦,2,1778,0.1125
7,松山區,美仁里,2022,市長,鄭匡宇,無黨籍及未經政黨推薦,0,1778,0.0
7,松山區,美仁里,2022,市長,黃聖峰,台澎黨,0,1778,0.0
7,松山區,美仁里,2022,市長,童文薰,無黨籍及未經政黨推薦,2,1778,0.1125
7,松山區,美仁里,2022,市長,蔣萬安,中國國民黨,741,1778,41.676
7,松山區,美仁里,2022,市長,蘇煥智,台灣維新,4,1778,0.225
7,松山區,美仁里,2022,市長,黃珊珊,無黨籍及未經政黨推薦,398,1778,22.3847
7,松山區,美仁里,2022,市長,施奉先,無黨籍及未經政黨推薦,0,1778,0.0
7,松山區,美仁里,2022,市長,唐新民,共和黨,0,1778,0.0
7,松山區,美仁里,2022,市長,謝立康,無黨籍及未經政黨推薦,0,1778,0.0
7,松山區,美仁里,2022,市長,陳時中,民主進步黨,631,1778,35.4893
7,松山區,美仁里,2024,立委,李承龍,中華愛國同心黨,1,2019,0.0495
7,松山區,美仁里,2024,立委,徐巧芯,中國國民黨,976,2019,48.3408
7,松山區,美仁里,2024,立委,羅丹,台灣維新,18,2019,0.8915
7,松山區,美仁里,2024,立委,陳韋安,無黨籍及未經政黨推薦,29,2019,1.4364
7,松山區,美仁里,2024,立委,許淑華,民主進步黨,995,2019,49.2818
7,松山區,美仁里,2024,總統,柯文哲,台灣民眾黨,445,2057,21.6334
7,松山區,美仁里,2024,總統,賴清德,民主進步黨,849,2057,41.2737
7,松山區,美仁里,2024,總統,侯友宜,中國國民黨,763,2057,37.0929
8,中正區,富水里,2014,市長,陳汝斌,三等國民公義人權自救黨,1,1343,0.0745
8,中正區,富水里,2014,市長,趙衍慶,無黨籍及未經政黨推薦,24,1343,1.787
8,中正區,富水里,2014,市長,李宏信,無黨籍及未經政黨推薦,1,1343,0.0745
8,中正區,富水里,2014,市長,陳永昌,無黨籍及未經政黨推薦,2,1343,0.1489
8,中正區,富水里,2014,市長,馮光遠,無黨籍及未經政黨推薦,5,1343,0.3723
8,中正區,富水里,2014,市長,連勝文,中國國民黨,749,1343,55.7707
8,中正區,富水里,2014,市長,柯文哲,無黨籍及未經政黨推薦,561,1343,41.7722
8,中正區,富水里,2016,立委,李慶元,無黨籍及未經政黨推薦,344,1324,25.9819
8,中正區,富水里,2016,立委,賴樹聲,無黨籍及未經政黨推薦,17,1324,1.284
8,中正區,富水里,2016,立委,苗博雅,綠黨社會民主黨聯盟,167,1324,12.6133
8,中正區,富水里,2016,立委,賴士葆,中國國民黨,776,1324,58.6103
8,中正區,富水里,2016,立委,陳如聖,台灣工黨,7,1324,0.5287
8,中正區,富水里,2016,立委,方景鈞,無黨籍及未經政黨推薦,13,1324,0.9819
8,中正區,富水里,2016,總統,朱立倫,中國國民黨,666,1363,48.8628
8,中正區,富水里,2016,總統,蔡英文,民主進步黨,506,1363,37.124
8,中正區,富水里,2016,總統,宋楚瑜,親民黨,191,1363,14.0132
8,中正區,富水里,2018,市長,吳蕚洋,無黨籍及未經政黨推薦,7,1387,0.5047
8,中正區,富水里,2018,市長,丁守中,中國國民黨,665,1387,47.9452
8,中正區,富水里,2018,市長,姚文智,民主進步黨,114,1387,8.2192
8,中正區,富水里,2018,市長,柯文哲,無黨籍及未經政黨推薦,594,1387,42.8262
8,中正區,富水里,2018,市長,李錫錕,無黨籍及未經政黨推薦,7,1387,0.5047
8,中正區,富水里,2020,立委,蕭曉玲,喜樂島聯盟,6,1525,0.3934
8,中正區,富水里,2020,立委,華珮君,台灣動物保護黨,63,1525,4.1311
8,中正區,富水里,2020,立委,彭子軒,無黨籍及未經政黨推薦,10,1525,0.6557
8,中正區,富水里,2020,立委,柯士翎,綠黨,20,1525,1.3115
8,中正區,富水里,2020,立委,阮昭雄,民主進步黨,432,1525,28.3279
8,中正區,富水里,2020,立委,賴士葆,中國國民黨,816,1525,53.5082
8,中正區,富水里,2020,立委,顏銘緯,台灣基進,54,1525,3.541
8,中正區,富水里,2020,立委,李文,無黨籍及未經政黨推薦,16,1525,1.0492
8,中正區,富水里,2020,立委,張幸松,台灣民眾黨,108,1525,7.082
8,中正區,富水里,2020,總統,宋楚瑜,親民黨,86,1576,5.4569
8,中正區,富水里,2020,總統,韓國瑜,中國國民黨,804,1576,51.0152
8,中正區,富水里,2020,總統,蔡英文,民主進步黨,686,1576,43.5279
8,中正區,富水里,2022,市長,張家豪,台灣動物保護黨,1,1191,0.084
8,中正區,富水里,2022,市長,王文娟,無黨籍及未經政黨推薦,0,1191,0.0
8,中正區,富水里,2022,市長,鄭匡宇,無黨籍及未經政黨推薦,0,1191,0.0
8,中正區,富水里,2022,市長,黃聖峰,台澎黨,0,1191,0.0
8,中正區,富水里,2022,市長,童文薰,無黨籍及未經政黨推薦,1,1191,0.084
8,中正區,富水里,2022,市長,蔣萬安,中國國民黨,591,1191,49.6222
8,中正區,富水里,2022,市長,蘇煥智,台灣維新,0,1191,0.0
8,中正區,富水里,2022,市長,黃珊珊,無黨籍及未經政黨推薦,360,1191,30.2267
8,中正區,富水里,2022,市長,施奉先,無黨籍及未經政黨推薦,0,1191,0.0
8,中正區,富水里,2022,市長,唐新民,共和黨,0,1191,0.0
8,中正區,富水里,2022,市長,謝立康,無黨籍及未經政黨推薦,0,1191,0.0
8,中正區,富水里,2022,市長,陳時中,民主進步黨,238,1191,19.9832
8,中正區,富水里,2024,立委,劉佩玲,台灣維新,12,1338,0.8969
8,中正區,富水里,2024,立委,賴士葆,中國國民黨,678,1338,50.6726
8,中正區,富水里,2024,立委,王閔生,民主進步黨,332,1338,24.8132
8,中正區,富水里,2024,立委,賴宣任,小民參政歐巴桑聯盟,66,1338,4.9327
8,中正區,富水里,2024,立委,夏萬浪,無黨籍及未經政黨推薦,5,1338,0.3737
8,中正區,富水里,2024,立委,張其祿,台灣民眾黨,242,1338,18.0867
8,中正區,富水里,2024,立委,張維學,無黨籍及未經政黨推薦,2,1338,0.1495
8,中正區,富水里,2024,立委,胡之壯,興中同盟會,1,1338,0.0747
8,中正區,富水里,2024,總統,柯文哲,台灣民眾黨,389,1386,28.0664
8,中正區,富水里,2024,總統,賴清德,民主進步黨,385,1386,27.7778
8,中正區,富水里,2024,總統,侯友宜,中國國民黨,612,1386,44.1558
8,中正區,文盛里,2014,市長,陳汝斌,三等國民公義人權自救黨,0,1611,0.0
8,中正區,文盛里,2014,市長,趙衍慶,無黨籍及未經政黨推薦,14,1611,0.869
8,中正區,文盛里,2014,市長,李宏信,無黨籍及未經政黨推薦,7,1611,0.4345
8,中正區,文盛里,2014,市長,陳永昌,無黨籍及未經政黨推薦,5,1611,0.3104
8,中正區,文盛里,2014,市長,馮光遠,無黨籍及未經政黨推薦,18,1611,1.1173
8,中正區,文盛里,2014,市長,連勝文,中國國民黨,625,1611,38.7958
8,中正區,文盛里,2014,市長,柯文哲,無黨籍及未經政黨推薦,942,1611,58.473
8,中正區,文盛里,2016,立委,李慶元,無黨籍及未經政黨推薦,597,1538,38.8166
8,中正區,文盛里,2016,立委,賴樹聲,無黨籍及未經政黨推薦,20,1538,1.3004
8,中正區,文盛里,2016,立委,苗博雅,綠黨社會民主黨聯盟,202,1538,13.1339
8,中正區,文盛里,2016,立委,賴士葆,中國國民黨,700,1538,45.5137
8,中正區,文盛里,2016,立委,陳如聖,台灣工黨,6,1538,0.3901
8,中正區,文盛里,2016,立委,方景鈞,無黨籍及未經政黨推薦,13,1538,0.8453
8,中正區,文盛里,2016,總統,朱立倫,中國國民黨,613,1556,39.3959
8,中正區,文盛里,2016,總統,蔡英文,民主進步黨,779,1556,50.0643
8,中正區,文盛里,2016,總統,宋楚瑜,親民黨,164,1556,10.5398
8,中正區,文盛里,2018,市長,吳蕚洋,無黨籍及未經政黨推薦,5,1400,0.3571
8,中正區,文盛里,2018,市長,丁守中,中國國民黨,589,1400,42.0714
8,中正區,文盛里,2018,市長,姚文智,民主進步黨,263,1400,18.7857
8,中正區,文盛里,2018,市長,柯文哲,無黨籍及未經政黨推薦,532,1400,38.0
8,中正區,文盛里,2018,市長,李錫錕,無黨籍及未經政黨推薦,11,1400,0.7857
8,中正區,文盛里,2020,立委,蕭曉玲,喜樂島聯盟,6,1635,0.367
8,中正區,文盛里,2020,立委,華珮君,台灣動物保護黨,53,1635,3.2416
8,中正區,文盛里,2020,立委,彭子軒,無黨籍及未經政黨推薦,10,1635,0.6116
8,中正區,文盛里,2020,立委,柯士翎,綠黨,27,1635,1.6514
8,中正區,文盛里,2020,立委,阮昭雄,民主進步黨,639,1635,39.0826
8,中正區,文盛里,2020,立委,賴士葆,中國國民黨,736,1635,45.0153
8,中正區,文盛里,2020,立委,顏銘緯,台灣基進,46,1635,2.8135
8,中正區,文盛里,2020,立委,李文,無黨籍及未經政黨推薦,8,1635,0.4893
8,中正區,文盛里,2020,立委,張幸松,台灣民眾黨,110,1635,6.7278
8,中正區,文盛里,2020,總統,宋楚瑜,親民黨,89,1663,5.3518
8,中正區,文盛里,2020,總統,韓國瑜,中國國民黨,709,1663,42.6338
8,中正區,文盛里,2020,總統,蔡英文,民主進步黨,865,1663,52.0144
8,中正區,文盛里,2022,市長,張家豪,台灣動物保護黨,8,1473,0.5431
8,中正區,文盛里,2022,市長,王文娟,無黨籍及未經政黨推薦,0,1473,0.0
8,中正區,文盛里,2022,市長,鄭匡宇,無黨籍及未經政黨推薦,0,1473,0.0
8,中正區,文盛里,2022,市長,黃聖峰,台澎黨,1,1473,0.0679
8,中正區,文盛里,2022,市長,童文薰,無黨籍及未經政黨推薦,2,1473,0.1358
8,中正區,文盛里,2022,市長,蔣萬安,中國國民黨,626,1473,42.4983
8,中正區,文盛里,2022,市長,蘇煥智,台灣維新,5,1473,0.3394
8,中正區,文盛里,2022,市長,黃珊珊,無黨籍及未經政黨推薦,343,1473,23.2858
8,中正區,文盛里,2022,市長,施奉先,無黨籍及未經政黨推薦,1,1473,0.0679
8,中正區,文盛里,2022,市長,唐新民,共和黨,0,1473,0.0
8,中正區,文盛里,2022,市長,謝立康,無黨籍及未經政黨推薦,0,1473,0.0
8,中正區,文盛里,2022,市長,陳時中,民主進步黨,487,1473,33.0618
8,中正區,文盛里,2024,立委,劉佩玲,台灣維新,10,1579,0.6333
8,中正區,文盛里,2024,立委,賴士葆,中國國民黨,690,1579,43.6985
8,中正區,文盛里,2024,立委,王閔生,民主進步黨,583,1579,36.9221
8,中正區,文盛里,2024,立委,賴宣任,小民參政歐巴桑聯盟,60,1579,3.7999
8,中正區,文盛里,2024,立委,夏萬浪,無黨籍及未經政黨推薦,5,1579,0.3167
8,中正區,文盛里,2024,立委,張其祿,台灣民眾黨,226,1579,14.3129
8,中正區,文盛里,2024,立委,張維學,無黨籍及未經政黨推薦,1,1579,0.0633
8,中正區,文盛里,2024,立委,胡之壯,興中同盟會,4,1579,0.2533
8,中正區,文盛里,2024,總統,柯文哲,台灣民眾黨,354,1616,21.9059
8,中正區,文盛里,2024,總統,賴清德,民主進步黨,634,1616,39.2327
8,中正區,文盛里,2024,總統,侯友宜,中國國民黨,628,1616,38.8614
8,中正區,板溪里,2014,市長,陳汝斌,三等國民公義人權自救黨,4,2052,0.1949
8,中正區,板溪里,2014,市長,趙衍慶,無黨籍及未經政黨推薦,29,2052,1.4133
8,中正區,板溪里,2014,市長,李宏信,無黨籍及未經政黨推薦,2,2052,0.0975
8,中正區,板溪里,2014,市長,陳永昌,無黨籍及未經政黨推薦,6,2052,0.2924
8,中正區,板溪里,2014,市長,馮光遠,無黨籍及未經政黨推薦,13,2052,0.6335
8,中正區,板溪里,2014,市長,連勝文,中國國民黨,844,2052,41.1306
8,中正區,板溪里,2014,市長,柯文哲,無黨籍及未經政黨推薦,1154,2052,56.2378
8,中正區,板溪里,2016,立委,李慶元,無黨籍及未經政黨推薦,765,1961,39.0107
8,中正區,板溪里,2016,立委,賴樹聲,無黨籍及未經政黨推薦,20,1961,1.0199
8,中正區,板溪里,2016,立委,苗博雅,綠黨社會民主黨聯盟,245,1961,12.4936
8,中正區,板溪里,2016,立委,賴士葆,中國國民黨,917,1961,46.7619
8,中正區,板溪里,2016,立委,陳如聖,台灣工黨,9,1961,0.4589
8,中正區,板溪里,2016,立委,方景鈞,無黨籍及未經政黨推薦,5,1961,0.255
8,中正區,板溪里,2016,總統,朱立倫,中國國民黨,775,2005,38.6534
8,中正區,板溪里,2016,總統,蔡英文,民主進步黨,998,2005,49.7756
8,中正區,板溪里,2016,總統,宋楚瑜,親民黨,232,2005,11.5711
8,中正區,板溪里,2018,市長,吳蕚洋,無黨籍及未經政黨推薦,8,1960,0.4082
8,中正區,板溪里,2018,市長,丁守中,中國國民黨,874,1960,44.5918
8,中正區,板溪里,2018,市長,姚文智,民主進步黨,333,1960,16.9898
8,中正區,板溪里,2018,市長,柯文哲,無黨籍及未經政黨推薦,740,1960,37.7551
8,中正區,板溪里,2018,市長,李錫錕,無黨籍及未經政黨推薦,5,1960,0.2551
8,中正區,板溪里,2020,立委,蕭曉玲,喜樂島聯盟,8,2124,0.3766
8,中正區,板溪里,2020,立委,華珮君,台灣動物保護黨,67,2124,3.1544
8,中正區,板溪里,2020,立委,彭子軒,無黨籍及未經政黨推薦,15,2124,0.7062
8,中正區,板溪里,2020,立委,柯士翎,綠黨,19,2124,0.8945
8,中正區,板溪里,2020,立委,阮昭雄,民主進步黨,804,2124,37.8531
8,中正區,板溪里,2020,立委,賴士葆,中國國民黨,1031,2124,48.5405
8,中正區,板溪里,2020,立委,顏銘緯,台灣基進,51,2124,2.4011
8,中正區,板溪里,2020,立委,李文,無黨籍及未經政黨推薦,17,2124,0.8004
8,中正區,板溪里,2020,立委,張幸松,台灣民眾黨,112,2124,5.2731
8,中正區,板溪里,2020,總統,宋楚瑜,親民黨,86,2153,3.9944
8,中正區,板溪里,2020,總統,韓國瑜,中國國民黨,970,2153,45.0534
8,中正區,板溪里,2020,總統,蔡英文,民主進步黨,1097,2153,50.9522
8,中正區,板溪里,2022,市長,張家豪,台灣動物保護黨,4,1868,0.2141
8,中正區,板溪里,2022,市長,王文娟,無黨籍及未經政黨推薦,0,1868,0.0
8,中正區,板溪里,2022,市長,鄭匡宇,無黨籍及未經政黨推薦,1,1868,0.0535
8,中正區,板溪里,2022,市長,黃聖峰,台澎黨,1,1868,0.0535
8,中正區,板溪里,2022,市長,童文薰,無黨籍及未經政黨推薦,2,1868,0.1071
8,中正區,板溪里,2022,市長,蔣萬安,中國國民黨,851,1868,45.5567
8,中正區,板溪里,2022,市長,蘇煥智,台灣維新,3,1868,0.1606
8,中正區,板溪里,2022,市長,黃珊珊,無黨籍及未經政黨推薦,471,1868,25.2141
8,中正區,板溪里,2022,市長,施奉先,無黨籍及未經政黨推薦,0,1868,0.0
8,中正區,板溪里,2022,市長,唐新民,共和黨,0,1868,0.0
8,中正區,板溪里,2022,市長,謝立康,無黨籍及未經政黨推薦,0,1868,0.0
8,中正區,板溪里,2022,市長,陳時中,民主進步黨,535,1868,28.6403
8,中正區,板溪里,2024,立委,劉佩玲,台灣維新,43,2162,1.9889
8,中正區,板溪里,2024,立委,賴士葆,中國國民黨,1000,2162,46.2535
8,中正區,板溪里,2024,立委,王閔生,民主進步黨,687,2162,31.7761
8,中正區,板溪里,2024,立委,賴宣任,小民參政歐巴桑聯盟,83,2162,3.839
8,中正區,板溪里,2024,立委,夏萬浪,無黨籍及未經政黨推薦,21,2162,0.9713
8,中正區,板溪里,2024,立委,張其祿,台灣民眾黨,322,2162,14.8936
8,中正區,板溪里,2024,立委,張維學,無黨籍及未經政黨推薦,5,2162,0.2313
8,中正區,板溪里,2024,立委,胡之壯,興中同盟會,1,2162,0.0463
8,中正區,板溪里,2024,總統,柯文哲,台灣民眾黨,508,2186,23.2388
8,中正區,板溪里,2024,總統,賴清德,民主進步黨,757,2186,34.6295
8,中正區,板溪里,2024,總統,侯友宜,中國國民黨,921,2186,42.1317
8,中正區,林興里,2014,市長,陳汝斌,三等國民公義人權自救黨,3,2695,0.1113
8,中正區,林興里,2014,市長,趙衍慶,無黨籍及未經政黨推薦,44,2695,1.6327
8,中正區,林興里,2014,市長,李宏信,無黨籍及未經政黨推薦,3,2695,0.1113
8,中正區,林興里,2014,市長,陳永昌,無黨籍及未經政黨推薦,4,2695,0.1484
8,中正區,林興里,2014,市長,馮光遠,無黨籍及未經政黨推薦,19,2695,0.705
8,中正區,林興里,2014,市長,連勝文,中國國民黨,1308,2695,48.5343
8,中正區,林興里,2014,市長,柯文哲,無黨籍及未經政黨推薦,1314,2695,48.757
8,中正區,林興里,2016,立委,李慶元,無黨籍及未經政黨推薦,856,2489,34.3913
8,中正區,林興里,2016,立委,賴樹聲,無黨籍及未經政黨推薦,22,2489,0.8839
8,中正區,林興里,2016,立委,苗博雅,綠黨社會民主黨聯盟,288,2489,11.5709
8,中正區,林興里,2016,立委,賴士葆,中國國民黨,1285,2489,51.6272
8,中正區,林興里,2016,立委,陳如聖,台灣工黨,19,2489,0.7634
8,中正區,林興里,2016,立委,方景鈞,無黨籍及未經政黨推薦,19,2489,0.7634
8,中正區,林興里,2016,總統,朱立倫,中國國民黨,1134,2525,44.9109
8,中正區,林興里,2016,總統,蔡英文,民主進步黨,1096,2525,43.4059
8,中正區,林興里,2016,總統,宋楚瑜,親民黨,295,2525,11.6832
8,中正區,林興里,2018,市長,吳蕚洋,無黨籍及未經政黨推薦,8,2586,0.3094
8,中正區,林興里,2018,市長,丁守中,中國國民黨,1177,2586,45.5143
8,中正區,林興里,2018,市長,姚文智,民主進步黨,361,2586,13.9598
8,中正區,林興里,2018,市長,柯文哲,無黨籍及未經政黨推薦,1026,2586,39.6752
8,中正區,林興里,2018,市長,李錫錕,無黨籍及未經政黨推薦,14,2586,0.5414
8,中正區,林興里,2020,立委,蕭曉玲,喜樂島聯盟,7,2933,0.2387
8,中正區,林興里,2020,立委,華珮君,台灣動物保護黨,81,2933,2.7617
8,中正區,林興里,2020,立委,彭子軒,無黨籍及未經政黨推薦,20,2933,0.6819
8,中正區,林興里,2020,立委,柯士翎,綠黨,42,2933,1.432
8,中正區,林興里,2020,立委,阮昭雄,民主進步黨,996,2933,33.9584
8,中正區,林興里,2020,立委,賴士葆,中國國民黨,1531,2933,52.1991
8,中正區,林興里,2020,立委,顏銘緯,台灣基進,89,2933,3.0344
8,中正區,林興里,2020,立委,李文,無黨籍及未經政黨推薦,16,2933,0.5455
8,中正區,林興里,2020,立委,張幸松,台灣民眾黨,151,2933,5.1483
8,中正區,林興里,2020,總統,宋楚瑜,親民黨,128,3000,4.2667
8,中正區,林興里,2020,總統,韓國瑜,中國國民黨,1461,3000,48.7
8,中正區,林興里,2020,總統,蔡英文,民主進步黨,1411,3000,47.0333
8,中正區,林興里,2022,市長,張家豪,台灣動物保護黨,5,2518,0.1986
8,中正區,林興里,2022,市長,王文娟,無黨籍及未經政黨推薦,1,2518,0.0397
8,中正區,林興里,2022,市長,鄭匡宇,無黨籍及未經政黨推薦,1,2518,0.0397
8,中正區,林興里,2022,市長,黃聖峰,台澎黨,0,2518,0.0
8,中正區,林興里,2022,市長,童文薰,無黨籍及未經政黨推薦,8,2518,0.3177
8,中正區,林興里,2022,市長,蔣萬安,中國國民黨,1148,2518,45.5917
8,中正區,林興里,2022,市長,蘇煥智,台灣維新,2,2518,0.0794
8,中正區,林興里,2022,市長,黃珊珊,無黨籍及未經政黨推薦,710,2518,28.197
8,中正區,林興里,2022,市長,施奉先,無黨籍及未經政黨推薦,0,2518,0.0
8,中正區,林興里,2022,市長,唐新民,共和黨,0,2518,0.0
8,中正區,林興里,2022,市長,謝立康,無黨籍及未經政黨推薦,1,2518,0.0397
8,中正區,林興里,2022,市長,陳時中,民主進步黨,642,2518,25.4964
8,中正區,林興里,2024,立委,劉佩玲,台灣維新,14,2866,0.4885
8,中正區,林興里,2024,立委,賴士葆,中國國民黨,1366,2866,47.6622
8,中正區,林興里,2024,立委,王閔生,民主進步黨,866,2866,30.2163
8,中正區,林興里,2024,立委,賴宣任,小民參政歐巴桑聯盟,147,2866,5.1291
8,中正區,林興里,2024,立委,夏萬浪,無黨籍及未經政黨推薦,15,2866,0.5234
8,中正區,林興里,2024,立委,張其祿,台灣民眾黨,449,2866,15.6664
8,中正區,林興里,2024,立委,張維學,無黨籍及未經政黨推薦,7,2866,0.2442
8,中正區,林興里,2024,立委,胡之壯,興中同盟會,2,2866,0.0698
8,中正區,林興里,2024,總統,柯文哲,台灣民眾黨,744,2926,25.4272
8,中正區,林興里,2024,總統,賴清德,民主進步黨,949,2926,32.4334
8,中正區,林興里,2024,總統,侯友宜,中國國民黨,1233,2926,42.1394
8,中正區,水源里,2014,市長,陳汝斌,三等國民公義人權自救黨,1,1668,0.06
8,中正區,水源里,2014,市長,趙衍慶,無黨籍及未經政黨推薦,16,1668,0.9592
8,中正區,水源里,2014,市長,李宏信,無黨籍及未經政黨推薦,5,1668,0.2998
8,中正區,水源里,2014,市長,陳永昌,無黨籍及未經政黨推薦,3,1668,0.1799
8,中正區,水源里,2014,市長,馮光遠,無黨籍及未經政黨推薦,10,1668,0.5995
8,中正區,水源里,2014,市長,連勝文,中國國民黨,657,1668,39.3885
8,中正區,水源里,2014,市長,柯文哲,無黨籍及未經政黨推薦,976,1668,58.5132
8,中正區,水源里,2016,立委,李慶元,無黨籍及未經政黨推薦,663,1632,40.625
8,中正區,水源里,2016,立委,賴樹聲,無黨籍及未經政黨推薦,8,1632,0.4902
8,中正區,水源里,2016,立委,苗博雅,綠黨社會民主黨聯盟,222,1632,13.6029
8,中正區,水源里,2016,立委,賴士葆,中國國民黨,717,1632,43.9338
8,中正區,水源里,2016,立委,陳如聖,台灣工黨,7,1632,0.4289
8,中正區,水源里,2016,立委,方景鈞,無黨籍及未經政黨推薦,15,1632,0.9191
8,中正區,水源里,2016,總統,朱立倫,中國國民黨,628,1663,37.7631
8,中正區,水源里,2016,總統,蔡英文,民主進步黨,852,1663,51.2327
8,中正區,水源里,2016,總統,宋楚瑜,親民黨,183,1663,11.0042
8,中正區,水源里,2018,市長,吳蕚洋,無黨籍及未經政黨推薦,7,1616,0.4332
8,中正區,水源里,2018,市長,丁守中,中國國民黨,671,1616,41.5223
8,中正區,水源里,2018,市長,姚文智,民主進步黨,286,1616,17.698
8,中正區,水源里,2018,市長,柯文哲,無黨籍及未經政黨推薦,643,1616,39.7896
8,中正區,水源里,2018,市長,李錫錕,無黨籍及未經政黨推薦,9,1616,0.5569
8,中正區,水源里,2020,立委,蕭曉玲,喜樂島聯盟,3,1890,0.1587
8,中正區,水源里,2020,立委,華珮君,台灣動物保護黨,56,1890,2.963
8,中正區,水源里,2020,立委,彭子軒,無黨籍及未經政黨推薦,12,1890,0.6349
8,中正區,水源里,2020,立委,柯士翎,綠黨,26,1890,1.3757
8,中正區,水源里,2020,立委,阮昭雄,民主進步黨,768,1890,40.6349
8,中正區,水源里,2020,立委,賴士葆,中國國民黨,854,1890,45.1852
8,中正區,水源里,2020,立委,顏銘緯,台灣基進,45,1890,2.381
8,中正區,水源里,2020,立委,李文,無黨籍及未經政黨推薦,9,1890,0.4762
8,中正區,水源里,2020,立委,張幸松,台灣民眾黨,117,1890,6.1905
8,中正區,水源里,2020,總統,宋楚瑜,親民黨,89,1908,4.6646
8,中正區,水源里,2020,總統,韓國瑜,中國國民黨,806,1908,42.2432
8,中正區,水源里,2020,總統,蔡英文,民主進步黨,1013,1908,53.0922
8,中正區,水源里,2022,市長,張家豪,台灣動物保護黨,3,1560,0.1923
8,中正區,水源里,2022,市長,王文娟,無黨籍及未經政黨推薦,0,1560,0.0
8,中正區,水源里,2022,市長,鄭匡宇,無黨籍及未經政黨推薦,0,1560,0.0
8,中正區,水源里,2022,市長,黃聖峰,台澎黨,0,1560,0.0
8,中正區,水源里,2022,市長,童文薰,無黨籍及未經政黨推薦,5,1560,0.3205
8,中正區,水源里,2022,市長,蔣萬安,中國國民黨,646,1560,41.4103
8,中正區,水源里,2022,市長,蘇煥智,台灣維新,1,1560,0.0641
8,中正區,水源里,2022,市長,黃珊珊,無黨籍及未經政黨推薦,378,1560,24.2308
8,中正區,水源里,2022,市長,施奉先,無黨籍及未經政黨推薦,0,1560,0.0
8,中正區,水源里,2022,市長,唐新民,共和黨,0,1560,0.0
8,中正區,水源里,2022,市長,謝立康,無黨籍及未經政黨推薦,0,1560,0.0
8,中正區,水源里,2022,市長,陳時中,民主進步黨,527,1560,33.7821
8,中正區,水源里,2024,立委,劉佩玲,台灣維新,16,1738,0.9206
8,中正區,水源里,2024,立委,賴士葆,中國國民黨,726,1738,41.7722
8,中正區,水源里,2024,立委,王閔生,民主進步黨,674,1738,38.7802
8,中正區,水源里,2024,立委,賴宣任,小民參政歐巴桑聯盟,61,1738,3.5098
8,中正區,水源里,2024,立委,夏萬浪,無黨籍及未經政黨推薦,4,1738,0.2301
8,中正區,水源里,2024,立委,張其祿,台灣民眾黨,249,1738,14.3268
8,中正區,水源里,2024,立委,張維學,無黨籍及未經政黨推薦,5,1738,0.2877
8,中正區,水源里,2024,立委,胡之壯,興中同盟會,3,1738,0.1726
8,中正區,水源里,2024,總統,柯文哲,台灣民眾黨,388,1767,21.9581
8,中正區,水源里,2024,總統,賴清德,民主進步黨,720,1767,40.747
8,中正區,水源里,2024,總統,侯友宜,中國國民黨,659,1767,37.2949
8,中正區,河堤里,2014,市長,陳汝斌,三等國民公義人權自救黨,2,2731,0.0732
8,中正區,河堤里,2014,市長,趙衍慶,無黨籍及未經政黨推薦,45,2731,1.6477
8,中正區,河堤里,2014,市長,李宏信,無黨籍及未經政黨推薦,5,2731,0.1831
8,中正區,河堤里,2014,市長,陳永昌,無黨籍及未經政黨推薦,13,2731,0.476
8,中正區,河堤里,2014,市長,馮光遠,無黨籍及未經政黨推薦,14,2731,0.5126
8,中正區,河堤里,2014,市長,連勝文,中國國民黨,1230,2731,45.0384
8,中正區,河堤里,2014,市長,柯文哲,無黨籍及未經政黨推薦,1422,2731,52.0688
8,中正區,河堤里,2016,立委,李慶元,無黨籍及未經政黨推薦,931,2709,34.3669
8,中正區,河堤里,2016,立委,賴樹聲,無黨籍及未經政黨推薦,24,2709,0.8859
8,中正區,河堤里,2016,立委,苗博雅,綠黨社會民主黨聯盟,348,2709,12.8461
8,中正區,河堤里,2016,立委,賴士葆,中國國民黨,1358,2709,50.1292
8,中正區,河堤里,2016,立委,陳如聖,台灣工黨,19,2709,0.7014
8,中正區,河堤里,2016,立委,方景鈞,無黨籍及未經政黨推薦,29,2709,1.0705
8,中正區,河堤里,2016,總統,朱立倫,中國國民黨,1185,2724,43.5022
8,中正區,河堤里,2016,總統,蔡英文,民主進步黨,1246,2724,45.7416
8,中正區,河堤里,2016,總統,宋楚瑜,親民黨,293,2724,10.7562
8,中正區,河堤里,2018,市長,吳蕚洋,無黨籍及未經政黨推薦,14,2556,0.5477
8,中正區,河堤里,2018,市長,丁守中,中國國民黨,1150,2556,44.9922
8,中正區,河堤里,2018,市長,姚文智,民主進步黨,369,2556,14.4366
8,中正區,河堤里,2018,市長,柯文哲,無黨籍及未經政黨推薦,1016,2556,39.7496
8,中正區,河堤里,2018,市長,李錫錕,無黨籍及未經政黨推薦,7,2556,0.2739
8,中正區,河堤里,2020,立委,蕭曉玲,喜樂島聯盟,8,2930,0.273
8,中正區,河堤里,2020,立委,華珮君,台灣動物保護黨,90,2930,3.0717
8,中正區,河堤里,2020,立委,彭子軒,無黨籍及未經政黨推薦,22,2930,0.7509
8,中正區,河堤里,2020,立委,柯士翎,綠黨,36,2930,1.2287
8,中正區,河堤里,2020,立委,阮昭雄,民主進步黨,1070,2930,36.5188
8,中正區,河堤里,2020,立委,賴士葆,中國國民黨,1435,2930,48.9761
8,中正區,河堤里,2020,立委,顏銘緯,台灣基進,71,2930,2.4232
8,中正區,河堤里,2020,立委,李文,無黨籍及未經政黨推薦,18,2930,0.6143
8,中正區,河堤里,2020,立委,張幸松,台灣民眾黨,180,2930,6.1433
8,中正區,河堤里,2020,總統,宋楚瑜,親民黨,133,2966,4.4842
8,中正區,河堤里,2020,總統,韓國瑜,中國國民黨,1394,2966,46.9993
8,中正區,河堤里,2020,總統,蔡英文,民主進步黨,1439,2966,48.5165
8,中正區,河堤里,2022,市長,張家豪,台灣動物保護黨,12,2434,0.493
8,中正區,河堤里,2022,市長,王文娟,無黨籍及未經政黨推薦,0,2434,0.0
8,中正區,河堤里,2022,市長,鄭匡宇,無黨籍及未經政黨推薦,1,2434,0.0411
8,中正區,河堤里,2022,市長,黃聖峰,台澎黨,2,2434,0.0822
8,中正區,河堤里,2022,市長,童文薰,無黨籍及未經政黨推薦,4,2434,0.1643
8,中正區,河堤里,2022,市長,蔣萬安,中國國民黨,1132,2434,46.5078
8,中正區,河堤里,2022,市長,蘇煥智,台灣維新,7,2434,0.2876
8,中正區,河堤里,2022,市長,黃珊珊,無黨籍及未經政黨推薦,551,2434,22.6376
8,中正區,河堤里,2022,市長,施奉先,無黨籍及未經政黨推薦,1,2434,0.0411
8,中正區,河堤里,2022,市長,唐新民,共和黨,0,2434,0.0
8,中正區,河堤里,2022,市長,謝立康,無黨籍及未經政黨推薦,0,2434,0.0
8,中正區,河堤里,2022,市長,陳時中,民主進步黨,724,2434,29.7453
8,中正區,河堤里,2024,立委,劉佩玲,台灣維新,18,2705,0.6654
8,中正區,河堤里,2024,立委,賴士葆,中國國民黨,1238,2705,45.7671
8,中正區,河堤里,2024,立委,王閔生,民主進步黨,859,2705,31.756
8,中正區,河堤里,2024,立委,賴宣任,小民參政歐巴桑聯盟,137,2705,5.0647
8,中正區,河堤里,2024,立委,夏萬浪,無黨籍及未經政黨推薦,38,2705,1.4048
8,中正區,河堤里,2024,立委,張其祿,台灣民眾黨,405,2705,14.9723
8,中正區,河堤里,2024,立委,張維學,無黨籍及未經政黨推薦,7,2705,0.2588
8,中正區,河堤里,2024,立委,胡之壯,興中同盟會,3,2705,0.1109
8,中正區,河堤里,2024,總統,柯文哲,台灣民眾黨,624,2752,22.6744
8,中正區,河堤里,2024,總統,賴清德,民主進步黨,959,2752,34.8474
8,中正區,河堤里,2024,總統,侯友宜,中國國民黨,1169,2752,42.4782
8,中正區,網溪里,2014,市長,陳汝斌,三等國民公義人權自救黨,4,3608,0.1109
8,中正區,網溪里,2014,市長,趙衍慶,無黨籍及未經政黨推薦,43,3608,1.1918
8,中正區,網溪里,2014,市長,李宏信,無黨籍及未經政黨推薦,12,3608,0.3326
8,中正區,網溪里,2014,市長,陳永昌,無黨籍及未經政黨推薦,5,3608,0.1386
8,中正區,網溪里,2014,市長,馮光遠,無黨籍及未經政黨推薦,24,3608,0.6652
8,中正區,網溪里,2014,市長,連勝文,中國國民黨,1545,3608,42.8215
8,中正區,網溪里,2014,市長,柯文哲,無黨籍及未經政黨推薦,1975,3608,54.7395
8,中正區,網溪里,2016,立委,李慶元,無黨籍及未經政黨推薦,1204,3378,35.6424
8,中正區,網溪里,2016,立委,賴樹聲,無黨籍及未經政黨推薦,27,3378,0.7993
8,中正區,網溪里,2016,立委,苗博雅,綠黨社會民主黨聯盟,452,3378,13.3807
8,中正區,網溪里,2016,立委,賴士葆,中國國民黨,1647,3378,48.7567
8,中正區,網溪里,2016,立委,陳如聖,台灣工黨,16,3378,0.4737
8,中正區,網溪里,2016,立委,方景鈞,無黨籍及未經政黨推薦,32,3378,0.9473
8,中正區,網溪里,2016,總統,朱立倫,中國國民黨,1405,3426,41.0099
8,中正區,網溪里,2016,總統,蔡英文,民主進步黨,1660,3426,48.453
8,中正區,網溪里,2016,總統,宋楚瑜,親民黨,361,3426,10.5371
8,中正區,網溪里,2018,市長,吳蕚洋,無黨籍及未經政黨推薦,20,3378,0.5921
8,中正區,網溪里,2018,市長,丁守中,中國國民黨,1458,3378,43.1616
8,中正區,網溪里,2018,市長,姚文智,民主進步黨,508,3378,15.0385
8,中正區,網溪里,2018,市長,柯文哲,無黨籍及未經政黨推薦,1379,3378,40.823
8,中正區,網溪里,2018,市長,李錫錕,無黨籍及未經政黨推薦,13,3378,0.3848
8,中正區,網溪里,2020,立委,蕭曉玲,喜樂島聯盟,12,3750,0.32
8,中正區,網溪里,2020,立委,華珮君,台灣動物保護黨,104,3750,2.7733
8,中正區,網溪里,2020,立委,彭子軒,無黨籍及未經政黨推薦,31,3750,0.8267
8,中正區,網溪里,2020,立委,柯士翎,綠黨,40,3750,1.0667
8,中正區,網溪里,2020,立委,阮昭雄,民主進步黨,1446,3750,38.56
8,中正區,網溪里,2020,立委,賴士葆,中國國民黨,1809,3750,48.24
8,中正區,網溪里,2020,立委,顏銘緯,台灣基進,89,3750,2.3733
8,中正區,網溪里,2020,立委,李文,無黨籍及未經政黨推薦,20,3750,0.5333
8,中正區,網溪里,2020,立委,張幸松,台灣民眾黨,199,3750,5.3067
8,中正區,網溪里,2020,總統,宋楚瑜,親民黨,155,3806,4.0725
8,中正區,網溪里,2020,總統,韓國瑜,中國國民黨,1722,3806,45.2444
8,中正區,網溪里,2020,總統,蔡英文,民主進步黨,1929,3806,50.6831
8,中正區,網溪里,2022,市長,張家豪,台灣動物保護黨,13,3152,0.4124
8,中正區,網溪里,2022,市長,王文娟,無黨籍及未經政黨推薦,3,3152,0.0952
8,中正區,網溪里,2022,市長,鄭匡宇,無黨籍及未經政黨推薦,2,3152,0.0635
8,中正區,網溪里,2022,市長,黃聖峰,台澎黨,0,3152,0.0
8,中正區,網溪里,2022,市長,童文薰,無黨籍及未經政黨推薦,7,3152,0.2221
8,中正區,網溪里,2022,市長,蔣萬安,中國國民黨,1364,3152,43.2741
8,中正區,網溪里,2022,市長,蘇煥智,台灣維新,1,3152,0.0317
8,中正區,網溪里,2022,市長,黃珊珊,無黨籍及未經政黨推薦,800,3152,25.3807
8,中正區,網溪里,2022,市長,施奉先,無黨籍及未經政黨推薦,0,3152,0.0
8,中正區,網溪里,2022,市長,唐新民,共和黨,0,3152,0.0
8,中正區,網溪里,2022,市長,謝立康,無黨籍及未經政黨推薦,0,3152,0.0
8,中正區,網溪里,2022,市長,陳時中,民主進步黨,962,3152,30.5203
8,中正區,網溪里,2024,立委,劉佩玲,台灣維新,28,3479,0.8048
8,中正區,網溪里,2024,立委,賴士葆,中國國民黨,1422,3479,40.8738
8,中正區,網溪里,2024,立委,王閔生,民主進步黨,1170,3479,33.6304
8,中正區,網溪里,2024,立委,賴宣任,小民參政歐巴桑聯盟,162,3479,4.6565
8,中正區,網溪里,2024,立委,夏萬浪,無黨籍及未經政黨推薦,204,3479,5.8638
8,中正區,網溪里,2024,立委,張其祿,台灣民眾黨,487,3479,13.9983
8,中正區,網溪里,2024,立委,張維學,無黨籍及未經政黨推薦,5,3479,0.1437
8,中正區,網溪里,2024,立委,胡之壯,興中同盟會,1,3479,0.0287
8,中正區,網溪里,2024,總統,柯文哲,台灣民眾黨,818,3535,23.14
8,中正區,網溪里,2024,總統,賴清德,民主進步黨,1309,3535,37.0297
8,中正區,網溪里,2024,總統,侯友宜,中國國民黨,1408,3535,39.8303
8,中正區,螢圃里,2014,市長,陳汝斌,三等國民公義人權自救黨,5,3294,0.1518
8,中正區,螢圃里,2014,市長,趙衍慶,無黨籍及未經政黨推薦,35,3294,1.0625
8,中正區,螢圃里,2014,市長,李宏信,無黨籍及未經政黨推薦,4,3294,0.1214
8,中正區,螢圃里,2014,市長,陳永昌,無黨籍及未經政黨推薦,1,3294,0.0304
8,中正區,螢圃里,2014,市長,馮光遠,無黨籍及未經政黨推薦,29,3294,0.8804
8,中正區,螢圃里,2014,市長,連勝文,中國國民黨,1459,3294,44.2927
8,中正區,螢圃里,2014,市長,柯文哲,無黨籍及未經政黨推薦,1761,3294,53.4608
8,中正區,螢圃里,2016,立委,李慶元,無黨籍及未經政黨推薦,1161,3178,36.5324
8,中正區,螢圃里,2016,立委,賴樹聲,無黨籍及未經政黨推薦,17,3178,0.5349
8,中正區,螢圃里,2016,立委,苗博雅,綠黨社會民主黨聯盟,394,3178,12.3977
8,中正區,螢圃里,2016,立委,賴士葆,中國國民黨,1566,3178,49.2763
8,中正區,螢圃里,2016,立委,陳如聖,台灣工黨,19,3178,0.5979
8,中正區,螢圃里,2016,立委,方景鈞,無黨籍及未經政黨推薦,21,3178,0.6608
8,中正區,螢圃里,2016,總統,朱立倫,中國國民黨,1377,3234,42.5788
8,中正區,螢圃里,2016,總統,蔡英文,民主進步黨,1561,3234,48.2684
8,中正區,螢圃里,2016,總統,宋楚瑜,親民黨,296,3234,9.1528
8,中正區,螢圃里,2018,市長,吳蕚洋,無黨籍及未經政黨推薦,16,3112,0.5141
8,中正區,螢圃里,2018,市長,丁守中,中國國民黨,1397,3112,44.8907
8,中正區,螢圃里,2018,市長,姚文智,民主進步黨,455,3112,14.6208
8,中正區,螢圃里,2018,市長,柯文哲,無黨籍及未經政黨推薦,1227,3112,39.428
8,中正區,螢圃里,2018,市長,李錫錕,無黨籍及未經政黨推薦,17,3112,0.5463
8,中正區,螢圃里,2020,立委,蕭曉玲,喜樂島聯盟,9,3559,0.2529
8,中正區,螢圃里,2020,立委,華珮君,台灣動物保護黨,119,3559,3.3436
8,中正區,螢圃里,2020,立委,彭子軒,無黨籍及未經政黨推薦,26,3559,0.7305
8,中正區,螢圃里,2020,立委,柯士翎,綠黨,57,3559,1.6016
8,中正區,螢圃里,2020,立委,阮昭雄,民主進步黨,1289,3559,36.218
8,中正區,螢圃里,2020,立委,賴士葆,中國國民黨,1745,3559,49.0306
8,中正區,螢圃里,2020,立委,顏銘緯,台灣基進,91,3559,2.5569
8,中正區,螢圃里,2020,立委,李文,無黨籍及未經政黨推薦,27,3559,0.7586
8,中正區,螢圃里,2020,立委,張幸松,台灣民眾黨,196,3559,5.5072
8,中正區,螢圃里,2020,總統,宋楚瑜,親民黨,171,3635,4.7043
8,中正區,螢圃里,2020,總統,韓國瑜,中國國民黨,1678,3635,46.1623
8,中正區,螢圃里,2020,總統,蔡英文,民主進步黨,1786,3635,49.1334
8,中正區,螢圃里,2022,市長,張家豪,台灣動物保護黨,5,3062,0.1633
8,中正區,螢圃里,2022,市長,王文娟,無黨籍及未經政黨推薦,1,3062,0.0327
8,中正區,螢圃里,2022,市長,鄭匡宇,無黨籍及未經政黨推薦,1,3062,0.0327
8,中正區,螢圃里,2022,市長,黃聖峰,台澎黨,0,3062,0.0
8,中正區,螢圃里,2022,市長,童文薰,無黨籍及未經政黨推薦,6,3062,0.196
8,中正區,螢圃里,2022,市長,蔣萬安,中國國民黨,1368,3062,44.6767
8,中正區,螢圃里,2022,市長,蘇煥智,台灣維新,3,3062,0.098
8,中正區,螢圃里,2022,市長,黃珊珊,無黨籍及未經政黨推薦,752,3062,24.5591
8,中正區,螢圃里,2022,市長,施奉先,無黨籍及未經政黨推薦,0,3062,0.0
8,中正區,螢圃里,2022,市長,唐新民,共和黨,2,3062,0.0653
8,中正區,螢圃里,2022,市長,謝立康,無黨籍及未經政黨推薦,0,3062,0.0
8,中正區,螢圃里,2022,市長,陳時中,民主進步黨,924,3062,30.1764
8,中正區,螢圃里,2024,立委,劉佩玲,台灣維新,31,3428,0.9043
8,中正區,螢圃里,2024,立委,賴士葆,中國國民黨,1571,3428,45.8285
8,中正區,螢圃里,2024,立委,王閔生,民主進步黨,1096,3428,31.972
8,中正區,螢圃里,2024,立委,賴宣任,小民參政歐巴桑聯盟,143,3428,4.1715
8,中正區,螢圃里,2024,立委,夏萬浪,無黨籍及未經政黨推薦,50,3428,1.4586
8,中正區,螢圃里,2024,立委,張其祿,台灣民眾黨,534,3428,15.5776
8,中正區,螢圃里,2024,立委,張維學,無黨籍及未經政黨推薦,2,3428,0.0583
8,中正區,螢圃里,2024,立委,胡之壯,興中同盟會,1,3428,0.0292
8,中正區,螢圃里,2024,總統,柯文哲,台灣民眾黨,839,3518,23.8488
8,中正區,螢圃里,2024,總統,賴清德,民主進步黨,1212,3518,34.4514
8,中正區,螢圃里,2024,總統,侯友宜,中國國民黨,1467,3518,41.6998
8,中正區,螢雪里,2014,市長,陳汝斌,三等國民公義人權自救黨,5,2820,0.1773
8,中正區,螢雪里,2014,市長,趙衍慶,無黨籍及未經政黨推薦,28,2820,0.9929
8,中正區,螢雪里,2014,市長,李宏信,無黨籍及未經政黨推薦,6,2820,0.2128
8,中正區,螢雪里,2014,市長,陳永昌,無黨籍及未經政黨推薦,4,2820,0.1418
8,中正區,螢雪里,2014,市長,馮光遠,無黨籍及未經政黨推薦,15,2820,0.5319
8,中正區,螢雪里,2014,市長,連勝文,中國國民黨,1198,2820,42.4823
8,中正區,螢雪里,2014,市長,柯文哲,無黨籍及未經政黨推薦,1564,2820,55.461
8,中正區,螢雪里,2016,立委,李慶元,無黨籍及未經政黨推薦,954,2659,35.8781
8,中正區,螢雪里,2016,立委,賴樹聲,無黨籍及未經政黨推薦,23,2659,0.865
8,中正區,螢雪里,2016,立委,苗博雅,綠黨社會民主黨聯盟,379,2659,14.2535
8,中正區,螢雪里,2016,立委,賴士葆,中國國民黨,1250,2659,47.0102
8,中正區,螢雪里,2016,立委,陳如聖,台灣工黨,22,2659,0.8274
8,中正區,螢雪里,2016,立委,方景鈞,無黨籍及未經政黨推薦,31,2659,1.1659
8,中正區,螢雪里,2016,總統,朱立倫,中國國民黨,1086,2714,40.0147
8,中正區,螢雪里,2016,總統,蔡英文,民主進步黨,1308,2714,48.1945
8,中正區,螢雪里,2016,總統,宋楚瑜,親民黨,320,2714,11.7907
8,中正區,螢雪里,2018,市長,吳蕚洋,無黨籍及未經政黨推薦,9,2551,0.3528
8,中正區,螢雪里,2018,市長,丁守中,中國國民黨,1102,2551,43.1987
8,中正區,螢雪里,2018,市長,姚文智,民主進步黨,418,2551,16.3857
8,中正區,螢雪里,2018,市長,柯文哲,無黨籍及未經政黨推薦,1013,2551,39.7099
8,中正區,螢雪里,2018,市長,李錫錕,無黨籍及未經政黨推薦,9,2551,0.3528
8,中正區,螢雪里,2020,立委,蕭曉玲,喜樂島聯盟,13,2884,0.4508
8,中正區,螢雪里,2020,立委,華珮君,台灣動物保護黨,91,2884,3.1553
8,中正區,螢雪里,2020,立委,彭子軒,無黨籍及未經政黨推薦,20,2884,0.6935
8,中正區,螢雪里,2020,立委,柯士翎,綠黨,59,2884,2.0458
8,中正區,螢雪里,2020,立委,阮昭雄,民主進步黨,1025,2884,35.5409
8,中正區,螢雪里,2020,立委,賴士葆,中國國民黨,1389,2884,48.1623
8,中正區,螢雪里,2020,立委,顏銘緯,台灣基進,73,2884,2.5312
8,中正區,螢雪里,2020,立委,李文,無黨籍及未經政黨推薦,15,2884,0.5201
8,中正區,螢雪里,2020,立委,張幸松,台灣民眾黨,199,2884,6.9001
8,中正區,螢雪里,2020,總統,宋楚瑜,親民黨,111,2925,3.7949
8,中正區,螢雪里,2020,總統,韓國瑜,中國國民黨,1370,2925,46.8376
8,中正區,螢雪里,2020,總統,蔡英文,民主進步黨,1444,2925,49.3675
8,中正區,螢雪里,2022,市長,張家豪,台灣動物保護黨,3,2347,0.1278
8,中正區,螢雪里,2022,市長,王文娟,無黨籍及未經政黨推薦,4,2347,0.1704
8,中正區,螢雪里,2022,市長,鄭匡宇,無黨籍及未經政黨推薦,2,2347,0.0852
8,中正區,螢雪里,2022,市長,黃聖峰,台澎黨,0,2347,0.0
8,中正區,螢雪里,2022,市長,童文薰,無黨籍及未經政黨推薦,6,2347,0.2556
8,中正區,螢雪里,2022,市長,蔣萬安,中國國民黨,1082,2347,46.1014
8,中正區,螢雪里,2022,市長,蘇煥智,台灣維新,5,2347,0.213
8,中正區,螢雪里,2022,市長,黃珊珊,無黨籍及未經政黨推薦,562,2347,23.9455
8,中正區,螢雪里,2022,市長,施奉先,無黨籍及未經政黨推薦,1,2347,0.0426
8,中正區,螢雪里,2022,市長,唐新民,共和黨,0,2347,0.0
8,中正區,螢雪里,2022,市長,謝立康,無黨籍及未經政黨推薦,0,2347,0.0
8,中正區,螢雪里,2022,市長,陳時中,民主進步黨,682,2347,29.0584
8,中正區,螢雪里,2024,立委,劉佩玲,台灣維新,30,2561,1.1714
8,中正區,螢雪里,2024,立委,賴士葆,中國國民黨,1137,2561,44.3967
8,中正區,螢雪里,2024,立委,王閔生,民主進步黨,814,2561,31.7845
8,中正區,螢雪里,2024,立委,賴宣任,小民參政歐巴桑聯盟,135,2561,5.2714
8,中正區,螢雪里,2024,立委,夏萬浪,無黨籍及未經政黨推薦,21,2561,0.82
8,中正區,螢雪里,2024,立委,張其祿,台灣民眾黨,419,2561,16.3608
8,中正區,螢雪里,2024,立委,張維學,無黨籍及未經政黨推薦,4,2561,0.1562
8,中正區,螢雪里,2024,立委,胡之壯,興中同盟會,1,2561,0.039
8,中正區,螢雪里,2024,總統,柯文哲,台灣民眾黨,664,2608,25.4601
8,中正區,螢雪里,2024,總統,賴清德,民主進步黨,898,2608,34.4325
8,中正區,螢雪里,2024,總統,侯友宜,中國國民黨,1046,2608,40.1074
8,中正區,頂東里,2014,市長,陳汝斌,三等國民公義人權自救黨,0,3673,0.0
8,中正區,頂東里,2014,市長,趙衍慶,無黨籍及未經政黨推薦,39,3673,1.0618
8,中正區,頂東里,2014,市長,李宏信,無黨籍及未經政黨推薦,8,3673,0.2178
8,中正區,頂東里,2014,市長,陳永昌,無黨籍及未經政黨推薦,8,3673,0.2178
8,中正區,頂東里,2014,市長,馮光遠,無黨籍及未經政黨推薦,28,3673,0.7623
8,中正區,頂東里,2014,市長,連勝文,中國國民黨,1497,3673,40.7569
8,中正區,頂東里,2014,市長,柯文哲,無黨籍及未經政黨推薦,2093,3673,56.9834
8,中正區,頂東里,2016,立委,李慶元,無黨籍及未經政黨推薦,1337,3615,36.9848
8,中正區,頂東里,2016,立委,賴樹聲,無黨籍及未經政黨推薦,31,3615,0.8575
8,中正區,頂東里,2016,立委,苗博雅,綠黨社會民主黨聯盟,492,3615,13.61
8,中正區,頂東里,2016,立委,賴士葆,中國國民黨,1708,3615,47.2476
8,中正區,頂東里,2016,立委,陳如聖,台灣工黨,16,3615,0.4426
8,中正區,頂東里,2016,立委,方景鈞,無黨籍及未經政黨推薦,31,3615,0.8575
8,中正區,頂東里,2016,總統,朱立倫,中國國民黨,1445,3649,39.5999
8,中正區,頂東里,2016,總統,蔡英文,民主進步黨,1835,3649,50.2878
8,中正區,頂東里,2016,總統,宋楚瑜,親民黨,369,3649,10.1124
8,中正區,頂東里,2018,市長,吳蕚洋,無黨籍及未經政黨推薦,19,3499,0.543
8,中正區,頂東里,2018,市長,丁守中,中國國民黨,1426,3499,40.7545
8,中正區,頂東里,2018,市長,姚文智,民主進步黨,571,3499,16.3189
8,中正區,頂東里,2018,市長,柯文哲,無黨籍及未經政黨推薦,1466,3499,41.8977
8,中正區,頂東里,2018,市長,李錫錕,無黨籍及未經政黨推薦,17,3499,0.4859
8,中正區,頂東里,2020,立委,蕭曉玲,喜樂島聯盟,28,3879,0.7218
8,中正區,頂東里,2020,立委,華珮君,台灣動物保護黨,97,3879,2.5006
8,中正區,頂東里,2020,立委,彭子軒,無黨籍及未經政黨推薦,27,3879,0.6961
8,中正區,頂東里,2020,立委,柯士翎,綠黨,61,3879,1.5726
8,中正區,頂東里,2020,立委,阮昭雄,民主進步黨,1513,3879,39.0049
8,中正區,頂東里,2020,立委,賴士葆,中國國民黨,1820,3879,46.9193
8,中正區,頂東里,2020,立委,顏銘緯,台灣基進,115,3879,2.9647
8,中正區,頂東里,2020,立委,李文,無黨籍及未經政黨推薦,23,3879,0.5929
8,中正區,頂東里,2020,立委,張幸松,台灣民眾黨,195,3879,5.0271
8,中正區,頂東里,2020,總統,宋楚瑜,親民黨,172,3933,4.3733
8,中正區,頂東里,2020,總統,韓國瑜,中國國民黨,1731,3933,44.0122
8,中正區,頂東里,2020,總統,蔡英文,民主進步黨,2030,3933,51.6145
8,中正區,頂東里,2022,市長,張家豪,台灣動物保護黨,6,3308,0.1814
8,中正區,頂東里,2022,市長,王文娟,無黨籍及未經政黨推薦,2,3308,0.0605
8,中正區,頂東里,2022,市長,鄭匡宇,無黨籍及未經政黨推薦,3,3308,0.0907
8,中正區,頂東里,2022,市長,黃聖峰,台澎黨,0,3308,0.0
8,中正區,頂東里,2022,市長,童文薰,無黨籍及未經政黨推薦,12,3308,0.3628
8,中正區,頂東里,2022,市長,蔣萬安,中國國民黨,1444,3308,43.6518
8,中正區,頂東里,2022,市長,蘇煥智,台灣維新,4,3308,0.1209
8,中正區,頂東里,2022,市長,黃珊珊,無黨籍及未經政黨推薦,788,3308,23.821
8,中正區,頂東里,2022,市長,施奉先,無黨籍及未經政黨推薦,0,3308,0.0
8,中正區,頂東里,2022,市長,唐新民,共和黨,0,3308,0.0
8,中正區,頂東里,2022,市長,謝立康,無黨籍及未經政黨推薦,0,3308,0.0
8,中正區,頂東里,2022,市長,陳時中,民主進步黨,1049,3308,31.711
8,中正區,頂東里,2024,立委,劉佩玲,台灣維新,31,3714,0.8347
8,中正區,頂東里,2024,立委,賴士葆,中國國民黨,1624,3714,43.7264
8,中正區,頂東里,2024,立委,王閔生,民主進步黨,1308,3714,35.2181
8,中正區,頂東里,2024,立委,賴宣任,小民參政歐巴桑聯盟,173,3714,4.6581
8,中正區,頂東里,2024,立委,夏萬浪,無黨籍及未經政黨推薦,15,3714,0.4039
8,中正區,頂東里,2024,立委,張其祿,台灣民眾黨,559,3714,15.0512
8,中正區,頂東里,2024,立委,張維學,無黨籍及未經政黨推薦,3,3714,0.0808
8,中正區,頂東里,2024,立委,胡之壯,興中同盟會,1,3714,0.0269
8,中正區,頂東里,2024,總統,柯文哲,台灣民眾黨,833,3793,21.9615
8,中正區,頂東里,2024,總統,賴清德,民主進步黨,1446,3793,38.1229
8,中正區,頂東里,2024,總統,侯友宜,中國國民黨,1514,3793,39.9156
8,文山區,博嘉里,2014,市長,陳汝斌,三等國民公義人權自救黨,6,3271,0.1834
8,文山區,博嘉里,2014,市長,趙衍慶,無黨籍及未經政黨推薦,43,3271,1.3146
8,文山區,博嘉里,2014,市長,李宏信,無黨籍及未經政黨推薦,5,3271,0.1529
8,文山區,博嘉里,2014,市長,陳永昌,無黨籍及未經政黨推薦,2,3271,0.0611
8,文山區,博嘉里,2014,市長,馮光遠,無黨籍及未經政黨推薦,26,3271,0.7949
8,文山區,博嘉里,2014,市長,連勝文,中國國民黨,1509,3271,46.1327
8,文山區,博嘉里,2014,市長,柯文哲,無黨籍及未經政黨推薦,1680,3271,51.3604
8,文山區,博嘉里,2016,立委,李慶元,無黨籍及未經政黨推薦,1303,3119,41.7762
8,文山區,博嘉里,2016,立委,賴樹聲,無黨籍及未經政黨推薦,25,3119,0.8015
8,文山區,博嘉里,2016,立委,苗博雅,綠黨社會民主黨聯盟,364,3119,11.6704
8,文山區,博嘉里,2016,立委,賴士葆,中國國民黨,1394,3119,44.6938
8,文山區,博嘉里,2016,立委,陳如聖,台灣工黨,19,3119,0.6092
8,文山區,博嘉里,2016,立委,方景鈞,無黨籍及未經政黨推薦,14,3119,0.4489
8,文山區,博嘉里,2016,總統,朱立倫,中國國民黨,1354,3186,42.4984
8,文山區,博嘉里,2016,總統,蔡英文,民主進步黨,1479,3186,46.4218
8,文山區,博嘉里,2016,總統,宋楚瑜,親民黨,353,3186,11.0797
8,文山區,博嘉里,2018,市長,吳蕚洋,無黨籍及未經政黨推薦,23,3390,0.6785
8,文山區,博嘉里,2018,市長,丁守中,中國國民黨,1556,3390,45.8997
8,文山區,博嘉里,2018,市長,姚文智,民主進步黨,495,3390,14.6018
8,文山區,博嘉里,2018,市長,柯文哲,無黨籍及未經政黨推薦,1303,3390,38.4366
8,文山區,博嘉里,2018,市長,李錫錕,無黨籍及未經政黨推薦,13,3390,0.3835
8,文山區,博嘉里,2020,立委,蕭曉玲,喜樂島聯盟,5,3663,0.1365
8,文山區,博嘉里,2020,立委,華珮君,台灣動物保護黨,147,3663,4.0131
8,文山區,博嘉里,2020,立委,彭子軒,無黨籍及未經政黨推薦,21,3663,0.5733
8,文山區,博嘉里,2020,立委,柯士翎,綠黨,41,3663,1.1193
8,文山區,博嘉里,2020,立委,阮昭雄,民主進步黨,1347,3663,36.7731
8,文山區,博嘉里,2020,立委,賴士葆,中國國民黨,1772,3663,48.3756
8,文山區,博嘉里,2020,立委,顏銘緯,台灣基進,92,3663,2.5116
8,文山區,博嘉里,2020,立委,李文,無黨籍及未經政黨推薦,16,3663,0.4368
8,文山區,博嘉里,2020,立委,張幸松,台灣民眾黨,222,3663,6.0606
8,文山區,博嘉里,2020,總統,宋楚瑜,親民黨,185,3730,4.9598
8,文山區,博嘉里,2020,總統,韓國瑜,中國國民黨,1749,3730,46.8901
8,文山區,博嘉里,2020,總統,蔡英文,民主進步黨,1796,3730,48.1501
8,文山區,博嘉里,2022,市長,張家豪,台灣動物保護黨,6,3127,0.1919
8,文山區,博嘉里,2022,市長,王文娟,無黨籍及未經政黨推薦,0,3127,0.0
8,文山區,博嘉里,2022,市長,鄭匡宇,無黨籍及未經政黨推薦,2,3127,0.064
8,文山區,博嘉里,2022,市長,黃聖峰,台澎黨,1,3127,0.032
8,文山區,博嘉里,2022,市長,童文薰,無黨籍及未經政黨推薦,5,3127,0.1599
8,文山區,博嘉里,2022,市長,蔣萬安,中國國民黨,1490,3127,47.6495
8,文山區,博嘉里,2022,市長,蘇煥智,台灣維新,7,3127,0.2239
8,文山區,博嘉里,2022,市長,黃珊珊,無黨籍及未經政黨推薦,731,3127,23.377
8,文山區,博嘉里,2022,市長,施奉先,無黨籍及未經政黨推薦,0,3127,0.0
8,文山區,博嘉里,2022,市長,唐新民,共和黨,0,3127,0.0
8,文山區,博嘉里,2022,市長,謝立康,無黨籍及未經政黨推薦,1,3127,0.032
8,文山區,博嘉里,2022,市長,陳時中,民主進步黨,884,3127,28.2699
8,文山區,博嘉里,2024,立委,劉佩玲,台灣維新,20,3448,0.58
8,文山區,博嘉里,2024,立委,賴士葆,中國國民黨,1583,3448,45.9107
8,文山區,博嘉里,2024,立委,王閔生,民主進步黨,1241,3448,35.9919
8,文山區,博嘉里,2024,立委,賴宣任,小民參政歐巴桑聯盟,110,3448,3.1903
8,文山區,博嘉里,2024,立委,夏萬浪,無黨籍及未經政黨推薦,13,3448,0.377
8,文山區,博嘉里,2024,立委,張其祿,台灣民眾黨,474,3448,13.7471
8,文山區,博嘉里,2024,立委,張維學,無黨籍及未經政黨推薦,5,3448,0.145
8,文山區,博嘉里,2024,立委,胡之壯,興中同盟會,2,3448,0.058
8,文山區,博嘉里,2024,總統,柯文哲,台灣民眾黨,852,3543,24.0474
8,文山區,博嘉里,2024,總統,賴清德,民主進步黨,1227,3543,34.6317
8,文山區,博嘉里,2024,總統,侯友宜,中國國民黨,1464,3543,41.3209
8,文山區,忠順里,2014,市長,陳汝斌,三等國民公義人權自救黨,1,2297,0.0435
8,文山區,忠順里,2014,市長,趙衍慶,無黨籍及未經政黨推薦,32,2297,1.3931
8,文山區,忠順里,2014,市長,李宏信,無黨籍及未經政黨推薦,2,2297,0.0871
8,文山區,忠順里,2014,市長,陳永昌,無黨籍及未經政黨推薦,2,2297,0.0871
8,文山區,忠順里,2014,市長,馮光遠,無黨籍及未經政黨推薦,21,2297,0.9142
8,文山區,忠順里,2014,市長,連勝文,中國國民黨,1219,2297,53.0692
8,文山區,忠順里,2014,市長,柯文哲,無黨籍及未經政黨推薦,1020,2297,44.4057
8,文山區,忠順里,2016,立委,李慶元,無黨籍及未經政黨推薦,725,2330,31.1159
8,文山區,忠順里,2016,立委,賴樹聲,無黨籍及未經政黨推薦,17,2330,0.7296
8,文山區,忠順里,2016,立委,苗博雅,綠黨社會民主黨聯盟,273,2330,11.7167
8,文山區,忠順里,2016,立委,賴士葆,中國國民黨,1285,2330,55.1502
8,文山區,忠順里,2016,立委,陳如聖,台灣工黨,16,2330,0.6867
8,文山區,忠順里,2016,立委,方景鈞,無黨籍及未經政黨推薦,14,2330,0.6009
8,文山區,忠順里,2016,總統,朱立倫,中國國民黨,1208,2354,51.3169
8,文山區,忠順里,2016,總統,蔡英文,民主進步黨,889,2354,37.7655
8,文山區,忠順里,2016,總統,宋楚瑜,親民黨,257,2354,10.9176
8,文山區,忠順里,2018,市長,吳蕚洋,無黨籍及未經政黨推薦,5,2460,0.2033
8,文山區,忠順里,2018,市長,丁守中,中國國民黨,1317,2460,53.5366
8,文山區,忠順里,2018,市長,姚文智,民主進步黨,254,2460,10.3252
8,文山區,忠順里,2018,市長,柯文哲,無黨籍及未經政黨推薦,867,2460,35.2439
8,文山區,忠順里,2018,市長,李錫錕,無黨籍及未經政黨推薦,17,2460,0.6911
8,文山區,忠順里,2020,立委,蕭曉玲,喜樂島聯盟,5,2703,0.185
8,文山區,忠順里,2020,立委,華珮君,台灣動物保護黨,117,2703,4.3285
8,文山區,忠順里,2020,立委,彭子軒,無黨籍及未經政黨推薦,21,2703,0.7769
8,文山區,忠順里,2020,立委,柯士翎,綠黨,18,2703,0.6659
8,文山區,忠順里,2020,立委,阮昭雄,民主進步黨,787,2703,29.1158
8,文山區,忠順里,2020,立委,賴士葆,中國國民黨,1501,2703,55.5309
8,文山區,忠順里,2020,立委,顏銘緯,台灣基進,45,2703,1.6648
8,文山區,忠順里,2020,立委,李文,無黨籍及未經政黨推薦,21,2703,0.7769
8,文山區,忠順里,2020,立委,張幸松,台灣民眾黨,188,2703,6.9552
8,文山區,忠順里,2020,總統,宋楚瑜,親民黨,118,2722,4.335
8,文山區,忠順里,2020,總統,韓國瑜,中國國民黨,1504,2722,55.2535
8,文山區,忠順里,2020,總統,蔡英文,民主進步黨,1100,2722,40.4115
8,文山區,忠順里,2022,市長,張家豪,台灣動物保護黨,3,2398,0.1251
8,文山區,忠順里,2022,市長,王文娟,無黨籍及未經政黨推薦,0,2398,0.0
8,文山區,忠順里,2022,市長,鄭匡宇,無黨籍及未經政黨推薦,0,2398,0.0
8,文山區,忠順里,2022,市長,黃聖峰,台澎黨,0,2398,0.0
8,文山區,忠順里,2022,市長,童文薰,無黨籍及未經政黨推薦,6,2398,0.2502
8,文山區,忠順里,2022,市長,蔣萬安,中國國民黨,1287,2398,53.6697
8,文山區,忠順里,2022,市長,蘇煥智,台灣維新,5,2398,0.2085
8,文山區,忠順里,2022,市長,黃珊珊,無黨籍及未經政黨推薦,574,2398,23.9366
8,文山區,忠順里,2022,市長,施奉先,無黨籍及未經政黨推薦,0,2398,0.0
8,文山區,忠順里,2022,市長,唐新民,共和黨,0,2398,0.0
8,文山區,忠順里,2022,市長,謝立康,無黨籍及未經政黨推薦,0,2398,0.0
8,文山區,忠順里,2022,市長,陳時中,民主進步黨,523,2398,21.8098
8,文山區,忠順里,2024,立委,劉佩玲,台灣維新,9,2690,0.3346
8,文山區,忠順里,2024,立委,賴士葆,中國國民黨,1428,2690,53.0855
8,文山區,忠順里,2024,立委,王閔生,民主進步黨,777,2690,28.8848
8,文山區,忠順里,2024,立委,賴宣任,小民參政歐巴桑聯盟,64,2690,2.3792
8,文山區,忠順里,2024,立委,夏萬浪,無黨籍及未經政黨推薦,8,2690,0.2974
8,文山區,忠順里,2024,立委,張其祿,台灣民眾黨,399,2690,14.8327
8,文山區,忠順里,2024,立委,張維學,無黨籍及未經政黨推薦,3,2690,0.1115
8,文山區,忠順里,2024,立委,胡之壯,興中同盟會,2,2690,0.0743
8,文山區,忠順里,2024,總統,柯文哲,台灣民眾黨,620,2735,22.6691
8,文山區,忠順里,2024,總統,賴清德,民主進步黨,755,2735,27.6051
8,文山區,忠順里,2024,總統,侯友宜,中國國民黨,1360,2735,49.7258
8,文山區,指南里,2014,市長,陳汝斌,三等國民公義人權自救黨,3,2003,0.1498
8,文山區,指南里,2014,市長,趙衍慶,無黨籍及未經政黨推薦,22,2003,1.0984
8,文山區,指南里,2014,市長,李宏信,無黨籍及未經政黨推薦,1,2003,0.0499
8,文山區,指南里,2014,市長,陳永昌,無黨籍及未經政黨推薦,4,2003,0.1997
8,文山區,指南里,2014,市長,馮光遠,無黨籍及未經政黨推薦,17,2003,0.8487
8,文山區,指南里,2014,市長,連勝文,中國國民黨,765,2003,38.1927
8,文山區,指南里,2014,市長,柯文哲,無黨籍及未經政黨推薦,1191,2003,59.4608
8,文山區,指南里,2016,立委,李慶元,無黨籍及未經政黨推薦,1086,2114,51.3718
8,文山區,指南里,2016,立委,賴樹聲,無黨籍及未經政黨推薦,12,2114,0.5676
8,文山區,指南里,2016,立委,苗博雅,綠黨社會民主黨聯盟,251,2114,11.8732
8,文山區,指南里,2016,立委,賴士葆,中國國民黨,739,2114,34.9574
8,文山區,指南里,2016,立委,陳如聖,台灣工黨,10,2114,0.473
8,文山區,指南里,2016,立委,方景鈞,無黨籍及未經政黨推薦,16,2114,0.7569
8,文山區,指南里,2016,總統,朱立倫,中國國民黨,747,2142,34.8739
8,文山區,指南里,2016,總統,蔡英文,民主進步黨,1114,2142,52.0075
8,文山區,指南里,2016,總統,宋楚瑜,親民黨,281,2142,13.1186
8,文山區,指南里,2018,市長,吳蕚洋,無黨籍及未經政黨推薦,12,2164,0.5545
8,文山區,指南里,2018,市長,丁守中,中國國民黨,858,2164,39.6488
8,文山區,指南里,2018,市長,姚文智,民主進步黨,374,2164,17.2828
8,文山區,指南里,2018,市長,柯文哲,無黨籍及未經政黨推薦,908,2164,41.9593
8,文山區,指南里,2018,市長,李錫錕,無黨籍及未經政黨推薦,12,2164,0.5545
8,文山區,指南里,2020,立委,蕭曉玲,喜樂島聯盟,5,2491,0.2007
8,文山區,指南里,2020,立委,華珮君,台灣動物保護黨,94,2491,3.7736
8,文山區,指南里,2020,立委,彭子軒,無黨籍及未經政黨推薦,21,2491,0.843
8,文山區,指南里,2020,立委,柯士翎,綠黨,31,2491,1.2445
8,文山區,指南里,2020,立委,阮昭雄,民主進步黨,1007,2491,40.4255
8,文山區,指南里,2020,立委,賴士葆,中國國民黨,1081,2491,43.3962
8,文山區,指南里,2020,立委,顏銘緯,台灣基進,51,2491,2.0474
8,文山區,指南里,2020,立委,李文,無黨籍及未經政黨推薦,14,2491,0.562
8,文山區,指南里,2020,立委,張幸松,台灣民眾黨,187,2491,7.507
8,文山區,指南里,2020,總統,宋楚瑜,親民黨,96,2529,3.796
8,文山區,指南里,2020,總統,韓國瑜,中國國民黨,1078,2529,42.6255
8,文山區,指南里,2020,總統,蔡英文,民主進步黨,1355,2529,53.5785
8,文山區,指南里,2022,市長,張家豪,台灣動物保護黨,8,2224,0.3597
8,文山區,指南里,2022,市長,王文娟,無黨籍及未經政黨推薦,1,2224,0.045
8,文山區,指南里,2022,市長,鄭匡宇,無黨籍及未經政黨推薦,3,2224,0.1349
8,文山區,指南里,2022,市長,黃聖峰,台澎黨,0,2224,0.0
8,文山區,指南里,2022,市長,童文薰,無黨籍及未經政黨推薦,5,2224,0.2248
8,文山區,指南里,2022,市長,蔣萬安,中國國民黨,910,2224,40.9173
8,文山區,指南里,2022,市長,蘇煥智,台灣維新,7,2224,0.3147
8,文山區,指南里,2022,市長,黃珊珊,無黨籍及未經政黨推薦,609,2224,27.3831
8,文山區,指南里,2022,市長,施奉先,無黨籍及未經政黨推薦,0,2224,0.0
8,文山區,指南里,2022,市長,唐新民,共和黨,0,2224,0.0
8,文山區,指南里,2022,市長,謝立康,無黨籍及未經政黨推薦,1,2224,0.045
8,文山區,指南里,2022,市長,陳時中,民主進步黨,680,2224,30.5755
8,文山區,指南里,2024,立委,劉佩玲,台灣維新,12,2448,0.4902
8,文山區,指南里,2024,立委,賴士葆,中國國民黨,999,2448,40.8088
8,文山區,指南里,2024,立委,王閔生,民主進步黨,941,2448,38.4395
8,文山區,指南里,2024,立委,賴宣任,小民參政歐巴桑聯盟,98,2448,4.0033
8,文山區,指南里,2024,立委,夏萬浪,無黨籍及未經政黨推薦,6,2448,0.2451
8,文山區,指南里,2024,立委,張其祿,台灣民眾黨,388,2448,15.8497
8,文山區,指南里,2024,立委,張維學,無黨籍及未經政黨推薦,2,2448,0.0817
8,文山區,指南里,2024,立委,胡之壯,興中同盟會,2,2448,0.0817
8,文山區,指南里,2024,總統,柯文哲,台灣民眾黨,652,2506,26.0176
8,文山區,指南里,2024,總統,賴清德,民主進步黨,923,2506,36.8316
8,文山區,指南里,2024,總統,侯友宜,中國國民黨,931,2506,37.1508
8,文山區,政大里,2014,市長,陳汝斌,三等國民公義人權自救黨,3,3670,0.0817
8,文山區,政大里,2014,市長,趙衍慶,無黨籍及未經政黨推薦,59,3670,1.6076
8,文山區,政大里,2014,市長,李宏信,無黨籍及未經政黨推薦,4,3670,0.109
8,文山區,政大里,2014,市長,陳永昌,無黨籍及未經政黨推薦,6,3670,0.1635
8,文山區,政大里,2014,市長,馮光遠,無黨籍及未經政黨推薦,18,3670,0.4905
8,文山區,政大里,2014,市長,連勝文,中國國民黨,1667,3670,45.4223
8,文山區,政大里,2014,市長,柯文哲,無黨籍及未經政黨推薦,1913,3670,52.1253
8,文山區,政大里,2016,立委,李慶元,無黨籍及未經政黨推薦,1371,3797,36.1075
8,文山區,政大里,2016,立委,賴樹聲,無黨籍及未經政黨推薦,19,3797,0.5004
8,文山區,政大里,2016,立委,苗博雅,綠黨社會民主黨聯盟,539,3797,14.1954
8,文山區,政大里,2016,立委,賴士葆,中國國民黨,1827,3797,48.1169
8,文山區,政大里,2016,立委,陳如聖,台灣工黨,15,3797,0.395
8,文山區,政大里,2016,立委,方景鈞,無黨籍及未經政黨推薦,26,3797,0.6848
8,文山區,政大里,2016,總統,朱立倫,中國國民黨,1670,3804,43.9012
8,文山區,政大里,2016,總統,蔡英文,民主進步黨,1719,3804,45.1893
8,文山區,政大里,2016,總統,宋楚瑜,親民黨,415,3804,10.9096
8,文山區,政大里,2018,市長,吳蕚洋,無黨籍及未經政黨推薦,25,3913,0.6389
8,文山區,政大里,2018,市長,丁守中,中國國民黨,1756,3913,44.8761
8,文山區,政大里,2018,市長,姚文智,民主進步黨,456,3913,11.6535
8,文山區,政大里,2018,市長,柯文哲,無黨籍及未經政黨推薦,1660,3913,42.4227
8,文山區,政大里,2018,市長,李錫錕,無黨籍及未經政黨推薦,16,3913,0.4089
8,文山區,政大里,2020,立委,蕭曉玲,喜樂島聯盟,10,4505,0.222
8,文山區,政大里,2020,立委,華珮君,台灣動物保護黨,177,4505,3.929
8,文山區,政大里,2020,立委,彭子軒,無黨籍及未經政黨推薦,32,4505,0.7103
8,文山區,政大里,2020,立委,柯士翎,綠黨,60,4505,1.3319
8,文山區,政大里,2020,立委,阮昭雄,民主進步黨,1627,4505,36.1154
8,文山區,政大里,2020,立委,賴士葆,中國國民黨,2160,4505,47.9467
8,文山區,政大里,2020,立委,顏銘緯,台灣基進,111,4505,2.4639
8,文山區,政大里,2020,立委,李文,無黨籍及未經政黨推薦,21,4505,0.4661
8,文山區,政大里,2020,立委,張幸松,台灣民眾黨,307,4505,6.8147
8,文山區,政大里,2020,總統,宋楚瑜,親民黨,231,4543,5.0847
8,文山區,政大里,2020,總統,韓國瑜,中國國民黨,2107,4543,46.379
8,文山區,政大里,2020,總統,蔡英文,民主進步黨,2205,4543,48.5362
8,文山區,政大里,2022,市長,張家豪,台灣動物保護黨,5,4027,0.1242
8,文山區,政大里,2022,市長,王文娟,無黨籍及未經政黨推薦,1,4027,0.0248
8,文山區,政大里,2022,市長,鄭匡宇,無黨籍及未經政黨推薦,2,4027,0.0497
8,文山區,政大里,2022,市長,黃聖峰,台澎黨,2,4027,0.0497
8,文山區,政大里,2022,市長,童文薰,無黨籍及未經政黨推薦,3,4027,0.0745
8,文山區,政大里,2022,市長,蔣萬安,中國國民黨,1840,4027,45.6916
8,文山區,政大里,2022,市長,蘇煥智,台灣維新,5,4027,0.1242
8,文山區,政大里,2022,市長,黃珊珊,無黨籍及未經政黨推薦,1105,4027,27.4398
8,文山區,政大里,2022,市長,施奉先,無黨籍及未經政黨推薦,1,4027,0.0248
8,文山區,政大里,2022,市長,唐新民,共和黨,0,4027,0.0
8,文山區,政大里,2022,市長,謝立康,無黨籍及未經政黨推薦,0,4027,0.0
8,文山區,政大里,2022,市長,陳時中,民主進步黨,1063,4027,26.3968
8,文山區,政大里,2024,立委,劉佩玲,台灣維新,18,4601,0.3912
8,文山區,政大里,2024,立委,賴士葆,中國國民黨,2146,4601,46.642
8,文山區,政大里,2024,立委,王閔生,民主進步黨,1478,4601,32.1235
8,文山區,政大里,2024,立委,賴宣任,小民參政歐巴桑聯盟,176,4601,3.8253
8,文山區,政大里,2024,立委,夏萬浪,無黨籍及未經政黨推薦,19,4601,0.413
8,文山區,政大里,2024,立委,張其祿,台灣民眾黨,752,4601,16.3443
8,文山區,政大里,2024,立委,張維學,無黨籍及未經政黨推薦,6,4601,0.1304
8,文山區,政大里,2024,立委,胡之壯,興中同盟會,6,4601,0.1304
8,文山區,政大里,2024,總統,柯文哲,台灣民眾黨,1145,4681,24.4606
8,文山區,政大里,2024,總統,賴清德,民主進步黨,1571,4681,33.5612
8,文山區,政大里,2024,總統,侯友宜,中國國民黨,1965,4681,41.9782
8,文山區,明義里,2014,市長,陳汝斌,三等國民公義人權自救黨,2,2191,0.0913
8,文山區,明義里,2014,市長,趙衍慶,無黨籍及未經政黨推薦,29,2191,1.3236
8,文山區,明義里,2014,市長,李宏信,無黨籍及未經政黨推薦,5,2191,0.2282
8,文山區,明義里,2014,市長,陳永昌,無黨籍及未經政黨推薦,3,2191,0.1369
8,文山區,明義里,2014,市長,馮光遠,無黨籍及未經政黨推薦,15,2191,0.6846
8,文山區,明義里,2014,市長,連勝文,中國國民黨,1194,2191,54.4957
8,文山區,明義里,2014,市長,柯文哲,無黨籍及未經政黨推薦,943,2191,43.0397
8,文山區,明義里,2016,立委,李慶元,無黨籍及未經政黨推薦,714,1996,35.7715
8,文山區,明義里,2016,立委,賴樹聲,無黨籍及未經政黨推薦,14,1996,0.7014
8,文山區,明義里,2016,立委,苗博雅,綠黨社會民主黨聯盟,161,1996,8.0661
8,文山區,明義里,2016,立委,賴士葆,中國國民黨,1090,1996,54.6092
8,文山區,明義里,2016,立委,陳如聖,台灣工黨,8,1996,0.4008
8,文山區,明義里,2016,立委,方景鈞,無黨籍及未經政黨推薦,9,1996,0.4509
8,文山區,明義里,2016,總統,朱立倫,中國國民黨,1047,2053,50.9985
8,文山區,明義里,2016,總統,蔡英文,民主進步黨,796,2053,38.7725
8,文山區,明義里,2016,總統,宋楚瑜,親民黨,210,2053,10.2289
8,文山區,明義里,2018,市長,吳蕚洋,無黨籍及未經政黨推薦,9,1991,0.452
8,文山區,明義里,2018,市長,丁守中,中國國民黨,1012,1991,50.8287
8,文山區,明義里,2018,市長,姚文智,民主進步黨,252,1991,12.657
8,文山區,明義里,2018,市長,柯文哲,無黨籍及未經政黨推薦,706,1991,35.4596
8,文山區,明義里,2018,市長,李錫錕,無黨籍及未經政黨推薦,12,1991,0.6027
8,文山區,明義里,2020,立委,蕭曉玲,喜樂島聯盟,9,2583,0.3484
8,文山區,明義里,2020,立委,華珮君,台灣動物保護黨,115,2583,4.4522
8,文山區,明義里,2020,立委,彭子軒,無黨籍及未經政黨推薦,23,2583,0.8904
8,文山區,明義里,2020,立委,柯士翎,綠黨,30,2583,1.1614
8,文山區,明義里,2020,立委,阮昭雄,民主進步黨,810,2583,31.3589
8,文山區,明義里,2020,立委,賴士葆,中國國民黨,1263,2583,48.8966
8,文山區,明義里,2020,立委,顏銘緯,台灣基進,89,2583,3.4456
8,文山區,明義里,2020,立委,李文,無黨籍及未經政黨推薦,18,2583,0.6969
8,文山區,明義里,2020,立委,張幸松,台灣民眾黨,226,2583,8.7495
8,文山區,明義里,2020,總統,宋楚瑜,親民黨,125,2690,4.6468
8,文山區,明義里,2020,總統,韓國瑜,中國國民黨,1287,2690,47.8439
8,文山區,明義里,2020,總統,蔡英文,民主進步黨,1278,2690,47.5093
8,文山區,明義里,2022,市長,張家豪,台灣動物保護黨,10,2038,0.4907
8,文山區,明義里,2022,市長,王文娟,無黨籍及未經政黨推薦,0,2038,0.0
8,文山區,明義里,2022,市長,鄭匡宇,無黨籍及未經政黨推薦,2,2038,0.0981
8,文山區,明義里,2022,市長,黃聖峰,台澎黨,2,2038,0.0981
8,文山區,明義里,2022,市長,童文薰,無黨籍及未經政黨推薦,6,2038,0.2944
8,文山區,明義里,2022,市長,蔣萬安,中國國民黨,1031,2038,50.5888
8,文山區,明義里,2022,市長,蘇煥智,台灣維新,5,2038,0.2453
8,文山區,明義里,2022,市長,黃珊珊,無黨籍及未經政黨推薦,502,2038,24.632
8,文山區,明義里,2022,市長,施奉先,無黨籍及未經政黨推薦,0,2038,0.0
8,文山區,明義里,2022,市長,唐新民,共和黨,0,2038,0.0
8,文山區,明義里,2022,市長,謝立康,無黨籍及未經政黨推薦,0,2038,0.0
8,文山區,明義里,2022,市長,陳時中,民主進步黨,480,2038,23.5525
8,文山區,明義里,2024,立委,劉佩玲,台灣維新,34,2273,1.4958
8,文山區,明義里,2024,立委,賴士葆,中國國民黨,1068,2273,46.9864
8,文山區,明義里,2024,立委,王閔生,民主進步黨,698,2273,30.7083
8,文山區,明義里,2024,立委,賴宣任,小民參政歐巴桑聯盟,83,2273,3.6516
8,文山區,明義里,2024,立委,夏萬浪,無黨籍及未經政黨推薦,3,2273,0.132
8,文山區,明義里,2024,立委,張其祿,台灣民眾黨,385,2273,16.938
8,文山區,明義里,2024,立委,張維學,無黨籍及未經政黨推薦,1,2273,0.044
8,文山區,明義里,2024,立委,胡之壯,興中同盟會,1,2273,0.044
8,文山區,明義里,2024,總統,柯文哲,台灣民眾黨,686,2378,28.8478
8,文山區,明義里,2024,總統,賴清德,民主進步黨,684,2378,28.7637
8,文山區,明義里,2024,總統,侯友宜,中國國民黨,1008,2378,42.3886
8,文山區,明興里,2014,市長,陳汝斌,三等國民公義人權自救黨,4,3934,0.1017
8,文山區,明興里,2014,市長,趙衍慶,無黨籍及未經政黨推薦,45,3934,1.1439
8,文山區,明興里,2014,市長,李宏信,無黨籍及未經政黨推薦,7,3934,0.1779
8,文山區,明興里,2014,市長,陳永昌,無黨籍及未經政黨推薦,7,3934,0.1779
8,文山區,明興里,2014,市長,馮光遠,無黨籍及未經政黨推薦,16,3934,0.4067
8,文山區,明興里,2014,市長,連勝文,中國國民黨,1904,3934,48.3986
8,文山區,明興里,2014,市長,柯文哲,無黨籍及未經政黨推薦,1951,3934,49.5933
8,文山區,明興里,2016,立委,李慶元,無黨籍及未經政黨推薦,1390,3850,36.1039
8,文山區,明興里,2016,立委,賴樹聲,無黨籍及未經政黨推薦,25,3850,0.6494
8,文山區,明興里,2016,立委,苗博雅,綠黨社會民主黨聯盟,429,3850,11.1429
8,文山區,明興里,2016,立委,賴士葆,中國國民黨,1969,3850,51.1429
8,文山區,明興里,2016,立委,陳如聖,台灣工黨,15,3850,0.3896
8,文山區,明興里,2016,立委,方景鈞,無黨籍及未經政黨推薦,22,3850,0.5714
8,文山區,明興里,2016,總統,朱立倫,中國國民黨,1790,3912,45.7566
8,文山區,明興里,2016,總統,蔡英文,民主進步黨,1669,3912,42.6636
8,文山區,明興里,2016,總統,宋楚瑜,親民黨,453,3912,11.5798
8,文山區,明興里,2018,市長,吳蕚洋,無黨籍及未經政黨推薦,20,3789,0.5278
8,文山區,明興里,2018,市長,丁守中,中國國民黨,1753,3789,46.2655
8,文山區,明興里,2018,市長,姚文智,民主進步黨,450,3789,11.8765
8,文山區,明興里,2018,市長,柯文哲,無黨籍及未經政黨推薦,1553,3789,40.9871
8,文山區,明興里,2018,市長,李錫錕,無黨籍及未經政黨推薦,13,3789,0.3431
8,文山區,明興里,2020,立委,蕭曉玲,喜樂島聯盟,10,4363,0.2292
8,文山區,明興里,2020,立委,華珮君,台灣動物保護黨,200,4363,4.584
8,文山區,明興里,2020,立委,彭子軒,無黨籍及未經政黨推薦,28,4363,0.6418
8,文山區,明興里,2020,立委,柯士翎,綠黨,32,4363,0.7334
8,文山區,明興里,2020,立委,阮昭雄,民主進步黨,1430,4363,32.7756
8,文山區,明興里,2020,立委,賴士葆,中國國民黨,2221,4363,50.9053
8,文山區,明興里,2020,立委,顏銘緯,台灣基進,94,4363,2.1545
8,文山區,明興里,2020,立委,李文,無黨籍及未經政黨推薦,23,4363,0.5272
8,文山區,明興里,2020,立委,張幸松,台灣民眾黨,325,4363,7.449
8,文山區,明興里,2020,總統,宋楚瑜,親民黨,207,4433,4.6695
8,文山區,明興里,2020,總統,韓國瑜,中國國民黨,2213,4433,49.921
8,文山區,明興里,2020,總統,蔡英文,民主進步黨,2013,4433,45.4094
8,文山區,明興里,2022,市長,張家豪,台灣動物保護黨,11,3709,0.2966
8,文山區,明興里,2022,市長,王文娟,無黨籍及未經政黨推薦,2,3709,0.0539
8,文山區,明興里,2022,市長,鄭匡宇,無黨籍及未經政黨推薦,0,3709,0.0
8,文山區,明興里,2022,市長,黃聖峰,台澎黨,0,3709,0.0
8,文山區,明興里,2022,市長,童文薰,無黨籍及未經政黨推薦,11,3709,0.2966
8,文山區,明興里,2022,市長,蔣萬安,中國國民黨,1783,3709,48.0723
8,文山區,明興里,2022,市長,蘇煥智,台灣維新,6,3709,0.1618
8,文山區,明興里,2022,市長,黃珊珊,無黨籍及未經政黨推薦,981,3709,26.4492
8,文山區,明興里,2022,市長,施奉先,無黨籍及未經政黨推薦,1,3709,0.027
8,文山區,明興里,2022,市長,唐新民,共和黨,1,3709,0.027
8,文山區,明興里,2022,市長,謝立康,無黨籍及未經政黨推薦,1,3709,0.027
8,文山區,明興里,2022,市長,陳時中,民主進步黨,912,3709,24.5888
8,文山區,明興里,2024,立委,劉佩玲,台灣維新,28,4140,0.6763
8,文山區,明興里,2024,立委,賴士葆,中國國民黨,2035,4140,49.1546
8,文山區,明興里,2024,立委,王閔生,民主進步黨,1230,4140,29.7101
8,文山區,明興里,2024,立委,賴宣任,小民參政歐巴桑聯盟,147,4140,3.5507
8,文山區,明興里,2024,立委,夏萬浪,無黨籍及未經政黨推薦,8,4140,0.1932
8,文山區,明興里,2024,立委,張其祿,台灣民眾黨,678,4140,16.3768
8,文山區,明興里,2024,立委,張維學,無黨籍及未經政黨推薦,8,4140,0.1932
8,文山區,明興里,2024,立委,胡之壯,興中同盟會,6,4140,0.1449
8,文山區,明興里,2024,總統,柯文哲,台灣民眾黨,1094,4215,25.9549
8,文山區,明興里,2024,總統,賴清德,民主進步黨,1249,4215,29.6323
8,文山區,明興里,2024,總統,侯友宜,中國國民黨,1872,4215,44.4128
8,文山區,景仁里,2014,市長,陳汝斌,三等國民公義人權自救黨,1,2834,0.0353
8,文山區,景仁里,2014,市長,趙衍慶,無黨籍及未經政黨推薦,28,2834,0.988
8,文山區,景仁里,2014,市長,李宏信,無黨籍及未經政黨推薦,6,2834,0.2117
8,文山區,景仁里,2014,市長,陳永昌,無黨籍及未經政黨推薦,2,2834,0.0706
8,文山區,景仁里,2014,市長,馮光遠,無黨籍及未經政黨推薦,16,2834,0.5646
8,文山區,景仁里,2014,市長,連勝文,中國國民黨,1320,2834,46.5773
8,文山區,景仁里,2014,市長,柯文哲,無黨籍及未經政黨推薦,1461,2834,51.5526
8,文山區,景仁里,2016,立委,李慶元,無黨籍及未經政黨推薦,955,2637,36.2154
8,文山區,景仁里,2016,立委,賴樹聲,無黨籍及未經政黨推薦,18,2637,0.6826
8,文山區,景仁里,2016,立委,苗博雅,綠黨社會民主黨聯盟,352,2637,13.3485
8,文山區,景仁里,2016,立委,賴士葆,中國國民黨,1274,2637,48.3125
8,文山區,景仁里,2016,立委,陳如聖,台灣工黨,7,2637,0.2655
8,文山區,景仁里,2016,立委,方景鈞,無黨籍及未經政黨推薦,31,2637,1.1756
8,文山區,景仁里,2016,總統,朱立倫,中國國民黨,1138,2683,42.4152
8,文山區,景仁里,2016,總統,蔡英文,民主進步黨,1207,2683,44.987
8,文山區,景仁里,2016,總統,宋楚瑜,親民黨,338,2683,12.5978
8,文山區,景仁里,2018,市長,吳蕚洋,無黨籍及未經政黨推薦,22,2753,0.7991
8,文山區,景仁里,2018,市長,丁守中,中國國民黨,1304,2753,47.3665
8,文山區,景仁里,2018,市長,姚文智,民主進步黨,369,2753,13.4036
8,文山區,景仁里,2018,市長,柯文哲,無黨籍及未經政黨推薦,1039,2753,37.7406
8,文山區,景仁里,2018,市長,李錫錕,無黨籍及未經政黨推薦,19,2753,0.6902
8,文山區,景仁里,2020,立委,蕭曉玲,喜樂島聯盟,9,3404,0.2644
8,文山區,景仁里,2020,立委,華珮君,台灣動物保護黨,148,3404,4.3478
8,文山區,景仁里,2020,立委,彭子軒,無黨籍及未經政黨推薦,29,3404,0.8519
8,文山區,景仁里,2020,立委,柯士翎,綠黨,36,3404,1.0576
8,文山區,景仁里,2020,立委,阮昭雄,民主進步黨,1174,3404,34.4888
8,文山區,景仁里,2020,立委,賴士葆,中國國民黨,1712,3404,50.2938
8,文山區,景仁里,2020,立委,顏銘緯,台灣基進,72,3404,2.1152
8,文山區,景仁里,2020,立委,李文,無黨籍及未經政黨推薦,21,3404,0.6169
8,文山區,景仁里,2020,立委,張幸松,台灣民眾黨,203,3404,5.9636
8,文山區,景仁里,2020,總統,宋楚瑜,親民黨,170,3438,4.9447
8,文山區,景仁里,2020,總統,韓國瑜,中國國民黨,1685,3438,49.0111
8,文山區,景仁里,2020,總統,蔡英文,民主進步黨,1583,3438,46.0442
8,文山區,景仁里,2022,市長,張家豪,台灣動物保護黨,5,3123,0.1601
8,文山區,景仁里,2022,市長,王文娟,無黨籍及未經政黨推薦,0,3123,0.0
8,文山區,景仁里,2022,市長,鄭匡宇,無黨籍及未經政黨推薦,1,3123,0.032
8,文山區,景仁里,2022,市長,黃聖峰,台澎黨,0,3123,0.0
8,文山區,景仁里,2022,市長,童文薰,無黨籍及未經政黨推薦,4,3123,0.1281
8,文山區,景仁里,2022,市長,蔣萬安,中國國民黨,1520,3123,48.6711
8,文山區,景仁里,2022,市長,蘇煥智,台灣維新,7,3123,0.2241
8,文山區,景仁里,2022,市長,黃珊珊,無黨籍及未經政黨推薦,791,3123,25.3282
8,文山區,景仁里,2022,市長,施奉先,無黨籍及未經政黨推薦,0,3123,0.0
8,文山區,景仁里,2022,市長,唐新民,共和黨,3,3123,0.0961
8,文山區,景仁里,2022,市長,謝立康,無黨籍及未經政黨推薦,0,3123,0.0
8,文山區,景仁里,2022,市長,陳時中,民主進步黨,792,3123,25.3602
8,文山區,景仁里,2024,立委,劉佩玲,台灣維新,21,3494,0.601
8,文山區,景仁里,2024,立委,賴士葆,中國國民黨,1712,3494,48.9983
8,文山區,景仁里,2024,立委,王閔生,民主進步黨,1128,3494,32.2839
8,文山區,景仁里,2024,立委,賴宣任,小民參政歐巴桑聯盟,135,3494,3.8638
8,文山區,景仁里,2024,立委,夏萬浪,無黨籍及未經政黨推薦,5,3494,0.1431
8,文山區,景仁里,2024,立委,張其祿,台灣民眾黨,485,3494,13.8809
8,文山區,景仁里,2024,立委,張維學,無黨籍及未經政黨推薦,4,3494,0.1145
8,文山區,景仁里,2024,立委,胡之壯,興中同盟會,4,3494,0.1145
8,文山區,景仁里,2024,總統,柯文哲,台灣民眾黨,836,3579,23.3585
8,文山區,景仁里,2024,總統,賴清德,民主進步黨,1128,3579,31.5172
8,文山區,景仁里,2024,總統,侯友宜,中國國民黨,1615,3579,45.1243
8,文山區,景慶里,2014,市長,陳汝斌,三等國民公義人權自救黨,5,3850,0.1299
8,文山區,景慶里,2014,市長,趙衍慶,無黨籍及未經政黨推薦,52,3850,1.3506
8,文山區,景慶里,2014,市長,李宏信,無黨籍及未經政黨推薦,10,3850,0.2597
8,文山區,景慶里,2014,市長,陳永昌,無黨籍及未經政黨推薦,5,3850,0.1299
8,文山區,景慶里,2014,市長,馮光遠,無黨籍及未經政黨推薦,25,3850,0.6494
8,文山區,景慶里,2014,市長,連勝文,中國國民黨,1720,3850,44.6753
8,文山區,景慶里,2014,市長,柯文哲,無黨籍及未經政黨推薦,2033,3850,52.8052
8,文山區,景慶里,2016,立委,李慶元,無黨籍及未經政黨推薦,1379,3616,38.1361
8,文山區,景慶里,2016,立委,賴樹聲,無黨籍及未經政黨推薦,26,3616,0.719
8,文山區,景慶里,2016,立委,苗博雅,綠黨社會民主黨聯盟,444,3616,12.2788
8,文山區,景慶里,2016,立委,賴士葆,中國國民黨,1701,3616,47.0409
8,文山區,景慶里,2016,立委,陳如聖,台灣工黨,16,3616,0.4425
8,文山區,景慶里,2016,立委,方景鈞,無黨籍及未經政黨推薦,50,3616,1.3827
8,文山區,景慶里,2016,總統,朱立倫,中國國民黨,1508,3673,41.0564
8,文山區,景慶里,2016,總統,蔡英文,民主進步黨,1736,3673,47.2638
8,文山區,景慶里,2016,總統,宋楚瑜,親民黨,429,3673,11.6798
8,文山區,景慶里,2018,市長,吳蕚洋,無黨籍及未經政黨推薦,13,3549,0.3663
8,文山區,景慶里,2018,市長,丁守中,中國國民黨,1560,3549,43.956
8,文山區,景慶里,2018,市長,姚文智,民主進步黨,545,3549,15.3564
8,文山區,景慶里,2018,市長,柯文哲,無黨籍及未經政黨推薦,1415,3549,39.8704
8,文山區,景慶里,2018,市長,李錫錕,無黨籍及未經政黨推薦,16,3549,0.4508
8,文山區,景慶里,2020,立委,蕭曉玲,喜樂島聯盟,10,4060,0.2463
8,文山區,景慶里,2020,立委,華珮君,台灣動物保護黨,158,4060,3.8916
8,文山區,景慶里,2020,立委,彭子軒,無黨籍及未經政黨推薦,29,4060,0.7143
8,文山區,景慶里,2020,立委,柯士翎,綠黨,38,4060,0.936
8,文山區,景慶里,2020,立委,阮昭雄,民主進步黨,1584,4060,39.0148
8,文山區,景慶里,2020,立委,賴士葆,中國國民黨,1910,4060,47.0443
8,文山區,景慶里,2020,立委,顏銘緯,台灣基進,85,4060,2.0936
8,文山區,景慶里,2020,立委,李文,無黨籍及未經政黨推薦,16,4060,0.3941
8,文山區,景慶里,2020,立委,張幸松,台灣民眾黨,230,4060,5.665
8,文山區,景慶里,2020,總統,宋楚瑜,親民黨,178,4128,4.312
8,文山區,景慶里,2020,總統,韓國瑜,中國國民黨,1887,4128,45.7122
8,文山區,景慶里,2020,總統,蔡英文,民主進步黨,2063,4128,49.9758
8,文山區,景慶里,2022,市長,張家豪,台灣動物保護黨,7,3486,0.2008
8,文山區,景慶里,2022,市長,王文娟,無黨籍及未經政黨推薦,2,3486,0.0574
8,文山區,景慶里,2022,市長,鄭匡宇,無黨籍及未經政黨推薦,0,3486,0.0
8,文山區,景慶里,2022,市長,黃聖峰,台澎黨,1,3486,0.0287
8,文山區,景慶里,2022,市長,童文薰,無黨籍及未經政黨推薦,2,3486,0.0574
8,文山區,景慶里,2022,市長,蔣萬安,中國國民黨,1603,3486,45.9839
8,文山區,景慶里,2022,市長,蘇煥智,台灣維新,9,3486,0.2582
8,文山區,景慶里,2022,市長,黃珊珊,無黨籍及未經政黨推薦,931,3486,26.7068
8,文山區,景慶里,2022,市長,施奉先,無黨籍及未經政黨推薦,1,3486,0.0287
8,文山區,景慶里,2022,市長,唐新民,共和黨,1,3486,0.0287
8,文山區,景慶里,2022,市長,謝立康,無黨籍及未經政黨推薦,1,3486,0.0287
8,文山區,景慶里,2022,市長,陳時中,民主進步黨,928,3486,26.6208
8,文山區,景慶里,2024,立委,劉佩玲,台灣維新,17,3757,0.4525
8,文山區,景慶里,2024,立委,賴士葆,中國國民黨,1686,3757,44.8762
8,文山區,景慶里,2024,立委,王閔生,民主進步黨,1337,3757,35.5869
8,文山區,景慶里,2024,立委,賴宣任,小民參政歐巴桑聯盟,131,3757,3.4868
8,文山區,景慶里,2024,立委,夏萬浪,無黨籍及未經政黨推薦,9,3757,0.2396
8,文山區,景慶里,2024,立委,張其祿,台灣民眾黨,570,3757,15.1717
8,文山區,景慶里,2024,立委,張維學,無黨籍及未經政黨推薦,5,3757,0.1331
8,文山區,景慶里,2024,立委,胡之壯,興中同盟會,2,3757,0.0532
8,文山區,景慶里,2024,總統,柯文哲,台灣民眾黨,957,3820,25.0524
8,文山區,景慶里,2024,總統,賴清德,民主進步黨,1280,3820,33.5079
8,文山區,景慶里,2024,總統,侯友宜,中國國民黨,1583,3820,41.4398
8,文山區,景東里,2014,市長,陳汝斌,三等國民公義人權自救黨,5,3952,0.1265
8,文山區,景東里,2014,市長,趙衍慶,無黨籍及未經政黨推薦,55,3952,1.3917
8,文山區,景東里,2014,市長,李宏信,無黨籍及未經政黨推薦,12,3952,0.3036
8,文山區,景東里,2014,市長,陳永昌,無黨籍及未經政黨推薦,6,3952,0.1518
8,文山區,景東里,2014,市長,馮光遠,無黨籍及未經政黨推薦,28,3952,0.7085
8,文山區,景東里,2014,市長,連勝文,中國國民黨,1921,3952,48.6083
8,文山區,景東里,2014,市長,柯文哲,無黨籍及未經政黨推薦,1925,3952,48.7095
8,文山區,景東里,2016,立委,李慶元,無黨籍及未經政黨推薦,1299,3843,33.8017
8,文山區,景東里,2016,立委,賴樹聲,無黨籍及未經政黨推薦,23,3843,0.5985
8,文山區,景東里,2016,立委,苗博雅,綠黨社會民主黨聯盟,450,3843,11.7096
8,文山區,景東里,2016,立委,賴士葆,中國國民黨,1966,3843,51.1579
8,文山區,景東里,2016,立委,陳如聖,台灣工黨,25,3843,0.6505
8,文山區,景東里,2016,立委,方景鈞,無黨籍及未經政黨推薦,80,3843,2.0817
8,文山區,景東里,2016,總統,朱立倫,中國國民黨,1836,3889,47.2101
8,文山區,景東里,2016,總統,蔡英文,民主進步黨,1592,3889,40.936
8,文山區,景東里,2016,總統,宋楚瑜,親民黨,461,3889,11.8539
8,文山區,景東里,2018,市長,吳蕚洋,無黨籍及未經政黨推薦,17,3829,0.444
8,文山區,景東里,2018,市長,丁守中,中國國民黨,1800,3829,47.0097
8,文山區,景東里,2018,市長,姚文智,民主進步黨,454,3829,11.8569
8,文山區,景東里,2018,市長,柯文哲,無黨籍及未經政黨推薦,1539,3829,40.1933
8,文山區,景東里,2018,市長,李錫錕,無黨籍及未經政黨推薦,19,3829,0.4962
8,文山區,景東里,2020,立委,蕭曉玲,喜樂島聯盟,14,4431,0.316
8,文山區,景東里,2020,立委,華珮君,台灣動物保護黨,207,4431,4.6716
8,文山區,景東里,2020,立委,彭子軒,無黨籍及未經政黨推薦,32,4431,0.7222
8,文山區,景東里,2020,立委,柯士翎,綠黨,37,4431,0.835
8,文山區,景東里,2020,立委,阮昭雄,民主進步黨,1444,4431,32.5886
8,文山區,景東里,2020,立委,賴士葆,中國國民黨,2310,4431,52.1327
8,文山區,景東里,2020,立委,顏銘緯,台灣基進,92,4431,2.0763
8,文山區,景東里,2020,立委,李文,無黨籍及未經政黨推薦,19,4431,0.4288
8,文山區,景東里,2020,立委,張幸松,台灣民眾黨,276,4431,6.2288
8,文山區,景東里,2020,總統,宋楚瑜,親民黨,209,4485,4.66
8,文山區,景東里,2020,總統,韓國瑜,中國國民黨,2285,4485,50.9476
8,文山區,景東里,2020,總統,蔡英文,民主進步黨,1991,4485,44.3924
8,文山區,景東里,2022,市長,張家豪,台灣動物保護黨,12,3684,0.3257
8,文山區,景東里,2022,市長,王文娟,無黨籍及未經政黨推薦,0,3684,0.0
8,文山區,景東里,2022,市長,鄭匡宇,無黨籍及未經政黨推薦,3,3684,0.0814
8,文山區,景東里,2022,市長,黃聖峰,台澎黨,2,3684,0.0543
8,文山區,景東里,2022,市長,童文薰,無黨籍及未經政黨推薦,6,3684,0.1629
8,文山區,景東里,2022,市長,蔣萬安,中國國民黨,1862,3684,50.5429
8,文山區,景東里,2022,市長,蘇煥智,台灣維新,4,3684,0.1086
8,文山區,景東里,2022,市長,黃珊珊,無黨籍及未經政黨推薦,909,3684,24.6743
8,文山區,景東里,2022,市長,施奉先,無黨籍及未經政黨推薦,1,3684,0.0271
8,文山區,景東里,2022,市長,唐新民,共和黨,2,3684,0.0543
8,文山區,景東里,2022,市長,謝立康,無黨籍及未經政黨推薦,0,3684,0.0
8,文山區,景東里,2022,市長,陳時中,民主進步黨,883,3684,23.9685
8,文山區,景東里,2024,立委,劉佩玲,台灣維新,29,4236,0.6846
8,文山區,景東里,2024,立委,賴士葆,中國國民黨,2134,4236,50.3777
8,文山區,景東里,2024,立委,王閔生,民主進步黨,1262,4236,29.7923
8,文山區,景東里,2024,立委,賴宣任,小民參政歐巴桑聯盟,127,4236,2.9981
8,文山區,景東里,2024,立委,夏萬浪,無黨籍及未經政黨推薦,9,4236,0.2125
8,文山區,景東里,2024,立委,張其祿,台灣民眾黨,669,4236,15.7932
8,文山區,景東里,2024,立委,張維學,無黨籍及未經政黨推薦,2,4236,0.0472
8,文山區,景東里,2024,立委,胡之壯,興中同盟會,4,4236,0.0944
8,文山區,景東里,2024,總統,柯文哲,台灣民眾黨,1107,4323,25.6072
8,文山區,景東里,2024,總統,賴清德,民主進步黨,1273,4323,29.4471
8,文山區,景東里,2024,總統,侯友宜,中國國民黨,1943,4323,44.9456
8,文山區,景美里,2014,市長,陳汝斌,三等國民公義人權自救黨,2,3089,0.0647
8,文山區,景美里,2014,市長,趙衍慶,無黨籍及未經政黨推薦,31,3089,1.0036
8,文山區,景美里,2014,市長,李宏信,無黨籍及未經政黨推薦,6,3089,0.1942
8,文山區,景美里,2014,市長,陳永昌,無黨籍及未經政黨推薦,4,3089,0.1295
8,文山區,景美里,2014,市長,馮光遠,無黨籍及未經政黨推薦,17,3089,0.5503
8,文山區,景美里,2014,市長,連勝文,中國國民黨,1380,3089,44.6747
8,文山區,景美里,2014,市長,柯文哲,無黨籍及未經政黨推薦,1649,3089,53.383
8,文山區,景美里,2016,立委,李慶元,無黨籍及未經政黨推薦,1103,2930,37.6451
8,文山區,景美里,2016,立委,賴樹聲,無黨籍及未經政黨推薦,16,2930,0.5461
8,文山區,景美里,2016,立委,苗博雅,綠黨社會民主黨聯盟,384,2930,13.1058
8,文山區,景美里,2016,立委,賴士葆,中國國民黨,1396,2930,47.6451
8,文山區,景美里,2016,立委,陳如聖,台灣工黨,9,2930,0.3072
8,文山區,景美里,2016,立委,方景鈞,無黨籍及未經政黨推薦,22,2930,0.7509
8,文山區,景美里,2016,總統,朱立倫,中國國民黨,1228,2940,41.7687
8,文山區,景美里,2016,總統,蔡英文,民主進步黨,1374,2940,46.7347
8,文山區,景美里,2016,總統,宋楚瑜,親民黨,338,2940,11.4966
8,文山區,景美里,2018,市長,吳蕚洋,無黨籍及未經政黨推薦,20,2833,0.706
8,文山區,景美里,2018,市長,丁守中,中國國民黨,1272,2833,44.8994
8,文山區,景美里,2018,市長,姚文智,民主進步黨,455,2833,16.0607
8,文山區,景美里,2018,市長,柯文哲,無黨籍及未經政黨推薦,1067,2833,37.6633
8,文山區,景美里,2018,市長,李錫錕,無黨籍及未經政黨推薦,19,2833,0.6707
8,文山區,景美里,2020,立委,蕭曉玲,喜樂島聯盟,9,3246,0.2773
8,文山區,景美里,2020,立委,華珮君,台灣動物保護黨,128,3246,3.9433
8,文山區,景美里,2020,立委,彭子軒,無黨籍及未經政黨推薦,18,3246,0.5545
8,文山區,景美里,2020,立委,柯士翎,綠黨,31,3246,0.955
8,文山區,景美里,2020,立委,阮昭雄,民主進步黨,1207,3246,37.1842
8,文山區,景美里,2020,立委,賴士葆,中國國民黨,1593,3246,49.0758
8,文山區,景美里,2020,立委,顏銘緯,台灣基進,61,3246,1.8792
8,文山區,景美里,2020,立委,李文,無黨籍及未經政黨推薦,24,3246,0.7394
8,文山區,景美里,2020,立委,張幸松,台灣民眾黨,175,3246,5.3913
8,文山區,景美里,2020,總統,宋楚瑜,親民黨,137,3283,4.173
8,文山區,景美里,2020,總統,韓國瑜,中國國民黨,1539,3283,46.8779
8,文山區,景美里,2020,總統,蔡英文,民主進步黨,1607,3283,48.9491
8,文山區,景美里,2022,市長,張家豪,台灣動物保護黨,8,2720,0.2941
8,文山區,景美里,2022,市長,王文娟,無黨籍及未經政黨推薦,1,2720,0.0368
8,文山區,景美里,2022,市長,鄭匡宇,無黨籍及未經政黨推薦,1,2720,0.0368
8,文山區,景美里,2022,市長,黃聖峰,台澎黨,0,2720,0.0
8,文山區,景美里,2022,市長,童文薰,無黨籍及未經政黨推薦,5,2720,0.1838
8,文山區,景美里,2022,市長,蔣萬安,中國國民黨,1250,2720,45.9559
8,文山區,景美里,2022,市長,蘇煥智,台灣維新,7,2720,0.2574
8,文山區,景美里,2022,市長,黃珊珊,無黨籍及未經政黨推薦,637,2720,23.4191
8,文山區,景美里,2022,市長,施奉先,無黨籍及未經政黨推薦,0,2720,0.0
8,文山區,景美里,2022,市長,唐新民,共和黨,0,2720,0.0
8,文山區,景美里,2022,市長,謝立康,無黨籍及未經政黨推薦,1,2720,0.0368
8,文山區,景美里,2022,市長,陳時中,民主進步黨,810,2720,29.7794
8,文山區,景美里,2024,立委,劉佩玲,台灣維新,20,3054,0.6549
8,文山區,景美里,2024,立委,賴士葆,中國國民黨,1378,3054,45.1212
8,文山區,景美里,2024,立委,王閔生,民主進步黨,1110,3054,36.3458
8,文山區,景美里,2024,立委,賴宣任,小民參政歐巴桑聯盟,103,3054,3.3726
8,文山區,景美里,2024,立委,夏萬浪,無黨籍及未經政黨推薦,8,3054,0.262
8,文山區,景美里,2024,立委,張其祿,台灣民眾黨,427,3054,13.9817
8,文山區,景美里,2024,立委,張維學,無黨籍及未經政黨推薦,3,3054,0.0982
8,文山區,景美里,2024,立委,胡之壯,興中同盟會,5,3054,0.1637
8,文山區,景美里,2024,總統,柯文哲,台灣民眾黨,767,3104,24.7101
8,文山區,景美里,2024,總統,賴清德,民主進步黨,1073,3104,34.5683
8,文山區,景美里,2024,總統,侯友宜,中國國民黨,1264,3104,40.7216
8,文山區,景華里,2014,市長,陳汝斌,三等國民公義人權自救黨,4,3385,0.1182
8,文山區,景華里,2014,市長,趙衍慶,無黨籍及未經政黨推薦,50,3385,1.4771
8,文山區,景華里,2014,市長,李宏信,無黨籍及未經政黨推薦,5,3385,0.1477
8,文山區,景華里,2014,市長,陳永昌,無黨籍及未經政黨推薦,2,3385,0.0591
8,文山區,景華里,2014,市長,馮光遠,無黨籍及未經政黨推薦,25,3385,0.7386
8,文山區,景華里,2014,市長,連勝文,中國國民黨,1618,3385,47.7991
8,文山區,景華里,2014,市長,柯文哲,無黨籍及未經政黨推薦,1681,3385,49.6603
8,文山區,景華里,2016,立委,李慶元,無黨籍及未經政黨推薦,1170,3319,35.2516
8,文山區,景華里,2016,立委,賴樹聲,無黨籍及未經政黨推薦,21,3319,0.6327
8,文山區,景華里,2016,立委,苗博雅,綠黨社會民主黨聯盟,431,3319,12.9858
8,文山區,景華里,2016,立委,賴士葆,中國國民黨,1642,3319,49.4727
8,文山區,景華里,2016,立委,陳如聖,台灣工黨,12,3319,0.3616
8,文山區,景華里,2016,立委,方景鈞,無黨籍及未經政黨推薦,43,3319,1.2956
8,文山區,景華里,2016,總統,朱立倫,中國國民黨,1438,3356,42.8486
8,文山區,景華里,2016,總統,蔡英文,民主進步黨,1524,3356,45.4112
8,文山區,景華里,2016,總統,宋楚瑜,親民黨,394,3356,11.7402
8,文山區,景華里,2018,市長,吳蕚洋,無黨籍及未經政黨推薦,9,3242,0.2776
8,文山區,景華里,2018,市長,丁守中,中國國民黨,1470,3242,45.3424
8,文山區,景華里,2018,市長,姚文智,民主進步黨,462,3242,14.2505
8,文山區,景華里,2018,市長,柯文哲,無黨籍及未經政黨推薦,1283,3242,39.5743
8,文山區,景華里,2018,市長,李錫錕,無黨籍及未經政黨推薦,18,3242,0.5552
8,文山區,景華里,2020,立委,蕭曉玲,喜樂島聯盟,8,3725,0.2148
8,文山區,景華里,2020,立委,華珮君,台灣動物保護黨,166,3725,4.4564
8,文山區,景華里,2020,立委,彭子軒,無黨籍及未經政黨推薦,33,3725,0.8859
8,文山區,景華里,2020,立委,柯士翎,綠黨,41,3725,1.1007
8,文山區,景華里,2020,立委,阮昭雄,民主進步黨,1305,3725,35.0336
8,文山區,景華里,2020,立委,賴士葆,中國國民黨,1857,3725,49.8523
8,文山區,景華里,2020,立委,顏銘緯,台灣基進,86,3725,2.3087
8,文山區,景華里,2020,立委,李文,無黨籍及未經政黨推薦,17,3725,0.4564
8,文山區,景華里,2020,立委,張幸松,台灣民眾黨,212,3725,5.6913
8,文山區,景華里,2020,總統,宋楚瑜,親民黨,156,3747,4.1633
8,文山區,景華里,2020,總統,韓國瑜,中國國民黨,1849,3747,49.3461
8,文山區,景華里,2020,總統,蔡英文,民主進步黨,1742,3747,46.4905
8,文山區,景華里,2022,市長,張家豪,台灣動物保護黨,3,3020,0.0993
8,文山區,景華里,2022,市長,王文娟,無黨籍及未經政黨推薦,0,3020,0.0
8,文山區,景華里,2022,市長,鄭匡宇,無黨籍及未經政黨推薦,0,3020,0.0
8,文山區,景華里,2022,市長,黃聖峰,台澎黨,2,3020,0.0662
8,文山區,景華里,2022,市長,童文薰,無黨籍及未經政黨推薦,1,3020,0.0331
8,文山區,景華里,2022,市長,蔣萬安,中國國民黨,1461,3020,48.3775
8,文山區,景華里,2022,市長,蘇煥智,台灣維新,2,3020,0.0662
8,文山區,景華里,2022,市長,黃珊珊,無黨籍及未經政黨推薦,739,3020,24.4702
8,文山區,景華里,2022,市長,施奉先,無黨籍及未經政黨推薦,1,3020,0.0331
8,文山區,景華里,2022,市長,唐新民,共和黨,1,3020,0.0331
8,文山區,景華里,2022,市長,謝立康,無黨籍及未經政黨推薦,0,3020,0.0
8,文山區,景華里,2022,市長,陳時中,民主進步黨,810,3020,26.8212
8,文山區,景華里,2024,立委,劉佩玲,台灣維新,17,3380,0.503
8,文山區,景華里,2024,立委,賴士葆,中國國民黨,1581,3380,46.7751
8,文山區,景華里,2024,立委,王閔生,民主進步黨,1146,3380,33.9053
8,文山區,景華里,2024,立委,賴宣任,小民參政歐巴桑聯盟,110,3380,3.2544
8,文山區,景華里,2024,立委,夏萬浪,無黨籍及未經政黨推薦,6,3380,0.1775
8,文山區,景華里,2024,立委,張其祿,台灣民眾黨,516,3380,15.2663
8,文山區,景華里,2024,立委,張維學,無黨籍及未經政黨推薦,2,3380,0.0592
8,文山區,景華里,2024,立委,胡之壯,興中同盟會,2,3380,0.0592
8,文山區,景華里,2024,總統,柯文哲,台灣民眾黨,845,3426,24.6643
8,文山區,景華里,2024,總統,賴清德,民主進步黨,1103,3426,32.195
8,文山區,景華里,2024,總統,侯友宜,中國國民黨,1478,3426,43.1407
8,文山區,景行里,2014,市長,陳汝斌,三等國民公義人權自救黨,0,3878,0.0
8,文山區,景行里,2014,市長,趙衍慶,無黨籍及未經政黨推薦,46,3878,1.1862
8,文山區,景行里,2014,市長,李宏信,無黨籍及未經政黨推薦,4,3878,0.1031
8,文山區,景行里,2014,市長,陳永昌,無黨籍及未經政黨推薦,5,3878,0.1289
8,文山區,景行里,2014,市長,馮光遠,無黨籍及未經政黨推薦,16,3878,0.4126
8,文山區,景行里,2014,市長,連勝文,中國國民黨,1502,3878,38.7313
8,文山區,景行里,2014,市長,柯文哲,無黨籍及未經政黨推薦,2305,3878,59.4379
8,文山區,景行里,2016,立委,李慶元,無黨籍及未經政黨推薦,1552,3756,41.3206
8,文山區,景行里,2016,立委,賴樹聲,無黨籍及未經政黨推薦,23,3756,0.6124
8,文山區,景行里,2016,立委,苗博雅,綠黨社會民主黨聯盟,540,3756,14.377
8,文山區,景行里,2016,立委,賴士葆,中國國民黨,1557,3756,41.4537
8,文山區,景行里,2016,立委,陳如聖,台灣工黨,11,3756,0.2929
8,文山區,景行里,2016,立委,方景鈞,無黨籍及未經政黨推薦,73,3756,1.9436
8,文山區,景行里,2016,總統,朱立倫,中國國民黨,1406,3818,36.8256
8,文山區,景行里,2016,總統,蔡英文,民主進步黨,2007,3818,52.5668
8,文山區,景行里,2016,總統,宋楚瑜,親民黨,405,3818,10.6076
8,文山區,景行里,2018,市長,吳蕚洋,無黨籍及未經政黨推薦,19,3986,0.4767
8,文山區,景行里,2018,市長,丁守中,中國國民黨,1570,3986,39.3879
8,文山區,景行里,2018,市長,姚文智,民主進步黨,703,3986,17.6367
8,文山區,景行里,2018,市長,柯文哲,無黨籍及未經政黨推薦,1673,3986,41.9719
8,文山區,景行里,2018,市長,李錫錕,無黨籍及未經政黨推薦,21,3986,0.5268
8,文山區,景行里,2020,立委,蕭曉玲,喜樂島聯盟,12,4596,0.2611
8,文山區,景行里,2020,立委,華珮君,台灣動物保護黨,215,4596,4.678
8,文山區,景行里,2020,立委,彭子軒,無黨籍及未經政黨推薦,23,4596,0.5004
8,文山區,景行里,2020,立委,柯士翎,綠黨,49,4596,1.0661
8,文山區,景行里,2020,立委,阮昭雄,民主進步黨,1876,4596,40.8181
8,文山區,景行里,2020,立委,賴士葆,中國國民黨,1976,4596,42.9939
8,文山區,景行里,2020,立委,顏銘緯,台灣基進,102,4596,2.2193
8,文山區,景行里,2020,立委,李文,無黨籍及未經政黨推薦,24,4596,0.5222
8,文山區,景行里,2020,立委,張幸松,台灣民眾黨,319,4596,6.9408
8,文山區,景行里,2020,總統,宋楚瑜,親民黨,228,4670,4.8822
8,文山區,景行里,2020,總統,韓國瑜,中國國民黨,1962,4670,42.0128
8,文山區,景行里,2020,總統,蔡英文,民主進步黨,2480,4670,53.1049
8,文山區,景行里,2022,市長,張家豪,台灣動物保護黨,13,4027,0.3228
8,文山區,景行里,2022,市長,王文娟,無黨籍及未經政黨推薦,0,4027,0.0
8,文山區,景行里,2022,市長,鄭匡宇,無黨籍及未經政黨推薦,0,4027,0.0
8,文山區,景行里,2022,市長,黃聖峰,台澎黨,0,4027,0.0
8,文山區,景行里,2022,市長,童文薰,無黨籍及未經政黨推薦,3,4027,0.0745
8,文山區,景行里,2022,市長,蔣萬安,中國國民黨,1657,4027,41.1473
8,文山區,景行里,2022,市長,蘇煥智,台灣維新,6,4027,0.149
8,文山區,景行里,2022,市長,黃珊珊,無黨籍及未經政黨推薦,1099,4027,27.2908
8,文山區,景行里,2022,市長,施奉先,無黨籍及未經政黨推薦,3,4027,0.0745
8,文山區,景行里,2022,市長,唐新民,共和黨,1,4027,0.0248
8,文山區,景行里,2022,市長,謝立康,無黨籍及未經政黨推薦,0,4027,0.0
8,文山區,景行里,2022,市長,陳時中,民主進步黨,1245,4027,30.9163
8,文山區,景行里,2024,立委,劉佩玲,台灣維新,19,4574,0.4154
8,文山區,景行里,2024,立委,賴士葆,中國國民黨,1822,4574,39.8338
8,文山區,景行里,2024,立委,王閔生,民主進步黨,1783,4574,38.9812
8,文山區,景行里,2024,立委,賴宣任,小民參政歐巴桑聯盟,160,4574,3.498
8,文山區,景行里,2024,立委,夏萬浪,無黨籍及未經政黨推薦,10,4574,0.2186
8,文山區,景行里,2024,立委,張其祿,台灣民眾黨,776,4574,16.9655
8,文山區,景行里,2024,立委,張維學,無黨籍及未經政黨推薦,1,4574,0.0219
8,文山區,景行里,2024,立委,胡之壯,興中同盟會,3,4574,0.0656
8,文山區,景行里,2024,總統,柯文哲,台灣民眾黨,1221,4658,26.213
8,文山區,景行里,2024,總統,賴清德,民主進步黨,1694,4658,36.3675
8,文山區,景行里,2024,總統,侯友宜,中國國民黨,1743,4658,37.4195
8,文山區,木新里,2014,市長,陳汝斌,三等國民公義人權自救黨,9,5264,0.171
8,文山區,木新里,2014,市長,趙衍慶,無黨籍及未經政黨推薦,56,5264,1.0638
8,文山區,木新里,2014,市長,李宏信,無黨籍及未經政黨推薦,6,5264,0.114
8,文山區,木新里,2014,市長,陳永昌,無黨籍及未經政黨推薦,5,5264,0.095
8,文山區,木新里,2014,市長,馮光遠,無黨籍及未經政黨推薦,33,5264,0.6269
8,文山區,木新里,2014,市長,連勝文,中國國民黨,2281,5264,43.3321
8,文山區,木新里,2014,市長,柯文哲,無黨籍及未經政黨推薦,2874,5264,54.5973
8,文山區,木新里,2016,立委,李慶元,無黨籍及未經政黨推薦,2162,5063,42.702
8,文山區,木新里,2016,立委,賴樹聲,無黨籍及未經政黨推薦,43,5063,0.8493
8,文山區,木新里,2016,立委,苗博雅,綠黨社會民主黨聯盟,607,5063,11.9889
8,文山區,木新里,2016,立委,賴士葆,中國國民黨,2196,5063,43.3735
8,文山區,木新里,2016,立委,陳如聖,台灣工黨,20,5063,0.395
8,文山區,木新里,2016,立委,方景鈞,無黨籍及未經政黨推薦,35,5063,0.6913
8,文山區,木新里,2016,總統,朱立倫,中國國民黨,2032,5119,39.6953
8,文山區,木新里,2016,總統,蔡英文,民主進步黨,2566,5119,50.127
8,文山區,木新里,2016,總統,宋楚瑜,親民黨,521,5119,10.1778
8,文山區,木新里,2018,市長,吳蕚洋,無黨籍及未經政黨推薦,26,4823,0.5391
8,文山區,木新里,2018,市長,丁守中,中國國民黨,2088,4823,43.2926
8,文山區,木新里,2018,市長,姚文智,民主進步黨,771,4823,15.9859
8,文山區,木新里,2018,市長,柯文哲,無黨籍及未經政黨推薦,1916,4823,39.7263
8,文山區,木新里,2018,市長,李錫錕,無黨籍及未經政黨推薦,22,4823,0.4561
8,文山區,木新里,2020,立委,蕭曉玲,喜樂島聯盟,12,5816,0.2063
8,文山區,木新里,2020,立委,華珮君,台灣動物保護黨,228,5816,3.9202
8,文山區,木新里,2020,立委,彭子軒,無黨籍及未經政黨推薦,35,5816,0.6018
8,文山區,木新里,2020,立委,柯士翎,綠黨,58,5816,0.9972
8,文山區,木新里,2020,立委,阮昭雄,民主進步黨,2294,5816,39.4429
8,文山區,木新里,2020,立委,賴士葆,中國國民黨,2634,5816,45.2889
8,文山區,木新里,2020,立委,顏銘緯,台灣基進,136,5816,2.3384
8,文山區,木新里,2020,立委,李文,無黨籍及未經政黨推薦,28,5816,0.4814
8,文山區,木新里,2020,立委,張幸松,台灣民眾黨,391,5816,6.7228
8,文山區,木新里,2020,總統,宋楚瑜,親民黨,229,5883,3.8926
8,文山區,木新里,2020,總統,韓國瑜,中國國民黨,2637,5883,44.8241
8,文山區,木新里,2020,總統,蔡英文,民主進步黨,3017,5883,51.2834
8,文山區,木新里,2022,市長,張家豪,台灣動物保護黨,16,4800,0.3333
8,文山區,木新里,2022,市長,王文娟,無黨籍及未經政黨推薦,0,4800,0.0
8,文山區,木新里,2022,市長,鄭匡宇,無黨籍及未經政黨推薦,2,4800,0.0417
8,文山區,木新里,2022,市長,黃聖峰,台澎黨,0,4800,0.0
8,文山區,木新里,2022,市長,童文薰,無黨籍及未經政黨推薦,6,4800,0.125
8,文山區,木新里,2022,市長,蔣萬安,中國國民黨,2149,4800,44.7708
8,文山區,木新里,2022,市長,蘇煥智,台灣維新,3,4800,0.0625
8,文山區,木新里,2022,市長,黃珊珊,無黨籍及未經政黨推薦,1195,4800,24.8958
8,文山區,木新里,2022,市長,施奉先,無黨籍及未經政黨推薦,0,4800,0.0
8,文山區,木新里,2022,市長,唐新民,共和黨,2,4800,0.0417
8,文山區,木新里,2022,市長,謝立康,無黨籍及未經政黨推薦,1,4800,0.0208
8,文山區,木新里,2022,市長,陳時中,民主進步黨,1426,4800,29.7083
8,文山區,木新里,2024,立委,劉佩玲,台灣維新,29,5452,0.5319
8,文山區,木新里,2024,立委,賴士葆,中國國民黨,2405,5452,44.1123
8,文山區,木新里,2024,立委,王閔生,民主進步黨,2034,5452,37.3074
8,文山區,木新里,2024,立委,賴宣任,小民參政歐巴桑聯盟,176,5452,3.2282
8,文山區,木新里,2024,立委,夏萬浪,無黨籍及未經政黨推薦,10,5452,0.1834
8,文山區,木新里,2024,立委,張其祿,台灣民眾黨,788,5452,14.4534
8,文山區,木新里,2024,立委,張維學,無黨籍及未經政黨推薦,6,5452,0.1101
8,文山區,木新里,2024,立委,胡之壯,興中同盟會,4,5452,0.0734
8,文山區,木新里,2024,總統,柯文哲,台灣民眾黨,1352,5547,24.3735
8,文山區,木新里,2024,總統,賴清德,民主進步黨,1915,5547,34.5232
8,文山區,木新里,2024,總統,侯友宜,中國國民黨,2280,5547,41.1033
8,文山區,木柵里,2014,市長,陳汝斌,三等國民公義人權自救黨,4,5086,0.0786
8,文山區,木柵里,2014,市長,趙衍慶,無黨籍及未經政黨推薦,62,5086,1.219
8,文山區,木柵里,2014,市長,李宏信,無黨籍及未經政黨推薦,7,5086,0.1376
8,文山區,木柵里,2014,市長,陳永昌,無黨籍及未經政黨推薦,4,5086,0.0786
8,文山區,木柵里,2014,市長,馮光遠,無黨籍及未經政黨推薦,29,5086,0.5702
8,文山區,木柵里,2014,市長,連勝文,中國國民黨,2735,5086,53.7751
8,文山區,木柵里,2014,市長,柯文哲,無黨籍及未經政黨推薦,2245,5086,44.1408
8,文山區,木柵里,2016,立委,李慶元,無黨籍及未經政黨推薦,1580,4996,31.6253
8,文山區,木柵里,2016,立委,賴樹聲,無黨籍及未經政黨推薦,28,4996,0.5604
8,文山區,木柵里,2016,立委,苗博雅,綠黨社會民主黨聯盟,578,4996,11.5693
8,文山區,木柵里,2016,立委,賴士葆,中國國民黨,2736,4996,54.7638
8,文山區,木柵里,2016,立委,陳如聖,台灣工黨,21,4996,0.4203
8,文山區,木柵里,2016,立委,方景鈞,無黨籍及未經政黨推薦,53,4996,1.0608
8,文山區,木柵里,2016,總統,朱立倫,中國國民黨,2567,5051,50.8216
8,文山區,木柵里,2016,總統,蔡英文,民主進步黨,1930,5051,38.2103
8,文山區,木柵里,2016,總統,宋楚瑜,親民黨,554,5051,10.9681
8,文山區,木柵里,2018,市長,吳蕚洋,無黨籍及未經政黨推薦,19,4924,0.3859
8,文山區,木柵里,2018,市長,丁守中,中國國民黨,2632,4924,53.4525
8,文山區,木柵里,2018,市長,姚文智,民主進步黨,491,4924,9.9716
8,文山區,木柵里,2018,市長,柯文哲,無黨籍及未經政黨推薦,1759,4924,35.723
8,文山區,木柵里,2018,市長,李錫錕,無黨籍及未經政黨推薦,23,4924,0.4671
8,文山區,木柵里,2020,立委,蕭曉玲,喜樂島聯盟,7,5653,0.1238
8,文山區,木柵里,2020,立委,華珮君,台灣動物保護黨,199,5653,3.5203
8,文山區,木柵里,2020,立委,彭子軒,無黨籍及未經政黨推薦,40,5653,0.7076
8,文山區,木柵里,2020,立委,柯士翎,綠黨,52,5653,0.9199
8,文山區,木柵里,2020,立委,阮昭雄,民主進步黨,1769,5653,31.2931
8,文山區,木柵里,2020,立委,賴士葆,中國國民黨,3116,5653,55.1212
8,文山區,木柵里,2020,立委,顏銘緯,台灣基進,103,5653,1.822
8,文山區,木柵里,2020,立委,李文,無黨籍及未經政黨推薦,27,5653,0.4776
8,文山區,木柵里,2020,立委,張幸松,台灣民眾黨,340,5653,6.0145
8,文山區,木柵里,2020,總統,宋楚瑜,親民黨,249,5692,4.3746
8,文山區,木柵里,2020,總統,韓國瑜,中國國民黨,3091,5692,54.3043
8,文山區,木柵里,2020,總統,蔡英文,民主進步黨,2352,5692,41.3212
8,文山區,木柵里,2022,市長,張家豪,台灣動物保護黨,17,5202,0.3268
8,文山區,木柵里,2022,市長,王文娟,無黨籍及未經政黨推薦,2,5202,0.0384
8,文山區,木柵里,2022,市長,鄭匡宇,無黨籍及未經政黨推薦,1,5202,0.0192
8,文山區,木柵里,2022,市長,黃聖峰,台澎黨,2,5202,0.0384
8,文山區,木柵里,2022,市長,童文薰,無黨籍及未經政黨推薦,3,5202,0.0577
8,文山區,木柵里,2022,市長,蔣萬安,中國國民黨,2741,5202,52.6913
8,文山區,木柵里,2022,市長,蘇煥智,台灣維新,14,5202,0.2691
8,文山區,木柵里,2022,市長,黃珊珊,無黨籍及未經政黨推薦,1306,5202,25.1057
8,文山區,木柵里,2022,市長,施奉先,無黨籍及未經政黨推薦,2,5202,0.0384
8,文山區,木柵里,2022,市長,唐新民,共和黨,3,5202,0.0577
8,文山區,木柵里,2022,市長,謝立康,無黨籍及未經政黨推薦,0,5202,0.0
8,文山區,木柵里,2022,市長,陳時中,民主進步黨,1111,5202,21.3572
8,文山區,木柵里,2024,立委,劉佩玲,台灣維新,30,5914,0.5073
8,文山區,木柵里,2024,立委,賴士葆,中國國民黨,3125,5914,52.8407
8,文山區,木柵里,2024,立委,王閔生,民主進步黨,1682,5914,28.441
8,文山區,木柵里,2024,立委,賴宣任,小民參政歐巴桑聯盟,203,5914,3.4325
8,文山區,木柵里,2024,立委,夏萬浪,無黨籍及未經政黨推薦,9,5914,0.1522
8,文山區,木柵里,2024,立委,張其祿,台灣民眾黨,854,5914,14.4403
8,文山區,木柵里,2024,立委,張維學,無黨籍及未經政黨推薦,5,5914,0.0845
8,文山區,木柵里,2024,立委,胡之壯,興中同盟會,6,5914,0.1015
8,文山區,木柵里,2024,總統,柯文哲,台灣民眾黨,1446,6055,23.8811
8,文山區,木柵里,2024,總統,賴清德,民主進步黨,1668,6055,27.5475
8,文山區,木柵里,2024,總統,侯友宜,中國國民黨,2941,6055,48.5714
8,文山區,樟文里,2014,市長,陳汝斌,三等國民公義人權自救黨,5,3617,0.1382
8,文山區,樟文里,2014,市長,趙衍慶,無黨籍及未經政黨推薦,46,3617,1.2718
8,文山區,樟文里,2014,市長,李宏信,無黨籍及未經政黨推薦,3,3617,0.0829
8,文山區,樟文里,2014,市長,陳永昌,無黨籍及未經政黨推薦,3,3617,0.0829
8,文山區,樟文里,2014,市長,馮光遠,無黨籍及未經政黨推薦,20,3617,0.5529
8,文山區,樟文里,2014,市長,連勝文,中國國民黨,1623,3617,44.8714
8,文山區,樟文里,2014,市長,柯文哲,無黨籍及未經政黨推薦,1917,3617,52.9997
8,文山區,樟文里,2016,立委,李慶元,無黨籍及未經政黨推薦,1363,3478,39.1892
8,文山區,樟文里,2016,立委,賴樹聲,無黨籍及未經政黨推薦,20,3478,0.575
8,文山區,樟文里,2016,立委,苗博雅,綠黨社會民主黨聯盟,425,3478,12.2197
8,文山區,樟文里,2016,立委,賴士葆,中國國民黨,1619,3478,46.5497
8,文山區,樟文里,2016,立委,陳如聖,台灣工黨,24,3478,0.6901
8,文山區,樟文里,2016,立委,方景鈞,無黨籍及未經政黨推薦,27,3478,0.7763
8,文山區,樟文里,2016,總統,朱立倫,中國國民黨,1482,3554,41.6995
8,文山區,樟文里,2016,總統,蔡英文,民主進步黨,1673,3554,47.0737
8,文山區,樟文里,2016,總統,宋楚瑜,親民黨,399,3554,11.2268
8,文山區,樟文里,2018,市長,吳蕚洋,無黨籍及未經政黨推薦,13,3448,0.377
8,文山區,樟文里,2018,市長,丁守中,中國國民黨,1541,3448,44.6926
8,文山區,樟文里,2018,市長,姚文智,民主進步黨,516,3448,14.9652
8,文山區,樟文里,2018,市長,柯文哲,無黨籍及未經政黨推薦,1360,3448,39.4432
8,文山區,樟文里,2018,市長,李錫錕,無黨籍及未經政黨推薦,18,3448,0.522
8,文山區,樟文里,2020,立委,蕭曉玲,喜樂島聯盟,8,3946,0.2027
8,文山區,樟文里,2020,立委,華珮君,台灣動物保護黨,160,3946,4.0547
8,文山區,樟文里,2020,立委,彭子軒,無黨籍及未經政黨推薦,27,3946,0.6842
8,文山區,樟文里,2020,立委,柯士翎,綠黨,40,3946,1.0137
8,文山區,樟文里,2020,立委,阮昭雄,民主進步黨,1514,3946,38.368
8,文山區,樟文里,2020,立委,賴士葆,中國國民黨,1860,3946,47.1363
8,文山區,樟文里,2020,立委,顏銘緯,台灣基進,87,3946,2.2048
8,文山區,樟文里,2020,立委,李文,無黨籍及未經政黨推薦,23,3946,0.5829
8,文山區,樟文里,2020,立委,張幸松,台灣民眾黨,227,3946,5.7527
8,文山區,樟文里,2020,總統,宋楚瑜,親民黨,146,3995,3.6546
8,文山區,樟文里,2020,總統,韓國瑜,中國國民黨,1833,3995,45.8824
8,文山區,樟文里,2020,總統,蔡英文,民主進步黨,2016,3995,50.4631
8,文山區,樟文里,2022,市長,張家豪,台灣動物保護黨,5,3339,0.1497
8,文山區,樟文里,2022,市長,王文娟,無黨籍及未經政黨推薦,0,3339,0.0
8,文山區,樟文里,2022,市長,鄭匡宇,無黨籍及未經政黨推薦,2,3339,0.0599
8,文山區,樟文里,2022,市長,黃聖峰,台澎黨,1,3339,0.0299
8,文山區,樟文里,2022,市長,童文薰,無黨籍及未經政黨推薦,5,3339,0.1497
8,文山區,樟文里,2022,市長,蔣萬安,中國國民黨,1598,3339,47.8586
8,文山區,樟文里,2022,市長,蘇煥智,台灣維新,3,3339,0.0898
8,文山區,樟文里,2022,市長,黃珊珊,無黨籍及未經政黨推薦,754,3339,22.5816
8,文山區,樟文里,2022,市長,施奉先,無黨籍及未經政黨推薦,0,3339,0.0
8,文山區,樟文里,2022,市長,唐新民,共和黨,1,3339,0.0299
8,文山區,樟文里,2022,市長,謝立康,無黨籍及未經政黨推薦,1,3339,0.0299
8,文山區,樟文里,2022,市長,陳時中,民主進步黨,969,3339,29.0207
8,文山區,樟文里,2024,立委,劉佩玲,台灣維新,26,3709,0.701
8,文山區,樟文里,2024,立委,賴士葆,中國國民黨,1711,3709,46.131
8,文山區,樟文里,2024,立委,王閔生,民主進步黨,1321,3709,35.6161
8,文山區,樟文里,2024,立委,賴宣任,小民參政歐巴桑聯盟,104,3709,2.804
8,文山區,樟文里,2024,立委,夏萬浪,無黨籍及未經政黨推薦,7,3709,0.1887
8,文山區,樟文里,2024,立委,張其祿,台灣民眾黨,531,3709,14.3165
8,文山區,樟文里,2024,立委,張維學,無黨籍及未經政黨推薦,8,3709,0.2157
8,文山區,樟文里,2024,立委,胡之壯,興中同盟會,1,3709,0.027
8,文山區,樟文里,2024,總統,柯文哲,台灣民眾黨,930,3777,24.6227
8,文山區,樟文里,2024,總統,賴清德,民主進步黨,1272,3777,33.6775
8,文山區,樟文里,2024,總統,侯友宜,中國國民黨,1575,3777,41.6998
8,文山區,樟新里,2014,市長,陳汝斌,三等國民公義人權自救黨,3,3266,0.0919
8,文山區,樟新里,2014,市長,趙衍慶,無黨籍及未經政黨推薦,43,3266,1.3166
8,文山區,樟新里,2014,市長,李宏信,無黨籍及未經政黨推薦,8,3266,0.2449
8,文山區,樟新里,2014,市長,陳永昌,無黨籍及未經政黨推薦,1,3266,0.0306
8,文山區,樟新里,2014,市長,馮光遠,無黨籍及未經政黨推薦,29,3266,0.8879
8,文山區,樟新里,2014,市長,連勝文,中國國民黨,1538,3266,47.0912
8,文山區,樟新里,2014,市長,柯文哲,無黨籍及未經政黨推薦,1644,3266,50.3368
8,文山區,樟新里,2016,立委,李慶元,無黨籍及未經政黨推薦,1055,3067,34.3984
8,文山區,樟新里,2016,立委,賴樹聲,無黨籍及未經政黨推薦,14,3067,0.4565
8,文山區,樟新里,2016,立委,苗博雅,綠黨社會民主黨聯盟,411,3067,13.4007
8,文山區,樟新里,2016,立委,賴士葆,中國國民黨,1535,3067,50.0489
8,文山區,樟新里,2016,立委,陳如聖,台灣工黨,22,3067,0.7173
8,文山區,樟新里,2016,立委,方景鈞,無黨籍及未經政黨推薦,30,3067,0.9782
8,文山區,樟新里,2016,總統,朱立倫,中國國民黨,1327,3080,43.0844
8,文山區,樟新里,2016,總統,蔡英文,民主進步黨,1396,3080,45.3247
8,文山區,樟新里,2016,總統,宋楚瑜,親民黨,357,3080,11.5909
8,文山區,樟新里,2018,市長,吳蕚洋,無黨籍及未經政黨推薦,20,3119,0.6412
8,文山區,樟新里,2018,市長,丁守中,中國國民黨,1466,3119,47.0022
8,文山區,樟新里,2018,市長,姚文智,民主進步黨,412,3119,13.2094
8,文山區,樟新里,2018,市長,柯文哲,無黨籍及未經政黨推薦,1209,3119,38.7624
8,文山區,樟新里,2018,市長,李錫錕,無黨籍及未經政黨推薦,12,3119,0.3847
8,文山區,樟新里,2020,立委,蕭曉玲,喜樂島聯盟,11,3509,0.3135
8,文山區,樟新里,2020,立委,華珮君,台灣動物保護黨,147,3509,4.1892
8,文山區,樟新里,2020,立委,彭子軒,無黨籍及未經政黨推薦,27,3509,0.7694
8,文山區,樟新里,2020,立委,柯士翎,綠黨,26,3509,0.741
8,文山區,樟新里,2020,立委,阮昭雄,民主進步黨,1228,3509,34.9957
8,文山區,樟新里,2020,立委,賴士葆,中國國民黨,1754,3509,49.9858
8,文山區,樟新里,2020,立委,顏銘緯,台灣基進,66,3509,1.8809
8,文山區,樟新里,2020,立委,李文,無黨籍及未經政黨推薦,22,3509,0.627
8,文山區,樟新里,2020,立委,張幸松,台灣民眾黨,228,3509,6.4976
8,文山區,樟新里,2020,總統,宋楚瑜,親民黨,164,3533,4.6419
8,文山區,樟新里,2020,總統,韓國瑜,中國國民黨,1707,3533,48.3159
8,文山區,樟新里,2020,總統,蔡英文,民主進步黨,1662,3533,47.0422
8,文山區,樟新里,2022,市長,張家豪,台灣動物保護黨,9,3058,0.2943
8,文山區,樟新里,2022,市長,王文娟,無黨籍及未經政黨推薦,2,3058,0.0654
8,文山區,樟新里,2022,市長,鄭匡宇,無黨籍及未經政黨推薦,2,3058,0.0654
8,文山區,樟新里,2022,市長,黃聖峰,台澎黨,0,3058,0.0
8,文山區,樟新里,2022,市長,童文薰,無黨籍及未經政黨推薦,8,3058,0.2616
8,文山區,樟新里,2022,市長,蔣萬安,中國國民黨,1501,3058,49.0844
8,文山區,樟新里,2022,市長,蘇煥智,台灣維新,3,3058,0.0981
8,文山區,樟新里,2022,市長,黃珊珊,無黨籍及未經政黨推薦,808,3058,26.4225
8,文山區,樟新里,2022,市長,施奉先,無黨籍及未經政黨推薦,2,3058,0.0654
8,文山區,樟新里,2022,市長,唐新民,共和黨,2,3058,0.0654
8,文山區,樟新里,2022,市長,謝立康,無黨籍及未經政黨推薦,1,3058,0.0327
8,文山區,樟新里,2022,市長,陳時中,民主進步黨,720,3058,23.5448
8,文山區,樟新里,2024,立委,劉佩玲,台灣維新,25,3293,0.7592
8,文山區,樟新里,2024,立委,賴士葆,中國國民黨,1604,3293,48.7094
8,文山區,樟新里,2024,立委,王閔生,民主進步黨,999,3293,30.3371
8,文山區,樟新里,2024,立委,賴宣任,小民參政歐巴桑聯盟,120,3293,3.6441
8,文山區,樟新里,2024,立委,夏萬浪,無黨籍及未經政黨推薦,4,3293,0.1215
8,文山區,樟新里,2024,立委,張其祿,台灣民眾黨,538,3293,16.3377
8,文山區,樟新里,2024,立委,張維學,無黨籍及未經政黨推薦,1,3293,0.0304
8,文山區,樟新里,2024,立委,胡之壯,興中同盟會,2,3293,0.0607
8,文山區,樟新里,2024,總統,柯文哲,台灣民眾黨,869,3358,25.8785
8,文山區,樟新里,2024,總統,賴清德,民主進步黨,988,3358,29.4223
8,文山區,樟新里,2024,總統,侯友宜,中國國民黨,1501,3358,44.6992
8,文山區,樟林里,2014,市長,陳汝斌,三等國民公義人權自救黨,6,4879,0.123
8,文山區,樟林里,2014,市長,趙衍慶,無黨籍及未經政黨推薦,61,4879,1.2503
8,文山區,樟林里,2014,市長,李宏信,無黨籍及未經政黨推薦,10,4879,0.205
8,文山區,樟林里,2014,市長,陳永昌,無黨籍及未經政黨推薦,6,4879,0.123
8,文山區,樟林里,2014,市長,馮光遠,無黨籍及未經政黨推薦,47,4879,0.9633
8,文山區,樟林里,2014,市長,連勝文,中國國民黨,2416,4879,49.5183
8,文山區,樟林里,2014,市長,柯文哲,無黨籍及未經政黨推薦,2333,4879,47.8172
8,文山區,樟林里,2016,立委,李慶元,無黨籍及未經政黨推薦,1653,4740,34.8734
8,文山區,樟林里,2016,立委,賴樹聲,無黨籍及未經政黨推薦,23,4740,0.4852
8,文山區,樟林里,2016,立委,苗博雅,綠黨社會民主黨聯盟,560,4740,11.8143
8,文山區,樟林里,2016,立委,賴士葆,中國國民黨,2422,4740,51.097
8,文山區,樟林里,2016,立委,陳如聖,台灣工黨,23,4740,0.4852
8,文山區,樟林里,2016,立委,方景鈞,無黨籍及未經政黨推薦,59,4740,1.2447
8,文山區,樟林里,2016,總統,朱立倫,中國國民黨,2226,4783,46.5398
8,文山區,樟林里,2016,總統,蔡英文,民主進步黨,1969,4783,41.1666
8,文山區,樟林里,2016,總統,宋楚瑜,親民黨,588,4783,12.2935
8,文山區,樟林里,2018,市長,吳蕚洋,無黨籍及未經政黨推薦,21,4742,0.4429
8,文山區,樟林里,2018,市長,丁守中,中國國民黨,2332,4742,49.1776
8,文山區,樟林里,2018,市長,姚文智,民主進步黨,588,4742,12.3998
8,文山區,樟林里,2018,市長,柯文哲,無黨籍及未經政黨推薦,1778,4742,37.4947
8,文山區,樟林里,2018,市長,李錫錕,無黨籍及未經政黨推薦,23,4742,0.485
8,文山區,樟林里,2020,立委,蕭曉玲,喜樂島聯盟,19,5282,0.3597
8,文山區,樟林里,2020,立委,華珮君,台灣動物保護黨,264,5282,4.9981
8,文山區,樟林里,2020,立委,彭子軒,無黨籍及未經政黨推薦,41,5282,0.7762
8,文山區,樟林里,2020,立委,柯士翎,綠黨,48,5282,0.9087
8,文山區,樟林里,2020,立委,阮昭雄,民主進步黨,1736,5282,32.8663
8,文山區,樟林里,2020,立委,賴士葆,中國國民黨,2702,5282,51.1549
8,文山區,樟林里,2020,立委,顏銘緯,台灣基進,97,5282,1.8364
8,文山區,樟林里,2020,立委,李文,無黨籍及未經政黨推薦,32,5282,0.6058
8,文山區,樟林里,2020,立委,張幸松,台灣民眾黨,343,5282,6.4938
8,文山區,樟林里,2020,總統,宋楚瑜,親民黨,250,5366,4.659
8,文山區,樟林里,2020,總統,韓國瑜,中國國民黨,2715,5366,50.5963
8,文山區,樟林里,2020,總統,蔡英文,民主進步黨,2401,5366,44.7447
8,文山區,樟林里,2022,市長,張家豪,台灣動物保護黨,7,4426,0.1582
8,文山區,樟林里,2022,市長,王文娟,無黨籍及未經政黨推薦,1,4426,0.0226
8,文山區,樟林里,2022,市長,鄭匡宇,無黨籍及未經政黨推薦,1,4426,0.0226
8,文山區,樟林里,2022,市長,黃聖峰,台澎黨,0,4426,0.0
8,文山區,樟林里,2022,市長,童文薰,無黨籍及未經政黨推薦,13,4426,0.2937
8,文山區,樟林里,2022,市長,蔣萬安,中國國民黨,2277,4426,51.446
8,文山區,樟林里,2022,市長,蘇煥智,台灣維新,9,4426,0.2033
8,文山區,樟林里,2022,市長,黃珊珊,無黨籍及未經政黨推薦,1040,4426,23.4975
8,文山區,樟林里,2022,市長,施奉先,無黨籍及未經政黨推薦,3,4426,0.0678
8,文山區,樟林里,2022,市長,唐新民,共和黨,2,4426,0.0452
8,文山區,樟林里,2022,市長,謝立康,無黨籍及未經政黨推薦,0,4426,0.0
8,文山區,樟林里,2022,市長,陳時中,民主進步黨,1073,4426,24.2431
8,文山區,樟林里,2024,立委,劉佩玲,台灣維新,21,5012,0.419
8,文山區,樟林里,2024,立委,賴士葆,中國國民黨,2468,5012,49.2418
8,文山區,樟林里,2024,立委,王閔生,民主進步黨,1573,5012,31.3847
8,文山區,樟林里,2024,立委,賴宣任,小民參政歐巴桑聯盟,160,5012,3.1923
8,文山區,樟林里,2024,立委,夏萬浪,無黨籍及未經政黨推薦,10,5012,0.1995
8,文山區,樟林里,2024,立委,張其祿,台灣民眾黨,770,5012,15.3631
8,文山區,樟林里,2024,立委,張維學,無黨籍及未經政黨推薦,5,5012,0.0998
8,文山區,樟林里,2024,立委,胡之壯,興中同盟會,5,5012,0.0998
8,文山區,樟林里,2024,總統,柯文哲,台灣民眾黨,1279,5094,25.108
8,文山區,樟林里,2024,總統,賴清德,民主進步黨,1522,5094,29.8783
8,文山區,樟林里,2024,總統,侯友宜,中國國民黨,2293,5094,45.0137
8,文山區,樟樹里,2014,市長,陳汝斌,三等國民公義人權自救黨,3,2876,0.1043
8,文山區,樟樹里,2014,市長,趙衍慶,無黨籍及未經政黨推薦,39,2876,1.3561
8,文山區,樟樹里,2014,市長,李宏信,無黨籍及未經政黨推薦,2,2876,0.0695
8,文山區,樟樹里,2014,市長,陳永昌,無黨籍及未經政黨推薦,2,2876,0.0695
8,文山區,樟樹里,2014,市長,馮光遠,無黨籍及未經政黨推薦,15,2876,0.5216
8,文山區,樟樹里,2014,市長,連勝文,中國國民黨,1319,2876,45.8623
8,文山區,樟樹里,2014,市長,柯文哲,無黨籍及未經政黨推薦,1496,2876,52.0167
8,文山區,樟樹里,2016,立委,李慶元,無黨籍及未經政黨推薦,1049,2731,38.4108
8,文山區,樟樹里,2016,立委,賴樹聲,無黨籍及未經政黨推薦,13,2731,0.476
8,文山區,樟樹里,2016,立委,苗博雅,綠黨社會民主黨聯盟,338,2731,12.3764
8,文山區,樟樹里,2016,立委,賴士葆,中國國民黨,1297,2731,47.4918
8,文山區,樟樹里,2016,立委,陳如聖,台灣工黨,18,2731,0.6591
8,文山區,樟樹里,2016,立委,方景鈞,無黨籍及未經政黨推薦,16,2731,0.5859
8,文山區,樟樹里,2016,總統,朱立倫,中國國民黨,1162,2779,41.8136
8,文山區,樟樹里,2016,總統,蔡英文,民主進步黨,1309,2779,47.1033
8,文山區,樟樹里,2016,總統,宋楚瑜,親民黨,308,2779,11.0831
8,文山區,樟樹里,2018,市長,吳蕚洋,無黨籍及未經政黨推薦,8,2857,0.28
8,文山區,樟樹里,2018,市長,丁守中,中國國民黨,1250,2857,43.7522
8,文山區,樟樹里,2018,市長,姚文智,民主進步黨,425,2857,14.8757
8,文山區,樟樹里,2018,市長,柯文哲,無黨籍及未經政黨推薦,1168,2857,40.882
8,文山區,樟樹里,2018,市長,李錫錕,無黨籍及未經政黨推薦,6,2857,0.21
8,文山區,樟樹里,2020,立委,蕭曉玲,喜樂島聯盟,5,3097,0.1614
8,文山區,樟樹里,2020,立委,華珮君,台灣動物保護黨,147,3097,4.7465
8,文山區,樟樹里,2020,立委,彭子軒,無黨籍及未經政黨推薦,18,3097,0.5812
8,文山區,樟樹里,2020,立委,柯士翎,綠黨,17,3097,0.5489
8,文山區,樟樹里,2020,立委,阮昭雄,民主進步黨,1131,3097,36.5192
8,文山區,樟樹里,2020,立委,賴士葆,中國國民黨,1480,3097,47.7882
8,文山區,樟樹里,2020,立委,顏銘緯,台灣基進,64,3097,2.0665
8,文山區,樟樹里,2020,立委,李文,無黨籍及未經政黨推薦,10,3097,0.3229
8,文山區,樟樹里,2020,立委,張幸松,台灣民眾黨,225,3097,7.2651
8,文山區,樟樹里,2020,總統,宋楚瑜,親民黨,153,3146,4.8633
8,文山區,樟樹里,2020,總統,韓國瑜,中國國民黨,1420,3146,45.1367
8,文山區,樟樹里,2020,總統,蔡英文,民主進步黨,1573,3146,50.0
8,文山區,樟樹里,2022,市長,張家豪,台灣動物保護黨,4,2544,0.1572
8,文山區,樟樹里,2022,市長,王文娟,無黨籍及未經政黨推薦,1,2544,0.0393
8,文山區,樟樹里,2022,市長,鄭匡宇,無黨籍及未經政黨推薦,1,2544,0.0393
8,文山區,樟樹里,2022,市長,黃聖峰,台澎黨,0,2544,0.0
8,文山區,樟樹里,2022,市長,童文薰,無黨籍及未經政黨推薦,2,2544,0.0786
8,文山區,樟樹里,2022,市長,蔣萬安,中國國民黨,1198,2544,47.0912
8,文山區,樟樹里,2022,市長,蘇煥智,台灣維新,7,2544,0.2752
8,文山區,樟樹里,2022,市長,黃珊珊,無黨籍及未經政黨推薦,610,2544,23.978
8,文山區,樟樹里,2022,市長,施奉先,無黨籍及未經政黨推薦,1,2544,0.0393
8,文山區,樟樹里,2022,市長,唐新民,共和黨,1,2544,0.0393
8,文山區,樟樹里,2022,市長,謝立康,無黨籍及未經政黨推薦,0,2544,0.0
8,文山區,樟樹里,2022,市長,陳時中,民主進步黨,719,2544,28.2626
8,文山區,樟樹里,2024,立委,劉佩玲,台灣維新,19,2796,0.6795
8,文山區,樟樹里,2024,立委,賴士葆,中國國民黨,1270,2796,45.422
8,文山區,樟樹里,2024,立委,王閔生,民主進步黨,949,2796,33.9413
8,文山區,樟樹里,2024,立委,賴宣任,小民參政歐巴桑聯盟,98,2796,3.505
8,文山區,樟樹里,2024,立委,夏萬浪,無黨籍及未經政黨推薦,8,2796,0.2861
8,文山區,樟樹里,2024,立委,張其祿,台灣民眾黨,448,2796,16.0229
8,文山區,樟樹里,2024,立委,張維學,無黨籍及未經政黨推薦,2,2796,0.0715
8,文山區,樟樹里,2024,立委,胡之壯,興中同盟會,2,2796,0.0715
8,文山區,樟樹里,2024,總統,柯文哲,台灣民眾黨,740,2846,26.0014
8,文山區,樟樹里,2024,總統,賴清德,民主進步黨,932,2846,32.7477
8,文山區,樟樹里,2024,總統,侯友宜,中國國民黨,1174,2846,41.2509
8,文山區,樟腳里,2014,市長,陳汝斌,三等國民公義人權自救黨,1,3188,0.0314
8,文山區,樟腳里,2014,市長,趙衍慶,無黨籍及未經政黨推薦,33,3188,1.0351
8,文山區,樟腳里,2014,市長,李宏信,無黨籍及未經政黨推薦,2,3188,0.0627
8,文山區,樟腳里,2014,市長,陳永昌,無黨籍及未經政黨推薦,5,3188,0.1568
8,文山區,樟腳里,2014,市長,馮光遠,無黨籍及未經政黨推薦,21,3188,0.6587
8,文山區,樟腳里,2014,市長,連勝文,中國國民黨,1386,3188,43.4755
8,文山區,樟腳里,2014,市長,柯文哲,無黨籍及未經政黨推薦,1740,3188,54.5797
8,文山區,樟腳里,2016,立委,李慶元,無黨籍及未經政黨推薦,1273,3179,40.044
8,文山區,樟腳里,2016,立委,賴樹聲,無黨籍及未經政黨推薦,21,3179,0.6606
8,文山區,樟腳里,2016,立委,苗博雅,綠黨社會民主黨聯盟,393,3179,12.3624
8,文山區,樟腳里,2016,立委,賴士葆,中國國民黨,1467,3179,46.1466
8,文山區,樟腳里,2016,立委,陳如聖,台灣工黨,12,3179,0.3775
8,文山區,樟腳里,2016,立委,方景鈞,無黨籍及未經政黨推薦,13,3179,0.4089
8,文山區,樟腳里,2016,總統,朱立倫,中國國民黨,1346,3242,41.5176
8,文山區,樟腳里,2016,總統,蔡英文,民主進步黨,1547,3242,47.7175
8,文山區,樟腳里,2016,總統,宋楚瑜,親民黨,349,3242,10.765
8,文山區,樟腳里,2018,市長,吳蕚洋,無黨籍及未經政黨推薦,12,3110,0.3859
8,文山區,樟腳里,2018,市長,丁守中,中國國民黨,1358,3110,43.6656
8,文山區,樟腳里,2018,市長,姚文智,民主進步黨,438,3110,14.0836
8,文山區,樟腳里,2018,市長,柯文哲,無黨籍及未經政黨推薦,1285,3110,41.3183
8,文山區,樟腳里,2018,市長,李錫錕,無黨籍及未經政黨推薦,17,3110,0.5466
8,文山區,樟腳里,2020,立委,蕭曉玲,喜樂島聯盟,8,3596,0.2225
8,文山區,樟腳里,2020,立委,華珮君,台灣動物保護黨,155,3596,4.3103
8,文山區,樟腳里,2020,立委,彭子軒,無黨籍及未經政黨推薦,24,3596,0.6674
8,文山區,樟腳里,2020,立委,柯士翎,綠黨,26,3596,0.723
8,文山區,樟腳里,2020,立委,阮昭雄,民主進步黨,1333,3596,37.069
8,文山區,樟腳里,2020,立委,賴士葆,中國國民黨,1681,3596,46.7464
8,文山區,樟腳里,2020,立委,顏銘緯,台灣基進,101,3596,2.8087
8,文山區,樟腳里,2020,立委,李文,無黨籍及未經政黨推薦,22,3596,0.6118
8,文山區,樟腳里,2020,立委,張幸松,台灣民眾黨,246,3596,6.8409
8,文山區,樟腳里,2020,總統,宋楚瑜,親民黨,174,3642,4.7776
8,文山區,樟腳里,2020,總統,韓國瑜,中國國民黨,1653,3642,45.3871
8,文山區,樟腳里,2020,總統,蔡英文,民主進步黨,1815,3642,49.8353
8,文山區,樟腳里,2022,市長,張家豪,台灣動物保護黨,7,3016,0.2321
8,文山區,樟腳里,2022,市長,王文娟,無黨籍及未經政黨推薦,0,3016,0.0
8,文山區,樟腳里,2022,市長,鄭匡宇,無黨籍及未經政黨推薦,0,3016,0.0
8,文山區,樟腳里,2022,市長,黃聖峰,台澎黨,0,3016,0.0
8,文山區,樟腳里,2022,市長,童文薰,無黨籍及未經政黨推薦,5,3016,0.1658
8,文山區,樟腳里,2022,市長,蔣萬安,中國國民黨,1414,3016,46.8833
8,文山區,樟腳里,2022,市長,蘇煥智,台灣維新,2,3016,0.0663
8,文山區,樟腳里,2022,市長,黃珊珊,無黨籍及未經政黨推薦,770,3016,25.5305
8,文山區,樟腳里,2022,市長,施奉先,無黨籍及未經政黨推薦,0,3016,0.0
8,文山區,樟腳里,2022,市長,唐新民,共和黨,5,3016,0.1658
8,文山區,樟腳里,2022,市長,謝立康,無黨籍及未經政黨推薦,0,3016,0.0
8,文山區,樟腳里,2022,市長,陳時中,民主進步黨,813,3016,26.9562
8,文山區,樟腳里,2024,立委,劉佩玲,台灣維新,16,3288,0.4866
8,文山區,樟腳里,2024,立委,賴士葆,中國國民黨,1485,3288,45.1642
8,文山區,樟腳里,2024,立委,王閔生,民主進步黨,1165,3288,35.4319
8,文山區,樟腳里,2024,立委,賴宣任,小民參政歐巴桑聯盟,88,3288,2.6764
8,文山區,樟腳里,2024,立委,夏萬浪,無黨籍及未經政黨推薦,6,3288,0.1825
8,文山區,樟腳里,2024,立委,張其祿,台灣民眾黨,523,3288,15.9063
8,文山區,樟腳里,2024,立委,張維學,無黨籍及未經政黨推薦,4,3288,0.1217
8,文山區,樟腳里,2024,立委,胡之壯,興中同盟會,1,3288,0.0304
8,文山區,樟腳里,2024,總統,柯文哲,台灣民眾黨,874,3342,26.152
8,文山區,樟腳里,2024,總統,賴清德,民主進步黨,1073,3342,32.1065
8,文山區,樟腳里,2024,總統,侯友宜,中國國民黨,1395,3342,41.7415
8,文山區,老泉里,2014,市長,陳汝斌,三等國民公義人權自救黨,2,556,0.3597
8,文山區,老泉里,2014,市長,趙衍慶,無黨籍及未經政黨推薦,1,556,0.1799
8,文山區,老泉里,2014,市長,李宏信,無黨籍及未經政黨推薦,1,556,0.1799
8,文山區,老泉里,2014,市長,陳永昌,無黨籍及未經政黨推薦,0,556,0.0
8,文山區,老泉里,2014,市長,馮光遠,無黨籍及未經政黨推薦,1,556,0.1799
8,文山區,老泉里,2014,市長,連勝文,中國國民黨,168,556,30.2158
8,文山區,老泉里,2014,市長,柯文哲,無黨籍及未經政黨推薦,383,556,68.8849
8,文山區,老泉里,2016,立委,李慶元,無黨籍及未經政黨推薦,337,503,66.998
8,文山區,老泉里,2016,立委,賴樹聲,無黨籍及未經政黨推薦,5,503,0.994
8,文山區,老泉里,2016,立委,苗博雅,綠黨社會民主黨聯盟,40,503,7.9523
8,文山區,老泉里,2016,立委,賴士葆,中國國民黨,117,503,23.2604
8,文山區,老泉里,2016,立委,陳如聖,台灣工黨,0,503,0.0
8,文山區,老泉里,2016,立委,方景鈞,無黨籍及未經政黨推薦,4,503,0.7952
8,文山區,老泉里,2016,總統,朱立倫,中國國民黨,134,515,26.0194
8,文山區,老泉里,2016,總統,蔡英文,民主進步黨,339,515,65.8252
8,文山區,老泉里,2016,總統,宋楚瑜,親民黨,42,515,8.1553
8,文山區,老泉里,2018,市長,吳蕚洋,無黨籍及未經政黨推薦,5,530,0.9434
8,文山區,老泉里,2018,市長,丁守中,中國國民黨,149,530,28.1132
8,文山區,老泉里,2018,市長,姚文智,民主進步黨,149,530,28.1132
8,文山區,老泉里,2018,市長,柯文哲,無黨籍及未經政黨推薦,225,530,42.4528
8,文山區,老泉里,2018,市長,李錫錕,無黨籍及未經政黨推薦,2,530,0.3774
8,文山區,老泉里,2020,立委,蕭曉玲,喜樂島聯盟,1,555,0.1802
8,文山區,老泉里,2020,立委,華珮君,台灣動物保護黨,14,555,2.5225
8,文山區,老泉里,2020,立委,彭子軒,無黨籍及未經政黨推薦,3,555,0.5405
8,文山區,老泉里,2020,立委,柯士翎,綠黨,7,555,1.2613
8,文山區,老泉里,2020,立委,阮昭雄,民主進步黨,301,555,54.2342
8,文山區,老泉里,2020,立委,賴士葆,中國國民黨,186,555,33.5135
8,文山區,老泉里,2020,立委,顏銘緯,台灣基進,14,555,2.5225
8,文山區,老泉里,2020,立委,李文,無黨籍及未經政黨推薦,0,555,0.0
8,文山區,老泉里,2020,立委,張幸松,台灣民眾黨,29,555,5.2252
8,文山區,老泉里,2020,總統,宋楚瑜,親民黨,13,557,2.3339
8,文山區,老泉里,2020,總統,韓國瑜,中國國民黨,178,557,31.9569
8,文山區,老泉里,2020,總統,蔡英文,民主進步黨,366,557,65.7092
8,文山區,老泉里,2022,市長,張家豪,台灣動物保護黨,3,547,0.5484
8,文山區,老泉里,2022,市長,王文娟,無黨籍及未經政黨推薦,1,547,0.1828
8,文山區,老泉里,2022,市長,鄭匡宇,無黨籍及未經政黨推薦,0,547,0.0
8,文山區,老泉里,2022,市長,黃聖峰,台澎黨,0,547,0.0
8,文山區,老泉里,2022,市長,童文薰,無黨籍及未經政黨推薦,3,547,0.5484
8,文山區,老泉里,2022,市長,蔣萬安,中國國民黨,169,547,30.8958
8,文山區,老泉里,2022,市長,蘇煥智,台灣維新,0,547,0.0
8,文山區,老泉里,2022,市長,黃珊珊,無黨籍及未經政黨推薦,129,547,23.5832
8,文山區,老泉里,2022,市長,施奉先,無黨籍及未經政黨推薦,0,547,0.0
8,文山區,老泉里,2022,市長,唐新民,共和黨,0,547,0.0
8,文山區,老泉里,2022,市長,謝立康,無黨籍及未經政黨推薦,0,547,0.0
8,文山區,老泉里,2022,市長,陳時中,民主進步黨,242,547,44.2413
8,文山區,老泉里,2024,立委,劉佩玲,台灣維新,2,522,0.3831
8,文山區,老泉里,2024,立委,賴士葆,中國國民黨,178,522,34.0996
8,文山區,老泉里,2024,立委,王閔生,民主進步黨,283,522,54.2146
8,文山區,老泉里,2024,立委,賴宣任,小民參政歐巴桑聯盟,11,522,2.1073
8,文山區,老泉里,2024,立委,夏萬浪,無黨籍及未經政黨推薦,0,522,0.0
8,文山區,老泉里,2024,立委,張其祿,台灣民眾黨,48,522,9.1954
8,文山區,老泉里,2024,立委,張維學,無黨籍及未經政黨推薦,0,522,0.0
8,文山區,老泉里,2024,立委,胡之壯,興中同盟會,0,522,0.0
8,文山區,老泉里,2024,總統,柯文哲,台灣民眾黨,123,532,23.1203
8,文山區,老泉里,2024,總統,賴清德,民主進步黨,255,532,47.9323
8,文山區,老泉里,2024,總統,侯友宜,中國國民黨,154,532,28.9474
8,文山區,興光里,2014,市長,陳汝斌,三等國民公義人權自救黨,6,1983,0.3026
8,文山區,興光里,2014,市長,趙衍慶,無黨籍及未經政黨推薦,20,1983,1.0086
8,文山區,興光里,2014,市長,李宏信,無黨籍及未經政黨推薦,6,1983,0.3026
8,文山區,興光里,2014,市長,陳永昌,無黨籍及未經政黨推薦,3,1983,0.1513
8,文山區,興光里,2014,市長,馮光遠,無黨籍及未經政黨推薦,9,1983,0.4539
8,文山區,興光里,2014,市長,連勝文,中國國民黨,964,1983,48.6132
8,文山區,興光里,2014,市長,柯文哲,無黨籍及未經政黨推薦,975,1983,49.1679
8,文山區,興光里,2016,立委,李慶元,無黨籍及未經政黨推薦,666,1903,34.9974
8,文山區,興光里,2016,立委,賴樹聲,無黨籍及未經政黨推薦,9,1903,0.4729
8,文山區,興光里,2016,立委,苗博雅,綠黨社會民主黨聯盟,227,1903,11.9285
8,文山區,興光里,2016,立委,賴士葆,中國國民黨,980,1903,51.4976
8,文山區,興光里,2016,立委,陳如聖,台灣工黨,5,1903,0.2627
8,文山區,興光里,2016,立委,方景鈞,無黨籍及未經政黨推薦,16,1903,0.8408
8,文山區,興光里,2016,總統,朱立倫,中國國民黨,910,1935,47.0284
8,文山區,興光里,2016,總統,蔡英文,民主進步黨,836,1935,43.2041
8,文山區,興光里,2016,總統,宋楚瑜,親民黨,189,1935,9.7674
8,文山區,興光里,2018,市長,吳蕚洋,無黨籍及未經政黨推薦,7,1861,0.3761
8,文山區,興光里,2018,市長,丁守中,中國國民黨,890,1861,47.8238
8,文山區,興光里,2018,市長,姚文智,民主進步黨,218,1861,11.7141
8,文山區,興光里,2018,市長,柯文哲,無黨籍及未經政黨推薦,739,1861,39.7098
8,文山區,興光里,2018,市長,李錫錕,無黨籍及未經政黨推薦,7,1861,0.3761
8,文山區,興光里,2020,立委,蕭曉玲,喜樂島聯盟,4,2120,0.1887
8,文山區,興光里,2020,立委,華珮君,台灣動物保護黨,104,2120,4.9057
8,文山區,興光里,2020,立委,彭子軒,無黨籍及未經政黨推薦,11,2120,0.5189
8,文山區,興光里,2020,立委,柯士翎,綠黨,16,2120,0.7547
8,文山區,興光里,2020,立委,阮昭雄,民主進步黨,703,2120,33.1604
8,文山區,興光里,2020,立委,賴士葆,中國國民黨,1087,2120,51.2736
8,文山區,興光里,2020,立委,顏銘緯,台灣基進,37,2120,1.7453
8,文山區,興光里,2020,立委,李文,無黨籍及未經政黨推薦,9,2120,0.4245
8,文山區,興光里,2020,立委,張幸松,台灣民眾黨,149,2120,7.0283
8,文山區,興光里,2020,總統,宋楚瑜,親民黨,100,2143,4.6664
8,文山區,興光里,2020,總統,韓國瑜,中國國民黨,1093,2143,51.0033
8,文山區,興光里,2020,總統,蔡英文,民主進步黨,950,2143,44.3304
8,文山區,興光里,2022,市長,張家豪,台灣動物保護黨,6,2050,0.2927
8,文山區,興光里,2022,市長,王文娟,無黨籍及未經政黨推薦,0,2050,0.0
8,文山區,興光里,2022,市長,鄭匡宇,無黨籍及未經政黨推薦,2,2050,0.0976
8,文山區,興光里,2022,市長,黃聖峰,台澎黨,0,2050,0.0
8,文山區,興光里,2022,市長,童文薰,無黨籍及未經政黨推薦,4,2050,0.1951
8,文山區,興光里,2022,市長,蔣萬安,中國國民黨,1015,2050,49.5122
8,文山區,興光里,2022,市長,蘇煥智,台灣維新,4,2050,0.1951
8,文山區,興光里,2022,市長,黃珊珊,無黨籍及未經政黨推薦,530,2050,25.8537
8,文山區,興光里,2022,市長,施奉先,無黨籍及未經政黨推薦,0,2050,0.0
8,文山區,興光里,2022,市長,唐新民,共和黨,0,2050,0.0
8,文山區,興光里,2022,市長,謝立康,無黨籍及未經政黨推薦,1,2050,0.0488
8,文山區,興光里,2022,市長,陳時中,民主進步黨,488,2050,23.8049
8,文山區,興光里,2024,立委,劉佩玲,台灣維新,12,2365,0.5074
8,文山區,興光里,2024,立委,賴士葆,中國國民黨,1099,2365,46.4693
8,文山區,興光里,2024,立委,王閔生,民主進步黨,750,2365,31.7125
8,文山區,興光里,2024,立委,賴宣任,小民參政歐巴桑聯盟,73,2365,3.0867
8,文山區,興光里,2024,立委,夏萬浪,無黨籍及未經政黨推薦,5,2365,0.2114
8,文山區,興光里,2024,立委,張其祿,台灣民眾黨,420,2365,17.759
8,文山區,興光里,2024,立委,張維學,無黨籍及未經政黨推薦,4,2365,0.1691
8,文山區,興光里,2024,立委,胡之壯,興中同盟會,2,2365,0.0846
8,文山區,興光里,2024,總統,柯文哲,台灣民眾黨,605,2410,25.1037
8,文山區,興光里,2024,總統,賴清德,民主進步黨,747,2410,30.9959
8,文山區,興光里,2024,總統,侯友宜,中國國民黨,1058,2410,43.9004
8,文山區,興安里,2014,市長,陳汝斌,三等國民公義人權自救黨,2,3734,0.0536
8,文山區,興安里,2014,市長,趙衍慶,無黨籍及未經政黨推薦,58,3734,1.5533
8,文山區,興安里,2014,市長,李宏信,無黨籍及未經政黨推薦,4,3734,0.1071
8,文山區,興安里,2014,市長,陳永昌,無黨籍及未經政黨推薦,3,3734,0.0803
8,文山區,興安里,2014,市長,馮光遠,無黨籍及未經政黨推薦,18,3734,0.4821
8,文山區,興安里,2014,市長,連勝文,中國國民黨,1953,3734,52.3032
8,文山區,興安里,2014,市長,柯文哲,無黨籍及未經政黨推薦,1696,3734,45.4205
8,文山區,興安里,2016,立委,李慶元,無黨籍及未經政黨推薦,1122,3690,30.4065
8,文山區,興安里,2016,立委,賴樹聲,無黨籍及未經政黨推薦,20,3690,0.542
8,文山區,興安里,2016,立委,苗博雅,綠黨社會民主黨聯盟,439,3690,11.897
8,文山區,興安里,2016,立委,賴士葆,中國國民黨,2061,3690,55.8537
8,文山區,興安里,2016,立委,陳如聖,台灣工黨,10,3690,0.271
8,文山區,興安里,2016,立委,方景鈞,無黨籍及未經政黨推薦,38,3690,1.0298
8,文山區,興安里,2016,總統,朱立倫,中國國民黨,1867,3720,50.1882
8,文山區,興安里,2016,總統,蔡英文,民主進步黨,1412,3720,37.957
8,文山區,興安里,2016,總統,宋楚瑜,親民黨,441,3720,11.8548
8,文山區,興安里,2018,市長,吳蕚洋,無黨籍及未經政黨推薦,13,3800,0.3421
8,文山區,興安里,2018,市長,丁守中,中國國民黨,1947,3800,51.2368
8,文山區,興安里,2018,市長,姚文智,民主進步黨,420,3800,11.0526
8,文山區,興安里,2018,市長,柯文哲,無黨籍及未經政黨推薦,1401,3800,36.8684
8,文山區,興安里,2018,市長,李錫錕,無黨籍及未經政黨推薦,19,3800,0.5
8,文山區,興安里,2020,立委,蕭曉玲,喜樂島聯盟,11,4347,0.253
8,文山區,興安里,2020,立委,華珮君,台灣動物保護黨,196,4347,4.5089
8,文山區,興安里,2020,立委,彭子軒,無黨籍及未經政黨推薦,29,4347,0.6671
8,文山區,興安里,2020,立委,柯士翎,綠黨,31,4347,0.7131
8,文山區,興安里,2020,立委,阮昭雄,民主進步黨,1411,4347,32.4592
8,文山區,興安里,2020,立委,賴士葆,中國國民黨,2345,4347,53.9452
8,文山區,興安里,2020,立委,顏銘緯,台灣基進,84,4347,1.9324
8,文山區,興安里,2020,立委,李文,無黨籍及未經政黨推薦,24,4347,0.5521
8,文山區,興安里,2020,立委,張幸松,台灣民眾黨,216,4347,4.9689
8,文山區,興安里,2020,總統,宋楚瑜,親民黨,177,4383,4.0383
8,文山區,興安里,2020,總統,韓國瑜,中國國民黨,2346,4383,53.525
8,文山區,興安里,2020,總統,蔡英文,民主進步黨,1860,4383,42.4367
8,文山區,興安里,2022,市長,張家豪,台灣動物保護黨,15,3810,0.3937
8,文山區,興安里,2022,市長,王文娟,無黨籍及未經政黨推薦,1,3810,0.0262
8,文山區,興安里,2022,市長,鄭匡宇,無黨籍及未經政黨推薦,0,3810,0.0
8,文山區,興安里,2022,市長,黃聖峰,台澎黨,0,3810,0.0
8,文山區,興安里,2022,市長,童文薰,無黨籍及未經政黨推薦,3,3810,0.0787
8,文山區,興安里,2022,市長,蔣萬安,中國國民黨,2005,3810,52.6247
8,文山區,興安里,2022,市長,蘇煥智,台灣維新,3,3810,0.0787
8,文山區,興安里,2022,市長,黃珊珊,無黨籍及未經政黨推薦,883,3810,23.1759
8,文山區,興安里,2022,市長,施奉先,無黨籍及未經政黨推薦,0,3810,0.0
8,文山區,興安里,2022,市長,唐新民,共和黨,0,3810,0.0
8,文山區,興安里,2022,市長,謝立康,無黨籍及未經政黨推薦,0,3810,0.0
8,文山區,興安里,2022,市長,陳時中,民主進步黨,900,3810,23.622
8,文山區,興安里,2024,立委,劉佩玲,台灣維新,17,4156,0.409
8,文山區,興安里,2024,立委,賴士葆,中國國民黨,2123,4156,51.0828
8,文山區,興安里,2024,立委,王閔生,民主進步黨,1238,4156,29.7883
8,文山區,興安里,2024,立委,賴宣任,小民參政歐巴桑聯盟,139,4156,3.3446
8,文山區,興安里,2024,立委,夏萬浪,無黨籍及未經政黨推薦,8,4156,0.1925
8,文山區,興安里,2024,立委,張其祿,台灣民眾黨,628,4156,15.1107
8,文山區,興安里,2024,立委,張維學,無黨籍及未經政黨推薦,2,4156,0.0481
8,文山區,興安里,2024,立委,胡之壯,興中同盟會,1,4156,0.0241
8,文山區,興安里,2024,總統,柯文哲,台灣民眾黨,1007,4226,23.8287
8,文山區,興安里,2024,總統,賴清德,民主進步黨,1228,4226,29.0582
8,文山區,興安里,2024,總統,侯友宜,中國國民黨,1991,4226,47.1131
8,文山區,興家里,2014,市長,陳汝斌,三等國民公義人權自救黨,6,4373,0.1372
8,文山區,興家里,2014,市長,趙衍慶,無黨籍及未經政黨推薦,60,4373,1.3721
8,文山區,興家里,2014,市長,李宏信,無黨籍及未經政黨推薦,4,4373,0.0915
8,文山區,興家里,2014,市長,陳永昌,無黨籍及未經政黨推薦,9,4373,0.2058
8,文山區,興家里,2014,市長,馮光遠,無黨籍及未經政黨推薦,23,4373,0.526
8,文山區,興家里,2014,市長,連勝文,中國國民黨,2183,4373,49.92
8,文山區,興家里,2014,市長,柯文哲,無黨籍及未經政黨推薦,2088,4373,47.7475
8,文山區,興家里,2016,立委,李慶元,無黨籍及未經政黨推薦,1457,4291,33.9548
8,文山區,興家里,2016,立委,賴樹聲,無黨籍及未經政黨推薦,27,4291,0.6292
8,文山區,興家里,2016,立委,苗博雅,綠黨社會民主黨聯盟,483,4291,11.2561
8,文山區,興家里,2016,立委,賴士葆,中國國民黨,2274,4291,52.9946
8,文山區,興家里,2016,立委,陳如聖,台灣工黨,16,4291,0.3729
8,文山區,興家里,2016,立委,方景鈞,無黨籍及未經政黨推薦,34,4291,0.7924
8,文山區,興家里,2016,總統,朱立倫,中國國民黨,1984,4357,45.5359
8,文山區,興家里,2016,總統,蔡英文,民主進步黨,1812,4357,41.5882
8,文山區,興家里,2016,總統,宋楚瑜,親民黨,561,4357,12.8758
8,文山區,興家里,2018,市長,吳蕚洋,無黨籍及未經政黨推薦,27,4307,0.6269
8,文山區,興家里,2018,市長,丁守中,中國國民黨,2090,4307,48.5257
8,文山區,興家里,2018,市長,姚文智,民主進步黨,487,4307,11.3072
8,文山區,興家里,2018,市長,柯文哲,無黨籍及未經政黨推薦,1673,4307,38.8437
8,文山區,興家里,2018,市長,李錫錕,無黨籍及未經政黨推薦,30,4307,0.6965
8,文山區,興家里,2020,立委,蕭曉玲,喜樂島聯盟,5,4905,0.1019
8,文山區,興家里,2020,立委,華珮君,台灣動物保護黨,211,4905,4.3017
8,文山區,興家里,2020,立委,彭子軒,無黨籍及未經政黨推薦,24,4905,0.4893
8,文山區,興家里,2020,立委,柯士翎,綠黨,40,4905,0.8155
8,文山區,興家里,2020,立委,阮昭雄,民主進步黨,1601,4905,32.6402
8,文山區,興家里,2020,立委,賴士葆,中國國民黨,2586,4905,52.7217
8,文山區,興家里,2020,立委,顏銘緯,台灣基進,102,4905,2.0795
8,文山區,興家里,2020,立委,李文,無黨籍及未經政黨推薦,25,4905,0.5097
8,文山區,興家里,2020,立委,張幸松,台灣民眾黨,311,4905,6.3405
8,文山區,興家里,2020,總統,宋楚瑜,親民黨,226,4997,4.5227
8,文山區,興家里,2020,總統,韓國瑜,中國國民黨,2510,4997,50.2301
8,文山區,興家里,2020,總統,蔡英文,民主進步黨,2261,4997,45.2471
8,文山區,興家里,2022,市長,張家豪,台灣動物保護黨,6,4081,0.147
8,文山區,興家里,2022,市長,王文娟,無黨籍及未經政黨推薦,2,4081,0.049
8,文山區,興家里,2022,市長,鄭匡宇,無黨籍及未經政黨推薦,2,4081,0.049
8,文山區,興家里,2022,市長,黃聖峰,台澎黨,0,4081,0.0
8,文山區,興家里,2022,市長,童文薰,無黨籍及未經政黨推薦,9,4081,0.2205
8,文山區,興家里,2022,市長,蔣萬安,中國國民黨,2097,4081,51.3845
8,文山區,興家里,2022,市長,蘇煥智,台灣維新,6,4081,0.147
8,文山區,興家里,2022,市長,黃珊珊,無黨籍及未經政黨推薦,1021,4081,25.0184
8,文山區,興家里,2022,市長,施奉先,無黨籍及未經政黨推薦,1,4081,0.0245
8,文山區,興家里,2022,市長,唐新民,共和黨,2,4081,0.049
8,文山區,興家里,2022,市長,謝立康,無黨籍及未經政黨推薦,2,4081,0.049
8,文山區,興家里,2022,市長,陳時中,民主進步黨,933,4081,22.862
8,文山區,興家里,2024,立委,劉佩玲,台灣維新,25,4535,0.5513
8,文山區,興家里,2024,立委,賴士葆,中國國民黨,2351,4535,51.8412
8,文山區,興家里,2024,立委,王閔生,民主進步黨,1283,4535,28.2911
8,文山區,興家里,2024,立委,賴宣任,小民參政歐巴桑聯盟,166,4535,3.6604
8,文山區,興家里,2024,立委,夏萬浪,無黨籍及未經政黨推薦,10,4535,0.2205
8,文山區,興家里,2024,立委,張其祿,台灣民眾黨,693,4535,15.2811
8,文山區,興家里,2024,立委,張維學,無黨籍及未經政黨推薦,5,4535,0.1103
8,文山區,興家里,2024,立委,胡之壯,興中同盟會,2,4535,0.0441
8,文山區,興家里,2024,總統,柯文哲,台灣民眾黨,1213,4633,26.1817
8,文山區,興家里,2024,總統,賴清德,民主進步黨,1324,4633,28.5776
8,文山區,興家里,2024,總統,侯友宜,中國國民黨,2096,4633,45.2407
8,文山區,興得里,2014,市長,陳汝斌,三等國民公義人權自救黨,4,3451,0.1159
8,文山區,興得里,2014,市長,趙衍慶,無黨籍及未經政黨推薦,58,3451,1.6807
8,文山區,興得里,2014,市長,李宏信,無黨籍及未經政黨推薦,3,3451,0.0869
8,文山區,興得里,2014,市長,陳永昌,無黨籍及未經政黨推薦,3,3451,0.0869
8,文山區,興得里,2014,市長,馮光遠,無黨籍及未經政黨推薦,26,3451,0.7534
8,文山區,興得里,2014,市長,連勝文,中國國民黨,1725,3451,49.9855
8,文山區,興得里,2014,市長,柯文哲,無黨籍及未經政黨推薦,1632,3451,47.2906
8,文山區,興得里,2016,立委,李慶元,無黨籍及未經政黨推薦,1145,3401,33.6666
8,文山區,興得里,2016,立委,賴樹聲,無黨籍及未經政黨推薦,33,3401,0.9703
8,文山區,興得里,2016,立委,苗博雅,綠黨社會民主黨聯盟,393,3401,11.5554
8,文山區,興得里,2016,立委,賴士葆,中國國民黨,1784,3401,52.4552
8,文山區,興得里,2016,立委,陳如聖,台灣工黨,13,3401,0.3822
8,文山區,興得里,2016,立委,方景鈞,無黨籍及未經政黨推薦,33,3401,0.9703
8,文山區,興得里,2016,總統,朱立倫,中國國民黨,1600,3443,46.4711
8,文山區,興得里,2016,總統,蔡英文,民主進步黨,1470,3443,42.6953
8,文山區,興得里,2016,總統,宋楚瑜,親民黨,373,3443,10.8336
8,文山區,興得里,2018,市長,吳蕚洋,無黨籍及未經政黨推薦,19,3261,0.5826
8,文山區,興得里,2018,市長,丁守中,中國國民黨,1545,3261,47.3781
8,文山區,興得里,2018,市長,姚文智,民主進步黨,426,3261,13.0635
8,文山區,興得里,2018,市長,柯文哲,無黨籍及未經政黨推薦,1254,3261,38.4545
8,文山區,興得里,2018,市長,李錫錕,無黨籍及未經政黨推薦,17,3261,0.5213
8,文山區,興得里,2020,立委,蕭曉玲,喜樂島聯盟,10,3796,0.2634
8,文山區,興得里,2020,立委,華珮君,台灣動物保護黨,194,3796,5.1106
8,文山區,興得里,2020,立委,彭子軒,無黨籍及未經政黨推薦,15,3796,0.3952
8,文山區,興得里,2020,立委,柯士翎,綠黨,34,3796,0.8957
8,文山區,興得里,2020,立委,阮昭雄,民主進步黨,1295,3796,34.1149
8,文山區,興得里,2020,立委,賴士葆,中國國民黨,1885,3796,49.6575
8,文山區,興得里,2020,立委,顏銘緯,台灣基進,80,3796,2.1075
8,文山區,興得里,2020,立委,李文,無黨籍及未經政黨推薦,27,3796,0.7113
8,文山區,興得里,2020,立委,張幸松,台灣民眾黨,256,3796,6.7439
8,文山區,興得里,2020,總統,宋楚瑜,親民黨,167,3843,4.3456
8,文山區,興得里,2020,總統,韓國瑜,中國國民黨,1899,3843,49.4145
8,文山區,興得里,2020,總統,蔡英文,民主進步黨,1777,3843,46.2399
8,文山區,興得里,2022,市長,張家豪,台灣動物保護黨,10,3317,0.3015
8,文山區,興得里,2022,市長,王文娟,無黨籍及未經政黨推薦,0,3317,0.0
8,文山區,興得里,2022,市長,鄭匡宇,無黨籍及未經政黨推薦,0,3317,0.0
8,文山區,興得里,2022,市長,黃聖峰,台澎黨,0,3317,0.0
8,文山區,興得里,2022,市長,童文薰,無黨籍及未經政黨推薦,4,3317,0.1206
8,文山區,興得里,2022,市長,蔣萬安,中國國民黨,1669,3317,50.3166
8,文山區,興得里,2022,市長,蘇煥智,台灣維新,4,3317,0.1206
8,文山區,興得里,2022,市長,黃珊珊,無黨籍及未經政黨推薦,828,3317,24.9623
8,文山區,興得里,2022,市長,施奉先,無黨籍及未經政黨推薦,1,3317,0.0301
8,文山區,興得里,2022,市長,唐新民,共和黨,1,3317,0.0301
8,文山區,興得里,2022,市長,謝立康,無黨籍及未經政黨推薦,1,3317,0.0301
8,文山區,興得里,2022,市長,陳時中,民主進步黨,799,3317,24.088
8,文山區,興得里,2024,立委,劉佩玲,台灣維新,24,3728,0.6438
8,文山區,興得里,2024,立委,賴士葆,中國國民黨,1782,3728,47.8004
8,文山區,興得里,2024,立委,王閔生,民主進步黨,1146,3728,30.7403
8,文山區,興得里,2024,立委,賴宣任,小民參政歐巴桑聯盟,116,3728,3.1116
8,文山區,興得里,2024,立委,夏萬浪,無黨籍及未經政黨推薦,21,3728,0.5633
8,文山區,興得里,2024,立委,張其祿,台灣民眾黨,634,3728,17.0064
8,文山區,興得里,2024,立委,張維學,無黨籍及未經政黨推薦,2,3728,0.0536
8,文山區,興得里,2024,立委,胡之壯,興中同盟會,3,3728,0.0805
8,文山區,興得里,2024,總統,柯文哲,台灣民眾黨,963,3813,25.2557
8,文山區,興得里,2024,總統,賴清德,民主進步黨,1164,3813,30.5271
8,文山區,興得里,2024,總統,侯友宜,中國國民黨,1686,3813,44.2172
8,文山區,興旺里,2014,市長,陳汝斌,三等國民公義人權自救黨,4,4618,0.0866
8,文山區,興旺里,2014,市長,趙衍慶,無黨籍及未經政黨推薦,52,4618,1.126
8,文山區,興旺里,2014,市長,李宏信,無黨籍及未經政黨推薦,12,4618,0.2599
8,文山區,興旺里,2014,市長,陳永昌,無黨籍及未經政黨推薦,7,4618,0.1516
8,文山區,興旺里,2014,市長,馮光遠,無黨籍及未經政黨推薦,25,4618,0.5414
8,文山區,興旺里,2014,市長,連勝文,中國國民黨,2349,4618,50.8662
8,文山區,興旺里,2014,市長,柯文哲,無黨籍及未經政黨推薦,2169,4618,46.9684
8,文山區,興旺里,2016,立委,李慶元,無黨籍及未經政黨推薦,1432,4498,31.8364
8,文山區,興旺里,2016,立委,賴樹聲,無黨籍及未經政黨推薦,29,4498,0.6447
8,文山區,興旺里,2016,立委,苗博雅,綠黨社會民主黨聯盟,547,4498,12.161
8,文山區,興旺里,2016,立委,賴士葆,中國國民黨,2453,4498,54.5353
8,文山區,興旺里,2016,立委,陳如聖,台灣工黨,14,4498,0.3112
8,文山區,興旺里,2016,立委,方景鈞,無黨籍及未經政黨推薦,23,4498,0.5113
8,文山區,興旺里,2016,總統,朱立倫,中國國民黨,2187,4575,47.8033
8,文山區,興旺里,2016,總統,蔡英文,民主進步黨,1810,4575,39.5628
8,文山區,興旺里,2016,總統,宋楚瑜,親民黨,578,4575,12.6339
8,文山區,興旺里,2018,市長,吳蕚洋,無黨籍及未經政黨推薦,16,4755,0.3365
8,文山區,興旺里,2018,市長,丁守中,中國國民黨,2357,4755,49.5689
8,文山區,興旺里,2018,市長,姚文智,民主進步黨,432,4755,9.0852
8,文山區,興旺里,2018,市長,柯文哲,無黨籍及未經政黨推薦,1923,4755,40.4416
8,文山區,興旺里,2018,市長,李錫錕,無黨籍及未經政黨推薦,27,4755,0.5678
8,文山區,興旺里,2020,立委,蕭曉玲,喜樂島聯盟,8,5228,0.153
8,文山區,興旺里,2020,立委,華珮君,台灣動物保護黨,220,5228,4.2081
8,文山區,興旺里,2020,立委,彭子軒,無黨籍及未經政黨推薦,30,5228,0.5738
8,文山區,興旺里,2020,立委,柯士翎,綠黨,49,5228,0.9373
8,文山區,興旺里,2020,立委,阮昭雄,民主進步黨,1550,5228,29.648
8,文山區,興旺里,2020,立委,賴士葆,中國國民黨,2845,5228,54.4185
8,文山區,興旺里,2020,立委,顏銘緯,台灣基進,116,5228,2.2188
8,文山區,興旺里,2020,立委,李文,無黨籍及未經政黨推薦,31,5228,0.593
8,文山區,興旺里,2020,立委,張幸松,台灣民眾黨,379,5228,7.2494
8,文山區,興旺里,2020,總統,宋楚瑜,親民黨,259,5279,4.9062
8,文山區,興旺里,2020,總統,韓國瑜,中國國民黨,2779,5279,52.6425
8,文山區,興旺里,2020,總統,蔡英文,民主進步黨,2241,5279,42.4512
8,文山區,興旺里,2022,市長,張家豪,台灣動物保護黨,11,4638,0.2372
8,文山區,興旺里,2022,市長,王文娟,無黨籍及未經政黨推薦,0,4638,0.0
8,文山區,興旺里,2022,市長,鄭匡宇,無黨籍及未經政黨推薦,1,4638,0.0216
8,文山區,興旺里,2022,市長,黃聖峰,台澎黨,1,4638,0.0216
8,文山區,興旺里,2022,市長,童文薰,無黨籍及未經政黨推薦,9,4638,0.194
8,文山區,興旺里,2022,市長,蔣萬安,中國國民黨,2376,4638,51.229
8,文山區,興旺里,2022,市長,蘇煥智,台灣維新,6,4638,0.1294
8,文山區,興旺里,2022,市長,黃珊珊,無黨籍及未經政黨推薦,1252,4638,26.9944
8,文山區,興旺里,2022,市長,施奉先,無黨籍及未經政黨推薦,2,4638,0.0431
8,文山區,興旺里,2022,市長,唐新民,共和黨,1,4638,0.0216
8,文山區,興旺里,2022,市長,謝立康,無黨籍及未經政黨推薦,0,4638,0.0
8,文山區,興旺里,2022,市長,陳時中,民主進步黨,979,4638,21.1082
8,文山區,興旺里,2024,立委,劉佩玲,台灣維新,35,5025,0.6965
8,文山區,興旺里,2024,立委,賴士葆,中國國民黨,2511,5025,49.9701
8,文山區,興旺里,2024,立委,王閔生,民主進步黨,1398,5025,27.8209
8,文山區,興旺里,2024,立委,賴宣任,小民參政歐巴桑聯盟,175,5025,3.4826
8,文山區,興旺里,2024,立委,夏萬浪,無黨籍及未經政黨推薦,8,5025,0.1592
8,文山區,興旺里,2024,立委,張其祿,台灣民眾黨,891,5025,17.7313
8,文山區,興旺里,2024,立委,張維學,無黨籍及未經政黨推薦,4,5025,0.0796
8,文山區,興旺里,2024,立委,胡之壯,興中同盟會,3,5025,0.0597
8,文山區,興旺里,2024,總統,柯文哲,台灣民眾黨,1385,5111,27.0984
8,文山區,興旺里,2024,總統,賴清德,民主進步黨,1389,5111,27.1767
8,文山區,興旺里,2024,總統,侯友宜,中國國民黨,2337,5111,45.7249
8,文山區,興昌里,2014,市長,陳汝斌,三等國民公義人權自救黨,4,3762,0.1063
8,文山區,興昌里,2014,市長,趙衍慶,無黨籍及未經政黨推薦,50,3762,1.3291
8,文山區,興昌里,2014,市長,李宏信,無黨籍及未經政黨推薦,10,3762,0.2658
8,文山區,興昌里,2014,市長,陳永昌,無黨籍及未經政黨推薦,5,3762,0.1329
8,文山區,興昌里,2014,市長,馮光遠,無黨籍及未經政黨推薦,29,3762,0.7709
8,文山區,興昌里,2014,市長,連勝文,中國國民黨,1918,3762,50.9835
8,文山區,興昌里,2014,市長,柯文哲,無黨籍及未經政黨推薦,1746,3762,46.4115
8,文山區,興昌里,2016,立委,李慶元,無黨籍及未經政黨推薦,1108,3669,30.199
8,文山區,興昌里,2016,立委,賴樹聲,無黨籍及未經政黨推薦,20,3669,0.5451
8,文山區,興昌里,2016,立委,苗博雅,綠黨社會民主黨聯盟,485,3669,13.2189
8,文山區,興昌里,2016,立委,賴士葆,中國國民黨,2006,3669,54.6743
8,文山區,興昌里,2016,立委,陳如聖,台灣工黨,29,3669,0.7904
8,文山區,興昌里,2016,立委,方景鈞,無黨籍及未經政黨推薦,21,3669,0.5724
8,文山區,興昌里,2016,總統,朱立倫,中國國民黨,1756,3724,47.1536
8,文山區,興昌里,2016,總統,蔡英文,民主進步黨,1485,3724,39.8765
8,文山區,興昌里,2016,總統,宋楚瑜,親民黨,483,3724,12.9699
8,文山區,興昌里,2018,市長,吳蕚洋,無黨籍及未經政黨推薦,19,3738,0.5083
8,文山區,興昌里,2018,市長,丁守中,中國國民黨,1859,3738,49.7325
8,文山區,興昌里,2018,市長,姚文智,民主進步黨,412,3738,11.0219
8,文山區,興昌里,2018,市長,柯文哲,無黨籍及未經政黨推薦,1433,3738,38.336
8,文山區,興昌里,2018,市長,李錫錕,無黨籍及未經政黨推薦,15,3738,0.4013
8,文山區,興昌里,2020,立委,蕭曉玲,喜樂島聯盟,12,4182,0.2869
8,文山區,興昌里,2020,立委,華珮君,台灣動物保護黨,174,4182,4.1607
8,文山區,興昌里,2020,立委,彭子軒,無黨籍及未經政黨推薦,27,4182,0.6456
8,文山區,興昌里,2020,立委,柯士翎,綠黨,55,4182,1.3152
8,文山區,興昌里,2020,立委,阮昭雄,民主進步黨,1361,4182,32.5442
8,文山區,興昌里,2020,立委,賴士葆,中國國民黨,2174,4182,51.9847
8,文山區,興昌里,2020,立委,顏銘緯,台灣基進,102,4182,2.439
8,文山區,興昌里,2020,立委,李文,無黨籍及未經政黨推薦,24,4182,0.5739
8,文山區,興昌里,2020,立委,張幸松,台灣民眾黨,253,4182,6.0497
8,文山區,興昌里,2020,總統,宋楚瑜,親民黨,194,4241,4.5744
8,文山區,興昌里,2020,總統,韓國瑜,中國國民黨,2197,4241,51.8038
8,文山區,興昌里,2020,總統,蔡英文,民主進步黨,1850,4241,43.6218
8,文山區,興昌里,2022,市長,張家豪,台灣動物保護黨,4,3484,0.1148
8,文山區,興昌里,2022,市長,王文娟,無黨籍及未經政黨推薦,1,3484,0.0287
8,文山區,興昌里,2022,市長,鄭匡宇,無黨籍及未經政黨推薦,1,3484,0.0287
8,文山區,興昌里,2022,市長,黃聖峰,台澎黨,0,3484,0.0
8,文山區,興昌里,2022,市長,童文薰,無黨籍及未經政黨推薦,7,3484,0.2009
8,文山區,興昌里,2022,市長,蔣萬安,中國國民黨,1744,3484,50.0574
8,文山區,興昌里,2022,市長,蘇煥智,台灣維新,2,3484,0.0574
8,文山區,興昌里,2022,市長,黃珊珊,無黨籍及未經政黨推薦,845,3484,24.2537
8,文山區,興昌里,2022,市長,施奉先,無黨籍及未經政黨推薦,2,3484,0.0574
8,文山區,興昌里,2022,市長,唐新民,共和黨,1,3484,0.0287
8,文山區,興昌里,2022,市長,謝立康,無黨籍及未經政黨推薦,0,3484,0.0
8,文山區,興昌里,2022,市長,陳時中,民主進步黨,877,3484,25.1722
8,文山區,興昌里,2024,立委,劉佩玲,台灣維新,21,3872,0.5424
8,文山區,興昌里,2024,立委,賴士葆,中國國民黨,1951,3872,50.3874
8,文山區,興昌里,2024,立委,王閔生,民主進步黨,1163,3872,30.0362
8,文山區,興昌里,2024,立委,賴宣任,小民參政歐巴桑聯盟,118,3872,3.0475
8,文山區,興昌里,2024,立委,夏萬浪,無黨籍及未經政黨推薦,11,3872,0.2841
8,文山區,興昌里,2024,立委,張其祿,台灣民眾黨,604,3872,15.5992
8,文山區,興昌里,2024,立委,張維學,無黨籍及未經政黨推薦,4,3872,0.1033
8,文山區,興昌里,2024,立委,胡之壯,興中同盟會,0,3872,0.0
8,文山區,興昌里,2024,總統,柯文哲,台灣民眾黨,943,3963,23.7951
8,文山區,興昌里,2024,總統,賴清德,民主進步黨,1192,3963,30.0782
8,文山區,興昌里,2024,總統,侯友宜,中國國民黨,1828,3963,46.1267
8,文山區,興業里,2014,市長,陳汝斌,三等國民公義人權自救黨,5,3163,0.1581
8,文山區,興業里,2014,市長,趙衍慶,無黨籍及未經政黨推薦,38,3163,1.2014
8,文山區,興業里,2014,市長,李宏信,無黨籍及未經政黨推薦,4,3163,0.1265
8,文山區,興業里,2014,市長,陳永昌,無黨籍及未經政黨推薦,2,3163,0.0632
8,文山區,興業里,2014,市長,馮光遠,無黨籍及未經政黨推薦,20,3163,0.6323
8,文山區,興業里,2014,市長,連勝文,中國國民黨,1679,3163,53.0825
8,文山區,興業里,2014,市長,柯文哲,無黨籍及未經政黨推薦,1415,3163,44.736
8,文山區,興業里,2016,立委,李慶元,無黨籍及未經政黨推薦,970,3112,31.1697
8,文山區,興業里,2016,立委,賴樹聲,無黨籍及未經政黨推薦,15,3112,0.482
8,文山區,興業里,2016,立委,苗博雅,綠黨社會民主黨聯盟,346,3112,11.1183
8,文山區,興業里,2016,立委,賴士葆,中國國民黨,1740,3112,55.9126
8,文山區,興業里,2016,立委,陳如聖,台灣工黨,15,3112,0.482
8,文山區,興業里,2016,立委,方景鈞,無黨籍及未經政黨推薦,26,3112,0.8355
8,文山區,興業里,2016,總統,朱立倫,中國國民黨,1568,3123,50.2081
8,文山區,興業里,2016,總統,蔡英文,民主進步黨,1202,3123,38.4886
8,文山區,興業里,2016,總統,宋楚瑜,親民黨,353,3123,11.3032
8,文山區,興業里,2018,市長,吳蕚洋,無黨籍及未經政黨推薦,14,3227,0.4338
8,文山區,興業里,2018,市長,丁守中,中國國民黨,1712,3227,53.0524
8,文山區,興業里,2018,市長,姚文智,民主進步黨,355,3227,11.0009
8,文山區,興業里,2018,市長,柯文哲,無黨籍及未經政黨推薦,1128,3227,34.9551
8,文山區,興業里,2018,市長,李錫錕,無黨籍及未經政黨推薦,18,3227,0.5578
8,文山區,興業里,2020,立委,蕭曉玲,喜樂島聯盟,7,3598,0.1946
8,文山區,興業里,2020,立委,華珮君,台灣動物保護黨,157,3598,4.3635
8,文山區,興業里,2020,立委,彭子軒,無黨籍及未經政黨推薦,20,3598,0.5559
8,文山區,興業里,2020,立委,柯士翎,綠黨,29,3598,0.806
8,文山區,興業里,2020,立委,阮昭雄,民主進步黨,1074,3598,29.8499
8,文山區,興業里,2020,立委,賴士葆,中國國民黨,2013,3598,55.9477
8,文山區,興業里,2020,立委,顏銘緯,台灣基進,81,3598,2.2513
8,文山區,興業里,2020,立委,李文,無黨籍及未經政黨推薦,11,3598,0.3057
8,文山區,興業里,2020,立委,張幸松,台灣民眾黨,206,3598,5.7254
8,文山區,興業里,2020,總統,宋楚瑜,親民黨,152,3660,4.153
8,文山區,興業里,2020,總統,韓國瑜,中國國民黨,1983,3660,54.1803
8,文山區,興業里,2020,總統,蔡英文,民主進步黨,1525,3660,41.6667
8,文山區,興業里,2022,市長,張家豪,台灣動物保護黨,11,2898,0.3796
8,文山區,興業里,2022,市長,王文娟,無黨籍及未經政黨推薦,0,2898,0.0
8,文山區,興業里,2022,市長,鄭匡宇,無黨籍及未經政黨推薦,0,2898,0.0
8,文山區,興業里,2022,市長,黃聖峰,台澎黨,0,2898,0.0
8,文山區,興業里,2022,市長,童文薰,無黨籍及未經政黨推薦,13,2898,0.4486
8,文山區,興業里,2022,市長,蔣萬安,中國國民黨,1575,2898,54.3478
8,文山區,興業里,2022,市長,蘇煥智,台灣維新,6,2898,0.207
8,文山區,興業里,2022,市長,黃珊珊,無黨籍及未經政黨推薦,639,2898,22.0497
8,文山區,興業里,2022,市長,施奉先,無黨籍及未經政黨推薦,2,2898,0.069
8,文山區,興業里,2022,市長,唐新民,共和黨,0,2898,0.0
8,文山區,興業里,2022,市長,謝立康,無黨籍及未經政黨推薦,0,2898,0.0
8,文山區,興業里,2022,市長,陳時中,民主進步黨,652,2898,22.4983
8,文山區,興業里,2024,立委,劉佩玲,台灣維新,16,3259,0.4909
8,文山區,興業里,2024,立委,賴士葆,中國國民黨,1713,3259,52.5621
8,文山區,興業里,2024,立委,王閔生,民主進步黨,895,3259,27.4624
8,文山區,興業里,2024,立委,賴宣任,小民參政歐巴桑聯盟,115,3259,3.5287
8,文山區,興業里,2024,立委,夏萬浪,無黨籍及未經政黨推薦,7,3259,0.2148
8,文山區,興業里,2024,立委,張其祿,台灣民眾黨,509,3259,15.6183
8,文山區,興業里,2024,立委,張維學,無黨籍及未經政黨推薦,2,3259,0.0614
8,文山區,興業里,2024,立委,胡之壯,興中同盟會,2,3259,0.0614
8,文山區,興業里,2024,總統,柯文哲,台灣民眾黨,714,3311,21.5645
8,文山區,興業里,2024,總統,賴清德,民主進步黨,939,3311,28.36
8,文山區,興業里,2024,總統,侯友宜,中國國民黨,1658,3311,50.0755
8,文山區,興泰里,2014,市長,陳汝斌,三等國民公義人權自救黨,4,2374,0.1685
8,文山區,興泰里,2014,市長,趙衍慶,無黨籍及未經政黨推薦,21,2374,0.8846
8,文山區,興泰里,2014,市長,李宏信,無黨籍及未經政黨推薦,5,2374,0.2106
8,文山區,興泰里,2014,市長,陳永昌,無黨籍及未經政黨推薦,2,2374,0.0842
8,文山區,興泰里,2014,市長,馮光遠,無黨籍及未經政黨推薦,18,2374,0.7582
8,文山區,興泰里,2014,市長,連勝文,中國國民黨,1156,2374,48.6942
8,文山區,興泰里,2014,市長,柯文哲,無黨籍及未經政黨推薦,1168,2374,49.1997
8,文山區,興泰里,2016,立委,李慶元,無黨籍及未經政黨推薦,762,2298,33.1593
8,文山區,興泰里,2016,立委,賴樹聲,無黨籍及未經政黨推薦,13,2298,0.5657
8,文山區,興泰里,2016,立委,苗博雅,綠黨社會民主黨聯盟,294,2298,12.7937
8,文山區,興泰里,2016,立委,賴士葆,中國國民黨,1192,2298,51.8712
8,文山區,興泰里,2016,立委,陳如聖,台灣工黨,18,2298,0.7833
8,文山區,興泰里,2016,立委,方景鈞,無黨籍及未經政黨推薦,19,2298,0.8268
8,文山區,興泰里,2016,總統,朱立倫,中國國民黨,1069,2335,45.7816
8,文山區,興泰里,2016,總統,蔡英文,民主進步黨,1000,2335,42.8266
8,文山區,興泰里,2016,總統,宋楚瑜,親民黨,266,2335,11.3919
8,文山區,興泰里,2018,市長,吳蕚洋,無黨籍及未經政黨推薦,16,2409,0.6642
8,文山區,興泰里,2018,市長,丁守中,中國國民黨,1143,2409,47.4471
8,文山區,興泰里,2018,市長,姚文智,民主進步黨,313,2409,12.9929
8,文山區,興泰里,2018,市長,柯文哲,無黨籍及未經政黨推薦,924,2409,38.3562
8,文山區,興泰里,2018,市長,李錫錕,無黨籍及未經政黨推薦,13,2409,0.5396
8,文山區,興泰里,2020,立委,蕭曉玲,喜樂島聯盟,4,2594,0.1542
8,文山區,興泰里,2020,立委,華珮君,台灣動物保護黨,120,2594,4.6261
8,文山區,興泰里,2020,立委,彭子軒,無黨籍及未經政黨推薦,18,2594,0.6939
8,文山區,興泰里,2020,立委,柯士翎,綠黨,21,2594,0.8096
8,文山區,興泰里,2020,立委,阮昭雄,民主進步黨,896,2594,34.5412
8,文山區,興泰里,2020,立委,賴士葆,中國國民黨,1306,2594,50.347
8,文山區,興泰里,2020,立委,顏銘緯,台灣基進,52,2594,2.0046
8,文山區,興泰里,2020,立委,李文,無黨籍及未經政黨推薦,9,2594,0.347
8,文山區,興泰里,2020,立委,張幸松,台灣民眾黨,168,2594,6.4765
8,文山區,興泰里,2020,總統,宋楚瑜,親民黨,115,2622,4.386
8,文山區,興泰里,2020,總統,韓國瑜,中國國民黨,1275,2622,48.627
8,文山區,興泰里,2020,總統,蔡英文,民主進步黨,1232,2622,46.987
8,文山區,興泰里,2022,市長,張家豪,台灣動物保護黨,4,2402,0.1665
8,文山區,興泰里,2022,市長,王文娟,無黨籍及未經政黨推薦,0,2402,0.0
8,文山區,興泰里,2022,市長,鄭匡宇,無黨籍及未經政黨推薦,0,2402,0.0
8,文山區,興泰里,2022,市長,黃聖峰,台澎黨,1,2402,0.0416
8,文山區,興泰里,2022,市長,童文薰,無黨籍及未經政黨推薦,0,2402,0.0
8,文山區,興泰里,2022,市長,蔣萬安,中國國民黨,1147,2402,47.7519
8,文山區,興泰里,2022,市長,蘇煥智,台灣維新,4,2402,0.1665
8,文山區,興泰里,2022,市長,黃珊珊,無黨籍及未經政黨推薦,627,2402,26.1032
8,文山區,興泰里,2022,市長,施奉先,無黨籍及未經政黨推薦,2,2402,0.0833
8,文山區,興泰里,2022,市長,唐新民,共和黨,0,2402,0.0
8,文山區,興泰里,2022,市長,謝立康,無黨籍及未經政黨推薦,0,2402,0.0
8,文山區,興泰里,2022,市長,陳時中,民主進步黨,617,2402,25.6869
8,文山區,興泰里,2024,立委,劉佩玲,台灣維新,11,2611,0.4213
8,文山區,興泰里,2024,立委,賴士葆,中國國民黨,1220,2611,46.7254
8,文山區,興泰里,2024,立委,王閔生,民主進步黨,823,2611,31.5205
8,文山區,興泰里,2024,立委,賴宣任,小民參政歐巴桑聯盟,96,2611,3.6768
8,文山區,興泰里,2024,立委,夏萬浪,無黨籍及未經政黨推薦,6,2611,0.2298
8,文山區,興泰里,2024,立委,張其祿,台灣民眾黨,453,2611,17.3497
8,文山區,興泰里,2024,立委,張維學,無黨籍及未經政黨推薦,2,2611,0.0766
8,文山區,興泰里,2024,立委,胡之壯,興中同盟會,0,2611,0.0
8,文山區,興泰里,2024,總統,柯文哲,台灣民眾黨,668,2663,25.0845
8,文山區,興泰里,2024,總統,賴清德,民主進步黨,852,2663,31.994
8,文山區,興泰里,2024,總統,侯友宜,中國國民黨,1143,2663,42.9215
8,文山區,興福里,2014,市長,陳汝斌,三等國民公義人權自救黨,4,3289,0.1216
8,文山區,興福里,2014,市長,趙衍慶,無黨籍及未經政黨推薦,35,3289,1.0642
8,文山區,興福里,2014,市長,李宏信,無黨籍及未經政黨推薦,6,3289,0.1824
8,文山區,興福里,2014,市長,陳永昌,無黨籍及未經政黨推薦,4,3289,0.1216
8,文山區,興福里,2014,市長,馮光遠,無黨籍及未經政黨推薦,12,3289,0.3649
8,文山區,興福里,2014,市長,連勝文,中國國民黨,1520,3289,46.2147
8,文山區,興福里,2014,市長,柯文哲,無黨籍及未經政黨推薦,1708,3289,51.9307
8,文山區,興福里,2016,立委,李慶元,無黨籍及未經政黨推薦,1226,3219,38.0864
8,文山區,興福里,2016,立委,賴樹聲,無黨籍及未經政黨推薦,16,3219,0.497
8,文山區,興福里,2016,立委,苗博雅,綠黨社會民主黨聯盟,391,3219,12.1466
8,文山區,興福里,2016,立委,賴士葆,中國國民黨,1526,3219,47.406
8,文山區,興福里,2016,立委,陳如聖,台灣工黨,19,3219,0.5902
8,文山區,興福里,2016,立委,方景鈞,無黨籍及未經政黨推薦,41,3219,1.2737
8,文山區,興福里,2016,總統,朱立倫,中國國民黨,1345,3245,41.4484
8,文山區,興福里,2016,總統,蔡英文,民主進步黨,1537,3245,47.3652
8,文山區,興福里,2016,總統,宋楚瑜,親民黨,363,3245,11.1864
8,文山區,興福里,2018,市長,吳蕚洋,無黨籍及未經政黨推薦,13,3278,0.3966
8,文山區,興福里,2018,市長,丁守中,中國國民黨,1468,3278,44.7834
8,文山區,興福里,2018,市長,姚文智,民主進步黨,497,3278,15.1617
8,文山區,興福里,2018,市長,柯文哲,無黨籍及未經政黨推薦,1278,3278,38.9872
8,文山區,興福里,2018,市長,李錫錕,無黨籍及未經政黨推薦,22,3278,0.6711
8,文山區,興福里,2020,立委,蕭曉玲,喜樂島聯盟,6,3623,0.1656
8,文山區,興福里,2020,立委,華珮君,台灣動物保護黨,154,3623,4.2506
8,文山區,興福里,2020,立委,彭子軒,無黨籍及未經政黨推薦,21,3623,0.5796
8,文山區,興福里,2020,立委,柯士翎,綠黨,24,3623,0.6624
8,文山區,興福里,2020,立委,阮昭雄,民主進步黨,1374,3623,37.9244
8,文山區,興福里,2020,立委,賴士葆,中國國民黨,1744,3623,48.1369
8,文山區,興福里,2020,立委,顏銘緯,台灣基進,80,3623,2.2081
8,文山區,興福里,2020,立委,李文,無黨籍及未經政黨推薦,18,3623,0.4968
8,文山區,興福里,2020,立委,張幸松,台灣民眾黨,202,3623,5.5755
8,文山區,興福里,2020,總統,宋楚瑜,親民黨,159,3640,4.3681
8,文山區,興福里,2020,總統,韓國瑜,中國國民黨,1734,3640,47.6374
8,文山區,興福里,2020,總統,蔡英文,民主進步黨,1747,3640,47.9945
8,文山區,興福里,2022,市長,張家豪,台灣動物保護黨,12,3072,0.3906
8,文山區,興福里,2022,市長,王文娟,無黨籍及未經政黨推薦,0,3072,0.0
8,文山區,興福里,2022,市長,鄭匡宇,無黨籍及未經政黨推薦,0,3072,0.0
8,文山區,興福里,2022,市長,黃聖峰,台澎黨,0,3072,0.0
8,文山區,興福里,2022,市長,童文薰,無黨籍及未經政黨推薦,4,3072,0.1302
8,文山區,興福里,2022,市長,蔣萬安,中國國民黨,1389,3072,45.2148
8,文山區,興福里,2022,市長,蘇煥智,台灣維新,3,3072,0.0977
8,文山區,興福里,2022,市長,黃珊珊,無黨籍及未經政黨推薦,782,3072,25.4557
8,文山區,興福里,2022,市長,施奉先,無黨籍及未經政黨推薦,2,3072,0.0651
8,文山區,興福里,2022,市長,唐新民,共和黨,0,3072,0.0
8,文山區,興福里,2022,市長,謝立康,無黨籍及未經政黨推薦,0,3072,0.0
8,文山區,興福里,2022,市長,陳時中,民主進步黨,880,3072,28.6458
8,文山區,興福里,2024,立委,劉佩玲,台灣維新,26,3345,0.7773
8,文山區,興福里,2024,立委,賴士葆,中國國民黨,1499,3345,44.8132
8,文山區,興福里,2024,立委,王閔生,民主進步黨,1167,3345,34.8879
8,文山區,興福里,2024,立委,賴宣任,小民參政歐巴桑聯盟,120,3345,3.5874
8,文山區,興福里,2024,立委,夏萬浪,無黨籍及未經政黨推薦,14,3345,0.4185
8,文山區,興福里,2024,立委,張其祿,台灣民眾黨,515,3345,15.3961
8,文山區,興福里,2024,立委,張維學,無黨籍及未經政黨推薦,2,3345,0.0598
8,文山區,興福里,2024,立委,胡之壯,興中同盟會,2,3345,0.0598
8,文山區,興福里,2024,總統,柯文哲,台灣民眾黨,828,3387,24.4464
8,文山區,興福里,2024,總統,賴清德,民主進步黨,1147,3387,33.8648
8,文山區,興福里,2024,總統,侯友宜,中國國民黨,1412,3387,41.6888
8,文山區,興豐里,2014,市長,陳汝斌,三等國民公義人權自救黨,3,2906,0.1032
8,文山區,興豐里,2014,市長,趙衍慶,無黨籍及未經政黨推薦,39,2906,1.3421
8,文山區,興豐里,2014,市長,李宏信,無黨籍及未經政黨推薦,7,2906,0.2409
8,文山區,興豐里,2014,市長,陳永昌,無黨籍及未經政黨推薦,7,2906,0.2409
8,文山區,興豐里,2014,市長,馮光遠,無黨籍及未經政黨推薦,20,2906,0.6882
8,文山區,興豐里,2014,市長,連勝文,中國國民黨,1393,2906,47.9353
8,文山區,興豐里,2014,市長,柯文哲,無黨籍及未經政黨推薦,1437,2906,49.4494
8,文山區,興豐里,2016,立委,李慶元,無黨籍及未經政黨推薦,960,2837,33.8386
8,文山區,興豐里,2016,立委,賴樹聲,無黨籍及未經政黨推薦,11,2837,0.3877
8,文山區,興豐里,2016,立委,苗博雅,綠黨社會民主黨聯盟,341,2837,12.0197
8,文山區,興豐里,2016,立委,賴士葆,中國國民黨,1480,2837,52.1678
8,文山區,興豐里,2016,立委,陳如聖,台灣工黨,15,2837,0.5287
8,文山區,興豐里,2016,立委,方景鈞,無黨籍及未經政黨推薦,30,2837,1.0575
8,文山區,興豐里,2016,總統,朱立倫,中國國民黨,1328,2871,46.2557
8,文山區,興豐里,2016,總統,蔡英文,民主進步黨,1236,2871,43.0512
8,文山區,興豐里,2016,總統,宋楚瑜,親民黨,307,2871,10.6931
8,文山區,興豐里,2018,市長,吳蕚洋,無黨籍及未經政黨推薦,12,2757,0.4353
8,文山區,興豐里,2018,市長,丁守中,中國國民黨,1319,2757,47.8419
8,文山區,興豐里,2018,市長,姚文智,民主進步黨,374,2757,13.5655
8,文山區,興豐里,2018,市長,柯文哲,無黨籍及未經政黨推薦,1045,2757,37.9035
8,文山區,興豐里,2018,市長,李錫錕,無黨籍及未經政黨推薦,7,2757,0.2539
8,文山區,興豐里,2020,立委,蕭曉玲,喜樂島聯盟,4,3171,0.1261
8,文山區,興豐里,2020,立委,華珮君,台灣動物保護黨,116,3171,3.6582
8,文山區,興豐里,2020,立委,彭子軒,無黨籍及未經政黨推薦,20,3171,0.6307
8,文山區,興豐里,2020,立委,柯士翎,綠黨,26,3171,0.8199
8,文山區,興豐里,2020,立委,阮昭雄,民主進步黨,1125,3171,35.4778
8,文山區,興豐里,2020,立委,賴士葆,中國國民黨,1623,3171,51.1826
8,文山區,興豐里,2020,立委,顏銘緯,台灣基進,69,3171,2.176
8,文山區,興豐里,2020,立委,李文,無黨籍及未經政黨推薦,17,3171,0.5361
8,文山區,興豐里,2020,立委,張幸松,台灣民眾黨,171,3171,5.3926
8,文山區,興豐里,2020,總統,宋楚瑜,親民黨,155,3212,4.8257
8,文山區,興豐里,2020,總統,韓國瑜,中國國民黨,1591,3212,49.533
8,文山區,興豐里,2020,總統,蔡英文,民主進步黨,1466,3212,45.6413
8,文山區,興豐里,2022,市長,張家豪,台灣動物保護黨,8,2688,0.2976
8,文山區,興豐里,2022,市長,王文娟,無黨籍及未經政黨推薦,0,2688,0.0
8,文山區,興豐里,2022,市長,鄭匡宇,無黨籍及未經政黨推薦,0,2688,0.0
8,文山區,興豐里,2022,市長,黃聖峰,台澎黨,0,2688,0.0
8,文山區,興豐里,2022,市長,童文薰,無黨籍及未經政黨推薦,3,2688,0.1116
8,文山區,興豐里,2022,市長,蔣萬安,中國國民黨,1287,2688,47.8795
8,文山區,興豐里,2022,市長,蘇煥智,台灣維新,4,2688,0.1488
8,文山區,興豐里,2022,市長,黃珊珊,無黨籍及未經政黨推薦,632,2688,23.5119
8,文山區,興豐里,2022,市長,施奉先,無黨籍及未經政黨推薦,1,2688,0.0372
8,文山區,興豐里,2022,市長,唐新民,共和黨,3,2688,0.1116
8,文山區,興豐里,2022,市長,謝立康,無黨籍及未經政黨推薦,1,2688,0.0372
8,文山區,興豐里,2022,市長,陳時中,民主進步黨,749,2688,27.8646
8,文山區,興豐里,2024,立委,劉佩玲,台灣維新,8,3031,0.2639
8,文山區,興豐里,2024,立委,賴士葆,中國國民黨,1435,3031,47.3441
8,文山區,興豐里,2024,立委,王閔生,民主進步黨,1039,3031,34.2791
8,文山區,興豐里,2024,立委,賴宣任,小民參政歐巴桑聯盟,92,3031,3.0353
8,文山區,興豐里,2024,立委,夏萬浪,無黨籍及未經政黨推薦,9,3031,0.2969
8,文山區,興豐里,2024,立委,張其祿,台灣民眾黨,446,3031,14.7146
8,文山區,興豐里,2024,立委,張維學,無黨籍及未經政黨推薦,2,3031,0.066
8,文山區,興豐里,2024,立委,胡之壯,興中同盟會,0,3031,0.0
8,文山區,興豐里,2024,總統,柯文哲,台灣民眾黨,738,3076,23.9922
8,文山區,興豐里,2024,總統,賴清德,民主進步黨,1000,3076,32.5098
8,文山區,興豐里,2024,總統,侯友宜,中國國民黨,1338,3076,43.498
8,文山區,興邦里,2014,市長,陳汝斌,三等國民公義人權自救黨,2,2784,0.0718
8,文山區,興邦里,2014,市長,趙衍慶,無黨籍及未經政黨推薦,32,2784,1.1494
8,文山區,興邦里,2014,市長,李宏信,無黨籍及未經政黨推薦,8,2784,0.2874
8,文山區,興邦里,2014,市長,陳永昌,無黨籍及未經政黨推薦,4,2784,0.1437
8,文山區,興邦里,2014,市長,馮光遠,無黨籍及未經政黨推薦,19,2784,0.6825
8,文山區,興邦里,2014,市長,連勝文,中國國民黨,1495,2784,53.6997
8,文山區,興邦里,2014,市長,柯文哲,無黨籍及未經政黨推薦,1224,2784,43.9655
8,文山區,興邦里,2016,立委,李慶元,無黨籍及未經政黨推薦,797,2745,29.0346
8,文山區,興邦里,2016,立委,賴樹聲,無黨籍及未經政黨推薦,11,2745,0.4007
8,文山區,興邦里,2016,立委,苗博雅,綠黨社會民主黨聯盟,310,2745,11.2933
8,文山區,興邦里,2016,立委,賴士葆,中國國民黨,1589,2745,57.8871
8,文山區,興邦里,2016,立委,陳如聖,台灣工黨,17,2745,0.6193
8,文山區,興邦里,2016,立委,方景鈞,無黨籍及未經政黨推薦,21,2745,0.765
8,文山區,興邦里,2016,總統,朱立倫,中國國民黨,1399,2784,50.2514
8,文山區,興邦里,2016,總統,蔡英文,民主進步黨,1050,2784,37.7155
8,文山區,興邦里,2016,總統,宋楚瑜,親民黨,335,2784,12.033
8,文山區,興邦里,2018,市長,吳蕚洋,無黨籍及未經政黨推薦,17,2807,0.6056
8,文山區,興邦里,2018,市長,丁守中,中國國民黨,1481,2807,52.761
8,文山區,興邦里,2018,市長,姚文智,民主進步黨,280,2807,9.9751
8,文山區,興邦里,2018,市長,柯文哲,無黨籍及未經政黨推薦,1019,2807,36.3021
8,文山區,興邦里,2018,市長,李錫錕,無黨籍及未經政黨推薦,10,2807,0.3563
8,文山區,興邦里,2020,立委,蕭曉玲,喜樂島聯盟,1,3233,0.0309
8,文山區,興邦里,2020,立委,華珮君,台灣動物保護黨,141,3233,4.3613
8,文山區,興邦里,2020,立委,彭子軒,無黨籍及未經政黨推薦,21,3233,0.6496
8,文山區,興邦里,2020,立委,柯士翎,綠黨,39,3233,1.2063
8,文山區,興邦里,2020,立委,阮昭雄,民主進步黨,952,3233,29.4463
8,文山區,興邦里,2020,立委,賴士葆,中國國民黨,1834,3233,56.7275
8,文山區,興邦里,2020,立委,顏銘緯,台灣基進,53,3233,1.6393
8,文山區,興邦里,2020,立委,李文,無黨籍及未經政黨推薦,13,3233,0.4021
8,文山區,興邦里,2020,立委,張幸松,台灣民眾黨,179,3233,5.5367
8,文山區,興邦里,2020,總統,宋楚瑜,親民黨,141,3275,4.3053
8,文山區,興邦里,2020,總統,韓國瑜,中國國民黨,1780,3275,54.3511
8,文山區,興邦里,2020,總統,蔡英文,民主進步黨,1354,3275,41.3435
8,文山區,興邦里,2022,市長,張家豪,台灣動物保護黨,11,2810,0.3915
8,文山區,興邦里,2022,市長,王文娟,無黨籍及未經政黨推薦,0,2810,0.0
8,文山區,興邦里,2022,市長,鄭匡宇,無黨籍及未經政黨推薦,0,2810,0.0
8,文山區,興邦里,2022,市長,黃聖峰,台澎黨,2,2810,0.0712
8,文山區,興邦里,2022,市長,童文薰,無黨籍及未經政黨推薦,5,2810,0.1779
8,文山區,興邦里,2022,市長,蔣萬安,中國國民黨,1514,2810,53.879
8,文山區,興邦里,2022,市長,蘇煥智,台灣維新,4,2810,0.1423
8,文山區,興邦里,2022,市長,黃珊珊,無黨籍及未經政黨推薦,713,2810,25.3737
8,文山區,興邦里,2022,市長,施奉先,無黨籍及未經政黨推薦,0,2810,0.0
8,文山區,興邦里,2022,市長,唐新民,共和黨,3,2810,0.1068
8,文山區,興邦里,2022,市長,謝立康,無黨籍及未經政黨推薦,0,2810,0.0
8,文山區,興邦里,2022,市長,陳時中,民主進步黨,558,2810,19.8577
8,文山區,興邦里,2024,立委,劉佩玲,台灣維新,18,3123,0.5764
8,文山區,興邦里,2024,立委,賴士葆,中國國民黨,1696,3123,54.3068
8,文山區,興邦里,2024,立委,王閔生,民主進步黨,816,3123,26.1287
8,文山區,興邦里,2024,立委,賴宣任,小民參政歐巴桑聯盟,82,3123,2.6257
8,文山區,興邦里,2024,立委,夏萬浪,無黨籍及未經政黨推薦,7,3123,0.2241
8,文山區,興邦里,2024,立委,張其祿,台灣民眾黨,496,3123,15.8822
8,文山區,興邦里,2024,立委,張維學,無黨籍及未經政黨推薦,3,3123,0.0961
8,文山區,興邦里,2024,立委,胡之壯,興中同盟會,5,3123,0.1601
8,文山區,興邦里,2024,總統,柯文哲,台灣民眾黨,796,3190,24.953
8,文山區,興邦里,2024,總統,賴清德,民主進步黨,820,3190,25.7053
8,文山區,興邦里,2024,總統,侯友宜,中國國民黨,1574,3190,49.3417
8,文山區,華興里,2014,市長,陳汝斌,三等國民公義人權自救黨,7,4981,0.1405
8,文山區,華興里,2014,市長,趙衍慶,無黨籍及未經政黨推薦,76,4981,1.5258
8,文山區,華興里,2014,市長,李宏信,無黨籍及未經政黨推薦,16,4981,0.3212
8,文山區,華興里,2014,市長,陳永昌,無黨籍及未經政黨推薦,7,4981,0.1405
8,文山區,華興里,2014,市長,馮光遠,無黨籍及未經政黨推薦,35,4981,0.7027
8,文山區,華興里,2014,市長,連勝文,中國國民黨,2425,4981,48.685
8,文山區,華興里,2014,市長,柯文哲,無黨籍及未經政黨推薦,2415,4981,48.4842
8,文山區,華興里,2016,立委,李慶元,無黨籍及未經政黨推薦,1785,4977,35.865
8,文山區,華興里,2016,立委,賴樹聲,無黨籍及未經政黨推薦,26,4977,0.5224
8,文山區,華興里,2016,立委,苗博雅,綠黨社會民主黨聯盟,645,4977,12.9596
8,文山區,華興里,2016,立委,賴士葆,中國國民黨,2451,4977,49.2465
8,文山區,華興里,2016,立委,陳如聖,台灣工黨,26,4977,0.5224
8,文山區,華興里,2016,立委,方景鈞,無黨籍及未經政黨推薦,44,4977,0.8841
8,文山區,華興里,2016,總統,朱立倫,中國國民黨,2301,5043,45.6276
8,文山區,華興里,2016,總統,蔡英文,民主進步黨,2132,5043,42.2764
8,文山區,華興里,2016,總統,宋楚瑜,親民黨,610,5043,12.096
8,文山區,華興里,2018,市長,吳蕚洋,無黨籍及未經政黨推薦,28,5134,0.5454
8,文山區,華興里,2018,市長,丁守中,中國國民黨,2516,5134,49.0066
8,文山區,華興里,2018,市長,姚文智,民主進步黨,601,5134,11.7063
8,文山區,華興里,2018,市長,柯文哲,無黨籍及未經政黨推薦,1964,5134,38.2548
8,文山區,華興里,2018,市長,李錫錕,無黨籍及未經政黨推薦,25,5134,0.4869
8,文山區,華興里,2020,立委,蕭曉玲,喜樂島聯盟,11,5755,0.1911
8,文山區,華興里,2020,立委,華珮君,台灣動物保護黨,256,5755,4.4483
8,文山區,華興里,2020,立委,彭子軒,無黨籍及未經政黨推薦,37,5755,0.6429
8,文山區,華興里,2020,立委,柯士翎,綠黨,66,5755,1.1468
8,文山區,華興里,2020,立委,阮昭雄,民主進步黨,1938,5755,33.6751
8,文山區,華興里,2020,立委,賴士葆,中國國民黨,2909,5755,50.5474
8,文山區,華興里,2020,立委,顏銘緯,台灣基進,136,5755,2.3632
8,文山區,華興里,2020,立委,李文,無黨籍及未經政黨推薦,29,5755,0.5039
8,文山區,華興里,2020,立委,張幸松,台灣民眾黨,373,5755,6.4813
8,文山區,華興里,2020,總統,宋楚瑜,親民黨,268,5831,4.5961
8,文山區,華興里,2020,總統,韓國瑜,中國國民黨,2901,5831,49.7513
8,文山區,華興里,2020,總統,蔡英文,民主進步黨,2662,5831,45.6525
8,文山區,華興里,2022,市長,張家豪,台灣動物保護黨,16,4825,0.3316
8,文山區,華興里,2022,市長,王文娟,無黨籍及未經政黨推薦,0,4825,0.0
8,文山區,華興里,2022,市長,鄭匡宇,無黨籍及未經政黨推薦,1,4825,0.0207
8,文山區,華興里,2022,市長,黃聖峰,台澎黨,1,4825,0.0207
8,文山區,華興里,2022,市長,童文薰,無黨籍及未經政黨推薦,8,4825,0.1658
8,文山區,華興里,2022,市長,蔣萬安,中國國民黨,2429,4825,50.342
8,文山區,華興里,2022,市長,蘇煥智,台灣維新,3,4825,0.0622
8,文山區,華興里,2022,市長,黃珊珊,無黨籍及未經政黨推薦,1196,4825,24.7876
8,文山區,華興里,2022,市長,施奉先,無黨籍及未經政黨推薦,0,4825,0.0
8,文山區,華興里,2022,市長,唐新民,共和黨,0,4825,0.0
8,文山區,華興里,2022,市長,謝立康,無黨籍及未經政黨推薦,0,4825,0.0
8,文山區,華興里,2022,市長,陳時中,民主進步黨,1171,4825,24.2694
8,文山區,華興里,2024,立委,劉佩玲,台灣維新,46,5392,0.8531
8,文山區,華興里,2024,立委,賴士葆,中國國民黨,2630,5392,48.776
8,文山區,華興里,2024,立委,王閔生,民主進步黨,1742,5392,32.3071
8,文山區,華興里,2024,立委,賴宣任,小民參政歐巴桑聯盟,155,5392,2.8746
8,文山區,華興里,2024,立委,夏萬浪,無黨籍及未經政黨推薦,11,5392,0.204
8,文山區,華興里,2024,立委,張其祿,台灣民眾黨,798,5392,14.7997
8,文山區,華興里,2024,立委,張維學,無黨籍及未經政黨推薦,8,5392,0.1484
8,文山區,華興里,2024,立委,胡之壯,興中同盟會,2,5392,0.0371
8,文山區,華興里,2024,總統,柯文哲,台灣民眾黨,1290,5482,23.5316
8,文山區,華興里,2024,總統,賴清德,民主進步黨,1678,5482,30.6093
8,文山區,華興里,2024,總統,侯友宜,中國國民黨,2514,5482,45.8592
8,文山區,萬和里,2014,市長,陳汝斌,三等國民公義人權自救黨,4,1926,0.2077
8,文山區,萬和里,2014,市長,趙衍慶,無黨籍及未經政黨推薦,20,1926,1.0384
8,文山區,萬和里,2014,市長,李宏信,無黨籍及未經政黨推薦,5,1926,0.2596
8,文山區,萬和里,2014,市長,陳永昌,無黨籍及未經政黨推薦,3,1926,0.1558
8,文山區,萬和里,2014,市長,馮光遠,無黨籍及未經政黨推薦,11,1926,0.5711
8,文山區,萬和里,2014,市長,連勝文,中國國民黨,1199,1926,62.2534
8,文山區,萬和里,2014,市長,柯文哲,無黨籍及未經政黨推薦,684,1926,35.514
8,文山區,萬和里,2016,立委,李慶元,無黨籍及未經政黨推薦,460,1905,24.147
8,文山區,萬和里,2016,立委,賴樹聲,無黨籍及未經政黨推薦,9,1905,0.4724
8,文山區,萬和里,2016,立委,苗博雅,綠黨社會民主黨聯盟,187,1905,9.8163
8,文山區,萬和里,2016,立委,賴士葆,中國國民黨,1227,1905,64.4094
8,文山區,萬和里,2016,立委,陳如聖,台灣工黨,6,1905,0.315
8,文山區,萬和里,2016,立委,方景鈞,無黨籍及未經政黨推薦,16,1905,0.8399
8,文山區,萬和里,2016,總統,朱立倫,中國國民黨,1133,1942,58.3419
8,文山區,萬和里,2016,總統,蔡英文,民主進步黨,587,1942,30.2266
8,文山區,萬和里,2016,總統,宋楚瑜,親民黨,222,1942,11.4315
8,文山區,萬和里,2018,市長,吳蕚洋,無黨籍及未經政黨推薦,2,1902,0.1052
8,文山區,萬和里,2018,市長,丁守中,中國國民黨,1103,1902,57.9916
8,文山區,萬和里,2018,市長,姚文智,民主進步黨,168,1902,8.8328
8,文山區,萬和里,2018,市長,柯文哲,無黨籍及未經政黨推薦,621,1902,32.6498
8,文山區,萬和里,2018,市長,李錫錕,無黨籍及未經政黨推薦,8,1902,0.4206
8,文山區,萬和里,2020,立委,蕭曉玲,喜樂島聯盟,6,2144,0.2799
8,文山區,萬和里,2020,立委,華珮君,台灣動物保護黨,72,2144,3.3582
8,文山區,萬和里,2020,立委,彭子軒,無黨籍及未經政黨推薦,10,2144,0.4664
8,文山區,萬和里,2020,立委,柯士翎,綠黨,19,2144,0.8862
8,文山區,萬和里,2020,立委,阮昭雄,民主進步黨,586,2144,27.3321
8,文山區,萬和里,2020,立委,賴士葆,中國國民黨,1282,2144,59.7948
8,文山區,萬和里,2020,立委,顏銘緯,台灣基進,43,2144,2.0056
8,文山區,萬和里,2020,立委,李文,無黨籍及未經政黨推薦,12,2144,0.5597
8,文山區,萬和里,2020,立委,張幸松,台灣民眾黨,114,2144,5.3172
8,文山區,萬和里,2020,總統,宋楚瑜,親民黨,84,2178,3.8567
8,文山區,萬和里,2020,總統,韓國瑜,中國國民黨,1269,2178,58.2645
8,文山區,萬和里,2020,總統,蔡英文,民主進步黨,825,2178,37.8788
8,文山區,萬和里,2022,市長,張家豪,台灣動物保護黨,4,1865,0.2145
8,文山區,萬和里,2022,市長,王文娟,無黨籍及未經政黨推薦,0,1865,0.0
8,文山區,萬和里,2022,市長,鄭匡宇,無黨籍及未經政黨推薦,1,1865,0.0536
8,文山區,萬和里,2022,市長,黃聖峰,台澎黨,0,1865,0.0
8,文山區,萬和里,2022,市長,童文薰,無黨籍及未經政黨推薦,4,1865,0.2145
8,文山區,萬和里,2022,市長,蔣萬安,中國國民黨,1066,1865,57.1582
8,文山區,萬和里,2022,市長,蘇煥智,台灣維新,3,1865,0.1609
8,文山區,萬和里,2022,市長,黃珊珊,無黨籍及未經政黨推薦,425,1865,22.7882
8,文山區,萬和里,2022,市長,施奉先,無黨籍及未經政黨推薦,0,1865,0.0
8,文山區,萬和里,2022,市長,唐新民,共和黨,1,1865,0.0536
8,文山區,萬和里,2022,市長,謝立康,無黨籍及未經政黨推薦,0,1865,0.0
8,文山區,萬和里,2022,市長,陳時中,民主進步黨,361,1865,19.3566
8,文山區,萬和里,2024,立委,劉佩玲,台灣維新,12,2135,0.5621
8,文山區,萬和里,2024,立委,賴士葆,中國國民黨,1218,2135,57.0492
8,文山區,萬和里,2024,立委,王閔生,民主進步黨,540,2135,25.2927
8,文山區,萬和里,2024,立委,賴宣任,小民參政歐巴桑聯盟,64,2135,2.9977
8,文山區,萬和里,2024,立委,夏萬浪,無黨籍及未經政黨推薦,3,2135,0.1405
8,文山區,萬和里,2024,立委,張其祿,台灣民眾黨,295,2135,13.8173
8,文山區,萬和里,2024,立委,張維學,無黨籍及未經政黨推薦,1,2135,0.0468
8,文山區,萬和里,2024,立委,胡之壯,興中同盟會,2,2135,0.0937
8,文山區,萬和里,2024,總統,柯文哲,台灣民眾黨,499,2186,22.8271
8,文山區,萬和里,2024,總統,賴清德,民主進步黨,548,2186,25.0686
8,文山區,萬和里,2024,總統,侯友宜,中國國民黨,1139,2186,52.1043
8,文山區,萬年里,2014,市長,陳汝斌,三等國民公義人權自救黨,2,3292,0.0608
8,文山區,萬年里,2014,市長,趙衍慶,無黨籍及未經政黨推薦,37,3292,1.1239
8,文山區,萬年里,2014,市長,李宏信,無黨籍及未經政黨推薦,9,3292,0.2734
8,文山區,萬年里,2014,市長,陳永昌,無黨籍及未經政黨推薦,3,3292,0.0911
8,文山區,萬年里,2014,市長,馮光遠,無黨籍及未經政黨推薦,29,3292,0.8809
8,文山區,萬年里,2014,市長,連勝文,中國國民黨,1409,3292,42.8007
8,文山區,萬年里,2014,市長,柯文哲,無黨籍及未經政黨推薦,1803,3292,54.7691
8,文山區,萬年里,2016,立委,李慶元,無黨籍及未經政黨推薦,1147,3136,36.5753
8,文山區,萬年里,2016,立委,賴樹聲,無黨籍及未經政黨推薦,22,3136,0.7015
8,文山區,萬年里,2016,立委,苗博雅,綠黨社會民主黨聯盟,458,3136,14.6046
8,文山區,萬年里,2016,立委,賴士葆,中國國民黨,1470,3136,46.875
8,文山區,萬年里,2016,立委,陳如聖,台灣工黨,10,3136,0.3189
8,文山區,萬年里,2016,立委,方景鈞,無黨籍及未經政黨推薦,29,3136,0.9247
8,文山區,萬年里,2016,總統,朱立倫,中國國民黨,1280,3155,40.5705
8,文山區,萬年里,2016,總統,蔡英文,民主進步黨,1543,3155,48.9065
8,文山區,萬年里,2016,總統,宋楚瑜,親民黨,332,3155,10.523
8,文山區,萬年里,2018,市長,吳蕚洋,無黨籍及未經政黨推薦,16,3087,0.5183
8,文山區,萬年里,2018,市長,丁守中,中國國民黨,1355,3087,43.8937
8,文山區,萬年里,2018,市長,姚文智,民主進步黨,521,3087,16.8772
8,文山區,萬年里,2018,市長,柯文哲,無黨籍及未經政黨推薦,1177,3087,38.1276
8,文山區,萬年里,2018,市長,李錫錕,無黨籍及未經政黨推薦,18,3087,0.5831
8,文山區,萬年里,2020,立委,蕭曉玲,喜樂島聯盟,17,3470,0.4899
8,文山區,萬年里,2020,立委,華珮君,台灣動物保護黨,112,3470,3.2277
8,文山區,萬年里,2020,立委,彭子軒,無黨籍及未經政黨推薦,19,3470,0.5476
8,文山區,萬年里,2020,立委,柯士翎,綠黨,44,3470,1.268
8,文山區,萬年里,2020,立委,阮昭雄,民主進步黨,1368,3470,39.4236
8,文山區,萬年里,2020,立委,賴士葆,中國國民黨,1584,3470,45.6484
8,文山區,萬年里,2020,立委,顏銘緯,台灣基進,95,3470,2.7378
8,文山區,萬年里,2020,立委,李文,無黨籍及未經政黨推薦,21,3470,0.6052
8,文山區,萬年里,2020,立委,張幸松,台灣民眾黨,210,3470,6.0519
8,文山區,萬年里,2020,總統,宋楚瑜,親民黨,171,3512,4.869
8,文山區,萬年里,2020,總統,韓國瑜,中國國民黨,1557,3512,44.3337
8,文山區,萬年里,2020,總統,蔡英文,民主進步黨,1784,3512,50.7973
8,文山區,萬年里,2022,市長,張家豪,台灣動物保護黨,7,2902,0.2412
8,文山區,萬年里,2022,市長,王文娟,無黨籍及未經政黨推薦,1,2902,0.0345
8,文山區,萬年里,2022,市長,鄭匡宇,無黨籍及未經政黨推薦,3,2902,0.1034
8,文山區,萬年里,2022,市長,黃聖峰,台澎黨,2,2902,0.0689
8,文山區,萬年里,2022,市長,童文薰,無黨籍及未經政黨推薦,7,2902,0.2412
8,文山區,萬年里,2022,市長,蔣萬安,中國國民黨,1289,2902,44.4176
8,文山區,萬年里,2022,市長,蘇煥智,台灣維新,7,2902,0.2412
8,文山區,萬年里,2022,市長,黃珊珊,無黨籍及未經政黨推薦,723,2902,24.9139
8,文山區,萬年里,2022,市長,施奉先,無黨籍及未經政黨推薦,1,2902,0.0345
8,文山區,萬年里,2022,市長,唐新民,共和黨,0,2902,0.0
8,文山區,萬年里,2022,市長,謝立康,無黨籍及未經政黨推薦,1,2902,0.0345
8,文山區,萬年里,2022,市長,陳時中,民主進步黨,861,2902,29.6692
8,文山區,萬年里,2024,立委,劉佩玲,台灣維新,26,3238,0.803
8,文山區,萬年里,2024,立委,賴士葆,中國國民黨,1430,3238,44.1631
8,文山區,萬年里,2024,立委,王閔生,民主進步黨,1145,3238,35.3613
8,文山區,萬年里,2024,立委,賴宣任,小民參政歐巴桑聯盟,116,3238,3.5825
8,文山區,萬年里,2024,立委,夏萬浪,無黨籍及未經政黨推薦,7,3238,0.2162
8,文山區,萬年里,2024,立委,張其祿,台灣民眾黨,508,3238,15.6887
8,文山區,萬年里,2024,立委,張維學,無黨籍及未經政黨推薦,3,3238,0.0926
8,文山區,萬年里,2024,立委,胡之壯,興中同盟會,3,3238,0.0926
8,文山區,萬年里,2024,總統,柯文哲,台灣民眾黨,735,3300,22.2727
8,文山區,萬年里,2024,總統,賴清德,民主進步黨,1164,3300,35.2727
8,文山區,萬年里,2024,總統,侯友宜,中國國民黨,1401,3300,42.4545
8,文山區,萬有里,2014,市長,陳汝斌,三等國民公義人權自救黨,1,3195,0.0313
8,文山區,萬有里,2014,市長,趙衍慶,無黨籍及未經政黨推薦,39,3195,1.2207
8,文山區,萬有里,2014,市長,李宏信,無黨籍及未經政黨推薦,5,3195,0.1565
8,文山區,萬有里,2014,市長,陳永昌,無黨籍及未經政黨推薦,3,3195,0.0939
8,文山區,萬有里,2014,市長,馮光遠,無黨籍及未經政黨推薦,24,3195,0.7512
8,文山區,萬有里,2014,市長,連勝文,中國國民黨,1530,3195,47.8873
8,文山區,萬有里,2014,市長,柯文哲,無黨籍及未經政黨推薦,1593,3195,49.8592
8,文山區,萬有里,2016,立委,李慶元,無黨籍及未經政黨推薦,1129,3091,36.5254
8,文山區,萬有里,2016,立委,賴樹聲,無黨籍及未經政黨推薦,16,3091,0.5176
8,文山區,萬有里,2016,立委,苗博雅,綠黨社會民主黨聯盟,398,3091,12.8761
8,文山區,萬有里,2016,立委,賴士葆,中國國民黨,1496,3091,48.3986
8,文山區,萬有里,2016,立委,陳如聖,台灣工黨,13,3091,0.4206
8,文山區,萬有里,2016,立委,方景鈞,無黨籍及未經政黨推薦,39,3091,1.2617
8,文山區,萬有里,2016,總統,朱立倫,中國國民黨,1372,3122,43.9462
8,文山區,萬有里,2016,總統,蔡英文,民主進步黨,1380,3122,44.2024
8,文山區,萬有里,2016,總統,宋楚瑜,親民黨,370,3122,11.8514
8,文山區,萬有里,2018,市長,吳蕚洋,無黨籍及未經政黨推薦,11,3083,0.3568
8,文山區,萬有里,2018,市長,丁守中,中國國民黨,1445,3083,46.8699
8,文山區,萬有里,2018,市長,姚文智,民主進步黨,430,3083,13.9475
8,文山區,萬有里,2018,市長,柯文哲,無黨籍及未經政黨推薦,1186,3083,38.469
8,文山區,萬有里,2018,市長,李錫錕,無黨籍及未經政黨推薦,11,3083,0.3568
8,文山區,萬有里,2020,立委,蕭曉玲,喜樂島聯盟,10,3591,0.2785
8,文山區,萬有里,2020,立委,華珮君,台灣動物保護黨,111,3591,3.0911
8,文山區,萬有里,2020,立委,彭子軒,無黨籍及未經政黨推薦,39,3591,1.086
8,文山區,萬有里,2020,立委,柯士翎,綠黨,32,3591,0.8911
8,文山區,萬有里,2020,立委,阮昭雄,民主進步黨,1301,3591,36.2295
8,文山區,萬有里,2020,立委,賴士葆,中國國民黨,1779,3591,49.5405
8,文山區,萬有里,2020,立委,顏銘緯,台灣基進,76,3591,2.1164
8,文山區,萬有里,2020,立委,李文,無黨籍及未經政黨推薦,27,3591,0.7519
8,文山區,萬有里,2020,立委,張幸松,台灣民眾黨,216,3591,6.015
8,文山區,萬有里,2020,總統,宋楚瑜,親民黨,178,3622,4.9144
8,文山區,萬有里,2020,總統,韓國瑜,中國國民黨,1764,3622,48.7024
8,文山區,萬有里,2020,總統,蔡英文,民主進步黨,1680,3622,46.3832
8,文山區,萬有里,2022,市長,張家豪,台灣動物保護黨,11,3118,0.3528
8,文山區,萬有里,2022,市長,王文娟,無黨籍及未經政黨推薦,1,3118,0.0321
8,文山區,萬有里,2022,市長,鄭匡宇,無黨籍及未經政黨推薦,1,3118,0.0321
8,文山區,萬有里,2022,市長,黃聖峰,台澎黨,0,3118,0.0
8,文山區,萬有里,2022,市長,童文薰,無黨籍及未經政黨推薦,13,3118,0.4169
8,文山區,萬有里,2022,市長,蔣萬安,中國國民黨,1465,3118,46.9852
8,文山區,萬有里,2022,市長,蘇煥智,台灣維新,5,3118,0.1604
8,文山區,萬有里,2022,市長,黃珊珊,無黨籍及未經政黨推薦,798,3118,25.5933
8,文山區,萬有里,2022,市長,施奉先,無黨籍及未經政黨推薦,0,3118,0.0
8,文山區,萬有里,2022,市長,唐新民,共和黨,0,3118,0.0
8,文山區,萬有里,2022,市長,謝立康,無黨籍及未經政黨推薦,2,3118,0.0641
8,文山區,萬有里,2022,市長,陳時中,民主進步黨,822,3118,26.3631
8,文山區,萬有里,2024,立委,劉佩玲,台灣維新,7,3419,0.2047
8,文山區,萬有里,2024,立委,賴士葆,中國國民黨,1561,3419,45.6566
8,文山區,萬有里,2024,立委,王閔生,民主進步黨,1249,3419,36.5311
8,文山區,萬有里,2024,立委,賴宣任,小民參政歐巴桑聯盟,96,3419,2.8078
8,文山區,萬有里,2024,立委,夏萬浪,無黨籍及未經政黨推薦,16,3419,0.468
8,文山區,萬有里,2024,立委,張其祿,台灣民眾黨,487,3419,14.2439
8,文山區,萬有里,2024,立委,張維學,無黨籍及未經政黨推薦,1,3419,0.0292
8,文山區,萬有里,2024,立委,胡之壯,興中同盟會,2,3419,0.0585
8,文山區,萬有里,2024,總統,柯文哲,台灣民眾黨,837,3465,24.1558
8,文山區,萬有里,2024,總統,賴清德,民主進步黨,1113,3465,32.1212
8,文山區,萬有里,2024,總統,侯友宜,中國國民黨,1515,3465,43.7229
8,文山區,萬盛里,2014,市長,陳汝斌,三等國民公義人權自救黨,1,2847,0.0351
8,文山區,萬盛里,2014,市長,趙衍慶,無黨籍及未經政黨推薦,25,2847,0.8781
8,文山區,萬盛里,2014,市長,李宏信,無黨籍及未經政黨推薦,9,2847,0.3161
8,文山區,萬盛里,2014,市長,陳永昌,無黨籍及未經政黨推薦,7,2847,0.2459
8,文山區,萬盛里,2014,市長,馮光遠,無黨籍及未經政黨推薦,13,2847,0.4566
8,文山區,萬盛里,2014,市長,連勝文,中國國民黨,1382,2847,48.5423
8,文山區,萬盛里,2014,市長,柯文哲,無黨籍及未經政黨推薦,1410,2847,49.5258
8,文山區,萬盛里,2016,立委,李慶元,無黨籍及未經政黨推薦,879,2752,31.9404
8,文山區,萬盛里,2016,立委,賴樹聲,無黨籍及未經政黨推薦,10,2752,0.3634
8,文山區,萬盛里,2016,立委,苗博雅,綠黨社會民主黨聯盟,391,2752,14.2078
8,文山區,萬盛里,2016,立委,賴士葆,中國國民黨,1427,2752,51.8532
8,文山區,萬盛里,2016,立委,陳如聖,台灣工黨,17,2752,0.6177
8,文山區,萬盛里,2016,立委,方景鈞,無黨籍及未經政黨推薦,28,2752,1.0174
8,文山區,萬盛里,2016,總統,朱立倫,中國國民黨,1301,2786,46.6978
8,文山區,萬盛里,2016,總統,蔡英文,民主進步黨,1169,2786,41.9598
8,文山區,萬盛里,2016,總統,宋楚瑜,親民黨,316,2786,11.3424
8,文山區,萬盛里,2018,市長,吳蕚洋,無黨籍及未經政黨推薦,12,2683,0.4473
8,文山區,萬盛里,2018,市長,丁守中,中國國民黨,1287,2683,47.9687
8,文山區,萬盛里,2018,市長,姚文智,民主進步黨,354,2683,13.1942
8,文山區,萬盛里,2018,市長,柯文哲,無黨籍及未經政黨推薦,1016,2683,37.8681
8,文山區,萬盛里,2018,市長,李錫錕,無黨籍及未經政黨推薦,14,2683,0.5218
8,文山區,萬盛里,2020,立委,蕭曉玲,喜樂島聯盟,10,3111,0.3214
8,文山區,萬盛里,2020,立委,華珮君,台灣動物保護黨,117,3111,3.7608
8,文山區,萬盛里,2020,立委,彭子軒,無黨籍及未經政黨推薦,19,3111,0.6107
8,文山區,萬盛里,2020,立委,柯士翎,綠黨,44,3111,1.4143
8,文山區,萬盛里,2020,立委,阮昭雄,民主進步黨,1104,3111,35.487
8,文山區,萬盛里,2020,立委,賴士葆,中國國民黨,1586,3111,50.9804
8,文山區,萬盛里,2020,立委,顏銘緯,台灣基進,48,3111,1.5429
8,文山區,萬盛里,2020,立委,李文,無黨籍及未經政黨推薦,17,3111,0.5464
8,文山區,萬盛里,2020,立委,張幸松,台灣民眾黨,166,3111,5.3359
8,文山區,萬盛里,2020,總統,宋楚瑜,親民黨,133,3155,4.2155
8,文山區,萬盛里,2020,總統,韓國瑜,中國國民黨,1552,3155,49.1918
8,文山區,萬盛里,2020,總統,蔡英文,民主進步黨,1470,3155,46.5927
8,文山區,萬盛里,2022,市長,張家豪,台灣動物保護黨,6,2560,0.2344
8,文山區,萬盛里,2022,市長,王文娟,無黨籍及未經政黨推薦,0,2560,0.0
8,文山區,萬盛里,2022,市長,鄭匡宇,無黨籍及未經政黨推薦,0,2560,0.0
8,文山區,萬盛里,2022,市長,黃聖峰,台澎黨,0,2560,0.0
8,文山區,萬盛里,2022,市長,童文薰,無黨籍及未經政黨推薦,5,2560,0.1953
8,文山區,萬盛里,2022,市長,蔣萬安,中國國民黨,1225,2560,47.8516
8,文山區,萬盛里,2022,市長,蘇煥智,台灣維新,3,2560,0.1172
8,文山區,萬盛里,2022,市長,黃珊珊,無黨籍及未經政黨推薦,607,2560,23.7109
8,文山區,萬盛里,2022,市長,施奉先,無黨籍及未經政黨推薦,1,2560,0.0391
8,文山區,萬盛里,2022,市長,唐新民,共和黨,1,2560,0.0391
8,文山區,萬盛里,2022,市長,謝立康,無黨籍及未經政黨推薦,0,2560,0.0
8,文山區,萬盛里,2022,市長,陳時中,民主進步黨,712,2560,27.8125
8,文山區,萬盛里,2024,立委,劉佩玲,台灣維新,14,2900,0.4828
8,文山區,萬盛里,2024,立委,賴士葆,中國國民黨,1402,2900,48.3448
8,文山區,萬盛里,2024,立委,王閔生,民主進步黨,932,2900,32.1379
8,文山區,萬盛里,2024,立委,賴宣任,小民參政歐巴桑聯盟,104,2900,3.5862
8,文山區,萬盛里,2024,立委,夏萬浪,無黨籍及未經政黨推薦,10,2900,0.3448
8,文山區,萬盛里,2024,立委,張其祿,台灣民眾黨,430,2900,14.8276
8,文山區,萬盛里,2024,立委,張維學,無黨籍及未經政黨推薦,3,2900,0.1034
8,文山區,萬盛里,2024,立委,胡之壯,興中同盟會,5,2900,0.1724
8,文山區,萬盛里,2024,總統,柯文哲,台灣民眾黨,684,2927,23.3686
8,文山區,萬盛里,2024,總統,賴清德,民主進步黨,933,2927,31.8756
8,文山區,萬盛里,2024,總統,侯友宜,中國國民黨,1310,2927,44.7557
8,文山區,萬祥里,2014,市長,陳汝斌,三等國民公義人權自救黨,5,2711,0.1844
8,文山區,萬祥里,2014,市長,趙衍慶,無黨籍及未經政黨推薦,25,2711,0.9222
8,文山區,萬祥里,2014,市長,李宏信,無黨籍及未經政黨推薦,4,2711,0.1475
8,文山區,萬祥里,2014,市長,陳永昌,無黨籍及未經政黨推薦,0,2711,0.0
8,文山區,萬祥里,2014,市長,馮光遠,無黨籍及未經政黨推薦,15,2711,0.5533
8,文山區,萬祥里,2014,市長,連勝文,中國國民黨,1180,2711,43.5264
8,文山區,萬祥里,2014,市長,柯文哲,無黨籍及未經政黨推薦,1482,2711,54.6662
8,文山區,萬祥里,2016,立委,李慶元,無黨籍及未經政黨推薦,999,2633,37.9415
8,文山區,萬祥里,2016,立委,賴樹聲,無黨籍及未經政黨推薦,14,2633,0.5317
8,文山區,萬祥里,2016,立委,苗博雅,綠黨社會民主黨聯盟,349,2633,13.2548
8,文山區,萬祥里,2016,立委,賴士葆,中國國民黨,1233,2633,46.8287
8,文山區,萬祥里,2016,立委,陳如聖,台灣工黨,14,2633,0.5317
8,文山區,萬祥里,2016,立委,方景鈞,無黨籍及未經政黨推薦,24,2633,0.9115
8,文山區,萬祥里,2016,總統,朱立倫,中國國民黨,1122,2655,42.2599
8,文山區,萬祥里,2016,總統,蔡英文,民主進步黨,1269,2655,47.7966
8,文山區,萬祥里,2016,總統,宋楚瑜,親民黨,264,2655,9.9435
8,文山區,萬祥里,2018,市長,吳蕚洋,無黨籍及未經政黨推薦,13,2555,0.5088
8,文山區,萬祥里,2018,市長,丁守中,中國國民黨,1102,2555,43.1311
8,文山區,萬祥里,2018,市長,姚文智,民主進步黨,382,2555,14.9511
8,文山區,萬祥里,2018,市長,柯文哲,無黨籍及未經政黨推薦,1048,2555,41.0176
8,文山區,萬祥里,2018,市長,李錫錕,無黨籍及未經政黨推薦,10,2555,0.3914
8,文山區,萬祥里,2020,立委,蕭曉玲,喜樂島聯盟,7,2909,0.2406
8,文山區,萬祥里,2020,立委,華珮君,台灣動物保護黨,98,2909,3.3689
8,文山區,萬祥里,2020,立委,彭子軒,無黨籍及未經政黨推薦,17,2909,0.5844
8,文山區,萬祥里,2020,立委,柯士翎,綠黨,25,2909,0.8594
8,文山區,萬祥里,2020,立委,阮昭雄,民主進步黨,1142,2909,39.2575
8,文山區,萬祥里,2020,立委,賴士葆,中國國民黨,1356,2909,46.614
8,文山區,萬祥里,2020,立委,顏銘緯,台灣基進,61,2909,2.0969
8,文山區,萬祥里,2020,立委,李文,無黨籍及未經政黨推薦,15,2909,0.5156
8,文山區,萬祥里,2020,立委,張幸松,台灣民眾黨,188,2909,6.4627
8,文山區,萬祥里,2020,總統,宋楚瑜,親民黨,117,2943,3.9755
8,文山區,萬祥里,2020,總統,韓國瑜,中國國民黨,1317,2943,44.7503
8,文山區,萬祥里,2020,總統,蔡英文,民主進步黨,1509,2943,51.2742
8,文山區,萬祥里,2022,市長,張家豪,台灣動物保護黨,9,2497,0.3604
8,文山區,萬祥里,2022,市長,王文娟,無黨籍及未經政黨推薦,2,2497,0.0801
8,文山區,萬祥里,2022,市長,鄭匡宇,無黨籍及未經政黨推薦,1,2497,0.04
8,文山區,萬祥里,2022,市長,黃聖峰,台澎黨,3,2497,0.1201
8,文山區,萬祥里,2022,市長,童文薰,無黨籍及未經政黨推薦,7,2497,0.2803
8,文山區,萬祥里,2022,市長,蔣萬安,中國國民黨,1073,2497,42.9716
8,文山區,萬祥里,2022,市長,蘇煥智,台灣維新,3,2497,0.1201
8,文山區,萬祥里,2022,市長,黃珊珊,無黨籍及未經政黨推薦,662,2497,26.5118
8,文山區,萬祥里,2022,市長,施奉先,無黨籍及未經政黨推薦,1,2497,0.04
8,文山區,萬祥里,2022,市長,唐新民,共和黨,0,2497,0.0
8,文山區,萬祥里,2022,市長,謝立康,無黨籍及未經政黨推薦,1,2497,0.04
8,文山區,萬祥里,2022,市長,陳時中,民主進步黨,735,2497,29.4353
8,文山區,萬祥里,2024,立委,劉佩玲,台灣維新,14,2733,0.5123
8,文山區,萬祥里,2024,立委,賴士葆,中國國民黨,1206,2733,44.1273
8,文山區,萬祥里,2024,立委,王閔生,民主進步黨,999,2733,36.5532
8,文山區,萬祥里,2024,立委,賴宣任,小民參政歐巴桑聯盟,90,2733,3.2931
8,文山區,萬祥里,2024,立委,夏萬浪,無黨籍及未經政黨推薦,4,2733,0.1464
8,文山區,萬祥里,2024,立委,張其祿,台灣民眾黨,410,2733,15.0018
8,文山區,萬祥里,2024,立委,張維學,無黨籍及未經政黨推薦,7,2733,0.2561
8,文山區,萬祥里,2024,立委,胡之壯,興中同盟會,3,2733,0.1098
8,文山區,萬祥里,2024,總統,柯文哲,台灣民眾黨,675,2789,24.2022
8,文山區,萬祥里,2024,總統,賴清德,民主進步黨,985,2789,35.3173
8,文山區,萬祥里,2024,總統,侯友宜,中國國民黨,1129,2789,40.4805
8,文山區,萬美里,2014,市長,陳汝斌,三等國民公義人權自救黨,0,3916,0.0
8,文山區,萬美里,2014,市長,趙衍慶,無黨籍及未經政黨推薦,34,3916,0.8682
8,文山區,萬美里,2014,市長,李宏信,無黨籍及未經政黨推薦,7,3916,0.1788
8,文山區,萬美里,2014,市長,陳永昌,無黨籍及未經政黨推薦,5,3916,0.1277
8,文山區,萬美里,2014,市長,馮光遠,無黨籍及未經政黨推薦,21,3916,0.5363
8,文山區,萬美里,2014,市長,連勝文,中國國民黨,1921,3916,49.0552
8,文山區,萬美里,2014,市長,柯文哲,無黨籍及未經政黨推薦,1928,3916,49.2339
8,文山區,萬美里,2016,立委,李慶元,無黨籍及未經政黨推薦,1338,3894,34.3606
8,文山區,萬美里,2016,立委,賴樹聲,無黨籍及未經政黨推薦,19,3894,0.4879
8,文山區,萬美里,2016,立委,苗博雅,綠黨社會民主黨聯盟,531,3894,13.6364
8,文山區,萬美里,2016,立委,賴士葆,中國國民黨,1952,3894,50.1284
8,文山區,萬美里,2016,立委,陳如聖,台灣工黨,17,3894,0.4366
8,文山區,萬美里,2016,立委,方景鈞,無黨籍及未經政黨推薦,37,3894,0.9502
8,文山區,萬美里,2016,總統,朱立倫,中國國民黨,1765,3972,44.4361
8,文山區,萬美里,2016,總統,蔡英文,民主進步黨,1711,3972,43.0765
8,文山區,萬美里,2016,總統,宋楚瑜,親民黨,496,3972,12.4874
8,文山區,萬美里,2018,市長,吳蕚洋,無黨籍及未經政黨推薦,17,3952,0.4302
8,文山區,萬美里,2018,市長,丁守中,中國國民黨,1936,3952,48.9879
8,文山區,萬美里,2018,市長,姚文智,民主進步黨,489,3952,12.3735
8,文山區,萬美里,2018,市長,柯文哲,無黨籍及未經政黨推薦,1492,3952,37.753
8,文山區,萬美里,2018,市長,李錫錕,無黨籍及未經政黨推薦,18,3952,0.4555
8,文山區,萬美里,2020,立委,蕭曉玲,喜樂島聯盟,11,4579,0.2402
8,文山區,萬美里,2020,立委,華珮君,台灣動物保護黨,179,4579,3.9092
8,文山區,萬美里,2020,立委,彭子軒,無黨籍及未經政黨推薦,35,4579,0.7644
8,文山區,萬美里,2020,立委,柯士翎,綠黨,58,4579,1.2667
8,文山區,萬美里,2020,立委,阮昭雄,民主進步黨,1507,4579,32.9111
8,文山區,萬美里,2020,立委,賴士葆,中國國民黨,2390,4579,52.1948
8,文山區,萬美里,2020,立委,顏銘緯,台灣基進,105,4579,2.2931
8,文山區,萬美里,2020,立委,李文,無黨籍及未經政黨推薦,28,4579,0.6115
8,文山區,萬美里,2020,立委,張幸松,台灣民眾黨,266,4579,5.8091
8,文山區,萬美里,2020,總統,宋楚瑜,親民黨,192,4719,4.0687
8,文山區,萬美里,2020,總統,韓國瑜,中國國民黨,2434,4719,51.5787
8,文山區,萬美里,2020,總統,蔡英文,民主進步黨,2093,4719,44.3526
8,文山區,萬美里,2022,市長,張家豪,台灣動物保護黨,15,3855,0.3891
8,文山區,萬美里,2022,市長,王文娟,無黨籍及未經政黨推薦,2,3855,0.0519
8,文山區,萬美里,2022,市長,鄭匡宇,無黨籍及未經政黨推薦,2,3855,0.0519
8,文山區,萬美里,2022,市長,黃聖峰,台澎黨,1,3855,0.0259
8,文山區,萬美里,2022,市長,童文薰,無黨籍及未經政黨推薦,8,3855,0.2075
8,文山區,萬美里,2022,市長,蔣萬安,中國國民黨,1949,3855,50.5577
8,文山區,萬美里,2022,市長,蘇煥智,台灣維新,7,3855,0.1816
8,文山區,萬美里,2022,市長,黃珊珊,無黨籍及未經政黨推薦,908,3855,23.5538
8,文山區,萬美里,2022,市長,施奉先,無黨籍及未經政黨推薦,4,3855,0.1038
8,文山區,萬美里,2022,市長,唐新民,共和黨,2,3855,0.0519
8,文山區,萬美里,2022,市長,謝立康,無黨籍及未經政黨推薦,0,3855,0.0
8,文山區,萬美里,2022,市長,陳時中,民主進步黨,957,3855,24.8249
8,文山區,萬美里,2024,立委,劉佩玲,台灣維新,27,4185,0.6452
8,文山區,萬美里,2024,立委,賴士葆,中國國民黨,2075,4185,49.5818
8,文山區,萬美里,2024,立委,王閔生,民主進步黨,1281,4185,30.6093
8,文山區,萬美里,2024,立委,賴宣任,小民參政歐巴桑聯盟,144,4185,3.4409
8,文山區,萬美里,2024,立委,夏萬浪,無黨籍及未經政黨推薦,14,4185,0.3345
8,文山區,萬美里,2024,立委,張其祿,台灣民眾黨,639,4185,15.2688
8,文山區,萬美里,2024,立委,張維學,無黨籍及未經政黨推薦,2,4185,0.0478
8,文山區,萬美里,2024,立委,胡之壯,興中同盟會,3,4185,0.0717
8,文山區,萬美里,2024,總統,柯文哲,台灣民眾黨,1019,4318,23.5989
8,文山區,萬美里,2024,總統,賴清德,民主進步黨,1335,4318,30.9171
8,文山區,萬美里,2024,總統,侯友宜,中國國民黨,1964,4318,45.484
8,文山區,萬興里,2014,市長,陳汝斌,三等國民公義人權自救黨,7,4793,0.146
8,文山區,萬興里,2014,市長,趙衍慶,無黨籍及未經政黨推薦,56,4793,1.1684
8,文山區,萬興里,2014,市長,李宏信,無黨籍及未經政黨推薦,9,4793,0.1878
8,文山區,萬興里,2014,市長,陳永昌,無黨籍及未經政黨推薦,8,4793,0.1669
8,文山區,萬興里,2014,市長,馮光遠,無黨籍及未經政黨推薦,38,4793,0.7928
8,文山區,萬興里,2014,市長,連勝文,中國國民黨,2032,4793,42.3952
8,文山區,萬興里,2014,市長,柯文哲,無黨籍及未經政黨推薦,2643,4793,55.1429
8,文山區,萬興里,2016,立委,李慶元,無黨籍及未經政黨推薦,1943,4626,42.0017
8,文山區,萬興里,2016,立委,賴樹聲,無黨籍及未經政黨推薦,23,4626,0.4972
8,文山區,萬興里,2016,立委,苗博雅,綠黨社會民主黨聯盟,634,4626,13.7051
8,文山區,萬興里,2016,立委,賴士葆,中國國民黨,1986,4626,42.9313
8,文山區,萬興里,2016,立委,陳如聖,台灣工黨,16,4626,0.3459
8,文山區,萬興里,2016,立委,方景鈞,無黨籍及未經政黨推薦,24,4626,0.5188
8,文山區,萬興里,2016,總統,朱立倫,中國國民黨,1958,4639,42.2074
8,文山區,萬興里,2016,總統,蔡英文,民主進步黨,2232,4639,48.1138
8,文山區,萬興里,2016,總統,宋楚瑜,親民黨,449,4639,9.6788
8,文山區,萬興里,2018,市長,吳蕚洋,無黨籍及未經政黨推薦,21,4552,0.4613
8,文山區,萬興里,2018,市長,丁守中,中國國民黨,2007,4552,44.0905
8,文山區,萬興里,2018,市長,姚文智,民主進步黨,695,4552,15.268
8,文山區,萬興里,2018,市長,柯文哲,無黨籍及未經政黨推薦,1806,4552,39.6749
8,文山區,萬興里,2018,市長,李錫錕,無黨籍及未經政黨推薦,23,4552,0.5053
8,文山區,萬興里,2020,立委,蕭曉玲,喜樂島聯盟,15,5291,0.2835
8,文山區,萬興里,2020,立委,華珮君,台灣動物保護黨,182,5291,3.4398
8,文山區,萬興里,2020,立委,彭子軒,無黨籍及未經政黨推薦,59,5291,1.1151
8,文山區,萬興里,2020,立委,柯士翎,綠黨,73,5291,1.3797
8,文山區,萬興里,2020,立委,阮昭雄,民主進步黨,1980,5291,37.422
8,文山區,萬興里,2020,立委,賴士葆,中國國民黨,2473,5291,46.7397
8,文山區,萬興里,2020,立委,顏銘緯,台灣基進,122,5291,2.3058
8,文山區,萬興里,2020,立委,李文,無黨籍及未經政黨推薦,24,5291,0.4536
8,文山區,萬興里,2020,立委,張幸松,台灣民眾黨,363,5291,6.8607
8,文山區,萬興里,2020,總統,宋楚瑜,親民黨,238,5354,4.4453
8,文山區,萬興里,2020,總統,韓國瑜,中國國民黨,2457,5354,45.8909
8,文山區,萬興里,2020,總統,蔡英文,民主進步黨,2659,5354,49.6638
8,文山區,萬興里,2022,市長,張家豪,台灣動物保護黨,11,4642,0.237
8,文山區,萬興里,2022,市長,王文娟,無黨籍及未經政黨推薦,6,4642,0.1293
8,文山區,萬興里,2022,市長,鄭匡宇,無黨籍及未經政黨推薦,1,4642,0.0215
8,文山區,萬興里,2022,市長,黃聖峰,台澎黨,1,4642,0.0215
8,文山區,萬興里,2022,市長,童文薰,無黨籍及未經政黨推薦,7,4642,0.1508
8,文山區,萬興里,2022,市長,蔣萬安,中國國民黨,2031,4642,43.7527
8,文山區,萬興里,2022,市長,蘇煥智,台灣維新,7,4642,0.1508
8,文山區,萬興里,2022,市長,黃珊珊,無黨籍及未經政黨推薦,1262,4642,27.1866
8,文山區,萬興里,2022,市長,施奉先,無黨籍及未經政黨推薦,1,4642,0.0215
8,文山區,萬興里,2022,市長,唐新民,共和黨,2,4642,0.0431
8,文山區,萬興里,2022,市長,謝立康,無黨籍及未經政黨推薦,0,4642,0.0
8,文山區,萬興里,2022,市長,陳時中,民主進步黨,1313,4642,28.2852
8,文山區,萬興里,2024,立委,劉佩玲,台灣維新,30,5006,0.5993
8,文山區,萬興里,2024,立委,賴士葆,中國國民黨,2252,5006,44.986
8,文山區,萬興里,2024,立委,王閔生,民主進步黨,1752,5006,34.998
8,文山區,萬興里,2024,立委,賴宣任,小民參政歐巴桑聯盟,158,5006,3.1562
8,文山區,萬興里,2024,立委,夏萬浪,無黨籍及未經政黨推薦,12,5006,0.2397
8,文山區,萬興里,2024,立委,張其祿,台灣民眾黨,788,5006,15.7411
8,文山區,萬興里,2024,立委,張維學,無黨籍及未經政黨推薦,9,5006,0.1798
8,文山區,萬興里,2024,立委,胡之壯,興中同盟會,5,5006,0.0999
8,文山區,萬興里,2024,總統,柯文哲,台灣民眾黨,1230,5073,24.246
8,文山區,萬興里,2024,總統,賴清德,民主進步黨,1705,5073,33.6093
8,文山區,萬興里,2024,總統,侯友宜,中國國民黨,2138,5073,42.1447
8,文山區,萬芳里,2014,市長,陳汝斌,三等國民公義人權自救黨,10,4571,0.2188
8,文山區,萬芳里,2014,市長,趙衍慶,無黨籍及未經政黨推薦,57,4571,1.247
8,文山區,萬芳里,2014,市長,李宏信,無黨籍及未經政黨推薦,14,4571,0.3063
8,文山區,萬芳里,2014,市長,陳永昌,無黨籍及未經政黨推薦,9,4571,0.1969
8,文山區,萬芳里,2014,市長,馮光遠,無黨籍及未經政黨推薦,43,4571,0.9407
8,文山區,萬芳里,2014,市長,連勝文,中國國民黨,2214,4571,48.4358
8,文山區,萬芳里,2014,市長,柯文哲,無黨籍及未經政黨推薦,2224,4571,48.6546
8,文山區,萬芳里,2016,立委,李慶元,無黨籍及未經政黨推薦,1543,4342,35.5366
8,文山區,萬芳里,2016,立委,賴樹聲,無黨籍及未經政黨推薦,37,4342,0.8521
8,文山區,萬芳里,2016,立委,苗博雅,綠黨社會民主黨聯盟,522,4342,12.0221
8,文山區,萬芳里,2016,立委,賴士葆,中國國民黨,2185,4342,50.3224
8,文山區,萬芳里,2016,立委,陳如聖,台灣工黨,23,4342,0.5297
8,文山區,萬芳里,2016,立委,方景鈞,無黨籍及未經政黨推薦,32,4342,0.737
8,文山區,萬芳里,2016,總統,朱立倫,中國國民黨,2038,4459,45.7053
8,文山區,萬芳里,2016,總統,蔡英文,民主進步黨,1848,4459,41.4443
8,文山區,萬芳里,2016,總統,宋楚瑜,親民黨,573,4459,12.8504
8,文山區,萬芳里,2018,市長,吳蕚洋,無黨籍及未經政黨推薦,16,4452,0.3594
8,文山區,萬芳里,2018,市長,丁守中,中國國民黨,2096,4452,47.08
8,文山區,萬芳里,2018,市長,姚文智,民主進步黨,494,4452,11.0961
8,文山區,萬芳里,2018,市長,柯文哲,無黨籍及未經政黨推薦,1827,4452,41.0377
8,文山區,萬芳里,2018,市長,李錫錕,無黨籍及未經政黨推薦,19,4452,0.4268
8,文山區,萬芳里,2020,立委,蕭曉玲,喜樂島聯盟,12,4938,0.243
8,文山區,萬芳里,2020,立委,華珮君,台灣動物保護黨,207,4938,4.192
8,文山區,萬芳里,2020,立委,彭子軒,無黨籍及未經政黨推薦,59,4938,1.1948
8,文山區,萬芳里,2020,立委,柯士翎,綠黨,48,4938,0.9721
8,文山區,萬芳里,2020,立委,阮昭雄,民主進步黨,1571,4938,31.8145
8,文山區,萬芳里,2020,立委,賴士葆,中國國民黨,2551,4938,51.6606
8,文山區,萬芳里,2020,立委,顏銘緯,台灣基進,115,4938,2.3289
8,文山區,萬芳里,2020,立委,李文,無黨籍及未經政黨推薦,30,4938,0.6075
8,文山區,萬芳里,2020,立委,張幸松,台灣民眾黨,345,4938,6.9866
8,文山區,萬芳里,2020,總統,宋楚瑜,親民黨,243,5069,4.7938
8,文山區,萬芳里,2020,總統,韓國瑜,中國國民黨,2525,5069,49.8126
8,文山區,萬芳里,2020,總統,蔡英文,民主進步黨,2301,5069,45.3936
8,文山區,萬芳里,2022,市長,張家豪,台灣動物保護黨,15,4319,0.3473
8,文山區,萬芳里,2022,市長,王文娟,無黨籍及未經政黨推薦,1,4319,0.0232
8,文山區,萬芳里,2022,市長,鄭匡宇,無黨籍及未經政黨推薦,0,4319,0.0
8,文山區,萬芳里,2022,市長,黃聖峰,台澎黨,2,4319,0.0463
8,文山區,萬芳里,2022,市長,童文薰,無黨籍及未經政黨推薦,13,4319,0.301
8,文山區,萬芳里,2022,市長,蔣萬安,中國國民黨,2119,4319,49.0623
8,文山區,萬芳里,2022,市長,蘇煥智,台灣維新,12,4319,0.2778
8,文山區,萬芳里,2022,市長,黃珊珊,無黨籍及未經政黨推薦,1138,4319,26.3487
8,文山區,萬芳里,2022,市長,施奉先,無黨籍及未經政黨推薦,1,4319,0.0232
8,文山區,萬芳里,2022,市長,唐新民,共和黨,4,4319,0.0926
8,文山區,萬芳里,2022,市長,謝立康,無黨籍及未經政黨推薦,0,4319,0.0
8,文山區,萬芳里,2022,市長,陳時中,民主進步黨,1014,4319,23.4777
8,文山區,萬芳里,2024,立委,劉佩玲,台灣維新,24,4695,0.5112
8,文山區,萬芳里,2024,立委,賴士葆,中國國民黨,2341,4695,49.8616
8,文山區,萬芳里,2024,立委,王閔生,民主進步黨,1377,4695,29.3291
8,文山區,萬芳里,2024,立委,賴宣任,小民參政歐巴桑聯盟,192,4695,4.0895
8,文山區,萬芳里,2024,立委,夏萬浪,無黨籍及未經政黨推薦,11,4695,0.2343
8,文山區,萬芳里,2024,立委,張其祿,台灣民眾黨,740,4695,15.7614
8,文山區,萬芳里,2024,立委,張維學,無黨籍及未經政黨推薦,7,4695,0.1491
8,文山區,萬芳里,2024,立委,胡之壯,興中同盟會,3,4695,0.0639
8,文山區,萬芳里,2024,總統,柯文哲,台灣民眾黨,1269,4865,26.0843
8,文山區,萬芳里,2024,總統,賴清德,民主進步黨,1404,4865,28.8592
8,文山區,萬芳里,2024,總統,侯友宜,中國國民黨,2192,4865,45.0565
8,文山區,萬隆里,2014,市長,陳汝斌,三等國民公義人權自救黨,2,4280,0.0467
8,文山區,萬隆里,2014,市長,趙衍慶,無黨籍及未經政黨推薦,60,4280,1.4019
8,文山區,萬隆里,2014,市長,李宏信,無黨籍及未經政黨推薦,7,4280,0.1636
8,文山區,萬隆里,2014,市長,陳永昌,無黨籍及未經政黨推薦,3,4280,0.0701
8,文山區,萬隆里,2014,市長,馮光遠,無黨籍及未經政黨推薦,23,4280,0.5374
8,文山區,萬隆里,2014,市長,連勝文,中國國民黨,2095,4280,48.9486
8,文山區,萬隆里,2014,市長,柯文哲,無黨籍及未經政黨推薦,2090,4280,48.8318
8,文山區,萬隆里,2016,立委,李慶元,無黨籍及未經政黨推薦,1387,4086,33.9452
8,文山區,萬隆里,2016,立委,賴樹聲,無黨籍及未經政黨推薦,29,4086,0.7097
8,文山區,萬隆里,2016,立委,苗博雅,綠黨社會民主黨聯盟,485,4086,11.8698
8,文山區,萬隆里,2016,立委,賴士葆,中國國民黨,2130,4086,52.1292
8,文山區,萬隆里,2016,立委,陳如聖,台灣工黨,18,4086,0.4405
8,文山區,萬隆里,2016,立委,方景鈞,無黨籍及未經政黨推薦,37,4086,0.9055
8,文山區,萬隆里,2016,總統,朱立倫,中國國民黨,1908,4152,45.9538
8,文山區,萬隆里,2016,總統,蔡英文,民主進步黨,1777,4152,42.7987
8,文山區,萬隆里,2016,總統,宋楚瑜,親民黨,467,4152,11.2476
8,文山區,萬隆里,2018,市長,吳蕚洋,無黨籍及未經政黨推薦,32,4140,0.7729
8,文山區,萬隆里,2018,市長,丁守中,中國國民黨,1929,4140,46.5942
8,文山區,萬隆里,2018,市長,姚文智,民主進步黨,512,4140,12.3671
8,文山區,萬隆里,2018,市長,柯文哲,無黨籍及未經政黨推薦,1644,4140,39.7101
8,文山區,萬隆里,2018,市長,李錫錕,無黨籍及未經政黨推薦,23,4140,0.5556
8,文山區,萬隆里,2020,立委,蕭曉玲,喜樂島聯盟,6,4638,0.1294
8,文山區,萬隆里,2020,立委,華珮君,台灣動物保護黨,147,4638,3.1695
8,文山區,萬隆里,2020,立委,彭子軒,無黨籍及未經政黨推薦,23,4638,0.4959
8,文山區,萬隆里,2020,立委,柯士翎,綠黨,48,4638,1.0349
8,文山區,萬隆里,2020,立委,阮昭雄,民主進步黨,1586,4638,34.1958
8,文山區,萬隆里,2020,立委,賴士葆,中國國民黨,2412,4638,52.0052
8,文山區,萬隆里,2020,立委,顏銘緯,台灣基進,93,4638,2.0052
8,文山區,萬隆里,2020,立委,李文,無黨籍及未經政黨推薦,30,4638,0.6468
8,文山區,萬隆里,2020,立委,張幸松,台灣民眾黨,293,4638,6.3174
8,文山區,萬隆里,2020,總統,宋楚瑜,親民黨,199,4693,4.2404
8,文山區,萬隆里,2020,總統,韓國瑜,中國國民黨,2362,4693,50.3303
8,文山區,萬隆里,2020,總統,蔡英文,民主進步黨,2132,4693,45.4294
8,文山區,萬隆里,2022,市長,張家豪,台灣動物保護黨,9,4048,0.2223
8,文山區,萬隆里,2022,市長,王文娟,無黨籍及未經政黨推薦,1,4048,0.0247
8,文山區,萬隆里,2022,市長,鄭匡宇,無黨籍及未經政黨推薦,1,4048,0.0247
8,文山區,萬隆里,2022,市長,黃聖峰,台澎黨,1,4048,0.0247
8,文山區,萬隆里,2022,市長,童文薰,無黨籍及未經政黨推薦,7,4048,0.1729
8,文山區,萬隆里,2022,市長,蔣萬安,中國國民黨,1945,4048,48.0484
8,文山區,萬隆里,2022,市長,蘇煥智,台灣維新,13,4048,0.3211
8,文山區,萬隆里,2022,市長,黃珊珊,無黨籍及未經政黨推薦,1052,4048,25.9881
8,文山區,萬隆里,2022,市長,施奉先,無黨籍及未經政黨推薦,0,4048,0.0
8,文山區,萬隆里,2022,市長,唐新民,共和黨,1,4048,0.0247
8,文山區,萬隆里,2022,市長,謝立康,無黨籍及未經政黨推薦,0,4048,0.0
8,文山區,萬隆里,2022,市長,陳時中,民主進步黨,1018,4048,25.1482
8,文山區,萬隆里,2024,立委,劉佩玲,台灣維新,12,4340,0.2765
8,文山區,萬隆里,2024,立委,賴士葆,中國國民黨,2147,4340,49.47
8,文山區,萬隆里,2024,立委,王閔生,民主進步黨,1392,4340,32.0737
8,文山區,萬隆里,2024,立委,賴宣任,小民參政歐巴桑聯盟,125,4340,2.8802
8,文山區,萬隆里,2024,立委,夏萬浪,無黨籍及未經政黨推薦,12,4340,0.2765
8,文山區,萬隆里,2024,立委,張其祿,台灣民眾黨,644,4340,14.8387
8,文山區,萬隆里,2024,立委,張維學,無黨籍及未經政黨推薦,5,4340,0.1152
8,文山區,萬隆里,2024,立委,胡之壯,興中同盟會,3,4340,0.0691
8,文山區,萬隆里,2024,總統,柯文哲,台灣民眾黨,1052,4428,23.7579
8,文山區,萬隆里,2024,總統,賴清德,民主進步黨,1385,4428,31.2782
8,文山區,萬隆里,2024,總統,侯友宜,中國國民黨,1991,4428,44.9639
8,文山區,試院里,2014,市長,陳汝斌,三等國民公義人權自救黨,4,4129,0.0969
8,文山區,試院里,2014,市長,趙衍慶,無黨籍及未經政黨推薦,52,4129,1.2594
8,文山區,試院里,2014,市長,李宏信,無黨籍及未經政黨推薦,9,4129,0.218
8,文山區,試院里,2014,市長,陳永昌,無黨籍及未經政黨推薦,9,4129,0.218
8,文山區,試院里,2014,市長,馮光遠,無黨籍及未經政黨推薦,26,4129,0.6297
8,文山區,試院里,2014,市長,連勝文,中國國民黨,2119,4129,51.3199
8,文山區,試院里,2014,市長,柯文哲,無黨籍及未經政黨推薦,1910,4129,46.2582
8,文山區,試院里,2016,立委,李慶元,無黨籍及未經政黨推薦,1159,3957,29.2899
8,文山區,試院里,2016,立委,賴樹聲,無黨籍及未經政黨推薦,20,3957,0.5054
8,文山區,試院里,2016,立委,苗博雅,綠黨社會民主黨聯盟,587,3957,14.8345
8,文山區,試院里,2016,立委,賴士葆,中國國民黨,2137,3957,54.0056
8,文山區,試院里,2016,立委,陳如聖,台灣工黨,13,3957,0.3285
8,文山區,試院里,2016,立委,方景鈞,無黨籍及未經政黨推薦,41,3957,1.0361
8,文山區,試院里,2016,總統,朱立倫,中國國民黨,1948,3987,48.8588
8,文山區,試院里,2016,總統,蔡英文,民主進步黨,1519,3987,38.0988
8,文山區,試院里,2016,總統,宋楚瑜,親民黨,520,3987,13.0424
8,文山區,試院里,2018,市長,吳蕚洋,無黨籍及未經政黨推薦,28,4011,0.6981
8,文山區,試院里,2018,市長,丁守中,中國國民黨,2042,4011,50.91
8,文山區,試院里,2018,市長,姚文智,民主進步黨,434,4011,10.8202
8,文山區,試院里,2018,市長,柯文哲,無黨籍及未經政黨推薦,1484,4011,36.9983
8,文山區,試院里,2018,市長,李錫錕,無黨籍及未經政黨推薦,23,4011,0.5734
8,文山區,試院里,2020,立委,蕭曉玲,喜樂島聯盟,11,4508,0.244
8,文山區,試院里,2020,立委,華珮君,台灣動物保護黨,189,4508,4.1925
8,文山區,試院里,2020,立委,彭子軒,無黨籍及未經政黨推薦,25,4508,0.5546
8,文山區,試院里,2020,立委,柯士翎,綠黨,58,4508,1.2866
8,文山區,試院里,2020,立委,阮昭雄,民主進步黨,1387,4508,30.7675
8,文山區,試院里,2020,立委,賴士葆,中國國民黨,2430,4508,53.9042
8,文山區,試院里,2020,立委,顏銘緯,台灣基進,99,4508,2.1961
8,文山區,試院里,2020,立委,李文,無黨籍及未經政黨推薦,29,4508,0.6433
8,文山區,試院里,2020,立委,張幸松,台灣民眾黨,280,4508,6.2112
8,文山區,試院里,2020,總統,宋楚瑜,親民黨,198,4547,4.3545
8,文山區,試院里,2020,總統,韓國瑜,中國國民黨,2386,4547,52.4742
8,文山區,試院里,2020,總統,蔡英文,民主進步黨,1963,4547,43.1713
8,文山區,試院里,2022,市長,張家豪,台灣動物保護黨,10,3890,0.2571
8,文山區,試院里,2022,市長,王文娟,無黨籍及未經政黨推薦,1,3890,0.0257
8,文山區,試院里,2022,市長,鄭匡宇,無黨籍及未經政黨推薦,2,3890,0.0514
8,文山區,試院里,2022,市長,黃聖峰,台澎黨,3,3890,0.0771
8,文山區,試院里,2022,市長,童文薰,無黨籍及未經政黨推薦,1,3890,0.0257
8,文山區,試院里,2022,市長,蔣萬安,中國國民黨,1968,3890,50.5913
8,文山區,試院里,2022,市長,蘇煥智,台灣維新,5,3890,0.1285
8,文山區,試院里,2022,市長,黃珊珊,無黨籍及未經政黨推薦,1038,3890,26.6838
8,文山區,試院里,2022,市長,施奉先,無黨籍及未經政黨推薦,2,3890,0.0514
8,文山區,試院里,2022,市長,唐新民,共和黨,1,3890,0.0257
8,文山區,試院里,2022,市長,謝立康,無黨籍及未經政黨推薦,3,3890,0.0771
8,文山區,試院里,2022,市長,陳時中,民主進步黨,856,3890,22.0051
8,文山區,試院里,2024,立委,劉佩玲,台灣維新,28,4278,0.6545
8,文山區,試院里,2024,立委,賴士葆,中國國民黨,2141,4278,50.0468
8,文山區,試院里,2024,立委,王閔生,民主進步黨,1260,4278,29.453
8,文山區,試院里,2024,立委,賴宣任,小民參政歐巴桑聯盟,142,4278,3.3193
8,文山區,試院里,2024,立委,夏萬浪,無黨籍及未經政黨推薦,10,4278,0.2338
8,文山區,試院里,2024,立委,張其祿,台灣民眾黨,686,4278,16.0355
8,文山區,試院里,2024,立委,張維學,無黨籍及未經政黨推薦,5,4278,0.1169
8,文山區,試院里,2024,立委,胡之壯,興中同盟會,6,4278,0.1403
8,文山區,試院里,2024,總統,柯文哲,台灣民眾黨,1082,4337,24.9481
8,文山區,試院里,2024,總統,賴清德,民主進步黨,1229,4337,28.3376
8,文山區,試院里,2024,總統,侯友宜,中國國民黨,2026,4337,46.7143
8,文山區,順興里,2014,市長,陳汝斌,三等國民公義人權自救黨,5,4496,0.1112
8,文山區,順興里,2014,市長,趙衍慶,無黨籍及未經政黨推薦,52,4496,1.1566
8,文山區,順興里,2014,市長,李宏信,無黨籍及未經政黨推薦,5,4496,0.1112
8,文山區,順興里,2014,市長,陳永昌,無黨籍及未經政黨推薦,4,4496,0.089
8,文山區,順興里,2014,市長,馮光遠,無黨籍及未經政黨推薦,23,4496,0.5116
8,文山區,順興里,2014,市長,連勝文,中國國民黨,2001,4496,44.5062
8,文山區,順興里,2014,市長,柯文哲,無黨籍及未經政黨推薦,2406,4496,53.5142
8,文山區,順興里,2016,立委,李慶元,無黨籍及未經政黨推薦,1714,4284,40.0093
8,文山區,順興里,2016,立委,賴樹聲,無黨籍及未經政黨推薦,27,4284,0.6303
8,文山區,順興里,2016,立委,苗博雅,綠黨社會民主黨聯盟,482,4284,11.2512
8,文山區,順興里,2016,立委,賴士葆,中國國民黨,1999,4284,46.662
8,文山區,順興里,2016,立委,陳如聖,台灣工黨,21,4284,0.4902
8,文山區,順興里,2016,立委,方景鈞,無黨籍及未經政黨推薦,41,4284,0.957
8,文山區,順興里,2016,總統,朱立倫,中國國民黨,1775,4362,40.6923
8,文山區,順興里,2016,總統,蔡英文,民主進步黨,2051,4362,47.0197
8,文山區,順興里,2016,總統,宋楚瑜,親民黨,536,4362,12.2879
8,文山區,順興里,2018,市長,吳蕚洋,無黨籍及未經政黨推薦,23,4218,0.5453
8,文山區,順興里,2018,市長,丁守中,中國國民黨,1876,4218,44.4761
8,文山區,順興里,2018,市長,姚文智,民主進步黨,636,4218,15.0782
8,文山區,順興里,2018,市長,柯文哲,無黨籍及未經政黨推薦,1668,4218,39.5448
8,文山區,順興里,2018,市長,李錫錕,無黨籍及未經政黨推薦,15,4218,0.3556
8,文山區,順興里,2020,立委,蕭曉玲,喜樂島聯盟,9,4770,0.1887
8,文山區,順興里,2020,立委,華珮君,台灣動物保護黨,196,4770,4.109
8,文山區,順興里,2020,立委,彭子軒,無黨籍及未經政黨推薦,28,4770,0.587
8,文山區,順興里,2020,立委,柯士翎,綠黨,40,4770,0.8386
8,文山區,順興里,2020,立委,阮昭雄,民主進步黨,1772,4770,37.1488
8,文山區,順興里,2020,立委,賴士葆,中國國民黨,2248,4770,47.1279
8,文山區,順興里,2020,立委,顏銘緯,台灣基進,109,4770,2.2851
8,文山區,順興里,2020,立委,李文,無黨籍及未經政黨推薦,27,4770,0.566
8,文山區,順興里,2020,立委,張幸松,台灣民眾黨,341,4770,7.1488
8,文山區,順興里,2020,總統,宋楚瑜,親民黨,218,4806,4.536
8,文山區,順興里,2020,總統,韓國瑜,中國國民黨,2215,4806,46.0882
8,文山區,順興里,2020,總統,蔡英文,民主進步黨,2373,4806,49.3758
8,文山區,順興里,2022,市長,張家豪,台灣動物保護黨,9,4124,0.2182
8,文山區,順興里,2022,市長,王文娟,無黨籍及未經政黨推薦,1,4124,0.0242
8,文山區,順興里,2022,市長,鄭匡宇,無黨籍及未經政黨推薦,1,4124,0.0242
8,文山區,順興里,2022,市長,黃聖峰,台澎黨,2,4124,0.0485
8,文山區,順興里,2022,市長,童文薰,無黨籍及未經政黨推薦,7,4124,0.1697
8,文山區,順興里,2022,市長,蔣萬安,中國國民黨,1902,4124,46.1203
8,文山區,順興里,2022,市長,蘇煥智,台灣維新,9,4124,0.2182
8,文山區,順興里,2022,市長,黃珊珊,無黨籍及未經政黨推薦,1112,4124,26.9641
8,文山區,順興里,2022,市長,施奉先,無黨籍及未經政黨推薦,2,4124,0.0485
8,文山區,順興里,2022,市長,唐新民,共和黨,0,4124,0.0
8,文山區,順興里,2022,市長,謝立康,無黨籍及未經政黨推薦,1,4124,0.0242
8,文山區,順興里,2022,市長,陳時中,民主進步黨,1078,4124,26.1397
8,文山區,順興里,2024,立委,劉佩玲,台灣維新,24,4496,0.5338
8,文山區,順興里,2024,立委,賴士葆,中國國民黨,2046,4496,45.5071
8,文山區,順興里,2024,立委,王閔生,民主進步黨,1577,4496,35.0756
8,文山區,順興里,2024,立委,賴宣任,小民參政歐巴桑聯盟,125,4496,2.7802
8,文山區,順興里,2024,立委,夏萬浪,無黨籍及未經政黨推薦,9,4496,0.2002
8,文山區,順興里,2024,立委,張其祿,台灣民眾黨,710,4496,15.7918
8,文山區,順興里,2024,立委,張維學,無黨籍及未經政黨推薦,4,4496,0.089
8,文山區,順興里,2024,立委,胡之壯,興中同盟會,1,4496,0.0222
8,文山區,順興里,2024,總統,柯文哲,台灣民眾黨,1248,4592,27.1777
8,文山區,順興里,2024,總統,賴清德,民主進步黨,1479,4592,32.2082
8,文山區,順興里,2024,總統,侯友宜,中國國民黨,1865,4592,40.6141
