選區,行政區,里,2014市長｜陳汝斌,2014市長｜趙衍慶,2014市長｜李宏信,2014市長｜陳永昌,2014市長｜馮光遠,2014市長｜連勝文,2014市長｜柯文哲,2016立委｜高士恩,2016立委｜潘建志,2016立委｜林新凱,2016立委｜趙燕傑,2016立委｜邱正浩,2016立委｜陳科引,2016立委｜李晏榕,2016立委｜李成嶽,2016立委｜黃麗香,2016立委｜蔣萬安,2016總統｜朱立倫,2016總統｜蔡英文,2016總統｜宋楚瑜,2018市長｜吳蕚洋,2018市長｜丁守中,2018市長｜姚文智,2018市長｜柯文哲,2018市長｜李錫錕,2020立委｜何景榮,2020立委｜吳怡農,2020立委｜田方宇,2020立委｜蔣萬安,2020總統｜宋楚瑜,2020總統｜韓國瑜,2020總統｜蔡英文,2022市長｜張家豪,2022市長｜王文娟,2022市長｜鄭匡宇,2022市長｜黃聖峰,2022市長｜童文薰,2022市長｜蔣萬安,2022市長｜蘇煥智,2022市長｜黃珊珊,2022市長｜施奉先,2022市長｜唐新民,2022市長｜謝立康,2022市長｜陳時中,2023立委｜吳怡農,2023立委｜王鴻薇,2023立委｜蕭赫麟,2024立委｜余新造,2024立委｜陳源發,2024立委｜謝佩芬,2024立委｜高士恩,2024立委｜王鴻薇,2024立委｜楊時睿,2024立委｜陳一郎,2024總統｜柯文哲,2024總統｜賴清德,2024總統｜侯友宜,2016立委｜陳家宏,2016立委｜范雲,2016立委｜龎維良,2016立委｜趙衍慶,2016立委｜林珍妤,2016立委｜周芳如,2016立委｜蔣慰慈,2016立委｜鄭村棋,2016立委｜曾獻瑩,2016立委｜蔣乃辛,2016立委｜古文發,2016立委｜吳旭智,2020立委｜沈宜璇,2020立委｜楊攸凱,2020立委｜林奕華,2020立委｜蕭瑞麟,2020立委｜羅世晧,2020立委｜謝佩芬,2020立委｜黃典本,2020立委｜孟藹倫,2020立委｜張余健,2020立委｜葉日勤,2024立委｜張雪卿,2024立委｜苗博雅,2024立委｜崔建章,2024立委｜羅智強,2024立委｜朱翊銘,2016立委｜林文傑,2016立委｜呂欣潔,2016立委｜詹益正,2016立委｜蘇承英,2016立委｜范揚律,2016立委｜林芷芬,2016立委｜費鴻泰,2016立委｜楊實秋,2020立委｜王映心,2020立委｜蔡宜芳,2020立委｜費鴻泰,2020立委｜許淑華,2020立委｜蘇伊文,2024立委｜李承龍,2024立委｜徐巧芯,2024立委｜羅丹,2024立委｜陳韋安,2024立委｜許淑華,2016立委｜李慶元,2016立委｜賴樹聲,2016立委｜苗博雅,2016立委｜賴士葆,2016立委｜陳如聖,2016立委｜方景鈞,2020立委｜蕭曉玲,2020立委｜華珮君,2020立委｜彭子軒,2020立委｜柯士翎,2020立委｜阮昭雄,2020立委｜賴士葆,2020立委｜顏銘緯,2020立委｜李文,2020立委｜張幸松,2024立委｜劉佩玲,2024立委｜賴士葆,2024立委｜王閔生,2024立委｜賴宣任,2024立委｜夏萬浪,2024立委｜張其祿,2024立委｜張維學,2024立委｜胡之壯
3,中山區,下埤里,0.0429,0.7937,0.1716,0.1287,0.5363,35.4569,62.87,0.2227,44.4321,0.5345,0.1782,0.1559,0.735,12.9844,0.245,0.2227,40.2895,31.9,57.986,10.1141,0.276,36.1316,21.0212,42.1573,0.414,2.6353,50.01,0.4991,46.8557,5.006,36.6508,58.3433,0.2653,0.0241,0.0,0.0,0.1447,40.7381,0.193,22.4071,0.0,0.0,0.0,36.2277,54.6512,44.8401,0.5087,0.2176,1.0446,49.8368,0.1306,47.8564,0.5658,0.3482,22.7658,42.5879,34.6463,,,,,,,,,,,,,,,,,,,,,,,,,,,,,,,,,,,,,,,,,,,,,,,,,,,,,,,,,,,,,,,,,,,,
3,中山區,中原里,0.0651,0.7487,0.1953,0.1628,0.293,35.612,62.9232,0.2728,45.2438,0.1705,0.1364,0.0682,0.8865,12.8878,0.3069,0.3409,39.6863,31.754,59.039,9.207,0.067,35.5347,22.8629,41.2001,0.3352,2.9499,51.3569,0.531,45.1622,4.0481,36.345,59.6069,0.2125,0.0354,0.0708,0.0354,0.3187,39.3768,0.1416,20.8924,0.0,0.0,0.0,38.9164,55.0592,44.4026,0.5382,0.2337,1.0017,52.1536,0.2003,45.0083,0.601,0.8013,19.5926,46.0071,34.4003,,,,,,,,,,,,,,,,,,,,,,,,,,,,,,,,,,,,,,,,,,,,,,,,,,,,,,,,,,,,,,,,,,,,
3,中山區,中吉里,0.1208,0.7548,0.2717,0.0,0.4831,31.7633,66.6063,0.3153,47.6986,0.4729,0.1576,0.2837,1.0404,12.7049,0.1576,0.4729,36.6961,28.1694,62.1831,9.6475,0.3022,31.9678,23.7408,43.6199,0.3694,2.4356,52.9675,0.6159,43.981,4.3321,34.5182,61.1497,0.0999,0.0,0.0,0.0,0.1664,36.1518,0.0999,24.0013,0.0333,0.0,0.0666,39.3808,57.7298,41.8079,0.4622,0.6356,1.2409,52.724,0.0605,43.9467,0.8475,0.5448,23.3363,45.236,31.4277,,,,,,,,,,,,,,,,,,,,,,,,,,,,,,,,,,,,,,,,,,,,,,,,,,,,,,,,,,,,,,,,,,,,
3,中山區,中央里,0.0464,0.8349,0.4174,0.0928,0.3247,38.2189,60.0649,0.2473,40.8506,0.3956,0.3956,0.2967,2.275,10.9792,0.2967,0.2967,43.9664,34.2691,54.8403,10.8906,0.3906,36.5723,17.5293,45.166,0.3418,2.8948,47.4244,0.6386,49.0421,3.6974,39.609,56.6936,0.1485,0.0,0.0495,0.0,0.297,40.4455,0.198,23.7624,0.0,0.0495,0.0,35.0495,50.5873,48.9428,0.4699,0.3191,1.0939,48.2224,0.1367,48.7238,0.9572,0.5469,22.8597,42.2771,34.8632,,,,,,,,,,,,,,,,,,,,,,,,,,,,,,,,,,,,,,,,,,,,,,,,,,,,,,,,,,,,,,,,,,,,
3,中山區,中山里,0.1728,1.2093,0.0864,0.0576,0.4607,36.9997,61.0135,0.8567,39.3796,0.6204,0.2363,0.384,0.7681,15.3028,0.384,0.384,41.6839,33.7057,55.7766,10.5177,0.4758,36.7478,20.0952,42.0095,0.6717,2.9626,47.4489,0.7289,48.8596,4.869,39.2302,55.9008,0.1424,0.0854,0.0,0.0285,0.2279,42.8653,0.2279,22.1589,0.057,0.0,0.0285,34.1783,50.2793,48.9292,0.7914,0.4974,1.4424,46.6799,0.1741,49.7637,0.7461,0.6963,24.8027,39.9904,35.2069,,,,,,,,,,,,,,,,,,,,,,,,,,,,,,,,,,,,,,,,,,,,,,,,,,,,,,,,,,,,,,,,,,,,
3,中山區,中庄里,0.0336,0.6052,0.1681,0.0336,0.5044,34.2972,64.3578,0.5691,43.6893,0.4687,0.1339,0.3348,0.9709,14.2283,0.2678,0.4017,38.9354,30.128,58.8119,11.0601,0.441,32.5983,23.0062,43.2929,0.6615,3.0628,52.8331,0.3063,43.7979,4.4444,34.7336,60.8219,0.1864,0.0,0.0,0.0373,0.1864,37.9195,0.0,21.9239,0.0373,0.0,0.0746,39.6346,57.1511,42.5594,0.2895,0.1002,1.1026,52.4223,0.1002,44.9048,0.8019,0.568,22.5921,45.5721,31.8358,,,,,,,,,,,,,,,,,,,,,,,,,,,,,,,,,,,,,,,,,,,,,,,,,,,,,,,,,,,,,,,,,,,,
3,中山區,劍潭里,0.2287,1.6011,0.1372,0.0915,0.5947,68.161,29.1857,0.3742,15.7156,0.1871,0.2339,0.1871,0.4677,7.1562,0.421,0.421,74.8363,63.5695,23.965,12.4655,0.199,65.5224,5.7214,28.0597,0.4975,1.7014,20.7997,0.8507,76.6482,4.4416,68.1472,27.4112,0.0964,0.0482,0.1446,0.0,0.3857,68.0328,0.1446,18.6114,0.0,0.1446,0.0,12.3915,19.8435,79.5875,0.569,0.3242,0.8337,21.6304,0.0,76.1,0.6948,0.4169,21.81,19.0498,59.1403,,,,,,,,,,,,,,,,,,,,,,,,,,,,,,,,,,,,,,,,,,,,,,,,,,,,,,,,,,,,,,,,,,,,
3,中山區,力行里,0.0887,0.7685,0.0591,0.2069,0.5912,33.7275,64.5581,0.1787,43.0146,0.5064,0.1489,0.2383,1.0426,13.7325,0.1787,0.1489,40.8102,32.4316,57.8065,9.7618,0.5127,36.4596,21.4415,41.345,0.2413,2.5635,50.736,0.5838,46.1168,3.8842,37.9792,58.1366,0.1502,0.0,0.0,0.0,0.4805,39.4895,0.1201,22.4024,0.0,0.03,0.0,37.3273,53.2567,46.3123,0.431,0.3573,1.017,48.9005,0.055,48.7905,0.6322,0.2474,20.3217,43.941,35.7373,,,,,,,,,,,,,,,,,,,,,,,,,,,,,,,,,,,,,,,,,,,,,,,,,,,,,,,,,,,,,,,,,,,,
3,中山區,北安里,0.1814,0.8464,0.0605,0.0605,0.9069,49.2745,48.6699,0.1312,28.8058,0.2625,0.0656,0.2625,0.5906,12.2047,0.3281,0.0656,57.2835,45.7956,43.1436,11.0608,0.3232,47.382,13.1222,38.914,0.2586,2.3823,37.9431,0.7554,58.9192,3.4702,48.6987,47.8311,0.1404,0.0,0.0,0.0,0.0702,51.0877,0.0702,21.2632,0.0,0.0,0.0,27.3684,38.4275,60.6866,0.8859,0.3979,0.5968,38.3289,0.0663,59.4828,0.5305,0.5968,20.7985,35.2222,43.9794,,,,,,,,,,,,,,,,,,,,,,,,,,,,,,,,,,,,,,,,,,,,,,,,,,,,,,,,,,,,,,,,,,,,
3,中山區,圓山里,0.0817,0.98,0.1633,0.0817,0.3675,36.668,61.6578,0.2155,41.8966,0.4741,0.2155,0.1293,0.7328,13.5345,0.5603,0.6897,41.5517,31.7279,57.5834,10.6886,0.4774,36.1111,21.2674,41.7969,0.3472,2.9951,50.2059,0.9734,45.8255,5.4699,37.6652,56.8649,0.0921,0.0,0.046,0.0,0.2302,40.4696,0.2302,23.5267,0.0,0.1381,0.0,35.267,54.3247,45.3718,0.3035,0.293,1.2558,50.0209,0.1256,46.756,1.0046,0.5442,23.5176,42.7484,33.734,,,,,,,,,,,,,,,,,,,,,,,,,,,,,,,,,,,,,,,,,,,,,,,,,,,,,,,,,,,,,,,,,,,,
3,中山區,埤頭里,0.1468,1.0768,0.1958,0.0,0.3916,40.8223,57.3666,0.6098,39.939,0.4573,0.2033,0.3049,0.6098,12.5,0.1524,0.3049,44.9187,37.1782,53.9604,8.8614,0.4134,40.0517,18.2429,40.6718,0.6202,3.188,47.398,0.7501,48.6639,3.8803,40.907,55.2127,0.0568,0.0,0.0568,0.0,0.1136,43.8955,0.1704,21.6354,0.0,0.0,0.0,34.0716,47.1733,52.1779,0.6487,0.3099,1.1364,44.8347,0.0517,52.0145,0.9814,0.6715,20.5957,39.8788,39.5255,,,,,,,,,,,,,,,,,,,,,,,,,,,,,,,,,,,,,,,,,,,,,,,,,,,,,,,,,,,,,,,,,,,,
3,中山區,大佳里,0.1493,0.597,0.1493,0.2985,0.2985,24.7761,73.7313,0.3241,54.1329,0.6483,0.1621,0.3241,0.3241,13.128,0.0,0.1621,30.7942,18.5714,72.5397,8.8889,0.659,28.0066,33.7727,37.0675,0.4942,3.1674,57.4661,0.6033,38.7632,4.4843,27.8027,67.713,0.0,0.0,0.0,0.0,0.3604,33.6937,0.0,20.3604,0.0,0.0,0.0,45.5856,68.4564,30.8725,0.6711,0.5859,1.5625,59.9609,0.1953,36.3281,0.9766,0.3906,22.0974,53.3708,24.5318,,,,,,,,,,,,,,,,,,,,,,,,,,,,,,,,,,,,,,,,,,,,,,,,,,,,,,,,,,,,,,,,,,,,
3,中山區,大直里,0.1259,1.241,0.2338,0.2158,0.6115,43.0755,54.4964,0.1844,35.9698,0.1659,0.1106,0.1291,0.8665,12.7397,0.4425,0.1844,49.2072,41.4359,48.1232,10.441,0.4989,42.5065,15.7853,40.9499,0.2594,2.4353,42.6342,0.7031,54.2274,4.473,44.7986,50.7284,0.1244,0.0207,0.0207,0.0,0.2488,47.1283,0.1037,22.1439,0.0207,0.0622,0.0,30.1265,43.2792,56.1688,0.5519,0.3686,1.2027,42.192,0.1746,54.646,0.7759,0.6402,22.2851,36.6704,41.0445,,,,,,,,,,,,,,,,,,,,,,,,,,,,,,,,,,,,,,,,,,,,,,,,,,,,,,,,,,,,,,,,,,,,
3,中山區,康樂里,0.0689,0.9649,0.2757,0.1378,0.4135,41.213,56.9263,0.5702,36.7783,1.1404,0.0,0.4277,0.784,12.4733,0.3564,1.3542,46.1155,38.0282,50.3521,11.6197,0.4947,44.0989,18.0212,37.2438,0.1413,2.7557,41.8861,0.2449,55.1133,4.0435,46.2281,49.7284,0.144,0.0,0.0,0.0,0.216,48.5961,0.072,18.0706,0.0,0.0,0.0,32.9014,44.9886,54.6697,0.3417,0.3207,1.4112,43.4253,0.1924,53.6883,0.6414,0.3207,20.3704,38.8889,40.7407,,,,,,,,,,,,,,,,,,,,,,,,,,,,,,,,,,,,,,,,,,,,,,,,,,,,,,,,,,,,,,,,,,,,
3,中山區,復華里,0.0781,0.9375,0.1562,0.1953,0.1953,46.25,52.1875,0.1916,35.2242,0.4599,0.1916,0.0767,0.6899,10.8854,0.3066,0.0767,51.8973,41.2231,48.0559,10.721,0.538,43.3897,15.9108,39.8155,0.3459,2.1484,40.9198,0.6714,56.2605,3.7907,46.897,49.3123,0.1608,0.0402,0.0402,0.0,0.0402,47.2457,0.3217,23.4017,0.0804,0.0,0.0402,28.6289,43.0493,56.3101,0.6406,0.2178,0.9437,40.8348,0.1089,56.225,1.1252,0.5445,20.713,35.8289,43.4581,,,,,,,,,,,,,,,,,,,,,,,,,,,,,,,,,,,,,,,,,,,,,,,,,,,,,,,,,,,,,,,,,,,,
3,中山區,恆安里,0.1539,0.9234,0.1154,0.0385,0.3078,40.0539,58.4071,0.3642,39.2958,0.7285,0.2833,0.2428,0.5666,13.1526,0.2428,0.607,44.5164,34.9469,54.8996,10.1535,0.4699,37.5098,18.5983,42.9914,0.4307,2.9617,45.8902,0.4992,50.6489,4.1981,41.7842,54.0177,0.1525,0.0,0.0381,0.1144,0.2287,43.1186,0.0381,23.1414,0.0,0.0,0.0,33.1681,49.1089,50.429,0.462,0.4681,1.3373,45.7372,0.1672,50.9194,0.9361,0.4346,24.7006,38.977,36.3224,,,,,,,,,,,,,,,,,,,,,,,,,,,,,,,,,,,,,,,,,,,,,,,,,,,,,,,,,,,,,,,,,,,,
3,中山區,成功里,0.144,0.9217,0.0864,0.0576,0.5184,40.1498,58.1221,0.323,37.7569,0.323,0.0881,0.2055,0.323,15.2378,0.2055,0.1174,45.4198,37.4636,52.9155,9.621,0.5355,45.9696,16.2909,36.6404,0.5637,2.0494,45.7778,0.5679,51.6049,4.4802,40.9901,54.5297,0.0912,0.0304,0.0608,0.0304,0.0912,46.4416,0.2129,19.1606,0.0,0.0,0.0,33.8808,47.8782,51.7723,0.3495,0.3267,0.8168,45.957,0.0545,51.8922,0.4901,0.4628,19.9418,41.2854,38.7728,,,,,,,,,,,,,,,,,,,,,,,,,,,,,,,,,,,,,,,,,,,,,,,,,,,,,,,,,,,,,,,,,,,,
3,中山區,新喜里,0.0645,1.0323,0.129,0.1935,0.4194,32.871,65.2903,0.3576,45.2536,0.4226,0.0975,0.3576,0.8778,13.0039,0.3251,0.0975,39.2068,28.663,60.0834,11.2536,0.5542,32.5944,20.3672,45.9647,0.5196,3.1918,50.2489,0.2635,46.2958,5.1815,33.8115,61.007,0.074,0.0,0.037,0.037,0.1479,37.9438,0.074,24.2234,0.0,0.037,0.037,37.3891,57.6352,42.1272,0.2377,0.5047,1.1104,51.4132,0.0673,45.0202,1.0094,0.8748,25.7236,43.6423,30.6341,,,,,,,,,,,,,,,,,,,,,,,,,,,,,,,,,,,,,,,,,,,,,,,,,,,,,,,,,,,,,,,,,,,,
3,中山區,新庄里,0.0988,0.9881,0.2635,0.1647,0.7576,34.3215,63.4058,0.3804,44.5712,0.3458,0.2075,0.4149,0.657,12.9322,0.3458,0.2766,39.8686,31.2819,57.5655,11.1527,0.5411,34.9341,22.3876,41.8329,0.3044,3.1374,49.9543,0.4874,46.421,3.9709,37.1022,58.9269,0.1793,0.0717,0.0,0.0359,0.1435,40.6026,0.1076,22.4175,0.0,0.0,0.0,36.4419,55.2179,44.4954,0.2867,0.3438,1.1344,51.0485,0.1719,45.9952,0.7906,0.5156,23.7052,43.2603,33.0345,,,,,,,,,,,,,,,,,,,,,,,,,,,,,,,,,,,,,,,,,,,,,,,,,,,,,,,,,,,,,,,,,,,,
3,中山區,新生里,0.0653,0.8483,0.261,0.1958,0.6199,32.9853,65.0245,0.2413,47.3974,0.4137,0.2413,0.3102,0.5515,12.1682,0.2068,0.2068,38.2627,29.4993,60.5548,9.9459,0.419,34.0084,22.6257,42.5279,0.419,2.5424,51.4124,0.5022,45.543,3.6415,37.1304,59.2281,0.2299,0.0,0.0,0.0,0.1149,39.3103,0.0766,21.5326,0.0383,0.0,0.0,38.6973,56.105,43.5897,0.3053,0.1065,1.1001,50.8517,0.071,47.0192,0.3903,0.4613,21.0562,44.9588,33.9849,,,,,,,,,,,,,,,,,,,,,,,,,,,,,,,,,,,,,,,,,,,,,,,,,,,,,,,,,,,,,,,,,,,,
3,中山區,新福里,0.0332,0.8976,0.0997,0.133,0.4322,30.6516,67.7527,0.4833,49.8792,0.6213,0.2071,0.1381,0.932,11.5637,0.2416,0.3107,35.6231,26.3777,63.7769,9.8454,0.4221,31.5864,23.2501,44.3546,0.3869,2.4281,54.9161,0.2398,42.4161,3.9869,32.8474,63.1657,0.2565,0.0733,0.0,0.0,0.0733,34.9212,0.2931,23.3419,0.0,0.0,0.0733,40.9674,62.2355,37.4932,0.2713,0.5018,1.3048,54.0984,0.0335,42.556,0.736,0.7695,22.6482,46.3595,30.9923,,,,,,,,,,,,,,,,,,,,,,,,,,,,,,,,,,,,,,,,,,,,,,,,,,,,,,,,,,,,,,,,,,,,
3,中山區,晴光里,0.2032,1.0159,0.1016,0.2032,0.6095,40.1625,57.704,0.1803,38.7667,0.6131,0.2524,0.3967,0.6852,13.4511,0.1803,0.2524,45.2218,35.1865,52.9557,11.8578,0.1424,40.1566,17.7287,41.4738,0.4984,3.7504,45.2388,0.5567,50.4541,4.1751,42.882,52.9429,0.0723,0.0362,0.0,0.0362,0.3617,44.2315,0.0362,23.5443,0.0362,0.0,0.0,31.6456,48.0076,51.5497,0.4428,0.3783,1.1034,45.3972,0.0315,51.6078,0.7881,0.6936,23.6464,37.9933,38.3604,,,,,,,,,,,,,,,,,,,,,,,,,,,,,,,,,,,,,,,,,,,,,,,,,,,,,,,,,,,,,,,,,,,,
3,中山區,朱園里,0.2268,0.794,0.4537,0.0756,0.5671,35.3497,62.5331,0.2814,42.7653,0.6431,0.201,0.2412,0.9244,14.992,0.4019,0.2412,39.3087,30.7692,58.9744,10.2564,0.1998,35.6515,19.6643,44.1247,0.3597,4.4414,49.6071,0.5808,45.3707,7.5459,35.794,56.6601,0.1233,0.0,0.0822,0.0,0.1233,40.2795,0.0411,22.6058,0.0,0.0,0.0411,36.7037,53.0945,45.9935,0.9121,0.2598,0.7795,49.9258,0.0371,48.2183,0.3341,0.4454,21.087,43.8043,35.1087,,,,,,,,,,,,,,,,,,,,,,,,,,,,,,,,,,,,,,,,,,,,,,,,,,,,,,,,,,,,,,,,,,,,
3,中山區,朱崙里,0.1221,1.0379,0.2442,0.0,0.4884,37.9731,60.1343,0.4997,39.3504,0.4372,0.1249,0.1249,0.9369,13.8663,0.6246,0.2498,43.7851,34.2348,55.5009,10.2643,0.3681,36.8098,21.1043,41.2883,0.4294,3.4079,47.9766,0.4792,48.1363,4.1445,38.8417,57.0138,0.1808,0.0,0.0,0.0,0.2411,42.1338,0.2411,22.6643,0.0,0.0603,0.0603,34.4183,50.05,49.6503,0.2997,0.3236,0.4854,47.5189,0.0,50.4315,0.8091,0.4315,22.8796,41.3613,35.7592,,,,,,,,,,,,,,,,,,,,,,,,,,,,,,,,,,,,,,,,,,,,,,,,,,,,,,,,,,,,,,,,,,,,
3,中山區,朱馥里,0.0574,1.2052,0.2869,0.0287,0.3156,40.2869,57.8192,0.2741,38.5014,0.3351,0.1828,0.3046,1.0356,13.2501,0.3655,0.3046,45.4462,35.8998,53.6534,10.4469,0.4004,40.0062,17.0311,42.1928,0.3696,2.1987,46.5527,0.7329,50.5157,4.0683,41.0361,54.8956,0.3684,0.0,0.0,0.0,0.067,44.2398,0.1005,22.8064,0.0,0.0,0.0,32.418,49.775,49.7188,0.5062,0.5747,1.1192,45.3116,0.0907,51.7241,0.8469,0.3327,23.1905,39.2319,37.5775,,,,,,,,,,,,,,,,,,,,,,,,,,,,,,,,,,,,,,,,,,,,,,,,,,,,,,,,,,,,,,,,,,,,
3,中山區,松江里,0.0746,0.846,0.2239,0.1244,0.6469,35.8298,62.2543,0.2608,45.9051,0.5999,0.2608,0.1565,1.0433,11.085,0.2347,0.2347,40.2191,31.735,58.4687,9.7963,0.541,36.2186,20.449,42.521,0.2705,2.8149,50.4975,0.5096,46.1781,4.4938,36.7722,58.734,0.1497,0.0,0.0599,0.0,0.2396,40.1018,0.1797,23.8994,0.0,0.0,0.0299,35.3399,54.1667,45.6044,0.2289,0.2905,0.7924,49.8943,0.1057,47.6756,0.6075,0.6339,23.7275,43.0848,33.1877,,,,,,,,,,,,,,,,,,,,,,,,,,,,,,,,,,,,,,,,,,,,,,,,,,,,,,,,,,,,,,,,,,,,
3,中山區,正守里,0.1058,0.8466,0.1587,0.0529,0.4762,37.4603,60.8995,0.547,42.0131,0.3829,0.1094,0.547,1.0394,12.4726,0.1094,0.2188,42.5602,33.5865,55.7244,10.6891,0.38,38.4365,18.8925,41.7481,0.5429,2.9708,46.6219,0.3354,50.0719,5.1478,39.3708,55.4814,0.1082,0.0,0.0,0.0,0.3245,41.2115,0.0541,24.5538,0.0,0.0,0.0,33.748,48.8038,50.7177,0.4785,0.2021,1.2633,48.0546,0.2527,48.8125,0.9601,0.4548,22.7786,40.6971,36.5243,,,,,,,,,,,,,,,,,,,,,,,,,,,,,,,,,,,,,,,,,,,,,,,,,,,,,,,,,,,,,,,,,,,,
3,中山區,正得里,0.3443,0.8854,0.0,0.0984,0.6394,42.4004,55.6321,0.2501,39.0695,0.6003,0.3502,0.2501,0.8504,11.7559,0.3002,0.1501,46.4232,35.9611,53.4307,10.6083,0.3579,39.5706,17.3313,42.5358,0.2045,2.6441,45.6003,0.5635,51.192,3.3949,42.8449,53.7602,0.1049,0.0525,0.0,0.0,0.2099,43.2844,0.1049,22.8751,0.0,0.0,0.0,33.3683,48.407,51.1819,0.4111,0.3256,1.3488,44.2791,0.0465,52.6512,0.4651,0.8837,22.6577,39.3694,37.973,,,,,,,,,,,,,,,,,,,,,,,,,,,,,,,,,,,,,,,,,,,,,,,,,,,,,,,,,,,,,,,,,,,,
3,中山區,正義里,0.0359,0.6459,0.1794,0.1794,0.5382,40.7607,57.6606,0.3745,37.191,0.412,0.3745,0.2996,1.0487,14.6442,0.2622,0.5993,44.794,34.9854,52.3324,12.6822,0.4407,41.6085,17.04,40.3232,0.5876,3.7589,44.2684,0.6524,51.3203,4.775,42.7303,52.4946,0.1515,0.0758,0.0379,0.0,0.1515,45.5682,0.1515,21.2879,0.0758,0.0,0.0,32.5,47.9818,51.3021,0.7161,0.5061,1.0459,44.0621,0.1687,52.834,0.8772,0.5061,23.4724,38.0213,38.5063,,,,,,,,,,,,,,,,,,,,,,,,,,,,,,,,,,,,,,,,,,,,,,,,,,,,,,,,,,,,,,,,,,,,
3,中山區,民安里,0.143,0.822,0.1787,0.1072,0.7863,34.7391,63.2237,0.2657,45.351,0.5693,0.2277,0.4554,0.797,13.1309,0.2657,0.4934,38.444,30.4591,59.1639,10.377,0.4068,35.7618,22.892,40.6065,0.3328,3.5616,50.1712,0.4795,45.7877,4.0998,36.6245,59.2757,0.2489,0.0,0.0415,0.0415,0.2903,39.4027,0.083,20.4065,0.0,0.0,0.1244,39.3613,54.2799,45.4484,0.2717,0.3412,0.9098,50.4928,0.0758,47.2707,0.417,0.4928,21.7471,44.9318,33.321,,,,,,,,,,,,,,,,,,,,,,,,,,,,,,,,,,,,,,,,,,,,,,,,,,,,,,,,,,,,,,,,,,,,
3,中山區,永安里,0.1685,0.9174,0.1872,0.0749,0.4868,40.8912,57.2739,0.1537,38.4054,0.1921,0.0768,0.1153,0.4035,13.8329,0.4419,0.2498,46.1287,37.9858,52.1156,9.8985,0.2372,41.0834,17.7541,40.5299,0.3954,2.3475,45.8705,0.4969,51.2851,3.974,41.5896,54.4365,0.0999,0.0399,0.0599,0.02,0.2197,44.3779,0.0599,23.7468,0.02,0.02,0.0,31.3361,45.797,53.8294,0.3736,0.2741,0.6395,46.0077,0.0914,51.7632,0.676,0.5481,21.7438,39.2171,39.0391,,,,,,,,,,,,,,,,,,,,,,,,,,,,,,,,,,,,,,,,,,,,,,,,,,,,,,,,,,,,,,,,,,,,
3,中山區,江寧里,0.2194,1.0726,0.1706,0.1706,0.5119,38.5178,59.3369,0.228,40.8665,0.3547,0.2534,0.2787,0.5067,12.3892,0.1013,0.3294,44.6922,36.4339,54.1646,9.4015,0.5014,38.531,18.3003,42.2913,0.376,2.54,47.055,0.5474,49.8577,4.8663,39.1714,55.9623,0.1601,0.0534,0.0267,0.0,0.1334,43.5699,0.2935,21.238,0.0,0.0534,0.0,34.4717,49.1189,50.4405,0.4405,0.5108,1.2162,46.631,0.1216,50.45,0.6081,0.4622,22.1987,40.7015,37.0998,,,,,,,,,,,,,,,,,,,,,,,,,,,,,,,,,,,,,,,,,,,,,,,,,,,,,,,,,,,,,,,,,,,,
3,中山區,江山里,0.1095,0.6786,0.197,0.1532,0.3722,34.9387,63.5508,0.3621,46.1417,0.2942,0.181,0.2716,0.8147,11.9937,0.4526,0.1358,39.3528,31.5222,59.3399,9.1379,0.2601,35.9896,21.7309,41.7593,0.2601,2.4955,51.1974,0.6641,45.643,4.3705,37.1692,58.4603,0.0981,0.0245,0.0,0.0736,0.1962,39.7596,0.1226,20.9222,0.0245,0.0245,0.0245,38.7295,54.2479,45.2004,0.5517,0.2437,1.3295,50.3878,0.1108,46.8425,0.6426,0.4432,21.1252,44.751,34.1237,,,,,,,,,,,,,,,,,,,,,,,,,,,,,,,,,,,,,,,,,,,,,,,,,,,,,,,,,,,,,,,,,,,,
3,中山區,聚盛里,0.2911,1.0811,0.2079,0.0416,0.5821,42.0374,55.7588,0.3613,36.6757,0.8582,0.4065,0.4065,0.813,13.1888,0.6323,0.8582,45.7995,35.0831,52.4497,12.4672,0.5752,41.6814,19.3805,38.0088,0.354,2.6944,42.3018,0.6159,54.388,4.7402,44.9374,50.3223,0.2931,0.0489,0.0,0.0,0.1954,48.9985,0.0977,18.6615,0.0977,0.0489,0.0,31.5584,43.8611,55.5461,0.5927,0.3521,0.8803,42.6496,0.088,54.7535,0.7923,0.4842,23.507,37.3994,39.0936,,,,,,,,,,,,,,,,,,,,,,,,,,,,,,,,,,,,,,,,,,,,,,,,,,,,,,,,,,,,,,,,,,,,
3,中山區,聚葉里,0.0,0.8913,0.1337,0.0,0.5793,38.9483,59.4474,0.379,42.1127,0.7579,0.1895,0.1421,0.5211,12.8849,0.5685,1.1369,41.3074,32.5926,55.6481,11.7593,0.5032,37.237,19.8536,41.6743,0.7319,2.5979,49.8401,0.3197,47.2422,4.5615,38.4978,56.9406,0.1945,0.0,0.0,0.0,0.0972,42.5863,0.2431,21.1959,0.0,0.0,0.0,35.683,51.6373,47.5231,0.8396,0.3493,1.2227,48.1659,0.1747,48.7336,0.7424,0.6114,23.3641,41.1493,35.4866,,,,,,,,,,,,,,,,,,,,,,,,,,,,,,,,,,,,,,,,,,,,,,,,,,,,,,,,,,,,,,,,,,,,
3,中山區,興亞里,0.0658,0.7892,0.3617,0.1315,0.4275,33.4429,64.7813,0.263,41.9461,0.3945,0.263,0.2301,0.8218,12.6561,0.6575,0.4931,42.2748,31.8845,57.6062,10.5092,0.4094,34.4933,20.7097,44.1146,0.2729,3.2653,49.0379,0.5831,47.1137,4.5006,37.1661,58.3333,0.1029,0.0,0.0343,0.0,0.0686,40.3774,0.1372,22.2298,0.0,0.2401,0.0343,36.7753,52.8793,46.7885,0.3322,0.3673,0.9489,49.0358,0.1224,48.2094,0.6428,0.6734,20.8716,44.4708,34.6576,,,,,,,,,,,,,,,,,,,,,,,,,,,,,,,,,,,,,,,,,,,,,,,,,,,,,,,,,,,,,,,,,,,,
3,中山區,行仁里,0.1785,0.7933,0.0992,0.1587,0.476,32.9631,65.3312,0.381,46.8247,0.2964,0.1693,0.1482,0.7621,11.9602,0.2117,0.381,38.8654,28.9952,60.6016,10.4032,0.2394,33.2535,22.568,43.5038,0.4353,2.6178,52.2812,0.187,44.914,4.2354,34.8013,60.9633,0.0687,0.0229,0.0458,0.0229,0.0916,40.2749,0.1145,21.1684,0.0458,0.0,0.0229,38.1214,52.8174,46.5064,0.6762,0.2754,0.9322,51.1017,0.1059,46.4195,0.7839,0.3814,22.988,43.7268,33.2852,,,,,,,,,,,,,,,,,,,,,,,,,,,,,,,,,,,,,,,,,,,,,,,,,,,,,,,,,,,,,,,,,,,,
3,中山區,行孝里,0.0832,0.8735,0.0416,0.208,0.416,32.2795,66.0982,0.5179,45.9215,0.259,0.1295,0.0863,0.82,13.3794,0.4748,0.1295,38.2823,28.1409,61.8846,9.9745,0.517,32.6583,21.3701,45.153,0.3016,2.8302,51.4717,0.3774,45.3208,4.7991,33.7054,61.4955,0.2936,0.0,0.0,0.0419,0.1258,39.9748,0.1678,24.9581,0.0419,0.0,0.0,34.396,56.0876,43.5021,0.4104,0.4194,0.8006,51.0484,0.0,46.321,0.61,0.8006,26.5786,42.4009,31.0206,,,,,,,,,,,,,,,,,,,,,,,,,,,,,,,,,,,,,,,,,,,,,,,,,,,,,,,,,,,,,,,,,,,,
3,中山區,行政里,0.1673,0.9481,0.251,0.0837,0.5856,37.7022,60.2621,0.3209,41.832,0.5251,0.1167,0.4084,0.7876,12.1645,0.175,0.3209,43.3489,32.6431,56.3704,10.9865,0.2638,37.9836,20.6917,40.5627,0.4982,2.4843,47.3526,0.3764,49.7867,4.5716,39.0957,56.3328,0.3001,0.03,0.06,0.0,0.12,42.2269,0.2701,22.479,0.0,0.03,0.03,34.4538,51.9788,47.6834,0.3378,0.218,0.5451,48.242,0.0818,49.8228,0.8722,0.218,23.6786,40.7505,35.5708,,,,,,,,,,,,,,,,,,,,,,,,,,,,,,,,,,,,,,,,,,,,,,,,,,,,,,,,,,,,,,,,,,,,
3,中山區,金泰里,0.0504,1.0327,0.1763,0.2015,0.4282,42.3426,55.7683,0.1033,35.1833,0.826,0.2323,0.2581,0.8776,13.2421,0.3356,0.2323,48.7093,39.1789,49.5185,11.3026,0.4386,42.1827,13.9577,43.1373,0.2838,2.8731,42.217,0.6218,54.2882,5.6185,43.4523,50.9293,0.0749,0.0,0.0,0.025,0.0999,45.2821,0.0999,25.9361,0.025,0.025,0.025,28.4074,46.2789,53.5073,0.2139,0.2197,0.9668,42.4083,0.1099,54.4715,0.9009,0.9229,25.5215,36.5688,37.9097,,,,,,,,,,,,,,,,,,,,,,,,,,,,,,,,,,,,,,,,,,,,,,,,,,,,,,,,,,,,,,,,,,,,
3,中山區,集英里,0.0986,0.986,0.0493,0.0986,0.3944,33.3498,65.0234,0.4927,44.6317,0.5187,0.2853,0.3112,0.7521,14.7303,0.4409,0.7002,37.1369,28.8316,59.9899,11.1786,0.2417,32.3395,22.3207,44.5608,0.5372,3.5191,53.6657,0.6542,42.1611,4.819,33.4444,61.7366,0.1099,0.055,0.0,0.0,0.2198,36.1088,0.1374,24.5397,0.0,0.0,0.0275,38.8019,57.5399,41.7768,0.6834,0.649,0.7738,52.9206,0.2247,43.335,1.1732,0.9236,24.3973,45.2025,30.4002,,,,,,,,,,,,,,,,,,,,,,,,,,,,,,,,,,,,,,,,,,,,,,,,,,,,,,,,,,,,,,,,,,,,
3,中山區,龍洲里,0.0944,1.0381,0.1258,0.1887,0.8179,59.2325,38.5027,0.0661,22.6297,0.1982,0.2313,0.0991,0.5286,8.6885,0.4625,0.3634,66.7327,55.3129,32.8227,11.8644,0.398,55.7546,8.9884,34.4942,0.3648,2.2261,30.4042,0.5565,66.8131,4.4405,57.5811,37.9784,0.1383,0.0,0.0,0.0,0.0692,59.0249,0.0,20.6432,0.0346,0.0346,0.0,20.0553,28.5938,70.6771,0.7292,0.2265,0.6147,30.5403,0.0324,67.6804,0.4529,0.4529,22.0157,25.7323,52.252,,,,,,,,,,,,,,,,,,,,,,,,,,,,,,,,,,,,,,,,,,,,,,,,,,,,,,,,,,,,,,,,,,,,
3,松山區,三民里,0.0509,0.9424,0.1528,0.0764,0.3821,44.8039,53.5914,0.2333,35.2087,0.2074,0.1037,0.2333,0.8815,11.2004,0.2074,0.337,51.3871,42.1473,47.966,9.8867,0.2672,45.6051,15.1216,38.4985,0.5076,2.0786,42.9648,0.5025,54.4541,4.3866,45.9219,49.6916,0.0838,0.0559,0.0279,0.0,0.0838,47.639,0.0838,20.7879,0.0,0.0279,0.0279,31.1819,43.559,56.1519,0.289,0.201,0.427,41.7985,0.0251,56.6943,0.5275,0.3266,19.7754,37.4023,42.8223,,,,,,,,,,,,,,,,,,,,,,,,,,,,,,,,,,,,,,,,,,,,,,,,,,,,,,,,,,,,,,,,,,,,
3,松山區,中華里,0.0832,0.7767,0.111,0.1387,0.6657,44.2441,53.9806,0.2009,35.3802,0.2582,0.2296,0.2869,0.66,11.9082,0.4591,0.1722,50.4448,41.6997,47.8754,10.4249,0.457,44.9116,14.9299,39.3662,0.3352,2.1597,41.6625,0.8036,55.3742,4.3467,45.8656,49.7877,0.0604,0.0,0.0302,0.0302,0.0906,47.9928,0.0302,21.0383,0.0302,0.0,0.0302,30.6671,40.8776,58.9376,0.1848,0.2978,1.0287,39.9296,0.0541,57.3904,0.5143,0.7851,21.421,36.7406,41.8384,,,,,,,,,,,,,,,,,,,,,,,,,,,,,,,,,,,,,,,,,,,,,,,,,,,,,,,,,,,,,,,,,,,,
3,松山區,介壽里,0.0762,1.2962,0.1906,0.0762,0.6481,39.1155,58.597,0.2413,38.8018,0.4021,0.1608,0.2413,0.6836,13.9123,0.5629,0.1206,44.8733,36.244,54.2265,9.5295,0.5295,38.4521,17.6782,42.7291,0.611,2.2101,46.9565,0.5435,50.2899,3.7988,42.2214,53.9797,0.043,0.0,0.0,0.0,0.172,42.2796,0.043,23.4409,0.043,0.0,0.0,33.9785,48.4064,50.5976,0.996,0.2363,0.6302,46.7901,0.0788,50.8074,0.8271,0.6302,20.7308,41.7308,37.5385,,,,,,,,,,,,,,,,,,,,,,,,,,,,,,,,,,,,,,,,,,,,,,,,,,,,,,,,,,,,,,,,,,,,
3,松山區,安平里,0.1737,0.9265,0.1544,0.2316,1.023,37.5989,59.8919,0.3511,42.2759,0.3924,0.1859,0.2891,0.7848,11.9166,0.5989,0.4544,42.7509,34.6162,55.3372,10.0466,0.4683,37.4415,19.5828,42.1669,0.3406,3.1723,47.819,0.5588,48.4499,4.258,39.2921,56.4499,0.2821,0.0868,0.0217,0.0217,0.1953,41.4714,0.217,23.8715,0.0651,0.0,0.0,33.7674,49.3318,50.1485,0.5197,0.3071,1.0852,46.3964,0.0819,50.7781,0.6962,0.6552,24.2382,39.3154,36.4464,,,,,,,,,,,,,,,,,,,,,,,,,,,,,,,,,,,,,,,,,,,,,,,,,,,,,,,,,,,,,,,,,,,,
3,松山區,富泰里,0.0,1.0313,0.0737,0.1842,0.442,49.4291,48.8398,0.0782,30.2971,0.3518,0.1173,0.1173,0.9382,11.9625,0.1564,0.2346,55.7467,45.556,43.4783,10.9658,0.4626,48.8049,12.5289,37.7795,0.4241,1.8931,39.2228,0.631,58.2531,4.3189,49.5017,46.1794,0.1217,0.0406,0.1217,0.0,0.1623,51.8053,0.3245,21.0142,0.0,0.0406,0.0406,26.3286,37.4028,62.1185,0.4788,0.4829,0.7058,38.4844,0.0371,59.584,0.3715,0.3343,22.6797,33.4417,43.8787,,,,,,,,,,,,,,,,,,,,,,,,,,,,,,,,,,,,,,,,,,,,,,,,,,,,,,,,,,,,,,,,,,,,
3,松山區,富錦里,0.0663,1.0614,0.1327,0.1327,0.398,44.6434,53.5655,0.2063,35.2699,0.2406,0.1375,0.2406,0.6188,11.7222,0.4469,0.1031,51.0141,41.9289,48.5279,9.5431,0.5265,44.3664,15.1281,39.6279,0.351,2.1563,43.7556,0.4792,53.6089,4.3986,46.1101,49.4913,0.1764,0.0706,0.0353,0.0,0.0706,46.8243,0.2117,22.2653,0.0706,0.0,0.0,30.2752,43.8748,55.6395,0.4857,0.2305,0.7573,41.6859,0.0659,56.0751,0.7573,0.4281,22.5402,37.1061,40.3537,,,,,,,,,,,,,,,,,,,,,,,,,,,,,,,,,,,,,,,,,,,,,,,,,,,,,,,,,,,,,,,,,,,,
3,松山區,新東里,0.0346,1.3831,0.2766,0.0346,0.5187,40.5947,57.1577,0.1406,37.0475,0.4921,0.1054,0.1054,1.0193,12.3726,0.4921,0.3515,47.8735,38.4937,51.8131,9.6932,0.2116,41.6079,16.89,41.0437,0.2468,2.8449,44.9067,0.4589,51.7895,4.2137,43.6947,52.0916,0.0737,0.0,0.0,0.0,0.0369,45.5383,0.1106,22.7507,0.0,0.0,0.0369,31.4528,43.606,56.106,0.288,0.1672,0.8361,42.3746,0.0669,55.3177,0.6689,0.5686,22.7317,37.7236,39.5447,,,,,,,,,,,,,,,,,,,,,,,,,,,,,,,,,,,,,,,,,,,,,,,,,,,,,,,,,,,,,,,,,,,,
3,松山區,新益里,0.1,1.0,0.2333,0.0667,0.5667,39.7667,58.2667,0.3206,39.2946,0.1425,0.1781,0.1781,0.57,12.7538,0.2494,0.285,46.0278,36.7901,53.9683,9.2416,0.682,40.8471,18.3417,39.8062,0.323,2.4804,46.9974,0.5222,50.0,4.3238,40.8648,54.8114,0.0378,0.0378,0.0378,0.0,0.1512,44.0832,0.0,23.2514,0.0,0.0,0.0,32.4008,47.1815,52.4803,0.3382,0.1754,0.5612,44.0547,0.1754,54.0863,0.4911,0.456,22.1345,39.1215,38.744,,,,,,,,,,,,,,,,,,,,,,,,,,,,,,,,,,,,,,,,,,,,,,,,,,,,,,,,,,,,,,,,,,,,
3,松山區,東光里,0.1626,0.9522,0.1161,0.0929,0.6038,45.6572,52.4152,0.1949,34.7625,0.4141,0.1949,0.3654,0.5847,10.8648,0.5116,0.5359,51.5713,42.7236,47.1829,10.0935,0.35,45.725,16.325,37.35,0.25,2.5043,42.637,0.4495,54.4092,4.3089,45.9898,49.7014,0.1818,0.026,0.026,0.026,0.1039,47.7922,0.1818,21.7662,0.0,0.0,0.0,29.8961,41.5579,57.928,0.514,0.0716,0.8111,41.1975,0.1431,56.5363,0.6679,0.5725,21.0391,36.137,42.8239,,,,,,,,,,,,,,,,,,,,,,,,,,,,,,,,,,,,,,,,,,,,,,,,,,,,,,,,,,,,,,,,,,,,
3,松山區,東勢里,0.1165,1.1258,0.2329,0.2717,0.8152,39.441,57.9969,0.0412,38.1481,0.5761,0.0412,0.1646,0.4527,14.4444,0.535,0.2469,45.3498,37.5912,52.8386,9.5702,0.3028,40.8737,19.3772,39.1869,0.2595,2.7296,45.9978,0.6271,50.6455,4.1667,41.7035,54.1298,0.0878,0.0878,0.0,0.0439,0.1318,41.0628,0.0439,23.5837,0.0,0.0,0.0,34.9583,50.5882,49.2042,0.2076,0.1201,0.4804,46.4772,0.0801,51.5612,0.7206,0.5604,21.5891,41.0078,37.4031,,,,,,,,,,,,,,,,,,,,,,,,,,,,,,,,,,,,,,,,,,,,,,,,,,,,,,,,,,,,,,,,,,,,
3,松山區,東昌里,0.065,0.9747,0.13,0.065,0.4548,37.8817,60.4288,0.1983,40.1851,0.3305,0.0661,0.1322,0.4627,12.6239,0.2644,0.3966,45.3404,36.3165,54.6693,9.0143,0.7609,36.3348,18.3259,44.1978,0.3805,1.8354,49.4375,1.0065,47.7205,4.669,37.8842,57.4468,0.0,0.1411,0.0,0.0,0.0706,41.1433,0.1411,24.2061,0.0,0.0,0.0,34.2978,52.043,46.9892,0.9677,0.0674,0.876,47.6415,0.0674,49.6631,0.6739,1.0108,21.7815,42.5878,35.6307,,,,,,,,,,,,,,,,,,,,,,,,,,,,,,,,,,,,,,,,,,,,,,,,,,,,,,,,,,,,,,,,,,,,
3,松山區,東榮里,0.0218,1.0896,0.2179,0.0436,0.6319,41.4687,56.5265,0.2227,37.8174,0.3118,0.2227,0.1114,0.8463,12.3831,0.5122,0.1336,47.4388,39.4621,52.2266,8.3113,0.3767,42.0768,17.9656,39.3925,0.1884,2.0833,46.855,0.5409,50.5208,3.4751,43.3992,53.1256,0.1903,0.0476,0.0,0.0,0.1428,43.3976,0.0952,21.3895,0.0,0.0,0.0476,34.6895,49.0546,50.4552,0.4902,0.1504,0.4942,46.734,0.0215,51.4396,0.5801,0.5801,20.6724,41.5118,37.8158,,,,,,,,,,,,,,,,,,,,,,,,,,,,,,,,,,,,,,,,,,,,,,,,,,,,,,,,,,,,,,,,,,,,
3,松山區,松基里,0.045,0.9905,0.09,0.1801,0.2251,39.4867,58.9824,0.2934,38.533,0.5868,0.1467,0.1467,0.7335,14.2298,0.2445,0.2445,44.8411,36.2755,55.0436,8.6809,0.4548,39.8686,18.5953,40.4245,0.6569,2.0851,47.4043,0.7234,49.7872,4.1171,40.8319,55.0509,0.1548,0.1032,0.0,0.0,0.2064,43.2405,0.0516,20.5366,0.0,0.0516,0.0,35.6553,48.8976,50.7087,0.3937,0.2366,0.7572,48.3199,0.142,49.4558,0.5206,0.5679,19.7131,42.9894,37.2975,,,,,,,,,,,,,,,,,,,,,,,,,,,,,,,,,,,,,,,,,,,,,,,,,,,,,,,,,,,,,,,,,,,,
3,松山區,民有里,0.0783,0.7246,0.1763,0.0783,0.5875,40.0313,58.3235,0.0596,40.5604,0.318,0.159,0.1987,0.6757,11.3871,0.4968,0.1987,45.9459,37.2861,53.176,9.5379,0.4212,39.29,19.7353,40.1524,0.4011,2.2916,48.8278,0.3878,48.4929,3.9247,39.8803,56.195,0.1242,0.0207,0.0,0.0,0.2276,40.5215,0.1242,22.144,0.0,0.0,0.0207,36.8171,52.0123,47.8648,0.1229,0.1694,0.6963,48.1558,0.0941,50.0,0.4516,0.4328,19.1388,43.7615,37.0997,,,,,,,,,,,,,,,,,,,,,,,,,,,,,,,,,,,,,,,,,,,,,,,,,,,,,,,,,,,,,,,,,,,,
3,松山區,民福里,0.0771,1.2333,0.2312,0.2055,0.4882,47.9188,49.8458,0.1822,32.7173,0.4685,0.1301,0.3123,0.8589,9.7085,0.3904,0.1301,55.1015,44.1602,43.876,11.9638,0.2712,47.6539,15.5682,35.9913,0.5153,2.0231,38.5321,0.6351,58.8097,4.3612,48.9156,46.7232,0.2315,0.0289,0.0,0.0,0.2894,51.0995,0.1736,20.0231,0.0579,0.0,0.0579,28.0382,37.9077,61.457,0.6353,0.158,0.7899,38.4676,0.1053,59.2154,0.6582,0.6056,21.5095,33.5137,44.9768,,,,,,,,,,,,,,,,,,,,,,,,,,,,,,,,,,,,,,,,,,,,,,,,,,,,,,,,,,,,,,,,,,,,
3,松山區,精忠里,0.0411,1.3963,0.2053,0.1643,0.9035,44.9692,52.3203,0.1672,34.3645,0.3344,0.1672,0.1672,0.4599,11.4548,0.7107,0.2926,51.8813,42.0403,47.8404,10.1193,0.3391,42.9419,17.4226,39.0844,0.212,1.6129,44.4648,0.5499,53.3724,3.6264,45.348,51.0256,0.2619,0.0436,0.0873,0.0,0.1309,45.6133,0.2182,22.8721,0.0436,0.0,0.0,30.7289,42.8386,56.7077,0.4537,0.1601,0.8807,42.1537,0.04,55.5645,0.5204,0.6805,20.1093,37.7196,42.171,,,,,,,,,,,,,,,,,,,,,,,,,,,,,,,,,,,,,,,,,,,,,,,,,,,,,,,,,,,,,,,,,,,,
3,松山區,自強里,0.0885,1.8053,0.177,0.0354,0.8142,65.1681,31.9115,0.2517,17.7274,0.1798,0.0899,0.1618,0.5214,8.4142,0.4495,0.3955,71.8087,60.9682,26.8131,12.2186,0.4638,59.7217,6.493,32.9468,0.3746,2.2069,26.9056,0.5948,70.2927,4.4975,61.7246,33.7779,0.0805,0.0604,0.0201,0.0,0.2012,63.393,0.2012,20.9298,0.0402,0.0402,0.0,15.0332,22.251,77.1445,0.6045,0.1641,0.8023,24.6718,0.0729,73.1218,0.6382,0.5288,21.8538,20.7665,57.3797,,,,,,,,,,,,,,,,,,,,,,,,,,,,,,,,,,,,,,,,,,,,,,,,,,,,,,,,,,,,,,,,,,,,
3,松山區,莊敬里,0.123,1.5063,0.2152,0.1537,0.6456,44.5128,52.8435,0.2945,33.7042,0.4254,0.1636,0.4581,0.8835,11.7801,0.4254,0.1963,51.6688,40.2956,47.5578,12.1465,0.267,43.6916,16.4887,38.8852,0.6676,2.5589,41.3202,0.6688,55.4522,5.0203,45.1248,49.8549,0.0716,0.0716,0.0,0.0358,0.179,48.1389,0.1432,22.083,0.0358,0.0358,0.0,29.2054,42.9064,56.5192,0.5744,0.2975,0.9256,39.7355,0.0331,57.719,0.595,0.6942,24.139,34.4707,41.3903,,,,,,,,,,,,,,,,,,,,,,,,,,,,,,,,,,,,,,,,,,,,,,,,,,,,,,,,,,,,,,,,,,,,
3,松山區,鵬程里,0.0304,1.5825,0.2739,0.0304,0.5173,52.252,45.3135,0.2531,29.5792,0.3796,0.2847,0.1898,0.4745,10.9459,0.6011,0.2847,57.0073,46.6397,41.257,12.1033,0.1932,49.6296,12.1739,37.5845,0.4187,2.4418,37.0194,0.4491,60.0898,4.207,50.4567,45.3363,0.2138,0.0713,0.0,0.0,0.1426,50.6058,0.1069,22.6657,0.0356,0.0,0.0,26.1582,37.2093,62.5,0.2907,0.2391,0.7855,37.6708,0.0683,60.1776,0.7855,0.2732,23.634,32.686,43.6801,,,,,,,,,,,,,,,,,,,,,,,,,,,,,,,,,,,,,,,,,,,,,,,,,,,,,,,,,,,,,,,,,,,,
3,松山區,龍田里,0.1058,1.6044,0.2116,0.1587,0.5289,55.8709,41.5197,0.2591,24.5374,0.3886,0.2221,0.0925,0.5366,10.5848,0.6107,0.2036,62.5648,53.8054,35.846,10.3486,0.3523,54.237,8.8633,36.1394,0.4079,2.0875,33.0447,0.5721,64.2957,4.7582,55.0904,40.1514,0.0727,0.0364,0.0182,0.0182,0.1273,54.2727,0.1636,23.7091,0.0364,0.0364,0.0,21.5091,31.4101,68.1959,0.394,0.2266,0.7123,32.8638,0.1457,65.0316,0.4857,0.5342,23.0878,28.4971,48.4151,,,,,,,,,,,,,,,,,,,,,,,,,,,,,,,,,,,,,,,,,,,,,,,,,,,,,,,,,,,,,,,,,,,,
6,大安區,仁愛里,0.1075,0.6093,0.0717,0.1075,0.7168,49.8566,48.5305,,,,,,,,,,,43.8712,47.2375,8.8913,0.3475,46.9112,17.722,34.6718,0.3475,,,,,3.2226,48.2377,48.5398,0.0417,0.0,0.0417,0.0,0.0417,48.125,0.0,18.0833,0.0833,0.0,0.0,33.5833,,,,,,,,,,,14.85,40.8193,44.3307,1.3673,37.2506,1.0347,1.3304,0.85,2.6238,0.4435,3.7324,2.1803,45.7502,0.2217,3.2151,0.2379,0.3399,52.3453,0.17,0.3399,43.8477,0.102,1.7335,0.2039,0.6798,0.6029,45.893,1.2057,52.1477,0.1507,,,,,,,,,,,,,,,,,,,,,,,,,,,,,,,,,,,,,,,,,
6,大安區,仁慈里,0.0346,1.1407,0.1728,0.1383,0.5185,40.8918,57.1034,,,,,,,,,,,39.7864,51.0506,9.1629,0.1838,42.7206,16.7279,40.0735,0.2941,,,,,3.9246,42.4703,53.6051,0.1114,0.0,0.0742,0.0,0.1114,41.1656,0.0371,23.608,0.0742,0.0,0.0,34.8181,,,,,,,,,,,19.5298,42.7273,37.7429,1.6632,40.2287,1.0395,2.3909,0.797,2.876,0.104,3.9501,2.079,40.7831,0.2079,3.8808,0.8042,0.4021,48.1905,0.2165,0.3402,47.1079,0.0,1.8868,0.433,0.6186,0.3559,50.2426,1.1,48.0104,0.2912,,,,,,,,,,,,,,,,,,,,,,,,,,,,,,,,,,,,,,,,,
6,大安區,住安里,0.1371,1.2337,0.2399,0.1714,0.4455,47.0185,50.7539,,,,,,,,,,,42.6471,46.5686,10.7843,0.3656,47.1664,16.8556,35.1737,0.4388,,,,,3.6942,49.1166,47.1892,0.2445,0.0,0.0407,0.0,0.2852,48.1255,0.0407,22.3716,0.0,0.0407,0.0,28.8509,,,,,,,,,,,20.4885,33.8195,45.692,1.1099,33.5124,1.2531,2.005,0.9667,3.3656,0.2506,3.2581,2.6137,46.8672,0.2148,4.5829,0.5867,0.5867,53.292,0.2934,0.4889,41.3299,0.0652,2.1838,0.2934,0.8801,0.6655,42.4869,0.9457,55.6918,0.2102,,,,,,,,,,,,,,,,,,,,,,,,,,,,,,,,,,,,,,,,,
6,大安區,光信里,0.0881,0.7926,0.1321,0.1101,0.5724,46.037,52.2677,,,,,,,,,,,41.798,48.2391,9.9629,0.2674,45.2844,15.9212,38.211,0.316,,,,,4.1561,46.1196,49.7243,0.1023,0.0256,0.0,0.0,0.0767,46.3683,0.1023,22.6343,0.0256,0.0512,0.0,30.6138,,,,,,,,,,,19.5824,37.5406,42.877,1.2929,35.9897,1.1519,2.0216,1.2459,3.0089,0.3526,4.3488,2.9384,43.653,0.0705,3.9257,0.7971,0.7109,51.4003,0.3016,0.3878,43.5373,0.1077,1.7449,0.2154,0.7971,0.4513,45.0594,1.2827,52.7553,0.4513,,,,,,,,,,,,,,,,,,,,,,,,,,,,,,,,,,,,,,,,,
6,大安區,光明里,0.1056,0.8976,0.1056,0.0528,0.792,40.6019,57.4446,,,,,,,,,,,39.3103,50.557,10.1326,0.3197,39.4246,12.7864,46.9899,0.4795,,,,,3.9395,43.0142,53.0463,0.2053,0.0513,0.0513,0.0,0.154,42.4025,0.154,28.6961,0.0,0.0,0.0,28.2854,,,,,,,,,,,27.3766,36.9744,35.649,0.8635,35.7258,1.9968,1.9428,0.9174,5.5586,0.1079,3.3999,2.6983,42.8494,0.1079,3.8316,0.6564,0.797,50.3047,0.4219,0.3751,44.9602,0.0469,1.3127,0.2813,0.8439,0.5258,46.0325,1.8642,51.2428,0.3346,,,,,,,,,,,,,,,,,,,,,,,,,,,,,,,,,,,,,,,,,
6,大安區,光武里,0.0711,0.7114,0.0237,0.0237,0.3557,46.2177,52.5966,,,,,,,,,,,40.9927,47.9177,11.0896,0.4911,46.0584,18.1701,34.8927,0.3877,,,,,3.9911,46.2876,49.7213,0.0822,0.0274,0.0274,0.0274,0.1645,45.8333,0.2467,20.8607,0.0,0.0,0.0,32.7303,,,,,,,,,,,18.5246,39.1101,42.3653,1.3885,36.6972,1.2398,2.5291,0.6199,3.4714,0.124,3.6945,2.4547,44.3838,0.124,3.273,0.8421,0.5917,50.8193,0.2959,0.4324,44.1966,0.1138,1.6614,0.4096,0.6372,0.8209,45.3646,1.2313,52.1004,0.4829,,,,,,,,,,,,,,,,,,,,,,,,,,,,,,,,,,,,,,,,,
6,大安區,全安里,0.0803,1.0036,0.0803,0.0,0.5219,46.1662,52.1477,,,,,,,,,,,45.1864,45.678,9.1356,0.4216,47.3019,12.9005,38.9123,0.4637,,,,,3.6955,49.15,47.1545,0.1754,0.0,0.0,0.0,0.0877,50.3288,0.0438,22.3586,0.0,0.0877,0.0,26.918,,,,,,,,,,,19.4315,33.9953,46.5732,0.9555,35.9369,1.6618,1.7449,0.9971,3.1159,0.1246,2.1604,2.1604,47.3203,0.1246,3.6975,0.4915,0.4537,54.8204,0.794,0.3403,40.6805,0.0378,1.2854,0.3025,0.794,0.5998,42.3031,1.2795,55.5378,0.2799,,,,,,,,,,,,,,,,,,,,,,,,,,,,,,,,,,,,,,,,,
6,大安區,古莊里,0.1739,1.2171,0.1739,0.0994,0.4719,41.9771,55.8867,,,,,,,,,,,40.3454,49.5489,10.1057,0.3955,42.1404,14.7553,42.3628,0.346,,,,,4.303,44.0834,51.6136,0.1806,0.0258,0.0258,0.0774,0.4127,42.9972,0.2321,25.6642,0.0258,0.0,0.0,30.3585,,,,,,,,,,,23.9175,36.8624,39.2201,1.3853,35.311,2.8751,2.1432,0.9409,3.0319,0.1045,3.6853,3.7376,43.0476,0.1045,3.633,0.9402,0.6044,49.1157,0.403,0.5149,44.1236,0.1567,2.5744,0.6044,0.9626,0.5417,46.3495,1.4602,50.8243,0.8243,,,,,,,,,,,,,,,,,,,,,,,,,,,,,,,,,,,,,,,,,
6,大安區,古風里,0.1608,0.6433,0.2815,0.1608,0.8846,41.3752,56.4938,,,,,,,,,,,40.6341,49.4785,9.8874,0.4277,43.4132,15.8255,39.9914,0.3422,,,,,4.3075,43.743,51.9495,0.1761,0.0,0.1321,0.0,0.044,44.4738,0.2642,23.0735,0.0,0.0,0.0,31.8362,,,,,,,,,,,22.3071,38.1431,39.5498,1.0975,35.5424,4.179,1.7307,1.0553,2.195,0.1688,1.984,2.8704,43.3094,0.0,5.8675,0.8368,0.4564,50.3233,0.2282,0.5325,44.6938,0.1902,1.6356,0.2663,0.8368,0.3731,47.6368,1.7413,49.9171,0.3317,,,,,,,,,,,,,,,,,,,,,,,,,,,,,,,,,,,,,,,,,
6,大安區,和安里,0.1359,1.0057,0.2446,0.1087,0.598,45.7189,52.1881,,,,,,,,,,,43.8596,45.8882,10.2522,0.2477,45.322,13.7314,40.2862,0.4128,,,,,4.6169,47.7399,47.6432,0.1735,0.0289,0.0289,0.0289,0.0289,46.3274,0.0578,24.812,0.0,0.0578,0.0,28.4558,,,,,,,,,,,22.725,35.7397,41.5353,0.9695,33.6288,1.3296,2.3823,0.9695,2.2161,0.2493,2.8532,2.6039,48.9197,0.1385,3.7396,0.8824,0.5392,53.7745,0.3676,0.3676,40.7598,0.1716,2.1569,0.4167,0.5637,0.4722,44.7272,0.8395,53.3578,0.6034,,,,,,,,,,,,,,,,,,,,,,,,,,,,,,,,,,,,,,,,,
6,大安區,大學里,0.062,1.1575,0.2067,0.0827,0.8888,42.7243,54.878,,,,,,,,,,,42.2227,47.4562,10.3211,0.3625,44.6695,14.9467,39.467,0.5544,,,,,4.3607,45.9719,49.6674,0.1337,0.0446,0.0223,0.0,0.2006,44.2612,0.1783,23.5792,0.0223,0.0446,0.0446,31.4687,,,,,,,,,,,21.2874,37.4682,41.2444,1.5355,36.9584,1.9562,1.4724,0.8624,1.5776,0.0841,2.8397,6.605,41.2074,0.0841,4.817,0.8077,0.5447,50.3569,0.3569,0.3381,42.9001,0.1315,3.287,0.3005,0.9767,0.5434,45.9449,1.3685,51.7408,0.4025,,,,,,,,,,,,,,,,,,,,,,,,,,,,,,,,,,,,,,,,,
6,大安區,學府里,0.0,1.0916,0.1819,0.2426,0.3639,54.2147,43.9054,,,,,,,,,,,49.3442,40.2249,10.431,0.7767,54.1748,14.3689,30.0971,0.5825,,,,,3.8556,51.836,44.3084,0.3127,0.0,0.0,0.0,0.0782,52.3065,0.3127,19.7811,0.0,0.0,0.0,27.2088,,,,,,,,,,,21.2254,32.6039,46.1707,1.4744,27.9487,0.8974,1.6667,1.3462,2.0513,0.1923,1.7949,2.3718,54.5513,0.0641,5.641,0.9518,0.2538,57.6142,0.3173,0.8249,36.231,0.0,1.7766,0.6345,1.3959,1.1424,40.7464,1.2186,56.5118,0.3808,,,,,,,,,,,,,,,,,,,,,,,,,,,,,,,,,,,,,,,,,
6,大安區,建倫里,0.0616,0.7697,0.1847,0.0924,0.4002,48.5837,49.9076,,,,,,,,,,,44.6173,45.8371,9.5456,0.1613,47.6129,15.9677,36.0,0.2581,,,,,3.6164,47.4795,48.9041,0.0705,0.0353,0.0,0.0353,0.0353,50.1058,0.141,17.1721,0.0,0.0353,0.0353,32.3343,,,,,,,,,,,16.2989,38.2465,45.4545,1.3941,36.9269,0.9294,1.9517,0.9603,2.2924,0.062,3.6865,2.8191,46.6853,0.1239,2.1685,0.638,0.4993,52.9265,0.2774,0.4161,42.6907,0.0832,1.2205,0.2497,0.9986,0.486,43.8335,1.1543,54.2831,0.243,,,,,,,,,,,,,,,,,,,,,,,,,,,,,,,,,,,,,,,,,
6,大安區,建安里,0.1872,1.0483,0.1872,0.0374,0.4118,49.1202,49.0079,,,,,,,,,,,44.6422,45.0208,10.337,0.3219,47.7264,15.0503,36.3783,0.5231,,,,,4.2292,47.6808,48.09,0.1691,0.0423,0.0,0.0,0.1691,47.6754,0.1268,20.2451,0.0423,0.0,0.0423,31.4877,,,,,,,,,,,19.0739,37.7435,43.1827,0.9575,35.3504,1.6086,2.1065,0.6128,2.0299,0.3064,3.1023,2.7193,48.3723,0.0766,2.7576,0.7636,0.5207,52.6553,0.3124,0.2083,42.6935,0.0694,1.3884,0.5207,0.8678,0.7931,44.1088,1.1329,53.6631,0.3021,,,,,,,,,,,,,,,,,,,,,,,,,,,,,,,,,,,,,,,,,
6,大安區,德安里,0.0324,1.1681,0.2596,0.1622,0.7463,49.3186,48.3128,,,,,,,,,,,45.9333,44.4,9.6667,0.3654,49.2691,15.1827,34.7841,0.3987,,,,,3.7037,51.7361,44.5602,0.2185,0.0,0.0,0.0,0.1821,50.0,0.0364,20.0655,0.0,0.0364,0.0,29.461,,,,,,,,,,,18.8962,34.3935,46.7103,0.9131,34.0886,1.116,1.7924,0.8116,2.4687,0.1015,4.0243,3.2465,46.9395,0.1015,4.3963,0.7355,0.5001,56.193,0.353,0.3825,39.1292,0.0294,1.5593,0.5001,0.6178,0.672,40.768,1.024,57.056,0.48,,,,,,,,,,,,,,,,,,,,,,,,,,,,,,,,,,,,,,,,,
6,大安區,敦安里,0.0299,0.8084,0.1497,0.0599,0.4192,43.2335,55.2994,,,,,,,,,,,40.1156,51.3382,8.5462,0.3055,43.202,17.9041,38.2524,0.3361,,,,,3.8604,44.7911,51.3485,0.298,0.0,0.0,0.0331,0.2318,44.3377,0.0662,22.2848,0.0331,0.0,0.0,32.7152,,,,,,,,,,,19.0285,39.1492,41.8224,1.6025,39.0755,1.5716,1.7565,0.7396,2.7119,0.2157,3.5439,3.02,42.1572,0.0924,3.5131,0.6422,0.4549,50.2007,0.3746,0.2944,45.0361,0.0803,1.8196,0.2408,0.8563,0.6184,47.1143,1.1779,50.7951,0.2945,,,,,,,,,,,,,,,,,,,,,,,,,,,,,,,,,,,,,,,,,
6,大安區,敦煌里,0.0589,1.0905,0.2358,0.0295,0.5305,43.4719,54.583,,,,,,,,,,,41.7039,48.6446,9.6515,0.2822,43.9009,16.6196,39.0091,0.1881,,,,,4.2651,44.2543,51.4806,0.1684,0.0,0.0337,0.0,0.0674,44.8973,0.101,22.7012,0.0337,0.0,0.0,31.9973,,,,,,,,,,,19.8111,39.708,40.481,1.2114,38.0376,1.4234,2.4531,0.7268,2.4833,0.1211,3.0588,2.5136,44.0945,0.2423,3.6342,0.5577,0.2231,50.3346,0.3346,0.4183,45.8171,0.1394,1.1712,0.251,0.7529,0.7105,46.9805,1.3321,50.7401,0.2368,,,,,,,,,,,,,,,,,,,,,,,,,,,,,,,,,,,,,,,,,
6,大安區,新龍里,0.0516,1.2893,0.3868,0.0516,0.5673,53.8422,43.8112,,,,,,,,,,,52.4241,36.6276,10.9483,0.316,53.5282,8.4255,37.2828,0.4476,,,,,4.5032,56.2442,39.2526,0.0816,0.0,0.0272,0.0,0.0816,52.5156,0.1904,26.1626,0.0,0.0272,0.0,20.9138,,,,,,,,,,,23.0474,27.2401,49.7125,0.9976,26.0987,1.5098,2.103,0.5932,1.7795,0.1348,2.7231,4.0981,53.3297,0.1348,6.4977,0.7313,0.5898,62.1373,0.3067,0.5898,31.4697,0.0944,3.0432,0.118,0.92,0.3947,36.3345,1.3567,61.5688,0.3453,,,,,,,,,,,,,,,,,,,,,,,,,,,,,,,,,,,,,,,,,
6,大安區,昌隆里,0.056,1.399,0.1119,0.0,0.2798,40.0112,58.1421,,,,,,,,,,,38.6569,53.0474,8.2957,0.5288,42.1269,18.9777,38.0141,0.3525,,,,,3.6417,42.9626,53.3957,0.0,0.0,0.0621,0.0,0.2483,42.8926,0.0,18.0633,0.0,0.0,0.0,38.7337,,,,,,,,,,,16.7211,43.4096,39.8693,0.9759,40.4707,0.7463,1.7796,1.2055,3.7887,0.0574,2.5258,2.0092,43.915,0.0574,2.4684,0.5478,0.249,48.3068,0.0996,0.1992,48.1574,0.0498,1.6932,0.4482,0.249,0.2801,50.1961,0.9524,48.0112,0.5602,,,,,,,,,,,,,,,,,,,,,,,,,,,,,,,,,,,,,,,,,
6,大安區,正聲里,0.1123,0.9734,0.2621,0.0374,0.8237,46.9113,50.8798,,,,,,,,,,,44.7801,46.2715,8.9484,0.2035,46.2352,13.6752,39.5604,0.3256,,,,,4.3875,48.9294,46.683,0.129,0.0,0.0,0.0,0.172,46.9475,0.215,22.7859,0.0,0.043,0.0,29.7077,,,,,,,,,,,20.1674,34.9696,44.863,1.4363,35.4814,1.0093,2.0963,0.9317,2.795,0.1941,3.9208,2.8727,46.7003,0.1165,2.4457,0.6454,0.753,55.2528,0.2868,0.502,39.6916,0.2868,1.6493,0.1434,0.7888,0.6299,42.874,1.1024,54.9606,0.4331,,,,,,,,,,,,,,,,,,,,,,,,,,,,,,,,,,,,,,,,,
6,大安區,民炤里,0.1122,0.8075,0.4038,0.1122,0.6057,40.3769,57.5819,,,,,,,,,,,38.8645,51.904,9.2315,0.3854,41.7249,17.8511,39.6531,0.3854,,,,,4.0304,43.3066,52.663,0.2703,0.0,0.0246,0.0,0.0737,42.3833,0.0983,22.5799,0.0246,0.0246,0.0,34.5209,,,,,,,,,,,19.6386,41.966,38.3954,1.1139,40.5663,1.4156,1.8798,0.6498,2.5296,0.1857,3.0169,2.9473,41.8891,0.2089,3.5971,0.7503,0.4168,47.7907,0.4377,0.2709,47.0821,0.0834,1.9591,0.2709,0.9379,0.3966,48.9755,1.6303,48.4909,0.5067,,,,,,,,,,,,,,,,,,,,,,,,,,,,,,,,,,,,,,,,,
6,大安區,民輝里,0.1288,1.0301,0.1803,0.206,0.5923,41.7203,56.1422,,,,,,,,,,,38.6802,50.5738,10.746,0.435,41.8434,17.4551,39.6411,0.6253,,,,,3.4614,44.2864,52.2523,0.0869,0.029,0.029,0.0,0.4053,43.1384,0.2895,22.7562,0.0,0.029,0.0,33.2368,,,,,,,,,,,20.4672,39.6902,39.8426,0.9906,40.7229,1.071,2.008,0.83,2.8112,0.1874,2.6774,3.5341,42.0884,0.0,3.079,1.0165,0.5324,48.8383,0.3388,0.4114,44.5789,0.0968,2.9042,0.363,0.9197,0.6813,47.6677,1.5723,49.7117,0.3669,,,,,,,,,,,,,,,,,,,,,,,,,,,,,,,,,,,,,,,,,
6,大安區,永康里,0.0489,1.2702,0.1466,0.0977,0.8793,44.4553,53.1021,,,,,,,,,,,40.9481,47.2012,11.8507,0.5208,43.4896,14.7396,41.0417,0.2083,,,,,5.0953,46.965,47.9397,0.2623,0.0,0.0,0.0,0.0525,45.8027,0.1049,25.6034,0.0,0.0,0.0,28.1742,,,,,,,,,,,23.0842,34.7209,42.1949,1.1699,35.1475,1.0682,2.238,0.9156,2.3398,0.3052,3.3062,3.001,47.1007,0.0509,3.3571,0.7214,0.6763,53.156,0.3607,0.1803,41.4788,0.0902,1.9387,0.4058,0.9919,0.442,42.5835,1.1297,55.5992,0.2456,,,,,,,,,,,,,,,,,,,,,,,,,,,,,,,,,,,,,,,,,
6,大安區,法治里,0.0385,1.0401,0.1156,0.077,0.5393,48.5747,49.6148,,,,,,,,,,,45.2695,43.5928,11.1377,0.4671,48.151,14.0522,36.5901,0.7396,,,,,3.8762,50.4267,45.697,0.2019,0.0404,0.0404,0.0,0.1211,49.778,0.1615,24.9495,0.0404,0.0807,0.0404,24.5458,,,,,,,,,,,22.1053,31.1071,46.7877,0.8846,33.5344,1.6084,2.4528,0.9248,2.0909,0.201,2.2919,2.8146,50.7841,0.1206,2.2919,0.8996,0.7557,54.7679,0.6117,0.2519,39.1148,0.036,2.303,0.2159,1.0435,0.6682,39.7921,1.2249,57.7951,0.5197,,,,,,,,,,,,,,,,,,,,,,,,,,,,,,,,,,,,,,,,,
6,大安區,福住里,0.0297,0.921,0.2674,0.0,0.6536,42.0677,56.0606,,,,,,,,,,,40.0061,48.8761,11.1179,0.4717,42.4843,14.3711,42.2327,0.4403,,,,,4.4784,42.5583,52.9633,0.1671,0.0,0.0,0.0,0.1336,41.998,0.1671,26.0274,0.0,0.0,0.0,31.5068,,,,,,,,,,,21.7367,39.8647,38.3986,1.562,35.9877,1.5926,1.8377,0.7657,3.0015,0.1225,3.6447,3.2466,45.9112,0.1531,2.1746,0.626,0.5716,48.8841,0.4355,0.3811,46.5977,0.1361,1.252,0.245,0.871,0.4696,48.0775,1.4676,49.6038,0.3816,,,,,,,,,,,,,,,,,,,,,,,,,,,,,,,,,,,,,,,,,
6,大安區,群英里,0.0238,1.3311,0.1188,0.1426,0.7606,60.1141,37.5089,,,,,,,,,,,58.2049,31.3769,10.4182,0.5421,59.1424,7.2696,32.8487,0.1971,,,,,4.8277,60.7637,34.4086,0.2067,0.0,0.0,0.0517,0.31,59.597,0.1292,22.3198,0.0,0.0258,0.0,17.3599,,,,,,,,,,,21.6581,22.776,55.5659,1.299,23.5049,1.201,2.2304,0.5147,1.7157,0.1961,2.6471,3.5049,59.6569,0.1225,3.4069,0.8277,0.4251,66.2192,1.0738,0.179,27.2707,0.1119,2.6622,0.3132,0.9172,0.4776,30.9217,1.6237,66.5712,0.4059,,,,,,,,,,,,,,,,,,,,,,,,,,,,,,,,,,,,,,,,,
6,大安區,群賢里,0.0594,1.3963,0.208,0.1188,0.5645,49.0196,48.6334,,,,,,,,,,,46.8722,43.5498,9.578,0.3026,49.1679,13.7065,36.3994,0.4236,,,,,4.2788,50.0807,45.6405,0.1999,0.0,0.0333,0.0,0.1333,50.2166,0.1666,22.5258,0.0333,0.0666,0.0,26.6245,,,,,,,,,,,19.6397,32.3095,48.0508,0.8462,32.3361,1.3599,2.9012,0.6951,2.0248,0.2115,2.8105,2.5083,51.4355,0.0907,2.7803,0.627,0.4362,54.9618,1.036,0.518,38.7677,0.0818,2.4264,0.3272,0.8179,0.4903,41.0971,1.2259,56.6963,0.4903,,,,,,,,,,,,,,,,,,,,,,,,,,,,,,,,,,,,,,,,,
6,大安區,義安里,0.0655,0.8844,0.2948,0.131,0.5241,50.1474,47.9528,,,,,,,,,,,46.1672,43.7045,10.1283,0.3404,47.9918,14.2614,36.8278,0.5786,,,,,4.3517,49.2197,46.4286,0.1474,0.0,0.0369,0.0,0.1474,49.7604,0.1106,21.3048,0.0,0.0737,0.0,28.4187,,,,,,,,,,,18.1238,35.4499,46.4263,1.1901,33.3217,1.0851,1.9951,0.805,1.9951,0.07,3.4652,2.5551,49.8425,0.14,3.5352,0.518,0.5789,54.7532,0.6399,0.2133,40.4631,0.1219,1.6758,0.1828,0.8531,0.4247,41.7184,1.6008,55.8968,0.3594,,,,,,,,,,,,,,,,,,,,,,,,,,,,,,,,,,,,,,,,,
6,大安區,義村里,0.1138,0.9954,0.1991,0.1706,0.4835,57.025,41.0125,,,,,,,,,,,52.188,36.652,11.1601,0.3078,54.2936,11.0803,33.9181,0.4001,,,,,4.3146,55.4888,40.1966,0.1017,0.0,0.0,0.0339,0.2033,55.5405,0.0678,20.4338,0.0339,0.0339,0.0,23.5513,,,,,,,,,,,18.638,29.7192,51.6428,1.4899,26.8474,1.6091,2.4732,0.7449,2.1752,0.3576,3.3671,2.0858,55.1549,0.1192,3.5757,0.4989,0.5543,60.7816,0.3326,0.3326,34.1741,0.0554,2.1341,0.194,0.9424,0.488,36.6575,1.3114,61.4822,0.061,,,,,,,,,,,,,,,,,,,,,,,,,,,,,,,,,,,,,,,,,
6,大安區,臥龍里,0.0,0.759,0.2846,0.0,0.9488,51.518,46.4896,,,,,,,,,,,46.7532,40.538,12.7087,0.082,47.623,12.2951,39.7541,0.2459,,,,,4.5455,48.4848,46.9697,0.1867,0.0,0.0,0.0,0.3735,48.4594,0.1867,25.1167,0.0,0.0,0.0,25.6769,,,,,,,,,,,23.3974,33.4135,43.1891,0.5581,30.6977,2.2326,1.4884,0.2791,2.4186,0.5581,3.0698,1.5814,52.4651,0.093,4.5581,0.7004,0.856,54.786,0.4669,0.4669,39.0661,0.1556,2.1012,0.5447,0.856,0.6645,44.103,1.2458,53.3223,0.6645,,,,,,,,,,,,,,,,,,,,,,,,,,,,,,,,,,,,,,,,,
6,大安區,臨江里,0.1589,1.112,0.1986,0.278,0.5163,42.5338,55.2025,,,,,,,,,,,38.0758,51.0803,10.8439,0.1676,45.1194,17.8467,36.4474,0.4189,,,,,4.7226,44.94,50.3373,0.0456,0.0456,0.0,0.0912,0.1824,45.4628,0.228,22.3894,0.0,0.0456,0.0,31.5093,,,,,,,,,,,23.2437,36.9731,39.7832,0.993,33.9677,2.0687,1.7377,0.7861,2.8548,0.1655,2.8548,2.8134,48.5726,0.2482,2.9375,0.4603,0.6137,51.5919,0.5754,0.1918,42.9229,0.1151,1.7261,0.537,1.2658,1.2547,46.3823,1.3384,50.481,0.5437,,,,,,,,,,,,,,,,,,,,,,,,,,,,,,,,,,,,,,,,,
6,大安區,芳和里,0.1179,0.9726,0.1768,0.1179,0.7663,45.7412,52.1073,,,,,,,,,,,43.7749,45.6715,10.5537,0.5773,47.6147,15.5576,35.7946,0.4558,,,,,3.794,47.5339,48.6721,0.1311,0.0656,0.0,0.0328,0.2294,47.5582,0.1967,22.8777,0.0328,0.0328,0.0328,28.8102,,,,,,,,,,,20.394,35.6315,43.9745,1.2346,34.8148,2.3765,1.9136,0.7716,2.3765,0.2469,2.3148,2.284,47.8704,0.0617,3.7346,0.8573,0.5254,53.5675,0.4978,0.1936,41.6759,0.0553,1.5487,0.1936,0.885,0.3579,44.5571,1.4017,53.2956,0.3877,,,,,,,,,,,,,,,,,,,,,,,,,,,,,,,,,,,,,,,,,
6,大安區,華聲里,0.0436,0.7404,0.0871,0.2613,0.784,45.2091,52.8746,,,,,,,,,,,43.2582,47.0863,9.6555,0.3958,46.7458,14.7318,37.555,0.5717,,,,,3.9276,47.7474,48.325,0.0487,0.0974,0.0,0.0,0.1461,44.6176,0.0974,24.452,0.0,0.0487,0.0,30.492,,,,,,,,,,,20.0169,36.7046,43.2786,1.97,34.9893,1.1135,2.3983,0.8565,3.5118,0.257,4.0257,2.3555,45.3961,0.2998,2.8266,0.8165,0.5832,53.4603,0.311,0.2722,41.8351,0.1166,1.4386,0.2722,0.8942,0.5202,43.9532,1.3004,53.7928,0.4335,,,,,,,,,,,,,,,,,,,,,,,,,,,,,,,,,,,,,,,,,
6,大安區,虎嘯里,0.0476,0.7615,0.2856,0.0952,0.7615,48.3579,49.6906,,,,,,,,,,,44.4496,44.8244,10.726,0.4346,46.2096,13.6649,39.4013,0.2897,,,,,5.0268,47.26,47.7132,0.0,0.0,0.0,0.0,0.0512,46.6462,0.2048,22.171,0.0,0.0,0.0,30.9268,,,,,,,,,,,21.3939,34.936,43.67,1.3718,34.2952,1.4664,1.6556,1.2772,2.176,0.1419,3.8316,3.737,45.9319,0.0946,4.0208,0.5417,0.4167,53.0417,0.7917,0.5417,42.2917,0.0,1.5417,0.2083,0.625,0.4083,44.7368,1.6334,52.8584,0.363,,,,,,,,,,,,,,,,,,,,,,,,,,,,,,,,,,,,,,,,,
6,大安區,誠安里,0.0412,0.9477,0.1648,0.1648,0.4532,43.3869,54.8414,,,,,,,,,,,40.3846,50.4181,9.1973,0.4071,43.7359,18.6793,36.7707,0.4071,,,,,4.1335,44.5548,51.3116,0.1949,0.0,0.0,0.0487,0.1462,44.7856,0.0487,19.6394,0.0,0.0,0.0,35.1365,,,,,,,,,,,17.9286,41.0357,41.0357,0.8929,38.4779,1.148,1.9983,0.9354,3.2738,0.2551,3.0612,2.2959,44.2177,0.0,3.4439,0.6449,0.7255,49.738,0.2015,0.524,45.5058,0.1209,1.451,0.3628,0.7255,0.9396,48.6353,1.8792,48.2774,0.2685,,,,,,,,,,,,,,,,,,,,,,,,,,,,,,,,,,,,,,,,,
6,大安區,車層里,0.0843,0.8432,0.0843,0.0281,0.3373,43.4514,55.1714,,,,,,,,,,,41.4053,50.2613,8.3333,0.4291,46.6442,16.9476,35.6114,0.3678,,,,,3.6073,46.3025,50.0902,0.2238,0.0,0.0,0.0639,0.1598,45.0448,0.0959,19.9169,0.0,0.032,0.0,34.4629,,,,,,,,,,,18.8097,39.0792,42.1112,1.2346,39.6825,1.5579,2.2046,0.823,2.5573,0.147,3.7625,2.3516,42.6808,0.0882,2.9101,0.9719,0.4728,50.6436,0.3415,0.4203,44.4182,0.0525,1.576,0.394,0.7092,0.5193,46.2781,1.4426,51.4137,0.3462,,,,,,,,,,,,,,,,,,,,,,,,,,,,,,,,,,,,,,,,,
6,大安區,通化里,0.2705,1.0549,0.2705,0.2164,0.6221,39.221,58.3446,,,,,,,,,,,34.6568,53.8571,11.4861,0.358,39.1408,19.2721,40.901,0.3282,,,,,4.6753,39.4996,55.8251,0.1835,0.0917,0.0612,0.0,0.1529,41.4985,0.0917,23.3028,0.0306,0.0612,0.0,34.526,,,,,,,,,,,23.3795,39.3629,37.2576,1.3777,39.9828,1.9231,2.0092,1.0333,2.8703,0.1435,3.1286,2.0092,40.93,0.2296,4.3628,0.7444,0.5903,46.3296,0.3593,0.5133,48.7166,0.231,1.155,0.5133,0.847,0.7418,50.7561,1.2553,46.8188,0.428,,,,,,,,,,,,,,,,,,,,,,,,,,,,,,,,,,,,,,,,,
6,大安區,通安里,0.0612,0.948,0.0306,0.1529,0.4587,42.9664,55.3823,,,,,,,,,,,39.3262,49.3109,11.3629,0.314,43.6107,17.8022,37.5824,0.6907,,,,,4.2578,45.5984,50.1438,0.2043,0.034,0.034,0.034,0.2043,46.476,0.1021,21.2462,0.0,0.0,0.0,31.665,,,,,,,,,,,21.5892,37.2036,41.2073,1.0274,38.1071,1.7123,2.0548,0.7783,2.6463,0.0934,3.2379,2.4595,43.8667,0.0623,3.9539,0.644,0.8197,51.2295,0.2635,0.1756,44.0867,0.0585,1.3759,0.4391,0.9075,0.4106,44.6304,1.5161,52.9059,0.537,,,,,,,,,,,,,,,,,,,,,,,,,,,,,,,,,,,,,,,,,
6,大安區,錦安里,0.1214,1.1529,0.2124,0.2731,0.6675,44.7816,52.7913,,,,,,,,,,,42.6485,47.1896,10.162,0.5378,43.5938,13.9829,41.4742,0.4113,,,,,4.0868,46.5051,49.4081,0.1987,0.0,0.0,0.0,0.0993,42.5166,0.1987,26.2252,0.0331,0.0331,0.0,30.6954,,,,,,,,,,,22.2791,38.3632,39.3578,1.2796,36.5643,2.3353,1.6315,0.7358,2.3353,0.1599,2.8791,3.4549,46.0653,0.128,2.4312,0.8018,0.5441,52.205,0.3436,0.2577,42.8408,0.1432,1.8041,0.2291,0.8305,0.4681,47.5717,1.2873,50.2341,0.4389,,,,,,,,,,,,,,,,,,,,,,,,,,,,,,,,,,,,,,,,,
6,大安區,錦泰里,0.0,1.2601,0.1008,0.0,0.5544,46.7238,51.3609,,,,,,,,,,,45.5128,45.9402,8.547,0.2687,46.8565,11.8753,40.5159,0.4836,,,,,3.5508,49.0901,47.3591,0.2034,0.0,0.0,0.0508,0.2542,44.8399,0.305,26.0803,0.0,0.0508,0.0,28.2156,,,,,,,,,,,23.3364,35.0501,41.6135,1.3448,33.2437,1.9903,2.4744,0.7531,2.851,0.1076,2.851,3.0124,48.4131,0.0,2.9586,0.543,0.362,54.1176,0.1357,0.5882,40.543,0.2715,2.1267,0.3167,0.9955,0.6619,43.7352,1.4184,53.7589,0.4255,,,,,,,,,,,,,,,,,,,,,,,,,,,,,,,,,,,,,,,,,
6,大安區,錦華里,0.032,0.6724,0.2882,0.064,0.6724,44.6366,53.6343,,,,,,,,,,,44.4336,47.0951,8.4713,0.5786,43.499,13.4445,41.9333,0.5446,,,,,4.3515,44.9186,50.7299,0.0672,0.0,0.0336,0.0336,0.1681,44.351,0.2354,26.5972,0.0,0.0,0.0336,28.4802,,,,,,,,,,,23.4991,35.02,41.4808,1.1819,33.3224,1.4117,2.2653,1.149,3.3487,0.1641,3.5785,2.889,47.1438,0.0328,3.5128,0.6316,0.4594,51.1054,0.402,0.402,43.8989,0.1148,1.5504,0.3158,1.1197,0.5051,43.5829,1.2775,54.2484,0.3862,,,,,,,,,,,,,,,,,,,,,,,,,,,,,,,,,,,,,,,,,
6,大安區,黎元里,0.0903,1.3237,0.1504,0.0602,0.8123,41.787,55.7762,,,,,,,,,,,36.7101,51.2226,12.0673,0.3797,41.7089,15.5696,41.9304,0.4114,,,,,3.9266,43.9831,52.0904,0.2965,0.0329,0.0,0.0329,0.1647,43.6244,0.1977,25.832,0.0659,0.0329,0.0,29.7199,,,,,,,,,,,23.646,36.2533,40.1006,1.2246,35.7396,2.0303,2.4492,0.8057,3.0616,0.1611,2.5459,2.3203,44.2153,0.1289,5.3174,0.6883,0.6596,51.1041,0.2868,0.3155,43.6478,0.1721,1.606,0.6022,0.9177,0.4896,48.0416,1.1934,49.7246,0.5508,,,,,,,,,,,,,,,,,,,,,,,,,,,,,,,,,,,,,,,,,
6,大安區,黎和里,0.0705,1.2346,0.2116,0.1058,0.8466,48.8889,48.642,,,,,,,,,,,45.2016,43.6675,11.1309,0.3019,48.8679,13.4717,36.9434,0.4151,,,,,3.7838,50.0795,46.1367,0.308,0.0,0.0,0.0385,0.231,48.402,0.1155,25.4524,0.0385,0.0,0.0,25.4139,,,,,,,,,,,23.4843,32.4783,44.0373,1.4074,32.804,1.624,1.5518,1.1548,2.5623,0.2526,2.851,2.4901,49.1519,0.2165,3.9336,0.7489,0.7815,56.6916,0.3256,0.4233,38.0983,0.1954,1.6933,0.3256,0.7164,0.5862,42.2759,1.7241,54.7241,0.6897,,,,,,,,,,,,,,,,,,,,,,,,,,,,,,,,,,,,,,,,,
6,大安區,黎孝里,0.0423,1.3974,0.1059,0.1482,0.5717,45.6701,52.0644,,,,,,,,,,,41.9031,46.639,11.4579,0.3806,45.0414,14.1482,40.0716,0.3582,,,,,4.6042,45.1998,50.1959,0.0709,0.0,0.0,0.0236,0.1891,45.6501,0.1418,24.9173,0.0236,0.0473,0.0236,28.9125,,,,,,,,,,,23.2214,35.4058,41.3728,1.1469,35.1125,1.6321,2.0291,0.7278,2.6026,0.1103,2.5143,2.4702,47.618,0.1323,3.9038,0.832,0.5943,51.5452,0.4952,0.5349,43.0071,0.0198,1.7235,0.2971,0.9509,0.5798,46.3603,1.4602,51.1059,0.4939,,,,,,,,,,,,,,,,,,,,,,,,,,,,,,,,,,,,,,,,,
6,大安區,龍圖里,0.1306,1.1755,0.1045,0.1045,0.8098,45.8464,51.8286,,,,,,,,,,,45.0308,45.3255,9.6437,0.3841,47.2977,14.1564,37.7503,0.4115,,,,,3.9007,48.9835,47.1158,0.0851,0.0,0.0284,0.0,0.2554,47.8434,0.1986,23.269,0.0,0.0,0.0,28.3201,,,,,,,,,,,21.3,34.4,44.3,1.3532,34.1813,1.4614,1.8945,0.8931,2.2463,0.1083,3.0311,2.8146,46.4682,0.0541,5.4939,0.5535,0.5776,54.296,0.4573,0.3369,40.4332,0.0,2.2864,0.3129,0.7461,0.3347,42.1215,1.2101,56.0247,0.309,,,,,,,,,,,,,,,,,,,,,,,,,,,,,,,,,,,,,,,,,
6,大安區,龍坡里,0.0,0.9198,0.3172,0.1269,0.7295,45.2902,52.6166,,,,,,,,,,,42.8796,45.9918,11.1286,0.2614,45.6713,14.1457,39.4642,0.4574,,,,,4.7497,47.1559,48.0944,0.4171,0.0348,0.0,0.0695,0.2781,44.317,0.3128,23.2186,0.0,0.0,0.0,31.3521,,,,,,,,,,,21.1323,38.2682,40.5995,1.0705,35.8627,4.6285,1.7003,0.6612,1.9836,0.1889,2.1725,4.4395,44.364,0.063,2.8652,0.6672,0.3191,52.1323,0.4352,0.3191,42.5007,0.058,2.5529,0.2321,0.7833,0.5289,46.2663,1.1201,51.8357,0.2489,,,,,,,,,,,,,,,,,,,,,,,,,,,,,,,,,,,,,,,,,
6,大安區,龍安里,0.0285,0.4843,0.1709,0.1425,0.7692,42.849,55.5556,,,,,,,,,,,40.4646,49.4695,10.066,0.4417,41.5489,14.7821,42.6973,0.53,,,,,3.8881,44.3041,51.8078,0.062,0.0,0.0,0.031,0.3102,41.7494,0.1551,24.8759,0.0,0.031,0.031,32.7543,,,,,,,,,,,22.3845,38.1837,39.4318,1.5112,37.925,2.6736,1.5402,0.7265,2.1505,0.2325,3.1967,3.4583,44.1441,0.0581,2.383,0.8549,0.528,48.7805,0.2263,0.352,45.8386,0.1006,1.9361,0.2766,1.1064,0.4631,47.9161,1.3075,49.9864,0.3269,,,,,,,,,,,,,,,,,,,,,,,,,,,,,,,,,,,,,,,,,
6,大安區,龍泉里,0.037,0.7029,0.185,0.074,0.7029,40.2886,58.0096,,,,,,,,,,,38.6303,51.2297,10.14,0.6,41.6,15.48,42.04,0.28,,,,,4.3707,42.951,52.6783,0.0811,0.0,0.0405,0.0,0.1216,41.2242,0.4054,26.1451,0.0,0.0811,0.0,31.9011,,,,,,,,,,,22.1431,39.1319,38.725,0.7631,36.1312,12.0183,1.6406,0.6486,1.5261,0.0382,2.48,2.8615,38.6875,0.0763,3.1286,0.5712,0.7056,49.4624,0.2688,0.5376,45.4973,0.0336,1.5793,0.3696,0.9745,0.5656,48.9219,1.5907,48.4624,0.4595,,,,,,,,,,,,,,,,,,,,,,,,,,,,,,,,,,,,,,,,,
6,大安區,龍淵里,0.058,1.2756,0.1546,0.0193,0.8697,42.327,55.2957,,,,,,,,,,,40.1917,49.5208,10.2875,0.2668,44.1708,13.5057,41.5846,0.4721,,,,,4.0467,44.4793,51.4739,0.2385,0.0,0.0,0.0434,0.1951,43.5386,0.1301,25.4987,0.0,0.065,0.0,30.2905,,,,,,,,,,,22.2759,37.4675,40.2566,1.439,36.1916,1.6952,2.1486,0.6505,2.9765,0.0394,2.5034,3.1934,45.5155,0.0986,3.5482,0.6741,0.4258,49.9024,0.479,0.4435,44.4563,0.0532,2.3949,0.3016,0.8693,0.3469,47.0996,1.3297,50.9347,0.2891,,,,,,,,,,,,,,,,,,,,,,,,,,,,,,,,,,,,,,,,,
6,大安區,龍生里,0.054,0.8095,0.2159,0.1079,0.6476,47.0858,51.0793,,,,,,,,,,,44.982,45.5626,9.4553,0.251,46.9325,13.3296,39.1523,0.3346,,,,,4.482,47.857,47.661,0.2,0.0286,0.0,0.0571,0.1429,46.4571,0.1429,25.4571,0.0,0.0,0.0,27.5143,,,,,,,,,,,22.5977,34.9559,42.4464,1.2792,33.287,2.3915,1.7798,0.4727,2.3637,0.0556,3.0033,4.0601,46.2458,0.1669,4.8943,0.6957,0.4969,53.5901,0.4969,0.1988,40.1242,0.0745,3.205,0.472,0.646,0.5443,43.6236,1.4256,53.9658,0.4406,,,,,,,,,,,,,,,,,,,,,,,,,,,,,,,,,,,,,,,,,
6,大安區,龍門里,0.0413,0.9504,0.2066,0.0413,0.5372,43.3058,54.9174,,,,,,,,,,,42.2316,49.4316,8.3368,0.4307,41.9466,15.3747,41.7743,0.4737,,,,,3.7729,45.7975,50.4296,0.1834,0.0459,0.0,0.0,0.0,42.3659,0.1376,23.4296,0.0,0.0,0.0,33.8377,,,,,,,,,,,19.9839,39.2814,40.7348,0.9733,40.0339,2.0736,1.7774,0.7194,1.9467,0.0846,2.4122,5.4168,41.5997,0.127,2.8354,0.4545,0.7576,49.5076,0.5303,0.3409,44.8485,0.1136,2.3864,0.2652,0.7955,0.1667,47.5,1.0833,50.875,0.375,,,,,,,,,,,,,,,,,,,,,,,,,,,,,,,,,,,,,,,,,
6,大安區,龍陣里,0.0,1.1215,0.2336,0.0467,0.7009,45.0467,52.8505,,,,,,,,,,,41.7349,48.8193,9.4458,0.1999,46.9265,16.5917,35.7821,0.4998,,,,,3.5618,48.1966,48.2417,0.1587,0.1587,0.0,0.0,0.1058,46.6667,0.0529,20.6878,0.0,0.0,0.0,32.1693,,,,,,,,,,,19.5662,37.8124,42.6214,1.6113,36.1816,1.3184,1.6113,0.8789,2.3926,0.1465,2.0996,2.7832,44.873,0.0,6.1035,0.7745,0.5011,52.4829,0.7745,0.4556,41.7768,0.1822,2.2323,0.3645,0.4556,0.3425,46.2818,1.0763,52.1037,0.1957,,,,,,,,,,,,,,,,,,,,,,,,,,,,,,,,,,,,,,,,,
6,大安區,龍雲里,0.1779,1.21,0.0712,0.0356,0.5694,44.6619,53.274,,,,,,,,,,,42.3387,49.0469,8.6144,0.2621,44.59,17.1846,37.5515,0.4118,,,,,3.9106,45.1199,50.9694,0.4894,0.1223,0.0,0.0816,0.1223,46.248,0.2447,21.1664,0.0,0.0,0.0,31.5253,,,,,,,,,,,18.5919,37.3671,44.0411,1.263,36.5899,1.4116,1.7088,1.003,2.526,0.1114,2.7117,2.8232,44.9108,0.0743,4.8663,0.433,0.3997,50.1666,0.433,0.433,44.9367,0.0999,2.2652,0.2665,0.5663,0.6757,45.8333,0.8258,52.3649,0.3003,,,,,,,,,,,,,,,,,,,,,,,,,,,,,,,,,,,,,,,,,
7,信義區,三張里,0.0544,0.9427,0.2538,0.1088,0.6164,47.1356,50.8883,,,,,,,,,,,44.4423,44.5567,11.001,0.4373,46.8251,14.7719,37.5665,0.3992,,,,,4.0292,48.6801,47.2907,0.1283,0.0,0.0428,0.0,0.2353,48.2139,0.0642,22.0535,0.0428,0.0,0.0214,29.1979,,,,,,,,,,,22.1076,34.1834,43.709,,,,,,,,,,,,,,,,,,,,,,,,,,,,0.6587,9.1437,0.2906,0.3293,0.1744,0.31,49.7482,39.3452,0.8941,8.9586,49.439,40.6206,0.0877,0.1149,54.8257,0.383,1.6086,43.0678,,,,,,,,,,,,,,,,,,,,,,,
7,信義區,三犁里,0.1308,1.0134,0.0654,0.0981,0.6538,46.3877,51.6509,,,,,,,,,,,44.3406,44.6745,10.985,0.3521,46.0211,13.662,39.5423,0.4225,,,,,4.5401,48.0542,47.4057,0.1498,0.0,0.0,0.0,0.1498,47.8847,0.1123,22.8379,0.0,0.0,0.0,28.8656,,,,,,,,,,,21.6492,34.6068,43.744,,,,,,,,,,,,,,,,,,,,,,,,,,,,0.641,9.1093,0.3036,0.3711,0.0337,0.2699,49.6626,39.6086,1.0343,7.8901,49.3794,41.6076,0.0887,0.0974,53.2295,0.3895,1.2009,45.0828,,,,,,,,,,,,,,,,,,,,,,,
7,信義區,中坡里,0.0696,1.2522,0.1043,0.1391,0.4522,41.5652,56.4174,,,,,,,,,,,38.0398,51.3706,10.5896,0.4484,39.7982,17.8251,41.5546,0.3737,,,,,4.1453,41.4526,54.4022,0.0405,0.1214,0.0405,0.0,0.1214,43.7298,0.0405,23.5841,0.0405,0.0,0.0,32.2816,,,,,,,,,,,24.0801,37.9599,37.9599,,,,,,,,,,,,,,,,,,,,,,,,,,,,0.7167,10.9015,0.1886,0.4149,0.1886,0.3772,43.1158,44.0966,1.7943,10.559,43.4438,44.0304,0.1725,0.0371,50.9098,0.6313,2.4137,46.0082,,,,,,,,,,,,,,,,,,,,,,,
7,信義區,中興里,0.111,0.9434,0.111,0.111,0.3885,45.394,52.9412,,,,,,,,,,,41.8955,47.5498,10.5547,0.2254,45.4085,15.662,37.9718,0.7324,,,,,4.0509,45.7372,50.212,0.2983,0.0,0.0597,0.0,0.179,45.2864,0.1193,22.673,0.0597,0.0,0.0,31.3246,,,,,,,,,,,22.8255,36.1488,41.0256,,,,,,,,,,,,,,,,,,,,,,,,,,,,0.6501,10.5634,0.8667,0.325,0.1625,0.325,45.8288,41.2784,0.8118,9.0258,49.1404,40.7832,0.2388,0.2071,55.6706,0.6732,1.45,41.999,,,,,,,,,,,,,,,,,,,,,,,
7,信義區,中行里,0.1215,1.2356,0.1215,0.2228,0.5469,37.3101,60.4416,,,,,,,,,,,32.7524,55.6854,11.5622,0.2591,36.7444,19.9698,42.7461,0.2807,,,,,4.347,39.0655,56.5875,0.0949,0.0949,0.0,0.0237,0.2135,39.9288,0.0949,24.7924,0.0237,0.0,0.0474,34.6856,,,,,,,,,,,24.5836,40.5861,34.8303,,,,,,,,,,,,,,,,,,,,,,,,,,,,0.7744,12.6694,0.4732,0.6883,0.1291,0.4732,39.6429,45.1495,1.2969,10.2207,41.1731,47.2319,0.0774,0.1717,46.7811,0.6223,2.7468,49.6781,,,,,,,,,,,,,,,,,,,,,,,
7,信義區,五全里,0.0943,0.9425,0.2513,0.1257,0.377,36.7578,61.4515,,,,,,,,,,,33.4291,57.0243,9.5466,0.4875,36.2813,20.9958,41.922,0.3134,,,,,3.8957,37.7914,58.3129,0.1847,0.0,0.0739,0.0369,0.1108,38.3081,0.0739,25.3048,0.0369,0.0,0.0,35.87,,,,,,,,,,,24.4517,41.964,33.5843,,,,,,,,,,,,,,,,,,,,,,,,,,,,0.7707,11.368,0.3854,0.4496,0.0963,0.1927,38.4393,48.298,1.1156,9.2656,40.471,49.0239,0.124,0.1337,45.6703,0.9361,1.6048,51.655,,,,,,,,,,,,,,,,,,,,,,,
7,信義區,五常里,0.0443,0.8426,0.2217,0.0443,0.4435,40.2217,58.1818,,,,,,,,,,,37.7124,51.0335,11.254,0.4384,41.7438,19.3376,38.188,0.2923,,,,,3.5941,42.9175,53.4884,0.0514,0.0514,0.0514,0.0,0.0514,44.1872,0.1029,23.3025,0.0514,0.0,0.0,32.1502,,,,,,,,,,,24.8357,36.9689,38.1954,,,,,,,,,,,,,,,,,,,,,,,,,,,,0.7407,11.5741,0.5093,0.3241,0.2315,0.3241,43.1944,43.1019,1.2335,9.1025,44.4066,45.1723,0.0851,0.2675,50.5573,0.8917,2.4075,45.8761,,,,,,,,,,,,,,,,,,,,,,,
7,信義區,六合里,0.1764,1.159,0.126,0.1764,0.6551,52.6077,45.0995,,,,,,,,,,,47.2573,41.437,11.3057,0.3644,50.911,10.7496,37.6627,0.3123,,,,,3.8523,51.3107,44.837,0.2781,0.0556,0.0,0.0,0.2225,50.9455,0.139,23.5539,0.0,0.0278,0.0278,24.7497,,,,,,,,,,,22.8023,31.0022,46.1955,,,,,,,,,,,,,,,,,,,,,,,,,,,,0.4965,10.243,0.2613,0.4703,0.0784,0.3136,53.7497,34.3872,1.0648,9.3981,53.1481,36.2963,0.0926,0.1765,58.4069,0.479,1.7141,39.2236,,,,,,,,,,,,,,,,,,,,,,,
7,信義區,六藝里,0.1694,1.0165,0.4235,0.1694,0.3812,39.0936,58.7463,,,,,,,,,,,34.538,54.2543,11.2077,0.1991,38.8253,19.8109,40.7168,0.448,,,,,4.2319,37.7486,58.0195,0.0506,0.0506,0.0506,0.0,0.3038,41.7722,0.1519,24.2025,0.0,0.0,0.0,33.4177,,,,,,,,,,,24.3087,40.678,35.0134,,,,,,,,,,,,,,,,,,,,,,,,,,,,0.4163,13.7835,0.6013,0.4625,0.1388,0.5088,41.0731,43.0157,0.7673,8.994,42.029,48.0818,0.1279,0.3645,46.7882,0.9112,1.959,49.9772,,,,,,,,,,,,,,,,,,,,,,,
7,信義區,嘉興里,0.1488,1.4385,0.1488,0.1984,0.496,42.4107,55.1587,,,,,,,,,,,37.8908,52.0933,10.0159,0.3618,42.8941,18.708,37.6227,0.4134,,,,,4.6468,43.3381,52.0152,0.0567,0.0,0.0567,0.0,0.1134,44.2177,0.1134,23.9229,0.0567,0.0,0.0,31.4626,,,,,,,,,,,22.9927,38.1126,38.8947,,,,,,,,,,,,,,,,,,,,,,,,,,,,0.8598,10.3708,0.4836,0.3761,0.1612,0.3224,41.4293,45.9968,1.2956,9.309,43.9539,45.3455,0.096,0.1063,51.5152,0.8506,2.0202,45.5077,,,,,,,,,,,,,,,,,,,,,,,
7,信義區,四維里,0.1837,1.1023,0.1837,0.0612,0.6736,44.06,53.7355,,,,,,,,,,,40.057,50.38,9.563,0.6028,43.6548,15.2919,40.1015,0.349,,,,,4.7443,43.8068,51.4489,0.1056,0.0352,0.0,0.0704,0.1056,45.9345,0.1056,24.076,0.0704,0.0,0.0,29.4967,,,,,,,,,,,22.9947,35.2941,41.7112,,,,,,,,,,,,,,,,,,,,,,,,,,,,0.4783,9.8533,0.1594,0.3827,0.0957,0.2232,44.7066,44.1008,1.0066,10.6414,47.6848,40.4084,0.2588,0.1283,54.1226,0.9625,1.7324,43.0542,,,,,,,,,,,,,,,,,,,,,,,
7,信義區,四育里,0.0551,0.6891,0.2205,0.1103,0.441,36.9625,61.5215,,,,,,,,,,,32.9834,56.9262,10.0904,0.3311,36.4238,21.5834,41.2703,0.3913,,,,,4.0931,38.015,57.8919,0.1272,0.0318,0.0318,0.0,0.1908,39.6947,0.1272,22.4237,0.0318,0.0,0.0318,37.3092,,,,,,,,,,,21.6888,42.4523,35.8589,,,,,,,,,,,,,,,,,,,,,,,,,,,,0.7667,11.2651,0.2359,0.5603,0.2359,0.3244,38.6612,47.9505,0.89,9.1694,40.2913,49.4606,0.1888,0.1767,45.7303,0.9128,2.4441,50.7362,,,,,,,,,,,,,,,,,,,,,,,
7,信義區,國業里,0.0695,0.9727,0.1621,0.0926,0.6948,43.9787,54.0296,,,,,,,,,,,39.5607,48.9742,11.4651,0.3531,44.7976,14.9953,39.548,0.306,,,,,4.4133,44.8224,50.7643,0.2574,0.0257,0.0,0.0257,0.0257,43.8353,0.0515,25.9717,0.0,0.0257,0.0,29.7812,,,,,,,,,,,24.1474,35.317,40.5356,,,,,,,,,,,,,,,,,,,,,,,,,,,,0.3414,11.4362,0.3901,0.4877,0.1463,0.2682,44.8183,42.1117,0.803,8.5286,47.7865,42.73,0.1519,0.1398,54.3802,0.5359,1.794,43.15,,,,,,,,,,,,,,,,,,,,,,,
7,信義區,大仁里,0.1154,1.2692,0.1923,0.2692,0.5,40.8846,56.7692,,,,,,,,,,,38.5246,52.2541,9.2213,0.2885,41.4262,18.8788,39.0354,0.371,,,,,4.3708,42.3512,53.2781,0.2829,0.1213,0.0404,0.0,0.1213,42.118,0.2021,25.3032,0.0,0.0,0.0,31.8108,,,,,,,,,,,29.5908,36.0965,34.3127,,,,,,,,,,,,,,,,,,,,,,,,,,,,0.954,10.2862,0.4977,0.3318,0.0415,0.3733,44.0896,43.426,0.9886,8.5932,45.019,45.2091,0.1901,0.4117,48.6138,0.6862,2.8822,47.406,,,,,,,,,,,,,,,,,,,,,,,
7,信義區,大道里,0.1801,0.8235,0.1544,0.1287,0.4375,38.7545,59.5214,,,,,,,,,,,35.4942,54.4633,10.0425,0.4521,40.6612,18.7906,39.8135,0.2826,,,,,4.3564,39.8515,55.7921,0.2367,0.0,0.0296,0.0296,0.1775,42.5444,0.2071,23.8166,0.0,0.0,0.0,32.9586,,,,,,,,,,,22.5034,39.8385,37.6581,,,,,,,,,,,,,,,,,,,,,,,,,,,,0.8289,10.5882,0.3476,0.3743,0.1337,0.3476,40.8289,46.5508,1.5189,10.01,42.754,45.6175,0.0996,0.1649,50.1511,0.5496,1.9786,47.1558,,,,,,,,,,,,,,,,,,,,,,,
7,信義區,安康里,0.0174,1.1156,0.1394,0.1046,0.4009,44.1869,54.0352,,,,,,,,,,,41.2956,48.6496,10.0547,0.2908,44.3213,16.0276,38.9606,0.3998,,,,,4.3533,45.5836,50.0631,0.0948,0.0379,0.019,0.0379,0.1327,44.872,0.0758,24.2464,0.019,0.1137,0.0,30.3507,,,,,,,,,,,22.1441,36.1334,41.7225,,,,,,,,,,,,,,,,,,,,,,,,,,,,0.2959,10.1701,0.3698,0.3143,0.1294,0.2219,45.0814,43.4172,1.1912,8.9581,47.2205,42.3126,0.3177,0.1499,54.8892,0.6164,1.5992,42.7453,,,,,,,,,,,,,,,,,,,,,,,
7,信義區,富台里,0.1241,1.0339,0.0,0.2068,0.3309,55.2109,43.0935,,,,,,,,,,,49.629,38.1698,12.2012,0.5139,51.2206,10.0214,37.8587,0.3854,,,,,4.276,53.4675,42.2566,0.0823,0.0412,0.0,0.0,0.2058,51.6872,0.1235,23.4156,0.0,0.0412,0.0,24.4033,,,,,,,,,,,22.7401,30.1554,47.1045,,,,,,,,,,,,,,,,,,,,,,,,,,,,0.8757,11.2177,0.7089,0.2919,0.1251,0.3753,55.7131,30.6922,1.2377,9.7925,56.2796,32.5082,0.182,0.1083,61.2053,0.6857,1.9488,36.052,,,,,,,,,,,,,,,,,,,,,,,
7,信義區,廣居里,0.0859,0.8374,0.0429,0.0644,0.4939,46.0812,52.3942,,,,,,,,,,,41.6574,48.6523,9.6904,0.4643,44.6843,14.8097,39.6472,0.3946,,,,,4.0943,46.1125,49.7932,0.15,0.025,0.025,0.0,0.1,45.9365,0.075,24.106,0.0,0.0,0.0,29.5824,,,,,,,,,,,22.9342,34.6443,42.4216,,,,,,,,,,,,,,,,,,,,,,,,,,,,0.3135,11.8898,0.112,0.3135,0.0672,0.2463,46.0143,41.0434,1.1023,9.0266,48.8561,40.7446,0.2704,0.1808,56.3488,0.5874,1.3556,41.5273,,,,,,,,,,,,,,,,,,,,,,,
7,信義區,惠安里,0.128,1.2289,0.1536,0.1024,0.7168,49.8464,47.8239,,,,,,,,,,,45.9797,42.5189,11.5014,0.187,47.6763,12.9541,38.8355,0.3472,,,,,4.1667,49.4991,46.3342,0.2312,0.0289,0.0578,0.0289,0.1445,49.7688,0.1734,24.8266,0.0289,0.0578,0.0289,24.6243,,,,,,,,,,,24.8784,31.5587,43.5628,,,,,,,,,,,,,,,,,,,,,,,,,,,,0.5539,9.0741,0.2902,0.6331,0.1583,0.3957,52.7565,36.1382,1.0626,8.5932,50.9818,39.27,0.0924,0.236,56.3598,0.577,1.8621,40.9651,,,,,,,,,,,,,,,,,,,,,,,
7,信義區,敦厚里,0.2018,1.3454,0.2691,0.0336,0.7064,41.9442,55.4995,,,,,,,,,,,40.2509,48.9318,10.8172,0.5035,41.7925,15.2064,42.0275,0.47,,,,,4.4465,43.8899,51.6636,0.1121,0.0374,0.0,0.0,0.1494,44.1539,0.2988,25.3642,0.0,0.0,0.0,29.8842,,,,,,,,,,,23.8236,37.0846,39.0918,,,,,,,,,,,,,,,,,,,,,,,,,,,,0.5814,11.7647,0.5814,0.4104,0.342,0.2394,45.6566,40.4241,0.9096,10.5518,45.5731,42.8441,0.1213,0.1349,52.3264,0.7417,1.6858,45.1113,,,,,,,,,,,,,,,,,,,,,,,
7,信義區,新仁里,0.0967,1.885,0.0,0.1933,0.4833,48.8159,48.5259,,,,,,,,,,,45.5709,42.8059,11.6231,0.6893,49.8409,13.3086,35.631,0.5302,,,,,3.8462,50.4327,45.7212,0.1166,0.0583,0.0,0.0,0.3499,51.2536,0.0583,21.8659,0.0,0.0,0.0,26.2974,,,,,,,,,,,20.6932,31.971,47.3357,,,,,,,,,,,,,,,,,,,,,,,,,,,,0.4132,8.3678,0.3099,0.5682,0.155,0.3099,50.0517,39.8244,1.0199,9.3735,51.9184,37.6396,0.0486,0.2127,59.4896,0.4253,0.8506,39.0218,,,,,,,,,,,,,,,,,,,,,,,
7,信義區,景勤里,0.0386,1.3122,0.2702,0.193,0.4245,47.3948,50.3667,,,,,,,,,,,44.0134,45.4318,10.5549,0.4303,48.1497,15.8778,35.1119,0.4303,,,,,3.563,48.8254,47.6116,0.2016,0.1008,0.0,0.0504,0.1512,49.5464,0.1008,20.5141,0.0,0.0,0.0504,29.2843,,,,,,,,,,,21.073,35.2361,43.691,,,,,,,,,,,,,,,,,,,,,,,,,,,,1.0157,8.0406,0.3809,0.1693,0.2116,0.3386,48.9632,40.8802,0.9113,8.5182,50.1585,40.2536,0.1585,0.3506,54.3821,0.6135,1.5776,43.0762,,,,,,,,,,,,,,,,,,,,,,,
7,信義區,景新里,0.0337,1.5841,0.1685,0.0674,0.7078,48.1294,49.3091,,,,,,,,,,,44.9185,44.5369,10.5446,0.5859,50.3845,14.2805,34.1999,0.5492,,,,,3.7438,50.1856,46.0705,0.1833,0.11,0.0733,0.0733,0.0367,49.6701,0.1466,22.9472,0.0,0.0367,0.0,26.7229,,,,,,,,,,,20.1423,34.0123,45.8455,,,,,,,,,,,,,,,,,,,,,,,,,,,,0.7981,10.0278,0.2776,0.4511,0.2082,0.2082,49.0632,38.966,0.8432,7.6827,51.9051,39.4129,0.1562,0.0988,57.9051,0.4941,1.4163,40.0856,,,,,,,,,,,,,,,,,,,,,,,
7,信義區,景聯里,0.2447,1.0486,0.4893,0.1049,0.4194,42.5725,55.1206,,,,,,,,,,,40.644,48.4794,10.8766,0.3786,43.7713,15.8652,39.6819,0.3029,,,,,5.5681,44.1262,50.3058,0.0825,0.0,0.0413,0.0,0.1238,45.1094,0.0413,24.0611,0.0,0.0,0.0413,30.4994,,,,,,,,,,,22.7256,35.4549,41.8195,,,,,,,,,,,,,,,,,,,,,,,,,,,,0.7265,9.4079,0.3996,0.3632,0.0726,0.4359,46.7127,41.8816,1.4263,10.2107,48.9465,39.2869,0.1297,0.1101,54.3119,0.844,2.2752,42.4587,,,,,,,,,,,,,,,,,,,,,,,
7,信義區,松光里,0.1956,0.8149,0.2282,0.0652,0.3911,39.6349,58.6701,,,,,,,,,,,36.1724,52.8966,10.931,0.2448,39.7203,19.4056,40.1748,0.4545,,,,,4.0968,40.9373,54.9659,0.1522,0.0,0.0761,0.0381,0.0761,42.4277,0.1522,23.4018,0.0,0.0,0.0,33.6758,,,,,,,,,,,21.2253,40.6428,38.1319,,,,,,,,,,,,,,,,,,,,,,,,,,,,0.5569,9.7807,0.4177,0.2436,0.2436,0.3133,41.2113,47.2329,0.7812,10.0,42.2812,46.875,0.0625,0.2398,48.9551,0.3426,1.7129,48.7496,,,,,,,,,,,,,,,,,,,,,,,
7,信義區,松友里,0.0757,1.0598,0.2271,0.3533,0.5047,43.2248,54.5546,,,,,,,,,,,39.4876,48.5209,11.9915,0.4246,42.7017,16.0032,40.5255,0.345,,,,,4.4429,44.7375,50.8197,0.2589,0.0288,0.0288,0.0288,0.2301,44.9655,0.1438,25.0863,0.0,0.0288,0.0288,29.1715,,,,,,,,,,,24.5649,35.5107,39.9243,,,,,,,,,,,,,,,,,,,,,,,,,,,,0.4291,11.9067,0.1877,0.5095,0.1073,0.295,46.2322,40.3325,0.9799,10.0621,46.1042,42.7103,0.1434,0.1537,52.5237,0.4868,1.896,44.9398,,,,,,,,,,,,,,,,,,,,,,,
7,信義區,松隆里,0.3003,1.1261,0.1502,0.2252,0.3003,42.9429,54.955,,,,,,,,,,,36.725,49.9205,13.3545,0.1599,42.6059,19.0248,37.5699,0.6395,,,,,4.0201,42.6418,53.3381,0.3413,0.0,0.0,0.0,0.1706,45.1365,0.0853,23.6348,0.0,0.0,0.0,30.6314,,,,,,,,,,,23.6165,36.2432,40.1403,,,,,,,,,,,,,,,,,,,,,,,,,,,,0.8864,11.3618,0.5641,0.3223,0.1612,0.6446,44.9637,41.0959,1.0189,10.0437,44.9782,43.7409,0.2183,0.1591,50.358,1.2729,2.6253,45.5847,,,,,,,,,,,,,,,,,,,,,,,
7,信義區,正和里,0.1803,1.0458,0.1803,0.1442,0.6852,50.2705,47.4937,,,,,,,,,,,46.5273,41.7102,11.7625,0.5291,48.7528,15.4195,34.7695,0.5291,,,,,4.3195,50.8056,44.8749,0.1213,0.0,0.1213,0.0,0.1213,49.1916,0.2021,23.2013,0.0,0.0404,0.0,27.0008,,,,,,,,,,,21.1373,32.4729,46.3898,,,,,,,,,,,,,,,,,,,,,,,,,,,,0.5245,9.3293,0.8243,0.3372,0.1124,0.3747,52.9786,35.5189,0.8627,8.5231,53.4161,37.0255,0.1725,0.1534,59.6626,0.7285,1.9555,37.5,,,,,,,,,,,,,,,,,,,,,,,
7,信義區,永吉里,0.2037,0.6517,0.1222,0.4073,0.2444,29.4501,68.9206,,,,,,,,,,,25.8379,63.9796,10.1824,0.2648,30.8914,22.3301,46.293,0.2207,,,,,2.835,31.2621,65.9029,0.049,0.0,0.0,0.0,0.0979,34.3291,0.0,25.906,0.049,0.0,0.0,39.569,,,,,,,,,,,25.4842,45.0264,29.4894,,,,,,,,,,,,,,,,,,,,,,,,,,,,0.9099,13.0849,0.5633,0.6066,0.13,0.3466,32.539,51.8198,1.0647,9.6609,33.4385,55.6388,0.1972,0.3159,39.3051,0.4964,2.1209,57.7617,,,,,,,,,,,,,,,,,,,,,,,
7,信義區,永春里,0.0997,1.3626,0.2659,0.2326,0.4985,37.2881,60.2526,,,,,,,,,,,34.2324,55.982,9.7856,0.4687,37.3954,20.4218,41.1784,0.5357,,,,,4.3532,38.3452,57.3016,0.0745,0.0,0.1863,0.0,0.1118,40.6855,0.0373,25.2981,0.0,0.0,0.0373,33.5693,,,,,,,,,,,22.9181,39.7735,37.3085,,,,,,,,,,,,,,,,,,,,,,,,,,,,0.9139,10.4745,0.4218,0.5975,0.246,0.5624,39.4025,47.3814,1.2434,10.8797,39.571,48.1815,0.1243,0.0679,49.5245,0.6793,1.7323,47.9959,,,,,,,,,,,,,,,,,,,,,,,
7,信義區,泰和里,0.1947,1.1464,0.2379,0.2163,0.3245,44.8626,53.0175,,,,,,,,,,,40.9941,47.1956,11.8103,0.3736,45.0852,15.6199,38.361,0.5604,,,,,4.2416,45.5666,50.1919,0.0506,0.1266,0.0759,0.0,0.1519,46.3174,0.1012,23.8927,0.0506,0.0,0.0506,29.1825,,,,,,,,,,,24.4145,35.1083,40.4772,,,,,,,,,,,,,,,,,,,,,,,,,,,,1.0162,10.3233,0.1848,0.3926,0.1155,0.2771,47.6212,40.0693,1.3029,8.3876,47.048,43.0782,0.1832,0.1586,52.8439,0.5212,2.3567,44.1196,,,,,,,,,,,,,,,,,,,,,,,
7,信義區,興隆里,0.3191,1.2125,0.1914,0.1276,0.3191,50.9892,46.8411,,,,,,,,,,,45.6579,42.5658,11.7763,0.2743,50.4801,14.4033,34.1564,0.6859,,,,,4.1565,51.467,44.3765,0.3745,0.0,0.1498,0.0,0.2247,49.8876,0.0749,21.6479,0.0,0.0,0.0749,27.5655,,,,,,,,,,,22.176,32.0859,45.738,,,,,,,,,,,,,,,,,,,,,,,,,,,,0.6012,10.5544,0.0668,0.5344,0.0,0.6012,47.7622,39.8798,1.3707,8.0997,53.2087,37.0093,0.3115,0.1431,60.515,0.5722,2.289,36.4807,,,,,,,,,,,,,,,,,,,,,,,
7,信義區,興雅里,0.2617,0.8723,0.3199,0.0872,0.4943,42.8613,55.1032,,,,,,,,,,,39.1629,50.7623,10.0747,0.3995,44.5298,16.7793,37.9226,0.3688,,,,,5.1373,44.3871,50.4757,0.3405,0.2383,0.0,0.0,0.1021,44.399,0.1021,23.8338,0.034,0.0681,0.0,30.8819,,,,,,,,,,,21.593,37.7953,40.6118,,,,,,,,,,,,,,,,,,,,,,,,,,,,0.5428,10.4644,0.4222,0.4222,0.2111,0.392,44.24,43.3052,1.0694,8.5276,48.1492,41.9797,0.2742,0.2765,52.1045,0.6452,2.0891,44.8848,,,,,,,,,,,,,,,,,,,,,,,
7,信義區,西村里,0.0,0.973,0.1802,0.1802,0.4685,60.2883,37.9099,,,,,,,,,,,56.9124,32.2332,10.8544,0.369,56.3469,8.9299,33.8745,0.4797,,,,,3.7335,60.1545,36.112,0.1516,0.0758,0.0,0.0,0.0,57.8628,0.0,21.4475,0.0,0.0379,0.0379,20.3865,,,,,,,,,,,22.661,24.3686,52.9705,,,,,,,,,,,,,,,,,,,,,,,,,,,,0.3676,7.4265,0.6985,0.1838,0.1103,0.1838,61.8382,29.1912,1.1071,8.9873,63.3019,26.5386,0.0651,0.2896,69.2252,0.4707,1.6293,28.3852,,,,,,,,,,,,,,,,,,,,,,,
7,信義區,長春里,0.0754,1.2066,0.1131,0.2262,0.3771,38.9894,59.0121,,,,,,,,,,,34.3042,53.8835,11.8123,0.6396,37.7351,21.1437,39.9549,0.5267,,,,,3.9464,39.6054,56.4482,0.2111,0.0845,0.0,0.0,0.2534,40.4983,0.0422,24.6622,0.0,0.0,0.0,34.2483,,,,,,,,,,,24.3978,39.3551,36.2471,,,,,,,,,,,,,,,,,,,,,,,,,,,,0.6593,13.5558,0.2472,0.7417,0.0824,0.206,40.5439,43.9637,0.9299,9.5136,39.8784,49.4993,0.1788,0.1582,45.8861,0.6329,2.0965,51.2263,,,,,,,,,,,,,,,,,,,,,,,
7,信義區,雅祥里,0.1633,1.2741,0.2614,0.0653,0.3267,37.4387,60.4704,,,,,,,,,,,34.8569,55.0942,10.0488,0.6329,39.9789,18.6006,40.0492,0.7384,,,,,4.1463,40.7012,55.1524,0.1716,0.1373,0.0343,0.0,0.103,39.2588,0.1716,24.4338,0.0343,0.0,0.0343,35.6211,,,,,,,,,,,24.5168,38.8853,36.5979,,,,,,,,,,,,,,,,,,,,,,,,,,,,0.7082,12.5708,0.4958,1.1686,0.0354,0.3187,38.8456,45.8569,1.0749,9.613,41.1241,48.0958,0.0921,0.1649,48.8456,0.7586,1.6161,48.6148,,,,,,,,,,,,,,,,,,,,,,,
7,信義區,雙和里,0.0229,1.3535,0.1147,0.1376,0.5047,46.0427,51.8238,,,,,,,,,,,43.0733,45.2955,11.6312,0.4767,47.7923,13.5725,37.8073,0.3512,,,,,4.6377,47.3819,47.9803,0.1523,0.0508,0.0,0.0254,0.2285,48.1594,0.1015,23.9401,0.0508,0.0254,0.0254,27.2404,,,,,,,,,,,24.1333,33.6166,42.2501,,,,,,,,,,,,,,,,,,,,,,,,,,,,0.4725,8.9298,0.2126,0.3071,0.0472,0.3544,49.7519,39.9244,1.0771,8.5093,49.6553,40.629,0.1293,0.1596,55.0969,0.6385,1.5051,42.5998,,,,,,,,,,,,,,,,,,,,,,,
7,信義區,黎安里,0.0,1.3591,0.0,0.0715,0.2861,62.0887,36.1946,,,,,,,,,,,56.5921,34.387,9.0208,1.1676,57.965,12.9274,27.6063,0.3336,,,,,4.3678,56.092,39.5402,0.293,0.293,0.0,0.0,0.293,55.7617,0.293,18.457,0.0977,0.0,0.0,24.5117,,,,,,,,,,,19.2029,29.2572,51.5399,,,,,,,,,,,,,,,,,,,,,,,,,,,,1.2658,7.0411,0.3165,0.4747,0.2373,0.4747,64.3987,25.7911,0.6211,7.8416,61.7236,29.736,0.0776,0.7414,61.8165,0.278,2.2243,34.9398,,,,,,,,,,,,,,,,,,,,,,,
7,信義區,黎平里,0.1641,1.2192,0.1876,0.1407,0.5158,44.0797,53.6928,,,,,,,,,,,41.1296,46.6811,12.1892,0.3816,45.5864,14.6528,38.896,0.4833,,,,,4.5278,45.7309,49.7413,0.133,0.0,0.0,0.0,0.1064,48.5897,0.1064,23.2038,0.0266,0.0266,0.0798,27.7275,,,,,,,,,,,22.3223,34.2105,43.4672,,,,,,,,,,,,,,,,,,,,,,,,,,,,0.8568,9.9878,0.4651,0.3917,0.1224,0.4896,46.6095,41.0771,1.1116,10.4403,48.4307,39.8867,0.1308,0.2357,55.6341,0.6601,2.2159,41.2541,,,,,,,,,,,,,,,,,,,,,,,
7,信義區,黎忠里,0.1369,1.1294,0.1711,0.1027,0.6502,43.6003,54.2094,,,,,,,,,,,40.1531,48.7822,11.0647,0.2829,44.4484,15.7709,39.0028,0.495,,,,,4.6415,45.8067,49.5519,0.1475,0.0369,0.0,0.0,0.1475,46.4602,0.1844,24.1519,0.0,0.0,0.0,28.8717,,,,,,,,,,,23.5354,34.3771,42.0875,,,,,,,,,,,,,,,,,,,,,,,,,,,,0.7381,10.3691,0.2109,0.4218,0.1054,0.5624,47.9789,39.6134,1.0303,10.528,49.8068,38.4417,0.1932,0.4131,55.5938,0.7573,2.8916,40.3442,,,,,,,,,,,,,,,,,,,,,,,
7,信義區,黎順里,0.1667,1.3339,0.1251,0.0834,0.5002,45.3522,52.4385,,,,,,,,,,,42.905,47.5513,9.5437,0.4723,46.0713,15.2426,37.8703,0.3435,,,,,3.8092,46.5179,49.673,0.0925,0.0463,0.0463,0.0,0.4163,47.7336,0.1388,23.0342,0.0463,0.0463,0.0,28.3996,,,,,,,,,,,21.6116,34.9174,43.4711,,,,,,,,,,,,,,,,,,,,,,,,,,,,0.7682,10.6274,0.3841,0.2134,0.2134,0.5975,47.3325,39.8634,1.1249,9.8138,47.595,41.3111,0.1552,0.2113,54.9873,0.3804,2.1133,42.3077,,,,,,,,,,,,,,,,,,,,,,,
7,松山區,中崙里,0.2971,0.8489,0.1273,0.1698,0.5518,42.8693,55.1358,,,,,,,,,,,38.0849,51.5598,10.3553,0.7988,42.0869,15.7763,41.338,0.0,,,,,4.2101,41.5798,54.2101,0.2347,0.0939,0.0,0.0,0.0469,41.3146,0.0939,27.0423,0.1408,0.0,0.0469,30.9859,,,,,,,,,,,24.2437,37.3671,38.3892,,,,,,,,,,,,,,,,,,,,,,,,,,,,0.3961,10.5194,0.6162,0.6602,0.044,0.5282,44.4542,42.7817,1.2551,9.5547,44.7773,44.17,0.2429,0.1259,53.1486,0.2519,1.8892,44.5844,,,,,,,,,,,,,,,,,,,,,,,
7,松山區,中正里,0.0949,0.8541,0.1329,0.1329,0.6643,37.844,60.2771,,,,,,,,,,,33.739,55.8391,10.422,0.4784,37.3544,17.1589,44.5092,0.4992,,,,,4.4877,39.172,56.3402,0.2566,0.0214,0.0214,0.0214,0.2352,39.1788,0.1711,25.0428,0.0,0.0,0.0,35.0513,,,,,,,,,,,22.5018,41.7891,35.709,,,,,,,,,,,,,,,,,,,,,,,,,,,,0.7549,12.4156,0.3774,0.3178,0.1391,0.3774,38.8161,46.8017,1.3518,9.9544,41.3799,47.1208,0.1931,0.1136,48.8645,0.5299,1.779,48.7131,,,,,,,,,,,,,,,,,,,,,,,
7,松山區,吉仁里,0.0,1.1945,0.256,0.128,0.5546,41.5956,56.2713,,,,,,,,,,,38.3648,50.3594,11.2758,0.3945,40.927,17.2584,40.927,0.4931,,,,,4.6569,41.9118,53.4314,0.0494,0.0,0.0,0.0,0.0988,41.0864,0.0494,25.5309,0.0494,0.0494,0.0494,33.037,,,,,,,,,,,23.3564,39.5329,37.1107,,,,,,,,,,,,,,,,,,,,,,,,,,,,0.4096,10.7419,0.3186,0.3186,0.1365,0.5917,43.9235,43.5594,0.7386,9.4378,44.8913,44.7682,0.1641,0.0887,49.9335,0.4435,1.7738,47.7605,,,,,,,,,,,,,,,,,,,,,,,
7,松山區,吉祥里,0.0603,0.9445,0.1407,0.2412,0.4823,43.5088,54.6222,,,,,,,,,,,39.8708,49.1246,11.0046,0.3861,43.8438,17.0099,38.5886,0.1716,,,,,4.3064,44.5849,51.1087,0.2288,0.0229,0.0229,0.0,0.0915,44.9325,0.1144,22.695,0.0229,0.0229,0.0,31.8463,,,,,,,,,,,21.6748,37.5507,40.7745,,,,,,,,,,,,,,,,,,,,,,,,,,,,0.5474,10.4421,0.5474,0.2105,0.2316,0.1895,44.4842,43.3474,0.9066,9.5467,46.79,42.6457,0.111,0.1657,53.7378,0.5798,1.7395,43.7772,,,,,,,,,,,,,,,,,,,,,,,
7,松山區,復勢里,0.0545,0.5722,0.0272,0.109,0.5177,37.6022,61.1172,,,,,,,,,,,34.6727,55.0716,10.2557,0.1759,38.5517,18.0006,42.832,0.4398,,,,,4.661,38.9083,56.4307,0.331,0.0301,0.0,0.0,0.0602,39.8435,0.3009,26.3617,0.0301,0.0,0.0,33.0424,,,,,,,,,,,24.3673,40.7253,34.9074,,,,,,,,,,,,,,,,,,,,,,,,,,,,0.6313,11.1047,0.2296,0.3156,0.0861,0.3156,39.8565,47.4605,1.0096,11.3831,41.9233,45.4316,0.2524,0.2144,48.6465,0.6433,2.5194,47.9764,,,,,,,,,,,,,,,,,,,,,,,
7,松山區,復建里,0.1164,1.0865,0.1552,0.0388,0.388,44.9748,53.2402,,,,,,,,,,,40.4332,47.6534,11.9134,0.3412,44.4776,15.1386,39.6588,0.3838,,,,,4.7997,45.0018,50.1985,0.1656,0.0,0.0,0.0,0.0414,42.8157,0.0828,26.6667,0.0,0.0414,0.0414,30.1449,,,,,,,,,,,22.5483,36.5156,40.9361,,,,,,,,,,,,,,,,,,,,,,,,,,,,0.9293,10.9495,0.3232,0.3232,0.0,0.404,47.3131,39.7576,1.0842,9.8301,46.5847,42.3563,0.1446,0.114,53.8374,0.7219,1.8617,43.465,,,,,,,,,,,,,,,,,,,,,,,
7,松山區,復源里,0.0528,1.2665,0.3166,0.1055,0.5277,44.4855,53.2454,,,,,,,,,,,39.9128,48.4733,11.614,0.1159,42.8406,16.6377,39.8261,0.5797,,,,,3.6507,45.8806,50.4687,0.1129,0.1129,0.0,0.0,0.1693,45.2596,0.0564,24.2664,0.0,0.0564,0.0,29.9661,,,,,,,,,,,22.3599,37.2831,40.357,,,,,,,,,,,,,,,,,,,,,,,,,,,,0.4417,9.7736,0.497,0.2761,0.3865,0.1104,47.4324,41.0823,1.3993,8.8456,47.1264,42.5787,0.05,0.1018,52.7735,0.5089,1.6794,44.9364,,,,,,,,,,,,,,,,,,,,,,,
7,松山區,復盛里,0.1241,1.3155,0.1489,0.1241,0.5709,45.52,52.1966,,,,,,,,,,,41.4099,47.7023,10.8877,0.613,44.8593,16.1048,38.0886,0.3344,,,,,4.4235,46.1445,49.432,0.0571,0.0857,0.0,0.0571,0.0571,47.3158,0.1713,22.4443,0.0,0.0571,0.0286,29.7259,,,,,,,,,,,22.1606,36.0275,41.8119,,,,,,,,,,,,,,,,,,,,,,,,,,,,0.5808,10.1109,0.3168,0.2904,0.1848,0.2904,47.0433,41.1827,0.9311,8.4293,48.8361,41.73,0.0735,0.1619,54.5062,0.5936,1.9428,42.7955,,,,,,,,,,,,,,,,,,,,,,,
7,松山區,慈祐里,0.1273,0.9167,0.1783,0.1273,0.3056,34.7594,63.5854,,,,,,,,,,,29.7741,58.0852,12.1407,0.3834,34.0635,21.1939,43.7295,0.6298,,,,,5.1976,36.0341,58.7683,0.3392,0.0261,0.0,0.0,0.1565,38.1164,0.1044,24.3412,0.0522,0.0261,0.0522,36.7858,,,,,,,,,,,25.5253,40.9202,33.5545,,,,,,,,,,,,,,,,,,,,,,,,,,,,0.8364,14.2969,0.3659,0.5489,0.1568,0.4705,35.5985,47.7261,1.1351,11.7071,36.5457,50.4118,0.2003,0.2733,45.7175,0.7745,2.3235,50.9112,,,,,,,,,,,,,,,,,,,,,,,
7,松山區,敦化里,0.2175,0.8217,0.29,0.2175,0.7008,39.6568,58.0957,,,,,,,,,,,36.4224,53.1925,10.3851,0.5288,40.3562,18.1742,40.3562,0.5845,,,,,4.0708,40.4554,55.4738,0.082,0.0273,0.0273,0.0,0.3007,40.9787,0.246,24.3029,0.0,0.0,0.0273,34.0077,,,,,,,,,,,22.1632,40.2945,37.5423,,,,,,,,,,,,,,,,,,,,,,,,,,,,0.5503,11.3307,0.2751,0.5753,0.1001,0.4252,41.4457,45.2976,0.8551,9.5678,43.425,46.0134,0.1387,0.247,49.5431,0.7162,1.8276,47.6661,,,,,,,,,,,,,,,,,,,,,,,
7,松山區,新聚里,0.1029,0.8644,0.1852,0.1029,0.5763,39.5555,58.6129,,,,,,,,,,,36.4207,52.9972,10.5821,0.2358,39.071,17.5195,42.8437,0.3301,,,,,4.1562,40.4657,55.3781,0.1414,0.0471,0.0236,0.0,0.165,42.4564,0.0,24.446,0.0236,0.0236,0.0707,32.6025,,,,,,,,,,,24.3892,39.194,36.4168,,,,,,,,,,,,,,,,,,,,,,,,,,,,0.6161,11.7052,0.5061,0.462,0.132,0.44,41.3641,44.7745,1.0702,10.3911,42.4012,45.9817,0.1557,0.0641,52.0393,0.7474,2.0927,45.0566,,,,,,,,,,,,,,,,,,,,,,,
7,松山區,福成里,0.063,0.6301,0.126,0.126,0.252,40.3907,58.4121,,,,,,,,,,,36.1604,54.3721,9.4675,0.5638,39.8168,18.3932,41.0148,0.2114,,,,,4.9057,40.5031,54.5912,0.2174,0.0725,0.0725,0.0,0.0725,42.3913,0.1449,23.4783,0.0,0.0,0.0,33.5507,,,,,,,,,,,20.3785,42.4606,37.1609,,,,,,,,,,,,,,,,,,,,,,,,,,,,0.602,11.7726,0.2676,0.0669,0.2007,0.8696,38.796,47.4247,1.2033,9.183,44.2052,45.0285,0.38,0.2635,50.3294,0.7905,1.6469,46.9697,,,,,,,,,,,,,,,,,,,,,,,
7,松山區,美仁里,0.0995,0.9448,0.0497,0.0,0.4475,39.7315,58.727,,,,,,,,,,,36.4368,54.152,9.4112,0.164,38.819,20.5577,40.0765,0.3827,,,,,3.8667,39.2,56.9333,0.0,0.1125,0.0,0.0,0.1125,41.676,0.225,22.3847,0.0,0.0,0.0,35.4893,,,,,,,,,,,21.6334,41.2737,37.0929,,,,,,,,,,,,,,,,,,,,,,,,,,,,0.3573,10.6687,0.4084,0.2552,0.1021,0.3063,42.2154,45.6866,0.943,10.1931,41.9398,46.6996,0.2245,0.0495,48.3408,0.8915,1.4364,49.2818,,,,,,,,,,,,,,,,,,,,,,,
8,中正區,富水里,0.0745,1.787,0.0745,0.1489,0.3723,55.7707,41.7722,,,,,,,,,,,48.8628,37.124,14.0132,0.5047,47.9452,8.2192,42.8262,0.5047,,,,,5.4569,51.0152,43.5279,0.084,0.0,0.0,0.0,0.084,49.6222,0.0,30.2267,0.0,0.0,0.0,19.9832,,,,,,,,,,,28.0664,27.7778,44.1558,,,,,,,,,,,,,,,,,,,,,,,,,,,,,,,,,,,,,,,,,,,,,,25.9819,1.284,12.6133,58.6103,0.5287,0.9819,0.3934,4.1311,0.6557,1.3115,28.3279,53.5082,3.541,1.0492,7.082,0.8969,50.6726,24.8132,4.9327,0.3737,18.0867,0.1495,0.0747
8,中正區,文盛里,0.0,0.869,0.4345,0.3104,1.1173,38.7958,58.473,,,,,,,,,,,39.3959,50.0643,10.5398,0.3571,42.0714,18.7857,38.0,0.7857,,,,,5.3518,42.6338,52.0144,0.5431,0.0,0.0,0.0679,0.1358,42.4983,0.3394,23.2858,0.0679,0.0,0.0,33.0618,,,,,,,,,,,21.9059,39.2327,38.8614,,,,,,,,,,,,,,,,,,,,,,,,,,,,,,,,,,,,,,,,,,,,,,38.8166,1.3004,13.1339,45.5137,0.3901,0.8453,0.367,3.2416,0.6116,1.6514,39.0826,45.0153,2.8135,0.4893,6.7278,0.6333,43.6985,36.9221,3.7999,0.3167,14.3129,0.0633,0.2533
8,中正區,板溪里,0.1949,1.4133,0.0975,0.2924,0.6335,41.1306,56.2378,,,,,,,,,,,38.6534,49.7756,11.5711,0.4082,44.5918,16.9898,37.7551,0.2551,,,,,3.9944,45.0534,50.9522,0.2141,0.0,0.0535,0.0535,0.1071,45.5567,0.1606,25.2141,0.0,0.0,0.0,28.6403,,,,,,,,,,,23.2388,34.6295,42.1317,,,,,,,,,,,,,,,,,,,,,,,,,,,,,,,,,,,,,,,,,,,,,,39.0107,1.0199,12.4936,46.7619,0.4589,0.255,0.3766,3.1544,0.7062,0.8945,37.8531,48.5405,2.4011,0.8004,5.2731,1.9889,46.2535,31.7761,3.839,0.9713,14.8936,0.2313,0.0463
8,中正區,林興里,0.1113,1.6327,0.1113,0.1484,0.705,48.5343,48.757,,,,,,,,,,,44.9109,43.4059,11.6832,0.3094,45.5143,13.9598,39.6752,0.5414,,,,,4.2667,48.7,47.0333,0.1986,0.0397,0.0397,0.0,0.3177,45.5917,0.0794,28.197,0.0,0.0,0.0397,25.4964,,,,,,,,,,,25.4272,32.4334,42.1394,,,,,,,,,,,,,,,,,,,,,,,,,,,,,,,,,,,,,,,,,,,,,,34.3913,0.8839,11.5709,51.6272,0.7634,0.7634,0.2387,2.7617,0.6819,1.432,33.9584,52.1991,3.0344,0.5455,5.1483,0.4885,47.6622,30.2163,5.1291,0.5234,15.6664,0.2442,0.0698
8,中正區,水源里,0.06,0.9592,0.2998,0.1799,0.5995,39.3885,58.5132,,,,,,,,,,,37.7631,51.2327,11.0042,0.4332,41.5223,17.698,39.7896,0.5569,,,,,4.6646,42.2432,53.0922,0.1923,0.0,0.0,0.0,0.3205,41.4103,0.0641,24.2308,0.0,0.0,0.0,33.7821,,,,,,,,,,,21.9581,40.747,37.2949,,,,,,,,,,,,,,,,,,,,,,,,,,,,,,,,,,,,,,,,,,,,,,40.625,0.4902,13.6029,43.9338,0.4289,0.9191,0.1587,2.963,0.6349,1.3757,40.6349,45.1852,2.381,0.4762,6.1905,0.9206,41.7722,38.7802,3.5098,0.2301,14.3268,0.2877,0.1726
8,中正區,河堤里,0.0732,1.6477,0.1831,0.476,0.5126,45.0384,52.0688,,,,,,,,,,,43.5022,45.7416,10.7562,0.5477,44.9922,14.4366,39.7496,0.2739,,,,,4.4842,46.9993,48.5165,0.493,0.0,0.0411,0.0822,0.1643,46.5078,0.2876,22.6376,0.0411,0.0,0.0,29.7453,,,,,,,,,,,22.6744,34.8474,42.4782,,,,,,,,,,,,,,,,,,,,,,,,,,,,,,,,,,,,,,,,,,,,,,34.3669,0.8859,12.8461,50.1292,0.7014,1.0705,0.273,3.0717,0.7509,1.2287,36.5188,48.9761,2.4232,0.6143,6.1433,0.6654,45.7671,31.756,5.0647,1.4048,14.9723,0.2588,0.1109
8,中正區,網溪里,0.1109,1.1918,0.3326,0.1386,0.6652,42.8215,54.7395,,,,,,,,,,,41.0099,48.453,10.5371,0.5921,43.1616,15.0385,40.823,0.3848,,,,,4.0725,45.2444,50.6831,0.4124,0.0952,0.0635,0.0,0.2221,43.2741,0.0317,25.3807,0.0,0.0,0.0,30.5203,,,,,,,,,,,23.14,37.0297,39.8303,,,,,,,,,,,,,,,,,,,,,,,,,,,,,,,,,,,,,,,,,,,,,,35.6424,0.7993,13.3807,48.7567,0.4737,0.9473,0.32,2.7733,0.8267,1.0667,38.56,48.24,2.3733,0.5333,5.3067,0.8048,40.8738,33.6304,4.6565,5.8638,13.9983,0.1437,0.0287
8,中正區,螢圃里,0.1518,1.0625,0.1214,0.0304,0.8804,44.2927,53.4608,,,,,,,,,,,42.5788,48.2684,9.1528,0.5141,44.8907,14.6208,39.428,0.5463,,,,,4.7043,46.1623,49.1334,0.1633,0.0327,0.0327,0.0,0.196,44.6767,0.098,24.5591,0.0,0.0653,0.0,30.1764,,,,,,,,,,,23.8488,34.4514,41.6998,,,,,,,,,,,,,,,,,,,,,,,,,,,,,,,,,,,,,,,,,,,,,,36.5324,0.5349,12.3977,49.2763,0.5979,0.6608,0.2529,3.3436,0.7305,1.6016,36.218,49.0306,2.5569,0.7586,5.5072,0.9043,45.8285,31.972,4.1715,1.4586,15.5776,0.0583,0.0292
8,中正區,螢雪里,0.1773,0.9929,0.2128,0.1418,0.5319,42.4823,55.461,,,,,,,,,,,40.0147,48.1945,11.7907,0.3528,43.1987,16.3857,39.7099,0.3528,,,,,3.7949,46.8376,49.3675,0.1278,0.1704,0.0852,0.0,0.2556,46.1014,0.213,23.9455,0.0426,0.0,0.0,29.0584,,,,,,,,,,,25.4601,34.4325,40.1074,,,,,,,,,,,,,,,,,,,,,,,,,,,,,,,,,,,,,,,,,,,,,,35.8781,0.865,14.2535,47.0102,0.8274,1.1659,0.4508,3.1553,0.6935,2.0458,35.5409,48.1623,2.5312,0.5201,6.9001,1.1714,44.3967,31.7845,5.2714,0.82,16.3608,0.1562,0.039
8,中正區,頂東里,0.0,1.0618,0.2178,0.2178,0.7623,40.7569,56.9834,,,,,,,,,,,39.5999,50.2878,10.1124,0.543,40.7545,16.3189,41.8977,0.4859,,,,,4.3733,44.0122,51.6145,0.1814,0.0605,0.0907,0.0,0.3628,43.6518,0.1209,23.821,0.0,0.0,0.0,31.711,,,,,,,,,,,21.9615,38.1229,39.9156,,,,,,,,,,,,,,,,,,,,,,,,,,,,,,,,,,,,,,,,,,,,,,36.9848,0.8575,13.61,47.2476,0.4426,0.8575,0.7218,2.5006,0.6961,1.5726,39.0049,46.9193,2.9647,0.5929,5.0271,0.8347,43.7264,35.2181,4.6581,0.4039,15.0512,0.0808,0.0269
8,文山區,博嘉里,0.1834,1.3146,0.1529,0.0611,0.7949,46.1327,51.3604,,,,,,,,,,,42.4984,46.4218,11.0797,0.6785,45.8997,14.6018,38.4366,0.3835,,,,,4.9598,46.8901,48.1501,0.1919,0.0,0.064,0.032,0.1599,47.6495,0.2239,23.377,0.0,0.0,0.032,28.2699,,,,,,,,,,,24.0474,34.6317,41.3209,,,,,,,,,,,,,,,,,,,,,,,,,,,,,,,,,,,,,,,,,,,,,,41.7762,0.8015,11.6704,44.6938,0.6092,0.4489,0.1365,4.0131,0.5733,1.1193,36.7731,48.3756,2.5116,0.4368,6.0606,0.58,45.9107,35.9919,3.1903,0.377,13.7471,0.145,0.058
8,文山區,忠順里,0.0435,1.3931,0.0871,0.0871,0.9142,53.0692,44.4057,,,,,,,,,,,51.3169,37.7655,10.9176,0.2033,53.5366,10.3252,35.2439,0.6911,,,,,4.335,55.2535,40.4115,0.1251,0.0,0.0,0.0,0.2502,53.6697,0.2085,23.9366,0.0,0.0,0.0,21.8098,,,,,,,,,,,22.6691,27.6051,49.7258,,,,,,,,,,,,,,,,,,,,,,,,,,,,,,,,,,,,,,,,,,,,,,31.1159,0.7296,11.7167,55.1502,0.6867,0.6009,0.185,4.3285,0.7769,0.6659,29.1158,55.5309,1.6648,0.7769,6.9552,0.3346,53.0855,28.8848,2.3792,0.2974,14.8327,0.1115,0.0743
8,文山區,指南里,0.1498,1.0984,0.0499,0.1997,0.8487,38.1927,59.4608,,,,,,,,,,,34.8739,52.0075,13.1186,0.5545,39.6488,17.2828,41.9593,0.5545,,,,,3.796,42.6255,53.5785,0.3597,0.045,0.1349,0.0,0.2248,40.9173,0.3147,27.3831,0.0,0.0,0.045,30.5755,,,,,,,,,,,26.0176,36.8316,37.1508,,,,,,,,,,,,,,,,,,,,,,,,,,,,,,,,,,,,,,,,,,,,,,51.3718,0.5676,11.8732,34.9574,0.473,0.7569,0.2007,3.7736,0.843,1.2445,40.4255,43.3962,2.0474,0.562,7.507,0.4902,40.8088,38.4395,4.0033,0.2451,15.8497,0.0817,0.0817
8,文山區,政大里,0.0817,1.6076,0.109,0.1635,0.4905,45.4223,52.1253,,,,,,,,,,,43.9012,45.1893,10.9096,0.6389,44.8761,11.6535,42.4227,0.4089,,,,,5.0847,46.379,48.5362,0.1242,0.0248,0.0497,0.0497,0.0745,45.6916,0.1242,27.4398,0.0248,0.0,0.0,26.3968,,,,,,,,,,,24.4606,33.5612,41.9782,,,,,,,,,,,,,,,,,,,,,,,,,,,,,,,,,,,,,,,,,,,,,,36.1075,0.5004,14.1954,48.1169,0.395,0.6848,0.222,3.929,0.7103,1.3319,36.1154,47.9467,2.4639,0.4661,6.8147,0.3912,46.642,32.1235,3.8253,0.413,16.3443,0.1304,0.1304
8,文山區,明義里,0.0913,1.3236,0.2282,0.1369,0.6846,54.4957,43.0397,,,,,,,,,,,50.9985,38.7725,10.2289,0.452,50.8287,12.657,35.4596,0.6027,,,,,4.6468,47.8439,47.5093,0.4907,0.0,0.0981,0.0981,0.2944,50.5888,0.2453,24.632,0.0,0.0,0.0,23.5525,,,,,,,,,,,28.8478,28.7637,42.3886,,,,,,,,,,,,,,,,,,,,,,,,,,,,,,,,,,,,,,,,,,,,,,35.7715,0.7014,8.0661,54.6092,0.4008,0.4509,0.3484,4.4522,0.8904,1.1614,31.3589,48.8966,3.4456,0.6969,8.7495,1.4958,46.9864,30.7083,3.6516,0.132,16.938,0.044,0.044
8,文山區,明興里,0.1017,1.1439,0.1779,0.1779,0.4067,48.3986,49.5933,,,,,,,,,,,45.7566,42.6636,11.5798,0.5278,46.2655,11.8765,40.9871,0.3431,,,,,4.6695,49.921,45.4094,0.2966,0.0539,0.0,0.0,0.2966,48.0723,0.1618,26.4492,0.027,0.027,0.027,24.5888,,,,,,,,,,,25.9549,29.6323,44.4128,,,,,,,,,,,,,,,,,,,,,,,,,,,,,,,,,,,,,,,,,,,,,,36.1039,0.6494,11.1429,51.1429,0.3896,0.5714,0.2292,4.584,0.6418,0.7334,32.7756,50.9053,2.1545,0.5272,7.449,0.6763,49.1546,29.7101,3.5507,0.1932,16.3768,0.1932,0.1449
8,文山區,景仁里,0.0353,0.988,0.2117,0.0706,0.5646,46.5773,51.5526,,,,,,,,,,,42.4152,44.987,12.5978,0.7991,47.3665,13.4036,37.7406,0.6902,,,,,4.9447,49.0111,46.0442,0.1601,0.0,0.032,0.0,0.1281,48.6711,0.2241,25.3282,0.0,0.0961,0.0,25.3602,,,,,,,,,,,23.3585,31.5172,45.1243,,,,,,,,,,,,,,,,,,,,,,,,,,,,,,,,,,,,,,,,,,,,,,36.2154,0.6826,13.3485,48.3125,0.2655,1.1756,0.2644,4.3478,0.8519,1.0576,34.4888,50.2938,2.1152,0.6169,5.9636,0.601,48.9983,32.2839,3.8638,0.1431,13.8809,0.1145,0.1145
8,文山區,景慶里,0.1299,1.3506,0.2597,0.1299,0.6494,44.6753,52.8052,,,,,,,,,,,41.0564,47.2638,11.6798,0.3663,43.956,15.3564,39.8704,0.4508,,,,,4.312,45.7122,49.9758,0.2008,0.0574,0.0,0.0287,0.0574,45.9839,0.2582,26.7068,0.0287,0.0287,0.0287,26.6208,,,,,,,,,,,25.0524,33.5079,41.4398,,,,,,,,,,,,,,,,,,,,,,,,,,,,,,,,,,,,,,,,,,,,,,38.1361,0.719,12.2788,47.0409,0.4425,1.3827,0.2463,3.8916,0.7143,0.936,39.0148,47.0443,2.0936,0.3941,5.665,0.4525,44.8762,35.5869,3.4868,0.2396,15.1717,0.1331,0.0532
8,文山區,景東里,0.1265,1.3917,0.3036,0.1518,0.7085,48.6083,48.7095,,,,,,,,,,,47.2101,40.936,11.8539,0.444,47.0097,11.8569,40.1933,0.4962,,,,,4.66,50.9476,44.3924,0.3257,0.0,0.0814,0.0543,0.1629,50.5429,0.1086,24.6743,0.0271,0.0543,0.0,23.9685,,,,,,,,,,,25.6072,29.4471,44.9456,,,,,,,,,,,,,,,,,,,,,,,,,,,,,,,,,,,,,,,,,,,,,,33.8017,0.5985,11.7096,51.1579,0.6505,2.0817,0.316,4.6716,0.7222,0.835,32.5886,52.1327,2.0763,0.4288,6.2288,0.6846,50.3777,29.7923,2.9981,0.2125,15.7932,0.0472,0.0944
8,文山區,景美里,0.0647,1.0036,0.1942,0.1295,0.5503,44.6747,53.383,,,,,,,,,,,41.7687,46.7347,11.4966,0.706,44.8994,16.0607,37.6633,0.6707,,,,,4.173,46.8779,48.9491,0.2941,0.0368,0.0368,0.0,0.1838,45.9559,0.2574,23.4191,0.0,0.0,0.0368,29.7794,,,,,,,,,,,24.7101,34.5683,40.7216,,,,,,,,,,,,,,,,,,,,,,,,,,,,,,,,,,,,,,,,,,,,,,37.6451,0.5461,13.1058,47.6451,0.3072,0.7509,0.2773,3.9433,0.5545,0.955,37.1842,49.0758,1.8792,0.7394,5.3913,0.6549,45.1212,36.3458,3.3726,0.262,13.9817,0.0982,0.1637
8,文山區,景華里,0.1182,1.4771,0.1477,0.0591,0.7386,47.7991,49.6603,,,,,,,,,,,42.8486,45.4112,11.7402,0.2776,45.3424,14.2505,39.5743,0.5552,,,,,4.1633,49.3461,46.4905,0.0993,0.0,0.0,0.0662,0.0331,48.3775,0.0662,24.4702,0.0331,0.0331,0.0,26.8212,,,,,,,,,,,24.6643,32.195,43.1407,,,,,,,,,,,,,,,,,,,,,,,,,,,,,,,,,,,,,,,,,,,,,,35.2516,0.6327,12.9858,49.4727,0.3616,1.2956,0.2148,4.4564,0.8859,1.1007,35.0336,49.8523,2.3087,0.4564,5.6913,0.503,46.7751,33.9053,3.2544,0.1775,15.2663,0.0592,0.0592
8,文山區,景行里,0.0,1.1862,0.1031,0.1289,0.4126,38.7313,59.4379,,,,,,,,,,,36.8256,52.5668,10.6076,0.4767,39.3879,17.6367,41.9719,0.5268,,,,,4.8822,42.0128,53.1049,0.3228,0.0,0.0,0.0,0.0745,41.1473,0.149,27.2908,0.0745,0.0248,0.0,30.9163,,,,,,,,,,,26.213,36.3675,37.4195,,,,,,,,,,,,,,,,,,,,,,,,,,,,,,,,,,,,,,,,,,,,,,41.3206,0.6124,14.377,41.4537,0.2929,1.9436,0.2611,4.678,0.5004,1.0661,40.8181,42.9939,2.2193,0.5222,6.9408,0.4154,39.8338,38.9812,3.498,0.2186,16.9655,0.0219,0.0656
8,文山區,木新里,0.171,1.0638,0.114,0.095,0.6269,43.3321,54.5973,,,,,,,,,,,39.6953,50.127,10.1778,0.5391,43.2926,15.9859,39.7263,0.4561,,,,,3.8926,44.8241,51.2834,0.3333,0.0,0.0417,0.0,0.125,44.7708,0.0625,24.8958,0.0,0.0417,0.0208,29.7083,,,,,,,,,,,24.3735,34.5232,41.1033,,,,,,,,,,,,,,,,,,,,,,,,,,,,,,,,,,,,,,,,,,,,,,42.702,0.8493,11.9889,43.3735,0.395,0.6913,0.2063,3.9202,0.6018,0.9972,39.4429,45.2889,2.3384,0.4814,6.7228,0.5319,44.1123,37.3074,3.2282,0.1834,14.4534,0.1101,0.0734
8,文山區,木柵里,0.0786,1.219,0.1376,0.0786,0.5702,53.7751,44.1408,,,,,,,,,,,50.8216,38.2103,10.9681,0.3859,53.4525,9.9716,35.723,0.4671,,,,,4.3746,54.3043,41.3212,0.3268,0.0384,0.0192,0.0384,0.0577,52.6913,0.2691,25.1057,0.0384,0.0577,0.0,21.3572,,,,,,,,,,,23.8811,27.5475,48.5714,,,,,,,,,,,,,,,,,,,,,,,,,,,,,,,,,,,,,,,,,,,,,,31.6253,0.5604,11.5693,54.7638,0.4203,1.0608,0.1238,3.5203,0.7076,0.9199,31.2931,55.1212,1.822,0.4776,6.0145,0.5073,52.8407,28.441,3.4325,0.1522,14.4403,0.0845,0.1015
8,文山區,樟文里,0.1382,1.2718,0.0829,0.0829,0.5529,44.8714,52.9997,,,,,,,,,,,41.6995,47.0737,11.2268,0.377,44.6926,14.9652,39.4432,0.522,,,,,3.6546,45.8824,50.4631,0.1497,0.0,0.0599,0.0299,0.1497,47.8586,0.0898,22.5816,0.0,0.0299,0.0299,29.0207,,,,,,,,,,,24.6227,33.6775,41.6998,,,,,,,,,,,,,,,,,,,,,,,,,,,,,,,,,,,,,,,,,,,,,,39.1892,0.575,12.2197,46.5497,0.6901,0.7763,0.2027,4.0547,0.6842,1.0137,38.368,47.1363,2.2048,0.5829,5.7527,0.701,46.131,35.6161,2.804,0.1887,14.3165,0.2157,0.027
8,文山區,樟新里,0.0919,1.3166,0.2449,0.0306,0.8879,47.0912,50.3368,,,,,,,,,,,43.0844,45.3247,11.5909,0.6412,47.0022,13.2094,38.7624,0.3847,,,,,4.6419,48.3159,47.0422,0.2943,0.0654,0.0654,0.0,0.2616,49.0844,0.0981,26.4225,0.0654,0.0654,0.0327,23.5448,,,,,,,,,,,25.8785,29.4223,44.6992,,,,,,,,,,,,,,,,,,,,,,,,,,,,,,,,,,,,,,,,,,,,,,34.3984,0.4565,13.4007,50.0489,0.7173,0.9782,0.3135,4.1892,0.7694,0.741,34.9957,49.9858,1.8809,0.627,6.4976,0.7592,48.7094,30.3371,3.6441,0.1215,16.3377,0.0304,0.0607
8,文山區,樟林里,0.123,1.2503,0.205,0.123,0.9633,49.5183,47.8172,,,,,,,,,,,46.5398,41.1666,12.2935,0.4429,49.1776,12.3998,37.4947,0.485,,,,,4.659,50.5963,44.7447,0.1582,0.0226,0.0226,0.0,0.2937,51.446,0.2033,23.4975,0.0678,0.0452,0.0,24.2431,,,,,,,,,,,25.108,29.8783,45.0137,,,,,,,,,,,,,,,,,,,,,,,,,,,,,,,,,,,,,,,,,,,,,,34.8734,0.4852,11.8143,51.097,0.4852,1.2447,0.3597,4.9981,0.7762,0.9087,32.8663,51.1549,1.8364,0.6058,6.4938,0.419,49.2418,31.3847,3.1923,0.1995,15.3631,0.0998,0.0998
8,文山區,樟樹里,0.1043,1.3561,0.0695,0.0695,0.5216,45.8623,52.0167,,,,,,,,,,,41.8136,47.1033,11.0831,0.28,43.7522,14.8757,40.882,0.21,,,,,4.8633,45.1367,50.0,0.1572,0.0393,0.0393,0.0,0.0786,47.0912,0.2752,23.978,0.0393,0.0393,0.0,28.2626,,,,,,,,,,,26.0014,32.7477,41.2509,,,,,,,,,,,,,,,,,,,,,,,,,,,,,,,,,,,,,,,,,,,,,,38.4108,0.476,12.3764,47.4918,0.6591,0.5859,0.1614,4.7465,0.5812,0.5489,36.5192,47.7882,2.0665,0.3229,7.2651,0.6795,45.422,33.9413,3.505,0.2861,16.0229,0.0715,0.0715
8,文山區,樟腳里,0.0314,1.0351,0.0627,0.1568,0.6587,43.4755,54.5797,,,,,,,,,,,41.5176,47.7175,10.765,0.3859,43.6656,14.0836,41.3183,0.5466,,,,,4.7776,45.3871,49.8353,0.2321,0.0,0.0,0.0,0.1658,46.8833,0.0663,25.5305,0.0,0.1658,0.0,26.9562,,,,,,,,,,,26.152,32.1065,41.7415,,,,,,,,,,,,,,,,,,,,,,,,,,,,,,,,,,,,,,,,,,,,,,40.044,0.6606,12.3624,46.1466,0.3775,0.4089,0.2225,4.3103,0.6674,0.723,37.069,46.7464,2.8087,0.6118,6.8409,0.4866,45.1642,35.4319,2.6764,0.1825,15.9063,0.1217,0.0304
8,文山區,老泉里,0.3597,0.1799,0.1799,0.0,0.1799,30.2158,68.8849,,,,,,,,,,,26.0194,65.8252,8.1553,0.9434,28.1132,28.1132,42.4528,0.3774,,,,,2.3339,31.9569,65.7092,0.5484,0.1828,0.0,0.0,0.5484,30.8958,0.0,23.5832,0.0,0.0,0.0,44.2413,,,,,,,,,,,23.1203,47.9323,28.9474,,,,,,,,,,,,,,,,,,,,,,,,,,,,,,,,,,,,,,,,,,,,,,66.998,0.994,7.9523,23.2604,0.0,0.7952,0.1802,2.5225,0.5405,1.2613,54.2342,33.5135,2.5225,0.0,5.2252,0.3831,34.0996,54.2146,2.1073,0.0,9.1954,0.0,0.0
8,文山區,興光里,0.3026,1.0086,0.3026,0.1513,0.4539,48.6132,49.1679,,,,,,,,,,,47.0284,43.2041,9.7674,0.3761,47.8238,11.7141,39.7098,0.3761,,,,,4.6664,51.0033,44.3304,0.2927,0.0,0.0976,0.0,0.1951,49.5122,0.1951,25.8537,0.0,0.0,0.0488,23.8049,,,,,,,,,,,25.1037,30.9959,43.9004,,,,,,,,,,,,,,,,,,,,,,,,,,,,,,,,,,,,,,,,,,,,,,34.9974,0.4729,11.9285,51.4976,0.2627,0.8408,0.1887,4.9057,0.5189,0.7547,33.1604,51.2736,1.7453,0.4245,7.0283,0.5074,46.4693,31.7125,3.0867,0.2114,17.759,0.1691,0.0846
8,文山區,興安里,0.0536,1.5533,0.1071,0.0803,0.4821,52.3032,45.4205,,,,,,,,,,,50.1882,37.957,11.8548,0.3421,51.2368,11.0526,36.8684,0.5,,,,,4.0383,53.525,42.4367,0.3937,0.0262,0.0,0.0,0.0787,52.6247,0.0787,23.1759,0.0,0.0,0.0,23.622,,,,,,,,,,,23.8287,29.0582,47.1131,,,,,,,,,,,,,,,,,,,,,,,,,,,,,,,,,,,,,,,,,,,,,,30.4065,0.542,11.897,55.8537,0.271,1.0298,0.253,4.5089,0.6671,0.7131,32.4592,53.9452,1.9324,0.5521,4.9689,0.409,51.0828,29.7883,3.3446,0.1925,15.1107,0.0481,0.0241
8,文山區,興家里,0.1372,1.3721,0.0915,0.2058,0.526,49.92,47.7475,,,,,,,,,,,45.5359,41.5882,12.8758,0.6269,48.5257,11.3072,38.8437,0.6965,,,,,4.5227,50.2301,45.2471,0.147,0.049,0.049,0.0,0.2205,51.3845,0.147,25.0184,0.0245,0.049,0.049,22.862,,,,,,,,,,,26.1817,28.5776,45.2407,,,,,,,,,,,,,,,,,,,,,,,,,,,,,,,,,,,,,,,,,,,,,,33.9548,0.6292,11.2561,52.9946,0.3729,0.7924,0.1019,4.3017,0.4893,0.8155,32.6402,52.7217,2.0795,0.5097,6.3405,0.5513,51.8412,28.2911,3.6604,0.2205,15.2811,0.1103,0.0441
8,文山區,興得里,0.1159,1.6807,0.0869,0.0869,0.7534,49.9855,47.2906,,,,,,,,,,,46.4711,42.6953,10.8336,0.5826,47.3781,13.0635,38.4545,0.5213,,,,,4.3456,49.4145,46.2399,0.3015,0.0,0.0,0.0,0.1206,50.3166,0.1206,24.9623,0.0301,0.0301,0.0301,24.088,,,,,,,,,,,25.2557,30.5271,44.2172,,,,,,,,,,,,,,,,,,,,,,,,,,,,,,,,,,,,,,,,,,,,,,33.6666,0.9703,11.5554,52.4552,0.3822,0.9703,0.2634,5.1106,0.3952,0.8957,34.1149,49.6575,2.1075,0.7113,6.7439,0.6438,47.8004,30.7403,3.1116,0.5633,17.0064,0.0536,0.0805
8,文山區,興旺里,0.0866,1.126,0.2599,0.1516,0.5414,50.8662,46.9684,,,,,,,,,,,47.8033,39.5628,12.6339,0.3365,49.5689,9.0852,40.4416,0.5678,,,,,4.9062,52.6425,42.4512,0.2372,0.0,0.0216,0.0216,0.194,51.229,0.1294,26.9944,0.0431,0.0216,0.0,21.1082,,,,,,,,,,,27.0984,27.1767,45.7249,,,,,,,,,,,,,,,,,,,,,,,,,,,,,,,,,,,,,,,,,,,,,,31.8364,0.6447,12.161,54.5353,0.3112,0.5113,0.153,4.2081,0.5738,0.9373,29.648,54.4185,2.2188,0.593,7.2494,0.6965,49.9701,27.8209,3.4826,0.1592,17.7313,0.0796,0.0597
8,文山區,興昌里,0.1063,1.3291,0.2658,0.1329,0.7709,50.9835,46.4115,,,,,,,,,,,47.1536,39.8765,12.9699,0.5083,49.7325,11.0219,38.336,0.4013,,,,,4.5744,51.8038,43.6218,0.1148,0.0287,0.0287,0.0,0.2009,50.0574,0.0574,24.2537,0.0574,0.0287,0.0,25.1722,,,,,,,,,,,23.7951,30.0782,46.1267,,,,,,,,,,,,,,,,,,,,,,,,,,,,,,,,,,,,,,,,,,,,,,30.199,0.5451,13.2189,54.6743,0.7904,0.5724,0.2869,4.1607,0.6456,1.3152,32.5442,51.9847,2.439,0.5739,6.0497,0.5424,50.3874,30.0362,3.0475,0.2841,15.5992,0.1033,0.0
8,文山區,興業里,0.1581,1.2014,0.1265,0.0632,0.6323,53.0825,44.736,,,,,,,,,,,50.2081,38.4886,11.3032,0.4338,53.0524,11.0009,34.9551,0.5578,,,,,4.153,54.1803,41.6667,0.3796,0.0,0.0,0.0,0.4486,54.3478,0.207,22.0497,0.069,0.0,0.0,22.4983,,,,,,,,,,,21.5645,28.36,50.0755,,,,,,,,,,,,,,,,,,,,,,,,,,,,,,,,,,,,,,,,,,,,,,31.1697,0.482,11.1183,55.9126,0.482,0.8355,0.1946,4.3635,0.5559,0.806,29.8499,55.9477,2.2513,0.3057,5.7254,0.4909,52.5621,27.4624,3.5287,0.2148,15.6183,0.0614,0.0614
8,文山區,興泰里,0.1685,0.8846,0.2106,0.0842,0.7582,48.6942,49.1997,,,,,,,,,,,45.7816,42.8266,11.3919,0.6642,47.4471,12.9929,38.3562,0.5396,,,,,4.386,48.627,46.987,0.1665,0.0,0.0,0.0416,0.0,47.7519,0.1665,26.1032,0.0833,0.0,0.0,25.6869,,,,,,,,,,,25.0845,31.994,42.9215,,,,,,,,,,,,,,,,,,,,,,,,,,,,,,,,,,,,,,,,,,,,,,33.1593,0.5657,12.7937,51.8712,0.7833,0.8268,0.1542,4.6261,0.6939,0.8096,34.5412,50.347,2.0046,0.347,6.4765,0.4213,46.7254,31.5205,3.6768,0.2298,17.3497,0.0766,0.0
8,文山區,興福里,0.1216,1.0642,0.1824,0.1216,0.3649,46.2147,51.9307,,,,,,,,,,,41.4484,47.3652,11.1864,0.3966,44.7834,15.1617,38.9872,0.6711,,,,,4.3681,47.6374,47.9945,0.3906,0.0,0.0,0.0,0.1302,45.2148,0.0977,25.4557,0.0651,0.0,0.0,28.6458,,,,,,,,,,,24.4464,33.8648,41.6888,,,,,,,,,,,,,,,,,,,,,,,,,,,,,,,,,,,,,,,,,,,,,,38.0864,0.497,12.1466,47.406,0.5902,1.2737,0.1656,4.2506,0.5796,0.6624,37.9244,48.1369,2.2081,0.4968,5.5755,0.7773,44.8132,34.8879,3.5874,0.4185,15.3961,0.0598,0.0598
8,文山區,興豐里,0.1032,1.3421,0.2409,0.2409,0.6882,47.9353,49.4494,,,,,,,,,,,46.2557,43.0512,10.6931,0.4353,47.8419,13.5655,37.9035,0.2539,,,,,4.8257,49.533,45.6413,0.2976,0.0,0.0,0.0,0.1116,47.8795,0.1488,23.5119,0.0372,0.1116,0.0372,27.8646,,,,,,,,,,,23.9922,32.5098,43.498,,,,,,,,,,,,,,,,,,,,,,,,,,,,,,,,,,,,,,,,,,,,,,33.8386,0.3877,12.0197,52.1678,0.5287,1.0575,0.1261,3.6582,0.6307,0.8199,35.4778,51.1826,2.176,0.5361,5.3926,0.2639,47.3441,34.2791,3.0353,0.2969,14.7146,0.066,0.0
8,文山區,興邦里,0.0718,1.1494,0.2874,0.1437,0.6825,53.6997,43.9655,,,,,,,,,,,50.2514,37.7155,12.033,0.6056,52.761,9.9751,36.3021,0.3563,,,,,4.3053,54.3511,41.3435,0.3915,0.0,0.0,0.0712,0.1779,53.879,0.1423,25.3737,0.0,0.1068,0.0,19.8577,,,,,,,,,,,24.953,25.7053,49.3417,,,,,,,,,,,,,,,,,,,,,,,,,,,,,,,,,,,,,,,,,,,,,,29.0346,0.4007,11.2933,57.8871,0.6193,0.765,0.0309,4.3613,0.6496,1.2063,29.4463,56.7275,1.6393,0.4021,5.5367,0.5764,54.3068,26.1287,2.6257,0.2241,15.8822,0.0961,0.1601
8,文山區,華興里,0.1405,1.5258,0.3212,0.1405,0.7027,48.685,48.4842,,,,,,,,,,,45.6276,42.2764,12.096,0.5454,49.0066,11.7063,38.2548,0.4869,,,,,4.5961,49.7513,45.6525,0.3316,0.0,0.0207,0.0207,0.1658,50.342,0.0622,24.7876,0.0,0.0,0.0,24.2694,,,,,,,,,,,23.5316,30.6093,45.8592,,,,,,,,,,,,,,,,,,,,,,,,,,,,,,,,,,,,,,,,,,,,,,35.865,0.5224,12.9596,49.2465,0.5224,0.8841,0.1911,4.4483,0.6429,1.1468,33.6751,50.5474,2.3632,0.5039,6.4813,0.8531,48.776,32.3071,2.8746,0.204,14.7997,0.1484,0.0371
8,文山區,萬和里,0.2077,1.0384,0.2596,0.1558,0.5711,62.2534,35.514,,,,,,,,,,,58.3419,30.2266,11.4315,0.1052,57.9916,8.8328,32.6498,0.4206,,,,,3.8567,58.2645,37.8788,0.2145,0.0,0.0536,0.0,0.2145,57.1582,0.1609,22.7882,0.0,0.0536,0.0,19.3566,,,,,,,,,,,22.8271,25.0686,52.1043,,,,,,,,,,,,,,,,,,,,,,,,,,,,,,,,,,,,,,,,,,,,,,24.147,0.4724,9.8163,64.4094,0.315,0.8399,0.2799,3.3582,0.4664,0.8862,27.3321,59.7948,2.0056,0.5597,5.3172,0.5621,57.0492,25.2927,2.9977,0.1405,13.8173,0.0468,0.0937
8,文山區,萬年里,0.0608,1.1239,0.2734,0.0911,0.8809,42.8007,54.7691,,,,,,,,,,,40.5705,48.9065,10.523,0.5183,43.8937,16.8772,38.1276,0.5831,,,,,4.869,44.3337,50.7973,0.2412,0.0345,0.1034,0.0689,0.2412,44.4176,0.2412,24.9139,0.0345,0.0,0.0345,29.6692,,,,,,,,,,,22.2727,35.2727,42.4545,,,,,,,,,,,,,,,,,,,,,,,,,,,,,,,,,,,,,,,,,,,,,,36.5753,0.7015,14.6046,46.875,0.3189,0.9247,0.4899,3.2277,0.5476,1.268,39.4236,45.6484,2.7378,0.6052,6.0519,0.803,44.1631,35.3613,3.5825,0.2162,15.6887,0.0926,0.0926
8,文山區,萬有里,0.0313,1.2207,0.1565,0.0939,0.7512,47.8873,49.8592,,,,,,,,,,,43.9462,44.2024,11.8514,0.3568,46.8699,13.9475,38.469,0.3568,,,,,4.9144,48.7024,46.3832,0.3528,0.0321,0.0321,0.0,0.4169,46.9852,0.1604,25.5933,0.0,0.0,0.0641,26.3631,,,,,,,,,,,24.1558,32.1212,43.7229,,,,,,,,,,,,,,,,,,,,,,,,,,,,,,,,,,,,,,,,,,,,,,36.5254,0.5176,12.8761,48.3986,0.4206,1.2617,0.2785,3.0911,1.086,0.8911,36.2295,49.5405,2.1164,0.7519,6.015,0.2047,45.6566,36.5311,2.8078,0.468,14.2439,0.0292,0.0585
8,文山區,萬盛里,0.0351,0.8781,0.3161,0.2459,0.4566,48.5423,49.5258,,,,,,,,,,,46.6978,41.9598,11.3424,0.4473,47.9687,13.1942,37.8681,0.5218,,,,,4.2155,49.1918,46.5927,0.2344,0.0,0.0,0.0,0.1953,47.8516,0.1172,23.7109,0.0391,0.0391,0.0,27.8125,,,,,,,,,,,23.3686,31.8756,44.7557,,,,,,,,,,,,,,,,,,,,,,,,,,,,,,,,,,,,,,,,,,,,,,31.9404,0.3634,14.2078,51.8532,0.6177,1.0174,0.3214,3.7608,0.6107,1.4143,35.487,50.9804,1.5429,0.5464,5.3359,0.4828,48.3448,32.1379,3.5862,0.3448,14.8276,0.1034,0.1724
8,文山區,萬祥里,0.1844,0.9222,0.1475,0.0,0.5533,43.5264,54.6662,,,,,,,,,,,42.2599,47.7966,9.9435,0.5088,43.1311,14.9511,41.0176,0.3914,,,,,3.9755,44.7503,51.2742,0.3604,0.0801,0.04,0.1201,0.2803,42.9716,0.1201,26.5118,0.04,0.0,0.04,29.4353,,,,,,,,,,,24.2022,35.3173,40.4805,,,,,,,,,,,,,,,,,,,,,,,,,,,,,,,,,,,,,,,,,,,,,,37.9415,0.5317,13.2548,46.8287,0.5317,0.9115,0.2406,3.3689,0.5844,0.8594,39.2575,46.614,2.0969,0.5156,6.4627,0.5123,44.1273,36.5532,3.2931,0.1464,15.0018,0.2561,0.1098
8,文山區,萬美里,0.0,0.8682,0.1788,0.1277,0.5363,49.0552,49.2339,,,,,,,,,,,44.4361,43.0765,12.4874,0.4302,48.9879,12.3735,37.753,0.4555,,,,,4.0687,51.5787,44.3526,0.3891,0.0519,0.0519,0.0259,0.2075,50.5577,0.1816,23.5538,0.1038,0.0519,0.0,24.8249,,,,,,,,,,,23.5989,30.9171,45.484,,,,,,,,,,,,,,,,,,,,,,,,,,,,,,,,,,,,,,,,,,,,,,34.3606,0.4879,13.6364,50.1284,0.4366,0.9502,0.2402,3.9092,0.7644,1.2667,32.9111,52.1948,2.2931,0.6115,5.8091,0.6452,49.5818,30.6093,3.4409,0.3345,15.2688,0.0478,0.0717
8,文山區,萬興里,0.146,1.1684,0.1878,0.1669,0.7928,42.3952,55.1429,,,,,,,,,,,42.2074,48.1138,9.6788,0.4613,44.0905,15.268,39.6749,0.5053,,,,,4.4453,45.8909,49.6638,0.237,0.1293,0.0215,0.0215,0.1508,43.7527,0.1508,27.1866,0.0215,0.0431,0.0,28.2852,,,,,,,,,,,24.246,33.6093,42.1447,,,,,,,,,,,,,,,,,,,,,,,,,,,,,,,,,,,,,,,,,,,,,,42.0017,0.4972,13.7051,42.9313,0.3459,0.5188,0.2835,3.4398,1.1151,1.3797,37.422,46.7397,2.3058,0.4536,6.8607,0.5993,44.986,34.998,3.1562,0.2397,15.7411,0.1798,0.0999
8,文山區,萬芳里,0.2188,1.247,0.3063,0.1969,0.9407,48.4358,48.6546,,,,,,,,,,,45.7053,41.4443,12.8504,0.3594,47.08,11.0961,41.0377,0.4268,,,,,4.7938,49.8126,45.3936,0.3473,0.0232,0.0,0.0463,0.301,49.0623,0.2778,26.3487,0.0232,0.0926,0.0,23.4777,,,,,,,,,,,26.0843,28.8592,45.0565,,,,,,,,,,,,,,,,,,,,,,,,,,,,,,,,,,,,,,,,,,,,,,35.5366,0.8521,12.0221,50.3224,0.5297,0.737,0.243,4.192,1.1948,0.9721,31.8145,51.6606,2.3289,0.6075,6.9866,0.5112,49.8616,29.3291,4.0895,0.2343,15.7614,0.1491,0.0639
8,文山區,萬隆里,0.0467,1.4019,0.1636,0.0701,0.5374,48.9486,48.8318,,,,,,,,,,,45.9538,42.7987,11.2476,0.7729,46.5942,12.3671,39.7101,0.5556,,,,,4.2404,50.3303,45.4294,0.2223,0.0247,0.0247,0.0247,0.1729,48.0484,0.3211,25.9881,0.0,0.0247,0.0,25.1482,,,,,,,,,,,23.7579,31.2782,44.9639,,,,,,,,,,,,,,,,,,,,,,,,,,,,,,,,,,,,,,,,,,,,,,33.9452,0.7097,11.8698,52.1292,0.4405,0.9055,0.1294,3.1695,0.4959,1.0349,34.1958,52.0052,2.0052,0.6468,6.3174,0.2765,49.47,32.0737,2.8802,0.2765,14.8387,0.1152,0.0691
8,文山區,試院里,0.0969,1.2594,0.218,0.218,0.6297,51.3199,46.2582,,,,,,,,,,,48.8588,38.0988,13.0424,0.6981,50.91,10.8202,36.9983,0.5734,,,,,4.3545,52.4742,43.1713,0.2571,0.0257,0.0514,0.0771,0.0257,50.5913,0.1285,26.6838,0.0514,0.0257,0.0771,22.0051,,,,,,,,,,,24.9481,28.3376,46.7143,,,,,,,,,,,,,,,,,,,,,,,,,,,,,,,,,,,,,,,,,,,,,,29.2899,0.5054,14.8345,54.0056,0.3285,1.0361,0.244,4.1925,0.5546,1.2866,30.7675,53.9042,2.1961,0.6433,6.2112,0.6545,50.0468,29.453,3.3193,0.2338,16.0355,0.1169,0.1403
8,文山區,順興里,0.1112,1.1566,0.1112,0.089,0.5116,44.5062,53.5142,,,,,,,,,,,40.6923,47.0197,12.2879,0.5453,44.4761,15.0782,39.5448,0.3556,,,,,4.536,46.0882,49.3758,0.2182,0.0242,0.0242,0.0485,0.1697,46.1203,0.2182,26.9641,0.0485,0.0,0.0242,26.1397,,,,,,,,,,,27.1777,32.2082,40.6141,,,,,,,,,,,,,,,,,,,,,,,,,,,,,,,,,,,,,,,,,,,,,,40.0093,0.6303,11.2512,46.662,0.4902,0.957,0.1887,4.109,0.587,0.8386,37.1488,47.1279,2.2851,0.566,7.1488,0.5338,45.5071,35.0756,2.7802,0.2002,15.7918,0.089,0.0222
